period,respondent,respondent-name,type,type-name,timezone,timezone-description,value,value-units
2026-07-23,NY,New York,DF,Day-ahead demand forecast,Eastern,Eastern,413412,megawatthours
2026-07-22,NY,New York,D,Demand,Eastern,Eastern,476647,megawatthours
2026-07-22,NY,New York,DF,Day-ahead demand forecast,Eastern,Eastern,476550,megawatthours
2026-07-22,NY,New York,NG,Net generation,Eastern,Eastern,417475,megawatthours
2026-07-22,NY,New York,TI,Total interchange,Eastern,Eastern,-59172,megawatthours
2026-07-21,NY,New York,D,Demand,Eastern,Eastern,475020,megawatthours
2026-07-21,NY,New York,DF,Day-ahead demand forecast,Eastern,Eastern,479599,megawatthours
2026-07-21,NY,New York,NG,Net generation,Eastern,Eastern,415697,megawatthours
2026-07-21,NY,New York,TI,Total interchange,Eastern,Eastern,-59323,megawatthours
2026-07-20,NY,New York,D,Demand,Eastern,Eastern,425790,megawatthours
2026-07-20,NY,New York,DF,Day-ahead demand forecast,Eastern,Eastern,415713,megawatthours
2026-07-20,NY,New York,NG,Net generation,Eastern,Eastern,363647,megawatthours
2026-07-20,NY,New York,TI,Total interchange,Eastern,Eastern,-62143,megawatthours
2026-07-19,NY,New York,D,Demand,Eastern,Eastern,412254,megawatthours
2026-07-19,NY,New York,DF,Day-ahead demand forecast,Eastern,Eastern,416755,megawatthours
2026-07-19,NY,New York,NG,Net generation,Eastern,Eastern,348692,megawatthours
2026-07-19,NY,New York,TI,Total interchange,Eastern,Eastern,-63562,megawatthours
2026-07-18,NY,New York,D,Demand,Eastern,Eastern,454595,megawatthours
2026-07-18,NY,New York,DF,Day-ahead demand forecast,Eastern,Eastern,466748,megawatthours
2026-07-18,NY,New York,NG,Net generation,Eastern,Eastern,386762,megawatthours
2026-07-18,NY,New York,TI,Total interchange,Eastern,Eastern,-67833,megawatthours
2026-07-17,NY,New York,D,Demand,Eastern,Eastern,477357,megawatthours
2026-07-17,NY,New York,DF,Day-ahead demand forecast,Eastern,Eastern,478035,megawatthours
2026-07-17,NY,New York,NG,Net generation,Eastern,Eastern,419560,megawatthours
2026-07-17,NY,New York,TI,Total interchange,Eastern,Eastern,-57797,megawatthours
2026-07-16,NY,New York,D,Demand,Eastern,Eastern,512171,megawatthours
2026-07-16,NY,New York,DF,Day-ahead demand forecast,Eastern,Eastern,543067,megawatthours
2026-07-16,NY,New York,NG,Net generation,Eastern,Eastern,465651,megawatthours
2026-07-16,NY,New York,TI,Total interchange,Eastern,Eastern,-46520,megawatthours
2026-07-15,NY,New York,D,Demand,Eastern,Eastern,581613,megawatthours
2026-07-15,NY,New York,DF,Day-ahead demand forecast,Eastern,Eastern,600604,megawatthours
2026-07-15,NY,New York,NG,Net generation,Eastern,Eastern,515926,megawatthours
2026-07-15,NY,New York,TI,Total interchange,Eastern,Eastern,-65687,megawatthours
2026-07-14,NY,New York,D,Demand,Eastern,Eastern,542800,megawatthours
2026-07-14,NY,New York,DF,Day-ahead demand forecast,Eastern,Eastern,545381,megawatthours
2026-07-14,NY,New York,NG,Net generation,Eastern,Eastern,492003,megawatthours
2026-07-14,NY,New York,TI,Total interchange,Eastern,Eastern,-50797,megawatthours
2026-07-13,NY,New York,D,Demand,Eastern,Eastern,485110,megawatthours
2026-07-13,NY,New York,DF,Day-ahead demand forecast,Eastern,Eastern,476125,megawatthours
2026-07-13,NY,New York,NG,Net generation,Eastern,Eastern,426578,megawatthours
2026-07-13,NY,New York,TI,Total interchange,Eastern,Eastern,-58532,megawatthours
2026-07-12,NY,New York,D,Demand,Eastern,Eastern,429766,megawatthours
2026-07-12,NY,New York,DF,Day-ahead demand forecast,Eastern,Eastern,428232,megawatthours
2026-07-12,NY,New York,NG,Net generation,Eastern,Eastern,365083,megawatthours
2026-07-12,NY,New York,TI,Total interchange,Eastern,Eastern,-64683,megawatthours
2026-07-11,NY,New York,D,Demand,Eastern,Eastern,457287,megawatthours
2026-07-11,NY,New York,DF,Day-ahead demand forecast,Eastern,Eastern,456579,megawatthours
2026-07-11,NY,New York,NG,Net generation,Eastern,Eastern,392608,megawatthours
2026-07-11,NY,New York,TI,Total interchange,Eastern,Eastern,-64679,megawatthours
2026-07-10,NY,New York,D,Demand,Eastern,Eastern,515623,megawatthours
2026-07-10,NY,New York,DF,Day-ahead demand forecast,Eastern,Eastern,522248,megawatthours
2026-07-10,NY,New York,NG,Net generation,Eastern,Eastern,446030,megawatthours
2026-07-10,NY,New York,TI,Total interchange,Eastern,Eastern,-69593,megawatthours
2026-07-09,NY,New York,D,Demand,Eastern,Eastern,503247,megawatthours
2026-07-09,NY,New York,DF,Day-ahead demand forecast,Eastern,Eastern,501696,megawatthours
2026-07-09,NY,New York,NG,Net generation,Eastern,Eastern,444245,megawatthours
2026-07-09,NY,New York,TI,Total interchange,Eastern,Eastern,-59002,megawatthours
2026-07-08,NY,New York,D,Demand,Eastern,Eastern,458423,megawatthours
2026-07-08,NY,New York,DF,Day-ahead demand forecast,Eastern,Eastern,439619,megawatthours
2026-07-08,NY,New York,NG,Net generation,Eastern,Eastern,400337,megawatthours
2026-07-08,NY,New York,TI,Total interchange,Eastern,Eastern,-58086,megawatthours
2026-07-07,NY,New York,D,Demand,Eastern,Eastern,426784,megawatthours
2026-07-07,NY,New York,DF,Day-ahead demand forecast,Eastern,Eastern,439780,megawatthours
2026-07-07,NY,New York,NG,Net generation,Eastern,Eastern,375060,megawatthours
2026-07-07,NY,New York,TI,Total interchange,Eastern,Eastern,-51724,megawatthours
2026-07-06,NY,New York,D,Demand,Eastern,Eastern,459167,megawatthours
2026-07-06,NY,New York,DF,Day-ahead demand forecast,Eastern,Eastern,455140,megawatthours
2026-07-06,NY,New York,NG,Net generation,Eastern,Eastern,388870,megawatthours
2026-07-06,NY,New York,TI,Total interchange,Eastern,Eastern,-70297,megawatthours
2026-07-05,NY,New York,D,Demand,Eastern,Eastern,486394,megawatthours
2026-07-05,NY,New York,DF,Day-ahead demand forecast,Eastern,Eastern,478783,megawatthours
2026-07-05,NY,New York,NG,Net generation,Eastern,Eastern,401363,megawatthours
2026-07-05,NY,New York,TI,Total interchange,Eastern,Eastern,-85031,megawatthours
2026-07-04,NY,New York,D,Demand,Eastern,Eastern,550294,megawatthours
2026-07-04,NY,New York,DF,Day-ahead demand forecast,Eastern,Eastern,557159,megawatthours
2026-07-04,NY,New York,NG,Net generation,Eastern,Eastern,471930,megawatthours
2026-07-04,NY,New York,TI,Total interchange,Eastern,Eastern,-78364,megawatthours
2026-07-03,NY,New York,D,Demand,Eastern,Eastern,611504,megawatthours
2026-07-03,NY,New York,DF,Day-ahead demand forecast,Eastern,Eastern,618955,megawatthours
2026-07-03,NY,New York,NG,Net generation,Eastern,Eastern,529872,megawatthours
2026-07-03,NY,New York,TI,Total interchange,Eastern,Eastern,-81632,megawatthours
2026-07-02,NY,New York,D,Demand,Eastern,Eastern,625158,megawatthours
2026-07-02,NY,New York,DF,Day-ahead demand forecast,Eastern,Eastern,616712,megawatthours
2026-07-02,NY,New York,NG,Net generation,Eastern,Eastern,557377,megawatthours
2026-07-02,NY,New York,TI,Total interchange,Eastern,Eastern,-67781,megawatthours
2026-07-01,NY,New York,D,Demand,Eastern,Eastern,569867,megawatthours
2026-07-01,NY,New York,DF,Day-ahead demand forecast,Eastern,Eastern,572367,megawatthours
2026-07-01,NY,New York,NG,Net generation,Eastern,Eastern,508754,megawatthours
2026-07-01,NY,New York,TI,Total interchange,Eastern,Eastern,-61113,megawatthours
2026-06-30,NY,New York,D,Demand,Eastern,Eastern,522414,megawatthours
2026-06-30,NY,New York,DF,Day-ahead demand forecast,Eastern,Eastern,520581,megawatthours
2026-06-30,NY,New York,NG,Net generation,Eastern,Eastern,468013,megawatthours
2026-06-30,NY,New York,TI,Total interchange,Eastern,Eastern,-54401,megawatthours
2026-06-29,NY,New York,D,Demand,Eastern,Eastern,484364,megawatthours
2026-06-29,NY,New York,DF,Day-ahead demand forecast,Eastern,Eastern,467069,megawatthours
2026-06-29,NY,New York,NG,Net generation,Eastern,Eastern,417883,megawatthours
2026-06-29,NY,New York,TI,Total interchange,Eastern,Eastern,-66481,megawatthours
2026-06-28,NY,New York,D,Demand,Eastern,Eastern,423240,megawatthours
2026-06-28,NY,New York,DF,Day-ahead demand forecast,Eastern,Eastern,415234,megawatthours
2026-06-28,NY,New York,NG,Net generation,Eastern,Eastern,358498,megawatthours
2026-06-28,NY,New York,TI,Total interchange,Eastern,Eastern,-64742,megawatthours
2026-06-27,NY,New York,D,Demand,Eastern,Eastern,414385,megawatthours
2026-06-27,NY,New York,DF,Day-ahead demand forecast,Eastern,Eastern,406053,megawatthours
2026-06-27,NY,New York,NG,Net generation,Eastern,Eastern,351849,megawatthours
2026-06-27,NY,New York,TI,Total interchange,Eastern,Eastern,-62536,megawatthours
2026-06-26,NY,New York,D,Demand,Eastern,Eastern,439581,megawatthours
2026-06-26,NY,New York,DF,Day-ahead demand forecast,Eastern,Eastern,441479,megawatthours
2026-06-26,NY,New York,NG,Net generation,Eastern,Eastern,374689,megawatthours
2026-06-26,NY,New York,TI,Total interchange,Eastern,Eastern,-64892,megawatthours
2026-06-25,NY,New York,D,Demand,Eastern,Eastern,431107,megawatthours
2026-06-25,NY,New York,DF,Day-ahead demand forecast,Eastern,Eastern,422028,megawatthours
2026-06-25,NY,New York,NG,Net generation,Eastern,Eastern,370091,megawatthours
2026-06-25,NY,New York,TI,Total interchange,Eastern,Eastern,-61016,megawatthours
2026-06-24,NY,New York,D,Demand,Eastern,Eastern,406722,megawatthours
2026-06-24,NY,New York,DF,Day-ahead demand forecast,Eastern,Eastern,399567,megawatthours
2026-06-24,NY,New York,NG,Net generation,Eastern,Eastern,353892,megawatthours
2026-06-24,NY,New York,TI,Total interchange,Eastern,Eastern,-52830,megawatthours
2026-06-23,NY,New York,D,Demand,Eastern,Eastern,409777,megawatthours
2026-06-23,NY,New York,DF,Day-ahead demand forecast,Eastern,Eastern,417196,megawatthours
2026-06-23,NY,New York,NG,Net generation,Eastern,Eastern,355020,megawatthours
2026-06-23,NY,New York,TI,Total interchange,Eastern,Eastern,-54757,megawatthours
2026-06-22,NY,New York,D,Demand,Eastern,Eastern,425162,megawatthours
2026-06-22,NY,New York,DF,Day-ahead demand forecast,Eastern,Eastern,405971,megawatthours
2026-06-22,NY,New York,NG,Net generation,Eastern,Eastern,362562,megawatthours
2026-06-22,NY,New York,TI,Total interchange,Eastern,Eastern,-62600,megawatthours
2026-06-21,NY,New York,D,Demand,Eastern,Eastern,382267,megawatthours
2026-06-21,NY,New York,DF,Day-ahead demand forecast,Eastern,Eastern,368083,megawatthours
2026-06-21,NY,New York,NG,Net generation,Eastern,Eastern,326694,megawatthours
2026-06-21,NY,New York,TI,Total interchange,Eastern,Eastern,-55573,megawatthours
2026-06-20,NY,New York,D,Demand,Eastern,Eastern,381250,megawatthours
2026-06-20,NY,New York,DF,Day-ahead demand forecast,Eastern,Eastern,370114,megawatthours
2026-06-20,NY,New York,NG,Net generation,Eastern,Eastern,334863,megawatthours
2026-06-20,NY,New York,TI,Total interchange,Eastern,Eastern,-46387,megawatthours
2026-06-19,NY,New York,D,Demand,Eastern,Eastern,416595,megawatthours
2026-06-19,NY,New York,DF,Day-ahead demand forecast,Eastern,Eastern,407594,megawatthours
2026-06-19,NY,New York,NG,Net generation,Eastern,Eastern,378780,megawatthours
2026-06-19,NY,New York,TI,Total interchange,Eastern,Eastern,-37815,megawatthours
2026-06-18,NY,New York,D,Demand,Eastern,Eastern,450741,megawatthours
2026-06-18,NY,New York,DF,Day-ahead demand forecast,Eastern,Eastern,446180,megawatthours
2026-06-18,NY,New York,NG,Net generation,Eastern,Eastern,403200,megawatthours
2026-06-18,NY,New York,TI,Total interchange,Eastern,Eastern,-47541,megawatthours
2026-06-17,NY,New York,D,Demand,Eastern,Eastern,405213,megawatthours
2026-06-17,NY,New York,DF,Day-ahead demand forecast,Eastern,Eastern,398084,megawatthours
2026-06-17,NY,New York,NG,Net generation,Eastern,Eastern,359940,megawatthours
2026-06-17,NY,New York,TI,Total interchange,Eastern,Eastern,-45273,megawatthours
2026-06-16,NY,New York,D,Demand,Eastern,Eastern,379873,megawatthours
2026-06-16,NY,New York,DF,Day-ahead demand forecast,Eastern,Eastern,387329,megawatthours
2026-06-16,NY,New York,NG,Net generation,Eastern,Eastern,325568,megawatthours
2026-06-16,NY,New York,TI,Total interchange,Eastern,Eastern,-54305,megawatthours
2026-06-15,NY,New York,D,Demand,Eastern,Eastern,415978,megawatthours
2026-06-15,NY,New York,DF,Day-ahead demand forecast,Eastern,Eastern,416976,megawatthours
2026-06-15,NY,New York,NG,Net generation,Eastern,Eastern,372241,megawatthours
2026-06-15,NY,New York,TI,Total interchange,Eastern,Eastern,-43737,megawatthours
2026-06-14,NY,New York,D,Demand,Eastern,Eastern,455682,megawatthours
2026-06-14,NY,New York,DF,Day-ahead demand forecast,Eastern,Eastern,437366,megawatthours
2026-06-14,NY,New York,NG,Net generation,Eastern,Eastern,398553,megawatthours
2026-06-14,NY,New York,TI,Total interchange,Eastern,Eastern,-57129,megawatthours
2026-06-13,NY,New York,D,Demand,Eastern,Eastern,457863,megawatthours
2026-06-13,NY,New York,DF,Day-ahead demand forecast,Eastern,Eastern,449137,megawatthours
2026-06-13,NY,New York,NG,Net generation,Eastern,Eastern,415052,megawatthours
2026-06-13,NY,New York,TI,Total interchange,Eastern,Eastern,-42811,megawatthours
2026-06-12,NY,New York,D,Demand,Eastern,Eastern,536765,megawatthours
2026-06-12,NY,New York,DF,Day-ahead demand forecast,Eastern,Eastern,540291,megawatthours
2026-06-12,NY,New York,NG,Net generation,Eastern,Eastern,488275,megawatthours
2026-06-12,NY,New York,TI,Total interchange,Eastern,Eastern,-48490,megawatthours
2026-06-11,NY,New York,D,Demand,Eastern,Eastern,532166,megawatthours
2026-06-11,NY,New York,DF,Day-ahead demand forecast,Eastern,Eastern,518994,megawatthours
2026-06-11,NY,New York,NG,Net generation,Eastern,Eastern,488021,megawatthours
2026-06-11,NY,New York,TI,Total interchange,Eastern,Eastern,-44145,megawatthours
2026-06-10,NY,New York,D,Demand,Eastern,Eastern,463567,megawatthours
2026-06-10,NY,New York,DF,Day-ahead demand forecast,Eastern,Eastern,443672,megawatthours
2026-06-10,NY,New York,NG,Net generation,Eastern,Eastern,422264,megawatthours
2026-06-10,NY,New York,TI,Total interchange,Eastern,Eastern,-41303,megawatthours
2026-06-09,NY,New York,D,Demand,Eastern,Eastern,411046,megawatthours
2026-06-09,NY,New York,DF,Day-ahead demand forecast,Eastern,Eastern,407614,megawatthours
2026-06-09,NY,New York,NG,Net generation,Eastern,Eastern,368439,megawatthours
2026-06-09,NY,New York,TI,Total interchange,Eastern,Eastern,-42607,megawatthours
2026-06-08,NY,New York,D,Demand,Eastern,Eastern,396618,megawatthours
2026-06-08,NY,New York,DF,Day-ahead demand forecast,Eastern,Eastern,390276,megawatthours
2026-06-08,NY,New York,NG,Net generation,Eastern,Eastern,346515,megawatthours
2026-06-08,NY,New York,TI,Total interchange,Eastern,Eastern,-50103,megawatthours
2026-06-07,NY,New York,D,Demand,Eastern,Eastern,411735,megawatthours
2026-06-07,NY,New York,DF,Day-ahead demand forecast,Eastern,Eastern,398169,megawatthours
2026-06-07,NY,New York,NG,Net generation,Eastern,Eastern,350175,megawatthours
2026-06-07,NY,New York,TI,Total interchange,Eastern,Eastern,-61560,megawatthours
2026-06-06,NY,New York,D,Demand,Eastern,Eastern,434983,megawatthours
2026-06-06,NY,New York,DF,Day-ahead demand forecast,Eastern,Eastern,429767,megawatthours
2026-06-06,NY,New York,NG,Net generation,Eastern,Eastern,383870,megawatthours
2026-06-06,NY,New York,TI,Total interchange,Eastern,Eastern,-51113,megawatthours
2026-06-05,NY,New York,D,Demand,Eastern,Eastern,428309,megawatthours
2026-06-05,NY,New York,DF,Day-ahead demand forecast,Eastern,Eastern,423522,megawatthours
2026-06-05,NY,New York,NG,Net generation,Eastern,Eastern,382140,megawatthours
2026-06-05,NY,New York,TI,Total interchange,Eastern,Eastern,-46169,megawatthours
2026-06-04,NY,New York,D,Demand,Eastern,Eastern,395732,megawatthours
2026-06-04,NY,New York,DF,Day-ahead demand forecast,Eastern,Eastern,384458,megawatthours
2026-06-04,NY,New York,NG,Net generation,Eastern,Eastern,347718,megawatthours
2026-06-04,NY,New York,TI,Total interchange,Eastern,Eastern,-48014,megawatthours
2026-06-03,NY,New York,D,Demand,Eastern,Eastern,373297,megawatthours
2026-06-03,NY,New York,DF,Day-ahead demand forecast,Eastern,Eastern,349762,megawatthours
2026-06-03,NY,New York,NG,Net generation,Eastern,Eastern,334726,megawatthours
2026-06-03,NY,New York,TI,Total interchange,Eastern,Eastern,-38571,megawatthours
2026-06-02,NY,New York,D,Demand,Eastern,Eastern,346961,megawatthours
2026-06-02,NY,New York,DF,Day-ahead demand forecast,Eastern,Eastern,341300,megawatthours
2026-06-02,NY,New York,NG,Net generation,Eastern,Eastern,302177,megawatthours
2026-06-02,NY,New York,TI,Total interchange,Eastern,Eastern,-44784,megawatthours
2026-06-01,NY,New York,D,Demand,Eastern,Eastern,340552,megawatthours
2026-06-01,NY,New York,DF,Day-ahead demand forecast,Eastern,Eastern,327978,megawatthours
2026-06-01,NY,New York,NG,Net generation,Eastern,Eastern,297836,megawatthours
2026-06-01,NY,New York,TI,Total interchange,Eastern,Eastern,-42716,megawatthours
2026-05-31,NY,New York,D,Demand,Eastern,Eastern,312799,megawatthours
2026-05-31,NY,New York,DF,Day-ahead demand forecast,Eastern,Eastern,306173,megawatthours
2026-05-31,NY,New York,NG,Net generation,Eastern,Eastern,279269,megawatthours
2026-05-31,NY,New York,TI,Total interchange,Eastern,Eastern,-33530,megawatthours
2026-05-30,NY,New York,D,Demand,Eastern,Eastern,313734,megawatthours
2026-05-30,NY,New York,DF,Day-ahead demand forecast,Eastern,Eastern,309403,megawatthours
2026-05-30,NY,New York,NG,Net generation,Eastern,Eastern,287737,megawatthours
2026-05-30,NY,New York,TI,Total interchange,Eastern,Eastern,-25997,megawatthours
2026-05-29,NY,New York,D,Demand,Eastern,Eastern,354028,megawatthours
2026-05-29,NY,New York,DF,Day-ahead demand forecast,Eastern,Eastern,346688,megawatthours
2026-05-29,NY,New York,NG,Net generation,Eastern,Eastern,331026,megawatthours
2026-05-29,NY,New York,TI,Total interchange,Eastern,Eastern,-23002,megawatthours
2026-05-28,NY,New York,D,Demand,Eastern,Eastern,375518,megawatthours
2026-05-28,NY,New York,DF,Day-ahead demand forecast,Eastern,Eastern,359998,megawatthours
2026-05-28,NY,New York,NG,Net generation,Eastern,Eastern,343335,megawatthours
2026-05-28,NY,New York,TI,Total interchange,Eastern,Eastern,-32183,megawatthours
2026-05-27,NY,New York,D,Demand,Eastern,Eastern,392603,megawatthours
2026-05-27,NY,New York,DF,Day-ahead demand forecast,Eastern,Eastern,390937,megawatthours
2026-05-27,NY,New York,NG,Net generation,Eastern,Eastern,360633,megawatthours
2026-05-27,NY,New York,TI,Total interchange,Eastern,Eastern,-31970,megawatthours
2026-05-26,NY,New York,D,Demand,Eastern,Eastern,362512,megawatthours
2026-05-26,NY,New York,DF,Day-ahead demand forecast,Eastern,Eastern,365360,megawatthours
2026-05-26,NY,New York,NG,Net generation,Eastern,Eastern,329970,megawatthours
2026-05-26,NY,New York,TI,Total interchange,Eastern,Eastern,-32542,megawatthours
2026-05-25,NY,New York,D,Demand,Eastern,Eastern,329585,megawatthours
2026-05-25,NY,New York,DF,Day-ahead demand forecast,Eastern,Eastern,334612,megawatthours
2026-05-25,NY,New York,NG,Net generation,Eastern,Eastern,290595,megawatthours
2026-05-25,NY,New York,TI,Total interchange,Eastern,Eastern,-38990,megawatthours
2026-05-24,NY,New York,D,Demand,Eastern,Eastern,335688,megawatthours
2026-05-24,NY,New York,DF,Day-ahead demand forecast,Eastern,Eastern,323429,megawatthours
2026-05-24,NY,New York,NG,Net generation,Eastern,Eastern,311841,megawatthours
2026-05-24,NY,New York,TI,Total interchange,Eastern,Eastern,-23847,megawatthours
2026-05-23,NY,New York,D,Demand,Eastern,Eastern,340533,megawatthours
2026-05-23,NY,New York,DF,Day-ahead demand forecast,Eastern,Eastern,323383,megawatthours
2026-05-23,NY,New York,NG,Net generation,Eastern,Eastern,299527,megawatthours
2026-05-23,NY,New York,TI,Total interchange,Eastern,Eastern,-41006,megawatthours
2026-05-22,NY,New York,D,Demand,Eastern,Eastern,335007,megawatthours
2026-05-22,NY,New York,DF,Day-ahead demand forecast,Eastern,Eastern,337255,megawatthours
2026-05-22,NY,New York,NG,Net generation,Eastern,Eastern,291766,megawatthours
2026-05-22,NY,New York,TI,Total interchange,Eastern,Eastern,-43241,megawatthours
2026-05-21,NY,New York,D,Demand,Eastern,Eastern,367875,megawatthours
2026-05-21,NY,New York,DF,Day-ahead demand forecast,Eastern,Eastern,365514,megawatthours
2026-05-21,NY,New York,NG,Net generation,Eastern,Eastern,317257,megawatthours
2026-05-21,NY,New York,TI,Total interchange,Eastern,Eastern,-50618,megawatthours
2026-05-20,NY,New York,D,Demand,Eastern,Eastern,478266,megawatthours
2026-05-20,NY,New York,DF,Day-ahead demand forecast,Eastern,Eastern,456169,megawatthours
2026-05-20,NY,New York,NG,Net generation,Eastern,Eastern,431138,megawatthours
2026-05-20,NY,New York,TI,Total interchange,Eastern,Eastern,-47128,megawatthours
2026-05-19,NY,New York,D,Demand,Eastern,Eastern,481122,megawatthours
2026-05-19,NY,New York,NG,Net generation,Eastern,Eastern,441498,megawatthours
2026-05-19,NY,New York,TI,Total interchange,Eastern,Eastern,-39624,megawatthours
2026-05-18,NY,New York,D,Demand,Eastern,Eastern,436576,megawatthours
2026-05-18,NY,New York,DF,Day-ahead demand forecast,Eastern,Eastern,399667,megawatthours
2026-05-18,NY,New York,NG,Net generation,Eastern,Eastern,308540,megawatthours
2026-05-17,NY,New York,D,Demand,Eastern,Eastern,352433,megawatthours
2026-05-17,NY,New York,DF,Day-ahead demand forecast,Eastern,Eastern,344273,megawatthours
2026-05-17,NY,New York,NG,Net generation,Eastern,Eastern,306240,megawatthours
2026-05-17,NY,New York,TI,Total interchange,Eastern,Eastern,-46193,megawatthours
2026-05-16,NY,New York,D,Demand,Eastern,Eastern,316663,megawatthours
2026-05-16,NY,New York,DF,Day-ahead demand forecast,Eastern,Eastern,312545,megawatthours
2026-05-16,NY,New York,NG,Net generation,Eastern,Eastern,288550,megawatthours
2026-05-16,NY,New York,TI,Total interchange,Eastern,Eastern,-28113,megawatthours
2026-05-15,NY,New York,D,Demand,Eastern,Eastern,337247,megawatthours
2026-05-15,NY,New York,DF,Day-ahead demand forecast,Eastern,Eastern,336473,megawatthours
2026-05-15,NY,New York,NG,Net generation,Eastern,Eastern,311555,megawatthours
2026-05-15,NY,New York,TI,Total interchange,Eastern,Eastern,-25692,megawatthours
2026-05-14,NY,New York,D,Demand,Eastern,Eastern,356595,megawatthours
2026-05-14,NY,New York,DF,Day-ahead demand forecast,Eastern,Eastern,346512,megawatthours
2026-05-14,NY,New York,NG,Net generation,Eastern,Eastern,341843,megawatthours
2026-05-14,NY,New York,TI,Total interchange,Eastern,Eastern,-14752,megawatthours
2026-05-13,NY,New York,D,Demand,Eastern,Eastern,351045,megawatthours
2026-05-13,NY,New York,NG,Net generation,Eastern,Eastern,340592,megawatthours
2026-05-13,NY,New York,TI,Total interchange,Eastern,Eastern,-10453,megawatthours
2026-05-12,NY,New York,D,Demand,Eastern,Eastern,323693,megawatthours
2026-05-12,NY,New York,DF,Day-ahead demand forecast,Eastern,Eastern,321774,megawatthours
2026-05-12,NY,New York,NG,Net generation,Eastern,Eastern,321353,megawatthours
2026-05-11,NY,New York,D,Demand,Eastern,Eastern,334938,megawatthours
2026-05-11,NY,New York,DF,Day-ahead demand forecast,Eastern,Eastern,328581,megawatthours
2026-05-11,NY,New York,NG,Net generation,Eastern,Eastern,321473,megawatthours
2026-05-11,NY,New York,TI,Total interchange,Eastern,Eastern,-13465,megawatthours
2026-05-10,NY,New York,D,Demand,Eastern,Eastern,307665,megawatthours
2026-05-10,NY,New York,DF,Day-ahead demand forecast,Eastern,Eastern,302362,megawatthours
2026-05-10,NY,New York,NG,Net generation,Eastern,Eastern,291815,megawatthours
2026-05-10,NY,New York,TI,Total interchange,Eastern,Eastern,-15850,megawatthours
2026-05-09,NY,New York,D,Demand,Eastern,Eastern,331074,megawatthours
2026-05-09,NY,New York,DF,Day-ahead demand forecast,Eastern,Eastern,318801,megawatthours
2026-05-09,NY,New York,NG,Net generation,Eastern,Eastern,310791,megawatthours
2026-05-09,NY,New York,TI,Total interchange,Eastern,Eastern,-20283,megawatthours
2026-05-08,NY,New York,D,Demand,Eastern,Eastern,335961,megawatthours
2026-05-08,NY,New York,DF,Day-ahead demand forecast,Eastern,Eastern,329981,megawatthours
2026-05-08,NY,New York,NG,Net generation,Eastern,Eastern,322122,megawatthours
2026-05-08,NY,New York,TI,Total interchange,Eastern,Eastern,-13839,megawatthours
2026-05-07,NY,New York,D,Demand,Eastern,Eastern,336219,megawatthours
2026-05-07,NY,New York,DF,Day-ahead demand forecast,Eastern,Eastern,329326,megawatthours
2026-05-07,NY,New York,NG,Net generation,Eastern,Eastern,318542,megawatthours
2026-05-07,NY,New York,TI,Total interchange,Eastern,Eastern,-17677,megawatthours
2026-05-06,NY,New York,D,Demand,Eastern,Eastern,373795,megawatthours
2026-05-06,NY,New York,DF,Day-ahead demand forecast,Eastern,Eastern,358496,megawatthours
2026-05-06,NY,New York,NG,Net generation,Eastern,Eastern,335877,megawatthours
2026-05-06,NY,New York,TI,Total interchange,Eastern,Eastern,-37918,megawatthours
2026-05-05,NY,New York,D,Demand,Eastern,Eastern,353722,megawatthours
2026-05-05,NY,New York,DF,Day-ahead demand forecast,Eastern,Eastern,347318,megawatthours
2026-05-05,NY,New York,NG,Net generation,Eastern,Eastern,343352,megawatthours
2026-05-05,NY,New York,TI,Total interchange,Eastern,Eastern,-10370,megawatthours
2026-05-04,NY,New York,D,Demand,Eastern,Eastern,335137,megawatthours
2026-05-04,NY,New York,DF,Day-ahead demand forecast,Eastern,Eastern,328303,megawatthours
2026-05-04,NY,New York,NG,Net generation,Eastern,Eastern,316367,megawatthours
2026-05-04,NY,New York,TI,Total interchange,Eastern,Eastern,-18770,megawatthours
2026-05-03,NY,New York,D,Demand,Eastern,Eastern,313630,megawatthours
2026-05-03,NY,New York,DF,Day-ahead demand forecast,Eastern,Eastern,298891,megawatthours
2026-05-03,NY,New York,NG,Net generation,Eastern,Eastern,290668,megawatthours
2026-05-03,NY,New York,TI,Total interchange,Eastern,Eastern,-22962,megawatthours
2026-05-02,NY,New York,D,Demand,Eastern,Eastern,323252,megawatthours
2026-05-02,NY,New York,DF,Day-ahead demand forecast,Eastern,Eastern,314284,megawatthours
2026-05-02,NY,New York,NG,Net generation,Eastern,Eastern,323978,megawatthours
2026-05-02,NY,New York,TI,Total interchange,Eastern,Eastern,726,megawatthours
2026-05-01,NY,New York,D,Demand,Eastern,Eastern,335996,megawatthours
2026-05-01,NY,New York,DF,Day-ahead demand forecast,Eastern,Eastern,327882,megawatthours
2026-05-01,NY,New York,NG,Net generation,Eastern,Eastern,336446,megawatthours
2026-05-01,NY,New York,TI,Total interchange,Eastern,Eastern,450,megawatthours
2026-04-30,NY,New York,D,Demand,Eastern,Eastern,357106,megawatthours
2026-04-30,NY,New York,DF,Day-ahead demand forecast,Eastern,Eastern,340440,megawatthours
2026-04-30,NY,New York,NG,Net generation,Eastern,Eastern,352922,megawatthours
2026-04-30,NY,New York,TI,Total interchange,Eastern,Eastern,-4184,megawatthours
2026-04-29,NY,New York,D,Demand,Eastern,Eastern,347846,megawatthours
2026-04-29,NY,New York,DF,Day-ahead demand forecast,Eastern,Eastern,340903,megawatthours
2026-04-29,NY,New York,NG,Net generation,Eastern,Eastern,346544,megawatthours
2026-04-29,NY,New York,TI,Total interchange,Eastern,Eastern,-1302,megawatthours
2026-04-28,NY,New York,D,Demand,Eastern,Eastern,340216,megawatthours
2026-04-28,NY,New York,DF,Day-ahead demand forecast,Eastern,Eastern,333375,megawatthours
2026-04-28,NY,New York,NG,Net generation,Eastern,Eastern,353893,megawatthours
2026-04-28,NY,New York,TI,Total interchange,Eastern,Eastern,13677,megawatthours
2026-04-27,NY,New York,D,Demand,Eastern,Eastern,326786,megawatthours
2026-04-27,NY,New York,DF,Day-ahead demand forecast,Eastern,Eastern,321264,megawatthours
2026-04-27,NY,New York,NG,Net generation,Eastern,Eastern,320194,megawatthours
2026-04-27,NY,New York,TI,Total interchange,Eastern,Eastern,-6592,megawatthours
2026-04-26,NY,New York,D,Demand,Eastern,Eastern,312899,megawatthours
2026-04-26,NY,New York,DF,Day-ahead demand forecast,Eastern,Eastern,314266,megawatthours
2026-04-26,NY,New York,NG,Net generation,Eastern,Eastern,303586,megawatthours
2026-04-26,NY,New York,TI,Total interchange,Eastern,Eastern,-9313,megawatthours
2026-04-25,NY,New York,D,Demand,Eastern,Eastern,343784,megawatthours
2026-04-25,NY,New York,DF,Day-ahead demand forecast,Eastern,Eastern,333570,megawatthours
2026-04-25,NY,New York,NG,Net generation,Eastern,Eastern,318585,megawatthours
2026-04-25,NY,New York,TI,Total interchange,Eastern,Eastern,-25199,megawatthours
2026-04-24,NY,New York,D,Demand,Eastern,Eastern,326804,megawatthours
2026-04-24,NY,New York,DF,Day-ahead demand forecast,Eastern,Eastern,327862,megawatthours
2026-04-24,NY,New York,NG,Net generation,Eastern,Eastern,300849,megawatthours
2026-04-24,NY,New York,TI,Total interchange,Eastern,Eastern,-25955,megawatthours
2026-04-23,NY,New York,D,Demand,Eastern,Eastern,337142,megawatthours
2026-04-23,NY,New York,DF,Day-ahead demand forecast,Eastern,Eastern,333413,megawatthours
2026-04-23,NY,New York,NG,Net generation,Eastern,Eastern,323418,megawatthours
2026-04-23,NY,New York,TI,Total interchange,Eastern,Eastern,-13724,megawatthours
2026-04-22,NY,New York,D,Demand,Eastern,Eastern,358349,megawatthours
2026-04-22,NY,New York,DF,Day-ahead demand forecast,Eastern,Eastern,357243,megawatthours
2026-04-22,NY,New York,NG,Net generation,Eastern,Eastern,354211,megawatthours
2026-04-22,NY,New York,TI,Total interchange,Eastern,Eastern,-4138,megawatthours
2026-04-21,NY,New York,D,Demand,Eastern,Eastern,355667,megawatthours
2026-04-21,NY,New York,DF,Day-ahead demand forecast,Eastern,Eastern,353094,megawatthours
2026-04-21,NY,New York,NG,Net generation,Eastern,Eastern,339591,megawatthours
2026-04-21,NY,New York,TI,Total interchange,Eastern,Eastern,-16076,megawatthours
2026-04-20,NY,New York,D,Demand,Eastern,Eastern,358494,megawatthours
2026-04-20,NY,New York,NG,Net generation,Eastern,Eastern,335654,megawatthours
2026-04-20,NY,New York,TI,Total interchange,Eastern,Eastern,-22840,megawatthours
2026-04-19,NY,New York,D,Demand,Eastern,Eastern,337198,megawatthours
2026-04-19,NY,New York,DF,Day-ahead demand forecast,Eastern,Eastern,331712,megawatthours
2026-04-19,NY,New York,NG,Net generation,Eastern,Eastern,299073,megawatthours
2026-04-18,NY,New York,D,Demand,Eastern,Eastern,320966,megawatthours
2026-04-18,NY,New York,DF,Day-ahead demand forecast,Eastern,Eastern,317715,megawatthours
2026-04-18,NY,New York,NG,Net generation,Eastern,Eastern,298052,megawatthours
2026-04-18,NY,New York,TI,Total interchange,Eastern,Eastern,-22914,megawatthours
2026-04-17,NY,New York,D,Demand,Eastern,Eastern,379565,megawatthours
2026-04-17,NY,New York,DF,Day-ahead demand forecast,Eastern,Eastern,365469,megawatthours
2026-04-17,NY,New York,NG,Net generation,Eastern,Eastern,352576,megawatthours
2026-04-17,NY,New York,TI,Total interchange,Eastern,Eastern,-26989,megawatthours
2026-04-16,NY,New York,D,Demand,Eastern,Eastern,404315,megawatthours
2026-04-16,NY,New York,DF,Day-ahead demand forecast,Eastern,Eastern,384937,megawatthours
2026-04-16,NY,New York,NG,Net generation,Eastern,Eastern,381608,megawatthours
2026-04-16,NY,New York,TI,Total interchange,Eastern,Eastern,-22707,megawatthours
2026-04-15,NY,New York,D,Demand,Eastern,Eastern,385907,megawatthours
2026-04-15,NY,New York,DF,Day-ahead demand forecast,Eastern,Eastern,372173,megawatthours
2026-04-15,NY,New York,NG,Net generation,Eastern,Eastern,377237,megawatthours
2026-04-15,NY,New York,TI,Total interchange,Eastern,Eastern,-8670,megawatthours
2026-04-14,NY,New York,D,Demand,Eastern,Eastern,364209,megawatthours
2026-04-14,NY,New York,DF,Day-ahead demand forecast,Eastern,Eastern,355789,megawatthours
2026-04-14,NY,New York,NG,Net generation,Eastern,Eastern,352982,megawatthours
2026-04-14,NY,New York,TI,Total interchange,Eastern,Eastern,-11227,megawatthours
2026-04-13,NY,New York,D,Demand,Eastern,Eastern,357342,megawatthours
2026-04-13,NY,New York,DF,Day-ahead demand forecast,Eastern,Eastern,351210,megawatthours
2026-04-13,NY,New York,NG,Net generation,Eastern,Eastern,353051,megawatthours
2026-04-13,NY,New York,TI,Total interchange,Eastern,Eastern,-4291,megawatthours
2026-04-12,NY,New York,D,Demand,Eastern,Eastern,325079,megawatthours
2026-04-12,NY,New York,DF,Day-ahead demand forecast,Eastern,Eastern,318939,megawatthours
2026-04-12,NY,New York,NG,Net generation,Eastern,Eastern,289407,megawatthours
2026-04-12,NY,New York,TI,Total interchange,Eastern,Eastern,-35672,megawatthours
2026-04-11,NY,New York,D,Demand,Eastern,Eastern,312384,megawatthours
2026-04-11,NY,New York,DF,Day-ahead demand forecast,Eastern,Eastern,309571,megawatthours
2026-04-11,NY,New York,NG,Net generation,Eastern,Eastern,283725,megawatthours
2026-04-11,NY,New York,TI,Total interchange,Eastern,Eastern,-28659,megawatthours
2026-04-10,NY,New York,D,Demand,Eastern,Eastern,345776,megawatthours
2026-04-10,NY,New York,DF,Day-ahead demand forecast,Eastern,Eastern,345241,megawatthours
2026-04-10,NY,New York,NG,Net generation,Eastern,Eastern,331486,megawatthours
2026-04-10,NY,New York,TI,Total interchange,Eastern,Eastern,-14290,megawatthours
2026-04-09,NY,New York,D,Demand,Eastern,Eastern,348705,megawatthours
2026-04-09,NY,New York,DF,Day-ahead demand forecast,Eastern,Eastern,14545,megawatthours
2026-04-09,NY,New York,NG,Net generation,Eastern,Eastern,344807,megawatthours
2026-04-09,NY,New York,TI,Total interchange,Eastern,Eastern,-3898,megawatthours
2026-04-08,NY,New York,D,Demand,Eastern,Eastern,360360,megawatthours
2026-04-08,NY,New York,DF,Day-ahead demand forecast,Eastern,Eastern,357028,megawatthours
2026-04-08,NY,New York,NG,Net generation,Eastern,Eastern,345643,megawatthours
2026-04-08,NY,New York,TI,Total interchange,Eastern,Eastern,-14717,megawatthours
2026-04-07,NY,New York,D,Demand,Eastern,Eastern,369536,megawatthours
2026-04-07,NY,New York,DF,Day-ahead demand forecast,Eastern,Eastern,365883,megawatthours
2026-04-07,NY,New York,NG,Net generation,Eastern,Eastern,357991,megawatthours
2026-04-07,NY,New York,TI,Total interchange,Eastern,Eastern,-11545,megawatthours
2026-04-06,NY,New York,D,Demand,Eastern,Eastern,359426,megawatthours
2026-04-06,NY,New York,DF,Day-ahead demand forecast,Eastern,Eastern,356474,megawatthours
2026-04-06,NY,New York,NG,Net generation,Eastern,Eastern,343044,megawatthours
2026-04-06,NY,New York,TI,Total interchange,Eastern,Eastern,-16382,megawatthours
2026-04-05,NY,New York,D,Demand,Eastern,Eastern,341676,megawatthours
2026-04-05,NY,New York,DF,Day-ahead demand forecast,Eastern,Eastern,332437,megawatthours
2026-04-05,NY,New York,NG,Net generation,Eastern,Eastern,327766,megawatthours
2026-04-05,NY,New York,TI,Total interchange,Eastern,Eastern,-13910,megawatthours
2026-04-04,NY,New York,D,Demand,Eastern,Eastern,322634,megawatthours
2026-04-04,NY,New York,DF,Day-ahead demand forecast,Eastern,Eastern,320211,megawatthours
2026-04-04,NY,New York,NG,Net generation,Eastern,Eastern,297361,megawatthours
2026-04-04,NY,New York,TI,Total interchange,Eastern,Eastern,-25273,megawatthours
2026-04-03,NY,New York,D,Demand,Eastern,Eastern,348163,megawatthours
2026-04-03,NY,New York,DF,Day-ahead demand forecast,Eastern,Eastern,340937,megawatthours
2026-04-03,NY,New York,NG,Net generation,Eastern,Eastern,323246,megawatthours
2026-04-03,NY,New York,TI,Total interchange,Eastern,Eastern,-24917,megawatthours
2026-04-02,NY,New York,D,Demand,Eastern,Eastern,379391,megawatthours
2026-04-02,NY,New York,DF,Day-ahead demand forecast,Eastern,Eastern,364241,megawatthours
2026-04-02,NY,New York,NG,Net generation,Eastern,Eastern,338288,megawatthours
2026-04-02,NY,New York,TI,Total interchange,Eastern,Eastern,-41103,megawatthours
2026-04-01,NY,New York,D,Demand,Eastern,Eastern,372270,megawatthours
2026-04-01,NY,New York,DF,Day-ahead demand forecast,Eastern,Eastern,351759,megawatthours
2026-04-01,NY,New York,NG,Net generation,Eastern,Eastern,331187,megawatthours
2026-04-01,NY,New York,TI,Total interchange,Eastern,Eastern,-41083,megawatthours
2026-03-31,NY,New York,D,Demand,Eastern,Eastern,362338,megawatthours
2026-03-31,NY,New York,DF,Day-ahead demand forecast,Eastern,Eastern,355605,megawatthours
2026-03-31,NY,New York,NG,Net generation,Eastern,Eastern,323204,megawatthours
2026-03-31,NY,New York,TI,Total interchange,Eastern,Eastern,-39134,megawatthours
2026-03-30,NY,New York,D,Demand,Eastern,Eastern,353898,megawatthours
2026-03-30,NY,New York,DF,Day-ahead demand forecast,Eastern,Eastern,363153,megawatthours
2026-03-30,NY,New York,NG,Net generation,Eastern,Eastern,302595,megawatthours
2026-03-30,NY,New York,TI,Total interchange,Eastern,Eastern,-51303,megawatthours
2026-03-29,NY,New York,D,Demand,Eastern,Eastern,346164,megawatthours
2026-03-29,NY,New York,DF,Day-ahead demand forecast,Eastern,Eastern,348634,megawatthours
2026-03-29,NY,New York,NG,Net generation,Eastern,Eastern,293949,megawatthours
2026-03-29,NY,New York,TI,Total interchange,Eastern,Eastern,-52215,megawatthours
2026-03-28,NY,New York,D,Demand,Eastern,Eastern,362212,megawatthours
2026-03-28,NY,New York,DF,Day-ahead demand forecast,Eastern,Eastern,362203,megawatthours
2026-03-28,NY,New York,NG,Net generation,Eastern,Eastern,311654,megawatthours
2026-03-28,NY,New York,TI,Total interchange,Eastern,Eastern,-50558,megawatthours
2026-03-27,NY,New York,D,Demand,Eastern,Eastern,359320,megawatthours
2026-03-27,NY,New York,DF,Day-ahead demand forecast,Eastern,Eastern,362826,megawatthours
2026-03-27,NY,New York,NG,Net generation,Eastern,Eastern,312676,megawatthours
2026-03-27,NY,New York,TI,Total interchange,Eastern,Eastern,-46644,megawatthours
2026-03-26,NY,New York,D,Demand,Eastern,Eastern,364392,megawatthours
2026-03-26,NY,New York,DF,Day-ahead demand forecast,Eastern,Eastern,365831,megawatthours
2026-03-26,NY,New York,NG,Net generation,Eastern,Eastern,328200,megawatthours
2026-03-26,NY,New York,TI,Total interchange,Eastern,Eastern,-36192,megawatthours
2026-03-25,NY,New York,D,Demand,Eastern,Eastern,373311,megawatthours
2026-03-25,NY,New York,DF,Day-ahead demand forecast,Eastern,Eastern,383137,megawatthours
2026-03-25,NY,New York,NG,Net generation,Eastern,Eastern,311116,megawatthours
2026-03-25,NY,New York,TI,Total interchange,Eastern,Eastern,-62195,megawatthours
2026-03-24,NY,New York,D,Demand,Eastern,Eastern,379841,megawatthours
2026-03-24,NY,New York,DF,Day-ahead demand forecast,Eastern,Eastern,377561,megawatthours
2026-03-24,NY,New York,NG,Net generation,Eastern,Eastern,320951,megawatthours
2026-03-24,NY,New York,TI,Total interchange,Eastern,Eastern,-58890,megawatthours
2026-03-23,NY,New York,D,Demand,Eastern,Eastern,406749,megawatthours
2026-03-23,NY,New York,DF,Day-ahead demand forecast,Eastern,Eastern,381139,megawatthours
2026-03-23,NY,New York,NG,Net generation,Eastern,Eastern,339741,megawatthours
2026-03-23,NY,New York,TI,Total interchange,Eastern,Eastern,-67008,megawatthours
2026-03-22,NY,New York,D,Demand,Eastern,Eastern,368779,megawatthours
2026-03-22,NY,New York,DF,Day-ahead demand forecast,Eastern,Eastern,350497,megawatthours
2026-03-22,NY,New York,NG,Net generation,Eastern,Eastern,321701,megawatthours
2026-03-22,NY,New York,TI,Total interchange,Eastern,Eastern,-47078,megawatthours
2026-03-21,NY,New York,D,Demand,Eastern,Eastern,356588,megawatthours
2026-03-21,NY,New York,DF,Day-ahead demand forecast,Eastern,Eastern,348603,megawatthours
2026-03-21,NY,New York,NG,Net generation,Eastern,Eastern,300011,megawatthours
2026-03-21,NY,New York,TI,Total interchange,Eastern,Eastern,-56577,megawatthours
2026-03-20,NY,New York,D,Demand,Eastern,Eastern,395661,megawatthours
2026-03-20,NY,New York,DF,Day-ahead demand forecast,Eastern,Eastern,388951,megawatthours
2026-03-20,NY,New York,NG,Net generation,Eastern,Eastern,340848,megawatthours
2026-03-20,NY,New York,TI,Total interchange,Eastern,Eastern,-54813,megawatthours
2026-03-19,NY,New York,D,Demand,Eastern,Eastern,415249,megawatthours
2026-03-19,NY,New York,DF,Day-ahead demand forecast,Eastern,Eastern,406679,megawatthours
2026-03-19,NY,New York,NG,Net generation,Eastern,Eastern,371189,megawatthours
2026-03-19,NY,New York,TI,Total interchange,Eastern,Eastern,-44060,megawatthours
2026-03-18,NY,New York,D,Demand,Eastern,Eastern,414090,megawatthours
2026-03-18,NY,New York,DF,Day-ahead demand forecast,Eastern,Eastern,409803,megawatthours
2026-03-18,NY,New York,NG,Net generation,Eastern,Eastern,346091,megawatthours
2026-03-18,NY,New York,TI,Total interchange,Eastern,Eastern,-67999,megawatthours
2026-03-17,NY,New York,D,Demand,Eastern,Eastern,401401,megawatthours
2026-03-17,NY,New York,DF,Day-ahead demand forecast,Eastern,Eastern,396189,megawatthours
2026-03-17,NY,New York,NG,Net generation,Eastern,Eastern,341086,megawatthours
2026-03-17,NY,New York,TI,Total interchange,Eastern,Eastern,-60315,megawatthours
2026-03-16,NY,New York,D,Demand,Eastern,Eastern,393083,megawatthours
2026-03-16,NY,New York,DF,Day-ahead demand forecast,Eastern,Eastern,383267,megawatthours
2026-03-16,NY,New York,NG,Net generation,Eastern,Eastern,333336,megawatthours
2026-03-16,NY,New York,TI,Total interchange,Eastern,Eastern,-59747,megawatthours
2026-03-15,NY,New York,D,Demand,Eastern,Eastern,380017,megawatthours
2026-03-15,NY,New York,DF,Day-ahead demand forecast,Eastern,Eastern,375421,megawatthours
2026-03-15,NY,New York,NG,Net generation,Eastern,Eastern,309269,megawatthours
2026-03-15,NY,New York,TI,Total interchange,Eastern,Eastern,-70748,megawatthours
2026-03-14,NY,New York,D,Demand,Eastern,Eastern,378730,megawatthours
2026-03-14,NY,New York,DF,Day-ahead demand forecast,Eastern,Eastern,370354,megawatthours
2026-03-14,NY,New York,NG,Net generation,Eastern,Eastern,320596,megawatthours
2026-03-14,NY,New York,TI,Total interchange,Eastern,Eastern,-58134,megawatthours
2026-03-13,NY,New York,D,Demand,Eastern,Eastern,412985,megawatthours
2026-03-13,NY,New York,DF,Day-ahead demand forecast,Eastern,Eastern,393903,megawatthours
2026-03-13,NY,New York,NG,Net generation,Eastern,Eastern,339325,megawatthours
2026-03-13,NY,New York,TI,Total interchange,Eastern,Eastern,-73660,megawatthours
2026-03-12,NY,New York,D,Demand,Eastern,Eastern,398286,megawatthours
2026-03-12,NY,New York,DF,Day-ahead demand forecast,Eastern,Eastern,373330,megawatthours
2026-03-12,NY,New York,NG,Net generation,Eastern,Eastern,343731,megawatthours
2026-03-12,NY,New York,TI,Total interchange,Eastern,Eastern,-54555,megawatthours
2026-03-11,NY,New York,D,Demand,Eastern,Eastern,367660,megawatthours
2026-03-11,NY,New York,DF,Day-ahead demand forecast,Eastern,Eastern,358409,megawatthours
2026-03-11,NY,New York,NG,Net generation,Eastern,Eastern,317370,megawatthours
2026-03-11,NY,New York,TI,Total interchange,Eastern,Eastern,-50290,megawatthours
2026-03-10,NY,New York,D,Demand,Eastern,Eastern,357912,megawatthours
2026-03-10,NY,New York,DF,Day-ahead demand forecast,Eastern,Eastern,357668,megawatthours
2026-03-10,NY,New York,NG,Net generation,Eastern,Eastern,302239,megawatthours
2026-03-10,NY,New York,TI,Total interchange,Eastern,Eastern,-55673,megawatthours
2026-03-09,NY,New York,D,Demand,Eastern,Eastern,355873,megawatthours
2026-03-09,NY,New York,DF,Day-ahead demand forecast,Eastern,Eastern,354914,megawatthours
2026-03-09,NY,New York,NG,Net generation,Eastern,Eastern,314858,megawatthours
2026-03-09,NY,New York,TI,Total interchange,Eastern,Eastern,-41015,megawatthours
2026-03-08,NY,New York,D,Demand,Eastern,Eastern,341740,megawatthours
2026-03-08,NY,New York,DF,Day-ahead demand forecast,Eastern,Eastern,330013,megawatthours
2026-03-08,NY,New York,NG,Net generation,Eastern,Eastern,314959,megawatthours
2026-03-08,NY,New York,TI,Total interchange,Eastern,Eastern,-26781,megawatthours
2026-03-07,NY,New York,D,Demand,Eastern,Eastern,383179,megawatthours
2026-03-07,NY,New York,DF,Day-ahead demand forecast,Eastern,Eastern,370884,megawatthours
2026-03-07,NY,New York,NG,Net generation,Eastern,Eastern,343173,megawatthours
2026-03-07,NY,New York,TI,Total interchange,Eastern,Eastern,-40006,megawatthours
2026-03-06,NY,New York,D,Demand,Eastern,Eastern,420563,megawatthours
2026-03-06,NY,New York,DF,Day-ahead demand forecast,Eastern,Eastern,401056,megawatthours
2026-03-06,NY,New York,NG,Net generation,Eastern,Eastern,367212,megawatthours
2026-03-06,NY,New York,TI,Total interchange,Eastern,Eastern,-53351,megawatthours
2026-03-05,NY,New York,D,Demand,Eastern,Eastern,426250,megawatthours
2026-03-05,NY,New York,DF,Day-ahead demand forecast,Eastern,Eastern,411240,megawatthours
2026-03-05,NY,New York,NG,Net generation,Eastern,Eastern,367043,megawatthours
2026-03-05,NY,New York,TI,Total interchange,Eastern,Eastern,-59207,megawatthours
2026-03-04,NY,New York,D,Demand,Eastern,Eastern,406190,megawatthours
2026-03-04,NY,New York,DF,Day-ahead demand forecast,Eastern,Eastern,397025,megawatthours
2026-03-04,NY,New York,NG,Net generation,Eastern,Eastern,365318,megawatthours
2026-03-04,NY,New York,TI,Total interchange,Eastern,Eastern,-40872,megawatthours
2026-03-03,NY,New York,D,Demand,Eastern,Eastern,458964,megawatthours
2026-03-03,NY,New York,DF,Day-ahead demand forecast,Eastern,Eastern,434219,megawatthours
2026-03-03,NY,New York,NG,Net generation,Eastern,Eastern,413530,megawatthours
2026-03-03,NY,New York,TI,Total interchange,Eastern,Eastern,-45434,megawatthours
2026-03-02,NY,New York,D,Demand,Eastern,Eastern,438419,megawatthours
2026-03-02,NY,New York,DF,Day-ahead demand forecast,Eastern,Eastern,432112,megawatthours
2026-03-02,NY,New York,NG,Net generation,Eastern,Eastern,376767,megawatthours
2026-03-02,NY,New York,TI,Total interchange,Eastern,Eastern,-61652,megawatthours
2026-03-01,NY,New York,D,Demand,Eastern,Eastern,398862,megawatthours
2026-03-01,NY,New York,DF,Day-ahead demand forecast,Eastern,Eastern,406309,megawatthours
2026-03-01,NY,New York,NG,Net generation,Eastern,Eastern,332787,megawatthours
2026-03-01,NY,New York,TI,Total interchange,Eastern,Eastern,-66075,megawatthours
2026-02-28,NY,New York,D,Demand,Eastern,Eastern,382600,megawatthours
2026-02-28,NY,New York,DF,Day-ahead demand forecast,Eastern,Eastern,386486,megawatthours
2026-02-28,NY,New York,NG,Net generation,Eastern,Eastern,340397,megawatthours
2026-02-28,NY,New York,TI,Total interchange,Eastern,Eastern,-42203,megawatthours
2026-02-27,NY,New York,D,Demand,Eastern,Eastern,418645,megawatthours
2026-02-27,NY,New York,DF,Day-ahead demand forecast,Eastern,Eastern,418399,megawatthours
2026-02-27,NY,New York,NG,Net generation,Eastern,Eastern,369700,megawatthours
2026-02-27,NY,New York,TI,Total interchange,Eastern,Eastern,-48945,megawatthours
2026-02-26,NY,New York,D,Demand,Eastern,Eastern,428420,megawatthours
2026-02-26,NY,New York,DF,Day-ahead demand forecast,Eastern,Eastern,431818,megawatthours
2026-02-26,NY,New York,NG,Net generation,Eastern,Eastern,402064,megawatthours
2026-02-26,NY,New York,TI,Total interchange,Eastern,Eastern,-26356,megawatthours
2026-02-25,NY,New York,D,Demand,Eastern,Eastern,456742,megawatthours
2026-02-25,NY,New York,DF,Day-ahead demand forecast,Eastern,Eastern,444428,megawatthours
2026-02-25,NY,New York,NG,Net generation,Eastern,Eastern,420264,megawatthours
2026-02-25,NY,New York,TI,Total interchange,Eastern,Eastern,-36478,megawatthours
2026-02-24,NY,New York,D,Demand,Eastern,Eastern,462318,megawatthours
2026-02-24,NY,New York,DF,Day-ahead demand forecast,Eastern,Eastern,460409,megawatthours
2026-02-24,NY,New York,NG,Net generation,Eastern,Eastern,415050,megawatthours
2026-02-24,NY,New York,TI,Total interchange,Eastern,Eastern,-47268,megawatthours
2026-02-23,NY,New York,D,Demand,Eastern,Eastern,449523,megawatthours
2026-02-23,NY,New York,DF,Day-ahead demand forecast,Eastern,Eastern,444860,megawatthours
2026-02-23,NY,New York,NG,Net generation,Eastern,Eastern,387265,megawatthours
2026-02-23,NY,New York,TI,Total interchange,Eastern,Eastern,-62258,megawatthours
2026-02-22,NY,New York,D,Demand,Eastern,Eastern,424742,megawatthours
2026-02-22,NY,New York,DF,Day-ahead demand forecast,Eastern,Eastern,407472,megawatthours
2026-02-22,NY,New York,NG,Net generation,Eastern,Eastern,370295,megawatthours
2026-02-22,NY,New York,TI,Total interchange,Eastern,Eastern,-54447,megawatthours
2026-02-21,NY,New York,D,Demand,Eastern,Eastern,409201,megawatthours
2026-02-21,NY,New York,DF,Day-ahead demand forecast,Eastern,Eastern,398804,megawatthours
2026-02-21,NY,New York,NG,Net generation,Eastern,Eastern,355194,megawatthours
2026-02-21,NY,New York,TI,Total interchange,Eastern,Eastern,-54007,megawatthours
2026-02-20,NY,New York,D,Demand,Eastern,Eastern,441238,megawatthours
2026-02-20,NY,New York,DF,Day-ahead demand forecast,Eastern,Eastern,424007,megawatthours
2026-02-20,NY,New York,NG,Net generation,Eastern,Eastern,379834,megawatthours
2026-02-20,NY,New York,TI,Total interchange,Eastern,Eastern,-61404,megawatthours
2026-02-19,NY,New York,D,Demand,Eastern,Eastern,426808,megawatthours
2026-02-19,NY,New York,DF,Day-ahead demand forecast,Eastern,Eastern,420381,megawatthours
2026-02-19,NY,New York,NG,Net generation,Eastern,Eastern,366610,megawatthours
2026-02-19,NY,New York,TI,Total interchange,Eastern,Eastern,-60198,megawatthours
2026-02-18,NY,New York,D,Demand,Eastern,Eastern,439069,megawatthours
2026-02-18,NY,New York,DF,Day-ahead demand forecast,Eastern,Eastern,427955,megawatthours
2026-02-18,NY,New York,NG,Net generation,Eastern,Eastern,371772,megawatthours
2026-02-18,NY,New York,TI,Total interchange,Eastern,Eastern,-67297,megawatthours
2026-02-17,NY,New York,D,Demand,Eastern,Eastern,433071,megawatthours
2026-02-17,NY,New York,DF,Day-ahead demand forecast,Eastern,Eastern,426820,megawatthours
2026-02-17,NY,New York,NG,Net generation,Eastern,Eastern,368525,megawatthours
2026-02-17,NY,New York,TI,Total interchange,Eastern,Eastern,-64546,megawatthours
2026-02-16,NY,New York,D,Demand,Eastern,Eastern,431441,megawatthours
2026-02-16,NY,New York,DF,Day-ahead demand forecast,Eastern,Eastern,421015,megawatthours
2026-02-16,NY,New York,NG,Net generation,Eastern,Eastern,368370,megawatthours
2026-02-16,NY,New York,TI,Total interchange,Eastern,Eastern,-63071,megawatthours
2026-02-15,NY,New York,D,Demand,Eastern,Eastern,408029,megawatthours
2026-02-15,NY,New York,DF,Day-ahead demand forecast,Eastern,Eastern,416566,megawatthours
2026-02-15,NY,New York,NG,Net generation,Eastern,Eastern,345804,megawatthours
2026-02-15,NY,New York,TI,Total interchange,Eastern,Eastern,-62225,megawatthours
2026-02-14,NY,New York,D,Demand,Eastern,Eastern,427075,megawatthours
2026-02-14,NY,New York,DF,Day-ahead demand forecast,Eastern,Eastern,425677,megawatthours
2026-02-14,NY,New York,NG,Net generation,Eastern,Eastern,361556,megawatthours
2026-02-14,NY,New York,TI,Total interchange,Eastern,Eastern,-65519,megawatthours
2026-02-13,NY,New York,D,Demand,Eastern,Eastern,455128,megawatthours
2026-02-13,NY,New York,DF,Day-ahead demand forecast,Eastern,Eastern,455647,megawatthours
2026-02-13,NY,New York,NG,Net generation,Eastern,Eastern,388155,megawatthours
2026-02-13,NY,New York,TI,Total interchange,Eastern,Eastern,-66973,megawatthours
2026-02-12,NY,New York,D,Demand,Eastern,Eastern,462239,megawatthours
2026-02-12,NY,New York,DF,Day-ahead demand forecast,Eastern,Eastern,454225,megawatthours
2026-02-12,NY,New York,NG,Net generation,Eastern,Eastern,402012,megawatthours
2026-02-12,NY,New York,TI,Total interchange,Eastern,Eastern,-60227,megawatthours
2026-02-11,NY,New York,D,Demand,Eastern,Eastern,466332,megawatthours
2026-02-11,NY,New York,DF,Day-ahead demand forecast,Eastern,Eastern,450283,megawatthours
2026-02-11,NY,New York,NG,Net generation,Eastern,Eastern,409548,megawatthours
2026-02-11,NY,New York,TI,Total interchange,Eastern,Eastern,-56784,megawatthours
2026-02-10,NY,New York,D,Demand,Eastern,Eastern,487923,megawatthours
2026-02-10,NY,New York,DF,Day-ahead demand forecast,Eastern,Eastern,478865,megawatthours
2026-02-10,NY,New York,NG,Net generation,Eastern,Eastern,411744,megawatthours
2026-02-10,NY,New York,TI,Total interchange,Eastern,Eastern,-76179,megawatthours
2026-02-09,NY,New York,D,Demand,Eastern,Eastern,385476,megawatthours
2026-02-09,NY,New York,DF,Day-ahead demand forecast,Eastern,Eastern,505609,megawatthours
2026-02-09,NY,New York,NG,Net generation,Eastern,Eastern,462829,megawatthours
2026-02-09,NY,New York,TI,Total interchange,Eastern,Eastern,-50487,megawatthours
2026-02-08,NY,New York,D,Demand,Eastern,Eastern,522575,megawatthours
2026-02-08,NY,New York,DF,Day-ahead demand forecast,Eastern,Eastern,494931,megawatthours
2026-02-08,NY,New York,NG,Net generation,Eastern,Eastern,476296,megawatthours
2026-02-08,NY,New York,TI,Total interchange,Eastern,Eastern,-46279,megawatthours
2026-02-07,NY,New York,D,Demand,Eastern,Eastern,503844,megawatthours
2026-02-07,NY,New York,DF,Day-ahead demand forecast,Eastern,Eastern,478981,megawatthours
2026-02-07,NY,New York,NG,Net generation,Eastern,Eastern,437466,megawatthours
2026-02-07,NY,New York,TI,Total interchange,Eastern,Eastern,-66378,megawatthours
2026-02-06,NY,New York,D,Demand,Eastern,Eastern,478617,megawatthours
2026-02-06,NY,New York,DF,Day-ahead demand forecast,Eastern,Eastern,475833,megawatthours
2026-02-06,NY,New York,NG,Net generation,Eastern,Eastern,403553,megawatthours
2026-02-06,NY,New York,TI,Total interchange,Eastern,Eastern,-75064,megawatthours
2026-02-05,NY,New York,D,Demand,Eastern,Eastern,478975,megawatthours
2026-02-05,NY,New York,DF,Day-ahead demand forecast,Eastern,Eastern,475551,megawatthours
2026-02-05,NY,New York,NG,Net generation,Eastern,Eastern,395635,megawatthours
2026-02-05,NY,New York,TI,Total interchange,Eastern,Eastern,-83340,megawatthours
2026-02-04,NY,New York,D,Demand,Eastern,Eastern,473389,megawatthours
2026-02-04,NY,New York,DF,Day-ahead demand forecast,Eastern,Eastern,469371,megawatthours
2026-02-04,NY,New York,NG,Net generation,Eastern,Eastern,404517,megawatthours
2026-02-04,NY,New York,TI,Total interchange,Eastern,Eastern,-68872,megawatthours
2026-02-03,NY,New York,D,Demand,Eastern,Eastern,493290,megawatthours
2026-02-03,NY,New York,DF,Day-ahead demand forecast,Eastern,Eastern,481963,megawatthours
2026-02-03,NY,New York,NG,Net generation,Eastern,Eastern,401799,megawatthours
2026-02-03,NY,New York,TI,Total interchange,Eastern,Eastern,-91491,megawatthours
2026-02-02,NY,New York,D,Demand,Eastern,Eastern,504373,megawatthours
2026-02-02,NY,New York,DF,Day-ahead demand forecast,Eastern,Eastern,488152,megawatthours
2026-02-02,NY,New York,NG,Net generation,Eastern,Eastern,425174,megawatthours
2026-02-02,NY,New York,TI,Total interchange,Eastern,Eastern,-79199,megawatthours
2026-02-01,NY,New York,D,Demand,Eastern,Eastern,503274,megawatthours
2026-02-01,NY,New York,DF,Day-ahead demand forecast,Eastern,Eastern,480035,megawatthours
2026-02-01,NY,New York,NG,Net generation,Eastern,Eastern,432132,megawatthours
2026-02-01,NY,New York,TI,Total interchange,Eastern,Eastern,-71142,megawatthours
2026-01-31,NY,New York,D,Demand,Eastern,Eastern,502982,megawatthours
2026-01-31,NY,New York,DF,Day-ahead demand forecast,Eastern,Eastern,486106,megawatthours
2026-01-31,NY,New York,NG,Net generation,Eastern,Eastern,444818,megawatthours
2026-01-31,NY,New York,TI,Total interchange,Eastern,Eastern,-58164,megawatthours
2026-01-30,NY,New York,D,Demand,Eastern,Eastern,530778,megawatthours
2026-01-30,NY,New York,DF,Day-ahead demand forecast,Eastern,Eastern,510494,megawatthours
2026-01-30,NY,New York,NG,Net generation,Eastern,Eastern,468174,megawatthours
2026-01-30,NY,New York,TI,Total interchange,Eastern,Eastern,-62604,megawatthours
2026-01-29,NY,New York,D,Demand,Eastern,Eastern,521699,megawatthours
2026-01-29,NY,New York,DF,Day-ahead demand forecast,Eastern,Eastern,505995,megawatthours
2026-01-29,NY,New York,NG,Net generation,Eastern,Eastern,458203,megawatthours
2026-01-29,NY,New York,TI,Total interchange,Eastern,Eastern,-63496,megawatthours
2026-01-28,NY,New York,D,Demand,Eastern,Eastern,516929,megawatthours
2026-01-28,NY,New York,DF,Day-ahead demand forecast,Eastern,Eastern,502213,megawatthours
2026-01-28,NY,New York,NG,Net generation,Eastern,Eastern,454833,megawatthours
2026-01-28,NY,New York,TI,Total interchange,Eastern,Eastern,-62096,megawatthours
2026-01-27,NY,New York,D,Demand,Eastern,Eastern,519719,megawatthours
2026-01-27,NY,New York,DF,Day-ahead demand forecast,Eastern,Eastern,508478,megawatthours
2026-01-27,NY,New York,NG,Net generation,Eastern,Eastern,474056,megawatthours
2026-01-27,NY,New York,TI,Total interchange,Eastern,Eastern,-45663,megawatthours
2026-01-26,NY,New York,D,Demand,Eastern,Eastern,502319,megawatthours
2026-01-26,NY,New York,DF,Day-ahead demand forecast,Eastern,Eastern,492687,megawatthours
2026-01-26,NY,New York,NG,Net generation,Eastern,Eastern,446041,megawatthours
2026-01-26,NY,New York,TI,Total interchange,Eastern,Eastern,-56278,megawatthours
2026-01-25,NY,New York,D,Demand,Eastern,Eastern,511960,megawatthours
2026-01-25,NY,New York,DF,Day-ahead demand forecast,Eastern,Eastern,482411,megawatthours
2026-01-25,NY,New York,NG,Net generation,Eastern,Eastern,458357,megawatthours
2026-01-25,NY,New York,TI,Total interchange,Eastern,Eastern,-53603,megawatthours
2026-01-24,NY,New York,D,Demand,Eastern,Eastern,497876,megawatthours
2026-01-24,NY,New York,DF,Day-ahead demand forecast,Eastern,Eastern,474553,megawatthours
2026-01-24,NY,New York,NG,Net generation,Eastern,Eastern,432246,megawatthours
2026-01-24,NY,New York,TI,Total interchange,Eastern,Eastern,-65630,megawatthours
2026-01-23,NY,New York,D,Demand,Eastern,Eastern,471379,megawatthours
2026-01-23,NY,New York,DF,Day-ahead demand forecast,Eastern,Eastern,463758,megawatthours
2026-01-23,NY,New York,NG,Net generation,Eastern,Eastern,409954,megawatthours
2026-01-23,NY,New York,TI,Total interchange,Eastern,Eastern,-61425,megawatthours
2026-01-22,NY,New York,D,Demand,Eastern,Eastern,449357,megawatthours
2026-01-22,NY,New York,DF,Day-ahead demand forecast,Eastern,Eastern,445938,megawatthours
2026-01-22,NY,New York,NG,Net generation,Eastern,Eastern,399177,megawatthours
2026-01-22,NY,New York,TI,Total interchange,Eastern,Eastern,-50180,megawatthours
2026-01-21,NY,New York,D,Demand,Eastern,Eastern,497750,megawatthours
2026-01-21,NY,New York,DF,Day-ahead demand forecast,Eastern,Eastern,479321,megawatthours
2026-01-21,NY,New York,NG,Net generation,Eastern,Eastern,444475,megawatthours
2026-01-21,NY,New York,TI,Total interchange,Eastern,Eastern,-53275,megawatthours
2026-01-20,NY,New York,D,Demand,Eastern,Eastern,498299,megawatthours
2026-01-20,NY,New York,DF,Day-ahead demand forecast,Eastern,Eastern,480140,megawatthours
2026-01-20,NY,New York,NG,Net generation,Eastern,Eastern,419604,megawatthours
2026-01-20,NY,New York,TI,Total interchange,Eastern,Eastern,-78695,megawatthours
2026-01-19,NY,New York,D,Demand,Eastern,Eastern,464296,megawatthours
2026-01-19,NY,New York,DF,Day-ahead demand forecast,Eastern,Eastern,447696,megawatthours
2026-01-19,NY,New York,NG,Net generation,Eastern,Eastern,398929,megawatthours
2026-01-19,NY,New York,TI,Total interchange,Eastern,Eastern,-65367,megawatthours
2026-01-18,NY,New York,D,Demand,Eastern,Eastern,435108,megawatthours
2026-01-18,NY,New York,DF,Day-ahead demand forecast,Eastern,Eastern,420060,megawatthours
2026-01-18,NY,New York,NG,Net generation,Eastern,Eastern,375864,megawatthours
2026-01-18,NY,New York,TI,Total interchange,Eastern,Eastern,-59244,megawatthours
2026-01-17,NY,New York,D,Demand,Eastern,Eastern,435414,megawatthours
2026-01-17,NY,New York,DF,Day-ahead demand forecast,Eastern,Eastern,420687,megawatthours
2026-01-17,NY,New York,NG,Net generation,Eastern,Eastern,389921,megawatthours
2026-01-17,NY,New York,TI,Total interchange,Eastern,Eastern,-45493,megawatthours
2026-01-16,NY,New York,D,Demand,Eastern,Eastern,466357,megawatthours
2026-01-16,NY,New York,DF,Day-ahead demand forecast,Eastern,Eastern,442229,megawatthours
2026-01-16,NY,New York,NG,Net generation,Eastern,Eastern,407376,megawatthours
2026-01-16,NY,New York,TI,Total interchange,Eastern,Eastern,-58981,megawatthours
2026-01-15,NY,New York,D,Demand,Eastern,Eastern,440042,megawatthours
2026-01-15,NY,New York,DF,Day-ahead demand forecast,Eastern,Eastern,432523,megawatthours
2026-01-15,NY,New York,NG,Net generation,Eastern,Eastern,392439,megawatthours
2026-01-15,NY,New York,TI,Total interchange,Eastern,Eastern,-47603,megawatthours
2026-01-14,NY,New York,D,Demand,Eastern,Eastern,420426,megawatthours
2026-01-14,NY,New York,DF,Day-ahead demand forecast,Eastern,Eastern,416256,megawatthours
2026-01-14,NY,New York,NG,Net generation,Eastern,Eastern,373993,megawatthours
2026-01-14,NY,New York,TI,Total interchange,Eastern,Eastern,-46433,megawatthours
2026-01-13,NY,New York,D,Demand,Eastern,Eastern,427538,megawatthours
2026-01-13,NY,New York,DF,Day-ahead demand forecast,Eastern,Eastern,423847,megawatthours
2026-01-13,NY,New York,NG,Net generation,Eastern,Eastern,383505,megawatthours
2026-01-13,NY,New York,TI,Total interchange,Eastern,Eastern,-44033,megawatthours
2026-01-12,NY,New York,D,Demand,Eastern,Eastern,442783,megawatthours
2026-01-12,NY,New York,DF,Day-ahead demand forecast,Eastern,Eastern,425916,megawatthours
2026-01-12,NY,New York,NG,Net generation,Eastern,Eastern,394463,megawatthours
2026-01-12,NY,New York,TI,Total interchange,Eastern,Eastern,-48320,megawatthours
2026-01-11,NY,New York,D,Demand,Eastern,Eastern,403027,megawatthours
2026-01-11,NY,New York,DF,Day-ahead demand forecast,Eastern,Eastern,389809,megawatthours
2026-01-11,NY,New York,NG,Net generation,Eastern,Eastern,364219,megawatthours
2026-01-11,NY,New York,TI,Total interchange,Eastern,Eastern,-38808,megawatthours
2026-01-10,NY,New York,D,Demand,Eastern,Eastern,401761,megawatthours
2026-01-10,NY,New York,DF,Day-ahead demand forecast,Eastern,Eastern,393224,megawatthours
2026-01-10,NY,New York,NG,Net generation,Eastern,Eastern,360872,megawatthours
2026-01-10,NY,New York,TI,Total interchange,Eastern,Eastern,-40889,megawatthours
2026-01-09,NY,New York,D,Demand,Eastern,Eastern,420552,megawatthours
2026-01-09,NY,New York,DF,Day-ahead demand forecast,Eastern,Eastern,412130,megawatthours
2026-01-09,NY,New York,NG,Net generation,Eastern,Eastern,382348,megawatthours
2026-01-09,NY,New York,TI,Total interchange,Eastern,Eastern,-38204,megawatthours
2026-01-08,NY,New York,D,Demand,Eastern,Eastern,415745,megawatthours
2026-01-08,NY,New York,DF,Day-ahead demand forecast,Eastern,Eastern,415771,megawatthours
2026-01-08,NY,New York,NG,Net generation,Eastern,Eastern,364287,megawatthours
2026-01-08,NY,New York,TI,Total interchange,Eastern,Eastern,-51458,megawatthours
2026-01-07,NY,New York,D,Demand,Eastern,Eastern,433790,megawatthours
2026-01-07,NY,New York,DF,Day-ahead demand forecast,Eastern,Eastern,425880,megawatthours
2026-01-07,NY,New York,NG,Net generation,Eastern,Eastern,399983,megawatthours
2026-01-07,NY,New York,TI,Total interchange,Eastern,Eastern,-33807,megawatthours
2026-01-06,NY,New York,D,Demand,Eastern,Eastern,448764,megawatthours
2026-01-06,NY,New York,DF,Day-ahead demand forecast,Eastern,Eastern,441473,megawatthours
2026-01-06,NY,New York,NG,Net generation,Eastern,Eastern,402162,megawatthours
2026-01-06,NY,New York,TI,Total interchange,Eastern,Eastern,-46602,megawatthours
2026-01-05,NY,New York,D,Demand,Eastern,Eastern,472942,megawatthours
2026-01-05,NY,New York,DF,Day-ahead demand forecast,Eastern,Eastern,463902,megawatthours
2026-01-05,NY,New York,NG,Net generation,Eastern,Eastern,424460,megawatthours
2026-01-05,NY,New York,TI,Total interchange,Eastern,Eastern,-48482,megawatthours
2026-01-04,NY,New York,D,Demand,Eastern,Eastern,449678,megawatthours
2026-01-04,NY,New York,DF,Day-ahead demand forecast,Eastern,Eastern,437641,megawatthours
2026-01-04,NY,New York,NG,Net generation,Eastern,Eastern,402824,megawatthours
2026-01-04,NY,New York,TI,Total interchange,Eastern,Eastern,-46854,megawatthours
2026-01-03,NY,New York,D,Demand,Eastern,Eastern,459360,megawatthours
2026-01-03,NY,New York,DF,Day-ahead demand forecast,Eastern,Eastern,443734,megawatthours
2026-01-03,NY,New York,NG,Net generation,Eastern,Eastern,407431,megawatthours
2026-01-03,NY,New York,TI,Total interchange,Eastern,Eastern,-51929,megawatthours
2026-01-02,NY,New York,D,Demand,Eastern,Eastern,478538,megawatthours
2026-01-02,NY,New York,DF,Day-ahead demand forecast,Eastern,Eastern,456019,megawatthours
2026-01-02,NY,New York,NG,Net generation,Eastern,Eastern,416906,megawatthours
2026-01-02,NY,New York,TI,Total interchange,Eastern,Eastern,-61632,megawatthours
2026-01-01,NY,New York,D,Demand,Eastern,Eastern,448333,megawatthours
2026-01-01,NY,New York,DF,Day-ahead demand forecast,Eastern,Eastern,431242,megawatthours
2026-01-01,NY,New York,NG,Net generation,Eastern,Eastern,389799,megawatthours
2026-01-01,NY,New York,TI,Total interchange,Eastern,Eastern,-58534,megawatthours
2025-12-31,NY,New York,D,Demand,Eastern,Eastern,461980,megawatthours
2025-12-31,NY,New York,DF,Day-ahead demand forecast,Eastern,Eastern,449837,megawatthours
2025-12-31,NY,New York,NG,Net generation,Eastern,Eastern,413785,megawatthours
2025-12-30,NY,New York,D,Demand,Eastern,Eastern,469504,megawatthours
2025-12-30,NY,New York,DF,Day-ahead demand forecast,Eastern,Eastern,459307,megawatthours
2025-12-30,NY,New York,NG,Net generation,Eastern,Eastern,393295,megawatthours
2025-12-29,NY,New York,D,Demand,Eastern,Eastern,441137,megawatthours
2025-12-29,NY,New York,DF,Day-ahead demand forecast,Eastern,Eastern,432252,megawatthours
2025-12-29,NY,New York,NG,Net generation,Eastern,Eastern,394951,megawatthours
2025-12-28,NY,New York,D,Demand,Eastern,Eastern,446239,megawatthours
2025-12-28,NY,New York,DF,Day-ahead demand forecast,Eastern,Eastern,432639,megawatthours
2025-12-28,NY,New York,NG,Net generation,Eastern,Eastern,413969,megawatthours
2025-12-27,NY,New York,D,Demand,Eastern,Eastern,453744,megawatthours
2025-12-27,NY,New York,DF,Day-ahead demand forecast,Eastern,Eastern,421330,megawatthours
2025-12-27,NY,New York,NG,Net generation,Eastern,Eastern,417267,megawatthours
2025-12-26,NY,New York,D,Demand,Eastern,Eastern,464476,megawatthours
2025-12-26,NY,New York,DF,Day-ahead demand forecast,Eastern,Eastern,431079,megawatthours
2025-12-26,NY,New York,NG,Net generation,Eastern,Eastern,361208,megawatthours
2025-12-25,NY,New York,D,Demand,Eastern,Eastern,403690,megawatthours
2025-12-25,NY,New York,DF,Day-ahead demand forecast,Eastern,Eastern,394330,megawatthours
2025-12-25,NY,New York,NG,Net generation,Eastern,Eastern,380581,megawatthours
2025-12-24,NY,New York,D,Demand,Eastern,Eastern,416801,megawatthours
2025-12-24,NY,New York,DF,Day-ahead demand forecast,Eastern,Eastern,405490,megawatthours
2025-12-24,NY,New York,NG,Net generation,Eastern,Eastern,401722,megawatthours
2025-12-23,NY,New York,D,Demand,Eastern,Eastern,449593,megawatthours
2025-12-23,NY,New York,DF,Day-ahead demand forecast,Eastern,Eastern,439691,megawatthours
2025-12-23,NY,New York,NG,Net generation,Eastern,Eastern,400475,megawatthours
2025-12-22,NY,New York,D,Demand,Eastern,Eastern,448217,megawatthours
2025-12-22,NY,New York,DF,Day-ahead demand forecast,Eastern,Eastern,440085,megawatthours
2025-12-22,NY,New York,NG,Net generation,Eastern,Eastern,381860,megawatthours
2025-12-21,NY,New York,D,Demand,Eastern,Eastern,420817,megawatthours
2025-12-21,NY,New York,DF,Day-ahead demand forecast,Eastern,Eastern,411273,megawatthours
2025-12-21,NY,New York,NG,Net generation,Eastern,Eastern,387888,megawatthours
2025-12-20,NY,New York,D,Demand,Eastern,Eastern,426416,megawatthours
2025-12-20,NY,New York,DF,Day-ahead demand forecast,Eastern,Eastern,414107,megawatthours
2025-12-20,NY,New York,NG,Net generation,Eastern,Eastern,389392,megawatthours
2025-12-20,NY,New York,TI,Total interchange,Eastern,Eastern,-37024,megawatthours
2025-12-19,NY,New York,D,Demand,Eastern,Eastern,430530,megawatthours
2025-12-19,NY,New York,DF,Day-ahead demand forecast,Eastern,Eastern,420443,megawatthours
2025-12-19,NY,New York,NG,Net generation,Eastern,Eastern,404735,megawatthours
2025-12-19,NY,New York,TI,Total interchange,Eastern,Eastern,-25795,megawatthours
2025-12-18,NY,New York,D,Demand,Eastern,Eastern,429403,megawatthours
2025-12-18,NY,New York,DF,Day-ahead demand forecast,Eastern,Eastern,429850,megawatthours
2025-12-18,NY,New York,NG,Net generation,Eastern,Eastern,392639,megawatthours
2025-12-18,NY,New York,TI,Total interchange,Eastern,Eastern,-36764,megawatthours
2025-12-17,NY,New York,D,Demand,Eastern,Eastern,460888,megawatthours
2025-12-17,NY,New York,DF,Day-ahead demand forecast,Eastern,Eastern,450471,megawatthours
2025-12-17,NY,New York,NG,Net generation,Eastern,Eastern,421749,megawatthours
2025-12-17,NY,New York,TI,Total interchange,Eastern,Eastern,-39139,megawatthours
2025-12-16,NY,New York,D,Demand,Eastern,Eastern,480325,megawatthours
2025-12-16,NY,New York,DF,Day-ahead demand forecast,Eastern,Eastern,469084,megawatthours
2025-12-16,NY,New York,NG,Net generation,Eastern,Eastern,437917,megawatthours
2025-12-16,NY,New York,TI,Total interchange,Eastern,Eastern,-42408,megawatthours
2025-12-15,NY,New York,D,Demand,Eastern,Eastern,499898,megawatthours
2025-12-15,NY,New York,DF,Day-ahead demand forecast,Eastern,Eastern,477787,megawatthours
2025-12-15,NY,New York,NG,Net generation,Eastern,Eastern,460686,megawatthours
2025-12-15,NY,New York,TI,Total interchange,Eastern,Eastern,-39212,megawatthours
2025-12-14,NY,New York,D,Demand,Eastern,Eastern,458703,megawatthours
2025-12-14,NY,New York,DF,Day-ahead demand forecast,Eastern,Eastern,436167,megawatthours
2025-12-14,NY,New York,NG,Net generation,Eastern,Eastern,417562,megawatthours
2025-12-14,NY,New York,TI,Total interchange,Eastern,Eastern,-41141,megawatthours
2025-12-13,NY,New York,D,Demand,Eastern,Eastern,446784,megawatthours
2025-12-13,NY,New York,DF,Day-ahead demand forecast,Eastern,Eastern,432209,megawatthours
2025-12-13,NY,New York,NG,Net generation,Eastern,Eastern,395288,megawatthours
2025-12-13,NY,New York,TI,Total interchange,Eastern,Eastern,-51496,megawatthours
2025-12-12,NY,New York,D,Demand,Eastern,Eastern,467680,megawatthours
2025-12-12,NY,New York,DF,Day-ahead demand forecast,Eastern,Eastern,447153,megawatthours
2025-12-12,NY,New York,NG,Net generation,Eastern,Eastern,439724,megawatthours
2025-12-12,NY,New York,TI,Total interchange,Eastern,Eastern,-27956,megawatthours
2025-12-11,NY,New York,D,Demand,Eastern,Eastern,462692,megawatthours
2025-12-11,NY,New York,DF,Day-ahead demand forecast,Eastern,Eastern,447686,megawatthours
2025-12-11,NY,New York,NG,Net generation,Eastern,Eastern,428490,megawatthours
2025-12-11,NY,New York,TI,Total interchange,Eastern,Eastern,-34202,megawatthours
2025-12-10,NY,New York,D,Demand,Eastern,Eastern,456963,megawatthours
2025-12-10,NY,New York,DF,Day-ahead demand forecast,Eastern,Eastern,446679,megawatthours
2025-12-10,NY,New York,NG,Net generation,Eastern,Eastern,432332,megawatthours
2025-12-09,NY,New York,D,Demand,Eastern,Eastern,479786,megawatthours
2025-12-09,NY,New York,DF,Day-ahead demand forecast,Eastern,Eastern,460019,megawatthours
2025-12-09,NY,New York,NG,Net generation,Eastern,Eastern,428981,megawatthours
2025-12-08,NY,New York,D,Demand,Eastern,Eastern,459311,megawatthours
2025-12-08,NY,New York,DF,Day-ahead demand forecast,Eastern,Eastern,443000,megawatthours
2025-12-08,NY,New York,NG,Net generation,Eastern,Eastern,373318,megawatthours
2025-12-07,NY,New York,D,Demand,Eastern,Eastern,415891,megawatthours
2025-12-07,NY,New York,DF,Day-ahead demand forecast,Eastern,Eastern,412317,megawatthours
2025-12-07,NY,New York,NG,Net generation,Eastern,Eastern,375827,megawatthours
2025-12-06,NY,New York,D,Demand,Eastern,Eastern,427742,megawatthours
2025-12-06,NY,New York,DF,Day-ahead demand forecast,Eastern,Eastern,420637,megawatthours
2025-12-06,NY,New York,NG,Net generation,Eastern,Eastern,419527,megawatthours
2025-12-05,NY,New York,D,Demand,Eastern,Eastern,469072,megawatthours
2025-12-05,NY,New York,DF,Day-ahead demand forecast,Eastern,Eastern,450863,megawatthours
2025-12-05,NY,New York,NG,Net generation,Eastern,Eastern,411620,megawatthours
2025-12-04,NY,New York,D,Demand,Eastern,Eastern,449323,megawatthours
2025-12-04,NY,New York,DF,Day-ahead demand forecast,Eastern,Eastern,441861,megawatthours
2025-12-04,NY,New York,NG,Net generation,Eastern,Eastern,389052,megawatthours
2025-12-03,NY,New York,D,Demand,Eastern,Eastern,436494,megawatthours
2025-12-03,NY,New York,DF,Day-ahead demand forecast,Eastern,Eastern,429287,megawatthours
2025-12-03,NY,New York,NG,Net generation,Eastern,Eastern,431542,megawatthours
2025-12-02,NY,New York,D,Demand,Eastern,Eastern,446583,megawatthours
2025-12-02,NY,New York,DF,Day-ahead demand forecast,Eastern,Eastern,435268,megawatthours
2025-12-02,NY,New York,NG,Net generation,Eastern,Eastern,408641,megawatthours
2025-12-01,NY,New York,D,Demand,Eastern,Eastern,418250,megawatthours
2025-12-01,NY,New York,DF,Day-ahead demand forecast,Eastern,Eastern,407713,megawatthours
2025-12-01,NY,New York,NG,Net generation,Eastern,Eastern,369388,megawatthours
2025-11-30,NY,New York,D,Demand,Eastern,Eastern,401931,megawatthours
2025-11-30,NY,New York,DF,Day-ahead demand forecast,Eastern,Eastern,388843,megawatthours
2025-11-30,NY,New York,NG,Net generation,Eastern,Eastern,354909,megawatthours
2025-11-29,NY,New York,D,Demand,Eastern,Eastern,390145,megawatthours
2025-11-29,NY,New York,DF,Day-ahead demand forecast,Eastern,Eastern,380427,megawatthours
2025-11-29,NY,New York,NG,Net generation,Eastern,Eastern,365641,megawatthours
2025-11-28,NY,New York,D,Demand,Eastern,Eastern,398027,megawatthours
2025-11-28,NY,New York,DF,Day-ahead demand forecast,Eastern,Eastern,383866,megawatthours
2025-11-28,NY,New York,NG,Net generation,Eastern,Eastern,339322,megawatthours
2025-11-27,NY,New York,D,Demand,Eastern,Eastern,371650,megawatthours
2025-11-27,NY,New York,DF,Day-ahead demand forecast,Eastern,Eastern,360652,megawatthours
2025-11-27,NY,New York,NG,Net generation,Eastern,Eastern,351725,megawatthours
2025-11-26,NY,New York,D,Demand,Eastern,Eastern,387216,megawatthours
2025-11-26,NY,New York,DF,Day-ahead demand forecast,Eastern,Eastern,380738,megawatthours
2025-11-26,NY,New York,NG,Net generation,Eastern,Eastern,367619,megawatthours
2025-11-25,NY,New York,D,Demand,Eastern,Eastern,401879,megawatthours
2025-11-25,NY,New York,DF,Day-ahead demand forecast,Eastern,Eastern,396358,megawatthours
2025-11-25,NY,New York,NG,Net generation,Eastern,Eastern,347723,megawatthours
2025-11-24,NY,New York,D,Demand,Eastern,Eastern,391658,megawatthours
2025-11-24,NY,New York,DF,Day-ahead demand forecast,Eastern,Eastern,389013,megawatthours
2025-11-24,NY,New York,NG,Net generation,Eastern,Eastern,330512,megawatthours
2025-11-23,NY,New York,D,Demand,Eastern,Eastern,387763,megawatthours
2025-11-23,NY,New York,DF,Day-ahead demand forecast,Eastern,Eastern,375877,megawatthours
2025-11-23,NY,New York,NG,Net generation,Eastern,Eastern,327373,megawatthours
2025-11-22,NY,New York,D,Demand,Eastern,Eastern,373317,megawatthours
2025-11-22,NY,New York,DF,Day-ahead demand forecast,Eastern,Eastern,370866,megawatthours
2025-11-22,NY,New York,NG,Net generation,Eastern,Eastern,354995,megawatthours
2025-11-21,NY,New York,D,Demand,Eastern,Eastern,405336,megawatthours
2025-11-21,NY,New York,DF,Day-ahead demand forecast,Eastern,Eastern,393893,megawatthours
2025-11-21,NY,New York,NG,Net generation,Eastern,Eastern,350504,megawatthours
2025-11-20,NY,New York,D,Demand,Eastern,Eastern,402034,megawatthours
2025-11-20,NY,New York,DF,Day-ahead demand forecast,Eastern,Eastern,395352,megawatthours
2025-11-20,NY,New York,NG,Net generation,Eastern,Eastern,347473,megawatthours
2025-11-19,NY,New York,D,Demand,Eastern,Eastern,404923,megawatthours
2025-11-19,NY,New York,DF,Day-ahead demand forecast,Eastern,Eastern,399372,megawatthours
2025-11-19,NY,New York,NG,Net generation,Eastern,Eastern,366587,megawatthours
2025-11-18,NY,New York,D,Demand,Eastern,Eastern,406016,megawatthours
2025-11-18,NY,New York,DF,Day-ahead demand forecast,Eastern,Eastern,402150,megawatthours
2025-11-18,NY,New York,NG,Net generation,Eastern,Eastern,379246,megawatthours
2025-11-17,NY,New York,D,Demand,Eastern,Eastern,414358,megawatthours
2025-11-17,NY,New York,DF,Day-ahead demand forecast,Eastern,Eastern,404939,megawatthours
2025-11-17,NY,New York,NG,Net generation,Eastern,Eastern,323348,megawatthours
2025-11-16,NY,New York,D,Demand,Eastern,Eastern,368835,megawatthours
2025-11-16,NY,New York,DF,Day-ahead demand forecast,Eastern,Eastern,363120,megawatthours
2025-11-16,NY,New York,NG,Net generation,Eastern,Eastern,326235,megawatthours
2025-11-15,NY,New York,D,Demand,Eastern,Eastern,374381,megawatthours
2025-11-15,NY,New York,DF,Day-ahead demand forecast,Eastern,Eastern,372424,megawatthours
2025-11-15,NY,New York,NG,Net generation,Eastern,Eastern,364561,megawatthours
2025-11-14,NY,New York,D,Demand,Eastern,Eastern,394307,megawatthours
2025-11-14,NY,New York,DF,Day-ahead demand forecast,Eastern,Eastern,388495,megawatthours
2025-11-14,NY,New York,NG,Net generation,Eastern,Eastern,369007,megawatthours
2025-11-13,NY,New York,D,Demand,Eastern,Eastern,400214,megawatthours
2025-11-13,NY,New York,DF,Day-ahead demand forecast,Eastern,Eastern,392403,megawatthours
2025-11-13,NY,New York,NG,Net generation,Eastern,Eastern,372639,megawatthours
2025-11-12,NY,New York,D,Demand,Eastern,Eastern,415637,megawatthours
2025-11-12,NY,New York,DF,Day-ahead demand forecast,Eastern,Eastern,404960,megawatthours
2025-11-12,NY,New York,NG,Net generation,Eastern,Eastern,368948,megawatthours
2025-11-11,NY,New York,D,Demand,Eastern,Eastern,420212,megawatthours
2025-11-11,NY,New York,DF,Day-ahead demand forecast,Eastern,Eastern,402894,megawatthours
2025-11-11,NY,New York,NG,Net generation,Eastern,Eastern,355724,megawatthours
2025-11-10,NY,New York,D,Demand,Eastern,Eastern,400681,megawatthours
2025-11-10,NY,New York,DF,Day-ahead demand forecast,Eastern,Eastern,385721,megawatthours
2025-11-10,NY,New York,NG,Net generation,Eastern,Eastern,309498,megawatthours
2025-11-09,NY,New York,D,Demand,Eastern,Eastern,361975,megawatthours
2025-11-09,NY,New York,DF,Day-ahead demand forecast,Eastern,Eastern,354989,megawatthours
2025-11-09,NY,New York,NG,Net generation,Eastern,Eastern,312534,megawatthours
2025-11-08,NY,New York,D,Demand,Eastern,Eastern,343508,megawatthours
2025-11-08,NY,New York,DF,Day-ahead demand forecast,Eastern,Eastern,345443,megawatthours
2025-11-08,NY,New York,NG,Net generation,Eastern,Eastern,352136,megawatthours
2025-11-07,NY,New York,D,Demand,Eastern,Eastern,383078,megawatthours
2025-11-07,NY,New York,DF,Day-ahead demand forecast,Eastern,Eastern,375994,megawatthours
2025-11-07,NY,New York,NG,Net generation,Eastern,Eastern,347276,megawatthours
2025-11-06,NY,New York,D,Demand,Eastern,Eastern,379278,megawatthours
2025-11-06,NY,New York,DF,Day-ahead demand forecast,Eastern,Eastern,368073,megawatthours
2025-11-06,NY,New York,NG,Net generation,Eastern,Eastern,337450,megawatthours
2025-11-05,NY,New York,D,Demand,Eastern,Eastern,382182,megawatthours
2025-11-05,NY,New York,DF,Day-ahead demand forecast,Eastern,Eastern,372292,megawatthours
2025-11-05,NY,New York,NG,Net generation,Eastern,Eastern,336609,megawatthours
2025-11-05,NY,New York,TI,Total interchange,Eastern,Eastern,-45573,megawatthours
2025-11-04,NY,New York,D,Demand,Eastern,Eastern,366601,megawatthours
2025-11-04,NY,New York,DF,Day-ahead demand forecast,Eastern,Eastern,358472,megawatthours
2025-11-04,NY,New York,NG,Net generation,Eastern,Eastern,333247,megawatthours
2025-11-04,NY,New York,TI,Total interchange,Eastern,Eastern,-33354,megawatthours
2025-11-03,NY,New York,D,Demand,Eastern,Eastern,381480,megawatthours
2025-11-03,NY,New York,DF,Day-ahead demand forecast,Eastern,Eastern,372818,megawatthours
2025-11-03,NY,New York,NG,Net generation,Eastern,Eastern,337813,megawatthours
2025-11-03,NY,New York,TI,Total interchange,Eastern,Eastern,-43667,megawatthours
2025-11-02,NY,New York,D,Demand,Eastern,Eastern,355978,megawatthours
2025-11-02,NY,New York,DF,Day-ahead demand forecast,Eastern,Eastern,348410,megawatthours
2025-11-02,NY,New York,NG,Net generation,Eastern,Eastern,318416,megawatthours
2025-11-02,NY,New York,TI,Total interchange,Eastern,Eastern,-37562,megawatthours
2025-11-01,NY,New York,D,Demand,Eastern,Eastern,351857,megawatthours
2025-11-01,NY,New York,DF,Day-ahead demand forecast,Eastern,Eastern,336503,megawatthours
2025-11-01,NY,New York,NG,Net generation,Eastern,Eastern,320766,megawatthours
2025-11-01,NY,New York,TI,Total interchange,Eastern,Eastern,-31091,megawatthours
2025-10-31,NY,New York,D,Demand,Eastern,Eastern,376837,megawatthours
2025-10-31,NY,New York,DF,Day-ahead demand forecast,Eastern,Eastern,366865,megawatthours
2025-10-31,NY,New York,NG,Net generation,Eastern,Eastern,331226,megawatthours
2025-10-31,NY,New York,TI,Total interchange,Eastern,Eastern,-45611,megawatthours
2025-10-30,NY,New York,D,Demand,Eastern,Eastern,390814,megawatthours
2025-10-30,NY,New York,DF,Day-ahead demand forecast,Eastern,Eastern,381025,megawatthours
2025-10-30,NY,New York,NG,Net generation,Eastern,Eastern,352907,megawatthours
2025-10-30,NY,New York,TI,Total interchange,Eastern,Eastern,-37907,megawatthours
2025-10-29,NY,New York,D,Demand,Eastern,Eastern,373252,megawatthours
2025-10-29,NY,New York,DF,Day-ahead demand forecast,Eastern,Eastern,364155,megawatthours
2025-10-29,NY,New York,NG,Net generation,Eastern,Eastern,332520,megawatthours
2025-10-29,NY,New York,TI,Total interchange,Eastern,Eastern,-40732,megawatthours
2025-10-28,NY,New York,D,Demand,Eastern,Eastern,372623,megawatthours
2025-10-28,NY,New York,DF,Day-ahead demand forecast,Eastern,Eastern,356564,megawatthours
2025-10-28,NY,New York,NG,Net generation,Eastern,Eastern,334860,megawatthours
2025-10-28,NY,New York,TI,Total interchange,Eastern,Eastern,-37763,megawatthours
2025-10-27,NY,New York,D,Demand,Eastern,Eastern,367741,megawatthours
2025-10-27,NY,New York,DF,Day-ahead demand forecast,Eastern,Eastern,358069,megawatthours
2025-10-27,NY,New York,NG,Net generation,Eastern,Eastern,333548,megawatthours
2025-10-27,NY,New York,TI,Total interchange,Eastern,Eastern,-34193,megawatthours
2025-10-26,NY,New York,D,Demand,Eastern,Eastern,335100,megawatthours
2025-10-26,NY,New York,DF,Day-ahead demand forecast,Eastern,Eastern,330634,megawatthours
2025-10-26,NY,New York,NG,Net generation,Eastern,Eastern,299135,megawatthours
2025-10-26,NY,New York,TI,Total interchange,Eastern,Eastern,-35965,megawatthours
2025-10-25,NY,New York,D,Demand,Eastern,Eastern,341944,megawatthours
2025-10-25,NY,New York,DF,Day-ahead demand forecast,Eastern,Eastern,333486,megawatthours
2025-10-25,NY,New York,NG,Net generation,Eastern,Eastern,304254,megawatthours
2025-10-25,NY,New York,TI,Total interchange,Eastern,Eastern,-37690,megawatthours
2025-10-24,NY,New York,D,Demand,Eastern,Eastern,362965,megawatthours
2025-10-24,NY,New York,DF,Day-ahead demand forecast,Eastern,Eastern,352331,megawatthours
2025-10-24,NY,New York,NG,Net generation,Eastern,Eastern,319986,megawatthours
2025-10-24,NY,New York,TI,Total interchange,Eastern,Eastern,-42979,megawatthours
2025-10-23,NY,New York,D,Demand,Eastern,Eastern,366155,megawatthours
2025-10-23,NY,New York,DF,Day-ahead demand forecast,Eastern,Eastern,356626,megawatthours
2025-10-23,NY,New York,NG,Net generation,Eastern,Eastern,333787,megawatthours
2025-10-23,NY,New York,TI,Total interchange,Eastern,Eastern,-32368,megawatthours
2025-10-22,NY,New York,D,Demand,Eastern,Eastern,362556,megawatthours
2025-10-22,NY,New York,DF,Day-ahead demand forecast,Eastern,Eastern,354759,megawatthours
2025-10-22,NY,New York,NG,Net generation,Eastern,Eastern,332447,megawatthours
2025-10-22,NY,New York,TI,Total interchange,Eastern,Eastern,-30109,megawatthours
2025-10-21,NY,New York,D,Demand,Eastern,Eastern,355615,megawatthours
2025-10-21,NY,New York,DF,Day-ahead demand forecast,Eastern,Eastern,346777,megawatthours
2025-10-21,NY,New York,NG,Net generation,Eastern,Eastern,310254,megawatthours
2025-10-21,NY,New York,TI,Total interchange,Eastern,Eastern,-45361,megawatthours
2025-10-20,NY,New York,D,Demand,Eastern,Eastern,367678,megawatthours
2025-10-20,NY,New York,DF,Day-ahead demand forecast,Eastern,Eastern,361765,megawatthours
2025-10-20,NY,New York,NG,Net generation,Eastern,Eastern,322981,megawatthours
2025-10-20,NY,New York,TI,Total interchange,Eastern,Eastern,-44697,megawatthours
2025-10-19,NY,New York,D,Demand,Eastern,Eastern,334015,megawatthours
2025-10-19,NY,New York,DF,Day-ahead demand forecast,Eastern,Eastern,328981,megawatthours
2025-10-19,NY,New York,NG,Net generation,Eastern,Eastern,313011,megawatthours
2025-10-19,NY,New York,TI,Total interchange,Eastern,Eastern,-21004,megawatthours
2025-10-18,NY,New York,D,Demand,Eastern,Eastern,333437,megawatthours
2025-10-18,NY,New York,DF,Day-ahead demand forecast,Eastern,Eastern,329097,megawatthours
2025-10-18,NY,New York,NG,Net generation,Eastern,Eastern,303668,megawatthours
2025-10-18,NY,New York,TI,Total interchange,Eastern,Eastern,-29769,megawatthours
2025-10-17,NY,New York,D,Demand,Eastern,Eastern,355083,megawatthours
2025-10-17,NY,New York,DF,Day-ahead demand forecast,Eastern,Eastern,343465,megawatthours
2025-10-17,NY,New York,NG,Net generation,Eastern,Eastern,316100,megawatthours
2025-10-17,NY,New York,TI,Total interchange,Eastern,Eastern,-38983,megawatthours
2025-10-16,NY,New York,D,Demand,Eastern,Eastern,348705,megawatthours
2025-10-16,NY,New York,DF,Day-ahead demand forecast,Eastern,Eastern,341028,megawatthours
2025-10-16,NY,New York,NG,Net generation,Eastern,Eastern,308927,megawatthours
2025-10-16,NY,New York,TI,Total interchange,Eastern,Eastern,-39778,megawatthours
2025-10-15,NY,New York,D,Demand,Eastern,Eastern,355820,megawatthours
2025-10-15,NY,New York,DF,Day-ahead demand forecast,Eastern,Eastern,350888,megawatthours
2025-10-15,NY,New York,NG,Net generation,Eastern,Eastern,305800,megawatthours
2025-10-15,NY,New York,TI,Total interchange,Eastern,Eastern,-50020,megawatthours
2025-10-14,NY,New York,D,Demand,Eastern,Eastern,365212,megawatthours
2025-10-14,NY,New York,DF,Day-ahead demand forecast,Eastern,Eastern,357606,megawatthours
2025-10-14,NY,New York,NG,Net generation,Eastern,Eastern,317318,megawatthours
2025-10-14,NY,New York,TI,Total interchange,Eastern,Eastern,-47894,megawatthours
2025-10-13,NY,New York,D,Demand,Eastern,Eastern,367765,megawatthours
2025-10-13,NY,New York,DF,Day-ahead demand forecast,Eastern,Eastern,359516,megawatthours
2025-10-13,NY,New York,NG,Net generation,Eastern,Eastern,300105,megawatthours
2025-10-13,NY,New York,TI,Total interchange,Eastern,Eastern,-67660,megawatthours
2025-10-12,NY,New York,D,Demand,Eastern,Eastern,331635,megawatthours
2025-10-12,NY,New York,DF,Day-ahead demand forecast,Eastern,Eastern,324920,megawatthours
2025-10-12,NY,New York,NG,Net generation,Eastern,Eastern,273929,megawatthours
2025-10-12,NY,New York,TI,Total interchange,Eastern,Eastern,-57706,megawatthours
2025-10-11,NY,New York,D,Demand,Eastern,Eastern,335621,megawatthours
2025-10-11,NY,New York,DF,Day-ahead demand forecast,Eastern,Eastern,324992,megawatthours
2025-10-11,NY,New York,NG,Net generation,Eastern,Eastern,274285,megawatthours
2025-10-11,NY,New York,TI,Total interchange,Eastern,Eastern,-61336,megawatthours
2025-10-10,NY,New York,D,Demand,Eastern,Eastern,343863,megawatthours
2025-10-10,NY,New York,DF,Day-ahead demand forecast,Eastern,Eastern,335953,megawatthours
2025-10-10,NY,New York,NG,Net generation,Eastern,Eastern,295593,megawatthours
2025-10-10,NY,New York,TI,Total interchange,Eastern,Eastern,-48270,megawatthours
2025-10-09,NY,New York,D,Demand,Eastern,Eastern,340193,megawatthours
2025-10-09,NY,New York,DF,Day-ahead demand forecast,Eastern,Eastern,340347,megawatthours
2025-10-09,NY,New York,NG,Net generation,Eastern,Eastern,280766,megawatthours
2025-10-09,NY,New York,TI,Total interchange,Eastern,Eastern,-59427,megawatthours
2025-10-08,NY,New York,D,Demand,Eastern,Eastern,379896,megawatthours
2025-10-08,NY,New York,DF,Day-ahead demand forecast,Eastern,Eastern,377569,megawatthours
2025-10-08,NY,New York,NG,Net generation,Eastern,Eastern,325004,megawatthours
2025-10-08,NY,New York,TI,Total interchange,Eastern,Eastern,-54892,megawatthours
2025-10-07,NY,New York,D,Demand,Eastern,Eastern,412826,megawatthours
2025-10-07,NY,New York,DF,Day-ahead demand forecast,Eastern,Eastern,406312,megawatthours
2025-10-07,NY,New York,NG,Net generation,Eastern,Eastern,348709,megawatthours
2025-10-07,NY,New York,TI,Total interchange,Eastern,Eastern,-64117,megawatthours
2025-10-06,NY,New York,D,Demand,Eastern,Eastern,398925,megawatthours
2025-10-06,NY,New York,DF,Day-ahead demand forecast,Eastern,Eastern,390430,megawatthours
2025-10-06,NY,New York,NG,Net generation,Eastern,Eastern,338869,megawatthours
2025-10-06,NY,New York,TI,Total interchange,Eastern,Eastern,-60056,megawatthours
2025-10-05,NY,New York,D,Demand,Eastern,Eastern,365686,megawatthours
2025-10-05,NY,New York,DF,Day-ahead demand forecast,Eastern,Eastern,350753,megawatthours
2025-10-05,NY,New York,NG,Net generation,Eastern,Eastern,298788,megawatthours
2025-10-05,NY,New York,TI,Total interchange,Eastern,Eastern,-66898,megawatthours
2025-10-04,NY,New York,D,Demand,Eastern,Eastern,345358,megawatthours
2025-10-04,NY,New York,DF,Day-ahead demand forecast,Eastern,Eastern,336449,megawatthours
2025-10-04,NY,New York,NG,Net generation,Eastern,Eastern,281186,megawatthours
2025-10-04,NY,New York,TI,Total interchange,Eastern,Eastern,-64172,megawatthours
2025-10-03,NY,New York,D,Demand,Eastern,Eastern,349375,megawatthours
2025-10-03,NY,New York,DF,Day-ahead demand forecast,Eastern,Eastern,340177,megawatthours
2025-10-03,NY,New York,NG,Net generation,Eastern,Eastern,308901,megawatthours
2025-10-03,NY,New York,TI,Total interchange,Eastern,Eastern,-40474,megawatthours
2025-10-02,NY,New York,D,Demand,Eastern,Eastern,345548,megawatthours
2025-10-02,NY,New York,DF,Day-ahead demand forecast,Eastern,Eastern,343462,megawatthours
2025-10-02,NY,New York,NG,Net generation,Eastern,Eastern,302769,megawatthours
2025-10-02,NY,New York,TI,Total interchange,Eastern,Eastern,-42779,megawatthours
2025-10-01,NY,New York,D,Demand,Eastern,Eastern,353297,megawatthours
2025-10-01,NY,New York,DF,Day-ahead demand forecast,Eastern,Eastern,346088,megawatthours
2025-10-01,NY,New York,NG,Net generation,Eastern,Eastern,308024,megawatthours
2025-10-01,NY,New York,TI,Total interchange,Eastern,Eastern,-45273,megawatthours
2025-09-30,NY,New York,D,Demand,Eastern,Eastern,388509,megawatthours
2025-09-30,NY,New York,DF,Day-ahead demand forecast,Eastern,Eastern,383298,megawatthours
2025-09-30,NY,New York,NG,Net generation,Eastern,Eastern,344233,megawatthours
2025-09-30,NY,New York,TI,Total interchange,Eastern,Eastern,-44276,megawatthours
2025-09-29,NY,New York,D,Demand,Eastern,Eastern,400388,megawatthours
2025-09-29,NY,New York,DF,Day-ahead demand forecast,Eastern,Eastern,392342,megawatthours
2025-09-29,NY,New York,NG,Net generation,Eastern,Eastern,360134,megawatthours
2025-09-29,NY,New York,TI,Total interchange,Eastern,Eastern,-40254,megawatthours
2025-09-28,NY,New York,D,Demand,Eastern,Eastern,389718,megawatthours
2025-09-28,NY,New York,DF,Day-ahead demand forecast,Eastern,Eastern,376050,megawatthours
2025-09-28,NY,New York,NG,Net generation,Eastern,Eastern,354485,megawatthours
2025-09-28,NY,New York,TI,Total interchange,Eastern,Eastern,-35233,megawatthours
2025-09-27,NY,New York,D,Demand,Eastern,Eastern,384042,megawatthours
2025-09-27,NY,New York,DF,Day-ahead demand forecast,Eastern,Eastern,374864,megawatthours
2025-09-27,NY,New York,NG,Net generation,Eastern,Eastern,343237,megawatthours
2025-09-27,NY,New York,TI,Total interchange,Eastern,Eastern,-40805,megawatthours
2025-09-26,NY,New York,D,Demand,Eastern,Eastern,423653,megawatthours
2025-09-26,NY,New York,DF,Day-ahead demand forecast,Eastern,Eastern,412305,megawatthours
2025-09-26,NY,New York,NG,Net generation,Eastern,Eastern,389967,megawatthours
2025-09-26,NY,New York,TI,Total interchange,Eastern,Eastern,-33686,megawatthours
2025-09-25,NY,New York,D,Demand,Eastern,Eastern,443927,megawatthours
2025-09-25,NY,New York,DF,Day-ahead demand forecast,Eastern,Eastern,422955,megawatthours
2025-09-25,NY,New York,NG,Net generation,Eastern,Eastern,403766,megawatthours
2025-09-25,NY,New York,TI,Total interchange,Eastern,Eastern,-40161,megawatthours
2025-09-24,NY,New York,D,Demand,Eastern,Eastern,432178,megawatthours
2025-09-24,NY,New York,DF,Day-ahead demand forecast,Eastern,Eastern,416202,megawatthours
2025-09-24,NY,New York,NG,Net generation,Eastern,Eastern,396663,megawatthours
2025-09-24,NY,New York,TI,Total interchange,Eastern,Eastern,-35515,megawatthours
2025-09-23,NY,New York,D,Demand,Eastern,Eastern,416524,megawatthours
2025-09-23,NY,New York,DF,Day-ahead demand forecast,Eastern,Eastern,404777,megawatthours
2025-09-23,NY,New York,NG,Net generation,Eastern,Eastern,366586,megawatthours
2025-09-23,NY,New York,TI,Total interchange,Eastern,Eastern,-49938,megawatthours
2025-09-22,NY,New York,D,Demand,Eastern,Eastern,379327,megawatthours
2025-09-22,NY,New York,DF,Day-ahead demand forecast,Eastern,Eastern,375808,megawatthours
2025-09-22,NY,New York,NG,Net generation,Eastern,Eastern,330314,megawatthours
2025-09-22,NY,New York,TI,Total interchange,Eastern,Eastern,-49013,megawatthours
2025-09-21,NY,New York,D,Demand,Eastern,Eastern,337369,megawatthours
2025-09-21,NY,New York,DF,Day-ahead demand forecast,Eastern,Eastern,335244,megawatthours
2025-09-21,NY,New York,NG,Net generation,Eastern,Eastern,302907,megawatthours
2025-09-21,NY,New York,TI,Total interchange,Eastern,Eastern,-34462,megawatthours
2025-09-20,NY,New York,D,Demand,Eastern,Eastern,344147,megawatthours
2025-09-20,NY,New York,DF,Day-ahead demand forecast,Eastern,Eastern,339984,megawatthours
2025-09-20,NY,New York,NG,Net generation,Eastern,Eastern,300531,megawatthours
2025-09-20,NY,New York,TI,Total interchange,Eastern,Eastern,-43616,megawatthours
2025-09-19,NY,New York,D,Demand,Eastern,Eastern,410318,megawatthours
2025-09-19,NY,New York,DF,Day-ahead demand forecast,Eastern,Eastern,395534,megawatthours
2025-09-19,NY,New York,NG,Net generation,Eastern,Eastern,353173,megawatthours
2025-09-19,NY,New York,TI,Total interchange,Eastern,Eastern,-57145,megawatthours
2025-09-18,NY,New York,D,Demand,Eastern,Eastern,406058,megawatthours
2025-09-18,NY,New York,DF,Day-ahead demand forecast,Eastern,Eastern,394347,megawatthours
2025-09-18,NY,New York,NG,Net generation,Eastern,Eastern,354796,megawatthours
2025-09-18,NY,New York,TI,Total interchange,Eastern,Eastern,-51262,megawatthours
2025-09-17,NY,New York,D,Demand,Eastern,Eastern,386088,megawatthours
2025-09-17,NY,New York,DF,Day-ahead demand forecast,Eastern,Eastern,384354,megawatthours
2025-09-17,NY,New York,NG,Net generation,Eastern,Eastern,334058,megawatthours
2025-09-17,NY,New York,TI,Total interchange,Eastern,Eastern,-52030,megawatthours
2025-09-16,NY,New York,D,Demand,Eastern,Eastern,392441,megawatthours
2025-09-16,NY,New York,DF,Day-ahead demand forecast,Eastern,Eastern,396126,megawatthours
2025-09-16,NY,New York,NG,Net generation,Eastern,Eastern,326814,megawatthours
2025-09-16,NY,New York,TI,Total interchange,Eastern,Eastern,-65627,megawatthours
2025-09-15,NY,New York,D,Demand,Eastern,Eastern,408169,megawatthours
2025-09-15,NY,New York,DF,Day-ahead demand forecast,Eastern,Eastern,403284,megawatthours
2025-09-15,NY,New York,NG,Net generation,Eastern,Eastern,336183,megawatthours
2025-09-15,NY,New York,TI,Total interchange,Eastern,Eastern,-71986,megawatthours
2025-09-14,NY,New York,D,Demand,Eastern,Eastern,382054,megawatthours
2025-09-14,NY,New York,DF,Day-ahead demand forecast,Eastern,Eastern,375112,megawatthours
2025-09-14,NY,New York,NG,Net generation,Eastern,Eastern,310418,megawatthours
2025-09-14,NY,New York,TI,Total interchange,Eastern,Eastern,-71636,megawatthours
2025-09-13,NY,New York,D,Demand,Eastern,Eastern,375302,megawatthours
2025-09-13,NY,New York,DF,Day-ahead demand forecast,Eastern,Eastern,370615,megawatthours
2025-09-13,NY,New York,NG,Net generation,Eastern,Eastern,304720,megawatthours
2025-09-13,NY,New York,TI,Total interchange,Eastern,Eastern,-70582,megawatthours
2025-09-12,NY,New York,D,Demand,Eastern,Eastern,386145,megawatthours
2025-09-12,NY,New York,DF,Day-ahead demand forecast,Eastern,Eastern,373541,megawatthours
2025-09-12,NY,New York,NG,Net generation,Eastern,Eastern,320347,megawatthours
2025-09-12,NY,New York,TI,Total interchange,Eastern,Eastern,-65798,megawatthours
2025-09-11,NY,New York,D,Demand,Eastern,Eastern,383588,megawatthours
2025-09-11,NY,New York,DF,Day-ahead demand forecast,Eastern,Eastern,373011,megawatthours
2025-09-11,NY,New York,NG,Net generation,Eastern,Eastern,333179,megawatthours
2025-09-11,NY,New York,TI,Total interchange,Eastern,Eastern,-50409,megawatthours
2025-09-10,NY,New York,D,Demand,Eastern,Eastern,373084,megawatthours
2025-09-10,NY,New York,DF,Day-ahead demand forecast,Eastern,Eastern,368003,megawatthours
2025-09-10,NY,New York,NG,Net generation,Eastern,Eastern,324445,megawatthours
2025-09-10,NY,New York,TI,Total interchange,Eastern,Eastern,-48639,megawatthours
2025-09-09,NY,New York,D,Demand,Eastern,Eastern,365709,megawatthours
2025-09-09,NY,New York,DF,Day-ahead demand forecast,Eastern,Eastern,13956,megawatthours
2025-09-09,NY,New York,NG,Net generation,Eastern,Eastern,316777,megawatthours
2025-09-09,NY,New York,TI,Total interchange,Eastern,Eastern,-48932,megawatthours
2025-09-08,NY,New York,D,Demand,Eastern,Eastern,363745,megawatthours
2025-09-08,NY,New York,DF,Day-ahead demand forecast,Eastern,Eastern,364135,megawatthours
2025-09-08,NY,New York,NG,Net generation,Eastern,Eastern,312518,megawatthours
2025-09-08,NY,New York,TI,Total interchange,Eastern,Eastern,-51227,megawatthours
2025-09-07,NY,New York,D,Demand,Eastern,Eastern,359811,megawatthours
2025-09-07,NY,New York,DF,Day-ahead demand forecast,Eastern,Eastern,362895,megawatthours
2025-09-07,NY,New York,NG,Net generation,Eastern,Eastern,325333,megawatthours
2025-09-07,NY,New York,TI,Total interchange,Eastern,Eastern,-34478,megawatthours
2025-09-06,NY,New York,D,Demand,Eastern,Eastern,424128,megawatthours
2025-09-06,NY,New York,DF,Day-ahead demand forecast,Eastern,Eastern,417975,megawatthours
2025-09-06,NY,New York,NG,Net generation,Eastern,Eastern,365257,megawatthours
2025-09-06,NY,New York,TI,Total interchange,Eastern,Eastern,-58871,megawatthours
2025-09-05,NY,New York,D,Demand,Eastern,Eastern,431027,megawatthours
2025-09-05,NY,New York,DF,Day-ahead demand forecast,Eastern,Eastern,426900,megawatthours
2025-09-05,NY,New York,NG,Net generation,Eastern,Eastern,374210,megawatthours
2025-09-05,NY,New York,TI,Total interchange,Eastern,Eastern,-56817,megawatthours
2025-09-04,NY,New York,D,Demand,Eastern,Eastern,414686,megawatthours
2025-09-04,NY,New York,DF,Day-ahead demand forecast,Eastern,Eastern,410246,megawatthours
2025-09-04,NY,New York,NG,Net generation,Eastern,Eastern,359056,megawatthours
2025-09-04,NY,New York,TI,Total interchange,Eastern,Eastern,-55630,megawatthours
2025-09-03,NY,New York,D,Demand,Eastern,Eastern,400220,megawatthours
2025-09-03,NY,New York,DF,Day-ahead demand forecast,Eastern,Eastern,399027,megawatthours
2025-09-03,NY,New York,NG,Net generation,Eastern,Eastern,335483,megawatthours
2025-09-03,NY,New York,TI,Total interchange,Eastern,Eastern,-64737,megawatthours
2025-09-02,NY,New York,D,Demand,Eastern,Eastern,395951,megawatthours
2025-09-02,NY,New York,DF,Day-ahead demand forecast,Eastern,Eastern,394241,megawatthours
2025-09-02,NY,New York,NG,Net generation,Eastern,Eastern,324163,megawatthours
2025-09-02,NY,New York,TI,Total interchange,Eastern,Eastern,-71788,megawatthours
2025-09-01,NY,New York,D,Demand,Eastern,Eastern,363315,megawatthours
2025-09-01,NY,New York,DF,Day-ahead demand forecast,Eastern,Eastern,363977,megawatthours
2025-09-01,NY,New York,NG,Net generation,Eastern,Eastern,291852,megawatthours
2025-09-01,NY,New York,TI,Total interchange,Eastern,Eastern,-71463,megawatthours
2025-08-31,NY,New York,D,Demand,Eastern,Eastern,342833,megawatthours
2025-08-31,NY,New York,DF,Day-ahead demand forecast,Eastern,Eastern,338193,megawatthours
2025-08-31,NY,New York,NG,Net generation,Eastern,Eastern,282194,megawatthours
2025-08-31,NY,New York,TI,Total interchange,Eastern,Eastern,-60639,megawatthours
2025-08-30,NY,New York,D,Demand,Eastern,Eastern,344509,megawatthours
2025-08-30,NY,New York,DF,Day-ahead demand forecast,Eastern,Eastern,337881,megawatthours
2025-08-30,NY,New York,NG,Net generation,Eastern,Eastern,298235,megawatthours
2025-08-30,NY,New York,TI,Total interchange,Eastern,Eastern,-46274,megawatthours
2025-08-29,NY,New York,D,Demand,Eastern,Eastern,392702,megawatthours
2025-08-29,NY,New York,DF,Day-ahead demand forecast,Eastern,Eastern,384934,megawatthours
2025-08-29,NY,New York,NG,Net generation,Eastern,Eastern,336811,megawatthours
2025-08-29,NY,New York,TI,Total interchange,Eastern,Eastern,-55891,megawatthours
2025-08-28,NY,New York,D,Demand,Eastern,Eastern,387000,megawatthours
2025-08-28,NY,New York,DF,Day-ahead demand forecast,Eastern,Eastern,384518,megawatthours
2025-08-28,NY,New York,NG,Net generation,Eastern,Eastern,333280,megawatthours
2025-08-28,NY,New York,TI,Total interchange,Eastern,Eastern,-53720,megawatthours
2025-08-27,NY,New York,D,Demand,Eastern,Eastern,389620,megawatthours
2025-08-27,NY,New York,DF,Day-ahead demand forecast,Eastern,Eastern,387970,megawatthours
2025-08-27,NY,New York,NG,Net generation,Eastern,Eastern,323699,megawatthours
2025-08-27,NY,New York,TI,Total interchange,Eastern,Eastern,-65921,megawatthours
2025-08-26,NY,New York,D,Demand,Eastern,Eastern,410750,megawatthours
2025-08-26,NY,New York,DF,Day-ahead demand forecast,Eastern,Eastern,403430,megawatthours
2025-08-26,NY,New York,NG,Net generation,Eastern,Eastern,358718,megawatthours
2025-08-26,NY,New York,TI,Total interchange,Eastern,Eastern,-52032,megawatthours
2025-08-25,NY,New York,D,Demand,Eastern,Eastern,447864,megawatthours
2025-08-25,NY,New York,DF,Day-ahead demand forecast,Eastern,Eastern,436615,megawatthours
2025-08-25,NY,New York,NG,Net generation,Eastern,Eastern,392991,megawatthours
2025-08-25,NY,New York,TI,Total interchange,Eastern,Eastern,-54873,megawatthours
2025-08-24,NY,New York,D,Demand,Eastern,Eastern,414496,megawatthours
2025-08-24,NY,New York,DF,Day-ahead demand forecast,Eastern,Eastern,415855,megawatthours
2025-08-24,NY,New York,NG,Net generation,Eastern,Eastern,365823,megawatthours
2025-08-24,NY,New York,TI,Total interchange,Eastern,Eastern,-48673,megawatthours
2025-08-23,NY,New York,D,Demand,Eastern,Eastern,400489,megawatthours
2025-08-23,NY,New York,DF,Day-ahead demand forecast,Eastern,Eastern,410096,megawatthours
2025-08-23,NY,New York,NG,Net generation,Eastern,Eastern,352948,megawatthours
2025-08-23,NY,New York,TI,Total interchange,Eastern,Eastern,-47541,megawatthours
2025-08-22,NY,New York,D,Demand,Eastern,Eastern,398716,megawatthours
2025-08-22,NY,New York,DF,Day-ahead demand forecast,Eastern,Eastern,393689,megawatthours
2025-08-22,NY,New York,NG,Net generation,Eastern,Eastern,360188,megawatthours
2025-08-22,NY,New York,TI,Total interchange,Eastern,Eastern,-38528,megawatthours
2025-08-21,NY,New York,D,Demand,Eastern,Eastern,385529,megawatthours
2025-08-21,NY,New York,DF,Day-ahead demand forecast,Eastern,Eastern,394193,megawatthours
2025-08-21,NY,New York,NG,Net generation,Eastern,Eastern,348902,megawatthours
2025-08-21,NY,New York,TI,Total interchange,Eastern,Eastern,-36627,megawatthours
2025-08-20,NY,New York,D,Demand,Eastern,Eastern,413024,megawatthours
2025-08-20,NY,New York,DF,Day-ahead demand forecast,Eastern,Eastern,421165,megawatthours
2025-08-20,NY,New York,NG,Net generation,Eastern,Eastern,371065,megawatthours
2025-08-20,NY,New York,TI,Total interchange,Eastern,Eastern,-41959,megawatthours
2025-08-19,NY,New York,D,Demand,Eastern,Eastern,413861,megawatthours
2025-08-19,NY,New York,DF,Day-ahead demand forecast,Eastern,Eastern,418890,megawatthours
2025-08-19,NY,New York,NG,Net generation,Eastern,Eastern,368786,megawatthours
2025-08-19,NY,New York,TI,Total interchange,Eastern,Eastern,-45075,megawatthours
2025-08-18,NY,New York,D,Demand,Eastern,Eastern,430269,megawatthours
2025-08-18,NY,New York,DF,Day-ahead demand forecast,Eastern,Eastern,439196,megawatthours
2025-08-18,NY,New York,NG,Net generation,Eastern,Eastern,384088,megawatthours
2025-08-18,NY,New York,TI,Total interchange,Eastern,Eastern,-46181,megawatthours
2025-08-17,NY,New York,D,Demand,Eastern,Eastern,498703,megawatthours
2025-08-17,NY,New York,DF,Day-ahead demand forecast,Eastern,Eastern,495488,megawatthours
2025-08-17,NY,New York,NG,Net generation,Eastern,Eastern,447568,megawatthours
2025-08-17,NY,New York,TI,Total interchange,Eastern,Eastern,-51135,megawatthours
2025-08-16,NY,New York,D,Demand,Eastern,Eastern,492830,megawatthours
2025-08-16,NY,New York,DF,Day-ahead demand forecast,Eastern,Eastern,480640,megawatthours
2025-08-16,NY,New York,NG,Net generation,Eastern,Eastern,459369,megawatthours
2025-08-16,NY,New York,TI,Total interchange,Eastern,Eastern,-33461,megawatthours
2025-08-15,NY,New York,D,Demand,Eastern,Eastern,517722,megawatthours
2025-08-15,NY,New York,DF,Day-ahead demand forecast,Eastern,Eastern,510629,megawatthours
2025-08-15,NY,New York,NG,Net generation,Eastern,Eastern,481497,megawatthours
2025-08-15,NY,New York,TI,Total interchange,Eastern,Eastern,-36225,megawatthours
2025-08-14,NY,New York,D,Demand,Eastern,Eastern,539828,megawatthours
2025-08-14,NY,New York,DF,Day-ahead demand forecast,Eastern,Eastern,529516,megawatthours
2025-08-14,NY,New York,NG,Net generation,Eastern,Eastern,493612,megawatthours
2025-08-14,NY,New York,TI,Total interchange,Eastern,Eastern,-46216,megawatthours
2025-08-13,NY,New York,D,Demand,Eastern,Eastern,557728,megawatthours
2025-08-13,NY,New York,DF,Day-ahead demand forecast,Eastern,Eastern,556874,megawatthours
2025-08-13,NY,New York,NG,Net generation,Eastern,Eastern,509691,megawatthours
2025-08-13,NY,New York,TI,Total interchange,Eastern,Eastern,-48037,megawatthours
2025-08-12,NY,New York,D,Demand,Eastern,Eastern,541109,megawatthours
2025-08-12,NY,New York,DF,Day-ahead demand forecast,Eastern,Eastern,532613,megawatthours
2025-08-12,NY,New York,NG,Net generation,Eastern,Eastern,508931,megawatthours
2025-08-12,NY,New York,TI,Total interchange,Eastern,Eastern,-32178,megawatthours
2025-08-11,NY,New York,D,Demand,Eastern,Eastern,515453,megawatthours
2025-08-11,NY,New York,DF,Day-ahead demand forecast,Eastern,Eastern,515073,megawatthours
2025-08-11,NY,New York,NG,Net generation,Eastern,Eastern,472621,megawatthours
2025-08-11,NY,New York,TI,Total interchange,Eastern,Eastern,-42832,megawatthours
2025-08-10,NY,New York,D,Demand,Eastern,Eastern,459226,megawatthours
2025-08-10,NY,New York,DF,Day-ahead demand forecast,Eastern,Eastern,458848,megawatthours
2025-08-10,NY,New York,NG,Net generation,Eastern,Eastern,408840,megawatthours
2025-08-10,NY,New York,TI,Total interchange,Eastern,Eastern,-50386,megawatthours
2025-08-09,NY,New York,D,Demand,Eastern,Eastern,434994,megawatthours
2025-08-09,NY,New York,DF,Day-ahead demand forecast,Eastern,Eastern,428313,megawatthours
2025-08-09,NY,New York,NG,Net generation,Eastern,Eastern,386526,megawatthours
2025-08-09,NY,New York,TI,Total interchange,Eastern,Eastern,-48468,megawatthours
2025-08-08,NY,New York,D,Demand,Eastern,Eastern,450265,megawatthours
2025-08-08,NY,New York,DF,Day-ahead demand forecast,Eastern,Eastern,455573,megawatthours
2025-08-08,NY,New York,NG,Net generation,Eastern,Eastern,414330,megawatthours
2025-08-08,NY,New York,TI,Total interchange,Eastern,Eastern,-35935,megawatthours
2025-08-07,NY,New York,D,Demand,Eastern,Eastern,461535,megawatthours
2025-08-07,NY,New York,DF,Day-ahead demand forecast,Eastern,Eastern,461565,megawatthours
2025-08-07,NY,New York,NG,Net generation,Eastern,Eastern,418255,megawatthours
2025-08-07,NY,New York,TI,Total interchange,Eastern,Eastern,-43280,megawatthours
2025-08-06,NY,New York,D,Demand,Eastern,Eastern,474832,megawatthours
2025-08-06,NY,New York,DF,Day-ahead demand forecast,Eastern,Eastern,486216,megawatthours
2025-08-06,NY,New York,NG,Net generation,Eastern,Eastern,436221,megawatthours
2025-08-06,NY,New York,TI,Total interchange,Eastern,Eastern,-38611,megawatthours
2025-08-05,NY,New York,D,Demand,Eastern,Eastern,487114,megawatthours
2025-08-05,NY,New York,DF,Day-ahead demand forecast,Eastern,Eastern,502293,megawatthours
2025-08-05,NY,New York,NG,Net generation,Eastern,Eastern,440797,megawatthours
2025-08-05,NY,New York,TI,Total interchange,Eastern,Eastern,-46317,megawatthours
2025-08-04,NY,New York,D,Demand,Eastern,Eastern,470645,megawatthours
2025-08-04,NY,New York,DF,Day-ahead demand forecast,Eastern,Eastern,472659,megawatthours
2025-08-04,NY,New York,NG,Net generation,Eastern,Eastern,410535,megawatthours
2025-08-04,NY,New York,TI,Total interchange,Eastern,Eastern,-60110,megawatthours
2025-08-03,NY,New York,D,Demand,Eastern,Eastern,403537,megawatthours
2025-08-03,NY,New York,DF,Day-ahead demand forecast,Eastern,Eastern,402783,megawatthours
2025-08-03,NY,New York,NG,Net generation,Eastern,Eastern,349013,megawatthours
2025-08-03,NY,New York,TI,Total interchange,Eastern,Eastern,-54524,megawatthours
2025-08-02,NY,New York,D,Demand,Eastern,Eastern,387889,megawatthours
2025-08-02,NY,New York,DF,Day-ahead demand forecast,Eastern,Eastern,390111,megawatthours
2025-08-02,NY,New York,NG,Net generation,Eastern,Eastern,334919,megawatthours
2025-08-02,NY,New York,TI,Total interchange,Eastern,Eastern,-52970,megawatthours
2025-08-01,NY,New York,D,Demand,Eastern,Eastern,416720,megawatthours
2025-08-01,NY,New York,DF,Day-ahead demand forecast,Eastern,Eastern,425374,megawatthours
2025-08-01,NY,New York,NG,Net generation,Eastern,Eastern,356258,megawatthours
2025-08-01,NY,New York,TI,Total interchange,Eastern,Eastern,-60462,megawatthours
2025-07-31,NY,New York,D,Demand,Eastern,Eastern,531768,megawatthours
2025-07-31,NY,New York,DF,Day-ahead demand forecast,Eastern,Eastern,532383,megawatthours
2025-07-31,NY,New York,NG,Net generation,Eastern,Eastern,477090,megawatthours
2025-07-31,NY,New York,TI,Total interchange,Eastern,Eastern,-54678,megawatthours
2025-07-30,NY,New York,D,Demand,Eastern,Eastern,603912,megawatthours
2025-07-30,NY,New York,DF,Day-ahead demand forecast,Eastern,Eastern,598259,megawatthours
2025-07-30,NY,New York,NG,Net generation,Eastern,Eastern,549165,megawatthours
2025-07-30,NY,New York,TI,Total interchange,Eastern,Eastern,-54747,megawatthours
2025-07-29,NY,New York,D,Demand,Eastern,Eastern,610519,megawatthours
2025-07-29,NY,New York,DF,Day-ahead demand forecast,Eastern,Eastern,596869,megawatthours
2025-07-29,NY,New York,NG,Net generation,Eastern,Eastern,557581,megawatthours
2025-07-29,NY,New York,TI,Total interchange,Eastern,Eastern,-52938,megawatthours
2025-07-28,NY,New York,D,Demand,Eastern,Eastern,578466,megawatthours
2025-07-28,NY,New York,DF,Day-ahead demand forecast,Eastern,Eastern,561644,megawatthours
2025-07-28,NY,New York,NG,Net generation,Eastern,Eastern,522425,megawatthours
2025-07-28,NY,New York,TI,Total interchange,Eastern,Eastern,-56041,megawatthours
2025-07-27,NY,New York,D,Demand,Eastern,Eastern,497735,megawatthours
2025-07-27,NY,New York,DF,Day-ahead demand forecast,Eastern,Eastern,486777,megawatthours
2025-07-27,NY,New York,NG,Net generation,Eastern,Eastern,442809,megawatthours
2025-07-27,NY,New York,TI,Total interchange,Eastern,Eastern,-54926,megawatthours
2025-07-26,NY,New York,D,Demand,Eastern,Eastern,501454,megawatthours
2025-07-26,NY,New York,DF,Day-ahead demand forecast,Eastern,Eastern,518412,megawatthours
2025-07-26,NY,New York,NG,Net generation,Eastern,Eastern,435705,megawatthours
2025-07-26,NY,New York,TI,Total interchange,Eastern,Eastern,-65749,megawatthours
2025-07-25,NY,New York,D,Demand,Eastern,Eastern,575639,megawatthours
2025-07-25,NY,New York,DF,Day-ahead demand forecast,Eastern,Eastern,572081,megawatthours
2025-07-25,NY,New York,NG,Net generation,Eastern,Eastern,500494,megawatthours
2025-07-25,NY,New York,TI,Total interchange,Eastern,Eastern,-75145,megawatthours
2025-07-24,NY,New York,D,Demand,Eastern,Eastern,524638,megawatthours
2025-07-24,NY,New York,DF,Day-ahead demand forecast,Eastern,Eastern,518148,megawatthours
2025-07-24,NY,New York,NG,Net generation,Eastern,Eastern,462684,megawatthours
2025-07-24,NY,New York,TI,Total interchange,Eastern,Eastern,-61954,megawatthours
2025-07-23,NY,New York,D,Demand,Eastern,Eastern,466856,megawatthours
2025-07-23,NY,New York,DF,Day-ahead demand forecast,Eastern,Eastern,478020,megawatthours
2025-07-23,NY,New York,NG,Net generation,Eastern,Eastern,404261,megawatthours
2025-07-23,NY,New York,TI,Total interchange,Eastern,Eastern,-62595,megawatthours
2025-07-22,NY,New York,D,Demand,Eastern,Eastern,443227,megawatthours
2025-07-22,NY,New York,DF,Day-ahead demand forecast,Eastern,Eastern,438504,megawatthours
2025-07-22,NY,New York,NG,Net generation,Eastern,Eastern,389838,megawatthours
2025-07-22,NY,New York,TI,Total interchange,Eastern,Eastern,-53389,megawatthours
2025-07-21,NY,New York,D,Demand,Eastern,Eastern,493897,megawatthours
2025-07-21,NY,New York,DF,Day-ahead demand forecast,Eastern,Eastern,466573,megawatthours
2025-07-21,NY,New York,NG,Net generation,Eastern,Eastern,416016,megawatthours
2025-07-21,NY,New York,TI,Total interchange,Eastern,Eastern,-77881,megawatthours
2025-07-20,NY,New York,D,Demand,Eastern,Eastern,507938,megawatthours
2025-07-20,NY,New York,DF,Day-ahead demand forecast,Eastern,Eastern,496912,megawatthours
2025-07-20,NY,New York,NG,Net generation,Eastern,Eastern,425706,megawatthours
2025-07-20,NY,New York,TI,Total interchange,Eastern,Eastern,-82232,megawatthours
2025-07-19,NY,New York,D,Demand,Eastern,Eastern,454397,megawatthours
2025-07-19,NY,New York,DF,Day-ahead demand forecast,Eastern,Eastern,455982,megawatthours
2025-07-19,NY,New York,NG,Net generation,Eastern,Eastern,384080,megawatthours
2025-07-19,NY,New York,TI,Total interchange,Eastern,Eastern,-70317,megawatthours
2025-07-18,NY,New York,D,Demand,Eastern,Eastern,492801,megawatthours
2025-07-18,NY,New York,DF,Day-ahead demand forecast,Eastern,Eastern,497319,megawatthours
2025-07-18,NY,New York,NG,Net generation,Eastern,Eastern,426377,megawatthours
2025-07-18,NY,New York,TI,Total interchange,Eastern,Eastern,-66424,megawatthours
2025-07-17,NY,New York,D,Demand,Eastern,Eastern,594728,megawatthours
2025-07-17,NY,New York,DF,Day-ahead demand forecast,Eastern,Eastern,588966,megawatthours
2025-07-17,NY,New York,NG,Net generation,Eastern,Eastern,516245,megawatthours
2025-07-17,NY,New York,TI,Total interchange,Eastern,Eastern,-78483,megawatthours
2025-07-16,NY,New York,D,Demand,Eastern,Eastern,587198,megawatthours
2025-07-16,NY,New York,DF,Day-ahead demand forecast,Eastern,Eastern,572938,megawatthours
2025-07-16,NY,New York,NG,Net generation,Eastern,Eastern,512338,megawatthours
2025-07-16,NY,New York,TI,Total interchange,Eastern,Eastern,-74860,megawatthours
2025-07-15,NY,New York,D,Demand,Eastern,Eastern,553254,megawatthours
2025-07-15,NY,New York,DF,Day-ahead demand forecast,Eastern,Eastern,541128,megawatthours
2025-07-15,NY,New York,NG,Net generation,Eastern,Eastern,492037,megawatthours
2025-07-15,NY,New York,TI,Total interchange,Eastern,Eastern,-61217,megawatthours
2025-07-14,NY,New York,D,Demand,Eastern,Eastern,554606,megawatthours
2025-07-14,NY,New York,DF,Day-ahead demand forecast,Eastern,Eastern,536941,megawatthours
2025-07-14,NY,New York,NG,Net generation,Eastern,Eastern,480895,megawatthours
2025-07-14,NY,New York,TI,Total interchange,Eastern,Eastern,-73711,megawatthours
2025-07-13,NY,New York,D,Demand,Eastern,Eastern,510365,megawatthours
2025-07-13,NY,New York,DF,Day-ahead demand forecast,Eastern,Eastern,490550,megawatthours
2025-07-13,NY,New York,NG,Net generation,Eastern,Eastern,434966,megawatthours
2025-07-13,NY,New York,TI,Total interchange,Eastern,Eastern,-75399,megawatthours
2025-07-12,NY,New York,D,Demand,Eastern,Eastern,514639,megawatthours
2025-07-12,NY,New York,DF,Day-ahead demand forecast,Eastern,Eastern,504109,megawatthours
2025-07-12,NY,New York,NG,Net generation,Eastern,Eastern,435965,megawatthours
2025-07-12,NY,New York,TI,Total interchange,Eastern,Eastern,-78674,megawatthours
2025-07-11,NY,New York,D,Demand,Eastern,Eastern,533381,megawatthours
2025-07-11,NY,New York,DF,Day-ahead demand forecast,Eastern,Eastern,522329,megawatthours
2025-07-11,NY,New York,NG,Net generation,Eastern,Eastern,456131,megawatthours
2025-07-11,NY,New York,TI,Total interchange,Eastern,Eastern,-77250,megawatthours
2025-07-10,NY,New York,D,Demand,Eastern,Eastern,530750,megawatthours
2025-07-10,NY,New York,DF,Day-ahead demand forecast,Eastern,Eastern,527219,megawatthours
2025-07-10,NY,New York,NG,Net generation,Eastern,Eastern,453754,megawatthours
2025-07-10,NY,New York,TI,Total interchange,Eastern,Eastern,-76996,megawatthours
2025-07-09,NY,New York,D,Demand,Eastern,Eastern,556728,megawatthours
2025-07-09,NY,New York,DF,Day-ahead demand forecast,Eastern,Eastern,539479,megawatthours
2025-07-09,NY,New York,NG,Net generation,Eastern,Eastern,476766,megawatthours
2025-07-09,NY,New York,TI,Total interchange,Eastern,Eastern,-79962,megawatthours
2025-07-08,NY,New York,D,Demand,Eastern,Eastern,574492,megawatthours
2025-07-08,NY,New York,DF,Day-ahead demand forecast,Eastern,Eastern,551338,megawatthours
2025-07-08,NY,New York,NG,Net generation,Eastern,Eastern,497173,megawatthours
2025-07-08,NY,New York,TI,Total interchange,Eastern,Eastern,-77319,megawatthours
2025-07-07,NY,New York,D,Demand,Eastern,Eastern,565879,megawatthours
2025-07-07,NY,New York,DF,Day-ahead demand forecast,Eastern,Eastern,554391,megawatthours
2025-07-07,NY,New York,NG,Net generation,Eastern,Eastern,492886,megawatthours
2025-07-07,NY,New York,TI,Total interchange,Eastern,Eastern,-72993,megawatthours
2025-07-06,NY,New York,D,Demand,Eastern,Eastern,500009,megawatthours
2025-07-06,NY,New York,DF,Day-ahead demand forecast,Eastern,Eastern,473102,megawatthours
2025-07-06,NY,New York,NG,Net generation,Eastern,Eastern,419388,megawatthours
2025-07-06,NY,New York,TI,Total interchange,Eastern,Eastern,-80621,megawatthours
2025-07-05,NY,New York,D,Demand,Eastern,Eastern,439855,megawatthours
2025-07-05,NY,New York,DF,Day-ahead demand forecast,Eastern,Eastern,415652,megawatthours
2025-07-05,NY,New York,NG,Net generation,Eastern,Eastern,368784,megawatthours
2025-07-05,NY,New York,TI,Total interchange,Eastern,Eastern,-71071,megawatthours
2025-07-04,NY,New York,D,Demand,Eastern,Eastern,412395,megawatthours
2025-07-04,NY,New York,DF,Day-ahead demand forecast,Eastern,Eastern,420076,megawatthours
2025-07-04,NY,New York,NG,Net generation,Eastern,Eastern,349539,megawatthours
2025-07-04,NY,New York,TI,Total interchange,Eastern,Eastern,-62856,megawatthours
2025-07-03,NY,New York,D,Demand,Eastern,Eastern,494340,megawatthours
2025-07-03,NY,New York,DF,Day-ahead demand forecast,Eastern,Eastern,490308,megawatthours
2025-07-03,NY,New York,NG,Net generation,Eastern,Eastern,436481,megawatthours
2025-07-03,NY,New York,TI,Total interchange,Eastern,Eastern,-57859,megawatthours
2025-07-02,NY,New York,D,Demand,Eastern,Eastern,510732,megawatthours
2025-07-02,NY,New York,DF,Day-ahead demand forecast,Eastern,Eastern,507984,megawatthours
2025-07-02,NY,New York,NG,Net generation,Eastern,Eastern,441464,megawatthours
2025-07-02,NY,New York,TI,Total interchange,Eastern,Eastern,-69268,megawatthours
2025-07-01,NY,New York,D,Demand,Eastern,Eastern,553433,megawatthours
2025-07-01,NY,New York,DF,Day-ahead demand forecast,Eastern,Eastern,543956,megawatthours
2025-07-01,NY,New York,NG,Net generation,Eastern,Eastern,473409,megawatthours
2025-07-01,NY,New York,TI,Total interchange,Eastern,Eastern,-80024,megawatthours
2025-06-30,NY,New York,D,Demand,Eastern,Eastern,532117,megawatthours
2025-06-30,NY,New York,DF,Day-ahead demand forecast,Eastern,Eastern,509636,megawatthours
2025-06-30,NY,New York,NG,Net generation,Eastern,Eastern,448097,megawatthours
2025-06-30,NY,New York,TI,Total interchange,Eastern,Eastern,-84020,megawatthours
2025-06-29,NY,New York,D,Demand,Eastern,Eastern,478643,megawatthours
2025-06-29,NY,New York,DF,Day-ahead demand forecast,Eastern,Eastern,444361,megawatthours
2025-06-29,NY,New York,NG,Net generation,Eastern,Eastern,389030,megawatthours
2025-06-29,NY,New York,TI,Total interchange,Eastern,Eastern,-89613,megawatthours
2025-06-28,NY,New York,D,Demand,Eastern,Eastern,436440,megawatthours
2025-06-28,NY,New York,DF,Day-ahead demand forecast,Eastern,Eastern,427702,megawatthours
2025-06-28,NY,New York,NG,Net generation,Eastern,Eastern,360506,megawatthours
2025-06-28,NY,New York,TI,Total interchange,Eastern,Eastern,-75934,megawatthours
2025-06-27,NY,New York,D,Demand,Eastern,Eastern,425393,megawatthours
2025-06-27,NY,New York,DF,Day-ahead demand forecast,Eastern,Eastern,434050,megawatthours
2025-06-27,NY,New York,NG,Net generation,Eastern,Eastern,348365,megawatthours
2025-06-27,NY,New York,TI,Total interchange,Eastern,Eastern,-77028,megawatthours
2025-06-26,NY,New York,D,Demand,Eastern,Eastern,504822,megawatthours
2025-06-26,NY,New York,DF,Day-ahead demand forecast,Eastern,Eastern,496710,megawatthours
2025-06-26,NY,New York,NG,Net generation,Eastern,Eastern,432053,megawatthours
2025-06-26,NY,New York,TI,Total interchange,Eastern,Eastern,-72769,megawatthours
2025-06-25,NY,New York,D,Demand,Eastern,Eastern,631325,megawatthours
2025-06-25,NY,New York,DF,Day-ahead demand forecast,Eastern,Eastern,584613,megawatthours
2025-06-25,NY,New York,NG,Net generation,Eastern,Eastern,536270,megawatthours
2025-06-25,NY,New York,TI,Total interchange,Eastern,Eastern,-95055,megawatthours
2025-06-24,NY,New York,D,Demand,Eastern,Eastern,634989,megawatthours
2025-06-24,NY,New York,DF,Day-ahead demand forecast,Eastern,Eastern,600349,megawatthours
2025-06-24,NY,New York,NG,Net generation,Eastern,Eastern,565351,megawatthours
2025-06-24,NY,New York,TI,Total interchange,Eastern,Eastern,-69638,megawatthours
2025-06-23,NY,New York,D,Demand,Eastern,Eastern,605720,megawatthours
2025-06-23,NY,New York,DF,Day-ahead demand forecast,Eastern,Eastern,582614,megawatthours
2025-06-23,NY,New York,NG,Net generation,Eastern,Eastern,532600,megawatthours
2025-06-23,NY,New York,TI,Total interchange,Eastern,Eastern,-73120,megawatthours
2025-06-22,NY,New York,D,Demand,Eastern,Eastern,499901,megawatthours
2025-06-22,NY,New York,DF,Day-ahead demand forecast,Eastern,Eastern,512205,megawatthours
2025-06-22,NY,New York,NG,Net generation,Eastern,Eastern,429326,megawatthours
2025-06-22,NY,New York,TI,Total interchange,Eastern,Eastern,-70575,megawatthours
2025-06-21,NY,New York,D,Demand,Eastern,Eastern,453899,megawatthours
2025-06-21,NY,New York,DF,Day-ahead demand forecast,Eastern,Eastern,440195,megawatthours
2025-06-21,NY,New York,NG,Net generation,Eastern,Eastern,376632,megawatthours
2025-06-21,NY,New York,TI,Total interchange,Eastern,Eastern,-77267,megawatthours
2025-06-20,NY,New York,D,Demand,Eastern,Eastern,445034,megawatthours
2025-06-20,NY,New York,DF,Day-ahead demand forecast,Eastern,Eastern,440742,megawatthours
2025-06-20,NY,New York,NG,Net generation,Eastern,Eastern,399367,megawatthours
2025-06-20,NY,New York,TI,Total interchange,Eastern,Eastern,-45667,megawatthours
2025-06-19,NY,New York,D,Demand,Eastern,Eastern,486067,megawatthours
2025-06-19,NY,New York,DF,Day-ahead demand forecast,Eastern,Eastern,472139,megawatthours
2025-06-19,NY,New York,NG,Net generation,Eastern,Eastern,433649,megawatthours
2025-06-19,NY,New York,TI,Total interchange,Eastern,Eastern,-52418,megawatthours
2025-06-18,NY,New York,D,Demand,Eastern,Eastern,442047,megawatthours
2025-06-18,NY,New York,DF,Day-ahead demand forecast,Eastern,Eastern,442204,megawatthours
2025-06-18,NY,New York,NG,Net generation,Eastern,Eastern,385515,megawatthours
2025-06-18,NY,New York,TI,Total interchange,Eastern,Eastern,-56532,megawatthours
2025-06-17,NY,New York,D,Demand,Eastern,Eastern,403093,megawatthours
2025-06-17,NY,New York,DF,Day-ahead demand forecast,Eastern,Eastern,401034,megawatthours
2025-06-17,NY,New York,NG,Net generation,Eastern,Eastern,352238,megawatthours
2025-06-17,NY,New York,TI,Total interchange,Eastern,Eastern,-50855,megawatthours
2025-06-16,NY,New York,D,Demand,Eastern,Eastern,385072,megawatthours
2025-06-16,NY,New York,DF,Day-ahead demand forecast,Eastern,Eastern,379599,megawatthours
2025-06-16,NY,New York,NG,Net generation,Eastern,Eastern,338901,megawatthours
2025-06-16,NY,New York,TI,Total interchange,Eastern,Eastern,-46171,megawatthours
2025-06-15,NY,New York,D,Demand,Eastern,Eastern,346071,megawatthours
2025-06-15,NY,New York,DF,Day-ahead demand forecast,Eastern,Eastern,343355,megawatthours
2025-06-15,NY,New York,NG,Net generation,Eastern,Eastern,293909,megawatthours
2025-06-15,NY,New York,TI,Total interchange,Eastern,Eastern,-52162,megawatthours
2025-06-14,NY,New York,D,Demand,Eastern,Eastern,360984,megawatthours
2025-06-14,NY,New York,DF,Day-ahead demand forecast,Eastern,Eastern,360910,megawatthours
2025-06-14,NY,New York,NG,Net generation,Eastern,Eastern,319202,megawatthours
2025-06-14,NY,New York,TI,Total interchange,Eastern,Eastern,-41782,megawatthours
2025-06-13,NY,New York,D,Demand,Eastern,Eastern,410319,megawatthours
2025-06-13,NY,New York,DF,Day-ahead demand forecast,Eastern,Eastern,406569,megawatthours
2025-06-13,NY,New York,NG,Net generation,Eastern,Eastern,349912,megawatthours
2025-06-13,NY,New York,TI,Total interchange,Eastern,Eastern,-60407,megawatthours
2025-06-12,NY,New York,D,Demand,Eastern,Eastern,442764,megawatthours
2025-06-12,NY,New York,DF,Day-ahead demand forecast,Eastern,Eastern,438097,megawatthours
2025-06-12,NY,New York,NG,Net generation,Eastern,Eastern,387064,megawatthours
2025-06-12,NY,New York,TI,Total interchange,Eastern,Eastern,-55700,megawatthours
2025-06-11,NY,New York,D,Demand,Eastern,Eastern,408877,megawatthours
2025-06-11,NY,New York,DF,Day-ahead demand forecast,Eastern,Eastern,406753,megawatthours
2025-06-11,NY,New York,NG,Net generation,Eastern,Eastern,365028,megawatthours
2025-06-11,NY,New York,TI,Total interchange,Eastern,Eastern,-43849,megawatthours
2025-06-10,NY,New York,D,Demand,Eastern,Eastern,391678,megawatthours
2025-06-10,NY,New York,DF,Day-ahead demand forecast,Eastern,Eastern,396409,megawatthours
2025-06-10,NY,New York,NG,Net generation,Eastern,Eastern,341393,megawatthours
2025-06-10,NY,New York,TI,Total interchange,Eastern,Eastern,-50285,megawatthours
2025-06-09,NY,New York,D,Demand,Eastern,Eastern,393737,megawatthours
2025-06-09,NY,New York,DF,Day-ahead demand forecast,Eastern,Eastern,390686,megawatthours
2025-06-09,NY,New York,NG,Net generation,Eastern,Eastern,341774,megawatthours
2025-06-09,NY,New York,TI,Total interchange,Eastern,Eastern,-51963,megawatthours
2025-06-08,NY,New York,D,Demand,Eastern,Eastern,372609,megawatthours
2025-06-08,NY,New York,DF,Day-ahead demand forecast,Eastern,Eastern,373561,megawatthours
2025-06-08,NY,New York,NG,Net generation,Eastern,Eastern,317112,megawatthours
2025-06-08,NY,New York,TI,Total interchange,Eastern,Eastern,-55497,megawatthours
2025-06-07,NY,New York,D,Demand,Eastern,Eastern,407747,megawatthours
2025-06-07,NY,New York,DF,Day-ahead demand forecast,Eastern,Eastern,395851,megawatthours
2025-06-07,NY,New York,NG,Net generation,Eastern,Eastern,350585,megawatthours
2025-06-07,NY,New York,TI,Total interchange,Eastern,Eastern,-57162,megawatthours
2025-06-06,NY,New York,D,Demand,Eastern,Eastern,459310,megawatthours
2025-06-06,NY,New York,DF,Day-ahead demand forecast,Eastern,Eastern,442963,megawatthours
2025-06-06,NY,New York,NG,Net generation,Eastern,Eastern,401648,megawatthours
2025-06-06,NY,New York,TI,Total interchange,Eastern,Eastern,-57662,megawatthours
2025-06-05,NY,New York,D,Demand,Eastern,Eastern,450580,megawatthours
2025-06-05,NY,New York,DF,Day-ahead demand forecast,Eastern,Eastern,446520,megawatthours
2025-06-05,NY,New York,NG,Net generation,Eastern,Eastern,397105,megawatthours
2025-06-05,NY,New York,TI,Total interchange,Eastern,Eastern,-53475,megawatthours
2025-06-04,NY,New York,D,Demand,Eastern,Eastern,398247,megawatthours
2025-06-04,NY,New York,DF,Day-ahead demand forecast,Eastern,Eastern,405149,megawatthours
2025-06-04,NY,New York,NG,Net generation,Eastern,Eastern,352777,megawatthours
2025-06-04,NY,New York,TI,Total interchange,Eastern,Eastern,-45470,megawatthours
2025-06-03,NY,New York,D,Demand,Eastern,Eastern,361515,megawatthours
2025-06-03,NY,New York,DF,Day-ahead demand forecast,Eastern,Eastern,361424,megawatthours
2025-06-03,NY,New York,NG,Net generation,Eastern,Eastern,314060,megawatthours
2025-06-03,NY,New York,TI,Total interchange,Eastern,Eastern,-47455,megawatthours
2025-06-02,NY,New York,D,Demand,Eastern,Eastern,340152,megawatthours
2025-06-02,NY,New York,DF,Day-ahead demand forecast,Eastern,Eastern,336558,megawatthours
2025-06-02,NY,New York,NG,Net generation,Eastern,Eastern,311260,megawatthours
2025-06-02,NY,New York,TI,Total interchange,Eastern,Eastern,-28892,megawatthours
2025-06-01,NY,New York,D,Demand,Eastern,Eastern,321141,megawatthours
2025-06-01,NY,New York,DF,Day-ahead demand forecast,Eastern,Eastern,312369,megawatthours
2025-06-01,NY,New York,NG,Net generation,Eastern,Eastern,296867,megawatthours
2025-06-01,NY,New York,TI,Total interchange,Eastern,Eastern,-24274,megawatthours
2025-05-31,NY,New York,D,Demand,Eastern,Eastern,347440,megawatthours
2025-05-31,NY,New York,DF,Day-ahead demand forecast,Eastern,Eastern,338129,megawatthours
2025-05-31,NY,New York,NG,Net generation,Eastern,Eastern,309826,megawatthours
2025-05-31,NY,New York,TI,Total interchange,Eastern,Eastern,-37614,megawatthours
2025-05-30,NY,New York,D,Demand,Eastern,Eastern,364810,megawatthours
2025-05-30,NY,New York,DF,Day-ahead demand forecast,Eastern,Eastern,367902,megawatthours
2025-05-30,NY,New York,NG,Net generation,Eastern,Eastern,331844,megawatthours
2025-05-30,NY,New York,TI,Total interchange,Eastern,Eastern,-32966,megawatthours
2025-05-29,NY,New York,D,Demand,Eastern,Eastern,364022,megawatthours
2025-05-29,NY,New York,DF,Day-ahead demand forecast,Eastern,Eastern,362187,megawatthours
2025-05-29,NY,New York,NG,Net generation,Eastern,Eastern,326927,megawatthours
2025-05-29,NY,New York,TI,Total interchange,Eastern,Eastern,-37095,megawatthours
2025-05-28,NY,New York,D,Demand,Eastern,Eastern,359169,megawatthours
2025-05-28,NY,New York,DF,Day-ahead demand forecast,Eastern,Eastern,357302,megawatthours
2025-05-28,NY,New York,NG,Net generation,Eastern,Eastern,326637,megawatthours
2025-05-28,NY,New York,TI,Total interchange,Eastern,Eastern,-32532,megawatthours
2025-05-27,NY,New York,D,Demand,Eastern,Eastern,353250,megawatthours
2025-05-27,NY,New York,DF,Day-ahead demand forecast,Eastern,Eastern,359185,megawatthours
2025-05-27,NY,New York,NG,Net generation,Eastern,Eastern,315651,megawatthours
2025-05-27,NY,New York,TI,Total interchange,Eastern,Eastern,-37599,megawatthours
2025-05-26,NY,New York,D,Demand,Eastern,Eastern,315141,megawatthours
2025-05-26,NY,New York,DF,Day-ahead demand forecast,Eastern,Eastern,318787,megawatthours
2025-05-26,NY,New York,NG,Net generation,Eastern,Eastern,297316,megawatthours
2025-05-26,NY,New York,TI,Total interchange,Eastern,Eastern,-17825,megawatthours
2025-05-25,NY,New York,D,Demand,Eastern,Eastern,317846,megawatthours
2025-05-25,NY,New York,DF,Day-ahead demand forecast,Eastern,Eastern,315041,megawatthours
2025-05-25,NY,New York,NG,Net generation,Eastern,Eastern,296396,megawatthours
2025-05-25,NY,New York,TI,Total interchange,Eastern,Eastern,-21450,megawatthours
2025-05-24,NY,New York,D,Demand,Eastern,Eastern,330395,megawatthours
2025-05-24,NY,New York,DF,Day-ahead demand forecast,Eastern,Eastern,329857,megawatthours
2025-05-24,NY,New York,NG,Net generation,Eastern,Eastern,304764,megawatthours
2025-05-24,NY,New York,TI,Total interchange,Eastern,Eastern,-25631,megawatthours
2025-05-23,NY,New York,D,Demand,Eastern,Eastern,365159,megawatthours
2025-05-23,NY,New York,DF,Day-ahead demand forecast,Eastern,Eastern,353673,megawatthours
2025-05-23,NY,New York,NG,Net generation,Eastern,Eastern,324973,megawatthours
2025-05-23,NY,New York,TI,Total interchange,Eastern,Eastern,-40186,megawatthours
2025-05-22,NY,New York,D,Demand,Eastern,Eastern,374452,megawatthours
2025-05-22,NY,New York,DF,Day-ahead demand forecast,Eastern,Eastern,359214,megawatthours
2025-05-22,NY,New York,NG,Net generation,Eastern,Eastern,341273,megawatthours
2025-05-22,NY,New York,TI,Total interchange,Eastern,Eastern,-33179,megawatthours
2025-05-21,NY,New York,D,Demand,Eastern,Eastern,370021,megawatthours
2025-05-21,NY,New York,DF,Day-ahead demand forecast,Eastern,Eastern,351263,megawatthours
2025-05-21,NY,New York,NG,Net generation,Eastern,Eastern,336845,megawatthours
2025-05-21,NY,New York,TI,Total interchange,Eastern,Eastern,-33176,megawatthours
2025-05-20,NY,New York,D,Demand,Eastern,Eastern,345213,megawatthours
2025-05-20,NY,New York,DF,Day-ahead demand forecast,Eastern,Eastern,338462,megawatthours
2025-05-20,NY,New York,NG,Net generation,Eastern,Eastern,316252,megawatthours
2025-05-20,NY,New York,TI,Total interchange,Eastern,Eastern,-28961,megawatthours
2025-05-19,NY,New York,D,Demand,Eastern,Eastern,352986,megawatthours
2025-05-19,NY,New York,DF,Day-ahead demand forecast,Eastern,Eastern,340077,megawatthours
2025-05-19,NY,New York,NG,Net generation,Eastern,Eastern,323092,megawatthours
2025-05-19,NY,New York,TI,Total interchange,Eastern,Eastern,-29894,megawatthours
2025-05-18,NY,New York,D,Demand,Eastern,Eastern,352067,megawatthours
2025-05-18,NY,New York,DF,Day-ahead demand forecast,Eastern,Eastern,337321,megawatthours
2025-05-18,NY,New York,NG,Net generation,Eastern,Eastern,324981,megawatthours
2025-05-18,NY,New York,TI,Total interchange,Eastern,Eastern,-27086,megawatthours
2025-05-17,NY,New York,D,Demand,Eastern,Eastern,371042,megawatthours
2025-05-17,NY,New York,DF,Day-ahead demand forecast,Eastern,Eastern,362757,megawatthours
2025-05-17,NY,New York,NG,Net generation,Eastern,Eastern,321038,megawatthours
2025-05-17,NY,New York,TI,Total interchange,Eastern,Eastern,-50004,megawatthours
2025-05-16,NY,New York,D,Demand,Eastern,Eastern,381591,megawatthours
2025-05-16,NY,New York,DF,Day-ahead demand forecast,Eastern,Eastern,380692,megawatthours
2025-05-16,NY,New York,NG,Net generation,Eastern,Eastern,361127,megawatthours
2025-05-16,NY,New York,TI,Total interchange,Eastern,Eastern,-20464,megawatthours
2025-05-15,NY,New York,D,Demand,Eastern,Eastern,378697,megawatthours
2025-05-15,NY,New York,DF,Day-ahead demand forecast,Eastern,Eastern,372769,megawatthours
2025-05-15,NY,New York,NG,Net generation,Eastern,Eastern,343522,megawatthours
2025-05-15,NY,New York,TI,Total interchange,Eastern,Eastern,-35175,megawatthours
2025-05-14,NY,New York,D,Demand,Eastern,Eastern,374649,megawatthours
2025-05-14,NY,New York,DF,Day-ahead demand forecast,Eastern,Eastern,365957,megawatthours
2025-05-14,NY,New York,NG,Net generation,Eastern,Eastern,340892,megawatthours
2025-05-14,NY,New York,TI,Total interchange,Eastern,Eastern,-33757,megawatthours
2025-05-13,NY,New York,D,Demand,Eastern,Eastern,371528,megawatthours
2025-05-13,NY,New York,DF,Day-ahead demand forecast,Eastern,Eastern,370505,megawatthours
2025-05-13,NY,New York,NG,Net generation,Eastern,Eastern,326710,megawatthours
2025-05-13,NY,New York,TI,Total interchange,Eastern,Eastern,-44818,megawatthours
2025-05-12,NY,New York,D,Demand,Eastern,Eastern,350168,megawatthours
2025-05-12,NY,New York,DF,Day-ahead demand forecast,Eastern,Eastern,336666,megawatthours
2025-05-12,NY,New York,NG,Net generation,Eastern,Eastern,314784,megawatthours
2025-05-12,NY,New York,TI,Total interchange,Eastern,Eastern,-35384,megawatthours
2025-05-11,NY,New York,D,Demand,Eastern,Eastern,314285,megawatthours
2025-05-11,NY,New York,DF,Day-ahead demand forecast,Eastern,Eastern,293126,megawatthours
2025-05-11,NY,New York,NG,Net generation,Eastern,Eastern,252697,megawatthours
2025-05-11,NY,New York,TI,Total interchange,Eastern,Eastern,-61588,megawatthours
2025-05-10,NY,New York,D,Demand,Eastern,Eastern,319321,megawatthours
2025-05-10,NY,New York,DF,Day-ahead demand forecast,Eastern,Eastern,303031,megawatthours
2025-05-10,NY,New York,NG,Net generation,Eastern,Eastern,266741,megawatthours
2025-05-10,NY,New York,TI,Total interchange,Eastern,Eastern,-52580,megawatthours
2025-05-09,NY,New York,D,Demand,Eastern,Eastern,372257,megawatthours
2025-05-09,NY,New York,DF,Day-ahead demand forecast,Eastern,Eastern,354314,megawatthours
2025-05-09,NY,New York,NG,Net generation,Eastern,Eastern,307539,megawatthours
2025-05-09,NY,New York,TI,Total interchange,Eastern,Eastern,-64718,megawatthours
2025-05-08,NY,New York,D,Demand,Eastern,Eastern,368991,megawatthours
2025-05-08,NY,New York,DF,Day-ahead demand forecast,Eastern,Eastern,351333,megawatthours
2025-05-08,NY,New York,NG,Net generation,Eastern,Eastern,298650,megawatthours
2025-05-08,NY,New York,TI,Total interchange,Eastern,Eastern,-70341,megawatthours
2025-05-07,NY,New York,D,Demand,Eastern,Eastern,357163,megawatthours
2025-05-07,NY,New York,DF,Day-ahead demand forecast,Eastern,Eastern,352051,megawatthours
2025-05-07,NY,New York,NG,Net generation,Eastern,Eastern,298274,megawatthours
2025-05-07,NY,New York,TI,Total interchange,Eastern,Eastern,-58889,megawatthours
2025-05-06,NY,New York,D,Demand,Eastern,Eastern,365045,megawatthours
2025-05-06,NY,New York,DF,Day-ahead demand forecast,Eastern,Eastern,358269,megawatthours
2025-05-06,NY,New York,NG,Net generation,Eastern,Eastern,318141,megawatthours
2025-05-06,NY,New York,TI,Total interchange,Eastern,Eastern,-46904,megawatthours
2025-05-05,NY,New York,D,Demand,Eastern,Eastern,370613,megawatthours
2025-05-05,NY,New York,DF,Day-ahead demand forecast,Eastern,Eastern,364275,megawatthours
2025-05-05,NY,New York,NG,Net generation,Eastern,Eastern,315481,megawatthours
2025-05-05,NY,New York,TI,Total interchange,Eastern,Eastern,-55132,megawatthours
2025-05-04,NY,New York,D,Demand,Eastern,Eastern,351454,megawatthours
2025-05-04,NY,New York,DF,Day-ahead demand forecast,Eastern,Eastern,334748,megawatthours
2025-05-04,NY,New York,NG,Net generation,Eastern,Eastern,290217,megawatthours
2025-05-04,NY,New York,TI,Total interchange,Eastern,Eastern,-61237,megawatthours
2025-05-03,NY,New York,D,Demand,Eastern,Eastern,359167,megawatthours
2025-05-03,NY,New York,DF,Day-ahead demand forecast,Eastern,Eastern,341291,megawatthours
2025-05-03,NY,New York,NG,Net generation,Eastern,Eastern,296412,megawatthours
2025-05-03,NY,New York,TI,Total interchange,Eastern,Eastern,-62755,megawatthours
2025-05-02,NY,New York,D,Demand,Eastern,Eastern,364283,megawatthours
2025-05-02,NY,New York,DF,Day-ahead demand forecast,Eastern,Eastern,350893,megawatthours
2025-05-02,NY,New York,NG,Net generation,Eastern,Eastern,327055,megawatthours
2025-05-02,NY,New York,TI,Total interchange,Eastern,Eastern,-37228,megawatthours
2025-05-01,NY,New York,D,Demand,Eastern,Eastern,342641,megawatthours
2025-05-01,NY,New York,DF,Day-ahead demand forecast,Eastern,Eastern,329522,megawatthours
2025-05-01,NY,New York,NG,Net generation,Eastern,Eastern,313829,megawatthours
2025-05-01,NY,New York,TI,Total interchange,Eastern,Eastern,-28812,megawatthours
2025-04-30,NY,New York,D,Demand,Eastern,Eastern,345429,megawatthours
2025-04-30,NY,New York,DF,Day-ahead demand forecast,Eastern,Eastern,334913,megawatthours
2025-04-30,NY,New York,NG,Net generation,Eastern,Eastern,314141,megawatthours
2025-04-30,NY,New York,TI,Total interchange,Eastern,Eastern,-31288,megawatthours
2025-04-29,NY,New York,D,Demand,Eastern,Eastern,350034,megawatthours
2025-04-29,NY,New York,DF,Day-ahead demand forecast,Eastern,Eastern,350472,megawatthours
2025-04-29,NY,New York,NG,Net generation,Eastern,Eastern,325429,megawatthours
2025-04-29,NY,New York,TI,Total interchange,Eastern,Eastern,-24605,megawatthours
2025-04-28,NY,New York,D,Demand,Eastern,Eastern,338108,megawatthours
2025-04-28,NY,New York,DF,Day-ahead demand forecast,Eastern,Eastern,329866,megawatthours
2025-04-28,NY,New York,NG,Net generation,Eastern,Eastern,293366,megawatthours
2025-04-28,NY,New York,TI,Total interchange,Eastern,Eastern,-44742,megawatthours
2025-04-27,NY,New York,D,Demand,Eastern,Eastern,319753,megawatthours
2025-04-27,NY,New York,DF,Day-ahead demand forecast,Eastern,Eastern,311893,megawatthours
2025-04-27,NY,New York,NG,Net generation,Eastern,Eastern,286865,megawatthours
2025-04-27,NY,New York,TI,Total interchange,Eastern,Eastern,-32888,megawatthours
2025-04-26,NY,New York,D,Demand,Eastern,Eastern,350989,megawatthours
2025-04-26,NY,New York,DF,Day-ahead demand forecast,Eastern,Eastern,337286,megawatthours
2025-04-26,NY,New York,NG,Net generation,Eastern,Eastern,304321,megawatthours
2025-04-26,NY,New York,TI,Total interchange,Eastern,Eastern,-46668,megawatthours
2025-04-25,NY,New York,D,Demand,Eastern,Eastern,356956,megawatthours
2025-04-25,NY,New York,DF,Day-ahead demand forecast,Eastern,Eastern,344074,megawatthours
2025-04-25,NY,New York,NG,Net generation,Eastern,Eastern,309721,megawatthours
2025-04-25,NY,New York,TI,Total interchange,Eastern,Eastern,-47235,megawatthours
2025-04-24,NY,New York,D,Demand,Eastern,Eastern,347655,megawatthours
2025-04-24,NY,New York,DF,Day-ahead demand forecast,Eastern,Eastern,337148,megawatthours
2025-04-24,NY,New York,NG,Net generation,Eastern,Eastern,317691,megawatthours
2025-04-24,NY,New York,TI,Total interchange,Eastern,Eastern,-29964,megawatthours
2025-04-23,NY,New York,D,Demand,Eastern,Eastern,340232,megawatthours
2025-04-23,NY,New York,DF,Day-ahead demand forecast,Eastern,Eastern,331135,megawatthours
2025-04-23,NY,New York,NG,Net generation,Eastern,Eastern,305604,megawatthours
2025-04-23,NY,New York,TI,Total interchange,Eastern,Eastern,-34628,megawatthours
2025-04-22,NY,New York,D,Demand,Eastern,Eastern,349718,megawatthours
2025-04-22,NY,New York,DF,Day-ahead demand forecast,Eastern,Eastern,334838,megawatthours
2025-04-22,NY,New York,NG,Net generation,Eastern,Eastern,324438,megawatthours
2025-04-22,NY,New York,TI,Total interchange,Eastern,Eastern,-25280,megawatthours
2025-04-21,NY,New York,D,Demand,Eastern,Eastern,359352,megawatthours
2025-04-21,NY,New York,DF,Day-ahead demand forecast,Eastern,Eastern,344613,megawatthours
2025-04-21,NY,New York,NG,Net generation,Eastern,Eastern,314572,megawatthours
2025-04-21,NY,New York,TI,Total interchange,Eastern,Eastern,-44780,megawatthours
2025-04-20,NY,New York,D,Demand,Eastern,Eastern,310102,megawatthours
2025-04-20,NY,New York,DF,Day-ahead demand forecast,Eastern,Eastern,304185,megawatthours
2025-04-20,NY,New York,NG,Net generation,Eastern,Eastern,274416,megawatthours
2025-04-20,NY,New York,TI,Total interchange,Eastern,Eastern,-35686,megawatthours
2025-04-19,NY,New York,D,Demand,Eastern,Eastern,338963,megawatthours
2025-04-19,NY,New York,DF,Day-ahead demand forecast,Eastern,Eastern,329810,megawatthours
2025-04-19,NY,New York,NG,Net generation,Eastern,Eastern,308033,megawatthours
2025-04-19,NY,New York,TI,Total interchange,Eastern,Eastern,-30930,megawatthours
2025-04-18,NY,New York,D,Demand,Eastern,Eastern,344463,megawatthours
2025-04-18,NY,New York,DF,Day-ahead demand forecast,Eastern,Eastern,337593,megawatthours
2025-04-18,NY,New York,NG,Net generation,Eastern,Eastern,296729,megawatthours
2025-04-18,NY,New York,TI,Total interchange,Eastern,Eastern,-47734,megawatthours
2025-04-17,NY,New York,D,Demand,Eastern,Eastern,346878,megawatthours
2025-04-17,NY,New York,DF,Day-ahead demand forecast,Eastern,Eastern,339500,megawatthours
2025-04-17,NY,New York,NG,Net generation,Eastern,Eastern,307914,megawatthours
2025-04-17,NY,New York,TI,Total interchange,Eastern,Eastern,-38964,megawatthours
2025-04-16,NY,New York,D,Demand,Eastern,Eastern,382310,megawatthours
2025-04-16,NY,New York,DF,Day-ahead demand forecast,Eastern,Eastern,364123,megawatthours
2025-04-16,NY,New York,NG,Net generation,Eastern,Eastern,340648,megawatthours
2025-04-16,NY,New York,TI,Total interchange,Eastern,Eastern,-41662,megawatthours
2025-04-15,NY,New York,D,Demand,Eastern,Eastern,357518,megawatthours
2025-04-15,NY,New York,DF,Day-ahead demand forecast,Eastern,Eastern,354041,megawatthours
2025-04-15,NY,New York,NG,Net generation,Eastern,Eastern,329784,megawatthours
2025-04-15,NY,New York,TI,Total interchange,Eastern,Eastern,-27734,megawatthours
2025-04-14,NY,New York,D,Demand,Eastern,Eastern,353510,megawatthours
2025-04-14,NY,New York,DF,Day-ahead demand forecast,Eastern,Eastern,353449,megawatthours
2025-04-14,NY,New York,NG,Net generation,Eastern,Eastern,302262,megawatthours
2025-04-14,NY,New York,TI,Total interchange,Eastern,Eastern,-51248,megawatthours
2025-04-13,NY,New York,D,Demand,Eastern,Eastern,341598,megawatthours
2025-04-13,NY,New York,DF,Day-ahead demand forecast,Eastern,Eastern,340512,megawatthours
2025-04-13,NY,New York,NG,Net generation,Eastern,Eastern,292365,megawatthours
2025-04-13,NY,New York,TI,Total interchange,Eastern,Eastern,-49233,megawatthours
2025-04-12,NY,New York,D,Demand,Eastern,Eastern,381150,megawatthours
2025-04-12,NY,New York,DF,Day-ahead demand forecast,Eastern,Eastern,358453,megawatthours
2025-04-12,NY,New York,NG,Net generation,Eastern,Eastern,312541,megawatthours
2025-04-12,NY,New York,TI,Total interchange,Eastern,Eastern,-68609,megawatthours
2025-04-11,NY,New York,D,Demand,Eastern,Eastern,391914,megawatthours
2025-04-11,NY,New York,DF,Day-ahead demand forecast,Eastern,Eastern,379390,megawatthours
2025-04-11,NY,New York,NG,Net generation,Eastern,Eastern,344693,megawatthours
2025-04-11,NY,New York,TI,Total interchange,Eastern,Eastern,-47221,megawatthours
2025-04-10,NY,New York,D,Demand,Eastern,Eastern,391883,megawatthours
2025-04-10,NY,New York,DF,Day-ahead demand forecast,Eastern,Eastern,385788,megawatthours
2025-04-10,NY,New York,NG,Net generation,Eastern,Eastern,339783,megawatthours
2025-04-10,NY,New York,TI,Total interchange,Eastern,Eastern,-52100,megawatthours
2025-04-09,NY,New York,D,Demand,Eastern,Eastern,380058,megawatthours
2025-04-09,NY,New York,DF,Day-ahead demand forecast,Eastern,Eastern,374131,megawatthours
2025-04-09,NY,New York,NG,Net generation,Eastern,Eastern,335166,megawatthours
2025-04-09,NY,New York,TI,Total interchange,Eastern,Eastern,-44892,megawatthours
2025-04-08,NY,New York,D,Demand,Eastern,Eastern,390632,megawatthours
2025-04-08,NY,New York,DF,Day-ahead demand forecast,Eastern,Eastern,382942,megawatthours
2025-04-08,NY,New York,NG,Net generation,Eastern,Eastern,366032,megawatthours
2025-04-08,NY,New York,TI,Total interchange,Eastern,Eastern,-24600,megawatthours
2025-04-07,NY,New York,D,Demand,Eastern,Eastern,383201,megawatthours
2025-04-07,NY,New York,DF,Day-ahead demand forecast,Eastern,Eastern,373008,megawatthours
2025-04-07,NY,New York,NG,Net generation,Eastern,Eastern,311635,megawatthours
2025-04-07,NY,New York,TI,Total interchange,Eastern,Eastern,-71566,megawatthours
2025-04-06,NY,New York,D,Demand,Eastern,Eastern,347576,megawatthours
2025-04-06,NY,New York,DF,Day-ahead demand forecast,Eastern,Eastern,331977,megawatthours
2025-04-06,NY,New York,NG,Net generation,Eastern,Eastern,289492,megawatthours
2025-04-06,NY,New York,TI,Total interchange,Eastern,Eastern,-58084,megawatthours
2025-04-05,NY,New York,D,Demand,Eastern,Eastern,355164,megawatthours
2025-04-05,NY,New York,DF,Day-ahead demand forecast,Eastern,Eastern,346541,megawatthours
2025-04-05,NY,New York,NG,Net generation,Eastern,Eastern,315840,megawatthours
2025-04-05,NY,New York,TI,Total interchange,Eastern,Eastern,-39324,megawatthours
2025-04-04,NY,New York,D,Demand,Eastern,Eastern,346729,megawatthours
2025-04-04,NY,New York,DF,Day-ahead demand forecast,Eastern,Eastern,354598,megawatthours
2025-04-04,NY,New York,NG,Net generation,Eastern,Eastern,302337,megawatthours
2025-04-04,NY,New York,TI,Total interchange,Eastern,Eastern,-44392,megawatthours
2025-04-03,NY,New York,D,Demand,Eastern,Eastern,377519,megawatthours
2025-04-03,NY,New York,DF,Day-ahead demand forecast,Eastern,Eastern,369178,megawatthours
2025-04-03,NY,New York,NG,Net generation,Eastern,Eastern,338742,megawatthours
2025-04-03,NY,New York,TI,Total interchange,Eastern,Eastern,-38777,megawatthours
2025-04-02,NY,New York,D,Demand,Eastern,Eastern,387527,megawatthours
2025-04-02,NY,New York,DF,Day-ahead demand forecast,Eastern,Eastern,373110,megawatthours
2025-04-02,NY,New York,NG,Net generation,Eastern,Eastern,337350,megawatthours
2025-04-02,NY,New York,TI,Total interchange,Eastern,Eastern,-50177,megawatthours
2025-04-01,NY,New York,D,Demand,Eastern,Eastern,358784,megawatthours
2025-04-01,NY,New York,DF,Day-ahead demand forecast,Eastern,Eastern,353186,megawatthours
2025-04-01,NY,New York,NG,Net generation,Eastern,Eastern,311089,megawatthours
2025-04-01,NY,New York,TI,Total interchange,Eastern,Eastern,-47695,megawatthours
2025-03-31,NY,New York,D,Demand,Eastern,Eastern,370439,megawatthours
2025-03-31,NY,New York,DF,Day-ahead demand forecast,Eastern,Eastern,364246,megawatthours
2025-03-31,NY,New York,NG,Net generation,Eastern,Eastern,332167,megawatthours
2025-03-31,NY,New York,TI,Total interchange,Eastern,Eastern,-38272,megawatthours
2025-03-30,NY,New York,D,Demand,Eastern,Eastern,360251,megawatthours
2025-03-30,NY,New York,DF,Day-ahead demand forecast,Eastern,Eastern,335842,megawatthours
2025-03-30,NY,New York,NG,Net generation,Eastern,Eastern,306224,megawatthours
2025-03-30,NY,New York,TI,Total interchange,Eastern,Eastern,-54027,megawatthours
2025-03-29,NY,New York,D,Demand,Eastern,Eastern,356584,megawatthours
2025-03-29,NY,New York,DF,Day-ahead demand forecast,Eastern,Eastern,339033,megawatthours
2025-03-29,NY,New York,NG,Net generation,Eastern,Eastern,314378,megawatthours
2025-03-29,NY,New York,TI,Total interchange,Eastern,Eastern,-42206,megawatthours
2025-03-28,NY,New York,D,Demand,Eastern,Eastern,373815,megawatthours
2025-03-28,NY,New York,DF,Day-ahead demand forecast,Eastern,Eastern,364113,megawatthours
2025-03-28,NY,New York,NG,Net generation,Eastern,Eastern,309097,megawatthours
2025-03-28,NY,New York,TI,Total interchange,Eastern,Eastern,-64718,megawatthours
2025-03-27,NY,New York,D,Demand,Eastern,Eastern,371568,megawatthours
2025-03-27,NY,New York,DF,Day-ahead demand forecast,Eastern,Eastern,362560,megawatthours
2025-03-27,NY,New York,NG,Net generation,Eastern,Eastern,319577,megawatthours
2025-03-27,NY,New York,TI,Total interchange,Eastern,Eastern,-51991,megawatthours
2025-03-26,NY,New York,D,Demand,Eastern,Eastern,383131,megawatthours
2025-03-26,NY,New York,DF,Day-ahead demand forecast,Eastern,Eastern,374344,megawatthours
2025-03-26,NY,New York,NG,Net generation,Eastern,Eastern,330121,megawatthours
2025-03-26,NY,New York,TI,Total interchange,Eastern,Eastern,-53010,megawatthours
2025-03-25,NY,New York,D,Demand,Eastern,Eastern,378674,megawatthours
2025-03-25,NY,New York,DF,Day-ahead demand forecast,Eastern,Eastern,367807,megawatthours
2025-03-25,NY,New York,NG,Net generation,Eastern,Eastern,332265,megawatthours
2025-03-25,NY,New York,TI,Total interchange,Eastern,Eastern,-46409,megawatthours
2025-03-24,NY,New York,D,Demand,Eastern,Eastern,398827,megawatthours
2025-03-24,NY,New York,DF,Day-ahead demand forecast,Eastern,Eastern,382625,megawatthours
2025-03-24,NY,New York,NG,Net generation,Eastern,Eastern,353066,megawatthours
2025-03-24,NY,New York,TI,Total interchange,Eastern,Eastern,-45761,megawatthours
2025-03-23,NY,New York,D,Demand,Eastern,Eastern,351612,megawatthours
2025-03-23,NY,New York,DF,Day-ahead demand forecast,Eastern,Eastern,342489,megawatthours
2025-03-23,NY,New York,NG,Net generation,Eastern,Eastern,300893,megawatthours
2025-03-23,NY,New York,TI,Total interchange,Eastern,Eastern,-50719,megawatthours
2025-03-22,NY,New York,D,Demand,Eastern,Eastern,354942,megawatthours
2025-03-22,NY,New York,DF,Day-ahead demand forecast,Eastern,Eastern,346419,megawatthours
2025-03-22,NY,New York,NG,Net generation,Eastern,Eastern,315351,megawatthours
2025-03-22,NY,New York,TI,Total interchange,Eastern,Eastern,-39591,megawatthours
2025-03-21,NY,New York,D,Demand,Eastern,Eastern,360106,megawatthours
2025-03-21,NY,New York,DF,Day-ahead demand forecast,Eastern,Eastern,347077,megawatthours
2025-03-21,NY,New York,NG,Net generation,Eastern,Eastern,318714,megawatthours
2025-03-21,NY,New York,TI,Total interchange,Eastern,Eastern,-41392,megawatthours
2025-03-20,NY,New York,D,Demand,Eastern,Eastern,365904,megawatthours
2025-03-20,NY,New York,DF,Day-ahead demand forecast,Eastern,Eastern,360322,megawatthours
2025-03-20,NY,New York,NG,Net generation,Eastern,Eastern,319666,megawatthours
2025-03-20,NY,New York,TI,Total interchange,Eastern,Eastern,-46238,megawatthours
2025-03-19,NY,New York,D,Demand,Eastern,Eastern,354325,megawatthours
2025-03-19,NY,New York,DF,Day-ahead demand forecast,Eastern,Eastern,348669,megawatthours
2025-03-19,NY,New York,NG,Net generation,Eastern,Eastern,309759,megawatthours
2025-03-19,NY,New York,TI,Total interchange,Eastern,Eastern,-44566,megawatthours
2025-03-18,NY,New York,D,Demand,Eastern,Eastern,367109,megawatthours
2025-03-18,NY,New York,DF,Day-ahead demand forecast,Eastern,Eastern,353867,megawatthours
2025-03-18,NY,New York,NG,Net generation,Eastern,Eastern,306309,megawatthours
2025-03-18,NY,New York,TI,Total interchange,Eastern,Eastern,-60800,megawatthours
2025-03-17,NY,New York,D,Demand,Eastern,Eastern,383316,megawatthours
2025-03-17,NY,New York,DF,Day-ahead demand forecast,Eastern,Eastern,370791,megawatthours
2025-03-17,NY,New York,NG,Net generation,Eastern,Eastern,316762,megawatthours
2025-03-17,NY,New York,TI,Total interchange,Eastern,Eastern,-66554,megawatthours
2025-03-16,NY,New York,D,Demand,Eastern,Eastern,350585,megawatthours
2025-03-16,NY,New York,DF,Day-ahead demand forecast,Eastern,Eastern,334823,megawatthours
2025-03-16,NY,New York,NG,Net generation,Eastern,Eastern,295305,megawatthours
2025-03-16,NY,New York,TI,Total interchange,Eastern,Eastern,-55280,megawatthours
2025-03-15,NY,New York,D,Demand,Eastern,Eastern,353508,megawatthours
2025-03-15,NY,New York,DF,Day-ahead demand forecast,Eastern,Eastern,341727,megawatthours
2025-03-15,NY,New York,NG,Net generation,Eastern,Eastern,304660,megawatthours
2025-03-15,NY,New York,TI,Total interchange,Eastern,Eastern,-48848,megawatthours
2025-03-14,NY,New York,D,Demand,Eastern,Eastern,362794,megawatthours
2025-03-14,NY,New York,DF,Day-ahead demand forecast,Eastern,Eastern,14429,megawatthours
2025-03-14,NY,New York,NG,Net generation,Eastern,Eastern,310653,megawatthours
2025-03-14,NY,New York,TI,Total interchange,Eastern,Eastern,-52141,megawatthours
2025-03-13,NY,New York,D,Demand,Eastern,Eastern,374367,megawatthours
2025-03-13,NY,New York,DF,Day-ahead demand forecast,Eastern,Eastern,376677,megawatthours
2025-03-13,NY,New York,NG,Net generation,Eastern,Eastern,326352,megawatthours
2025-03-13,NY,New York,TI,Total interchange,Eastern,Eastern,-48015,megawatthours
2025-03-12,NY,New York,D,Demand,Eastern,Eastern,380035,megawatthours
2025-03-12,NY,New York,DF,Day-ahead demand forecast,Eastern,Eastern,375281,megawatthours
2025-03-12,NY,New York,NG,Net generation,Eastern,Eastern,320481,megawatthours
2025-03-12,NY,New York,TI,Total interchange,Eastern,Eastern,-59554,megawatthours
2025-03-11,NY,New York,D,Demand,Eastern,Eastern,360839,megawatthours
2025-03-11,NY,New York,DF,Day-ahead demand forecast,Eastern,Eastern,362266,megawatthours
2025-03-11,NY,New York,NG,Net generation,Eastern,Eastern,325651,megawatthours
2025-03-11,NY,New York,TI,Total interchange,Eastern,Eastern,-35188,megawatthours
2025-03-10,NY,New York,D,Demand,Eastern,Eastern,368767,megawatthours
2025-03-10,NY,New York,DF,Day-ahead demand forecast,Eastern,Eastern,371611,megawatthours
2025-03-10,NY,New York,NG,Net generation,Eastern,Eastern,324325,megawatthours
2025-03-10,NY,New York,TI,Total interchange,Eastern,Eastern,-44442,megawatthours
2025-03-09,NY,New York,D,Demand,Eastern,Eastern,361838,megawatthours
2025-03-09,NY,New York,DF,Day-ahead demand forecast,Eastern,Eastern,365067,megawatthours
2025-03-09,NY,New York,NG,Net generation,Eastern,Eastern,325883,megawatthours
2025-03-09,NY,New York,TI,Total interchange,Eastern,Eastern,-35955,megawatthours
2025-03-08,NY,New York,D,Demand,Eastern,Eastern,379947,megawatthours
2025-03-08,NY,New York,DF,Day-ahead demand forecast,Eastern,Eastern,379289,megawatthours
2025-03-08,NY,New York,NG,Net generation,Eastern,Eastern,339780,megawatthours
2025-03-08,NY,New York,TI,Total interchange,Eastern,Eastern,-40167,megawatthours
2025-03-07,NY,New York,D,Demand,Eastern,Eastern,406048,megawatthours
2025-03-07,NY,New York,DF,Day-ahead demand forecast,Eastern,Eastern,394359,megawatthours
2025-03-07,NY,New York,NG,Net generation,Eastern,Eastern,368504,megawatthours
2025-03-07,NY,New York,TI,Total interchange,Eastern,Eastern,-37544,megawatthours
2025-03-06,NY,New York,D,Demand,Eastern,Eastern,403469,megawatthours
2025-03-06,NY,New York,DF,Day-ahead demand forecast,Eastern,Eastern,390200,megawatthours
2025-03-06,NY,New York,NG,Net generation,Eastern,Eastern,364061,megawatthours
2025-03-06,NY,New York,TI,Total interchange,Eastern,Eastern,-39408,megawatthours
2025-03-05,NY,New York,D,Demand,Eastern,Eastern,407344,megawatthours
2025-03-05,NY,New York,DF,Day-ahead demand forecast,Eastern,Eastern,397932,megawatthours
2025-03-05,NY,New York,NG,Net generation,Eastern,Eastern,363785,megawatthours
2025-03-05,NY,New York,TI,Total interchange,Eastern,Eastern,-43559,megawatthours
2025-03-04,NY,New York,D,Demand,Eastern,Eastern,420282,megawatthours
2025-03-04,NY,New York,DF,Day-ahead demand forecast,Eastern,Eastern,415285,megawatthours
2025-03-04,NY,New York,NG,Net generation,Eastern,Eastern,378117,megawatthours
2025-03-04,NY,New York,TI,Total interchange,Eastern,Eastern,-42165,megawatthours
2025-03-03,NY,New York,D,Demand,Eastern,Eastern,430754,megawatthours
2025-03-03,NY,New York,DF,Day-ahead demand forecast,Eastern,Eastern,428121,megawatthours
2025-03-03,NY,New York,NG,Net generation,Eastern,Eastern,371104,megawatthours
2025-03-03,NY,New York,TI,Total interchange,Eastern,Eastern,-59650,megawatthours
2025-03-02,NY,New York,D,Demand,Eastern,Eastern,417602,megawatthours
2025-03-02,NY,New York,DF,Day-ahead demand forecast,Eastern,Eastern,405360,megawatthours
2025-03-02,NY,New York,NG,Net generation,Eastern,Eastern,381132,megawatthours
2025-03-02,NY,New York,TI,Total interchange,Eastern,Eastern,-36470,megawatthours
2025-03-01,NY,New York,D,Demand,Eastern,Eastern,391122,megawatthours
2025-03-01,NY,New York,DF,Day-ahead demand forecast,Eastern,Eastern,377147,megawatthours
2025-03-01,NY,New York,NG,Net generation,Eastern,Eastern,365188,megawatthours
2025-03-01,NY,New York,TI,Total interchange,Eastern,Eastern,-25934,megawatthours
2025-02-28,NY,New York,D,Demand,Eastern,Eastern,395168,megawatthours
2025-02-28,NY,New York,DF,Day-ahead demand forecast,Eastern,Eastern,386805,megawatthours
2025-02-28,NY,New York,NG,Net generation,Eastern,Eastern,360109,megawatthours
2025-02-28,NY,New York,TI,Total interchange,Eastern,Eastern,-35059,megawatthours
2025-02-27,NY,New York,D,Demand,Eastern,Eastern,413497,megawatthours
2025-02-27,NY,New York,DF,Day-ahead demand forecast,Eastern,Eastern,398795,megawatthours
2025-02-27,NY,New York,NG,Net generation,Eastern,Eastern,377523,megawatthours
2025-02-27,NY,New York,TI,Total interchange,Eastern,Eastern,-35974,megawatthours
2025-02-26,NY,New York,D,Demand,Eastern,Eastern,390557,megawatthours
2025-02-26,NY,New York,DF,Day-ahead demand forecast,Eastern,Eastern,392787,megawatthours
2025-02-26,NY,New York,NG,Net generation,Eastern,Eastern,347035,megawatthours
2025-02-26,NY,New York,TI,Total interchange,Eastern,Eastern,-43522,megawatthours
2025-02-25,NY,New York,D,Demand,Eastern,Eastern,409251,megawatthours
2025-02-25,NY,New York,DF,Day-ahead demand forecast,Eastern,Eastern,403369,megawatthours
2025-02-25,NY,New York,NG,Net generation,Eastern,Eastern,366335,megawatthours
2025-02-25,NY,New York,TI,Total interchange,Eastern,Eastern,-42916,megawatthours
2025-02-24,NY,New York,D,Demand,Eastern,Eastern,414863,megawatthours
2025-02-24,NY,New York,DF,Day-ahead demand forecast,Eastern,Eastern,411723,megawatthours
2025-02-24,NY,New York,NG,Net generation,Eastern,Eastern,363288,megawatthours
2025-02-24,NY,New York,TI,Total interchange,Eastern,Eastern,-51575,megawatthours
2025-02-23,NY,New York,D,Demand,Eastern,Eastern,407668,megawatthours
2025-02-23,NY,New York,DF,Day-ahead demand forecast,Eastern,Eastern,403015,megawatthours
2025-02-23,NY,New York,NG,Net generation,Eastern,Eastern,364718,megawatthours
2025-02-23,NY,New York,TI,Total interchange,Eastern,Eastern,-42950,megawatthours
2025-02-22,NY,New York,D,Demand,Eastern,Eastern,424577,megawatthours
2025-02-22,NY,New York,DF,Day-ahead demand forecast,Eastern,Eastern,419412,megawatthours
2025-02-22,NY,New York,NG,Net generation,Eastern,Eastern,343602,megawatthours
2025-02-22,NY,New York,TI,Total interchange,Eastern,Eastern,-80975,megawatthours
2025-02-21,NY,New York,D,Demand,Eastern,Eastern,466908,megawatthours
2025-02-21,NY,New York,DF,Day-ahead demand forecast,Eastern,Eastern,448561,megawatthours
2025-02-21,NY,New York,NG,Net generation,Eastern,Eastern,370123,megawatthours
2025-02-21,NY,New York,TI,Total interchange,Eastern,Eastern,-96785,megawatthours
2025-02-20,NY,New York,D,Demand,Eastern,Eastern,475569,megawatthours
2025-02-20,NY,New York,DF,Day-ahead demand forecast,Eastern,Eastern,468211,megawatthours
2025-02-20,NY,New York,NG,Net generation,Eastern,Eastern,367959,megawatthours
2025-02-20,NY,New York,TI,Total interchange,Eastern,Eastern,-107610,megawatthours
2025-02-19,NY,New York,D,Demand,Eastern,Eastern,475123,megawatthours
2025-02-19,NY,New York,DF,Day-ahead demand forecast,Eastern,Eastern,472033,megawatthours
2025-02-19,NY,New York,NG,Net generation,Eastern,Eastern,380498,megawatthours
2025-02-19,NY,New York,TI,Total interchange,Eastern,Eastern,-94625,megawatthours
2025-02-18,NY,New York,D,Demand,Eastern,Eastern,476969,megawatthours
2025-02-18,NY,New York,DF,Day-ahead demand forecast,Eastern,Eastern,468666,megawatthours
2025-02-18,NY,New York,NG,Net generation,Eastern,Eastern,391736,megawatthours
2025-02-18,NY,New York,TI,Total interchange,Eastern,Eastern,-85233,megawatthours
2025-02-17,NY,New York,D,Demand,Eastern,Eastern,450724,megawatthours
2025-02-17,NY,New York,DF,Day-ahead demand forecast,Eastern,Eastern,440019,megawatthours
2025-02-17,NY,New York,NG,Net generation,Eastern,Eastern,377505,megawatthours
2025-02-17,NY,New York,TI,Total interchange,Eastern,Eastern,-73219,megawatthours
2025-02-16,NY,New York,D,Demand,Eastern,Eastern,428955,megawatthours
2025-02-16,NY,New York,DF,Day-ahead demand forecast,Eastern,Eastern,403623,megawatthours
2025-02-16,NY,New York,NG,Net generation,Eastern,Eastern,353922,megawatthours
2025-02-16,NY,New York,TI,Total interchange,Eastern,Eastern,-75033,megawatthours
2025-02-15,NY,New York,D,Demand,Eastern,Eastern,442916,megawatthours
2025-02-15,NY,New York,DF,Day-ahead demand forecast,Eastern,Eastern,428321,megawatthours
2025-02-15,NY,New York,NG,Net generation,Eastern,Eastern,355702,megawatthours
2025-02-15,NY,New York,TI,Total interchange,Eastern,Eastern,-87214,megawatthours
2025-02-14,NY,New York,D,Demand,Eastern,Eastern,442568,megawatthours
2025-02-14,NY,New York,DF,Day-ahead demand forecast,Eastern,Eastern,433807,megawatthours
2025-02-14,NY,New York,NG,Net generation,Eastern,Eastern,382346,megawatthours
2025-02-14,NY,New York,TI,Total interchange,Eastern,Eastern,-60222,megawatthours
2025-02-13,NY,New York,D,Demand,Eastern,Eastern,449773,megawatthours
2025-02-13,NY,New York,DF,Day-ahead demand forecast,Eastern,Eastern,426545,megawatthours
2025-02-13,NY,New York,NG,Net generation,Eastern,Eastern,384108,megawatthours
2025-02-13,NY,New York,TI,Total interchange,Eastern,Eastern,-65665,megawatthours
2025-02-12,NY,New York,D,Demand,Eastern,Eastern,461393,megawatthours
2025-02-12,NY,New York,DF,Day-ahead demand forecast,Eastern,Eastern,443660,megawatthours
2025-02-12,NY,New York,NG,Net generation,Eastern,Eastern,385935,megawatthours
2025-02-12,NY,New York,TI,Total interchange,Eastern,Eastern,-75458,megawatthours
2025-02-11,NY,New York,D,Demand,Eastern,Eastern,462141,megawatthours
2025-02-11,NY,New York,DF,Day-ahead demand forecast,Eastern,Eastern,448551,megawatthours
2025-02-11,NY,New York,NG,Net generation,Eastern,Eastern,380936,megawatthours
2025-02-11,NY,New York,TI,Total interchange,Eastern,Eastern,-81205,megawatthours
2025-02-10,NY,New York,D,Demand,Eastern,Eastern,450779,megawatthours
2025-02-10,NY,New York,DF,Day-ahead demand forecast,Eastern,Eastern,446011,megawatthours
2025-02-10,NY,New York,NG,Net generation,Eastern,Eastern,377654,megawatthours
2025-02-10,NY,New York,TI,Total interchange,Eastern,Eastern,-73125,megawatthours
2025-02-09,NY,New York,D,Demand,Eastern,Eastern,437321,megawatthours
2025-02-09,NY,New York,DF,Day-ahead demand forecast,Eastern,Eastern,413596,megawatthours
2025-02-09,NY,New York,NG,Net generation,Eastern,Eastern,361027,megawatthours
2025-02-09,NY,New York,TI,Total interchange,Eastern,Eastern,-76294,megawatthours
2025-02-08,NY,New York,D,Demand,Eastern,Eastern,435101,megawatthours
2025-02-08,NY,New York,DF,Day-ahead demand forecast,Eastern,Eastern,421785,megawatthours
2025-02-08,NY,New York,NG,Net generation,Eastern,Eastern,352112,megawatthours
2025-02-08,NY,New York,TI,Total interchange,Eastern,Eastern,-82989,megawatthours
2025-02-07,NY,New York,D,Demand,Eastern,Eastern,437921,megawatthours
2025-02-07,NY,New York,DF,Day-ahead demand forecast,Eastern,Eastern,423611,megawatthours
2025-02-07,NY,New York,NG,Net generation,Eastern,Eastern,386277,megawatthours
2025-02-07,NY,New York,TI,Total interchange,Eastern,Eastern,-51644,megawatthours
2025-02-06,NY,New York,D,Demand,Eastern,Eastern,466398,megawatthours
2025-02-06,NY,New York,DF,Day-ahead demand forecast,Eastern,Eastern,439128,megawatthours
2025-02-06,NY,New York,NG,Net generation,Eastern,Eastern,401771,megawatthours
2025-02-06,NY,New York,TI,Total interchange,Eastern,Eastern,-64627,megawatthours
2025-02-05,NY,New York,D,Demand,Eastern,Eastern,450687,megawatthours
2025-02-05,NY,New York,DF,Day-ahead demand forecast,Eastern,Eastern,441662,megawatthours
2025-02-05,NY,New York,NG,Net generation,Eastern,Eastern,391052,megawatthours
2025-02-05,NY,New York,TI,Total interchange,Eastern,Eastern,-59635,megawatthours
2025-02-04,NY,New York,D,Demand,Eastern,Eastern,433662,megawatthours
2025-02-04,NY,New York,DF,Day-ahead demand forecast,Eastern,Eastern,423751,megawatthours
2025-02-04,NY,New York,NG,Net generation,Eastern,Eastern,375224,megawatthours
2025-02-04,NY,New York,TI,Total interchange,Eastern,Eastern,-58438,megawatthours
2025-02-03,NY,New York,D,Demand,Eastern,Eastern,443795,megawatthours
2025-02-03,NY,New York,DF,Day-ahead demand forecast,Eastern,Eastern,431626,megawatthours
2025-02-03,NY,New York,NG,Net generation,Eastern,Eastern,376161,megawatthours
2025-02-03,NY,New York,TI,Total interchange,Eastern,Eastern,-67634,megawatthours
2025-02-02,NY,New York,D,Demand,Eastern,Eastern,458769,megawatthours
2025-02-02,NY,New York,DF,Day-ahead demand forecast,Eastern,Eastern,429798,megawatthours
2025-02-02,NY,New York,NG,Net generation,Eastern,Eastern,406883,megawatthours
2025-02-02,NY,New York,TI,Total interchange,Eastern,Eastern,-51886,megawatthours
2025-02-01,NY,New York,D,Demand,Eastern,Eastern,427318,megawatthours
2025-02-01,NY,New York,DF,Day-ahead demand forecast,Eastern,Eastern,410221,megawatthours
2025-02-01,NY,New York,NG,Net generation,Eastern,Eastern,374136,megawatthours
2025-02-01,NY,New York,TI,Total interchange,Eastern,Eastern,-53182,megawatthours
2025-01-31,NY,New York,D,Demand,Eastern,Eastern,444812,megawatthours
2025-01-31,NY,New York,DF,Day-ahead demand forecast,Eastern,Eastern,430674,megawatthours
2025-01-31,NY,New York,NG,Net generation,Eastern,Eastern,383587,megawatthours
2025-01-31,NY,New York,TI,Total interchange,Eastern,Eastern,-61225,megawatthours
2025-01-30,NY,New York,D,Demand,Eastern,Eastern,456746,megawatthours
2025-01-30,NY,New York,DF,Day-ahead demand forecast,Eastern,Eastern,440373,megawatthours
2025-01-30,NY,New York,NG,Net generation,Eastern,Eastern,395370,megawatthours
2025-01-30,NY,New York,TI,Total interchange,Eastern,Eastern,-61376,megawatthours
2025-01-29,NY,New York,D,Demand,Eastern,Eastern,444445,megawatthours
2025-01-29,NY,New York,DF,Day-ahead demand forecast,Eastern,Eastern,438352,megawatthours
2025-01-29,NY,New York,NG,Net generation,Eastern,Eastern,392131,megawatthours
2025-01-29,NY,New York,TI,Total interchange,Eastern,Eastern,-52314,megawatthours
2025-01-28,NY,New York,D,Demand,Eastern,Eastern,446129,megawatthours
2025-01-28,NY,New York,DF,Day-ahead demand forecast,Eastern,Eastern,441748,megawatthours
2025-01-28,NY,New York,NG,Net generation,Eastern,Eastern,375409,megawatthours
2025-01-28,NY,New York,TI,Total interchange,Eastern,Eastern,-70720,megawatthours
2025-01-27,NY,New York,D,Demand,Eastern,Eastern,445832,megawatthours
2025-01-27,NY,New York,DF,Day-ahead demand forecast,Eastern,Eastern,436152,megawatthours
2025-01-27,NY,New York,NG,Net generation,Eastern,Eastern,379065,megawatthours
2025-01-27,NY,New York,TI,Total interchange,Eastern,Eastern,-66767,megawatthours
2025-01-26,NY,New York,D,Demand,Eastern,Eastern,433362,megawatthours
2025-01-26,NY,New York,DF,Day-ahead demand forecast,Eastern,Eastern,418003,megawatthours
2025-01-26,NY,New York,NG,Net generation,Eastern,Eastern,361671,megawatthours
2025-01-26,NY,New York,TI,Total interchange,Eastern,Eastern,-71691,megawatthours
2025-01-25,NY,New York,D,Demand,Eastern,Eastern,456690,megawatthours
2025-01-25,NY,New York,DF,Day-ahead demand forecast,Eastern,Eastern,437900,megawatthours
2025-01-25,NY,New York,NG,Net generation,Eastern,Eastern,360499,megawatthours
2025-01-25,NY,New York,TI,Total interchange,Eastern,Eastern,-96191,megawatthours
2025-01-24,NY,New York,D,Demand,Eastern,Eastern,479623,megawatthours
2025-01-24,NY,New York,DF,Day-ahead demand forecast,Eastern,Eastern,459227,megawatthours
2025-01-24,NY,New York,NG,Net generation,Eastern,Eastern,374028,megawatthours
2025-01-24,NY,New York,TI,Total interchange,Eastern,Eastern,-105595,megawatthours
2025-01-23,NY,New York,D,Demand,Eastern,Eastern,493684,megawatthours
2025-01-23,NY,New York,DF,Day-ahead demand forecast,Eastern,Eastern,473880,megawatthours
2025-01-23,NY,New York,NG,Net generation,Eastern,Eastern,394770,megawatthours
2025-01-23,NY,New York,TI,Total interchange,Eastern,Eastern,-98914,megawatthours
2025-01-22,NY,New York,D,Demand,Eastern,Eastern,512469,megawatthours
2025-01-22,NY,New York,DF,Day-ahead demand forecast,Eastern,Eastern,484761,megawatthours
2025-01-22,NY,New York,NG,Net generation,Eastern,Eastern,406975,megawatthours
2025-01-22,NY,New York,TI,Total interchange,Eastern,Eastern,-105494,megawatthours
2025-01-21,NY,New York,D,Demand,Eastern,Eastern,507458,megawatthours
2025-01-21,NY,New York,DF,Day-ahead demand forecast,Eastern,Eastern,486979,megawatthours
2025-01-21,NY,New York,NG,Net generation,Eastern,Eastern,417233,megawatthours
2025-01-21,NY,New York,TI,Total interchange,Eastern,Eastern,-90225,megawatthours
2025-01-20,NY,New York,D,Demand,Eastern,Eastern,476314,megawatthours
2025-01-20,NY,New York,DF,Day-ahead demand forecast,Eastern,Eastern,457223,megawatthours
2025-01-20,NY,New York,NG,Net generation,Eastern,Eastern,380842,megawatthours
2025-01-20,NY,New York,TI,Total interchange,Eastern,Eastern,-95472,megawatthours
2025-01-19,NY,New York,D,Demand,Eastern,Eastern,425620,megawatthours
2025-01-19,NY,New York,DF,Day-ahead demand forecast,Eastern,Eastern,411722,megawatthours
2025-01-19,NY,New York,NG,Net generation,Eastern,Eastern,329469,megawatthours
2025-01-19,NY,New York,TI,Total interchange,Eastern,Eastern,-96151,megawatthours
2025-01-18,NY,New York,D,Demand,Eastern,Eastern,423690,megawatthours
2025-01-18,NY,New York,DF,Day-ahead demand forecast,Eastern,Eastern,408180,megawatthours
2025-01-18,NY,New York,NG,Net generation,Eastern,Eastern,350567,megawatthours
2025-01-18,NY,New York,TI,Total interchange,Eastern,Eastern,-73123,megawatthours
2025-01-17,NY,New York,D,Demand,Eastern,Eastern,452520,megawatthours
2025-01-17,NY,New York,DF,Day-ahead demand forecast,Eastern,Eastern,438234,megawatthours
2025-01-17,NY,New York,NG,Net generation,Eastern,Eastern,374529,megawatthours
2025-01-17,NY,New York,TI,Total interchange,Eastern,Eastern,-77991,megawatthours
2025-01-16,NY,New York,D,Demand,Eastern,Eastern,471935,megawatthours
2025-01-16,NY,New York,DF,Day-ahead demand forecast,Eastern,Eastern,459482,megawatthours
2025-01-16,NY,New York,NG,Net generation,Eastern,Eastern,402018,megawatthours
2025-01-16,NY,New York,TI,Total interchange,Eastern,Eastern,-69917,megawatthours
2025-01-15,NY,New York,D,Demand,Eastern,Eastern,429499,megawatthours
2025-01-15,NY,New York,DF,Day-ahead demand forecast,Eastern,Eastern,454431,megawatthours
2025-01-15,NY,New York,NG,Net generation,Eastern,Eastern,416087,megawatthours
2025-01-15,NY,New York,TI,Total interchange,Eastern,Eastern,-51688,megawatthours
2025-01-14,NY,New York,D,Demand,Eastern,Eastern,460618,megawatthours
2025-01-14,NY,New York,DF,Day-ahead demand forecast,Eastern,Eastern,444941,megawatthours
2025-01-14,NY,New York,NG,Net generation,Eastern,Eastern,404628,megawatthours
2025-01-14,NY,New York,TI,Total interchange,Eastern,Eastern,-55990,megawatthours
2025-01-13,NY,New York,D,Demand,Eastern,Eastern,450534,megawatthours
2025-01-13,NY,New York,DF,Day-ahead demand forecast,Eastern,Eastern,434908,megawatthours
2025-01-13,NY,New York,NG,Net generation,Eastern,Eastern,388135,megawatthours
2025-01-13,NY,New York,TI,Total interchange,Eastern,Eastern,-62399,megawatthours
2025-01-12,NY,New York,D,Demand,Eastern,Eastern,420996,megawatthours
2025-01-12,NY,New York,DF,Day-ahead demand forecast,Eastern,Eastern,406371,megawatthours
2025-01-12,NY,New York,NG,Net generation,Eastern,Eastern,360084,megawatthours
2025-01-12,NY,New York,TI,Total interchange,Eastern,Eastern,-60912,megawatthours
2025-01-11,NY,New York,D,Demand,Eastern,Eastern,439882,megawatthours
2025-01-11,NY,New York,DF,Day-ahead demand forecast,Eastern,Eastern,428180,megawatthours
2025-01-11,NY,New York,NG,Net generation,Eastern,Eastern,364957,megawatthours
2025-01-11,NY,New York,TI,Total interchange,Eastern,Eastern,-74925,megawatthours
2025-01-10,NY,New York,D,Demand,Eastern,Eastern,457755,megawatthours
2025-01-10,NY,New York,DF,Day-ahead demand forecast,Eastern,Eastern,454074,megawatthours
2025-01-10,NY,New York,NG,Net generation,Eastern,Eastern,372590,megawatthours
2025-01-10,NY,New York,TI,Total interchange,Eastern,Eastern,-85165,megawatthours
2025-01-09,NY,New York,D,Demand,Eastern,Eastern,490373,megawatthours
2025-01-09,NY,New York,DF,Day-ahead demand forecast,Eastern,Eastern,471570,megawatthours
2025-01-09,NY,New York,NG,Net generation,Eastern,Eastern,414228,megawatthours
2025-01-09,NY,New York,TI,Total interchange,Eastern,Eastern,-76145,megawatthours
2025-01-08,NY,New York,D,Demand,Eastern,Eastern,491538,megawatthours
2025-01-08,NY,New York,DF,Day-ahead demand forecast,Eastern,Eastern,467007,megawatthours
2025-01-08,NY,New York,NG,Net generation,Eastern,Eastern,405967,megawatthours
2025-01-08,NY,New York,TI,Total interchange,Eastern,Eastern,-85571,megawatthours
2025-01-07,NY,New York,D,Demand,Eastern,Eastern,489499,megawatthours
2025-01-07,NY,New York,DF,Day-ahead demand forecast,Eastern,Eastern,461071,megawatthours
2025-01-07,NY,New York,NG,Net generation,Eastern,Eastern,404538,megawatthours
2025-01-07,NY,New York,TI,Total interchange,Eastern,Eastern,-84961,megawatthours
2025-01-06,NY,New York,D,Demand,Eastern,Eastern,478157,megawatthours
2025-01-06,NY,New York,DF,Day-ahead demand forecast,Eastern,Eastern,460740,megawatthours
2025-01-06,NY,New York,NG,Net generation,Eastern,Eastern,383973,megawatthours
2025-01-06,NY,New York,TI,Total interchange,Eastern,Eastern,-94184,megawatthours
2025-01-05,NY,New York,D,Demand,Eastern,Eastern,444306,megawatthours
2025-01-05,NY,New York,DF,Day-ahead demand forecast,Eastern,Eastern,428949,megawatthours
2025-01-05,NY,New York,NG,Net generation,Eastern,Eastern,376157,megawatthours
2025-01-05,NY,New York,TI,Total interchange,Eastern,Eastern,-68149,megawatthours
2025-01-04,NY,New York,D,Demand,Eastern,Eastern,444490,megawatthours
2025-01-04,NY,New York,DF,Day-ahead demand forecast,Eastern,Eastern,428883,megawatthours
2025-01-04,NY,New York,NG,Net generation,Eastern,Eastern,383976,megawatthours
2025-01-04,NY,New York,TI,Total interchange,Eastern,Eastern,-60514,megawatthours
2025-01-03,NY,New York,D,Demand,Eastern,Eastern,443961,megawatthours
2025-01-03,NY,New York,DF,Day-ahead demand forecast,Eastern,Eastern,422562,megawatthours
2025-01-03,NY,New York,NG,Net generation,Eastern,Eastern,396338,megawatthours
2025-01-03,NY,New York,TI,Total interchange,Eastern,Eastern,-47623,megawatthours
2025-01-02,NY,New York,D,Demand,Eastern,Eastern,433967,megawatthours
2025-01-02,NY,New York,DF,Day-ahead demand forecast,Eastern,Eastern,408599,megawatthours
2025-01-02,NY,New York,NG,Net generation,Eastern,Eastern,378709,megawatthours
2025-01-02,NY,New York,TI,Total interchange,Eastern,Eastern,-55258,megawatthours
2025-01-01,NY,New York,D,Demand,Eastern,Eastern,386468,megawatthours
2025-01-01,NY,New York,DF,Day-ahead demand forecast,Eastern,Eastern,370327,megawatthours
2025-01-01,NY,New York,NG,Net generation,Eastern,Eastern,336990,megawatthours
2025-01-01,NY,New York,TI,Total interchange,Eastern,Eastern,-49478,megawatthours
2024-12-31,NY,New York,D,Demand,Eastern,Eastern,387803,megawatthours
2024-12-31,NY,New York,DF,Day-ahead demand forecast,Eastern,Eastern,387315,megawatthours
2024-12-31,NY,New York,NG,Net generation,Eastern,Eastern,350276,megawatthours
2024-12-31,NY,New York,TI,Total interchange,Eastern,Eastern,-37527,megawatthours
2024-12-30,NY,New York,D,Demand,Eastern,Eastern,389721,megawatthours
2024-12-30,NY,New York,DF,Day-ahead demand forecast,Eastern,Eastern,388349,megawatthours
2024-12-30,NY,New York,NG,Net generation,Eastern,Eastern,360562,megawatthours
2024-12-30,NY,New York,TI,Total interchange,Eastern,Eastern,-29159,megawatthours
2024-12-29,NY,New York,D,Demand,Eastern,Eastern,384030,megawatthours
2024-12-29,NY,New York,DF,Day-ahead demand forecast,Eastern,Eastern,382504,megawatthours
2024-12-29,NY,New York,NG,Net generation,Eastern,Eastern,355865,megawatthours
2024-12-29,NY,New York,TI,Total interchange,Eastern,Eastern,-28165,megawatthours
2024-12-28,NY,New York,D,Demand,Eastern,Eastern,407169,megawatthours
2024-12-28,NY,New York,DF,Day-ahead demand forecast,Eastern,Eastern,401057,megawatthours
2024-12-28,NY,New York,NG,Net generation,Eastern,Eastern,357604,megawatthours
2024-12-28,NY,New York,TI,Total interchange,Eastern,Eastern,-49565,megawatthours
2024-12-27,NY,New York,D,Demand,Eastern,Eastern,446691,megawatthours
2024-12-27,NY,New York,DF,Day-ahead demand forecast,Eastern,Eastern,428142,megawatthours
2024-12-27,NY,New York,NG,Net generation,Eastern,Eastern,387401,megawatthours
2024-12-27,NY,New York,TI,Total interchange,Eastern,Eastern,-59290,megawatthours
2024-12-26,NY,New York,D,Demand,Eastern,Eastern,452405,megawatthours
2024-12-26,NY,New York,DF,Day-ahead demand forecast,Eastern,Eastern,420583,megawatthours
2024-12-26,NY,New York,NG,Net generation,Eastern,Eastern,381956,megawatthours
2024-12-26,NY,New York,TI,Total interchange,Eastern,Eastern,-70449,megawatthours
2024-12-25,NY,New York,D,Demand,Eastern,Eastern,421329,megawatthours
2024-12-25,NY,New York,DF,Day-ahead demand forecast,Eastern,Eastern,401877,megawatthours
2024-12-25,NY,New York,NG,Net generation,Eastern,Eastern,357058,megawatthours
2024-12-25,NY,New York,TI,Total interchange,Eastern,Eastern,-64271,megawatthours
2024-12-24,NY,New York,D,Demand,Eastern,Eastern,452742,megawatthours
2024-12-24,NY,New York,DF,Day-ahead demand forecast,Eastern,Eastern,433660,megawatthours
2024-12-24,NY,New York,NG,Net generation,Eastern,Eastern,378158,megawatthours
2024-12-24,NY,New York,TI,Total interchange,Eastern,Eastern,-74584,megawatthours
2024-12-23,NY,New York,D,Demand,Eastern,Eastern,499812,megawatthours
2024-12-23,NY,New York,DF,Day-ahead demand forecast,Eastern,Eastern,467795,megawatthours
2024-12-23,NY,New York,NG,Net generation,Eastern,Eastern,406731,megawatthours
2024-12-23,NY,New York,TI,Total interchange,Eastern,Eastern,-93081,megawatthours
2024-12-22,NY,New York,D,Demand,Eastern,Eastern,478530,megawatthours
2024-12-22,NY,New York,DF,Day-ahead demand forecast,Eastern,Eastern,439301,megawatthours
2024-12-22,NY,New York,NG,Net generation,Eastern,Eastern,375551,megawatthours
2024-12-22,NY,New York,TI,Total interchange,Eastern,Eastern,-102979,megawatthours
2024-12-21,NY,New York,D,Demand,Eastern,Eastern,454146,megawatthours
2024-12-21,NY,New York,DF,Day-ahead demand forecast,Eastern,Eastern,422162,megawatthours
2024-12-21,NY,New York,NG,Net generation,Eastern,Eastern,380213,megawatthours
2024-12-21,NY,New York,TI,Total interchange,Eastern,Eastern,-73933,megawatthours
2024-12-20,NY,New York,D,Demand,Eastern,Eastern,450901,megawatthours
2024-12-20,NY,New York,DF,Day-ahead demand forecast,Eastern,Eastern,424888,megawatthours
2024-12-20,NY,New York,NG,Net generation,Eastern,Eastern,392317,megawatthours
2024-12-20,NY,New York,TI,Total interchange,Eastern,Eastern,-58584,megawatthours
2024-12-19,NY,New York,D,Demand,Eastern,Eastern,425504,megawatthours
2024-12-19,NY,New York,DF,Day-ahead demand forecast,Eastern,Eastern,409813,megawatthours
2024-12-19,NY,New York,NG,Net generation,Eastern,Eastern,387530,megawatthours
2024-12-19,NY,New York,TI,Total interchange,Eastern,Eastern,-37974,megawatthours
2024-12-18,NY,New York,D,Demand,Eastern,Eastern,413074,megawatthours
2024-12-18,NY,New York,DF,Day-ahead demand forecast,Eastern,Eastern,409352,megawatthours
2024-12-18,NY,New York,NG,Net generation,Eastern,Eastern,369162,megawatthours
2024-12-18,NY,New York,TI,Total interchange,Eastern,Eastern,-43912,megawatthours
2024-12-17,NY,New York,D,Demand,Eastern,Eastern,406974,megawatthours
2024-12-17,NY,New York,DF,Day-ahead demand forecast,Eastern,Eastern,404198,megawatthours
2024-12-17,NY,New York,NG,Net generation,Eastern,Eastern,375408,megawatthours
2024-12-17,NY,New York,TI,Total interchange,Eastern,Eastern,-31566,megawatthours
2024-12-16,NY,New York,D,Demand,Eastern,Eastern,434083,megawatthours
2024-12-16,NY,New York,DF,Day-ahead demand forecast,Eastern,Eastern,423368,megawatthours
2024-12-16,NY,New York,NG,Net generation,Eastern,Eastern,404606,megawatthours
2024-12-16,NY,New York,TI,Total interchange,Eastern,Eastern,-29477,megawatthours
2024-12-15,NY,New York,D,Demand,Eastern,Eastern,432459,megawatthours
2024-12-15,NY,New York,DF,Day-ahead demand forecast,Eastern,Eastern,416538,megawatthours
2024-12-15,NY,New York,NG,Net generation,Eastern,Eastern,399645,megawatthours
2024-12-15,NY,New York,TI,Total interchange,Eastern,Eastern,-32814,megawatthours
2024-12-14,NY,New York,D,Demand,Eastern,Eastern,434485,megawatthours
2024-12-14,NY,New York,DF,Day-ahead demand forecast,Eastern,Eastern,418653,megawatthours
2024-12-14,NY,New York,NG,Net generation,Eastern,Eastern,377605,megawatthours
2024-12-14,NY,New York,TI,Total interchange,Eastern,Eastern,-56880,megawatthours
2024-12-13,NY,New York,D,Demand,Eastern,Eastern,453408,megawatthours
2024-12-13,NY,New York,DF,Day-ahead demand forecast,Eastern,Eastern,431118,megawatthours
2024-12-13,NY,New York,NG,Net generation,Eastern,Eastern,395923,megawatthours
2024-12-13,NY,New York,TI,Total interchange,Eastern,Eastern,-57485,megawatthours
2024-12-12,NY,New York,D,Demand,Eastern,Eastern,433378,megawatthours
2024-12-12,NY,New York,DF,Day-ahead demand forecast,Eastern,Eastern,418072,megawatthours
2024-12-12,NY,New York,NG,Net generation,Eastern,Eastern,404449,megawatthours
2024-12-12,NY,New York,TI,Total interchange,Eastern,Eastern,-28929,megawatthours
2024-12-11,NY,New York,D,Demand,Eastern,Eastern,412993,megawatthours
2024-12-11,NY,New York,DF,Day-ahead demand forecast,Eastern,Eastern,400008,megawatthours
2024-12-11,NY,New York,NG,Net generation,Eastern,Eastern,390931,megawatthours
2024-12-11,NY,New York,TI,Total interchange,Eastern,Eastern,-22062,megawatthours
2024-12-10,NY,New York,D,Demand,Eastern,Eastern,415010,megawatthours
2024-12-10,NY,New York,DF,Day-ahead demand forecast,Eastern,Eastern,407452,megawatthours
2024-12-10,NY,New York,NG,Net generation,Eastern,Eastern,390560,megawatthours
2024-12-10,NY,New York,TI,Total interchange,Eastern,Eastern,-24450,megawatthours
2024-12-09,NY,New York,D,Demand,Eastern,Eastern,424459,megawatthours
2024-12-09,NY,New York,DF,Day-ahead demand forecast,Eastern,Eastern,417174,megawatthours
2024-12-09,NY,New York,NG,Net generation,Eastern,Eastern,403266,megawatthours
2024-12-09,NY,New York,TI,Total interchange,Eastern,Eastern,-21193,megawatthours
2024-12-08,NY,New York,D,Demand,Eastern,Eastern,403297,megawatthours
2024-12-08,NY,New York,DF,Day-ahead demand forecast,Eastern,Eastern,395826,megawatthours
2024-12-08,NY,New York,NG,Net generation,Eastern,Eastern,375306,megawatthours
2024-12-08,NY,New York,TI,Total interchange,Eastern,Eastern,-27991,megawatthours
2024-12-07,NY,New York,D,Demand,Eastern,Eastern,426283,megawatthours
2024-12-07,NY,New York,DF,Day-ahead demand forecast,Eastern,Eastern,415046,megawatthours
2024-12-07,NY,New York,NG,Net generation,Eastern,Eastern,369589,megawatthours
2024-12-07,NY,New York,TI,Total interchange,Eastern,Eastern,-56694,megawatthours
2024-12-06,NY,New York,D,Demand,Eastern,Eastern,452742,megawatthours
2024-12-06,NY,New York,DF,Day-ahead demand forecast,Eastern,Eastern,431864,megawatthours
2024-12-06,NY,New York,NG,Net generation,Eastern,Eastern,393859,megawatthours
2024-12-06,NY,New York,TI,Total interchange,Eastern,Eastern,-58883,megawatthours
2024-12-05,NY,New York,D,Demand,Eastern,Eastern,445660,megawatthours
2024-12-05,NY,New York,DF,Day-ahead demand forecast,Eastern,Eastern,425158,megawatthours
2024-12-05,NY,New York,NG,Net generation,Eastern,Eastern,394276,megawatthours
2024-12-05,NY,New York,TI,Total interchange,Eastern,Eastern,-51384,megawatthours
2024-12-04,NY,New York,D,Demand,Eastern,Eastern,447651,megawatthours
2024-12-04,NY,New York,DF,Day-ahead demand forecast,Eastern,Eastern,430221,megawatthours
2024-12-04,NY,New York,NG,Net generation,Eastern,Eastern,373731,megawatthours
2024-12-04,NY,New York,TI,Total interchange,Eastern,Eastern,-73920,megawatthours
2024-12-03,NY,New York,D,Demand,Eastern,Eastern,440665,megawatthours
2024-12-03,NY,New York,DF,Day-ahead demand forecast,Eastern,Eastern,425856,megawatthours
2024-12-03,NY,New York,NG,Net generation,Eastern,Eastern,373729,megawatthours
2024-12-03,NY,New York,TI,Total interchange,Eastern,Eastern,-66936,megawatthours
2024-12-02,NY,New York,D,Demand,Eastern,Eastern,439637,megawatthours
2024-12-02,NY,New York,DF,Day-ahead demand forecast,Eastern,Eastern,419744,megawatthours
2024-12-02,NY,New York,NG,Net generation,Eastern,Eastern,384249,megawatthours
2024-12-02,NY,New York,TI,Total interchange,Eastern,Eastern,-55388,megawatthours
2024-12-01,NY,New York,D,Demand,Eastern,Eastern,412709,megawatthours
2024-12-01,NY,New York,DF,Day-ahead demand forecast,Eastern,Eastern,391140,megawatthours
2024-12-01,NY,New York,NG,Net generation,Eastern,Eastern,351950,megawatthours
2024-12-01,NY,New York,TI,Total interchange,Eastern,Eastern,-60759,megawatthours
2024-11-30,NY,New York,D,Demand,Eastern,Eastern,398752,megawatthours
2024-11-30,NY,New York,DF,Day-ahead demand forecast,Eastern,Eastern,382240,megawatthours
2024-11-30,NY,New York,NG,Net generation,Eastern,Eastern,348519,megawatthours
2024-11-30,NY,New York,TI,Total interchange,Eastern,Eastern,-50233,megawatthours
2024-11-29,NY,New York,D,Demand,Eastern,Eastern,387608,megawatthours
2024-11-29,NY,New York,DF,Day-ahead demand forecast,Eastern,Eastern,369606,megawatthours
2024-11-29,NY,New York,NG,Net generation,Eastern,Eastern,323115,megawatthours
2024-11-29,NY,New York,TI,Total interchange,Eastern,Eastern,-64493,megawatthours
2024-11-28,NY,New York,D,Demand,Eastern,Eastern,380960,megawatthours
2024-11-28,NY,New York,DF,Day-ahead demand forecast,Eastern,Eastern,360139,megawatthours
2024-11-28,NY,New York,NG,Net generation,Eastern,Eastern,323291,megawatthours
2024-11-28,NY,New York,TI,Total interchange,Eastern,Eastern,-57669,megawatthours
2024-11-27,NY,New York,D,Demand,Eastern,Eastern,389193,megawatthours
2024-11-27,NY,New York,DF,Day-ahead demand forecast,Eastern,Eastern,382074,megawatthours
2024-11-27,NY,New York,NG,Net generation,Eastern,Eastern,342222,megawatthours
2024-11-27,NY,New York,TI,Total interchange,Eastern,Eastern,-46971,megawatthours
2024-11-26,NY,New York,D,Demand,Eastern,Eastern,395848,megawatthours
2024-11-26,NY,New York,DF,Day-ahead demand forecast,Eastern,Eastern,384538,megawatthours
2024-11-26,NY,New York,NG,Net generation,Eastern,Eastern,351188,megawatthours
2024-11-26,NY,New York,TI,Total interchange,Eastern,Eastern,-44660,megawatthours
2024-11-25,NY,New York,D,Demand,Eastern,Eastern,386591,megawatthours
2024-11-25,NY,New York,DF,Day-ahead demand forecast,Eastern,Eastern,382116,megawatthours
2024-11-25,NY,New York,NG,Net generation,Eastern,Eastern,338128,megawatthours
2024-11-25,NY,New York,TI,Total interchange,Eastern,Eastern,-48463,megawatthours
2024-11-24,NY,New York,D,Demand,Eastern,Eastern,368594,megawatthours
2024-11-24,NY,New York,DF,Day-ahead demand forecast,Eastern,Eastern,358560,megawatthours
2024-11-24,NY,New York,NG,Net generation,Eastern,Eastern,328536,megawatthours
2024-11-24,NY,New York,TI,Total interchange,Eastern,Eastern,-40058,megawatthours
2024-11-23,NY,New York,D,Demand,Eastern,Eastern,374705,megawatthours
2024-11-23,NY,New York,DF,Day-ahead demand forecast,Eastern,Eastern,365469,megawatthours
2024-11-23,NY,New York,NG,Net generation,Eastern,Eastern,331507,megawatthours
2024-11-23,NY,New York,TI,Total interchange,Eastern,Eastern,-43198,megawatthours
2024-11-22,NY,New York,D,Demand,Eastern,Eastern,406854,megawatthours
2024-11-22,NY,New York,DF,Day-ahead demand forecast,Eastern,Eastern,383271,megawatthours
2024-11-22,NY,New York,NG,Net generation,Eastern,Eastern,370531,megawatthours
2024-11-22,NY,New York,TI,Total interchange,Eastern,Eastern,-36323,megawatthours
2024-11-21,NY,New York,D,Demand,Eastern,Eastern,394330,megawatthours
2024-11-21,NY,New York,DF,Day-ahead demand forecast,Eastern,Eastern,378721,megawatthours
2024-11-21,NY,New York,NG,Net generation,Eastern,Eastern,359034,megawatthours
2024-11-21,NY,New York,TI,Total interchange,Eastern,Eastern,-35296,megawatthours
2024-11-20,NY,New York,D,Demand,Eastern,Eastern,378483,megawatthours
2024-11-20,NY,New York,DF,Day-ahead demand forecast,Eastern,Eastern,369117,megawatthours
2024-11-20,NY,New York,NG,Net generation,Eastern,Eastern,348698,megawatthours
2024-11-20,NY,New York,TI,Total interchange,Eastern,Eastern,-29785,megawatthours
2024-11-19,NY,New York,D,Demand,Eastern,Eastern,376740,megawatthours
2024-11-19,NY,New York,DF,Day-ahead demand forecast,Eastern,Eastern,370949,megawatthours
2024-11-19,NY,New York,NG,Net generation,Eastern,Eastern,333011,megawatthours
2024-11-19,NY,New York,TI,Total interchange,Eastern,Eastern,-43729,megawatthours
2024-11-18,NY,New York,D,Demand,Eastern,Eastern,371605,megawatthours
2024-11-18,NY,New York,DF,Day-ahead demand forecast,Eastern,Eastern,368834,megawatthours
2024-11-18,NY,New York,NG,Net generation,Eastern,Eastern,346753,megawatthours
2024-11-18,NY,New York,TI,Total interchange,Eastern,Eastern,-24852,megawatthours
2024-11-17,NY,New York,D,Demand,Eastern,Eastern,353747,megawatthours
2024-11-17,NY,New York,DF,Day-ahead demand forecast,Eastern,Eastern,344035,megawatthours
2024-11-17,NY,New York,NG,Net generation,Eastern,Eastern,302069,megawatthours
2024-11-17,NY,New York,TI,Total interchange,Eastern,Eastern,-51678,megawatthours
2024-11-16,NY,New York,D,Demand,Eastern,Eastern,354835,megawatthours
2024-11-16,NY,New York,DF,Day-ahead demand forecast,Eastern,Eastern,344986,megawatthours
2024-11-16,NY,New York,NG,Net generation,Eastern,Eastern,317188,megawatthours
2024-11-16,NY,New York,TI,Total interchange,Eastern,Eastern,-37647,megawatthours
2024-11-15,NY,New York,D,Demand,Eastern,Eastern,386291,megawatthours
2024-11-15,NY,New York,DF,Day-ahead demand forecast,Eastern,Eastern,375676,megawatthours
2024-11-15,NY,New York,NG,Net generation,Eastern,Eastern,349351,megawatthours
2024-11-15,NY,New York,TI,Total interchange,Eastern,Eastern,-36940,megawatthours
2024-11-14,NY,New York,D,Demand,Eastern,Eastern,400435,megawatthours
2024-11-14,NY,New York,DF,Day-ahead demand forecast,Eastern,Eastern,388434,megawatthours
2024-11-14,NY,New York,NG,Net generation,Eastern,Eastern,372000,megawatthours
2024-11-14,NY,New York,TI,Total interchange,Eastern,Eastern,-28435,megawatthours
2024-11-13,NY,New York,D,Demand,Eastern,Eastern,387730,megawatthours
2024-11-13,NY,New York,DF,Day-ahead demand forecast,Eastern,Eastern,372886,megawatthours
2024-11-13,NY,New York,NG,Net generation,Eastern,Eastern,350084,megawatthours
2024-11-13,NY,New York,TI,Total interchange,Eastern,Eastern,-37646,megawatthours
2024-11-12,NY,New York,D,Demand,Eastern,Eastern,377863,megawatthours
2024-11-12,NY,New York,DF,Day-ahead demand forecast,Eastern,Eastern,365901,megawatthours
2024-11-12,NY,New York,NG,Net generation,Eastern,Eastern,342806,megawatthours
2024-11-12,NY,New York,TI,Total interchange,Eastern,Eastern,-35057,megawatthours
2024-11-11,NY,New York,D,Demand,Eastern,Eastern,374033,megawatthours
2024-11-11,NY,New York,DF,Day-ahead demand forecast,Eastern,Eastern,366518,megawatthours
2024-11-11,NY,New York,NG,Net generation,Eastern,Eastern,337550,megawatthours
2024-11-11,NY,New York,TI,Total interchange,Eastern,Eastern,-36483,megawatthours
2024-11-10,NY,New York,D,Demand,Eastern,Eastern,355474,megawatthours
2024-11-10,NY,New York,DF,Day-ahead demand forecast,Eastern,Eastern,348624,megawatthours
2024-11-10,NY,New York,NG,Net generation,Eastern,Eastern,316499,megawatthours
2024-11-10,NY,New York,TI,Total interchange,Eastern,Eastern,-38975,megawatthours
2024-11-09,NY,New York,D,Demand,Eastern,Eastern,344838,megawatthours
2024-11-09,NY,New York,DF,Day-ahead demand forecast,Eastern,Eastern,335393,megawatthours
2024-11-09,NY,New York,NG,Net generation,Eastern,Eastern,302526,megawatthours
2024-11-09,NY,New York,TI,Total interchange,Eastern,Eastern,-42312,megawatthours
2024-11-08,NY,New York,D,Demand,Eastern,Eastern,367491,megawatthours
2024-11-08,NY,New York,DF,Day-ahead demand forecast,Eastern,Eastern,347557,megawatthours
2024-11-08,NY,New York,NG,Net generation,Eastern,Eastern,348954,megawatthours
2024-11-08,NY,New York,TI,Total interchange,Eastern,Eastern,-18537,megawatthours
2024-11-07,NY,New York,D,Demand,Eastern,Eastern,378476,megawatthours
2024-11-07,NY,New York,DF,Day-ahead demand forecast,Eastern,Eastern,364679,megawatthours
2024-11-07,NY,New York,NG,Net generation,Eastern,Eastern,353972,megawatthours
2024-11-07,NY,New York,TI,Total interchange,Eastern,Eastern,-24504,megawatthours
2024-11-06,NY,New York,D,Demand,Eastern,Eastern,386179,megawatthours
2024-11-06,NY,New York,DF,Day-ahead demand forecast,Eastern,Eastern,381373,megawatthours
2024-11-06,NY,New York,NG,Net generation,Eastern,Eastern,363435,megawatthours
2024-11-06,NY,New York,TI,Total interchange,Eastern,Eastern,-22744,megawatthours
2024-11-05,NY,New York,D,Demand,Eastern,Eastern,371794,megawatthours
2024-11-05,NY,New York,DF,Day-ahead demand forecast,Eastern,Eastern,367560,megawatthours
2024-11-05,NY,New York,NG,Net generation,Eastern,Eastern,349573,megawatthours
2024-11-05,NY,New York,TI,Total interchange,Eastern,Eastern,-22221,megawatthours
2024-11-04,NY,New York,D,Demand,Eastern,Eastern,385333,megawatthours
2024-11-04,NY,New York,DF,Day-ahead demand forecast,Eastern,Eastern,371784,megawatthours
2024-11-04,NY,New York,NG,Net generation,Eastern,Eastern,354737,megawatthours
2024-11-04,NY,New York,TI,Total interchange,Eastern,Eastern,-30596,megawatthours
2024-11-03,NY,New York,D,Demand,Eastern,Eastern,358226,megawatthours
2024-11-03,NY,New York,DF,Day-ahead demand forecast,Eastern,Eastern,345219,megawatthours
2024-11-03,NY,New York,NG,Net generation,Eastern,Eastern,316909,megawatthours
2024-11-03,NY,New York,TI,Total interchange,Eastern,Eastern,-41317,megawatthours
2024-11-02,NY,New York,D,Demand,Eastern,Eastern,345239,megawatthours
2024-11-02,NY,New York,DF,Day-ahead demand forecast,Eastern,Eastern,325328,megawatthours
2024-11-02,NY,New York,NG,Net generation,Eastern,Eastern,302821,megawatthours
2024-11-02,NY,New York,TI,Total interchange,Eastern,Eastern,-42418,megawatthours
2024-11-01,NY,New York,D,Demand,Eastern,Eastern,380282,megawatthours
2024-11-01,NY,New York,DF,Day-ahead demand forecast,Eastern,Eastern,369502,megawatthours
2024-11-01,NY,New York,NG,Net generation,Eastern,Eastern,353109,megawatthours
2024-11-01,NY,New York,TI,Total interchange,Eastern,Eastern,-27173,megawatthours
2024-10-31,NY,New York,D,Demand,Eastern,Eastern,376387,megawatthours
2024-10-31,NY,New York,DF,Day-ahead demand forecast,Eastern,Eastern,373442,megawatthours
2024-10-31,NY,New York,NG,Net generation,Eastern,Eastern,357098,megawatthours
2024-10-31,NY,New York,TI,Total interchange,Eastern,Eastern,-19289,megawatthours
2024-10-30,NY,New York,D,Demand,Eastern,Eastern,369942,megawatthours
2024-10-30,NY,New York,DF,Day-ahead demand forecast,Eastern,Eastern,366541,megawatthours
2024-10-30,NY,New York,NG,Net generation,Eastern,Eastern,349685,megawatthours
2024-10-30,NY,New York,TI,Total interchange,Eastern,Eastern,-20257,megawatthours
2024-10-29,NY,New York,D,Demand,Eastern,Eastern,380778,megawatthours
2024-10-29,NY,New York,DF,Day-ahead demand forecast,Eastern,Eastern,368805,megawatthours
2024-10-29,NY,New York,NG,Net generation,Eastern,Eastern,348636,megawatthours
2024-10-29,NY,New York,TI,Total interchange,Eastern,Eastern,-32142,megawatthours
2024-10-28,NY,New York,D,Demand,Eastern,Eastern,369182,megawatthours
2024-10-28,NY,New York,DF,Day-ahead demand forecast,Eastern,Eastern,359953,megawatthours
2024-10-28,NY,New York,NG,Net generation,Eastern,Eastern,326491,megawatthours
2024-10-28,NY,New York,TI,Total interchange,Eastern,Eastern,-42691,megawatthours
2024-10-27,NY,New York,D,Demand,Eastern,Eastern,340857,megawatthours
2024-10-27,NY,New York,DF,Day-ahead demand forecast,Eastern,Eastern,327680,megawatthours
2024-10-27,NY,New York,NG,Net generation,Eastern,Eastern,306697,megawatthours
2024-10-27,NY,New York,TI,Total interchange,Eastern,Eastern,-34160,megawatthours
2024-10-26,NY,New York,D,Demand,Eastern,Eastern,337178,megawatthours
2024-10-26,NY,New York,DF,Day-ahead demand forecast,Eastern,Eastern,326681,megawatthours
2024-10-26,NY,New York,NG,Net generation,Eastern,Eastern,303836,megawatthours
2024-10-26,NY,New York,TI,Total interchange,Eastern,Eastern,-33342,megawatthours
2024-10-25,NY,New York,D,Demand,Eastern,Eastern,361117,megawatthours
2024-10-25,NY,New York,DF,Day-ahead demand forecast,Eastern,Eastern,346011,megawatthours
2024-10-25,NY,New York,NG,Net generation,Eastern,Eastern,325964,megawatthours
2024-10-25,NY,New York,TI,Total interchange,Eastern,Eastern,-35153,megawatthours
2024-10-24,NY,New York,D,Demand,Eastern,Eastern,366182,megawatthours
2024-10-24,NY,New York,DF,Day-ahead demand forecast,Eastern,Eastern,354922,megawatthours
2024-10-24,NY,New York,NG,Net generation,Eastern,Eastern,324313,megawatthours
2024-10-24,NY,New York,TI,Total interchange,Eastern,Eastern,-41869,megawatthours
2024-10-23,NY,New York,D,Demand,Eastern,Eastern,376031,megawatthours
2024-10-23,NY,New York,DF,Day-ahead demand forecast,Eastern,Eastern,362807,megawatthours
2024-10-23,NY,New York,NG,Net generation,Eastern,Eastern,332221,megawatthours
2024-10-23,NY,New York,TI,Total interchange,Eastern,Eastern,-43810,megawatthours
2024-10-22,NY,New York,D,Demand,Eastern,Eastern,373493,megawatthours
2024-10-22,NY,New York,DF,Day-ahead demand forecast,Eastern,Eastern,363833,megawatthours
2024-10-22,NY,New York,NG,Net generation,Eastern,Eastern,320482,megawatthours
2024-10-22,NY,New York,TI,Total interchange,Eastern,Eastern,-53011,megawatthours
2024-10-21,NY,New York,D,Demand,Eastern,Eastern,363870,megawatthours
2024-10-21,NY,New York,DF,Day-ahead demand forecast,Eastern,Eastern,354798,megawatthours
2024-10-21,NY,New York,NG,Net generation,Eastern,Eastern,319490,megawatthours
2024-10-21,NY,New York,TI,Total interchange,Eastern,Eastern,-44380,megawatthours
2024-10-20,NY,New York,D,Demand,Eastern,Eastern,330021,megawatthours
2024-10-20,NY,New York,DF,Day-ahead demand forecast,Eastern,Eastern,319712,megawatthours
2024-10-20,NY,New York,NG,Net generation,Eastern,Eastern,292535,megawatthours
2024-10-20,NY,New York,TI,Total interchange,Eastern,Eastern,-37486,megawatthours
2024-10-19,NY,New York,D,Demand,Eastern,Eastern,334870,megawatthours
2024-10-19,NY,New York,DF,Day-ahead demand forecast,Eastern,Eastern,322396,megawatthours
2024-10-19,NY,New York,NG,Net generation,Eastern,Eastern,286244,megawatthours
2024-10-19,NY,New York,TI,Total interchange,Eastern,Eastern,-48626,megawatthours
2024-10-18,NY,New York,D,Demand,Eastern,Eastern,359360,megawatthours
2024-10-18,NY,New York,DF,Day-ahead demand forecast,Eastern,Eastern,346325,megawatthours
2024-10-18,NY,New York,NG,Net generation,Eastern,Eastern,320505,megawatthours
2024-10-18,NY,New York,TI,Total interchange,Eastern,Eastern,-38855,megawatthours
2024-10-17,NY,New York,D,Demand,Eastern,Eastern,365921,megawatthours
2024-10-17,NY,New York,DF,Day-ahead demand forecast,Eastern,Eastern,355906,megawatthours
2024-10-17,NY,New York,NG,Net generation,Eastern,Eastern,326290,megawatthours
2024-10-17,NY,New York,TI,Total interchange,Eastern,Eastern,-39631,megawatthours
2024-10-16,NY,New York,D,Demand,Eastern,Eastern,371418,megawatthours
2024-10-16,NY,New York,DF,Day-ahead demand forecast,Eastern,Eastern,364912,megawatthours
2024-10-16,NY,New York,NG,Net generation,Eastern,Eastern,328120,megawatthours
2024-10-16,NY,New York,TI,Total interchange,Eastern,Eastern,-43298,megawatthours
2024-10-15,NY,New York,D,Demand,Eastern,Eastern,370140,megawatthours
2024-10-15,NY,New York,DF,Day-ahead demand forecast,Eastern,Eastern,368187,megawatthours
2024-10-15,NY,New York,NG,Net generation,Eastern,Eastern,323393,megawatthours
2024-10-15,NY,New York,TI,Total interchange,Eastern,Eastern,-46747,megawatthours
2024-10-14,NY,New York,D,Demand,Eastern,Eastern,373774,megawatthours
2024-10-14,NY,New York,DF,Day-ahead demand forecast,Eastern,Eastern,364914,megawatthours
2024-10-14,NY,New York,NG,Net generation,Eastern,Eastern,327465,megawatthours
2024-10-14,NY,New York,TI,Total interchange,Eastern,Eastern,-46309,megawatthours
2024-10-13,NY,New York,D,Demand,Eastern,Eastern,349858,megawatthours
2024-10-13,NY,New York,DF,Day-ahead demand forecast,Eastern,Eastern,13032,megawatthours
2024-10-13,NY,New York,NG,Net generation,Eastern,Eastern,294977,megawatthours
2024-10-13,NY,New York,TI,Total interchange,Eastern,Eastern,-54881,megawatthours
2024-10-12,NY,New York,D,Demand,Eastern,Eastern,327886,megawatthours
2024-10-12,NY,New York,DF,Day-ahead demand forecast,Eastern,Eastern,319129,megawatthours
2024-10-12,NY,New York,NG,Net generation,Eastern,Eastern,288351,megawatthours
2024-10-12,NY,New York,TI,Total interchange,Eastern,Eastern,-39535,megawatthours
2024-10-11,NY,New York,D,Demand,Eastern,Eastern,354992,megawatthours
2024-10-11,NY,New York,DF,Day-ahead demand forecast,Eastern,Eastern,340451,megawatthours
2024-10-11,NY,New York,NG,Net generation,Eastern,Eastern,318280,megawatthours
2024-10-11,NY,New York,TI,Total interchange,Eastern,Eastern,-36712,megawatthours
2024-10-10,NY,New York,D,Demand,Eastern,Eastern,360125,megawatthours
2024-10-10,NY,New York,DF,Day-ahead demand forecast,Eastern,Eastern,348648,megawatthours
2024-10-10,NY,New York,NG,Net generation,Eastern,Eastern,325885,megawatthours
2024-10-10,NY,New York,TI,Total interchange,Eastern,Eastern,-34240,megawatthours
2024-10-09,NY,New York,D,Demand,Eastern,Eastern,328198,megawatthours
2024-10-09,NY,New York,DF,Day-ahead demand forecast,Eastern,Eastern,347296,megawatthours
2024-10-09,NY,New York,NG,Net generation,Eastern,Eastern,329368,megawatthours
2024-10-09,NY,New York,TI,Total interchange,Eastern,Eastern,-30499,megawatthours
2024-10-08,NY,New York,D,Demand,Eastern,Eastern,358371,megawatthours
2024-10-08,NY,New York,DF,Day-ahead demand forecast,Eastern,Eastern,349839,megawatthours
2024-10-08,NY,New York,NG,Net generation,Eastern,Eastern,316945,megawatthours
2024-10-08,NY,New York,TI,Total interchange,Eastern,Eastern,-41426,megawatthours
2024-10-07,NY,New York,D,Demand,Eastern,Eastern,375050,megawatthours
2024-10-07,NY,New York,DF,Day-ahead demand forecast,Eastern,Eastern,362721,megawatthours
2024-10-07,NY,New York,NG,Net generation,Eastern,Eastern,339800,megawatthours
2024-10-07,NY,New York,TI,Total interchange,Eastern,Eastern,-35250,megawatthours
2024-10-06,NY,New York,D,Demand,Eastern,Eastern,337242,megawatthours
2024-10-06,NY,New York,DF,Day-ahead demand forecast,Eastern,Eastern,324009,megawatthours
2024-10-06,NY,New York,NG,Net generation,Eastern,Eastern,291018,megawatthours
2024-10-06,NY,New York,TI,Total interchange,Eastern,Eastern,-46224,megawatthours
2024-10-05,NY,New York,D,Demand,Eastern,Eastern,346119,megawatthours
2024-10-05,NY,New York,DF,Day-ahead demand forecast,Eastern,Eastern,329178,megawatthours
2024-10-05,NY,New York,NG,Net generation,Eastern,Eastern,290907,megawatthours
2024-10-05,NY,New York,TI,Total interchange,Eastern,Eastern,-55212,megawatthours
2024-10-04,NY,New York,D,Demand,Eastern,Eastern,370991,megawatthours
2024-10-04,NY,New York,DF,Day-ahead demand forecast,Eastern,Eastern,364882,megawatthours
2024-10-04,NY,New York,NG,Net generation,Eastern,Eastern,321461,megawatthours
2024-10-04,NY,New York,TI,Total interchange,Eastern,Eastern,-49530,megawatthours
2024-10-03,NY,New York,D,Demand,Eastern,Eastern,369088,megawatthours
2024-10-03,NY,New York,DF,Day-ahead demand forecast,Eastern,Eastern,361415,megawatthours
2024-10-03,NY,New York,NG,Net generation,Eastern,Eastern,320729,megawatthours
2024-10-03,NY,New York,TI,Total interchange,Eastern,Eastern,-48359,megawatthours
2024-10-02,NY,New York,D,Demand,Eastern,Eastern,374092,megawatthours
2024-10-02,NY,New York,DF,Day-ahead demand forecast,Eastern,Eastern,364035,megawatthours
2024-10-02,NY,New York,NG,Net generation,Eastern,Eastern,322721,megawatthours
2024-10-02,NY,New York,TI,Total interchange,Eastern,Eastern,-51371,megawatthours
2024-10-01,NY,New York,D,Demand,Eastern,Eastern,378816,megawatthours
2024-10-01,NY,New York,DF,Day-ahead demand forecast,Eastern,Eastern,372327,megawatthours
2024-10-01,NY,New York,NG,Net generation,Eastern,Eastern,329746,megawatthours
2024-10-01,NY,New York,TI,Total interchange,Eastern,Eastern,-49070,megawatthours
2024-09-30,NY,New York,D,Demand,Eastern,Eastern,380784,megawatthours
2024-09-30,NY,New York,DF,Day-ahead demand forecast,Eastern,Eastern,377335,megawatthours
2024-09-30,NY,New York,NG,Net generation,Eastern,Eastern,320383,megawatthours
2024-09-30,NY,New York,TI,Total interchange,Eastern,Eastern,-60401,megawatthours
2024-09-29,NY,New York,D,Demand,Eastern,Eastern,360454,megawatthours
2024-09-29,NY,New York,DF,Day-ahead demand forecast,Eastern,Eastern,349563,megawatthours
2024-09-29,NY,New York,NG,Net generation,Eastern,Eastern,318109,megawatthours
2024-09-29,NY,New York,TI,Total interchange,Eastern,Eastern,-42345,megawatthours
2024-09-28,NY,New York,D,Demand,Eastern,Eastern,368122,megawatthours
2024-09-28,NY,New York,DF,Day-ahead demand forecast,Eastern,Eastern,361350,megawatthours
2024-09-28,NY,New York,NG,Net generation,Eastern,Eastern,306562,megawatthours
2024-09-28,NY,New York,TI,Total interchange,Eastern,Eastern,-61560,megawatthours
2024-09-27,NY,New York,D,Demand,Eastern,Eastern,393654,megawatthours
2024-09-27,NY,New York,DF,Day-ahead demand forecast,Eastern,Eastern,386687,megawatthours
2024-09-27,NY,New York,NG,Net generation,Eastern,Eastern,324944,megawatthours
2024-09-27,NY,New York,TI,Total interchange,Eastern,Eastern,-68710,megawatthours
2024-09-26,NY,New York,D,Demand,Eastern,Eastern,406784,megawatthours
2024-09-26,NY,New York,DF,Day-ahead demand forecast,Eastern,Eastern,394596,megawatthours
2024-09-26,NY,New York,NG,Net generation,Eastern,Eastern,361623,megawatthours
2024-09-26,NY,New York,TI,Total interchange,Eastern,Eastern,-45161,megawatthours
2024-09-25,NY,New York,D,Demand,Eastern,Eastern,384115,megawatthours
2024-09-25,NY,New York,DF,Day-ahead demand forecast,Eastern,Eastern,373972,megawatthours
2024-09-25,NY,New York,NG,Net generation,Eastern,Eastern,333651,megawatthours
2024-09-25,NY,New York,TI,Total interchange,Eastern,Eastern,-50464,megawatthours
2024-09-24,NY,New York,D,Demand,Eastern,Eastern,376808,megawatthours
2024-09-24,NY,New York,DF,Day-ahead demand forecast,Eastern,Eastern,376731,megawatthours
2024-09-24,NY,New York,NG,Net generation,Eastern,Eastern,326712,megawatthours
2024-09-24,NY,New York,TI,Total interchange,Eastern,Eastern,-50096,megawatthours
2024-09-23,NY,New York,D,Demand,Eastern,Eastern,389014,megawatthours
2024-09-23,NY,New York,DF,Day-ahead demand forecast,Eastern,Eastern,383487,megawatthours
2024-09-23,NY,New York,NG,Net generation,Eastern,Eastern,340036,megawatthours
2024-09-23,NY,New York,TI,Total interchange,Eastern,Eastern,-48978,megawatthours
2024-09-22,NY,New York,D,Demand,Eastern,Eastern,372482,megawatthours
2024-09-22,NY,New York,DF,Day-ahead demand forecast,Eastern,Eastern,359523,megawatthours
2024-09-22,NY,New York,NG,Net generation,Eastern,Eastern,322210,megawatthours
2024-09-22,NY,New York,TI,Total interchange,Eastern,Eastern,-50272,megawatthours
2024-09-21,NY,New York,D,Demand,Eastern,Eastern,387404,megawatthours
2024-09-21,NY,New York,DF,Day-ahead demand forecast,Eastern,Eastern,375999,megawatthours
2024-09-21,NY,New York,NG,Net generation,Eastern,Eastern,329344,megawatthours
2024-09-21,NY,New York,TI,Total interchange,Eastern,Eastern,-58060,megawatthours
2024-09-20,NY,New York,D,Demand,Eastern,Eastern,429269,megawatthours
2024-09-20,NY,New York,DF,Day-ahead demand forecast,Eastern,Eastern,406492,megawatthours
2024-09-20,NY,New York,NG,Net generation,Eastern,Eastern,369797,megawatthours
2024-09-20,NY,New York,TI,Total interchange,Eastern,Eastern,-59472,megawatthours
2024-09-19,NY,New York,D,Demand,Eastern,Eastern,434128,megawatthours
2024-09-19,NY,New York,DF,Day-ahead demand forecast,Eastern,Eastern,416345,megawatthours
2024-09-19,NY,New York,NG,Net generation,Eastern,Eastern,373959,megawatthours
2024-09-19,NY,New York,TI,Total interchange,Eastern,Eastern,-60169,megawatthours
2024-09-18,NY,New York,D,Demand,Eastern,Eastern,421286,megawatthours
2024-09-18,NY,New York,DF,Day-ahead demand forecast,Eastern,Eastern,416581,megawatthours
2024-09-18,NY,New York,NG,Net generation,Eastern,Eastern,349498,megawatthours
2024-09-18,NY,New York,TI,Total interchange,Eastern,Eastern,-71788,megawatthours
2024-09-17,NY,New York,D,Demand,Eastern,Eastern,422263,megawatthours
2024-09-17,NY,New York,DF,Day-ahead demand forecast,Eastern,Eastern,417842,megawatthours
2024-09-17,NY,New York,NG,Net generation,Eastern,Eastern,346421,megawatthours
2024-09-17,NY,New York,TI,Total interchange,Eastern,Eastern,-75842,megawatthours
2024-09-16,NY,New York,D,Demand,Eastern,Eastern,415597,megawatthours
2024-09-16,NY,New York,DF,Day-ahead demand forecast,Eastern,Eastern,416974,megawatthours
2024-09-16,NY,New York,NG,Net generation,Eastern,Eastern,345301,megawatthours
2024-09-16,NY,New York,TI,Total interchange,Eastern,Eastern,-70296,megawatthours
2024-09-15,NY,New York,D,Demand,Eastern,Eastern,404636,megawatthours
2024-09-15,NY,New York,DF,Day-ahead demand forecast,Eastern,Eastern,398873,megawatthours
2024-09-15,NY,New York,NG,Net generation,Eastern,Eastern,331519,megawatthours
2024-09-15,NY,New York,TI,Total interchange,Eastern,Eastern,-73117,megawatthours
2024-09-14,NY,New York,D,Demand,Eastern,Eastern,411903,megawatthours
2024-09-14,NY,New York,DF,Day-ahead demand forecast,Eastern,Eastern,404373,megawatthours
2024-09-14,NY,New York,NG,Net generation,Eastern,Eastern,334860,megawatthours
2024-09-14,NY,New York,TI,Total interchange,Eastern,Eastern,-77043,megawatthours
2024-09-13,NY,New York,D,Demand,Eastern,Eastern,420936,megawatthours
2024-09-13,NY,New York,DF,Day-ahead demand forecast,Eastern,Eastern,413819,megawatthours
2024-09-13,NY,New York,NG,Net generation,Eastern,Eastern,352626,megawatthours
2024-09-13,NY,New York,TI,Total interchange,Eastern,Eastern,-68310,megawatthours
2024-09-12,NY,New York,D,Demand,Eastern,Eastern,408416,megawatthours
2024-09-12,NY,New York,DF,Day-ahead demand forecast,Eastern,Eastern,406514,megawatthours
2024-09-12,NY,New York,NG,Net generation,Eastern,Eastern,337797,megawatthours
2024-09-12,NY,New York,TI,Total interchange,Eastern,Eastern,-70619,megawatthours
2024-09-11,NY,New York,D,Demand,Eastern,Eastern,389353,megawatthours
2024-09-11,NY,New York,DF,Day-ahead demand forecast,Eastern,Eastern,385518,megawatthours
2024-09-11,NY,New York,NG,Net generation,Eastern,Eastern,325949,megawatthours
2024-09-11,NY,New York,TI,Total interchange,Eastern,Eastern,-63404,megawatthours
2024-09-10,NY,New York,D,Demand,Eastern,Eastern,388966,megawatthours
2024-09-10,NY,New York,DF,Day-ahead demand forecast,Eastern,Eastern,378126,megawatthours
2024-09-10,NY,New York,NG,Net generation,Eastern,Eastern,333649,megawatthours
2024-09-10,NY,New York,TI,Total interchange,Eastern,Eastern,-55317,megawatthours
2024-09-09,NY,New York,D,Demand,Eastern,Eastern,377879,megawatthours
2024-09-09,NY,New York,DF,Day-ahead demand forecast,Eastern,Eastern,375959,megawatthours
2024-09-09,NY,New York,NG,Net generation,Eastern,Eastern,326286,megawatthours
2024-09-09,NY,New York,TI,Total interchange,Eastern,Eastern,-51593,megawatthours
2024-09-08,NY,New York,D,Demand,Eastern,Eastern,338759,megawatthours
2024-09-08,NY,New York,DF,Day-ahead demand forecast,Eastern,Eastern,330733,megawatthours
2024-09-08,NY,New York,NG,Net generation,Eastern,Eastern,290816,megawatthours
2024-09-08,NY,New York,TI,Total interchange,Eastern,Eastern,-47943,megawatthours
2024-09-07,NY,New York,D,Demand,Eastern,Eastern,387435,megawatthours
2024-09-07,NY,New York,DF,Day-ahead demand forecast,Eastern,Eastern,378671,megawatthours
2024-09-07,NY,New York,NG,Net generation,Eastern,Eastern,325264,megawatthours
2024-09-07,NY,New York,TI,Total interchange,Eastern,Eastern,-62171,megawatthours
2024-09-06,NY,New York,D,Demand,Eastern,Eastern,415105,megawatthours
2024-09-06,NY,New York,DF,Day-ahead demand forecast,Eastern,Eastern,411920,megawatthours
2024-09-06,NY,New York,NG,Net generation,Eastern,Eastern,353751,megawatthours
2024-09-06,NY,New York,TI,Total interchange,Eastern,Eastern,-61354,megawatthours
2024-09-05,NY,New York,D,Demand,Eastern,Eastern,401446,megawatthours
2024-09-05,NY,New York,DF,Day-ahead demand forecast,Eastern,Eastern,397299,megawatthours
2024-09-05,NY,New York,NG,Net generation,Eastern,Eastern,340479,megawatthours
2024-09-05,NY,New York,TI,Total interchange,Eastern,Eastern,-60967,megawatthours
2024-09-04,NY,New York,D,Demand,Eastern,Eastern,392797,megawatthours
2024-09-04,NY,New York,DF,Day-ahead demand forecast,Eastern,Eastern,387721,megawatthours
2024-09-04,NY,New York,NG,Net generation,Eastern,Eastern,323890,megawatthours
2024-09-04,NY,New York,TI,Total interchange,Eastern,Eastern,-68907,megawatthours
2024-09-03,NY,New York,D,Demand,Eastern,Eastern,382423,megawatthours
2024-09-03,NY,New York,DF,Day-ahead demand forecast,Eastern,Eastern,380820,megawatthours
2024-09-03,NY,New York,NG,Net generation,Eastern,Eastern,316819,megawatthours
2024-09-03,NY,New York,TI,Total interchange,Eastern,Eastern,-65604,megawatthours
2024-09-02,NY,New York,D,Demand,Eastern,Eastern,394828,megawatthours
2024-09-02,NY,New York,DF,Day-ahead demand forecast,Eastern,Eastern,393574,megawatthours
2024-09-02,NY,New York,NG,Net generation,Eastern,Eastern,320171,megawatthours
2024-09-02,NY,New York,TI,Total interchange,Eastern,Eastern,-74657,megawatthours
2024-09-01,NY,New York,D,Demand,Eastern,Eastern,436966,megawatthours
2024-09-01,NY,New York,DF,Day-ahead demand forecast,Eastern,Eastern,425473,megawatthours
2024-09-01,NY,New York,NG,Net generation,Eastern,Eastern,355376,megawatthours
2024-09-01,NY,New York,TI,Total interchange,Eastern,Eastern,-81590,megawatthours
2024-08-31,NY,New York,D,Demand,Eastern,Eastern,429079,megawatthours
2024-08-31,NY,New York,DF,Day-ahead demand forecast,Eastern,Eastern,418576,megawatthours
2024-08-31,NY,New York,NG,Net generation,Eastern,Eastern,346339,megawatthours
2024-08-31,NY,New York,TI,Total interchange,Eastern,Eastern,-82740,megawatthours
2024-08-30,NY,New York,D,Demand,Eastern,Eastern,437924,megawatthours
2024-08-30,NY,New York,DF,Day-ahead demand forecast,Eastern,Eastern,419739,megawatthours
2024-08-30,NY,New York,NG,Net generation,Eastern,Eastern,363531,megawatthours
2024-08-30,NY,New York,TI,Total interchange,Eastern,Eastern,-74393,megawatthours
2024-08-29,NY,New York,D,Demand,Eastern,Eastern,475354,megawatthours
2024-08-29,NY,New York,DF,Day-ahead demand forecast,Eastern,Eastern,443719,megawatthours
2024-08-29,NY,New York,NG,Net generation,Eastern,Eastern,392454,megawatthours
2024-08-29,NY,New York,TI,Total interchange,Eastern,Eastern,-82900,megawatthours
2024-08-28,NY,New York,D,Demand,Eastern,Eastern,539447,megawatthours
2024-08-28,NY,New York,DF,Day-ahead demand forecast,Eastern,Eastern,517106,megawatthours
2024-08-28,NY,New York,NG,Net generation,Eastern,Eastern,452798,megawatthours
2024-08-28,NY,New York,TI,Total interchange,Eastern,Eastern,-86649,megawatthours
2024-08-27,NY,New York,D,Demand,Eastern,Eastern,487564,megawatthours
2024-08-27,NY,New York,DF,Day-ahead demand forecast,Eastern,Eastern,487631,megawatthours
2024-08-27,NY,New York,NG,Net generation,Eastern,Eastern,415486,megawatthours
2024-08-27,NY,New York,TI,Total interchange,Eastern,Eastern,-72078,megawatthours
2024-08-26,NY,New York,D,Demand,Eastern,Eastern,475589,megawatthours
2024-08-26,NY,New York,DF,Day-ahead demand forecast,Eastern,Eastern,473567,megawatthours
2024-08-26,NY,New York,NG,Net generation,Eastern,Eastern,395669,megawatthours
2024-08-26,NY,New York,TI,Total interchange,Eastern,Eastern,-80091,megawatthours
2024-08-25,NY,New York,D,Demand,Eastern,Eastern,425264,megawatthours
2024-08-25,NY,New York,DF,Day-ahead demand forecast,Eastern,Eastern,421952,megawatthours
2024-08-25,NY,New York,NG,Net generation,Eastern,Eastern,341558,megawatthours
2024-08-25,NY,New York,TI,Total interchange,Eastern,Eastern,-83706,megawatthours
2024-08-24,NY,New York,D,Demand,Eastern,Eastern,405102,megawatthours
2024-08-24,NY,New York,DF,Day-ahead demand forecast,Eastern,Eastern,399089,megawatthours
2024-08-24,NY,New York,NG,Net generation,Eastern,Eastern,329198,megawatthours
2024-08-24,NY,New York,TI,Total interchange,Eastern,Eastern,-75904,megawatthours
2024-08-23,NY,New York,D,Demand,Eastern,Eastern,407431,megawatthours
2024-08-23,NY,New York,DF,Day-ahead demand forecast,Eastern,Eastern,393661,megawatthours
2024-08-23,NY,New York,NG,Net generation,Eastern,Eastern,329812,megawatthours
2024-08-23,NY,New York,TI,Total interchange,Eastern,Eastern,-77619,megawatthours
2024-08-22,NY,New York,D,Demand,Eastern,Eastern,389306,megawatthours
2024-08-22,NY,New York,DF,Day-ahead demand forecast,Eastern,Eastern,378534,megawatthours
2024-08-22,NY,New York,NG,Net generation,Eastern,Eastern,312162,megawatthours
2024-08-22,NY,New York,TI,Total interchange,Eastern,Eastern,-77144,megawatthours
2024-08-21,NY,New York,D,Demand,Eastern,Eastern,382126,megawatthours
2024-08-21,NY,New York,DF,Day-ahead demand forecast,Eastern,Eastern,375301,megawatthours
2024-08-21,NY,New York,NG,Net generation,Eastern,Eastern,317161,megawatthours
2024-08-21,NY,New York,TI,Total interchange,Eastern,Eastern,-64965,megawatthours
2024-08-20,NY,New York,D,Demand,Eastern,Eastern,401830,megawatthours
2024-08-20,NY,New York,DF,Day-ahead demand forecast,Eastern,Eastern,400909,megawatthours
2024-08-20,NY,New York,NG,Net generation,Eastern,Eastern,335567,megawatthours
2024-08-20,NY,New York,TI,Total interchange,Eastern,Eastern,-66263,megawatthours
2024-08-19,NY,New York,D,Demand,Eastern,Eastern,477779,megawatthours
2024-08-19,NY,New York,DF,Day-ahead demand forecast,Eastern,Eastern,471086,megawatthours
2024-08-19,NY,New York,NG,Net generation,Eastern,Eastern,381368,megawatthours
2024-08-19,NY,New York,TI,Total interchange,Eastern,Eastern,-96411,megawatthours
2024-08-18,NY,New York,D,Demand,Eastern,Eastern,454911,megawatthours
2024-08-18,NY,New York,DF,Day-ahead demand forecast,Eastern,Eastern,442999,megawatthours
2024-08-18,NY,New York,NG,Net generation,Eastern,Eastern,362035,megawatthours
2024-08-18,NY,New York,TI,Total interchange,Eastern,Eastern,-92876,megawatthours
2024-08-17,NY,New York,D,Demand,Eastern,Eastern,462051,megawatthours
2024-08-17,NY,New York,DF,Day-ahead demand forecast,Eastern,Eastern,452745,megawatthours
2024-08-17,NY,New York,NG,Net generation,Eastern,Eastern,363439,megawatthours
2024-08-17,NY,New York,TI,Total interchange,Eastern,Eastern,-98612,megawatthours
2024-08-16,NY,New York,D,Demand,Eastern,Eastern,492956,megawatthours
2024-08-16,NY,New York,DF,Day-ahead demand forecast,Eastern,Eastern,490035,megawatthours
2024-08-16,NY,New York,NG,Net generation,Eastern,Eastern,396160,megawatthours
2024-08-16,NY,New York,TI,Total interchange,Eastern,Eastern,-96796,megawatthours
2024-08-15,NY,New York,D,Demand,Eastern,Eastern,480985,megawatthours
2024-08-15,NY,New York,DF,Day-ahead demand forecast,Eastern,Eastern,479204,megawatthours
2024-08-15,NY,New York,NG,Net generation,Eastern,Eastern,395249,megawatthours
2024-08-15,NY,New York,TI,Total interchange,Eastern,Eastern,-85736,megawatthours
2024-08-14,NY,New York,D,Demand,Eastern,Eastern,465624,megawatthours
2024-08-14,NY,New York,DF,Day-ahead demand forecast,Eastern,Eastern,455394,megawatthours
2024-08-14,NY,New York,NG,Net generation,Eastern,Eastern,385465,megawatthours
2024-08-14,NY,New York,TI,Total interchange,Eastern,Eastern,-80159,megawatthours
2024-08-13,NY,New York,D,Demand,Eastern,Eastern,436644,megawatthours
2024-08-13,NY,New York,DF,Day-ahead demand forecast,Eastern,Eastern,436676,megawatthours
2024-08-13,NY,New York,NG,Net generation,Eastern,Eastern,373032,megawatthours
2024-08-13,NY,New York,TI,Total interchange,Eastern,Eastern,-63612,megawatthours
2024-08-12,NY,New York,D,Demand,Eastern,Eastern,436269,megawatthours
2024-08-12,NY,New York,DF,Day-ahead demand forecast,Eastern,Eastern,433558,megawatthours
2024-08-12,NY,New York,NG,Net generation,Eastern,Eastern,371026,megawatthours
2024-08-12,NY,New York,TI,Total interchange,Eastern,Eastern,-65243,megawatthours
2024-08-11,NY,New York,D,Demand,Eastern,Eastern,421810,megawatthours
2024-08-11,NY,New York,DF,Day-ahead demand forecast,Eastern,Eastern,406868,megawatthours
2024-08-11,NY,New York,NG,Net generation,Eastern,Eastern,347666,megawatthours
2024-08-11,NY,New York,TI,Total interchange,Eastern,Eastern,-74144,megawatthours
2024-08-10,NY,New York,D,Demand,Eastern,Eastern,459300,megawatthours
2024-08-10,NY,New York,DF,Day-ahead demand forecast,Eastern,Eastern,437980,megawatthours
2024-08-10,NY,New York,NG,Net generation,Eastern,Eastern,381366,megawatthours
2024-08-10,NY,New York,TI,Total interchange,Eastern,Eastern,-77934,megawatthours
2024-08-09,NY,New York,D,Demand,Eastern,Eastern,498953,megawatthours
2024-08-09,NY,New York,DF,Day-ahead demand forecast,Eastern,Eastern,482868,megawatthours
2024-08-09,NY,New York,NG,Net generation,Eastern,Eastern,424459,megawatthours
2024-08-09,NY,New York,TI,Total interchange,Eastern,Eastern,-74494,megawatthours
2024-08-08,NY,New York,D,Demand,Eastern,Eastern,437163,megawatthours
2024-08-08,NY,New York,DF,Day-ahead demand forecast,Eastern,Eastern,431628,megawatthours
2024-08-08,NY,New York,NG,Net generation,Eastern,Eastern,384832,megawatthours
2024-08-08,NY,New York,TI,Total interchange,Eastern,Eastern,-52331,megawatthours
2024-08-07,NY,New York,D,Demand,Eastern,Eastern,448992,megawatthours
2024-08-07,NY,New York,DF,Day-ahead demand forecast,Eastern,Eastern,436510,megawatthours
2024-08-07,NY,New York,NG,Net generation,Eastern,Eastern,376913,megawatthours
2024-08-07,NY,New York,TI,Total interchange,Eastern,Eastern,-72079,megawatthours
2024-08-06,NY,New York,D,Demand,Eastern,Eastern,537462,megawatthours
2024-08-06,NY,New York,DF,Day-ahead demand forecast,Eastern,Eastern,508617,megawatthours
2024-08-06,NY,New York,NG,Net generation,Eastern,Eastern,447509,megawatthours
2024-08-06,NY,New York,TI,Total interchange,Eastern,Eastern,-89953,megawatthours
2024-08-05,NY,New York,D,Demand,Eastern,Eastern,544649,megawatthours
2024-08-05,NY,New York,DF,Day-ahead demand forecast,Eastern,Eastern,549016,megawatthours
2024-08-05,NY,New York,NG,Net generation,Eastern,Eastern,465449,megawatthours
2024-08-05,NY,New York,TI,Total interchange,Eastern,Eastern,-79200,megawatthours
2024-08-04,NY,New York,D,Demand,Eastern,Eastern,501763,megawatthours
2024-08-04,NY,New York,DF,Day-ahead demand forecast,Eastern,Eastern,507912,megawatthours
2024-08-04,NY,New York,NG,Net generation,Eastern,Eastern,427396,megawatthours
2024-08-04,NY,New York,TI,Total interchange,Eastern,Eastern,-74367,megawatthours
2024-08-03,NY,New York,D,Demand,Eastern,Eastern,536896,megawatthours
2024-08-03,NY,New York,DF,Day-ahead demand forecast,Eastern,Eastern,531466,megawatthours
2024-08-03,NY,New York,NG,Net generation,Eastern,Eastern,460942,megawatthours
2024-08-03,NY,New York,TI,Total interchange,Eastern,Eastern,-75954,megawatthours
2024-08-02,NY,New York,D,Demand,Eastern,Eastern,580016,megawatthours
2024-08-02,NY,New York,DF,Day-ahead demand forecast,Eastern,Eastern,573303,megawatthours
2024-08-02,NY,New York,NG,Net generation,Eastern,Eastern,499296,megawatthours
2024-08-02,NY,New York,TI,Total interchange,Eastern,Eastern,-80720,megawatthours
2024-08-01,NY,New York,D,Demand,Eastern,Eastern,578337,megawatthours
2024-08-01,NY,New York,DF,Day-ahead demand forecast,Eastern,Eastern,561737,megawatthours
2024-08-01,NY,New York,NG,Net generation,Eastern,Eastern,498777,megawatthours
2024-08-01,NY,New York,TI,Total interchange,Eastern,Eastern,-79560,megawatthours
2024-07-31,NY,New York,D,Demand,Eastern,Eastern,565967,megawatthours
2024-07-31,NY,New York,DF,Day-ahead demand forecast,Eastern,Eastern,538885,megawatthours
2024-07-31,NY,New York,NG,Net generation,Eastern,Eastern,509853,megawatthours
2024-07-31,NY,New York,TI,Total interchange,Eastern,Eastern,-56114,megawatthours
2024-07-30,NY,New York,D,Demand,Eastern,Eastern,549083,megawatthours
2024-07-30,NY,New York,DF,Day-ahead demand forecast,Eastern,Eastern,531087,megawatthours
2024-07-30,NY,New York,NG,Net generation,Eastern,Eastern,485594,megawatthours
2024-07-30,NY,New York,TI,Total interchange,Eastern,Eastern,-63489,megawatthours
2024-07-29,NY,New York,D,Demand,Eastern,Eastern,512723,megawatthours
2024-07-29,NY,New York,DF,Day-ahead demand forecast,Eastern,Eastern,503575,megawatthours
2024-07-29,NY,New York,NG,Net generation,Eastern,Eastern,445302,megawatthours
2024-07-29,NY,New York,TI,Total interchange,Eastern,Eastern,-67421,megawatthours
2024-07-28,NY,New York,D,Demand,Eastern,Eastern,457041,megawatthours
2024-07-28,NY,New York,DF,Day-ahead demand forecast,Eastern,Eastern,455560,megawatthours
2024-07-28,NY,New York,NG,Net generation,Eastern,Eastern,372296,megawatthours
2024-07-28,NY,New York,TI,Total interchange,Eastern,Eastern,-84745,megawatthours
2024-07-27,NY,New York,D,Demand,Eastern,Eastern,446802,megawatthours
2024-07-27,NY,New York,DF,Day-ahead demand forecast,Eastern,Eastern,439874,megawatthours
2024-07-27,NY,New York,NG,Net generation,Eastern,Eastern,373425,megawatthours
2024-07-27,NY,New York,TI,Total interchange,Eastern,Eastern,-73377,megawatthours
2024-07-26,NY,New York,D,Demand,Eastern,Eastern,459510,megawatthours
2024-07-26,NY,New York,DF,Day-ahead demand forecast,Eastern,Eastern,451258,megawatthours
2024-07-26,NY,New York,NG,Net generation,Eastern,Eastern,391300,megawatthours
2024-07-26,NY,New York,TI,Total interchange,Eastern,Eastern,-68210,megawatthours
2024-07-25,NY,New York,D,Demand,Eastern,Eastern,504415,megawatthours
2024-07-25,NY,New York,DF,Day-ahead demand forecast,Eastern,Eastern,489184,megawatthours
2024-07-25,NY,New York,NG,Net generation,Eastern,Eastern,433119,megawatthours
2024-07-25,NY,New York,TI,Total interchange,Eastern,Eastern,-71296,megawatthours
2024-07-24,NY,New York,D,Demand,Eastern,Eastern,522291,megawatthours
2024-07-24,NY,New York,DF,Day-ahead demand forecast,Eastern,Eastern,517816,megawatthours
2024-07-24,NY,New York,NG,Net generation,Eastern,Eastern,438265,megawatthours
2024-07-24,NY,New York,TI,Total interchange,Eastern,Eastern,-84026,megawatthours
2024-07-23,NY,New York,D,Demand,Eastern,Eastern,515697,megawatthours
2024-07-23,NY,New York,DF,Day-ahead demand forecast,Eastern,Eastern,517342,megawatthours
2024-07-23,NY,New York,NG,Net generation,Eastern,Eastern,443982,megawatthours
2024-07-23,NY,New York,TI,Total interchange,Eastern,Eastern,-71715,megawatthours
2024-07-22,NY,New York,D,Demand,Eastern,Eastern,526457,megawatthours
2024-07-22,NY,New York,DF,Day-ahead demand forecast,Eastern,Eastern,507134,megawatthours
2024-07-22,NY,New York,NG,Net generation,Eastern,Eastern,424323,megawatthours
2024-07-22,NY,New York,TI,Total interchange,Eastern,Eastern,-102134,megawatthours
2024-07-21,NY,New York,D,Demand,Eastern,Eastern,482653,megawatthours
2024-07-21,NY,New York,DF,Day-ahead demand forecast,Eastern,Eastern,463170,megawatthours
2024-07-21,NY,New York,NG,Net generation,Eastern,Eastern,381956,megawatthours
2024-07-21,NY,New York,TI,Total interchange,Eastern,Eastern,-100697,megawatthours
2024-07-20,NY,New York,D,Demand,Eastern,Eastern,457240,megawatthours
2024-07-20,NY,New York,DF,Day-ahead demand forecast,Eastern,Eastern,446054,megawatthours
2024-07-20,NY,New York,NG,Net generation,Eastern,Eastern,362089,megawatthours
2024-07-20,NY,New York,TI,Total interchange,Eastern,Eastern,-95151,megawatthours
2024-07-19,NY,New York,D,Demand,Eastern,Eastern,474958,megawatthours
2024-07-19,NY,New York,DF,Day-ahead demand forecast,Eastern,Eastern,463395,megawatthours
2024-07-19,NY,New York,NG,Net generation,Eastern,Eastern,380626,megawatthours
2024-07-19,NY,New York,TI,Total interchange,Eastern,Eastern,-94332,megawatthours
2024-07-18,NY,New York,D,Demand,Eastern,Eastern,523047,megawatthours
2024-07-18,NY,New York,DF,Day-ahead demand forecast,Eastern,Eastern,510715,megawatthours
2024-07-18,NY,New York,NG,Net generation,Eastern,Eastern,421954,megawatthours
2024-07-18,NY,New York,TI,Total interchange,Eastern,Eastern,-101093,megawatthours
2024-07-17,NY,New York,D,Demand,Eastern,Eastern,572022,megawatthours
2024-07-17,NY,New York,DF,Day-ahead demand forecast,Eastern,Eastern,576749,megawatthours
2024-07-17,NY,New York,NG,Net generation,Eastern,Eastern,484540,megawatthours
2024-07-17,NY,New York,TI,Total interchange,Eastern,Eastern,-87482,megawatthours
2024-07-16,NY,New York,D,Demand,Eastern,Eastern,592567,megawatthours
2024-07-16,NY,New York,DF,Day-ahead demand forecast,Eastern,Eastern,598447,megawatthours
2024-07-16,NY,New York,NG,Net generation,Eastern,Eastern,506979,megawatthours
2024-07-16,NY,New York,TI,Total interchange,Eastern,Eastern,-85588,megawatthours
2024-07-15,NY,New York,D,Demand,Eastern,Eastern,582246,megawatthours
2024-07-15,NY,New York,DF,Day-ahead demand forecast,Eastern,Eastern,593362,megawatthours
2024-07-15,NY,New York,NG,Net generation,Eastern,Eastern,520716,megawatthours
2024-07-15,NY,New York,TI,Total interchange,Eastern,Eastern,-61530,megawatthours
2024-07-14,NY,New York,D,Demand,Eastern,Eastern,519002,megawatthours
2024-07-14,NY,New York,DF,Day-ahead demand forecast,Eastern,Eastern,509857,megawatthours
2024-07-14,NY,New York,NG,Net generation,Eastern,Eastern,445528,megawatthours
2024-07-14,NY,New York,TI,Total interchange,Eastern,Eastern,-73474,megawatthours
2024-07-13,NY,New York,D,Demand,Eastern,Eastern,514810,megawatthours
2024-07-13,NY,New York,DF,Day-ahead demand forecast,Eastern,Eastern,502905,megawatthours
2024-07-13,NY,New York,NG,Net generation,Eastern,Eastern,446332,megawatthours
2024-07-13,NY,New York,TI,Total interchange,Eastern,Eastern,-68478,megawatthours
2024-07-12,NY,New York,D,Demand,Eastern,Eastern,537021,megawatthours
2024-07-12,NY,New York,DF,Day-ahead demand forecast,Eastern,Eastern,528217,megawatthours
2024-07-12,NY,New York,NG,Net generation,Eastern,Eastern,448117,megawatthours
2024-07-12,NY,New York,TI,Total interchange,Eastern,Eastern,-88904,megawatthours
2024-07-11,NY,New York,D,Demand,Eastern,Eastern,560345,megawatthours
2024-07-11,NY,New York,DF,Day-ahead demand forecast,Eastern,Eastern,543699,megawatthours
2024-07-11,NY,New York,NG,Net generation,Eastern,Eastern,472714,megawatthours
2024-07-11,NY,New York,TI,Total interchange,Eastern,Eastern,-87631,megawatthours
2024-07-10,NY,New York,D,Demand,Eastern,Eastern,596679,megawatthours
2024-07-10,NY,New York,DF,Day-ahead demand forecast,Eastern,Eastern,570023,megawatthours
2024-07-10,NY,New York,NG,Net generation,Eastern,Eastern,505116,megawatthours
2024-07-10,NY,New York,TI,Total interchange,Eastern,Eastern,-91563,megawatthours
2024-07-09,NY,New York,D,Demand,Eastern,Eastern,584881,megawatthours
2024-07-09,NY,New York,DF,Day-ahead demand forecast,Eastern,Eastern,568851,megawatthours
2024-07-09,NY,New York,NG,Net generation,Eastern,Eastern,500919,megawatthours
2024-07-09,NY,New York,TI,Total interchange,Eastern,Eastern,-83962,megawatthours
2024-07-08,NY,New York,D,Demand,Eastern,Eastern,575041,megawatthours
2024-07-08,NY,New York,DF,Day-ahead demand forecast,Eastern,Eastern,560930,megawatthours
2024-07-08,NY,New York,NG,Net generation,Eastern,Eastern,487454,megawatthours
2024-07-08,NY,New York,TI,Total interchange,Eastern,Eastern,-87587,megawatthours
2024-07-07,NY,New York,D,Demand,Eastern,Eastern,521388,megawatthours
2024-07-07,NY,New York,DF,Day-ahead demand forecast,Eastern,Eastern,510291,megawatthours
2024-07-07,NY,New York,NG,Net generation,Eastern,Eastern,423013,megawatthours
2024-07-07,NY,New York,TI,Total interchange,Eastern,Eastern,-98375,megawatthours
2024-07-06,NY,New York,D,Demand,Eastern,Eastern,524043,megawatthours
2024-07-06,NY,New York,DF,Day-ahead demand forecast,Eastern,Eastern,506732,megawatthours
2024-07-06,NY,New York,NG,Net generation,Eastern,Eastern,420996,megawatthours
2024-07-06,NY,New York,TI,Total interchange,Eastern,Eastern,-103047,megawatthours
2024-07-05,NY,New York,D,Demand,Eastern,Eastern,535062,megawatthours
2024-07-05,NY,New York,DF,Day-ahead demand forecast,Eastern,Eastern,507093,megawatthours
2024-07-05,NY,New York,NG,Net generation,Eastern,Eastern,429210,megawatthours
2024-07-05,NY,New York,TI,Total interchange,Eastern,Eastern,-105852,megawatthours
2024-07-04,NY,New York,D,Demand,Eastern,Eastern,468304,megawatthours
2024-07-04,NY,New York,DF,Day-ahead demand forecast,Eastern,Eastern,443201,megawatthours
2024-07-04,NY,New York,NG,Net generation,Eastern,Eastern,384771,megawatthours
2024-07-04,NY,New York,TI,Total interchange,Eastern,Eastern,-83533,megawatthours
2024-07-03,NY,New York,D,Demand,Eastern,Eastern,464048,megawatthours
2024-07-03,NY,New York,DF,Day-ahead demand forecast,Eastern,Eastern,450895,megawatthours
2024-07-03,NY,New York,NG,Net generation,Eastern,Eastern,377958,megawatthours
2024-07-03,NY,New York,TI,Total interchange,Eastern,Eastern,-86090,megawatthours
2024-07-02,NY,New York,D,Demand,Eastern,Eastern,442764,megawatthours
2024-07-02,NY,New York,DF,Day-ahead demand forecast,Eastern,Eastern,436020,megawatthours
2024-07-02,NY,New York,NG,Net generation,Eastern,Eastern,343336,megawatthours
2024-07-02,NY,New York,TI,Total interchange,Eastern,Eastern,-99428,megawatthours
2024-07-01,NY,New York,D,Demand,Eastern,Eastern,431153,megawatthours
2024-07-01,NY,New York,DF,Day-ahead demand forecast,Eastern,Eastern,426342,megawatthours
2024-07-01,NY,New York,NG,Net generation,Eastern,Eastern,341276,megawatthours
2024-07-01,NY,New York,TI,Total interchange,Eastern,Eastern,-89877,megawatthours
2024-06-30,NY,New York,D,Demand,Eastern,Eastern,459818,megawatthours
2024-06-30,NY,New York,DF,Day-ahead demand forecast,Eastern,Eastern,451830,megawatthours
2024-06-30,NY,New York,NG,Net generation,Eastern,Eastern,371250,megawatthours
2024-06-30,NY,New York,TI,Total interchange,Eastern,Eastern,-88568,megawatthours
2024-06-29,NY,New York,D,Demand,Eastern,Eastern,428966,megawatthours
2024-06-29,NY,New York,DF,Day-ahead demand forecast,Eastern,Eastern,413749,megawatthours
2024-06-29,NY,New York,NG,Net generation,Eastern,Eastern,350527,megawatthours
2024-06-29,NY,New York,TI,Total interchange,Eastern,Eastern,-78439,megawatthours
2024-06-28,NY,New York,D,Demand,Eastern,Eastern,413704,megawatthours
2024-06-28,NY,New York,DF,Day-ahead demand forecast,Eastern,Eastern,16406,megawatthours
2024-06-28,NY,New York,NG,Net generation,Eastern,Eastern,327358,megawatthours
2024-06-28,NY,New York,TI,Total interchange,Eastern,Eastern,-86346,megawatthours
2024-06-27,NY,New York,D,Demand,Eastern,Eastern,474388,megawatthours
2024-06-27,NY,New York,DF,Day-ahead demand forecast,Eastern,Eastern,474296,megawatthours
2024-06-27,NY,New York,NG,Net generation,Eastern,Eastern,398018,megawatthours
2024-06-27,NY,New York,TI,Total interchange,Eastern,Eastern,-76370,megawatthours
2024-06-26,NY,New York,D,Demand,Eastern,Eastern,525513,megawatthours
2024-06-26,NY,New York,DF,Day-ahead demand forecast,Eastern,Eastern,520352,megawatthours
2024-06-26,NY,New York,NG,Net generation,Eastern,Eastern,448953,megawatthours
2024-06-26,NY,New York,TI,Total interchange,Eastern,Eastern,-76560,megawatthours
2024-06-25,NY,New York,D,Demand,Eastern,Eastern,488333,megawatthours
2024-06-25,NY,New York,DF,Day-ahead demand forecast,Eastern,Eastern,488610,megawatthours
2024-06-25,NY,New York,NG,Net generation,Eastern,Eastern,409136,megawatthours
2024-06-25,NY,New York,TI,Total interchange,Eastern,Eastern,-79197,megawatthours
2024-06-24,NY,New York,D,Demand,Eastern,Eastern,487872,megawatthours
2024-06-24,NY,New York,DF,Day-ahead demand forecast,Eastern,Eastern,495115,megawatthours
2024-06-24,NY,New York,NG,Net generation,Eastern,Eastern,415863,megawatthours
2024-06-24,NY,New York,TI,Total interchange,Eastern,Eastern,-72009,megawatthours
2024-06-23,NY,New York,D,Demand,Eastern,Eastern,528587,megawatthours
2024-06-23,NY,New York,DF,Day-ahead demand forecast,Eastern,Eastern,517315,megawatthours
2024-06-23,NY,New York,NG,Net generation,Eastern,Eastern,437178,megawatthours
2024-06-23,NY,New York,TI,Total interchange,Eastern,Eastern,-91409,megawatthours
2024-06-22,NY,New York,D,Demand,Eastern,Eastern,535052,megawatthours
2024-06-22,NY,New York,DF,Day-ahead demand forecast,Eastern,Eastern,517756,megawatthours
2024-06-22,NY,New York,NG,Net generation,Eastern,Eastern,438375,megawatthours
2024-06-22,NY,New York,TI,Total interchange,Eastern,Eastern,-96677,megawatthours
2024-06-21,NY,New York,D,Demand,Eastern,Eastern,569747,megawatthours
2024-06-21,NY,New York,DF,Day-ahead demand forecast,Eastern,Eastern,546849,megawatthours
2024-06-21,NY,New York,NG,Net generation,Eastern,Eastern,474597,megawatthours
2024-06-21,NY,New York,TI,Total interchange,Eastern,Eastern,-95150,megawatthours
2024-06-20,NY,New York,D,Demand,Eastern,Eastern,560371,megawatthours
2024-06-20,NY,New York,DF,Day-ahead demand forecast,Eastern,Eastern,551265,megawatthours
2024-06-20,NY,New York,NG,Net generation,Eastern,Eastern,489574,megawatthours
2024-06-20,NY,New York,TI,Total interchange,Eastern,Eastern,-70797,megawatthours
2024-06-19,NY,New York,D,Demand,Eastern,Eastern,543998,megawatthours
2024-06-19,NY,New York,DF,Day-ahead demand forecast,Eastern,Eastern,536298,megawatthours
2024-06-19,NY,New York,NG,Net generation,Eastern,Eastern,481119,megawatthours
2024-06-19,NY,New York,TI,Total interchange,Eastern,Eastern,-62879,megawatthours
2024-06-18,NY,New York,D,Demand,Eastern,Eastern,528597,megawatthours
2024-06-18,NY,New York,DF,Day-ahead demand forecast,Eastern,Eastern,516711,megawatthours
2024-06-18,NY,New York,NG,Net generation,Eastern,Eastern,467723,megawatthours
2024-06-18,NY,New York,TI,Total interchange,Eastern,Eastern,-60874,megawatthours
2024-06-17,NY,New York,D,Demand,Eastern,Eastern,472702,megawatthours
2024-06-17,NY,New York,DF,Day-ahead demand forecast,Eastern,Eastern,458043,megawatthours
2024-06-17,NY,New York,NG,Net generation,Eastern,Eastern,400190,megawatthours
2024-06-17,NY,New York,TI,Total interchange,Eastern,Eastern,-72512,megawatthours
2024-06-16,NY,New York,D,Demand,Eastern,Eastern,373330,megawatthours
2024-06-16,NY,New York,DF,Day-ahead demand forecast,Eastern,Eastern,364527,megawatthours
2024-06-16,NY,New York,NG,Net generation,Eastern,Eastern,302939,megawatthours
2024-06-16,NY,New York,TI,Total interchange,Eastern,Eastern,-70391,megawatthours
2024-06-15,NY,New York,D,Demand,Eastern,Eastern,392856,megawatthours
2024-06-15,NY,New York,DF,Day-ahead demand forecast,Eastern,Eastern,386485,megawatthours
2024-06-15,NY,New York,NG,Net generation,Eastern,Eastern,325059,megawatthours
2024-06-15,NY,New York,TI,Total interchange,Eastern,Eastern,-67797,megawatthours
2024-06-14,NY,New York,D,Demand,Eastern,Eastern,460500,megawatthours
2024-06-14,NY,New York,DF,Day-ahead demand forecast,Eastern,Eastern,451156,megawatthours
2024-06-14,NY,New York,NG,Net generation,Eastern,Eastern,396063,megawatthours
2024-06-14,NY,New York,TI,Total interchange,Eastern,Eastern,-64437,megawatthours
2024-06-13,NY,New York,D,Demand,Eastern,Eastern,437863,megawatthours
2024-06-13,NY,New York,DF,Day-ahead demand forecast,Eastern,Eastern,429781,megawatthours
2024-06-13,NY,New York,NG,Net generation,Eastern,Eastern,384133,megawatthours
2024-06-13,NY,New York,TI,Total interchange,Eastern,Eastern,-53730,megawatthours
2024-06-12,NY,New York,D,Demand,Eastern,Eastern,400073,megawatthours
2024-06-12,NY,New York,DF,Day-ahead demand forecast,Eastern,Eastern,398252,megawatthours
2024-06-12,NY,New York,NG,Net generation,Eastern,Eastern,341107,megawatthours
2024-06-12,NY,New York,TI,Total interchange,Eastern,Eastern,-58966,megawatthours
2024-06-11,NY,New York,D,Demand,Eastern,Eastern,396022,megawatthours
2024-06-11,NY,New York,DF,Day-ahead demand forecast,Eastern,Eastern,391160,megawatthours
2024-06-11,NY,New York,NG,Net generation,Eastern,Eastern,331973,megawatthours
2024-06-11,NY,New York,TI,Total interchange,Eastern,Eastern,-64049,megawatthours
2024-06-10,NY,New York,D,Demand,Eastern,Eastern,397209,megawatthours
2024-06-10,NY,New York,DF,Day-ahead demand forecast,Eastern,Eastern,391506,megawatthours
2024-06-10,NY,New York,NG,Net generation,Eastern,Eastern,326514,megawatthours
2024-06-10,NY,New York,TI,Total interchange,Eastern,Eastern,-70695,megawatthours
2024-06-09,NY,New York,D,Demand,Eastern,Eastern,372919,megawatthours
2024-06-09,NY,New York,DF,Day-ahead demand forecast,Eastern,Eastern,364968,megawatthours
2024-06-09,NY,New York,NG,Net generation,Eastern,Eastern,311796,megawatthours
2024-06-09,NY,New York,TI,Total interchange,Eastern,Eastern,-61123,megawatthours
2024-06-08,NY,New York,D,Demand,Eastern,Eastern,379216,megawatthours
2024-06-08,NY,New York,DF,Day-ahead demand forecast,Eastern,Eastern,379501,megawatthours
2024-06-08,NY,New York,NG,Net generation,Eastern,Eastern,321030,megawatthours
2024-06-08,NY,New York,TI,Total interchange,Eastern,Eastern,-58186,megawatthours
2024-06-07,NY,New York,D,Demand,Eastern,Eastern,437779,megawatthours
2024-06-07,NY,New York,DF,Day-ahead demand forecast,Eastern,Eastern,436578,megawatthours
2024-06-07,NY,New York,NG,Net generation,Eastern,Eastern,356183,megawatthours
2024-06-07,NY,New York,TI,Total interchange,Eastern,Eastern,-81596,megawatthours
2024-06-06,NY,New York,D,Demand,Eastern,Eastern,475275,megawatthours
2024-06-06,NY,New York,DF,Day-ahead demand forecast,Eastern,Eastern,459647,megawatthours
2024-06-06,NY,New York,NG,Net generation,Eastern,Eastern,390381,megawatthours
2024-06-06,NY,New York,TI,Total interchange,Eastern,Eastern,-84894,megawatthours
2024-06-05,NY,New York,D,Demand,Eastern,Eastern,461009,megawatthours
2024-06-05,NY,New York,DF,Day-ahead demand forecast,Eastern,Eastern,447492,megawatthours
2024-06-05,NY,New York,NG,Net generation,Eastern,Eastern,377465,megawatthours
2024-06-05,NY,New York,TI,Total interchange,Eastern,Eastern,-83544,megawatthours
2024-06-04,NY,New York,D,Demand,Eastern,Eastern,455096,megawatthours
2024-06-04,NY,New York,DF,Day-ahead demand forecast,Eastern,Eastern,435193,megawatthours
2024-06-04,NY,New York,NG,Net generation,Eastern,Eastern,387190,megawatthours
2024-06-04,NY,New York,TI,Total interchange,Eastern,Eastern,-67906,megawatthours
2024-06-03,NY,New York,D,Demand,Eastern,Eastern,448343,megawatthours
2024-06-03,NY,New York,DF,Day-ahead demand forecast,Eastern,Eastern,427954,megawatthours
2024-06-03,NY,New York,NG,Net generation,Eastern,Eastern,372155,megawatthours
2024-06-03,NY,New York,TI,Total interchange,Eastern,Eastern,-76188,megawatthours
2024-06-02,NY,New York,D,Demand,Eastern,Eastern,378133,megawatthours
2024-06-02,NY,New York,DF,Day-ahead demand forecast,Eastern,Eastern,368166,megawatthours
2024-06-02,NY,New York,NG,Net generation,Eastern,Eastern,303142,megawatthours
2024-06-02,NY,New York,TI,Total interchange,Eastern,Eastern,-74991,megawatthours
2024-06-01,NY,New York,D,Demand,Eastern,Eastern,360183,megawatthours
2024-06-01,NY,New York,DF,Day-ahead demand forecast,Eastern,Eastern,345246,megawatthours
2024-06-01,NY,New York,NG,Net generation,Eastern,Eastern,298483,megawatthours
2024-06-01,NY,New York,TI,Total interchange,Eastern,Eastern,-61700,megawatthours
2024-05-31,NY,New York,D,Demand,Eastern,Eastern,365780,megawatthours
2024-05-31,NY,New York,DF,Day-ahead demand forecast,Eastern,Eastern,354879,megawatthours
2024-05-31,NY,New York,NG,Net generation,Eastern,Eastern,302439,megawatthours
2024-05-31,NY,New York,TI,Total interchange,Eastern,Eastern,-63341,megawatthours
2024-05-30,NY,New York,D,Demand,Eastern,Eastern,368523,megawatthours
2024-05-30,NY,New York,DF,Day-ahead demand forecast,Eastern,Eastern,364873,megawatthours
2024-05-30,NY,New York,NG,Net generation,Eastern,Eastern,313557,megawatthours
2024-05-30,NY,New York,TI,Total interchange,Eastern,Eastern,-54966,megawatthours
2024-05-29,NY,New York,D,Demand,Eastern,Eastern,393945,megawatthours
2024-05-29,NY,New York,DF,Day-ahead demand forecast,Eastern,Eastern,391718,megawatthours
2024-05-29,NY,New York,NG,Net generation,Eastern,Eastern,337405,megawatthours
2024-05-29,NY,New York,TI,Total interchange,Eastern,Eastern,-56540,megawatthours
2024-05-28,NY,New York,D,Demand,Eastern,Eastern,415978,megawatthours
2024-05-28,NY,New York,DF,Day-ahead demand forecast,Eastern,Eastern,411078,megawatthours
2024-05-28,NY,New York,NG,Net generation,Eastern,Eastern,362185,megawatthours
2024-05-28,NY,New York,TI,Total interchange,Eastern,Eastern,-53793,megawatthours
2024-05-27,NY,New York,D,Demand,Eastern,Eastern,398974,megawatthours
2024-05-27,NY,New York,DF,Day-ahead demand forecast,Eastern,Eastern,380127,megawatthours
2024-05-27,NY,New York,NG,Net generation,Eastern,Eastern,354551,megawatthours
2024-05-27,NY,New York,TI,Total interchange,Eastern,Eastern,-44423,megawatthours
2024-05-26,NY,New York,D,Demand,Eastern,Eastern,382548,megawatthours
2024-05-26,NY,New York,DF,Day-ahead demand forecast,Eastern,Eastern,359802,megawatthours
2024-05-26,NY,New York,NG,Net generation,Eastern,Eastern,321141,megawatthours
2024-05-26,NY,New York,TI,Total interchange,Eastern,Eastern,-61407,megawatthours
2024-05-25,NY,New York,D,Demand,Eastern,Eastern,375230,megawatthours
2024-05-25,NY,New York,DF,Day-ahead demand forecast,Eastern,Eastern,369705,megawatthours
2024-05-25,NY,New York,NG,Net generation,Eastern,Eastern,314390,megawatthours
2024-05-25,NY,New York,TI,Total interchange,Eastern,Eastern,-60840,megawatthours
2024-05-24,NY,New York,D,Demand,Eastern,Eastern,414012,megawatthours
2024-05-24,NY,New York,DF,Day-ahead demand forecast,Eastern,Eastern,401378,megawatthours
2024-05-24,NY,New York,NG,Net generation,Eastern,Eastern,361288,megawatthours
2024-05-24,NY,New York,TI,Total interchange,Eastern,Eastern,-52724,megawatthours
2024-05-23,NY,New York,D,Demand,Eastern,Eastern,424937,megawatthours
2024-05-23,NY,New York,DF,Day-ahead demand forecast,Eastern,Eastern,424926,megawatthours
2024-05-23,NY,New York,NG,Net generation,Eastern,Eastern,372412,megawatthours
2024-05-23,NY,New York,TI,Total interchange,Eastern,Eastern,-52525,megawatthours
2024-05-22,NY,New York,D,Demand,Eastern,Eastern,434377,megawatthours
2024-05-22,NY,New York,DF,Day-ahead demand forecast,Eastern,Eastern,416751,megawatthours
2024-05-22,NY,New York,NG,Net generation,Eastern,Eastern,373162,megawatthours
2024-05-22,NY,New York,TI,Total interchange,Eastern,Eastern,-61215,megawatthours
2024-05-21,NY,New York,D,Demand,Eastern,Eastern,408914,megawatthours
2024-05-21,NY,New York,DF,Day-ahead demand forecast,Eastern,Eastern,391587,megawatthours
2024-05-21,NY,New York,NG,Net generation,Eastern,Eastern,357425,megawatthours
2024-05-21,NY,New York,TI,Total interchange,Eastern,Eastern,-51489,megawatthours
2024-05-20,NY,New York,D,Demand,Eastern,Eastern,377636,megawatthours
2024-05-20,NY,New York,DF,Day-ahead demand forecast,Eastern,Eastern,367332,megawatthours
2024-05-20,NY,New York,NG,Net generation,Eastern,Eastern,319523,megawatthours
2024-05-20,NY,New York,TI,Total interchange,Eastern,Eastern,-58113,megawatthours
2024-05-19,NY,New York,D,Demand,Eastern,Eastern,336057,megawatthours
2024-05-19,NY,New York,DF,Day-ahead demand forecast,Eastern,Eastern,324447,megawatthours
2024-05-19,NY,New York,NG,Net generation,Eastern,Eastern,294609,megawatthours
2024-05-19,NY,New York,TI,Total interchange,Eastern,Eastern,-41448,megawatthours
2024-05-18,NY,New York,D,Demand,Eastern,Eastern,336962,megawatthours
2024-05-18,NY,New York,DF,Day-ahead demand forecast,Eastern,Eastern,330033,megawatthours
2024-05-18,NY,New York,NG,Net generation,Eastern,Eastern,305702,megawatthours
2024-05-18,NY,New York,TI,Total interchange,Eastern,Eastern,-31260,megawatthours
2024-05-17,NY,New York,D,Demand,Eastern,Eastern,358677,megawatthours
2024-05-17,NY,New York,DF,Day-ahead demand forecast,Eastern,Eastern,352083,megawatthours
2024-05-17,NY,New York,NG,Net generation,Eastern,Eastern,337613,megawatthours
2024-05-17,NY,New York,TI,Total interchange,Eastern,Eastern,-21064,megawatthours
2024-05-16,NY,New York,D,Demand,Eastern,Eastern,363810,megawatthours
2024-05-16,NY,New York,DF,Day-ahead demand forecast,Eastern,Eastern,354100,megawatthours
2024-05-16,NY,New York,NG,Net generation,Eastern,Eastern,335167,megawatthours
2024-05-16,NY,New York,TI,Total interchange,Eastern,Eastern,-28643,megawatthours
2024-05-15,NY,New York,D,Demand,Eastern,Eastern,367413,megawatthours
2024-05-15,NY,New York,DF,Day-ahead demand forecast,Eastern,Eastern,361469,megawatthours
2024-05-15,NY,New York,NG,Net generation,Eastern,Eastern,338667,megawatthours
2024-05-15,NY,New York,TI,Total interchange,Eastern,Eastern,-28746,megawatthours
2024-05-14,NY,New York,D,Demand,Eastern,Eastern,354711,megawatthours
2024-05-14,NY,New York,DF,Day-ahead demand forecast,Eastern,Eastern,353629,megawatthours
2024-05-14,NY,New York,NG,Net generation,Eastern,Eastern,335437,megawatthours
2024-05-14,NY,New York,TI,Total interchange,Eastern,Eastern,-19274,megawatthours
2024-05-13,NY,New York,D,Demand,Eastern,Eastern,347954,megawatthours
2024-05-13,NY,New York,DF,Day-ahead demand forecast,Eastern,Eastern,345517,megawatthours
2024-05-13,NY,New York,NG,Net generation,Eastern,Eastern,326455,megawatthours
2024-05-13,NY,New York,TI,Total interchange,Eastern,Eastern,-21499,megawatthours
2024-05-12,NY,New York,D,Demand,Eastern,Eastern,322479,megawatthours
2024-05-12,NY,New York,DF,Day-ahead demand forecast,Eastern,Eastern,320700,megawatthours
2024-05-12,NY,New York,NG,Net generation,Eastern,Eastern,297929,megawatthours
2024-05-12,NY,New York,TI,Total interchange,Eastern,Eastern,-24550,megawatthours
2024-05-11,NY,New York,D,Demand,Eastern,Eastern,318881,megawatthours
2024-05-11,NY,New York,DF,Day-ahead demand forecast,Eastern,Eastern,316271,megawatthours
2024-05-11,NY,New York,NG,Net generation,Eastern,Eastern,291082,megawatthours
2024-05-11,NY,New York,TI,Total interchange,Eastern,Eastern,-27799,megawatthours
2024-05-10,NY,New York,D,Demand,Eastern,Eastern,355509,megawatthours
2024-05-10,NY,New York,DF,Day-ahead demand forecast,Eastern,Eastern,349698,megawatthours
2024-05-10,NY,New York,NG,Net generation,Eastern,Eastern,315594,megawatthours
2024-05-10,NY,New York,TI,Total interchange,Eastern,Eastern,-39915,megawatthours
2024-05-09,NY,New York,D,Demand,Eastern,Eastern,361010,megawatthours
2024-05-09,NY,New York,DF,Day-ahead demand forecast,Eastern,Eastern,361434,megawatthours
2024-05-09,NY,New York,NG,Net generation,Eastern,Eastern,330692,megawatthours
2024-05-09,NY,New York,TI,Total interchange,Eastern,Eastern,-30318,megawatthours
2024-05-08,NY,New York,D,Demand,Eastern,Eastern,377331,megawatthours
2024-05-08,NY,New York,DF,Day-ahead demand forecast,Eastern,Eastern,360847,megawatthours
2024-05-08,NY,New York,NG,Net generation,Eastern,Eastern,352583,megawatthours
2024-05-08,NY,New York,TI,Total interchange,Eastern,Eastern,-24748,megawatthours
2024-05-07,NY,New York,D,Demand,Eastern,Eastern,351355,megawatthours
2024-05-07,NY,New York,DF,Day-ahead demand forecast,Eastern,Eastern,342583,megawatthours
2024-05-07,NY,New York,NG,Net generation,Eastern,Eastern,327764,megawatthours
2024-05-07,NY,New York,TI,Total interchange,Eastern,Eastern,-23591,megawatthours
2024-05-06,NY,New York,D,Demand,Eastern,Eastern,350571,megawatthours
2024-05-06,NY,New York,DF,Day-ahead demand forecast,Eastern,Eastern,347119,megawatthours
2024-05-06,NY,New York,NG,Net generation,Eastern,Eastern,323447,megawatthours
2024-05-06,NY,New York,TI,Total interchange,Eastern,Eastern,-27124,megawatthours
2024-05-05,NY,New York,D,Demand,Eastern,Eastern,337959,megawatthours
2024-05-05,NY,New York,DF,Day-ahead demand forecast,Eastern,Eastern,324495,megawatthours
2024-05-05,NY,New York,NG,Net generation,Eastern,Eastern,319803,megawatthours
2024-05-05,NY,New York,TI,Total interchange,Eastern,Eastern,-18156,megawatthours
2024-05-04,NY,New York,D,Demand,Eastern,Eastern,322139,megawatthours
2024-05-04,NY,New York,DF,Day-ahead demand forecast,Eastern,Eastern,320186,megawatthours
2024-05-04,NY,New York,NG,Net generation,Eastern,Eastern,294794,megawatthours
2024-05-04,NY,New York,TI,Total interchange,Eastern,Eastern,-27345,megawatthours
2024-05-03,NY,New York,D,Demand,Eastern,Eastern,341940,megawatthours
2024-05-03,NY,New York,DF,Day-ahead demand forecast,Eastern,Eastern,341222,megawatthours
2024-05-03,NY,New York,NG,Net generation,Eastern,Eastern,321577,megawatthours
2024-05-03,NY,New York,TI,Total interchange,Eastern,Eastern,-20363,megawatthours
2024-05-02,NY,New York,D,Demand,Eastern,Eastern,349936,megawatthours
2024-05-02,NY,New York,DF,Day-ahead demand forecast,Eastern,Eastern,342917,megawatthours
2024-05-02,NY,New York,NG,Net generation,Eastern,Eastern,322355,megawatthours
2024-05-02,NY,New York,TI,Total interchange,Eastern,Eastern,-27581,megawatthours
2024-05-01,NY,New York,D,Demand,Eastern,Eastern,350558,megawatthours
2024-05-01,NY,New York,DF,Day-ahead demand forecast,Eastern,Eastern,345720,megawatthours
2024-05-01,NY,New York,NG,Net generation,Eastern,Eastern,327230,megawatthours
2024-05-01,NY,New York,TI,Total interchange,Eastern,Eastern,-23328,megawatthours
2024-04-30,NY,New York,D,Demand,Eastern,Eastern,357614,megawatthours
2024-04-30,NY,New York,DF,Day-ahead demand forecast,Eastern,Eastern,356500,megawatthours
2024-04-30,NY,New York,NG,Net generation,Eastern,Eastern,335784,megawatthours
2024-04-30,NY,New York,TI,Total interchange,Eastern,Eastern,-21830,megawatthours
2024-04-29,NY,New York,D,Demand,Eastern,Eastern,367015,megawatthours
2024-04-29,NY,New York,DF,Day-ahead demand forecast,Eastern,Eastern,361694,megawatthours
2024-04-29,NY,New York,NG,Net generation,Eastern,Eastern,334120,megawatthours
2024-04-29,NY,New York,TI,Total interchange,Eastern,Eastern,-32895,megawatthours
2024-04-28,NY,New York,D,Demand,Eastern,Eastern,325176,megawatthours
2024-04-28,NY,New York,DF,Day-ahead demand forecast,Eastern,Eastern,323766,megawatthours
2024-04-28,NY,New York,NG,Net generation,Eastern,Eastern,296617,megawatthours
2024-04-28,NY,New York,TI,Total interchange,Eastern,Eastern,-28559,megawatthours
2024-04-27,NY,New York,D,Demand,Eastern,Eastern,326116,megawatthours
2024-04-27,NY,New York,DF,Day-ahead demand forecast,Eastern,Eastern,319183,megawatthours
2024-04-27,NY,New York,NG,Net generation,Eastern,Eastern,308390,megawatthours
2024-04-27,NY,New York,TI,Total interchange,Eastern,Eastern,-17726,megawatthours
2024-04-26,NY,New York,D,Demand,Eastern,Eastern,339869,megawatthours
2024-04-26,NY,New York,DF,Day-ahead demand forecast,Eastern,Eastern,325795,megawatthours
2024-04-26,NY,New York,NG,Net generation,Eastern,Eastern,314045,megawatthours
2024-04-26,NY,New York,TI,Total interchange,Eastern,Eastern,-25824,megawatthours
2024-04-25,NY,New York,D,Demand,Eastern,Eastern,343892,megawatthours
2024-04-25,NY,New York,DF,Day-ahead demand forecast,Eastern,Eastern,329602,megawatthours
2024-04-25,NY,New York,NG,Net generation,Eastern,Eastern,313526,megawatthours
2024-04-25,NY,New York,TI,Total interchange,Eastern,Eastern,-30366,megawatthours
2024-04-24,NY,New York,D,Demand,Eastern,Eastern,355440,megawatthours
2024-04-24,NY,New York,DF,Day-ahead demand forecast,Eastern,Eastern,350554,megawatthours
2024-04-24,NY,New York,NG,Net generation,Eastern,Eastern,323479,megawatthours
2024-04-24,NY,New York,TI,Total interchange,Eastern,Eastern,-31961,megawatthours
2024-04-23,NY,New York,D,Demand,Eastern,Eastern,342348,megawatthours
2024-04-23,NY,New York,DF,Day-ahead demand forecast,Eastern,Eastern,340672,megawatthours
2024-04-23,NY,New York,NG,Net generation,Eastern,Eastern,305676,megawatthours
2024-04-23,NY,New York,TI,Total interchange,Eastern,Eastern,-36672,megawatthours
2024-04-22,NY,New York,D,Demand,Eastern,Eastern,342465,megawatthours
2024-04-22,NY,New York,DF,Day-ahead demand forecast,Eastern,Eastern,332485,megawatthours
2024-04-22,NY,New York,NG,Net generation,Eastern,Eastern,300979,megawatthours
2024-04-22,NY,New York,TI,Total interchange,Eastern,Eastern,-41486,megawatthours
2024-04-21,NY,New York,D,Demand,Eastern,Eastern,338783,megawatthours
2024-04-21,NY,New York,DF,Day-ahead demand forecast,Eastern,Eastern,323599,megawatthours
2024-04-21,NY,New York,NG,Net generation,Eastern,Eastern,295200,megawatthours
2024-04-21,NY,New York,TI,Total interchange,Eastern,Eastern,-43583,megawatthours
2024-04-20,NY,New York,D,Demand,Eastern,Eastern,332701,megawatthours
2024-04-20,NY,New York,DF,Day-ahead demand forecast,Eastern,Eastern,320848,megawatthours
2024-04-20,NY,New York,NG,Net generation,Eastern,Eastern,280416,megawatthours
2024-04-20,NY,New York,TI,Total interchange,Eastern,Eastern,-52285,megawatthours
2024-04-19,NY,New York,D,Demand,Eastern,Eastern,358950,megawatthours
2024-04-19,NY,New York,DF,Day-ahead demand forecast,Eastern,Eastern,349346,megawatthours
2024-04-19,NY,New York,NG,Net generation,Eastern,Eastern,322784,megawatthours
2024-04-19,NY,New York,TI,Total interchange,Eastern,Eastern,-36166,megawatthours
2024-04-18,NY,New York,D,Demand,Eastern,Eastern,374256,megawatthours
2024-04-18,NY,New York,DF,Day-ahead demand forecast,Eastern,Eastern,360102,megawatthours
2024-04-18,NY,New York,NG,Net generation,Eastern,Eastern,332406,megawatthours
2024-04-18,NY,New York,TI,Total interchange,Eastern,Eastern,-41850,megawatthours
2024-04-17,NY,New York,D,Demand,Eastern,Eastern,356408,megawatthours
2024-04-17,NY,New York,DF,Day-ahead demand forecast,Eastern,Eastern,347956,megawatthours
2024-04-17,NY,New York,NG,Net generation,Eastern,Eastern,304253,megawatthours
2024-04-17,NY,New York,TI,Total interchange,Eastern,Eastern,-52155,megawatthours
2024-04-16,NY,New York,D,Demand,Eastern,Eastern,339492,megawatthours
2024-04-16,NY,New York,DF,Day-ahead demand forecast,Eastern,Eastern,333723,megawatthours
2024-04-16,NY,New York,NG,Net generation,Eastern,Eastern,289685,megawatthours
2024-04-16,NY,New York,TI,Total interchange,Eastern,Eastern,-49807,megawatthours
2024-04-15,NY,New York,D,Demand,Eastern,Eastern,350306,megawatthours
2024-04-15,NY,New York,DF,Day-ahead demand forecast,Eastern,Eastern,340043,megawatthours
2024-04-15,NY,New York,NG,Net generation,Eastern,Eastern,309332,megawatthours
2024-04-15,NY,New York,TI,Total interchange,Eastern,Eastern,-40974,megawatthours
2024-04-14,NY,New York,D,Demand,Eastern,Eastern,335281,megawatthours
2024-04-14,NY,New York,DF,Day-ahead demand forecast,Eastern,Eastern,327321,megawatthours
2024-04-14,NY,New York,NG,Net generation,Eastern,Eastern,298194,megawatthours
2024-04-14,NY,New York,TI,Total interchange,Eastern,Eastern,-37087,megawatthours
2024-04-13,NY,New York,D,Demand,Eastern,Eastern,348744,megawatthours
2024-04-13,NY,New York,DF,Day-ahead demand forecast,Eastern,Eastern,340632,megawatthours
2024-04-13,NY,New York,NG,Net generation,Eastern,Eastern,300919,megawatthours
2024-04-13,NY,New York,TI,Total interchange,Eastern,Eastern,-47825,megawatthours
2024-04-12,NY,New York,D,Demand,Eastern,Eastern,362000,megawatthours
2024-04-12,NY,New York,DF,Day-ahead demand forecast,Eastern,Eastern,348524,megawatthours
2024-04-12,NY,New York,NG,Net generation,Eastern,Eastern,321680,megawatthours
2024-04-12,NY,New York,TI,Total interchange,Eastern,Eastern,-40320,megawatthours
2024-04-11,NY,New York,D,Demand,Eastern,Eastern,365841,megawatthours
2024-04-11,NY,New York,DF,Day-ahead demand forecast,Eastern,Eastern,359296,megawatthours
2024-04-11,NY,New York,NG,Net generation,Eastern,Eastern,337633,megawatthours
2024-04-11,NY,New York,TI,Total interchange,Eastern,Eastern,-28208,megawatthours
2024-04-10,NY,New York,D,Demand,Eastern,Eastern,355212,megawatthours
2024-04-10,NY,New York,DF,Day-ahead demand forecast,Eastern,Eastern,354722,megawatthours
2024-04-10,NY,New York,NG,Net generation,Eastern,Eastern,321147,megawatthours
2024-04-10,NY,New York,TI,Total interchange,Eastern,Eastern,-34065,megawatthours
2024-04-09,NY,New York,D,Demand,Eastern,Eastern,346768,megawatthours
2024-04-09,NY,New York,DF,Day-ahead demand forecast,Eastern,Eastern,348820,megawatthours
2024-04-09,NY,New York,NG,Net generation,Eastern,Eastern,305986,megawatthours
2024-04-09,NY,New York,TI,Total interchange,Eastern,Eastern,-40782,megawatthours
2024-04-08,NY,New York,D,Demand,Eastern,Eastern,359559,megawatthours
2024-04-08,NY,New York,DF,Day-ahead demand forecast,Eastern,Eastern,355611,megawatthours
2024-04-08,NY,New York,NG,Net generation,Eastern,Eastern,318104,megawatthours
2024-04-08,NY,New York,TI,Total interchange,Eastern,Eastern,-41455,megawatthours
2024-04-07,NY,New York,D,Demand,Eastern,Eastern,331645,megawatthours
2024-04-07,NY,New York,DF,Day-ahead demand forecast,Eastern,Eastern,331575,megawatthours
2024-04-07,NY,New York,NG,Net generation,Eastern,Eastern,303505,megawatthours
2024-04-07,NY,New York,TI,Total interchange,Eastern,Eastern,-28140,megawatthours
2024-04-06,NY,New York,D,Demand,Eastern,Eastern,356074,megawatthours
2024-04-06,NY,New York,DF,Day-ahead demand forecast,Eastern,Eastern,351205,megawatthours
2024-04-06,NY,New York,NG,Net generation,Eastern,Eastern,322239,megawatthours
2024-04-06,NY,New York,TI,Total interchange,Eastern,Eastern,-33835,megawatthours
2024-04-05,NY,New York,D,Demand,Eastern,Eastern,388378,megawatthours
2024-04-05,NY,New York,DF,Day-ahead demand forecast,Eastern,Eastern,381135,megawatthours
2024-04-05,NY,New York,NG,Net generation,Eastern,Eastern,362826,megawatthours
2024-04-05,NY,New York,TI,Total interchange,Eastern,Eastern,-25552,megawatthours
2024-04-04,NY,New York,D,Demand,Eastern,Eastern,397689,megawatthours
2024-04-04,NY,New York,DF,Day-ahead demand forecast,Eastern,Eastern,383107,megawatthours
2024-04-04,NY,New York,NG,Net generation,Eastern,Eastern,376499,megawatthours
2024-04-04,NY,New York,TI,Total interchange,Eastern,Eastern,-21190,megawatthours
2024-04-03,NY,New York,D,Demand,Eastern,Eastern,407045,megawatthours
2024-04-03,NY,New York,DF,Day-ahead demand forecast,Eastern,Eastern,386270,megawatthours
2024-04-03,NY,New York,NG,Net generation,Eastern,Eastern,392206,megawatthours
2024-04-03,NY,New York,TI,Total interchange,Eastern,Eastern,-14839,megawatthours
2024-04-02,NY,New York,D,Demand,Eastern,Eastern,387097,megawatthours
2024-04-02,NY,New York,DF,Day-ahead demand forecast,Eastern,Eastern,374373,megawatthours
2024-04-02,NY,New York,NG,Net generation,Eastern,Eastern,361319,megawatthours
2024-04-02,NY,New York,TI,Total interchange,Eastern,Eastern,-25778,megawatthours
2024-04-01,NY,New York,D,Demand,Eastern,Eastern,367507,megawatthours
2024-04-01,NY,New York,DF,Day-ahead demand forecast,Eastern,Eastern,372959,megawatthours
2024-04-01,NY,New York,NG,Net generation,Eastern,Eastern,341705,megawatthours
2024-04-01,NY,New York,TI,Total interchange,Eastern,Eastern,-25802,megawatthours
2024-03-31,NY,New York,D,Demand,Eastern,Eastern,324834,megawatthours
2024-03-31,NY,New York,DF,Day-ahead demand forecast,Eastern,Eastern,334941,megawatthours
2024-03-31,NY,New York,NG,Net generation,Eastern,Eastern,304583,megawatthours
2024-03-31,NY,New York,TI,Total interchange,Eastern,Eastern,-20251,megawatthours
2024-03-30,NY,New York,D,Demand,Eastern,Eastern,344454,megawatthours
2024-03-30,NY,New York,DF,Day-ahead demand forecast,Eastern,Eastern,334637,megawatthours
2024-03-30,NY,New York,NG,Net generation,Eastern,Eastern,317398,megawatthours
2024-03-30,NY,New York,TI,Total interchange,Eastern,Eastern,-27056,megawatthours
2024-03-29,NY,New York,D,Demand,Eastern,Eastern,368971,megawatthours
2024-03-29,NY,New York,DF,Day-ahead demand forecast,Eastern,Eastern,350078,megawatthours
2024-03-29,NY,New York,NG,Net generation,Eastern,Eastern,343693,megawatthours
2024-03-29,NY,New York,TI,Total interchange,Eastern,Eastern,-25278,megawatthours
2024-03-28,NY,New York,D,Demand,Eastern,Eastern,385640,megawatthours
2024-03-28,NY,New York,DF,Day-ahead demand forecast,Eastern,Eastern,372495,megawatthours
2024-03-28,NY,New York,NG,Net generation,Eastern,Eastern,337305,megawatthours
2024-03-28,NY,New York,TI,Total interchange,Eastern,Eastern,-48335,megawatthours
2024-03-27,NY,New York,D,Demand,Eastern,Eastern,383448,megawatthours
2024-03-27,NY,New York,DF,Day-ahead demand forecast,Eastern,Eastern,373095,megawatthours
2024-03-27,NY,New York,NG,Net generation,Eastern,Eastern,340689,megawatthours
2024-03-27,NY,New York,TI,Total interchange,Eastern,Eastern,-42759,megawatthours
2024-03-26,NY,New York,D,Demand,Eastern,Eastern,385561,megawatthours
2024-03-26,NY,New York,DF,Day-ahead demand forecast,Eastern,Eastern,381391,megawatthours
2024-03-26,NY,New York,NG,Net generation,Eastern,Eastern,336193,megawatthours
2024-03-26,NY,New York,TI,Total interchange,Eastern,Eastern,-49368,megawatthours
2024-03-25,NY,New York,D,Demand,Eastern,Eastern,383981,megawatthours
2024-03-25,NY,New York,DF,Day-ahead demand forecast,Eastern,Eastern,379357,megawatthours
2024-03-25,NY,New York,NG,Net generation,Eastern,Eastern,324154,megawatthours
2024-03-25,NY,New York,TI,Total interchange,Eastern,Eastern,-59827,megawatthours
2024-03-24,NY,New York,D,Demand,Eastern,Eastern,374124,megawatthours
2024-03-24,NY,New York,DF,Day-ahead demand forecast,Eastern,Eastern,370235,megawatthours
2024-03-24,NY,New York,NG,Net generation,Eastern,Eastern,309747,megawatthours
2024-03-24,NY,New York,TI,Total interchange,Eastern,Eastern,-64377,megawatthours
2024-03-23,NY,New York,D,Demand,Eastern,Eastern,401240,megawatthours
2024-03-23,NY,New York,DF,Day-ahead demand forecast,Eastern,Eastern,376940,megawatthours
2024-03-23,NY,New York,NG,Net generation,Eastern,Eastern,349735,megawatthours
2024-03-23,NY,New York,TI,Total interchange,Eastern,Eastern,-51505,megawatthours
2024-03-22,NY,New York,D,Demand,Eastern,Eastern,415370,megawatthours
2024-03-22,NY,New York,DF,Day-ahead demand forecast,Eastern,Eastern,390496,megawatthours
2024-03-22,NY,New York,NG,Net generation,Eastern,Eastern,345420,megawatthours
2024-03-22,NY,New York,TI,Total interchange,Eastern,Eastern,-69950,megawatthours
2024-03-21,NY,New York,D,Demand,Eastern,Eastern,410406,megawatthours
2024-03-21,NY,New York,DF,Day-ahead demand forecast,Eastern,Eastern,394449,megawatthours
2024-03-21,NY,New York,NG,Net generation,Eastern,Eastern,342455,megawatthours
2024-03-21,NY,New York,TI,Total interchange,Eastern,Eastern,-67951,megawatthours
2024-03-20,NY,New York,D,Demand,Eastern,Eastern,397710,megawatthours
2024-03-20,NY,New York,DF,Day-ahead demand forecast,Eastern,Eastern,379867,megawatthours
2024-03-20,NY,New York,NG,Net generation,Eastern,Eastern,326317,megawatthours
2024-03-20,NY,New York,TI,Total interchange,Eastern,Eastern,-71393,megawatthours
2024-03-19,NY,New York,D,Demand,Eastern,Eastern,393405,megawatthours
2024-03-19,NY,New York,DF,Day-ahead demand forecast,Eastern,Eastern,381756,megawatthours
2024-03-19,NY,New York,NG,Net generation,Eastern,Eastern,321514,megawatthours
2024-03-19,NY,New York,TI,Total interchange,Eastern,Eastern,-71891,megawatthours
2024-03-18,NY,New York,D,Demand,Eastern,Eastern,382298,megawatthours
2024-03-18,NY,New York,DF,Day-ahead demand forecast,Eastern,Eastern,372042,megawatthours
2024-03-18,NY,New York,NG,Net generation,Eastern,Eastern,310818,megawatthours
2024-03-18,NY,New York,TI,Total interchange,Eastern,Eastern,-71480,megawatthours
2024-03-17,NY,New York,D,Demand,Eastern,Eastern,336793,megawatthours
2024-03-17,NY,New York,DF,Day-ahead demand forecast,Eastern,Eastern,331293,megawatthours
2024-03-17,NY,New York,NG,Net generation,Eastern,Eastern,276295,megawatthours
2024-03-17,NY,New York,TI,Total interchange,Eastern,Eastern,-60498,megawatthours
2024-03-16,NY,New York,D,Demand,Eastern,Eastern,335411,megawatthours
2024-03-16,NY,New York,DF,Day-ahead demand forecast,Eastern,Eastern,328844,megawatthours
2024-03-16,NY,New York,NG,Net generation,Eastern,Eastern,270023,megawatthours
2024-03-16,NY,New York,TI,Total interchange,Eastern,Eastern,-65388,megawatthours
2024-03-15,NY,New York,D,Demand,Eastern,Eastern,366545,megawatthours
2024-03-15,NY,New York,DF,Day-ahead demand forecast,Eastern,Eastern,359306,megawatthours
2024-03-15,NY,New York,NG,Net generation,Eastern,Eastern,317818,megawatthours
2024-03-15,NY,New York,TI,Total interchange,Eastern,Eastern,-48727,megawatthours
2024-03-14,NY,New York,D,Demand,Eastern,Eastern,357131,megawatthours
2024-03-14,NY,New York,DF,Day-ahead demand forecast,Eastern,Eastern,353330,megawatthours
2024-03-14,NY,New York,NG,Net generation,Eastern,Eastern,306309,megawatthours
2024-03-14,NY,New York,TI,Total interchange,Eastern,Eastern,-50822,megawatthours
2024-03-13,NY,New York,D,Demand,Eastern,Eastern,359800,megawatthours
2024-03-13,NY,New York,DF,Day-ahead demand forecast,Eastern,Eastern,361729,megawatthours
2024-03-13,NY,New York,NG,Net generation,Eastern,Eastern,303439,megawatthours
2024-03-13,NY,New York,TI,Total interchange,Eastern,Eastern,-56361,megawatthours
2024-03-12,NY,New York,D,Demand,Eastern,Eastern,368076,megawatthours
2024-03-12,NY,New York,DF,Day-ahead demand forecast,Eastern,Eastern,364072,megawatthours
2024-03-12,NY,New York,NG,Net generation,Eastern,Eastern,308672,megawatthours
2024-03-12,NY,New York,TI,Total interchange,Eastern,Eastern,-59404,megawatthours
2024-03-11,NY,New York,D,Demand,Eastern,Eastern,396162,megawatthours
2024-03-11,NY,New York,DF,Day-ahead demand forecast,Eastern,Eastern,388850,megawatthours
2024-03-11,NY,New York,NG,Net generation,Eastern,Eastern,342133,megawatthours
2024-03-11,NY,New York,TI,Total interchange,Eastern,Eastern,-54029,megawatthours
2024-03-10,NY,New York,D,Demand,Eastern,Eastern,359499,megawatthours
2024-03-10,NY,New York,DF,Day-ahead demand forecast,Eastern,Eastern,344214,megawatthours
2024-03-10,NY,New York,NG,Net generation,Eastern,Eastern,300183,megawatthours
2024-03-10,NY,New York,TI,Total interchange,Eastern,Eastern,-59316,megawatthours
2024-03-09,NY,New York,D,Demand,Eastern,Eastern,379781,megawatthours
2024-03-09,NY,New York,DF,Day-ahead demand forecast,Eastern,Eastern,362055,megawatthours
2024-03-09,NY,New York,NG,Net generation,Eastern,Eastern,327458,megawatthours
2024-03-09,NY,New York,TI,Total interchange,Eastern,Eastern,-52323,megawatthours
2024-03-08,NY,New York,D,Demand,Eastern,Eastern,367479,megawatthours
2024-03-08,NY,New York,DF,Day-ahead demand forecast,Eastern,Eastern,358998,megawatthours
2024-03-08,NY,New York,NG,Net generation,Eastern,Eastern,311608,megawatthours
2024-03-08,NY,New York,TI,Total interchange,Eastern,Eastern,-55871,megawatthours
2024-03-07,NY,New York,D,Demand,Eastern,Eastern,381120,megawatthours
2024-03-07,NY,New York,DF,Day-ahead demand forecast,Eastern,Eastern,377193,megawatthours
2024-03-07,NY,New York,NG,Net generation,Eastern,Eastern,307460,megawatthours
2024-03-07,NY,New York,TI,Total interchange,Eastern,Eastern,-73660,megawatthours
2024-03-06,NY,New York,D,Demand,Eastern,Eastern,389117,megawatthours
2024-03-06,NY,New York,DF,Day-ahead demand forecast,Eastern,Eastern,376219,megawatthours
2024-03-06,NY,New York,NG,Net generation,Eastern,Eastern,315876,megawatthours
2024-03-06,NY,New York,TI,Total interchange,Eastern,Eastern,-73241,megawatthours
2024-03-05,NY,New York,D,Demand,Eastern,Eastern,384689,megawatthours
2024-03-05,NY,New York,DF,Day-ahead demand forecast,Eastern,Eastern,374795,megawatthours
2024-03-05,NY,New York,NG,Net generation,Eastern,Eastern,309302,megawatthours
2024-03-05,NY,New York,TI,Total interchange,Eastern,Eastern,-75387,megawatthours
2024-03-04,NY,New York,D,Demand,Eastern,Eastern,367679,megawatthours
2024-03-04,NY,New York,DF,Day-ahead demand forecast,Eastern,Eastern,366065,megawatthours
2024-03-04,NY,New York,NG,Net generation,Eastern,Eastern,287865,megawatthours
2024-03-04,NY,New York,TI,Total interchange,Eastern,Eastern,-79814,megawatthours
2024-03-03,NY,New York,D,Demand,Eastern,Eastern,351663,megawatthours
2024-03-03,NY,New York,DF,Day-ahead demand forecast,Eastern,Eastern,343064,megawatthours
2024-03-03,NY,New York,NG,Net generation,Eastern,Eastern,302234,megawatthours
2024-03-03,NY,New York,TI,Total interchange,Eastern,Eastern,-49429,megawatthours
2024-03-02,NY,New York,D,Demand,Eastern,Eastern,386945,megawatthours
2024-03-02,NY,New York,DF,Day-ahead demand forecast,Eastern,Eastern,378606,megawatthours
2024-03-02,NY,New York,NG,Net generation,Eastern,Eastern,347432,megawatthours
2024-03-02,NY,New York,TI,Total interchange,Eastern,Eastern,-39513,megawatthours
2024-03-01,NY,New York,D,Demand,Eastern,Eastern,402317,megawatthours
2024-03-01,NY,New York,DF,Day-ahead demand forecast,Eastern,Eastern,383885,megawatthours
2024-03-01,NY,New York,NG,Net generation,Eastern,Eastern,357817,megawatthours
2024-03-01,NY,New York,TI,Total interchange,Eastern,Eastern,-44500,megawatthours
2024-02-29,NY,New York,D,Demand,Eastern,Eastern,421602,megawatthours
2024-02-29,NY,New York,DF,Day-ahead demand forecast,Eastern,Eastern,402100,megawatthours
2024-02-29,NY,New York,NG,Net generation,Eastern,Eastern,375496,megawatthours
2024-02-29,NY,New York,TI,Total interchange,Eastern,Eastern,-46106,megawatthours
2024-02-28,NY,New York,D,Demand,Eastern,Eastern,396623,megawatthours
2024-02-28,NY,New York,DF,Day-ahead demand forecast,Eastern,Eastern,381334,megawatthours
2024-02-28,NY,New York,NG,Net generation,Eastern,Eastern,352999,megawatthours
2024-02-28,NY,New York,TI,Total interchange,Eastern,Eastern,-43624,megawatthours
2024-02-27,NY,New York,D,Demand,Eastern,Eastern,385408,megawatthours
2024-02-27,NY,New York,DF,Day-ahead demand forecast,Eastern,Eastern,381942,megawatthours
2024-02-27,NY,New York,NG,Net generation,Eastern,Eastern,350859,megawatthours
2024-02-27,NY,New York,TI,Total interchange,Eastern,Eastern,-34549,megawatthours
2024-02-26,NY,New York,D,Demand,Eastern,Eastern,395371,megawatthours
2024-02-26,NY,New York,DF,Day-ahead demand forecast,Eastern,Eastern,392021,megawatthours
2024-02-26,NY,New York,NG,Net generation,Eastern,Eastern,351701,megawatthours
2024-02-26,NY,New York,TI,Total interchange,Eastern,Eastern,-43670,megawatthours
2024-02-25,NY,New York,D,Demand,Eastern,Eastern,393214,megawatthours
2024-02-25,NY,New York,DF,Day-ahead demand forecast,Eastern,Eastern,384116,megawatthours
2024-02-25,NY,New York,NG,Net generation,Eastern,Eastern,352587,megawatthours
2024-02-25,NY,New York,TI,Total interchange,Eastern,Eastern,-40627,megawatthours
2024-02-24,NY,New York,D,Demand,Eastern,Eastern,388729,megawatthours
2024-02-24,NY,New York,DF,Day-ahead demand forecast,Eastern,Eastern,382742,megawatthours
2024-02-24,NY,New York,NG,Net generation,Eastern,Eastern,343184,megawatthours
2024-02-24,NY,New York,TI,Total interchange,Eastern,Eastern,-45545,megawatthours
2024-02-23,NY,New York,D,Demand,Eastern,Eastern,401186,megawatthours
2024-02-23,NY,New York,DF,Day-ahead demand forecast,Eastern,Eastern,395994,megawatthours
2024-02-23,NY,New York,NG,Net generation,Eastern,Eastern,354488,megawatthours
2024-02-23,NY,New York,TI,Total interchange,Eastern,Eastern,-46698,megawatthours
2024-02-22,NY,New York,D,Demand,Eastern,Eastern,416491,megawatthours
2024-02-22,NY,New York,DF,Day-ahead demand forecast,Eastern,Eastern,415011,megawatthours
2024-02-22,NY,New York,NG,Net generation,Eastern,Eastern,371214,megawatthours
2024-02-22,NY,New York,TI,Total interchange,Eastern,Eastern,-45277,megawatthours
2024-02-21,NY,New York,D,Demand,Eastern,Eastern,418196,megawatthours
2024-02-21,NY,New York,DF,Day-ahead demand forecast,Eastern,Eastern,410887,megawatthours
2024-02-21,NY,New York,NG,Net generation,Eastern,Eastern,373349,megawatthours
2024-02-21,NY,New York,TI,Total interchange,Eastern,Eastern,-44847,megawatthours
2024-02-20,NY,New York,D,Demand,Eastern,Eastern,428184,megawatthours
2024-02-20,NY,New York,DF,Day-ahead demand forecast,Eastern,Eastern,414645,megawatthours
2024-02-20,NY,New York,NG,Net generation,Eastern,Eastern,374376,megawatthours
2024-02-20,NY,New York,TI,Total interchange,Eastern,Eastern,-53808,megawatthours
2024-02-19,NY,New York,D,Demand,Eastern,Eastern,415805,megawatthours
2024-02-19,NY,New York,DF,Day-ahead demand forecast,Eastern,Eastern,405031,megawatthours
2024-02-19,NY,New York,NG,Net generation,Eastern,Eastern,366333,megawatthours
2024-02-19,NY,New York,TI,Total interchange,Eastern,Eastern,-49472,megawatthours
2024-02-18,NY,New York,D,Demand,Eastern,Eastern,418952,megawatthours
2024-02-18,NY,New York,DF,Day-ahead demand forecast,Eastern,Eastern,400858,megawatthours
2024-02-18,NY,New York,NG,Net generation,Eastern,Eastern,379988,megawatthours
2024-02-18,NY,New York,TI,Total interchange,Eastern,Eastern,-38964,megawatthours
2024-02-17,NY,New York,D,Demand,Eastern,Eastern,421321,megawatthours
2024-02-17,NY,New York,DF,Day-ahead demand forecast,Eastern,Eastern,406477,megawatthours
2024-02-17,NY,New York,NG,Net generation,Eastern,Eastern,370513,megawatthours
2024-02-17,NY,New York,TI,Total interchange,Eastern,Eastern,-50808,megawatthours
2024-02-16,NY,New York,D,Demand,Eastern,Eastern,426724,megawatthours
2024-02-16,NY,New York,DF,Day-ahead demand forecast,Eastern,Eastern,414631,megawatthours
2024-02-16,NY,New York,NG,Net generation,Eastern,Eastern,375865,megawatthours
2024-02-16,NY,New York,TI,Total interchange,Eastern,Eastern,-50859,megawatthours
2024-02-15,NY,New York,D,Demand,Eastern,Eastern,441473,megawatthours
2024-02-15,NY,New York,DF,Day-ahead demand forecast,Eastern,Eastern,427442,megawatthours
2024-02-15,NY,New York,NG,Net generation,Eastern,Eastern,376165,megawatthours
2024-02-15,NY,New York,TI,Total interchange,Eastern,Eastern,-65308,megawatthours
2024-02-14,NY,New York,D,Demand,Eastern,Eastern,436800,megawatthours
2024-02-14,NY,New York,DF,Day-ahead demand forecast,Eastern,Eastern,416108,megawatthours
2024-02-14,NY,New York,NG,Net generation,Eastern,Eastern,375502,megawatthours
2024-02-14,NY,New York,TI,Total interchange,Eastern,Eastern,-61298,megawatthours
2024-02-13,NY,New York,D,Demand,Eastern,Eastern,427326,megawatthours
2024-02-13,NY,New York,DF,Day-ahead demand forecast,Eastern,Eastern,413986,megawatthours
2024-02-13,NY,New York,NG,Net generation,Eastern,Eastern,365571,megawatthours
2024-02-13,NY,New York,TI,Total interchange,Eastern,Eastern,-61755,megawatthours
2024-02-12,NY,New York,D,Demand,Eastern,Eastern,408515,megawatthours
2024-02-12,NY,New York,DF,Day-ahead demand forecast,Eastern,Eastern,389563,megawatthours
2024-02-12,NY,New York,NG,Net generation,Eastern,Eastern,364174,megawatthours
2024-02-12,NY,New York,TI,Total interchange,Eastern,Eastern,-44341,megawatthours
2024-02-11,NY,New York,D,Demand,Eastern,Eastern,375216,megawatthours
2024-02-11,NY,New York,DF,Day-ahead demand forecast,Eastern,Eastern,364826,megawatthours
2024-02-11,NY,New York,NG,Net generation,Eastern,Eastern,327327,megawatthours
2024-02-11,NY,New York,TI,Total interchange,Eastern,Eastern,-47889,megawatthours
2024-02-10,NY,New York,D,Demand,Eastern,Eastern,366403,megawatthours
2024-02-10,NY,New York,DF,Day-ahead demand forecast,Eastern,Eastern,366176,megawatthours
2024-02-10,NY,New York,NG,Net generation,Eastern,Eastern,331993,megawatthours
2024-02-10,NY,New York,TI,Total interchange,Eastern,Eastern,-34410,megawatthours
2024-02-09,NY,New York,D,Demand,Eastern,Eastern,390065,megawatthours
2024-02-09,NY,New York,DF,Day-ahead demand forecast,Eastern,Eastern,388745,megawatthours
2024-02-09,NY,New York,NG,Net generation,Eastern,Eastern,361903,megawatthours
2024-02-09,NY,New York,TI,Total interchange,Eastern,Eastern,-28162,megawatthours
2024-02-08,NY,New York,D,Demand,Eastern,Eastern,403921,megawatthours
2024-02-08,NY,New York,DF,Day-ahead demand forecast,Eastern,Eastern,400508,megawatthours
2024-02-08,NY,New York,NG,Net generation,Eastern,Eastern,355442,megawatthours
2024-02-08,NY,New York,TI,Total interchange,Eastern,Eastern,-48479,megawatthours
2024-02-07,NY,New York,D,Demand,Eastern,Eastern,419883,megawatthours
2024-02-07,NY,New York,DF,Day-ahead demand forecast,Eastern,Eastern,405311,megawatthours
2024-02-07,NY,New York,NG,Net generation,Eastern,Eastern,361841,megawatthours
2024-02-07,NY,New York,TI,Total interchange,Eastern,Eastern,-58042,megawatthours
2024-02-06,NY,New York,D,Demand,Eastern,Eastern,423078,megawatthours
2024-02-06,NY,New York,DF,Day-ahead demand forecast,Eastern,Eastern,411433,megawatthours
2024-02-06,NY,New York,NG,Net generation,Eastern,Eastern,373418,megawatthours
2024-02-06,NY,New York,TI,Total interchange,Eastern,Eastern,-49660,megawatthours
2024-02-05,NY,New York,D,Demand,Eastern,Eastern,418621,megawatthours
2024-02-05,NY,New York,DF,Day-ahead demand forecast,Eastern,Eastern,410779,megawatthours
2024-02-05,NY,New York,NG,Net generation,Eastern,Eastern,373455,megawatthours
2024-02-05,NY,New York,TI,Total interchange,Eastern,Eastern,-45166,megawatthours
2024-02-04,NY,New York,D,Demand,Eastern,Eastern,388873,megawatthours
2024-02-04,NY,New York,DF,Day-ahead demand forecast,Eastern,Eastern,383142,megawatthours
2024-02-04,NY,New York,NG,Net generation,Eastern,Eastern,344252,megawatthours
2024-02-04,NY,New York,TI,Total interchange,Eastern,Eastern,-44621,megawatthours
2024-02-03,NY,New York,D,Demand,Eastern,Eastern,394338,megawatthours
2024-02-03,NY,New York,DF,Day-ahead demand forecast,Eastern,Eastern,387315,megawatthours
2024-02-03,NY,New York,NG,Net generation,Eastern,Eastern,349894,megawatthours
2024-02-03,NY,New York,TI,Total interchange,Eastern,Eastern,-44444,megawatthours
2024-02-02,NY,New York,D,Demand,Eastern,Eastern,422726,megawatthours
2024-02-02,NY,New York,DF,Day-ahead demand forecast,Eastern,Eastern,411455,megawatthours
2024-02-02,NY,New York,NG,Net generation,Eastern,Eastern,374321,megawatthours
2024-02-02,NY,New York,TI,Total interchange,Eastern,Eastern,-48405,megawatthours
2024-02-01,NY,New York,D,Demand,Eastern,Eastern,427766,megawatthours
2024-02-01,NY,New York,DF,Day-ahead demand forecast,Eastern,Eastern,418144,megawatthours
2024-02-01,NY,New York,NG,Net generation,Eastern,Eastern,385027,megawatthours
2024-02-01,NY,New York,TI,Total interchange,Eastern,Eastern,-42739,megawatthours
2024-01-31,NY,New York,D,Demand,Eastern,Eastern,435711,megawatthours
2024-01-31,NY,New York,DF,Day-ahead demand forecast,Eastern,Eastern,422990,megawatthours
2024-01-31,NY,New York,NG,Net generation,Eastern,Eastern,372244,megawatthours
2024-01-31,NY,New York,TI,Total interchange,Eastern,Eastern,-63467,megawatthours
2024-01-30,NY,New York,D,Demand,Eastern,Eastern,442912,megawatthours
2024-01-30,NY,New York,DF,Day-ahead demand forecast,Eastern,Eastern,427503,megawatthours
2024-01-30,NY,New York,NG,Net generation,Eastern,Eastern,375846,megawatthours
2024-01-30,NY,New York,TI,Total interchange,Eastern,Eastern,-67066,megawatthours
2024-01-29,NY,New York,D,Demand,Eastern,Eastern,438516,megawatthours
2024-01-29,NY,New York,DF,Day-ahead demand forecast,Eastern,Eastern,419654,megawatthours
2024-01-29,NY,New York,NG,Net generation,Eastern,Eastern,369199,megawatthours
2024-01-29,NY,New York,TI,Total interchange,Eastern,Eastern,-69317,megawatthours
2024-01-28,NY,New York,D,Demand,Eastern,Eastern,404502,megawatthours
2024-01-28,NY,New York,DF,Day-ahead demand forecast,Eastern,Eastern,388882,megawatthours
2024-01-28,NY,New York,NG,Net generation,Eastern,Eastern,345418,megawatthours
2024-01-28,NY,New York,TI,Total interchange,Eastern,Eastern,-59084,megawatthours
2024-01-27,NY,New York,D,Demand,Eastern,Eastern,391839,megawatthours
2024-01-27,NY,New York,DF,Day-ahead demand forecast,Eastern,Eastern,382026,megawatthours
2024-01-27,NY,New York,NG,Net generation,Eastern,Eastern,350397,megawatthours
2024-01-27,NY,New York,TI,Total interchange,Eastern,Eastern,-41442,megawatthours
2024-01-26,NY,New York,D,Demand,Eastern,Eastern,415228,megawatthours
2024-01-26,NY,New York,DF,Day-ahead demand forecast,Eastern,Eastern,403353,megawatthours
2024-01-26,NY,New York,NG,Net generation,Eastern,Eastern,374223,megawatthours
2024-01-26,NY,New York,TI,Total interchange,Eastern,Eastern,-41005,megawatthours
2024-01-25,NY,New York,D,Demand,Eastern,Eastern,411051,megawatthours
2024-01-25,NY,New York,DF,Day-ahead demand forecast,Eastern,Eastern,406403,megawatthours
2024-01-25,NY,New York,NG,Net generation,Eastern,Eastern,378112,megawatthours
2024-01-25,NY,New York,TI,Total interchange,Eastern,Eastern,-32939,megawatthours
2024-01-24,NY,New York,D,Demand,Eastern,Eastern,434340,megawatthours
2024-01-24,NY,New York,DF,Day-ahead demand forecast,Eastern,Eastern,424651,megawatthours
2024-01-24,NY,New York,NG,Net generation,Eastern,Eastern,388659,megawatthours
2024-01-24,NY,New York,TI,Total interchange,Eastern,Eastern,-45681,megawatthours
2024-01-23,NY,New York,D,Demand,Eastern,Eastern,446742,megawatthours
2024-01-23,NY,New York,DF,Day-ahead demand forecast,Eastern,Eastern,438237,megawatthours
2024-01-23,NY,New York,NG,Net generation,Eastern,Eastern,353496,megawatthours
2024-01-23,NY,New York,TI,Total interchange,Eastern,Eastern,-93246,megawatthours
2024-01-22,NY,New York,D,Demand,Eastern,Eastern,468156,megawatthours
2024-01-22,NY,New York,DF,Day-ahead demand forecast,Eastern,Eastern,451638,megawatthours
2024-01-22,NY,New York,NG,Net generation,Eastern,Eastern,383328,megawatthours
2024-01-22,NY,New York,TI,Total interchange,Eastern,Eastern,-84828,megawatthours
2024-01-21,NY,New York,D,Demand,Eastern,Eastern,463436,megawatthours
2024-01-21,NY,New York,DF,Day-ahead demand forecast,Eastern,Eastern,427401,megawatthours
2024-01-21,NY,New York,NG,Net generation,Eastern,Eastern,355405,megawatthours
2024-01-21,NY,New York,TI,Total interchange,Eastern,Eastern,-108031,megawatthours
2024-01-20,NY,New York,D,Demand,Eastern,Eastern,473397,megawatthours
2024-01-20,NY,New York,DF,Day-ahead demand forecast,Eastern,Eastern,445683,megawatthours
2024-01-20,NY,New York,NG,Net generation,Eastern,Eastern,374244,megawatthours
2024-01-20,NY,New York,TI,Total interchange,Eastern,Eastern,-99153,megawatthours
2024-01-19,NY,New York,D,Demand,Eastern,Eastern,475271,megawatthours
2024-01-19,NY,New York,DF,Day-ahead demand forecast,Eastern,Eastern,453725,megawatthours
2024-01-19,NY,New York,NG,Net generation,Eastern,Eastern,361106,megawatthours
2024-01-19,NY,New York,TI,Total interchange,Eastern,Eastern,-114165,megawatthours
2024-01-18,NY,New York,D,Demand,Eastern,Eastern,483811,megawatthours
2024-01-18,NY,New York,DF,Day-ahead demand forecast,Eastern,Eastern,458182,megawatthours
2024-01-18,NY,New York,NG,Net generation,Eastern,Eastern,387660,megawatthours
2024-01-18,NY,New York,TI,Total interchange,Eastern,Eastern,-96151,megawatthours
2024-01-17,NY,New York,D,Demand,Eastern,Eastern,461496,megawatthours
2024-01-17,NY,New York,DF,Day-ahead demand forecast,Eastern,Eastern,460369,megawatthours
2024-01-17,NY,New York,NG,Net generation,Eastern,Eastern,386254,megawatthours
2024-01-17,NY,New York,TI,Total interchange,Eastern,Eastern,-93506,megawatthours
2024-01-16,NY,New York,D,Demand,Eastern,Eastern,470943,megawatthours
2024-01-16,NY,New York,DF,Day-ahead demand forecast,Eastern,Eastern,451489,megawatthours
2024-01-16,NY,New York,NG,Net generation,Eastern,Eastern,362588,megawatthours
2024-01-16,NY,New York,TI,Total interchange,Eastern,Eastern,-108355,megawatthours
2024-01-15,NY,New York,D,Demand,Eastern,Eastern,450200,megawatthours
2024-01-15,NY,New York,DF,Day-ahead demand forecast,Eastern,Eastern,435237,megawatthours
2024-01-15,NY,New York,NG,Net generation,Eastern,Eastern,353305,megawatthours
2024-01-15,NY,New York,TI,Total interchange,Eastern,Eastern,-96895,megawatthours
2024-01-14,NY,New York,D,Demand,Eastern,Eastern,411754,megawatthours
2024-01-14,NY,New York,DF,Day-ahead demand forecast,Eastern,Eastern,395100,megawatthours
2024-01-14,NY,New York,NG,Net generation,Eastern,Eastern,349351,megawatthours
2024-01-14,NY,New York,TI,Total interchange,Eastern,Eastern,-62403,megawatthours
2024-01-13,NY,New York,D,Demand,Eastern,Eastern,389538,megawatthours
2024-01-13,NY,New York,DF,Day-ahead demand forecast,Eastern,Eastern,377400,megawatthours
2024-01-13,NY,New York,NG,Net generation,Eastern,Eastern,350371,megawatthours
2024-01-13,NY,New York,TI,Total interchange,Eastern,Eastern,-39167,megawatthours
2024-01-12,NY,New York,D,Demand,Eastern,Eastern,406979,megawatthours
2024-01-12,NY,New York,DF,Day-ahead demand forecast,Eastern,Eastern,402260,megawatthours
2024-01-12,NY,New York,NG,Net generation,Eastern,Eastern,370003,megawatthours
2024-01-12,NY,New York,TI,Total interchange,Eastern,Eastern,-36976,megawatthours
2024-01-11,NY,New York,D,Demand,Eastern,Eastern,416354,megawatthours
2024-01-11,NY,New York,DF,Day-ahead demand forecast,Eastern,Eastern,410398,megawatthours
2024-01-11,NY,New York,NG,Net generation,Eastern,Eastern,372138,megawatthours
2024-01-11,NY,New York,TI,Total interchange,Eastern,Eastern,-44216,megawatthours
2024-01-10,NY,New York,D,Demand,Eastern,Eastern,410623,megawatthours
2024-01-10,NY,New York,DF,Day-ahead demand forecast,Eastern,Eastern,405474,megawatthours
2024-01-10,NY,New York,NG,Net generation,Eastern,Eastern,374139,megawatthours
2024-01-10,NY,New York,TI,Total interchange,Eastern,Eastern,-36484,megawatthours
2024-01-09,NY,New York,D,Demand,Eastern,Eastern,435703,megawatthours
2024-01-09,NY,New York,DF,Day-ahead demand forecast,Eastern,Eastern,427971,megawatthours
2024-01-09,NY,New York,NG,Net generation,Eastern,Eastern,398184,megawatthours
2024-01-09,NY,New York,TI,Total interchange,Eastern,Eastern,-37519,megawatthours
2024-01-08,NY,New York,D,Demand,Eastern,Eastern,429591,megawatthours
2024-01-08,NY,New York,DF,Day-ahead demand forecast,Eastern,Eastern,424644,megawatthours
2024-01-08,NY,New York,NG,Net generation,Eastern,Eastern,382976,megawatthours
2024-01-08,NY,New York,TI,Total interchange,Eastern,Eastern,-46615,megawatthours
2024-01-07,NY,New York,D,Demand,Eastern,Eastern,418058,megawatthours
2024-01-07,NY,New York,DF,Day-ahead demand forecast,Eastern,Eastern,401313,megawatthours
2024-01-07,NY,New York,NG,Net generation,Eastern,Eastern,369224,megawatthours
2024-01-07,NY,New York,TI,Total interchange,Eastern,Eastern,-48834,megawatthours
2024-01-06,NY,New York,D,Demand,Eastern,Eastern,426204,megawatthours
2024-01-06,NY,New York,DF,Day-ahead demand forecast,Eastern,Eastern,407010,megawatthours
2024-01-06,NY,New York,NG,Net generation,Eastern,Eastern,370643,megawatthours
2024-01-06,NY,New York,TI,Total interchange,Eastern,Eastern,-55561,megawatthours
2024-01-05,NY,New York,D,Demand,Eastern,Eastern,443452,megawatthours
2024-01-05,NY,New York,DF,Day-ahead demand forecast,Eastern,Eastern,419105,megawatthours
2024-01-05,NY,New York,NG,Net generation,Eastern,Eastern,372259,megawatthours
2024-01-05,NY,New York,TI,Total interchange,Eastern,Eastern,-71193,megawatthours
2024-01-04,NY,New York,D,Demand,Eastern,Eastern,430238,megawatthours
2024-01-04,NY,New York,DF,Day-ahead demand forecast,Eastern,Eastern,417372,megawatthours
2024-01-04,NY,New York,NG,Net generation,Eastern,Eastern,383269,megawatthours
2024-01-04,NY,New York,TI,Total interchange,Eastern,Eastern,-46969,megawatthours
2024-01-03,NY,New York,D,Demand,Eastern,Eastern,427709,megawatthours
2024-01-03,NY,New York,DF,Day-ahead demand forecast,Eastern,Eastern,409869,megawatthours
2024-01-03,NY,New York,NG,Net generation,Eastern,Eastern,381307,megawatthours
2024-01-03,NY,New York,TI,Total interchange,Eastern,Eastern,-46402,megawatthours
2024-01-02,NY,New York,D,Demand,Eastern,Eastern,423513,megawatthours
2024-01-02,NY,New York,DF,Day-ahead demand forecast,Eastern,Eastern,402574,megawatthours
2024-01-02,NY,New York,NG,Net generation,Eastern,Eastern,375143,megawatthours
2024-01-02,NY,New York,TI,Total interchange,Eastern,Eastern,-48370,megawatthours
2024-01-01,NY,New York,D,Demand,Eastern,Eastern,387760,megawatthours
2024-01-01,NY,New York,DF,Day-ahead demand forecast,Eastern,Eastern,372508,megawatthours
2024-01-01,NY,New York,NG,Net generation,Eastern,Eastern,345320,megawatthours
2024-01-01,NY,New York,TI,Total interchange,Eastern,Eastern,-42440,megawatthours
2023-12-31,NY,New York,D,Demand,Eastern,Eastern,390049,megawatthours
2023-12-31,NY,New York,DF,Day-ahead demand forecast,Eastern,Eastern,371715,megawatthours
2023-12-31,NY,New York,NG,Net generation,Eastern,Eastern,340396,megawatthours
2023-12-31,NY,New York,TI,Total interchange,Eastern,Eastern,-49653,megawatthours
2023-12-30,NY,New York,D,Demand,Eastern,Eastern,382382,megawatthours
2023-12-30,NY,New York,DF,Day-ahead demand forecast,Eastern,Eastern,370998,megawatthours
2023-12-30,NY,New York,NG,Net generation,Eastern,Eastern,347461,megawatthours
2023-12-30,NY,New York,TI,Total interchange,Eastern,Eastern,-34921,megawatthours
2023-12-29,NY,New York,D,Demand,Eastern,Eastern,384132,megawatthours
2023-12-29,NY,New York,DF,Day-ahead demand forecast,Eastern,Eastern,379977,megawatthours
2023-12-29,NY,New York,NG,Net generation,Eastern,Eastern,346523,megawatthours
2023-12-29,NY,New York,TI,Total interchange,Eastern,Eastern,-37609,megawatthours
2023-12-28,NY,New York,D,Demand,Eastern,Eastern,389848,megawatthours
2023-12-28,NY,New York,DF,Day-ahead demand forecast,Eastern,Eastern,380676,megawatthours
2023-12-28,NY,New York,NG,Net generation,Eastern,Eastern,341393,megawatthours
2023-12-28,NY,New York,TI,Total interchange,Eastern,Eastern,-48455,megawatthours
2023-12-27,NY,New York,D,Demand,Eastern,Eastern,394055,megawatthours
2023-12-27,NY,New York,DF,Day-ahead demand forecast,Eastern,Eastern,388754,megawatthours
2023-12-27,NY,New York,NG,Net generation,Eastern,Eastern,348874,megawatthours
2023-12-27,NY,New York,TI,Total interchange,Eastern,Eastern,-45181,megawatthours
2023-12-26,NY,New York,D,Demand,Eastern,Eastern,391138,megawatthours
2023-12-26,NY,New York,DF,Day-ahead demand forecast,Eastern,Eastern,378737,megawatthours
2023-12-26,NY,New York,NG,Net generation,Eastern,Eastern,339546,megawatthours
2023-12-26,NY,New York,TI,Total interchange,Eastern,Eastern,-51592,megawatthours
2023-12-25,NY,New York,D,Demand,Eastern,Eastern,360649,megawatthours
2023-12-25,NY,New York,DF,Day-ahead demand forecast,Eastern,Eastern,359239,megawatthours
2023-12-25,NY,New York,NG,Net generation,Eastern,Eastern,311080,megawatthours
2023-12-25,NY,New York,TI,Total interchange,Eastern,Eastern,-49569,megawatthours
2023-12-24,NY,New York,D,Demand,Eastern,Eastern,384835,megawatthours
2023-12-24,NY,New York,DF,Day-ahead demand forecast,Eastern,Eastern,381143,megawatthours
2023-12-24,NY,New York,NG,Net generation,Eastern,Eastern,332465,megawatthours
2023-12-24,NY,New York,TI,Total interchange,Eastern,Eastern,-52370,megawatthours
2023-12-23,NY,New York,D,Demand,Eastern,Eastern,411441,megawatthours
2023-12-23,NY,New York,DF,Day-ahead demand forecast,Eastern,Eastern,401626,megawatthours
2023-12-23,NY,New York,NG,Net generation,Eastern,Eastern,359380,megawatthours
2023-12-23,NY,New York,TI,Total interchange,Eastern,Eastern,-52061,megawatthours
2023-12-22,NY,New York,D,Demand,Eastern,Eastern,436126,megawatthours
2023-12-22,NY,New York,DF,Day-ahead demand forecast,Eastern,Eastern,423794,megawatthours
2023-12-22,NY,New York,NG,Net generation,Eastern,Eastern,371212,megawatthours
2023-12-22,NY,New York,TI,Total interchange,Eastern,Eastern,-64914,megawatthours
2023-12-21,NY,New York,D,Demand,Eastern,Eastern,429908,megawatthours
2023-12-21,NY,New York,DF,Day-ahead demand forecast,Eastern,Eastern,418329,megawatthours
2023-12-21,NY,New York,NG,Net generation,Eastern,Eastern,351233,megawatthours
2023-12-21,NY,New York,TI,Total interchange,Eastern,Eastern,-78675,megawatthours
2023-12-20,NY,New York,D,Demand,Eastern,Eastern,435155,megawatthours
2023-12-20,NY,New York,DF,Day-ahead demand forecast,Eastern,Eastern,410575,megawatthours
2023-12-20,NY,New York,NG,Net generation,Eastern,Eastern,366812,megawatthours
2023-12-20,NY,New York,TI,Total interchange,Eastern,Eastern,-68343,megawatthours
2023-12-19,NY,New York,D,Demand,Eastern,Eastern,428070,megawatthours
2023-12-19,NY,New York,DF,Day-ahead demand forecast,Eastern,Eastern,412236,megawatthours
2023-12-19,NY,New York,NG,Net generation,Eastern,Eastern,383431,megawatthours
2023-12-19,NY,New York,TI,Total interchange,Eastern,Eastern,-44639,megawatthours
2023-12-18,NY,New York,D,Demand,Eastern,Eastern,403894,megawatthours
2023-12-18,NY,New York,DF,Day-ahead demand forecast,Eastern,Eastern,394904,megawatthours
2023-12-18,NY,New York,NG,Net generation,Eastern,Eastern,352025,megawatthours
2023-12-18,NY,New York,TI,Total interchange,Eastern,Eastern,-51869,megawatthours
2023-12-17,NY,New York,D,Demand,Eastern,Eastern,380944,megawatthours
2023-12-17,NY,New York,DF,Day-ahead demand forecast,Eastern,Eastern,368580,megawatthours
2023-12-17,NY,New York,NG,Net generation,Eastern,Eastern,326831,megawatthours
2023-12-17,NY,New York,TI,Total interchange,Eastern,Eastern,-54113,megawatthours
2023-12-16,NY,New York,D,Demand,Eastern,Eastern,376701,megawatthours
2023-12-16,NY,New York,DF,Day-ahead demand forecast,Eastern,Eastern,377327,megawatthours
2023-12-16,NY,New York,NG,Net generation,Eastern,Eastern,315279,megawatthours
2023-12-16,NY,New York,TI,Total interchange,Eastern,Eastern,-61422,megawatthours
2023-12-15,NY,New York,D,Demand,Eastern,Eastern,406664,megawatthours
2023-12-15,NY,New York,DF,Day-ahead demand forecast,Eastern,Eastern,398513,megawatthours
2023-12-15,NY,New York,NG,Net generation,Eastern,Eastern,353657,megawatthours
2023-12-15,NY,New York,TI,Total interchange,Eastern,Eastern,-53007,megawatthours
2023-12-14,NY,New York,D,Demand,Eastern,Eastern,429718,megawatthours
2023-12-14,NY,New York,DF,Day-ahead demand forecast,Eastern,Eastern,418513,megawatthours
2023-12-14,NY,New York,NG,Net generation,Eastern,Eastern,367438,megawatthours
2023-12-14,NY,New York,TI,Total interchange,Eastern,Eastern,-62280,megawatthours
2023-12-13,NY,New York,D,Demand,Eastern,Eastern,422306,megawatthours
2023-12-13,NY,New York,DF,Day-ahead demand forecast,Eastern,Eastern,414902,megawatthours
2023-12-13,NY,New York,NG,Net generation,Eastern,Eastern,371927,megawatthours
2023-12-13,NY,New York,TI,Total interchange,Eastern,Eastern,-50379,megawatthours
2023-12-12,NY,New York,D,Demand,Eastern,Eastern,416767,megawatthours
2023-12-12,NY,New York,DF,Day-ahead demand forecast,Eastern,Eastern,405481,megawatthours
2023-12-12,NY,New York,NG,Net generation,Eastern,Eastern,368665,megawatthours
2023-12-12,NY,New York,TI,Total interchange,Eastern,Eastern,-48102,megawatthours
2023-12-11,NY,New York,D,Demand,Eastern,Eastern,419515,megawatthours
2023-12-11,NY,New York,DF,Day-ahead demand forecast,Eastern,Eastern,399663,megawatthours
2023-12-11,NY,New York,NG,Net generation,Eastern,Eastern,365691,megawatthours
2023-12-11,NY,New York,TI,Total interchange,Eastern,Eastern,-53824,megawatthours
2023-12-10,NY,New York,D,Demand,Eastern,Eastern,376182,megawatthours
2023-12-10,NY,New York,DF,Day-ahead demand forecast,Eastern,Eastern,364277,megawatthours
2023-12-10,NY,New York,NG,Net generation,Eastern,Eastern,321804,megawatthours
2023-12-10,NY,New York,TI,Total interchange,Eastern,Eastern,-54378,megawatthours
2023-12-09,NY,New York,D,Demand,Eastern,Eastern,373711,megawatthours
2023-12-09,NY,New York,DF,Day-ahead demand forecast,Eastern,Eastern,376996,megawatthours
2023-12-09,NY,New York,NG,Net generation,Eastern,Eastern,332056,megawatthours
2023-12-09,NY,New York,TI,Total interchange,Eastern,Eastern,-41655,megawatthours
2023-12-08,NY,New York,D,Demand,Eastern,Eastern,412205,megawatthours
2023-12-08,NY,New York,DF,Day-ahead demand forecast,Eastern,Eastern,410690,megawatthours
2023-12-08,NY,New York,NG,Net generation,Eastern,Eastern,343953,megawatthours
2023-12-08,NY,New York,TI,Total interchange,Eastern,Eastern,-68252,megawatthours
2023-12-07,NY,New York,D,Demand,Eastern,Eastern,442171,megawatthours
2023-12-07,NY,New York,DF,Day-ahead demand forecast,Eastern,Eastern,426880,megawatthours
2023-12-07,NY,New York,NG,Net generation,Eastern,Eastern,371967,megawatthours
2023-12-07,NY,New York,TI,Total interchange,Eastern,Eastern,-70204,megawatthours
2023-12-06,NY,New York,D,Demand,Eastern,Eastern,431962,megawatthours
2023-12-06,NY,New York,DF,Day-ahead demand forecast,Eastern,Eastern,417511,megawatthours
2023-12-06,NY,New York,NG,Net generation,Eastern,Eastern,371142,megawatthours
2023-12-06,NY,New York,TI,Total interchange,Eastern,Eastern,-60820,megawatthours
2023-12-05,NY,New York,D,Demand,Eastern,Eastern,420938,megawatthours
2023-12-05,NY,New York,DF,Day-ahead demand forecast,Eastern,Eastern,407225,megawatthours
2023-12-05,NY,New York,NG,Net generation,Eastern,Eastern,367469,megawatthours
2023-12-05,NY,New York,TI,Total interchange,Eastern,Eastern,-53469,megawatthours
2023-12-04,NY,New York,D,Demand,Eastern,Eastern,403910,megawatthours
2023-12-04,NY,New York,DF,Day-ahead demand forecast,Eastern,Eastern,393724,megawatthours
2023-12-04,NY,New York,NG,Net generation,Eastern,Eastern,359834,megawatthours
2023-12-04,NY,New York,TI,Total interchange,Eastern,Eastern,-44076,megawatthours
2023-12-03,NY,New York,D,Demand,Eastern,Eastern,381390,megawatthours
2023-12-03,NY,New York,DF,Day-ahead demand forecast,Eastern,Eastern,368378,megawatthours
2023-12-03,NY,New York,NG,Net generation,Eastern,Eastern,347631,megawatthours
2023-12-03,NY,New York,TI,Total interchange,Eastern,Eastern,-33759,megawatthours
2023-12-02,NY,New York,D,Demand,Eastern,Eastern,378264,megawatthours
2023-12-02,NY,New York,DF,Day-ahead demand forecast,Eastern,Eastern,371295,megawatthours
2023-12-02,NY,New York,NG,Net generation,Eastern,Eastern,338943,megawatthours
2023-12-02,NY,New York,TI,Total interchange,Eastern,Eastern,-39321,megawatthours
2023-12-01,NY,New York,D,Demand,Eastern,Eastern,410305,megawatthours
2023-12-01,NY,New York,DF,Day-ahead demand forecast,Eastern,Eastern,401173,megawatthours
2023-12-01,NY,New York,NG,Net generation,Eastern,Eastern,373991,megawatthours
2023-12-01,NY,New York,TI,Total interchange,Eastern,Eastern,-36314,megawatthours
2023-11-30,NY,New York,D,Demand,Eastern,Eastern,414521,megawatthours
2023-11-30,NY,New York,DF,Day-ahead demand forecast,Eastern,Eastern,406653,megawatthours
2023-11-30,NY,New York,NG,Net generation,Eastern,Eastern,371398,megawatthours
2023-11-30,NY,New York,TI,Total interchange,Eastern,Eastern,-43123,megawatthours
2023-11-29,NY,New York,D,Demand,Eastern,Eastern,441816,megawatthours
2023-11-29,NY,New York,DF,Day-ahead demand forecast,Eastern,Eastern,420911,megawatthours
2023-11-29,NY,New York,NG,Net generation,Eastern,Eastern,391312,megawatthours
2023-11-29,NY,New York,TI,Total interchange,Eastern,Eastern,-50504,megawatthours
2023-11-28,NY,New York,D,Demand,Eastern,Eastern,431182,megawatthours
2023-11-28,NY,New York,DF,Day-ahead demand forecast,Eastern,Eastern,415579,megawatthours
2023-11-28,NY,New York,NG,Net generation,Eastern,Eastern,395624,megawatthours
2023-11-28,NY,New York,TI,Total interchange,Eastern,Eastern,-35558,megawatthours
2023-11-27,NY,New York,D,Demand,Eastern,Eastern,402302,megawatthours
2023-11-27,NY,New York,DF,Day-ahead demand forecast,Eastern,Eastern,396434,megawatthours
2023-11-27,NY,New York,NG,Net generation,Eastern,Eastern,363214,megawatthours
2023-11-27,NY,New York,TI,Total interchange,Eastern,Eastern,-39088,megawatthours
2023-11-26,NY,New York,D,Demand,Eastern,Eastern,381840,megawatthours
2023-11-26,NY,New York,DF,Day-ahead demand forecast,Eastern,Eastern,375760,megawatthours
2023-11-26,NY,New York,NG,Net generation,Eastern,Eastern,340867,megawatthours
2023-11-26,NY,New York,TI,Total interchange,Eastern,Eastern,-40973,megawatthours
2023-11-25,NY,New York,D,Demand,Eastern,Eastern,385287,megawatthours
2023-11-25,NY,New York,DF,Day-ahead demand forecast,Eastern,Eastern,372387,megawatthours
2023-11-25,NY,New York,NG,Net generation,Eastern,Eastern,337624,megawatthours
2023-11-25,NY,New York,TI,Total interchange,Eastern,Eastern,-47663,megawatthours
2023-11-24,NY,New York,D,Demand,Eastern,Eastern,374717,megawatthours
2023-11-24,NY,New York,DF,Day-ahead demand forecast,Eastern,Eastern,362736,megawatthours
2023-11-24,NY,New York,NG,Net generation,Eastern,Eastern,333464,megawatthours
2023-11-24,NY,New York,TI,Total interchange,Eastern,Eastern,-41253,megawatthours
2023-11-23,NY,New York,D,Demand,Eastern,Eastern,357208,megawatthours
2023-11-23,NY,New York,DF,Day-ahead demand forecast,Eastern,Eastern,338320,megawatthours
2023-11-23,NY,New York,NG,Net generation,Eastern,Eastern,305960,megawatthours
2023-11-23,NY,New York,TI,Total interchange,Eastern,Eastern,-51248,megawatthours
2023-11-22,NY,New York,D,Demand,Eastern,Eastern,399455,megawatthours
2023-11-22,NY,New York,DF,Day-ahead demand forecast,Eastern,Eastern,388199,megawatthours
2023-11-22,NY,New York,NG,Net generation,Eastern,Eastern,364493,megawatthours
2023-11-22,NY,New York,TI,Total interchange,Eastern,Eastern,-34962,megawatthours
2023-11-21,NY,New York,D,Demand,Eastern,Eastern,422208,megawatthours
2023-11-21,NY,New York,DF,Day-ahead demand forecast,Eastern,Eastern,405394,megawatthours
2023-11-21,NY,New York,NG,Net generation,Eastern,Eastern,392416,megawatthours
2023-11-21,NY,New York,TI,Total interchange,Eastern,Eastern,-29792,megawatthours
2023-11-20,NY,New York,D,Demand,Eastern,Eastern,398738,megawatthours
2023-11-20,NY,New York,DF,Day-ahead demand forecast,Eastern,Eastern,388158,megawatthours
2023-11-20,NY,New York,NG,Net generation,Eastern,Eastern,357327,megawatthours
2023-11-20,NY,New York,TI,Total interchange,Eastern,Eastern,-41411,megawatthours
2023-11-19,NY,New York,D,Demand,Eastern,Eastern,361956,megawatthours
2023-11-19,NY,New York,DF,Day-ahead demand forecast,Eastern,Eastern,351043,megawatthours
2023-11-19,NY,New York,NG,Net generation,Eastern,Eastern,334649,megawatthours
2023-11-19,NY,New York,TI,Total interchange,Eastern,Eastern,-27307,megawatthours
2023-11-18,NY,New York,D,Demand,Eastern,Eastern,353161,megawatthours
2023-11-18,NY,New York,DF,Day-ahead demand forecast,Eastern,Eastern,348268,megawatthours
2023-11-18,NY,New York,NG,Net generation,Eastern,Eastern,305635,megawatthours
2023-11-18,NY,New York,TI,Total interchange,Eastern,Eastern,-47526,megawatthours
2023-11-17,NY,New York,D,Demand,Eastern,Eastern,376382,megawatthours
2023-11-17,NY,New York,DF,Day-ahead demand forecast,Eastern,Eastern,369807,megawatthours
2023-11-17,NY,New York,NG,Net generation,Eastern,Eastern,339635,megawatthours
2023-11-17,NY,New York,TI,Total interchange,Eastern,Eastern,-36747,megawatthours
2023-11-16,NY,New York,D,Demand,Eastern,Eastern,379487,megawatthours
2023-11-16,NY,New York,DF,Day-ahead demand forecast,Eastern,Eastern,371246,megawatthours
2023-11-16,NY,New York,NG,Net generation,Eastern,Eastern,346369,megawatthours
2023-11-16,NY,New York,TI,Total interchange,Eastern,Eastern,-33118,megawatthours
2023-11-15,NY,New York,D,Demand,Eastern,Eastern,390690,megawatthours
2023-11-15,NY,New York,DF,Day-ahead demand forecast,Eastern,Eastern,385883,megawatthours
2023-11-15,NY,New York,NG,Net generation,Eastern,Eastern,357697,megawatthours
2023-11-15,NY,New York,TI,Total interchange,Eastern,Eastern,-32993,megawatthours
2023-11-14,NY,New York,D,Demand,Eastern,Eastern,397633,megawatthours
2023-11-14,NY,New York,DF,Day-ahead demand forecast,Eastern,Eastern,390742,megawatthours
2023-11-14,NY,New York,NG,Net generation,Eastern,Eastern,371646,megawatthours
2023-11-14,NY,New York,TI,Total interchange,Eastern,Eastern,-25987,megawatthours
2023-11-13,NY,New York,D,Demand,Eastern,Eastern,402867,megawatthours
2023-11-13,NY,New York,DF,Day-ahead demand forecast,Eastern,Eastern,390660,megawatthours
2023-11-13,NY,New York,NG,Net generation,Eastern,Eastern,369713,megawatthours
2023-11-13,NY,New York,TI,Total interchange,Eastern,Eastern,-33154,megawatthours
2023-11-12,NY,New York,D,Demand,Eastern,Eastern,369083,megawatthours
2023-11-12,NY,New York,DF,Day-ahead demand forecast,Eastern,Eastern,357255,megawatthours
2023-11-12,NY,New York,NG,Net generation,Eastern,Eastern,345513,megawatthours
2023-11-12,NY,New York,TI,Total interchange,Eastern,Eastern,-23570,megawatthours
2023-11-11,NY,New York,D,Demand,Eastern,Eastern,363503,megawatthours
2023-11-11,NY,New York,DF,Day-ahead demand forecast,Eastern,Eastern,352557,megawatthours
2023-11-11,NY,New York,NG,Net generation,Eastern,Eastern,343022,megawatthours
2023-11-11,NY,New York,TI,Total interchange,Eastern,Eastern,-20481,megawatthours
2023-11-10,NY,New York,D,Demand,Eastern,Eastern,386341,megawatthours
2023-11-10,NY,New York,DF,Day-ahead demand forecast,Eastern,Eastern,373202,megawatthours
2023-11-10,NY,New York,NG,Net generation,Eastern,Eastern,362924,megawatthours
2023-11-10,NY,New York,TI,Total interchange,Eastern,Eastern,-23417,megawatthours
2023-11-09,NY,New York,D,Demand,Eastern,Eastern,393383,megawatthours
2023-11-09,NY,New York,DF,Day-ahead demand forecast,Eastern,Eastern,381326,megawatthours
2023-11-09,NY,New York,NG,Net generation,Eastern,Eastern,383667,megawatthours
2023-11-09,NY,New York,TI,Total interchange,Eastern,Eastern,-9716,megawatthours
2023-11-08,NY,New York,D,Demand,Eastern,Eastern,383652,megawatthours
2023-11-08,NY,New York,DF,Day-ahead demand forecast,Eastern,Eastern,377639,megawatthours
2023-11-08,NY,New York,NG,Net generation,Eastern,Eastern,361083,megawatthours
2023-11-08,NY,New York,TI,Total interchange,Eastern,Eastern,-22569,megawatthours
2023-11-07,NY,New York,D,Demand,Eastern,Eastern,377906,megawatthours
2023-11-07,NY,New York,DF,Day-ahead demand forecast,Eastern,Eastern,371028,megawatthours
2023-11-07,NY,New York,NG,Net generation,Eastern,Eastern,358461,megawatthours
2023-11-07,NY,New York,TI,Total interchange,Eastern,Eastern,-19445,megawatthours
2023-11-06,NY,New York,D,Demand,Eastern,Eastern,380687,megawatthours
2023-11-06,NY,New York,DF,Day-ahead demand forecast,Eastern,Eastern,372491,megawatthours
2023-11-06,NY,New York,NG,Net generation,Eastern,Eastern,350985,megawatthours
2023-11-06,NY,New York,TI,Total interchange,Eastern,Eastern,-29702,megawatthours
2023-11-05,NY,New York,D,Demand,Eastern,Eastern,356806,megawatthours
2023-11-05,NY,New York,DF,Day-ahead demand forecast,Eastern,Eastern,349731,megawatthours
2023-11-05,NY,New York,NG,Net generation,Eastern,Eastern,321867,megawatthours
2023-11-05,NY,New York,TI,Total interchange,Eastern,Eastern,-34939,megawatthours
2023-11-04,NY,New York,D,Demand,Eastern,Eastern,353806,megawatthours
2023-11-04,NY,New York,DF,Day-ahead demand forecast,Eastern,Eastern,349354,megawatthours
2023-11-04,NY,New York,NG,Net generation,Eastern,Eastern,312993,megawatthours
2023-11-04,NY,New York,TI,Total interchange,Eastern,Eastern,-40813,megawatthours
2023-11-03,NY,New York,D,Demand,Eastern,Eastern,376754,megawatthours
2023-11-03,NY,New York,DF,Day-ahead demand forecast,Eastern,Eastern,365878,megawatthours
2023-11-03,NY,New York,NG,Net generation,Eastern,Eastern,343144,megawatthours
2023-11-03,NY,New York,TI,Total interchange,Eastern,Eastern,-33610,megawatthours
2023-11-02,NY,New York,D,Demand,Eastern,Eastern,393357,megawatthours
2023-11-02,NY,New York,DF,Day-ahead demand forecast,Eastern,Eastern,377555,megawatthours
2023-11-02,NY,New York,NG,Net generation,Eastern,Eastern,352536,megawatthours
2023-11-02,NY,New York,TI,Total interchange,Eastern,Eastern,-40821,megawatthours
2023-11-01,NY,New York,D,Demand,Eastern,Eastern,391850,megawatthours
2023-11-01,NY,New York,DF,Day-ahead demand forecast,Eastern,Eastern,377971,megawatthours
2023-11-01,NY,New York,NG,Net generation,Eastern,Eastern,339446,megawatthours
2023-11-01,NY,New York,TI,Total interchange,Eastern,Eastern,-52404,megawatthours
2023-10-31,NY,New York,D,Demand,Eastern,Eastern,376276,megawatthours
2023-10-31,NY,New York,DF,Day-ahead demand forecast,Eastern,Eastern,363689,megawatthours
2023-10-31,NY,New York,NG,Net generation,Eastern,Eastern,338746,megawatthours
2023-10-31,NY,New York,TI,Total interchange,Eastern,Eastern,-37530,megawatthours
2023-10-30,NY,New York,D,Demand,Eastern,Eastern,381897,megawatthours
2023-10-30,NY,New York,DF,Day-ahead demand forecast,Eastern,Eastern,372068,megawatthours
2023-10-30,NY,New York,NG,Net generation,Eastern,Eastern,339783,megawatthours
2023-10-30,NY,New York,TI,Total interchange,Eastern,Eastern,-42114,megawatthours
2023-10-29,NY,New York,D,Demand,Eastern,Eastern,350128,megawatthours
2023-10-29,NY,New York,DF,Day-ahead demand forecast,Eastern,Eastern,341039,megawatthours
2023-10-29,NY,New York,NG,Net generation,Eastern,Eastern,308774,megawatthours
2023-10-29,NY,New York,TI,Total interchange,Eastern,Eastern,-41354,megawatthours
2023-10-28,NY,New York,D,Demand,Eastern,Eastern,354555,megawatthours
2023-10-28,NY,New York,DF,Day-ahead demand forecast,Eastern,Eastern,351354,megawatthours
2023-10-28,NY,New York,NG,Net generation,Eastern,Eastern,305082,megawatthours
2023-10-28,NY,New York,TI,Total interchange,Eastern,Eastern,-49473,megawatthours
2023-10-27,NY,New York,D,Demand,Eastern,Eastern,372224,megawatthours
2023-10-27,NY,New York,DF,Day-ahead demand forecast,Eastern,Eastern,369039,megawatthours
2023-10-27,NY,New York,NG,Net generation,Eastern,Eastern,326663,megawatthours
2023-10-27,NY,New York,TI,Total interchange,Eastern,Eastern,-45561,megawatthours
2023-10-26,NY,New York,D,Demand,Eastern,Eastern,372609,megawatthours
2023-10-26,NY,New York,DF,Day-ahead demand forecast,Eastern,Eastern,365245,megawatthours
2023-10-26,NY,New York,NG,Net generation,Eastern,Eastern,327329,megawatthours
2023-10-26,NY,New York,TI,Total interchange,Eastern,Eastern,-45280,megawatthours
2023-10-25,NY,New York,D,Demand,Eastern,Eastern,368089,megawatthours
2023-10-25,NY,New York,DF,Day-ahead demand forecast,Eastern,Eastern,361602,megawatthours
2023-10-25,NY,New York,NG,Net generation,Eastern,Eastern,320567,megawatthours
2023-10-25,NY,New York,TI,Total interchange,Eastern,Eastern,-47522,megawatthours
2023-10-24,NY,New York,D,Demand,Eastern,Eastern,367799,megawatthours
2023-10-24,NY,New York,DF,Day-ahead demand forecast,Eastern,Eastern,358844,megawatthours
2023-10-24,NY,New York,NG,Net generation,Eastern,Eastern,313508,megawatthours
2023-10-24,NY,New York,TI,Total interchange,Eastern,Eastern,-54291,megawatthours
2023-10-23,NY,New York,D,Demand,Eastern,Eastern,364232,megawatthours
2023-10-23,NY,New York,DF,Day-ahead demand forecast,Eastern,Eastern,359907,megawatthours
2023-10-23,NY,New York,NG,Net generation,Eastern,Eastern,311985,megawatthours
2023-10-23,NY,New York,TI,Total interchange,Eastern,Eastern,-52247,megawatthours
2023-10-22,NY,New York,D,Demand,Eastern,Eastern,341587,megawatthours
2023-10-22,NY,New York,DF,Day-ahead demand forecast,Eastern,Eastern,334544,megawatthours
2023-10-22,NY,New York,NG,Net generation,Eastern,Eastern,287720,megawatthours
2023-10-22,NY,New York,TI,Total interchange,Eastern,Eastern,-53867,megawatthours
2023-10-21,NY,New York,D,Demand,Eastern,Eastern,347420,megawatthours
2023-10-21,NY,New York,DF,Day-ahead demand forecast,Eastern,Eastern,339549,megawatthours
2023-10-21,NY,New York,NG,Net generation,Eastern,Eastern,298637,megawatthours
2023-10-21,NY,New York,TI,Total interchange,Eastern,Eastern,-48783,megawatthours
2023-10-20,NY,New York,D,Demand,Eastern,Eastern,372367,megawatthours
2023-10-20,NY,New York,DF,Day-ahead demand forecast,Eastern,Eastern,360826,megawatthours
2023-10-20,NY,New York,NG,Net generation,Eastern,Eastern,327370,megawatthours
2023-10-20,NY,New York,TI,Total interchange,Eastern,Eastern,-44997,megawatthours
2023-10-19,NY,New York,D,Demand,Eastern,Eastern,362798,megawatthours
2023-10-19,NY,New York,DF,Day-ahead demand forecast,Eastern,Eastern,355365,megawatthours
2023-10-19,NY,New York,NG,Net generation,Eastern,Eastern,311965,megawatthours
2023-10-19,NY,New York,TI,Total interchange,Eastern,Eastern,-50833,megawatthours
2023-10-18,NY,New York,D,Demand,Eastern,Eastern,370005,megawatthours
2023-10-18,NY,New York,DF,Day-ahead demand forecast,Eastern,Eastern,357082,megawatthours
2023-10-18,NY,New York,NG,Net generation,Eastern,Eastern,324552,megawatthours
2023-10-18,NY,New York,TI,Total interchange,Eastern,Eastern,-45453,megawatthours
2023-10-17,NY,New York,D,Demand,Eastern,Eastern,367636,megawatthours
2023-10-17,NY,New York,DF,Day-ahead demand forecast,Eastern,Eastern,356696,megawatthours
2023-10-17,NY,New York,NG,Net generation,Eastern,Eastern,316540,megawatthours
2023-10-17,NY,New York,TI,Total interchange,Eastern,Eastern,-51096,megawatthours
2023-10-16,NY,New York,D,Demand,Eastern,Eastern,365421,megawatthours
2023-10-16,NY,New York,DF,Day-ahead demand forecast,Eastern,Eastern,356842,megawatthours
2023-10-16,NY,New York,NG,Net generation,Eastern,Eastern,306452,megawatthours
2023-10-16,NY,New York,TI,Total interchange,Eastern,Eastern,-58969,megawatthours
2023-10-15,NY,New York,D,Demand,Eastern,Eastern,336784,megawatthours
2023-10-15,NY,New York,DF,Day-ahead demand forecast,Eastern,Eastern,326472,megawatthours
2023-10-15,NY,New York,NG,Net generation,Eastern,Eastern,275104,megawatthours
2023-10-15,NY,New York,TI,Total interchange,Eastern,Eastern,-61680,megawatthours
2023-10-14,NY,New York,D,Demand,Eastern,Eastern,347869,megawatthours
2023-10-14,NY,New York,DF,Day-ahead demand forecast,Eastern,Eastern,330981,megawatthours
2023-10-14,NY,New York,NG,Net generation,Eastern,Eastern,282674,megawatthours
2023-10-14,NY,New York,TI,Total interchange,Eastern,Eastern,-65195,megawatthours
2023-10-13,NY,New York,D,Demand,Eastern,Eastern,354007,megawatthours
2023-10-13,NY,New York,DF,Day-ahead demand forecast,Eastern,Eastern,340519,megawatthours
2023-10-13,NY,New York,NG,Net generation,Eastern,Eastern,293531,megawatthours
2023-10-13,NY,New York,TI,Total interchange,Eastern,Eastern,-60476,megawatthours
2023-10-12,NY,New York,D,Demand,Eastern,Eastern,360176,megawatthours
2023-10-12,NY,New York,DF,Day-ahead demand forecast,Eastern,Eastern,350954,megawatthours
2023-10-12,NY,New York,NG,Net generation,Eastern,Eastern,317593,megawatthours
2023-10-12,NY,New York,TI,Total interchange,Eastern,Eastern,-42583,megawatthours
2023-10-11,NY,New York,D,Demand,Eastern,Eastern,364173,megawatthours
2023-10-11,NY,New York,DF,Day-ahead demand forecast,Eastern,Eastern,347304,megawatthours
2023-10-11,NY,New York,NG,Net generation,Eastern,Eastern,316885,megawatthours
2023-10-11,NY,New York,TI,Total interchange,Eastern,Eastern,-47288,megawatthours
2023-10-10,NY,New York,D,Demand,Eastern,Eastern,362268,megawatthours
2023-10-10,NY,New York,DF,Day-ahead demand forecast,Eastern,Eastern,349314,megawatthours
2023-10-10,NY,New York,NG,Net generation,Eastern,Eastern,317797,megawatthours
2023-10-10,NY,New York,TI,Total interchange,Eastern,Eastern,-44471,megawatthours
2023-10-09,NY,New York,D,Demand,Eastern,Eastern,352285,megawatthours
2023-10-09,NY,New York,DF,Day-ahead demand forecast,Eastern,Eastern,346308,megawatthours
2023-10-09,NY,New York,NG,Net generation,Eastern,Eastern,296739,megawatthours
2023-10-09,NY,New York,TI,Total interchange,Eastern,Eastern,-55546,megawatthours
2023-10-08,NY,New York,D,Demand,Eastern,Eastern,324694,megawatthours
2023-10-08,NY,New York,DF,Day-ahead demand forecast,Eastern,Eastern,325580,megawatthours
2023-10-08,NY,New York,NG,Net generation,Eastern,Eastern,275104,megawatthours
2023-10-08,NY,New York,TI,Total interchange,Eastern,Eastern,-49590,megawatthours
2023-10-07,NY,New York,D,Demand,Eastern,Eastern,362531,megawatthours
2023-10-07,NY,New York,DF,Day-ahead demand forecast,Eastern,Eastern,350696,megawatthours
2023-10-07,NY,New York,NG,Net generation,Eastern,Eastern,288222,megawatthours
2023-10-07,NY,New York,TI,Total interchange,Eastern,Eastern,-74309,megawatthours
2023-10-06,NY,New York,D,Demand,Eastern,Eastern,409244,megawatthours
2023-10-06,NY,New York,DF,Day-ahead demand forecast,Eastern,Eastern,389877,megawatthours
2023-10-06,NY,New York,NG,Net generation,Eastern,Eastern,342637,megawatthours
2023-10-06,NY,New York,TI,Total interchange,Eastern,Eastern,-66607,megawatthours
2023-10-05,NY,New York,D,Demand,Eastern,Eastern,407490,megawatthours
2023-10-05,NY,New York,DF,Day-ahead demand forecast,Eastern,Eastern,396585,megawatthours
2023-10-05,NY,New York,NG,Net generation,Eastern,Eastern,346929,megawatthours
2023-10-05,NY,New York,TI,Total interchange,Eastern,Eastern,-60561,megawatthours
2023-10-04,NY,New York,D,Demand,Eastern,Eastern,421794,megawatthours
2023-10-04,NY,New York,DF,Day-ahead demand forecast,Eastern,Eastern,405840,megawatthours
2023-10-04,NY,New York,NG,Net generation,Eastern,Eastern,362263,megawatthours
2023-10-04,NY,New York,TI,Total interchange,Eastern,Eastern,-59531,megawatthours
2023-10-03,NY,New York,D,Demand,Eastern,Eastern,398934,megawatthours
2023-10-03,NY,New York,DF,Day-ahead demand forecast,Eastern,Eastern,389450,megawatthours
2023-10-03,NY,New York,NG,Net generation,Eastern,Eastern,334641,megawatthours
2023-10-03,NY,New York,TI,Total interchange,Eastern,Eastern,-64293,megawatthours
2023-10-02,NY,New York,D,Demand,Eastern,Eastern,386038,megawatthours
2023-10-02,NY,New York,DF,Day-ahead demand forecast,Eastern,Eastern,380511,megawatthours
2023-10-02,NY,New York,NG,Net generation,Eastern,Eastern,312999,megawatthours
2023-10-02,NY,New York,TI,Total interchange,Eastern,Eastern,-73039,megawatthours
2023-10-01,NY,New York,D,Demand,Eastern,Eastern,342239,megawatthours
2023-10-01,NY,New York,DF,Day-ahead demand forecast,Eastern,Eastern,334860,megawatthours
2023-10-01,NY,New York,NG,Net generation,Eastern,Eastern,263943,megawatthours
2023-10-01,NY,New York,TI,Total interchange,Eastern,Eastern,-78296,megawatthours
2023-09-30,NY,New York,D,Demand,Eastern,Eastern,343517,megawatthours
2023-09-30,NY,New York,DF,Day-ahead demand forecast,Eastern,Eastern,335531,megawatthours
2023-09-30,NY,New York,NG,Net generation,Eastern,Eastern,264309,megawatthours
2023-09-30,NY,New York,TI,Total interchange,Eastern,Eastern,-79208,megawatthours
2023-09-29,NY,New York,D,Demand,Eastern,Eastern,371057,megawatthours
2023-09-29,NY,New York,DF,Day-ahead demand forecast,Eastern,Eastern,359944,megawatthours
2023-09-29,NY,New York,NG,Net generation,Eastern,Eastern,305103,megawatthours
2023-09-29,NY,New York,TI,Total interchange,Eastern,Eastern,-65954,megawatthours
2023-09-28,NY,New York,D,Demand,Eastern,Eastern,358569,megawatthours
2023-09-28,NY,New York,DF,Day-ahead demand forecast,Eastern,Eastern,352119,megawatthours
2023-09-28,NY,New York,NG,Net generation,Eastern,Eastern,297522,megawatthours
2023-09-28,NY,New York,TI,Total interchange,Eastern,Eastern,-61047,megawatthours
2023-09-27,NY,New York,D,Demand,Eastern,Eastern,351547,megawatthours
2023-09-27,NY,New York,DF,Day-ahead demand forecast,Eastern,Eastern,350651,megawatthours
2023-09-27,NY,New York,NG,Net generation,Eastern,Eastern,293302,megawatthours
2023-09-27,NY,New York,TI,Total interchange,Eastern,Eastern,-58245,megawatthours
2023-09-26,NY,New York,D,Demand,Eastern,Eastern,362953,megawatthours
2023-09-26,NY,New York,DF,Day-ahead demand forecast,Eastern,Eastern,360897,megawatthours
2023-09-26,NY,New York,NG,Net generation,Eastern,Eastern,299629,megawatthours
2023-09-26,NY,New York,TI,Total interchange,Eastern,Eastern,-63324,megawatthours
2023-09-25,NY,New York,D,Demand,Eastern,Eastern,369004,megawatthours
2023-09-25,NY,New York,DF,Day-ahead demand forecast,Eastern,Eastern,368084,megawatthours
2023-09-25,NY,New York,NG,Net generation,Eastern,Eastern,307835,megawatthours
2023-09-25,NY,New York,TI,Total interchange,Eastern,Eastern,-61169,megawatthours
2023-09-24,NY,New York,D,Demand,Eastern,Eastern,347665,megawatthours
2023-09-24,NY,New York,DF,Day-ahead demand forecast,Eastern,Eastern,340672,megawatthours
2023-09-24,NY,New York,NG,Net generation,Eastern,Eastern,298090,megawatthours
2023-09-24,NY,New York,TI,Total interchange,Eastern,Eastern,-49575,megawatthours
2023-09-23,NY,New York,D,Demand,Eastern,Eastern,347082,megawatthours
2023-09-23,NY,New York,DF,Day-ahead demand forecast,Eastern,Eastern,341941,megawatthours
2023-09-23,NY,New York,NG,Net generation,Eastern,Eastern,298595,megawatthours
2023-09-23,NY,New York,TI,Total interchange,Eastern,Eastern,-48487,megawatthours
2023-09-22,NY,New York,D,Demand,Eastern,Eastern,368390,megawatthours
2023-09-22,NY,New York,DF,Day-ahead demand forecast,Eastern,Eastern,361765,megawatthours
2023-09-22,NY,New York,NG,Net generation,Eastern,Eastern,307579,megawatthours
2023-09-22,NY,New York,TI,Total interchange,Eastern,Eastern,-60811,megawatthours
2023-09-21,NY,New York,D,Demand,Eastern,Eastern,371396,megawatthours
2023-09-21,NY,New York,DF,Day-ahead demand forecast,Eastern,Eastern,359274,megawatthours
2023-09-21,NY,New York,NG,Net generation,Eastern,Eastern,315908,megawatthours
2023-09-21,NY,New York,TI,Total interchange,Eastern,Eastern,-55488,megawatthours
2023-09-20,NY,New York,D,Demand,Eastern,Eastern,372949,megawatthours
2023-09-20,NY,New York,DF,Day-ahead demand forecast,Eastern,Eastern,363305,megawatthours
2023-09-20,NY,New York,NG,Net generation,Eastern,Eastern,309661,megawatthours
2023-09-20,NY,New York,TI,Total interchange,Eastern,Eastern,-63288,megawatthours
2023-09-19,NY,New York,D,Demand,Eastern,Eastern,379157,megawatthours
2023-09-19,NY,New York,DF,Day-ahead demand forecast,Eastern,Eastern,373250,megawatthours
2023-09-19,NY,New York,NG,Net generation,Eastern,Eastern,323527,megawatthours
2023-09-19,NY,New York,TI,Total interchange,Eastern,Eastern,-55630,megawatthours
2023-09-18,NY,New York,D,Demand,Eastern,Eastern,401057,megawatthours
2023-09-18,NY,New York,DF,Day-ahead demand forecast,Eastern,Eastern,390984,megawatthours
2023-09-18,NY,New York,NG,Net generation,Eastern,Eastern,340363,megawatthours
2023-09-18,NY,New York,TI,Total interchange,Eastern,Eastern,-60694,megawatthours
2023-09-17,NY,New York,D,Demand,Eastern,Eastern,356750,megawatthours
2023-09-17,NY,New York,DF,Day-ahead demand forecast,Eastern,Eastern,348226,megawatthours
2023-09-17,NY,New York,NG,Net generation,Eastern,Eastern,288525,megawatthours
2023-09-17,NY,New York,TI,Total interchange,Eastern,Eastern,-68225,megawatthours
2023-09-16,NY,New York,D,Demand,Eastern,Eastern,347287,megawatthours
2023-09-16,NY,New York,DF,Day-ahead demand forecast,Eastern,Eastern,346720,megawatthours
2023-09-16,NY,New York,NG,Net generation,Eastern,Eastern,288024,megawatthours
2023-09-16,NY,New York,TI,Total interchange,Eastern,Eastern,-59263,megawatthours
2023-09-15,NY,New York,D,Demand,Eastern,Eastern,371734,megawatthours
2023-09-15,NY,New York,DF,Day-ahead demand forecast,Eastern,Eastern,372466,megawatthours
2023-09-15,NY,New York,NG,Net generation,Eastern,Eastern,306657,megawatthours
2023-09-15,NY,New York,TI,Total interchange,Eastern,Eastern,-65077,megawatthours
2023-09-14,NY,New York,D,Demand,Eastern,Eastern,416021,megawatthours
2023-09-14,NY,New York,DF,Day-ahead demand forecast,Eastern,Eastern,399536,megawatthours
2023-09-14,NY,New York,NG,Net generation,Eastern,Eastern,346655,megawatthours
2023-09-14,NY,New York,TI,Total interchange,Eastern,Eastern,-69366,megawatthours
2023-09-13,NY,New York,D,Demand,Eastern,Eastern,462646,megawatthours
2023-09-13,NY,New York,DF,Day-ahead demand forecast,Eastern,Eastern,438976,megawatthours
2023-09-13,NY,New York,NG,Net generation,Eastern,Eastern,391933,megawatthours
2023-09-13,NY,New York,TI,Total interchange,Eastern,Eastern,-70713,megawatthours
2023-09-12,NY,New York,D,Demand,Eastern,Eastern,469119,megawatthours
2023-09-12,NY,New York,DF,Day-ahead demand forecast,Eastern,Eastern,459360,megawatthours
2023-09-12,NY,New York,NG,Net generation,Eastern,Eastern,411334,megawatthours
2023-09-12,NY,New York,TI,Total interchange,Eastern,Eastern,-57785,megawatthours
2023-09-11,NY,New York,D,Demand,Eastern,Eastern,480290,megawatthours
2023-09-11,NY,New York,DF,Day-ahead demand forecast,Eastern,Eastern,466917,megawatthours
2023-09-11,NY,New York,NG,Net generation,Eastern,Eastern,405411,megawatthours
2023-09-11,NY,New York,TI,Total interchange,Eastern,Eastern,-74879,megawatthours
2023-09-10,NY,New York,D,Demand,Eastern,Eastern,450864,megawatthours
2023-09-10,NY,New York,DF,Day-ahead demand forecast,Eastern,Eastern,445256,megawatthours
2023-09-10,NY,New York,NG,Net generation,Eastern,Eastern,367527,megawatthours
2023-09-10,NY,New York,TI,Total interchange,Eastern,Eastern,-83337,megawatthours
2023-09-09,NY,New York,D,Demand,Eastern,Eastern,484367,megawatthours
2023-09-09,NY,New York,DF,Day-ahead demand forecast,Eastern,Eastern,469807,megawatthours
2023-09-09,NY,New York,NG,Net generation,Eastern,Eastern,405097,megawatthours
2023-09-09,NY,New York,TI,Total interchange,Eastern,Eastern,-79270,megawatthours
2023-09-08,NY,New York,D,Demand,Eastern,Eastern,531312,megawatthours
2023-09-08,NY,New York,DF,Day-ahead demand forecast,Eastern,Eastern,533428,megawatthours
2023-09-08,NY,New York,NG,Net generation,Eastern,Eastern,457574,megawatthours
2023-09-08,NY,New York,TI,Total interchange,Eastern,Eastern,-73738,megawatthours
2023-09-07,NY,New York,D,Demand,Eastern,Eastern,583530,megawatthours
2023-09-07,NY,New York,DF,Day-ahead demand forecast,Eastern,Eastern,565958,megawatthours
2023-09-07,NY,New York,NG,Net generation,Eastern,Eastern,494025,megawatthours
2023-09-07,NY,New York,TI,Total interchange,Eastern,Eastern,-89505,megawatthours
2023-09-06,NY,New York,D,Demand,Eastern,Eastern,590859,megawatthours
2023-09-06,NY,New York,DF,Day-ahead demand forecast,Eastern,Eastern,564556,megawatthours
2023-09-06,NY,New York,NG,Net generation,Eastern,Eastern,511301,megawatthours
2023-09-06,NY,New York,TI,Total interchange,Eastern,Eastern,-79558,megawatthours
2023-09-05,NY,New York,D,Demand,Eastern,Eastern,567735,megawatthours
2023-09-05,NY,New York,DF,Day-ahead demand forecast,Eastern,Eastern,547385,megawatthours
2023-09-05,NY,New York,NG,Net generation,Eastern,Eastern,482833,megawatthours
2023-09-05,NY,New York,TI,Total interchange,Eastern,Eastern,-84902,megawatthours
2023-09-04,NY,New York,D,Demand,Eastern,Eastern,495882,megawatthours
2023-09-04,NY,New York,DF,Day-ahead demand forecast,Eastern,Eastern,478386,megawatthours
2023-09-04,NY,New York,NG,Net generation,Eastern,Eastern,406270,megawatthours
2023-09-04,NY,New York,TI,Total interchange,Eastern,Eastern,-89612,megawatthours
2023-09-03,NY,New York,D,Demand,Eastern,Eastern,438201,megawatthours
2023-09-03,NY,New York,DF,Day-ahead demand forecast,Eastern,Eastern,410014,megawatthours
2023-09-03,NY,New York,NG,Net generation,Eastern,Eastern,355083,megawatthours
2023-09-03,NY,New York,TI,Total interchange,Eastern,Eastern,-83118,megawatthours
2023-09-02,NY,New York,D,Demand,Eastern,Eastern,379217,megawatthours
2023-09-02,NY,New York,DF,Day-ahead demand forecast,Eastern,Eastern,372488,megawatthours
2023-09-02,NY,New York,NG,Net generation,Eastern,Eastern,321245,megawatthours
2023-09-02,NY,New York,TI,Total interchange,Eastern,Eastern,-57972,megawatthours
2023-09-01,NY,New York,D,Demand,Eastern,Eastern,390399,megawatthours
2023-09-01,NY,New York,DF,Day-ahead demand forecast,Eastern,Eastern,382194,megawatthours
2023-09-01,NY,New York,NG,Net generation,Eastern,Eastern,330225,megawatthours
2023-09-01,NY,New York,TI,Total interchange,Eastern,Eastern,-60174,megawatthours
2023-08-31,NY,New York,D,Demand,Eastern,Eastern,404950,megawatthours
2023-08-31,NY,New York,DF,Day-ahead demand forecast,Eastern,Eastern,397947,megawatthours
2023-08-31,NY,New York,NG,Net generation,Eastern,Eastern,340912,megawatthours
2023-08-31,NY,New York,TI,Total interchange,Eastern,Eastern,-64038,megawatthours
2023-08-30,NY,New York,D,Demand,Eastern,Eastern,459840,megawatthours
2023-08-30,NY,New York,DF,Day-ahead demand forecast,Eastern,Eastern,450279,megawatthours
2023-08-30,NY,New York,NG,Net generation,Eastern,Eastern,391373,megawatthours
2023-08-30,NY,New York,TI,Total interchange,Eastern,Eastern,-68467,megawatthours
2023-08-29,NY,New York,D,Demand,Eastern,Eastern,459067,megawatthours
2023-08-29,NY,New York,DF,Day-ahead demand forecast,Eastern,Eastern,443425,megawatthours
2023-08-29,NY,New York,NG,Net generation,Eastern,Eastern,375572,megawatthours
2023-08-29,NY,New York,TI,Total interchange,Eastern,Eastern,-83495,megawatthours
2023-08-28,NY,New York,D,Demand,Eastern,Eastern,444158,megawatthours
2023-08-28,NY,New York,DF,Day-ahead demand forecast,Eastern,Eastern,432255,megawatthours
2023-08-28,NY,New York,NG,Net generation,Eastern,Eastern,363032,megawatthours
2023-08-28,NY,New York,TI,Total interchange,Eastern,Eastern,-81126,megawatthours
2023-08-27,NY,New York,D,Demand,Eastern,Eastern,419960,megawatthours
2023-08-27,NY,New York,DF,Day-ahead demand forecast,Eastern,Eastern,399627,megawatthours
2023-08-27,NY,New York,NG,Net generation,Eastern,Eastern,335023,megawatthours
2023-08-27,NY,New York,TI,Total interchange,Eastern,Eastern,-84937,megawatthours
2023-08-26,NY,New York,D,Demand,Eastern,Eastern,444657,megawatthours
2023-08-26,NY,New York,DF,Day-ahead demand forecast,Eastern,Eastern,434501,megawatthours
2023-08-26,NY,New York,NG,Net generation,Eastern,Eastern,347059,megawatthours
2023-08-26,NY,New York,TI,Total interchange,Eastern,Eastern,-97598,megawatthours
2023-08-25,NY,New York,D,Demand,Eastern,Eastern,452775,megawatthours
2023-08-25,NY,New York,DF,Day-ahead demand forecast,Eastern,Eastern,440636,megawatthours
2023-08-25,NY,New York,NG,Net generation,Eastern,Eastern,379882,megawatthours
2023-08-25,NY,New York,TI,Total interchange,Eastern,Eastern,-72893,megawatthours
2023-08-24,NY,New York,D,Demand,Eastern,Eastern,430894,megawatthours
2023-08-24,NY,New York,DF,Day-ahead demand forecast,Eastern,Eastern,414837,megawatthours
2023-08-24,NY,New York,NG,Net generation,Eastern,Eastern,363204,megawatthours
2023-08-24,NY,New York,TI,Total interchange,Eastern,Eastern,-67690,megawatthours
2023-08-23,NY,New York,D,Demand,Eastern,Eastern,424054,megawatthours
2023-08-23,NY,New York,DF,Day-ahead demand forecast,Eastern,Eastern,413466,megawatthours
2023-08-23,NY,New York,NG,Net generation,Eastern,Eastern,355204,megawatthours
2023-08-23,NY,New York,TI,Total interchange,Eastern,Eastern,-68850,megawatthours
2023-08-22,NY,New York,D,Demand,Eastern,Eastern,440861,megawatthours
2023-08-22,NY,New York,DF,Day-ahead demand forecast,Eastern,Eastern,429867,megawatthours
2023-08-22,NY,New York,NG,Net generation,Eastern,Eastern,373523,megawatthours
2023-08-22,NY,New York,TI,Total interchange,Eastern,Eastern,-67338,megawatthours
2023-08-21,NY,New York,D,Demand,Eastern,Eastern,495605,megawatthours
2023-08-21,NY,New York,DF,Day-ahead demand forecast,Eastern,Eastern,484497,megawatthours
2023-08-21,NY,New York,NG,Net generation,Eastern,Eastern,435521,megawatthours
2023-08-21,NY,New York,TI,Total interchange,Eastern,Eastern,-60084,megawatthours
2023-08-20,NY,New York,D,Demand,Eastern,Eastern,409987,megawatthours
2023-08-20,NY,New York,DF,Day-ahead demand forecast,Eastern,Eastern,407236,megawatthours
2023-08-20,NY,New York,NG,Net generation,Eastern,Eastern,353891,megawatthours
2023-08-20,NY,New York,TI,Total interchange,Eastern,Eastern,-56096,megawatthours
2023-08-19,NY,New York,D,Demand,Eastern,Eastern,382469,megawatthours
2023-08-19,NY,New York,DF,Day-ahead demand forecast,Eastern,Eastern,386268,megawatthours
2023-08-19,NY,New York,NG,Net generation,Eastern,Eastern,336081,megawatthours
2023-08-19,NY,New York,TI,Total interchange,Eastern,Eastern,-46388,megawatthours
2023-08-18,NY,New York,D,Demand,Eastern,Eastern,451794,megawatthours
2023-08-18,NY,New York,DF,Day-ahead demand forecast,Eastern,Eastern,465315,megawatthours
2023-08-18,NY,New York,NG,Net generation,Eastern,Eastern,396800,megawatthours
2023-08-18,NY,New York,TI,Total interchange,Eastern,Eastern,-54994,megawatthours
2023-08-17,NY,New York,D,Demand,Eastern,Eastern,479408,megawatthours
2023-08-17,NY,New York,DF,Day-ahead demand forecast,Eastern,Eastern,480541,megawatthours
2023-08-17,NY,New York,NG,Net generation,Eastern,Eastern,394086,megawatthours
2023-08-17,NY,New York,TI,Total interchange,Eastern,Eastern,-85322,megawatthours
2023-08-16,NY,New York,D,Demand,Eastern,Eastern,480007,megawatthours
2023-08-16,NY,New York,DF,Day-ahead demand forecast,Eastern,Eastern,476881,megawatthours
2023-08-16,NY,New York,NG,Net generation,Eastern,Eastern,395111,megawatthours
2023-08-16,NY,New York,TI,Total interchange,Eastern,Eastern,-84896,megawatthours
2023-08-15,NY,New York,D,Demand,Eastern,Eastern,481777,megawatthours
2023-08-15,NY,New York,DF,Day-ahead demand forecast,Eastern,Eastern,497156,megawatthours
2023-08-15,NY,New York,NG,Net generation,Eastern,Eastern,400787,megawatthours
2023-08-15,NY,New York,TI,Total interchange,Eastern,Eastern,-80990,megawatthours
2023-08-14,NY,New York,D,Demand,Eastern,Eastern,487917,megawatthours
2023-08-14,NY,New York,DF,Day-ahead demand forecast,Eastern,Eastern,480961,megawatthours
2023-08-14,NY,New York,NG,Net generation,Eastern,Eastern,411316,megawatthours
2023-08-14,NY,New York,TI,Total interchange,Eastern,Eastern,-76601,megawatthours
2023-08-13,NY,New York,D,Demand,Eastern,Eastern,460411,megawatthours
2023-08-13,NY,New York,DF,Day-ahead demand forecast,Eastern,Eastern,452834,megawatthours
2023-08-13,NY,New York,NG,Net generation,Eastern,Eastern,401077,megawatthours
2023-08-13,NY,New York,TI,Total interchange,Eastern,Eastern,-59334,megawatthours
2023-08-12,NY,New York,D,Demand,Eastern,Eastern,444920,megawatthours
2023-08-12,NY,New York,DF,Day-ahead demand forecast,Eastern,Eastern,445800,megawatthours
2023-08-12,NY,New York,NG,Net generation,Eastern,Eastern,376244,megawatthours
2023-08-12,NY,New York,TI,Total interchange,Eastern,Eastern,-68676,megawatthours
2023-08-11,NY,New York,D,Demand,Eastern,Eastern,457084,megawatthours
2023-08-11,NY,New York,DF,Day-ahead demand forecast,Eastern,Eastern,443860,megawatthours
2023-08-11,NY,New York,NG,Net generation,Eastern,Eastern,391982,megawatthours
2023-08-11,NY,New York,TI,Total interchange,Eastern,Eastern,-65102,megawatthours
2023-08-10,NY,New York,D,Demand,Eastern,Eastern,465105,megawatthours
2023-08-10,NY,New York,DF,Day-ahead demand forecast,Eastern,Eastern,475630,megawatthours
2023-08-10,NY,New York,NG,Net generation,Eastern,Eastern,402792,megawatthours
2023-08-10,NY,New York,TI,Total interchange,Eastern,Eastern,-62313,megawatthours
2023-08-09,NY,New York,D,Demand,Eastern,Eastern,469883,megawatthours
2023-08-09,NY,New York,DF,Day-ahead demand forecast,Eastern,Eastern,469228,megawatthours
2023-08-09,NY,New York,NG,Net generation,Eastern,Eastern,424326,megawatthours
2023-08-09,NY,New York,TI,Total interchange,Eastern,Eastern,-45557,megawatthours
2023-08-08,NY,New York,D,Demand,Eastern,Eastern,472963,megawatthours
2023-08-08,NY,New York,DF,Day-ahead demand forecast,Eastern,Eastern,484780,megawatthours
2023-08-08,NY,New York,NG,Net generation,Eastern,Eastern,417930,megawatthours
2023-08-08,NY,New York,TI,Total interchange,Eastern,Eastern,-55033,megawatthours
2023-08-07,NY,New York,D,Demand,Eastern,Eastern,493552,megawatthours
2023-08-07,NY,New York,DF,Day-ahead demand forecast,Eastern,Eastern,490116,megawatthours
2023-08-07,NY,New York,NG,Net generation,Eastern,Eastern,416528,megawatthours
2023-08-07,NY,New York,TI,Total interchange,Eastern,Eastern,-77024,megawatthours
2023-08-06,NY,New York,D,Demand,Eastern,Eastern,434358,megawatthours
2023-08-06,NY,New York,DF,Day-ahead demand forecast,Eastern,Eastern,430887,megawatthours
2023-08-06,NY,New York,NG,Net generation,Eastern,Eastern,353112,megawatthours
2023-08-06,NY,New York,TI,Total interchange,Eastern,Eastern,-81246,megawatthours
2023-08-05,NY,New York,D,Demand,Eastern,Eastern,437452,megawatthours
2023-08-05,NY,New York,DF,Day-ahead demand forecast,Eastern,Eastern,428054,megawatthours
2023-08-05,NY,New York,NG,Net generation,Eastern,Eastern,357425,megawatthours
2023-08-05,NY,New York,TI,Total interchange,Eastern,Eastern,-80027,megawatthours
2023-08-04,NY,New York,D,Demand,Eastern,Eastern,459470,megawatthours
2023-08-04,NY,New York,DF,Day-ahead demand forecast,Eastern,Eastern,459197,megawatthours
2023-08-04,NY,New York,NG,Net generation,Eastern,Eastern,387671,megawatthours
2023-08-04,NY,New York,TI,Total interchange,Eastern,Eastern,-71799,megawatthours
2023-08-03,NY,New York,D,Demand,Eastern,Eastern,445878,megawatthours
2023-08-03,NY,New York,DF,Day-ahead demand forecast,Eastern,Eastern,447806,megawatthours
2023-08-03,NY,New York,NG,Net generation,Eastern,Eastern,373888,megawatthours
2023-08-03,NY,New York,TI,Total interchange,Eastern,Eastern,-71990,megawatthours
2023-08-02,NY,New York,D,Demand,Eastern,Eastern,427096,megawatthours
2023-08-02,NY,New York,DF,Day-ahead demand forecast,Eastern,Eastern,416856,megawatthours
2023-08-02,NY,New York,NG,Net generation,Eastern,Eastern,357409,megawatthours
2023-08-02,NY,New York,TI,Total interchange,Eastern,Eastern,-69687,megawatthours
2023-08-01,NY,New York,D,Demand,Eastern,Eastern,435324,megawatthours
2023-08-01,NY,New York,DF,Day-ahead demand forecast,Eastern,Eastern,421726,megawatthours
2023-08-01,NY,New York,NG,Net generation,Eastern,Eastern,370463,megawatthours
2023-08-01,NY,New York,TI,Total interchange,Eastern,Eastern,-64861,megawatthours
2023-07-31,NY,New York,D,Demand,Eastern,Eastern,446976,megawatthours
2023-07-31,NY,New York,DF,Day-ahead demand forecast,Eastern,Eastern,442873,megawatthours
2023-07-31,NY,New York,NG,Net generation,Eastern,Eastern,383879,megawatthours
2023-07-31,NY,New York,TI,Total interchange,Eastern,Eastern,-63097,megawatthours
2023-07-30,NY,New York,D,Demand,Eastern,Eastern,414495,megawatthours
2023-07-30,NY,New York,DF,Day-ahead demand forecast,Eastern,Eastern,430641,megawatthours
2023-07-30,NY,New York,NG,Net generation,Eastern,Eastern,346945,megawatthours
2023-07-30,NY,New York,TI,Total interchange,Eastern,Eastern,-67550,megawatthours
2023-07-29,NY,New York,D,Demand,Eastern,Eastern,529835,megawatthours
2023-07-29,NY,New York,DF,Day-ahead demand forecast,Eastern,Eastern,531188,megawatthours
2023-07-29,NY,New York,NG,Net generation,Eastern,Eastern,457353,megawatthours
2023-07-29,NY,New York,TI,Total interchange,Eastern,Eastern,-72482,megawatthours
2023-07-28,NY,New York,D,Demand,Eastern,Eastern,577616,megawatthours
2023-07-28,NY,New York,DF,Day-ahead demand forecast,Eastern,Eastern,575746,megawatthours
2023-07-28,NY,New York,NG,Net generation,Eastern,Eastern,513795,megawatthours
2023-07-28,NY,New York,TI,Total interchange,Eastern,Eastern,-63821,megawatthours
2023-07-27,NY,New York,D,Demand,Eastern,Eastern,567010,megawatthours
2023-07-27,NY,New York,DF,Day-ahead demand forecast,Eastern,Eastern,563094,megawatthours
2023-07-27,NY,New York,NG,Net generation,Eastern,Eastern,515018,megawatthours
2023-07-27,NY,New York,TI,Total interchange,Eastern,Eastern,-51992,megawatthours
2023-07-26,NY,New York,D,Demand,Eastern,Eastern,517627,megawatthours
2023-07-26,NY,New York,DF,Day-ahead demand forecast,Eastern,Eastern,525187,megawatthours
2023-07-26,NY,New York,NG,Net generation,Eastern,Eastern,460085,megawatthours
2023-07-26,NY,New York,TI,Total interchange,Eastern,Eastern,-57542,megawatthours
2023-07-25,NY,New York,D,Demand,Eastern,Eastern,506807,megawatthours
2023-07-25,NY,New York,DF,Day-ahead demand forecast,Eastern,Eastern,518176,megawatthours
2023-07-25,NY,New York,NG,Net generation,Eastern,Eastern,436774,megawatthours
2023-07-25,NY,New York,TI,Total interchange,Eastern,Eastern,-70033,megawatthours
2023-07-24,NY,New York,D,Demand,Eastern,Eastern,506188,megawatthours
2023-07-24,NY,New York,DF,Day-ahead demand forecast,Eastern,Eastern,506028,megawatthours
2023-07-24,NY,New York,NG,Net generation,Eastern,Eastern,429561,megawatthours
2023-07-24,NY,New York,TI,Total interchange,Eastern,Eastern,-76627,megawatthours
2023-07-23,NY,New York,D,Demand,Eastern,Eastern,455533,megawatthours
2023-07-23,NY,New York,DF,Day-ahead demand forecast,Eastern,Eastern,442789,megawatthours
2023-07-23,NY,New York,NG,Net generation,Eastern,Eastern,375300,megawatthours
2023-07-23,NY,New York,TI,Total interchange,Eastern,Eastern,-80233,megawatthours
2023-07-22,NY,New York,D,Demand,Eastern,Eastern,449553,megawatthours
2023-07-22,NY,New York,DF,Day-ahead demand forecast,Eastern,Eastern,434034,megawatthours
2023-07-22,NY,New York,NG,Net generation,Eastern,Eastern,375019,megawatthours
2023-07-22,NY,New York,TI,Total interchange,Eastern,Eastern,-74534,megawatthours
2023-07-21,NY,New York,D,Demand,Eastern,Eastern,502012,megawatthours
2023-07-21,NY,New York,DF,Day-ahead demand forecast,Eastern,Eastern,482688,megawatthours
2023-07-21,NY,New York,NG,Net generation,Eastern,Eastern,434769,megawatthours
2023-07-21,NY,New York,TI,Total interchange,Eastern,Eastern,-67243,megawatthours
2023-07-20,NY,New York,D,Demand,Eastern,Eastern,501495,megawatthours
2023-07-20,NY,New York,DF,Day-ahead demand forecast,Eastern,Eastern,496911,megawatthours
2023-07-20,NY,New York,NG,Net generation,Eastern,Eastern,432639,megawatthours
2023-07-20,NY,New York,TI,Total interchange,Eastern,Eastern,-68856,megawatthours
2023-07-19,NY,New York,D,Demand,Eastern,Eastern,490114,megawatthours
2023-07-19,NY,New York,DF,Day-ahead demand forecast,Eastern,Eastern,509489,megawatthours
2023-07-19,NY,New York,NG,Net generation,Eastern,Eastern,417513,megawatthours
2023-07-19,NY,New York,TI,Total interchange,Eastern,Eastern,-72601,megawatthours
2023-07-18,NY,New York,D,Demand,Eastern,Eastern,526145,megawatthours
2023-07-18,NY,New York,DF,Day-ahead demand forecast,Eastern,Eastern,538503,megawatthours
2023-07-18,NY,New York,NG,Net generation,Eastern,Eastern,464064,megawatthours
2023-07-18,NY,New York,TI,Total interchange,Eastern,Eastern,-62081,megawatthours
2023-07-17,NY,New York,D,Demand,Eastern,Eastern,541307,megawatthours
2023-07-17,NY,New York,DF,Day-ahead demand forecast,Eastern,Eastern,535443,megawatthours
2023-07-17,NY,New York,NG,Net generation,Eastern,Eastern,471182,megawatthours
2023-07-17,NY,New York,TI,Total interchange,Eastern,Eastern,-70125,megawatthours
2023-07-16,NY,New York,D,Demand,Eastern,Eastern,497093,megawatthours
2023-07-16,NY,New York,DF,Day-ahead demand forecast,Eastern,Eastern,492897,megawatthours
2023-07-16,NY,New York,NG,Net generation,Eastern,Eastern,424851,megawatthours
2023-07-16,NY,New York,TI,Total interchange,Eastern,Eastern,-72242,megawatthours
2023-07-15,NY,New York,D,Demand,Eastern,Eastern,507765,megawatthours
2023-07-15,NY,New York,DF,Day-ahead demand forecast,Eastern,Eastern,503165,megawatthours
2023-07-15,NY,New York,NG,Net generation,Eastern,Eastern,429104,megawatthours
2023-07-15,NY,New York,TI,Total interchange,Eastern,Eastern,-78661,megawatthours
2023-07-14,NY,New York,D,Demand,Eastern,Eastern,518623,megawatthours
2023-07-14,NY,New York,DF,Day-ahead demand forecast,Eastern,Eastern,519846,megawatthours
2023-07-14,NY,New York,NG,Net generation,Eastern,Eastern,455080,megawatthours
2023-07-14,NY,New York,TI,Total interchange,Eastern,Eastern,-63543,megawatthours
2023-07-13,NY,New York,D,Demand,Eastern,Eastern,547632,megawatthours
2023-07-13,NY,New York,DF,Day-ahead demand forecast,Eastern,Eastern,537007,megawatthours
2023-07-13,NY,New York,NG,Net generation,Eastern,Eastern,469110,megawatthours
2023-07-13,NY,New York,TI,Total interchange,Eastern,Eastern,-78522,megawatthours
2023-07-12,NY,New York,D,Demand,Eastern,Eastern,532334,megawatthours
2023-07-12,NY,New York,DF,Day-ahead demand forecast,Eastern,Eastern,529682,megawatthours
2023-07-12,NY,New York,NG,Net generation,Eastern,Eastern,456166,megawatthours
2023-07-12,NY,New York,TI,Total interchange,Eastern,Eastern,-76168,megawatthours
2023-07-11,NY,New York,D,Demand,Eastern,Eastern,502830,megawatthours
2023-07-11,NY,New York,DF,Day-ahead demand forecast,Eastern,Eastern,504124,megawatthours
2023-07-11,NY,New York,NG,Net generation,Eastern,Eastern,433760,megawatthours
2023-07-11,NY,New York,TI,Total interchange,Eastern,Eastern,-69070,megawatthours
2023-07-10,NY,New York,D,Demand,Eastern,Eastern,496838,megawatthours
2023-07-10,NY,New York,DF,Day-ahead demand forecast,Eastern,Eastern,492242,megawatthours
2023-07-10,NY,New York,NG,Net generation,Eastern,Eastern,416085,megawatthours
2023-07-10,NY,New York,TI,Total interchange,Eastern,Eastern,-80753,megawatthours
2023-07-09,NY,New York,D,Demand,Eastern,Eastern,475684,megawatthours
2023-07-09,NY,New York,DF,Day-ahead demand forecast,Eastern,Eastern,470329,megawatthours
2023-07-09,NY,New York,NG,Net generation,Eastern,Eastern,390546,megawatthours
2023-07-09,NY,New York,TI,Total interchange,Eastern,Eastern,-85138,megawatthours
2023-07-08,NY,New York,D,Demand,Eastern,Eastern,494545,megawatthours
2023-07-08,NY,New York,DF,Day-ahead demand forecast,Eastern,Eastern,485179,megawatthours
2023-07-08,NY,New York,NG,Net generation,Eastern,Eastern,409569,megawatthours
2023-07-08,NY,New York,TI,Total interchange,Eastern,Eastern,-84976,megawatthours
2023-07-07,NY,New York,D,Demand,Eastern,Eastern,543441,megawatthours
2023-07-07,NY,New York,DF,Day-ahead demand forecast,Eastern,Eastern,524571,megawatthours
2023-07-07,NY,New York,NG,Net generation,Eastern,Eastern,483748,megawatthours
2023-07-07,NY,New York,TI,Total interchange,Eastern,Eastern,-59693,megawatthours
2023-07-06,NY,New York,D,Demand,Eastern,Eastern,563299,megawatthours
2023-07-06,NY,New York,DF,Day-ahead demand forecast,Eastern,Eastern,540319,megawatthours
2023-07-06,NY,New York,NG,Net generation,Eastern,Eastern,509199,megawatthours
2023-07-06,NY,New York,TI,Total interchange,Eastern,Eastern,-54100,megawatthours
2023-07-05,NY,New York,D,Demand,Eastern,Eastern,536105,megawatthours
2023-07-05,NY,New York,DF,Day-ahead demand forecast,Eastern,Eastern,516179,megawatthours
2023-07-05,NY,New York,NG,Net generation,Eastern,Eastern,494871,megawatthours
2023-07-05,NY,New York,TI,Total interchange,Eastern,Eastern,-41234,megawatthours
2023-07-04,NY,New York,D,Demand,Eastern,Eastern,471224,megawatthours
2023-07-04,NY,New York,DF,Day-ahead demand forecast,Eastern,Eastern,468584,megawatthours
2023-07-04,NY,New York,NG,Net generation,Eastern,Eastern,417648,megawatthours
2023-07-04,NY,New York,TI,Total interchange,Eastern,Eastern,-53576,megawatthours
2023-07-03,NY,New York,D,Demand,Eastern,Eastern,497472,megawatthours
2023-07-03,NY,New York,DF,Day-ahead demand forecast,Eastern,Eastern,501257,megawatthours
2023-07-03,NY,New York,NG,Net generation,Eastern,Eastern,419359,megawatthours
2023-07-03,NY,New York,TI,Total interchange,Eastern,Eastern,-78113,megawatthours
2023-07-02,NY,New York,D,Demand,Eastern,Eastern,451059,megawatthours
2023-07-02,NY,New York,DF,Day-ahead demand forecast,Eastern,Eastern,428222,megawatthours
2023-07-02,NY,New York,NG,Net generation,Eastern,Eastern,378991,megawatthours
2023-07-02,NY,New York,TI,Total interchange,Eastern,Eastern,-72068,megawatthours
2023-07-01,NY,New York,D,Demand,Eastern,Eastern,439545,megawatthours
2023-07-01,NY,New York,DF,Day-ahead demand forecast,Eastern,Eastern,437164,megawatthours
2023-07-01,NY,New York,NG,Net generation,Eastern,Eastern,378802,megawatthours
2023-07-01,NY,New York,TI,Total interchange,Eastern,Eastern,-60743,megawatthours
2023-06-30,NY,New York,D,Demand,Eastern,Eastern,460167,megawatthours
2023-06-30,NY,New York,DF,Day-ahead demand forecast,Eastern,Eastern,459180,megawatthours
2023-06-30,NY,New York,NG,Net generation,Eastern,Eastern,407223,megawatthours
2023-06-30,NY,New York,TI,Total interchange,Eastern,Eastern,-52944,megawatthours
2023-06-29,NY,New York,D,Demand,Eastern,Eastern,442343,megawatthours
2023-06-29,NY,New York,DF,Day-ahead demand forecast,Eastern,Eastern,439597,megawatthours
2023-06-29,NY,New York,NG,Net generation,Eastern,Eastern,392819,megawatthours
2023-06-29,NY,New York,TI,Total interchange,Eastern,Eastern,-49524,megawatthours
2023-06-28,NY,New York,D,Demand,Eastern,Eastern,447233,megawatthours
2023-06-28,NY,New York,DF,Day-ahead demand forecast,Eastern,Eastern,444265,megawatthours
2023-06-28,NY,New York,NG,Net generation,Eastern,Eastern,395398,megawatthours
2023-06-28,NY,New York,TI,Total interchange,Eastern,Eastern,-51835,megawatthours
2023-06-27,NY,New York,D,Demand,Eastern,Eastern,450807,megawatthours
2023-06-27,NY,New York,DF,Day-ahead demand forecast,Eastern,Eastern,462019,megawatthours
2023-06-27,NY,New York,NG,Net generation,Eastern,Eastern,405102,megawatthours
2023-06-27,NY,New York,TI,Total interchange,Eastern,Eastern,-45705,megawatthours
2023-06-26,NY,New York,D,Demand,Eastern,Eastern,469876,megawatthours
2023-06-26,NY,New York,DF,Day-ahead demand forecast,Eastern,Eastern,473409,megawatthours
2023-06-26,NY,New York,NG,Net generation,Eastern,Eastern,416923,megawatthours
2023-06-26,NY,New York,TI,Total interchange,Eastern,Eastern,-52953,megawatthours
2023-06-25,NY,New York,D,Demand,Eastern,Eastern,436926,megawatthours
2023-06-25,NY,New York,DF,Day-ahead demand forecast,Eastern,Eastern,426719,megawatthours
2023-06-25,NY,New York,NG,Net generation,Eastern,Eastern,379693,megawatthours
2023-06-25,NY,New York,TI,Total interchange,Eastern,Eastern,-57233,megawatthours
2023-06-24,NY,New York,D,Demand,Eastern,Eastern,415226,megawatthours
2023-06-24,NY,New York,DF,Day-ahead demand forecast,Eastern,Eastern,412642,megawatthours
2023-06-24,NY,New York,NG,Net generation,Eastern,Eastern,364811,megawatthours
2023-06-24,NY,New York,TI,Total interchange,Eastern,Eastern,-50415,megawatthours
2023-06-23,NY,New York,D,Demand,Eastern,Eastern,419329,megawatthours
2023-06-23,NY,New York,DF,Day-ahead demand forecast,Eastern,Eastern,413916,megawatthours
2023-06-23,NY,New York,NG,Net generation,Eastern,Eastern,363485,megawatthours
2023-06-23,NY,New York,TI,Total interchange,Eastern,Eastern,-55844,megawatthours
2023-06-22,NY,New York,D,Demand,Eastern,Eastern,397641,megawatthours
2023-06-22,NY,New York,DF,Day-ahead demand forecast,Eastern,Eastern,387946,megawatthours
2023-06-22,NY,New York,NG,Net generation,Eastern,Eastern,344701,megawatthours
2023-06-22,NY,New York,TI,Total interchange,Eastern,Eastern,-52940,megawatthours
2023-06-21,NY,New York,D,Demand,Eastern,Eastern,403538,megawatthours
2023-06-21,NY,New York,DF,Day-ahead demand forecast,Eastern,Eastern,397393,megawatthours
2023-06-21,NY,New York,NG,Net generation,Eastern,Eastern,330376,megawatthours
2023-06-21,NY,New York,TI,Total interchange,Eastern,Eastern,-73162,megawatthours
2023-06-20,NY,New York,D,Demand,Eastern,Eastern,419516,megawatthours
2023-06-20,NY,New York,DF,Day-ahead demand forecast,Eastern,Eastern,416307,megawatthours
2023-06-20,NY,New York,NG,Net generation,Eastern,Eastern,341575,megawatthours
2023-06-20,NY,New York,TI,Total interchange,Eastern,Eastern,-77941,megawatthours
2023-06-19,NY,New York,D,Demand,Eastern,Eastern,407913,megawatthours
2023-06-19,NY,New York,DF,Day-ahead demand forecast,Eastern,Eastern,412687,megawatthours
2023-06-19,NY,New York,NG,Net generation,Eastern,Eastern,335244,megawatthours
2023-06-19,NY,New York,TI,Total interchange,Eastern,Eastern,-72669,megawatthours
2023-06-18,NY,New York,D,Demand,Eastern,Eastern,362553,megawatthours
2023-06-18,NY,New York,DF,Day-ahead demand forecast,Eastern,Eastern,360116,megawatthours
2023-06-18,NY,New York,NG,Net generation,Eastern,Eastern,296231,megawatthours
2023-06-18,NY,New York,TI,Total interchange,Eastern,Eastern,-66322,megawatthours
2023-06-17,NY,New York,D,Demand,Eastern,Eastern,358573,megawatthours
2023-06-17,NY,New York,DF,Day-ahead demand forecast,Eastern,Eastern,360161,megawatthours
2023-06-17,NY,New York,NG,Net generation,Eastern,Eastern,307962,megawatthours
2023-06-17,NY,New York,TI,Total interchange,Eastern,Eastern,-50611,megawatthours
2023-06-16,NY,New York,D,Demand,Eastern,Eastern,399818,megawatthours
2023-06-16,NY,New York,DF,Day-ahead demand forecast,Eastern,Eastern,399613,megawatthours
2023-06-16,NY,New York,NG,Net generation,Eastern,Eastern,332561,megawatthours
2023-06-16,NY,New York,TI,Total interchange,Eastern,Eastern,-67257,megawatthours
2023-06-15,NY,New York,D,Demand,Eastern,Eastern,393562,megawatthours
2023-06-15,NY,New York,DF,Day-ahead demand forecast,Eastern,Eastern,391740,megawatthours
2023-06-15,NY,New York,NG,Net generation,Eastern,Eastern,338563,megawatthours
2023-06-15,NY,New York,TI,Total interchange,Eastern,Eastern,-54999,megawatthours
2023-06-14,NY,New York,D,Demand,Eastern,Eastern,398769,megawatthours
2023-06-14,NY,New York,DF,Day-ahead demand forecast,Eastern,Eastern,396378,megawatthours
2023-06-14,NY,New York,NG,Net generation,Eastern,Eastern,350757,megawatthours
2023-06-14,NY,New York,TI,Total interchange,Eastern,Eastern,-48012,megawatthours
2023-06-13,NY,New York,D,Demand,Eastern,Eastern,403232,megawatthours
2023-06-13,NY,New York,DF,Day-ahead demand forecast,Eastern,Eastern,405681,megawatthours
2023-06-13,NY,New York,NG,Net generation,Eastern,Eastern,343335,megawatthours
2023-06-13,NY,New York,TI,Total interchange,Eastern,Eastern,-59897,megawatthours
2023-06-12,NY,New York,D,Demand,Eastern,Eastern,417727,megawatthours
2023-06-12,NY,New York,DF,Day-ahead demand forecast,Eastern,Eastern,416279,megawatthours
2023-06-12,NY,New York,NG,Net generation,Eastern,Eastern,365245,megawatthours
2023-06-12,NY,New York,TI,Total interchange,Eastern,Eastern,-52482,megawatthours
2023-06-11,NY,New York,D,Demand,Eastern,Eastern,368404,megawatthours
2023-06-11,NY,New York,DF,Day-ahead demand forecast,Eastern,Eastern,366307,megawatthours
2023-06-11,NY,New York,NG,Net generation,Eastern,Eastern,302675,megawatthours
2023-06-11,NY,New York,TI,Total interchange,Eastern,Eastern,-65729,megawatthours
2023-06-10,NY,New York,D,Demand,Eastern,Eastern,345925,megawatthours
2023-06-10,NY,New York,DF,Day-ahead demand forecast,Eastern,Eastern,340238,megawatthours
2023-06-10,NY,New York,NG,Net generation,Eastern,Eastern,291896,megawatthours
2023-06-10,NY,New York,TI,Total interchange,Eastern,Eastern,-54029,megawatthours
2023-06-09,NY,New York,D,Demand,Eastern,Eastern,365957,megawatthours
2023-06-09,NY,New York,DF,Day-ahead demand forecast,Eastern,Eastern,360771,megawatthours
2023-06-09,NY,New York,NG,Net generation,Eastern,Eastern,320475,megawatthours
2023-06-09,NY,New York,TI,Total interchange,Eastern,Eastern,-45482,megawatthours
2023-06-08,NY,New York,D,Demand,Eastern,Eastern,368385,megawatthours
2023-06-08,NY,New York,DF,Day-ahead demand forecast,Eastern,Eastern,365524,megawatthours
2023-06-08,NY,New York,NG,Net generation,Eastern,Eastern,324422,megawatthours
2023-06-08,NY,New York,TI,Total interchange,Eastern,Eastern,-43963,megawatthours
2023-06-07,NY,New York,D,Demand,Eastern,Eastern,364924,megawatthours
2023-06-07,NY,New York,DF,Day-ahead demand forecast,Eastern,Eastern,364851,megawatthours
2023-06-07,NY,New York,NG,Net generation,Eastern,Eastern,323934,megawatthours
2023-06-07,NY,New York,TI,Total interchange,Eastern,Eastern,-40990,megawatthours
2023-06-06,NY,New York,D,Demand,Eastern,Eastern,373060,megawatthours
2023-06-06,NY,New York,DF,Day-ahead demand forecast,Eastern,Eastern,373782,megawatthours
2023-06-06,NY,New York,NG,Net generation,Eastern,Eastern,322270,megawatthours
2023-06-06,NY,New York,TI,Total interchange,Eastern,Eastern,-50790,megawatthours
2023-06-05,NY,New York,D,Demand,Eastern,Eastern,362634,megawatthours
2023-06-05,NY,New York,DF,Day-ahead demand forecast,Eastern,Eastern,365992,megawatthours
2023-06-05,NY,New York,NG,Net generation,Eastern,Eastern,324250,megawatthours
2023-06-05,NY,New York,TI,Total interchange,Eastern,Eastern,-38384,megawatthours
2023-06-04,NY,New York,D,Demand,Eastern,Eastern,323676,megawatthours
2023-06-04,NY,New York,DF,Day-ahead demand forecast,Eastern,Eastern,324579,megawatthours
2023-06-04,NY,New York,NG,Net generation,Eastern,Eastern,293120,megawatthours
2023-06-04,NY,New York,TI,Total interchange,Eastern,Eastern,-30556,megawatthours
2023-06-03,NY,New York,D,Demand,Eastern,Eastern,368122,megawatthours
2023-06-03,NY,New York,DF,Day-ahead demand forecast,Eastern,Eastern,366099,megawatthours
2023-06-03,NY,New York,NG,Net generation,Eastern,Eastern,332154,megawatthours
2023-06-03,NY,New York,TI,Total interchange,Eastern,Eastern,-35968,megawatthours
2023-06-02,NY,New York,D,Demand,Eastern,Eastern,448046,megawatthours
2023-06-02,NY,New York,DF,Day-ahead demand forecast,Eastern,Eastern,446143,megawatthours
2023-06-02,NY,New York,NG,Net generation,Eastern,Eastern,391383,megawatthours
2023-06-02,NY,New York,TI,Total interchange,Eastern,Eastern,-56663,megawatthours
2023-06-01,NY,New York,D,Demand,Eastern,Eastern,421942,megawatthours
2023-06-01,NY,New York,DF,Day-ahead demand forecast,Eastern,Eastern,406885,megawatthours
2023-06-01,NY,New York,NG,Net generation,Eastern,Eastern,368222,megawatthours
2023-06-01,NY,New York,TI,Total interchange,Eastern,Eastern,-53720,megawatthours
2023-05-31,NY,New York,D,Demand,Eastern,Eastern,389761,megawatthours
2023-05-31,NY,New York,DF,Day-ahead demand forecast,Eastern,Eastern,374571,megawatthours
2023-05-31,NY,New York,NG,Net generation,Eastern,Eastern,337683,megawatthours
2023-05-31,NY,New York,TI,Total interchange,Eastern,Eastern,-52078,megawatthours
2023-05-30,NY,New York,D,Demand,Eastern,Eastern,373798,megawatthours
2023-05-30,NY,New York,DF,Day-ahead demand forecast,Eastern,Eastern,363180,megawatthours
2023-05-30,NY,New York,NG,Net generation,Eastern,Eastern,329482,megawatthours
2023-05-30,NY,New York,TI,Total interchange,Eastern,Eastern,-44316,megawatthours
2023-05-29,NY,New York,D,Demand,Eastern,Eastern,346952,megawatthours
2023-05-29,NY,New York,DF,Day-ahead demand forecast,Eastern,Eastern,344797,megawatthours
2023-05-29,NY,New York,NG,Net generation,Eastern,Eastern,285657,megawatthours
2023-05-29,NY,New York,TI,Total interchange,Eastern,Eastern,-61295,megawatthours
2023-05-28,NY,New York,D,Demand,Eastern,Eastern,331256,megawatthours
2023-05-28,NY,New York,DF,Day-ahead demand forecast,Eastern,Eastern,321890,megawatthours
2023-05-28,NY,New York,NG,Net generation,Eastern,Eastern,275413,megawatthours
2023-05-28,NY,New York,TI,Total interchange,Eastern,Eastern,-55843,megawatthours
2023-05-27,NY,New York,D,Demand,Eastern,Eastern,327519,megawatthours
2023-05-27,NY,New York,DF,Day-ahead demand forecast,Eastern,Eastern,318207,megawatthours
2023-05-27,NY,New York,NG,Net generation,Eastern,Eastern,282302,megawatthours
2023-05-27,NY,New York,TI,Total interchange,Eastern,Eastern,-45217,megawatthours
2023-05-26,NY,New York,D,Demand,Eastern,Eastern,344498,megawatthours
2023-05-26,NY,New York,DF,Day-ahead demand forecast,Eastern,Eastern,333227,megawatthours
2023-05-26,NY,New York,NG,Net generation,Eastern,Eastern,298645,megawatthours
2023-05-26,NY,New York,TI,Total interchange,Eastern,Eastern,-45853,megawatthours
2023-05-25,NY,New York,D,Demand,Eastern,Eastern,344406,megawatthours
2023-05-25,NY,New York,DF,Day-ahead demand forecast,Eastern,Eastern,334037,megawatthours
2023-05-25,NY,New York,NG,Net generation,Eastern,Eastern,299699,megawatthours
2023-05-25,NY,New York,TI,Total interchange,Eastern,Eastern,-44707,megawatthours
2023-05-24,NY,New York,D,Demand,Eastern,Eastern,359851,megawatthours
2023-05-24,NY,New York,DF,Day-ahead demand forecast,Eastern,Eastern,349818,megawatthours
2023-05-24,NY,New York,NG,Net generation,Eastern,Eastern,317184,megawatthours
2023-05-24,NY,New York,TI,Total interchange,Eastern,Eastern,-42667,megawatthours
2023-05-23,NY,New York,D,Demand,Eastern,Eastern,355234,megawatthours
2023-05-23,NY,New York,DF,Day-ahead demand forecast,Eastern,Eastern,352429,megawatthours
2023-05-23,NY,New York,NG,Net generation,Eastern,Eastern,300549,megawatthours
2023-05-23,NY,New York,TI,Total interchange,Eastern,Eastern,-54685,megawatthours
2023-05-22,NY,New York,D,Demand,Eastern,Eastern,357179,megawatthours
2023-05-22,NY,New York,DF,Day-ahead demand forecast,Eastern,Eastern,349593,megawatthours
2023-05-22,NY,New York,NG,Net generation,Eastern,Eastern,292313,megawatthours
2023-05-22,NY,New York,TI,Total interchange,Eastern,Eastern,-64866,megawatthours
2023-05-21,NY,New York,D,Demand,Eastern,Eastern,321377,megawatthours
2023-05-21,NY,New York,DF,Day-ahead demand forecast,Eastern,Eastern,321107,megawatthours
2023-05-21,NY,New York,NG,Net generation,Eastern,Eastern,278827,megawatthours
2023-05-21,NY,New York,TI,Total interchange,Eastern,Eastern,-42550,megawatthours
2023-05-20,NY,New York,D,Demand,Eastern,Eastern,340257,megawatthours
2023-05-20,NY,New York,DF,Day-ahead demand forecast,Eastern,Eastern,333308,megawatthours
2023-05-20,NY,New York,NG,Net generation,Eastern,Eastern,300870,megawatthours
2023-05-20,NY,New York,TI,Total interchange,Eastern,Eastern,-39387,megawatthours
2023-05-19,NY,New York,D,Demand,Eastern,Eastern,347304,megawatthours
2023-05-19,NY,New York,DF,Day-ahead demand forecast,Eastern,Eastern,343974,megawatthours
2023-05-19,NY,New York,NG,Net generation,Eastern,Eastern,305063,megawatthours
2023-05-19,NY,New York,TI,Total interchange,Eastern,Eastern,-42241,megawatthours
2023-05-18,NY,New York,D,Demand,Eastern,Eastern,341869,megawatthours
2023-05-18,NY,New York,DF,Day-ahead demand forecast,Eastern,Eastern,332162,megawatthours
2023-05-18,NY,New York,NG,Net generation,Eastern,Eastern,290824,megawatthours
2023-05-18,NY,New York,TI,Total interchange,Eastern,Eastern,-51045,megawatthours
2023-05-17,NY,New York,D,Demand,Eastern,Eastern,349076,megawatthours
2023-05-17,NY,New York,DF,Day-ahead demand forecast,Eastern,Eastern,335969,megawatthours
2023-05-17,NY,New York,NG,Net generation,Eastern,Eastern,299966,megawatthours
2023-05-17,NY,New York,TI,Total interchange,Eastern,Eastern,-49110,megawatthours
2023-05-16,NY,New York,D,Demand,Eastern,Eastern,365366,megawatthours
2023-05-16,NY,New York,DF,Day-ahead demand forecast,Eastern,Eastern,351678,megawatthours
2023-05-16,NY,New York,NG,Net generation,Eastern,Eastern,311742,megawatthours
2023-05-16,NY,New York,TI,Total interchange,Eastern,Eastern,-53624,megawatthours
2023-05-15,NY,New York,D,Demand,Eastern,Eastern,353202,megawatthours
2023-05-15,NY,New York,DF,Day-ahead demand forecast,Eastern,Eastern,340128,megawatthours
2023-05-15,NY,New York,NG,Net generation,Eastern,Eastern,301947,megawatthours
2023-05-15,NY,New York,TI,Total interchange,Eastern,Eastern,-51255,megawatthours
2023-05-14,NY,New York,D,Demand,Eastern,Eastern,321480,megawatthours
2023-05-14,NY,New York,DF,Day-ahead demand forecast,Eastern,Eastern,322436,megawatthours
2023-05-14,NY,New York,NG,Net generation,Eastern,Eastern,263152,megawatthours
2023-05-14,NY,New York,TI,Total interchange,Eastern,Eastern,-58328,megawatthours
2023-05-13,NY,New York,D,Demand,Eastern,Eastern,361318,megawatthours
2023-05-13,NY,New York,DF,Day-ahead demand forecast,Eastern,Eastern,348417,megawatthours
2023-05-13,NY,New York,NG,Net generation,Eastern,Eastern,296479,megawatthours
2023-05-13,NY,New York,TI,Total interchange,Eastern,Eastern,-64839,megawatthours
2023-05-12,NY,New York,D,Demand,Eastern,Eastern,382667,megawatthours
2023-05-12,NY,New York,DF,Day-ahead demand forecast,Eastern,Eastern,372422,megawatthours
2023-05-12,NY,New York,NG,Net generation,Eastern,Eastern,318872,megawatthours
2023-05-12,NY,New York,TI,Total interchange,Eastern,Eastern,-63795,megawatthours
2023-05-11,NY,New York,D,Demand,Eastern,Eastern,357481,megawatthours
2023-05-11,NY,New York,DF,Day-ahead demand forecast,Eastern,Eastern,346320,megawatthours
2023-05-11,NY,New York,NG,Net generation,Eastern,Eastern,299807,megawatthours
2023-05-11,NY,New York,TI,Total interchange,Eastern,Eastern,-57674,megawatthours
2023-05-10,NY,New York,D,Demand,Eastern,Eastern,343723,megawatthours
2023-05-10,NY,New York,DF,Day-ahead demand forecast,Eastern,Eastern,334746,megawatthours
2023-05-10,NY,New York,NG,Net generation,Eastern,Eastern,297999,megawatthours
2023-05-10,NY,New York,TI,Total interchange,Eastern,Eastern,-45724,megawatthours
2023-05-09,NY,New York,D,Demand,Eastern,Eastern,343182,megawatthours
2023-05-09,NY,New York,DF,Day-ahead demand forecast,Eastern,Eastern,345601,megawatthours
2023-05-09,NY,New York,NG,Net generation,Eastern,Eastern,286811,megawatthours
2023-05-09,NY,New York,TI,Total interchange,Eastern,Eastern,-56371,megawatthours
2023-05-08,NY,New York,D,Demand,Eastern,Eastern,351217,megawatthours
2023-05-08,NY,New York,DF,Day-ahead demand forecast,Eastern,Eastern,344215,megawatthours
2023-05-08,NY,New York,NG,Net generation,Eastern,Eastern,286596,megawatthours
2023-05-08,NY,New York,TI,Total interchange,Eastern,Eastern,-64621,megawatthours
2023-05-07,NY,New York,D,Demand,Eastern,Eastern,319256,megawatthours
2023-05-07,NY,New York,DF,Day-ahead demand forecast,Eastern,Eastern,322438,megawatthours
2023-05-07,NY,New York,NG,Net generation,Eastern,Eastern,255245,megawatthours
2023-05-07,NY,New York,TI,Total interchange,Eastern,Eastern,-64011,megawatthours
2023-05-06,NY,New York,D,Demand,Eastern,Eastern,317453,megawatthours
2023-05-06,NY,New York,DF,Day-ahead demand forecast,Eastern,Eastern,315941,megawatthours
2023-05-06,NY,New York,NG,Net generation,Eastern,Eastern,253577,megawatthours
2023-05-06,NY,New York,TI,Total interchange,Eastern,Eastern,-63876,megawatthours
2023-05-05,NY,New York,D,Demand,Eastern,Eastern,347953,megawatthours
2023-05-05,NY,New York,DF,Day-ahead demand forecast,Eastern,Eastern,340967,megawatthours
2023-05-05,NY,New York,NG,Net generation,Eastern,Eastern,296908,megawatthours
2023-05-05,NY,New York,TI,Total interchange,Eastern,Eastern,-51045,megawatthours
2023-05-04,NY,New York,D,Demand,Eastern,Eastern,364282,megawatthours
2023-05-04,NY,New York,DF,Day-ahead demand forecast,Eastern,Eastern,354986,megawatthours
2023-05-04,NY,New York,NG,Net generation,Eastern,Eastern,316599,megawatthours
2023-05-04,NY,New York,TI,Total interchange,Eastern,Eastern,-47683,megawatthours
2023-05-03,NY,New York,D,Demand,Eastern,Eastern,362991,megawatthours
2023-05-03,NY,New York,DF,Day-ahead demand forecast,Eastern,Eastern,358904,megawatthours
2023-05-03,NY,New York,NG,Net generation,Eastern,Eastern,312482,megawatthours
2023-05-03,NY,New York,TI,Total interchange,Eastern,Eastern,-50509,megawatthours
2023-05-02,NY,New York,D,Demand,Eastern,Eastern,362066,megawatthours
2023-05-02,NY,New York,DF,Day-ahead demand forecast,Eastern,Eastern,359307,megawatthours
2023-05-02,NY,New York,NG,Net generation,Eastern,Eastern,305927,megawatthours
2023-05-02,NY,New York,TI,Total interchange,Eastern,Eastern,-56139,megawatthours
2023-05-01,NY,New York,D,Demand,Eastern,Eastern,354241,megawatthours
2023-05-01,NY,New York,DF,Day-ahead demand forecast,Eastern,Eastern,346524,megawatthours
2023-05-01,NY,New York,NG,Net generation,Eastern,Eastern,292319,megawatthours
2023-05-01,NY,New York,TI,Total interchange,Eastern,Eastern,-61922,megawatthours
2023-04-30,NY,New York,D,Demand,Eastern,Eastern,343546,megawatthours
2023-04-30,NY,New York,DF,Day-ahead demand forecast,Eastern,Eastern,329197,megawatthours
2023-04-30,NY,New York,NG,Net generation,Eastern,Eastern,292412,megawatthours
2023-04-30,NY,New York,TI,Total interchange,Eastern,Eastern,-51134,megawatthours
2023-04-29,NY,New York,D,Demand,Eastern,Eastern,347414,megawatthours
2023-04-29,NY,New York,DF,Day-ahead demand forecast,Eastern,Eastern,333886,megawatthours
2023-04-29,NY,New York,NG,Net generation,Eastern,Eastern,281880,megawatthours
2023-04-29,NY,New York,TI,Total interchange,Eastern,Eastern,-65534,megawatthours
2023-04-28,NY,New York,D,Demand,Eastern,Eastern,354173,megawatthours
2023-04-28,NY,New York,DF,Day-ahead demand forecast,Eastern,Eastern,345824,megawatthours
2023-04-28,NY,New York,NG,Net generation,Eastern,Eastern,282459,megawatthours
2023-04-28,NY,New York,TI,Total interchange,Eastern,Eastern,-71714,megawatthours
2023-04-27,NY,New York,D,Demand,Eastern,Eastern,353480,megawatthours
2023-04-27,NY,New York,DF,Day-ahead demand forecast,Eastern,Eastern,338434,megawatthours
2023-04-27,NY,New York,NG,Net generation,Eastern,Eastern,280745,megawatthours
2023-04-27,NY,New York,TI,Total interchange,Eastern,Eastern,-72735,megawatthours
2023-04-26,NY,New York,D,Demand,Eastern,Eastern,356268,megawatthours
2023-04-26,NY,New York,DF,Day-ahead demand forecast,Eastern,Eastern,345399,megawatthours
2023-04-26,NY,New York,NG,Net generation,Eastern,Eastern,282854,megawatthours
2023-04-26,NY,New York,TI,Total interchange,Eastern,Eastern,-73414,megawatthours
2023-04-25,NY,New York,D,Demand,Eastern,Eastern,357574,megawatthours
2023-04-25,NY,New York,DF,Day-ahead demand forecast,Eastern,Eastern,340009,megawatthours
2023-04-25,NY,New York,NG,Net generation,Eastern,Eastern,281582,megawatthours
2023-04-25,NY,New York,TI,Total interchange,Eastern,Eastern,-75992,megawatthours
2023-04-24,NY,New York,D,Demand,Eastern,Eastern,353181,megawatthours
2023-04-24,NY,New York,DF,Day-ahead demand forecast,Eastern,Eastern,340328,megawatthours
2023-04-24,NY,New York,NG,Net generation,Eastern,Eastern,277670,megawatthours
2023-04-24,NY,New York,TI,Total interchange,Eastern,Eastern,-75511,megawatthours
2023-04-23,NY,New York,D,Demand,Eastern,Eastern,329118,megawatthours
2023-04-23,NY,New York,DF,Day-ahead demand forecast,Eastern,Eastern,314238,megawatthours
2023-04-23,NY,New York,NG,Net generation,Eastern,Eastern,261588,megawatthours
2023-04-23,NY,New York,TI,Total interchange,Eastern,Eastern,-67530,megawatthours
2023-04-22,NY,New York,D,Demand,Eastern,Eastern,325093,megawatthours
2023-04-22,NY,New York,DF,Day-ahead demand forecast,Eastern,Eastern,324579,megawatthours
2023-04-22,NY,New York,NG,Net generation,Eastern,Eastern,259758,megawatthours
2023-04-22,NY,New York,TI,Total interchange,Eastern,Eastern,-65335,megawatthours
2023-04-21,NY,New York,D,Demand,Eastern,Eastern,340097,megawatthours
2023-04-21,NY,New York,DF,Day-ahead demand forecast,Eastern,Eastern,339655,megawatthours
2023-04-21,NY,New York,NG,Net generation,Eastern,Eastern,253708,megawatthours
2023-04-21,NY,New York,TI,Total interchange,Eastern,Eastern,-86389,megawatthours
2023-04-20,NY,New York,D,Demand,Eastern,Eastern,348058,megawatthours
2023-04-20,NY,New York,DF,Day-ahead demand forecast,Eastern,Eastern,341399,megawatthours
2023-04-20,NY,New York,NG,Net generation,Eastern,Eastern,238567,megawatthours
2023-04-20,NY,New York,TI,Total interchange,Eastern,Eastern,-109491,megawatthours
2023-04-19,NY,New York,D,Demand,Eastern,Eastern,359758,megawatthours
2023-04-19,NY,New York,DF,Day-ahead demand forecast,Eastern,Eastern,341772,megawatthours
2023-04-19,NY,New York,NG,Net generation,Eastern,Eastern,272036,megawatthours
2023-04-19,NY,New York,TI,Total interchange,Eastern,Eastern,-87722,megawatthours
2023-04-18,NY,New York,D,Demand,Eastern,Eastern,358331,megawatthours
2023-04-18,NY,New York,DF,Day-ahead demand forecast,Eastern,Eastern,351373,megawatthours
2023-04-18,NY,New York,NG,Net generation,Eastern,Eastern,264926,megawatthours
2023-04-18,NY,New York,TI,Total interchange,Eastern,Eastern,-93405,megawatthours
2023-04-17,NY,New York,D,Demand,Eastern,Eastern,354728,megawatthours
2023-04-17,NY,New York,DF,Day-ahead demand forecast,Eastern,Eastern,351730,megawatthours
2023-04-17,NY,New York,NG,Net generation,Eastern,Eastern,258837,megawatthours
2023-04-17,NY,New York,TI,Total interchange,Eastern,Eastern,-95891,megawatthours
2023-04-16,NY,New York,D,Demand,Eastern,Eastern,330423,megawatthours
2023-04-16,NY,New York,DF,Day-ahead demand forecast,Eastern,Eastern,325647,megawatthours
2023-04-16,NY,New York,NG,Net generation,Eastern,Eastern,243797,megawatthours
2023-04-16,NY,New York,TI,Total interchange,Eastern,Eastern,-86626,megawatthours
2023-04-15,NY,New York,D,Demand,Eastern,Eastern,345826,megawatthours
2023-04-15,NY,New York,DF,Day-ahead demand forecast,Eastern,Eastern,335166,megawatthours
2023-04-15,NY,New York,NG,Net generation,Eastern,Eastern,250058,megawatthours
2023-04-15,NY,New York,TI,Total interchange,Eastern,Eastern,-95768,megawatthours
2023-04-14,NY,New York,D,Demand,Eastern,Eastern,384186,megawatthours
2023-04-14,NY,New York,DF,Day-ahead demand forecast,Eastern,Eastern,361779,megawatthours
2023-04-14,NY,New York,NG,Net generation,Eastern,Eastern,279088,megawatthours
2023-04-14,NY,New York,TI,Total interchange,Eastern,Eastern,-105098,megawatthours
2023-04-13,NY,New York,D,Demand,Eastern,Eastern,370935,megawatthours
2023-04-13,NY,New York,DF,Day-ahead demand forecast,Eastern,Eastern,352394,megawatthours
2023-04-13,NY,New York,NG,Net generation,Eastern,Eastern,295208,megawatthours
2023-04-13,NY,New York,TI,Total interchange,Eastern,Eastern,-75727,megawatthours
2023-04-12,NY,New York,D,Demand,Eastern,Eastern,348633,megawatthours
2023-04-12,NY,New York,DF,Day-ahead demand forecast,Eastern,Eastern,341259,megawatthours
2023-04-12,NY,New York,NG,Net generation,Eastern,Eastern,269029,megawatthours
2023-04-12,NY,New York,TI,Total interchange,Eastern,Eastern,-79604,megawatthours
2023-04-11,NY,New York,D,Demand,Eastern,Eastern,346981,megawatthours
2023-04-11,NY,New York,DF,Day-ahead demand forecast,Eastern,Eastern,342595,megawatthours
2023-04-11,NY,New York,NG,Net generation,Eastern,Eastern,272544,megawatthours
2023-04-11,NY,New York,TI,Total interchange,Eastern,Eastern,-74437,megawatthours
2023-04-10,NY,New York,D,Demand,Eastern,Eastern,344926,megawatthours
2023-04-10,NY,New York,DF,Day-ahead demand forecast,Eastern,Eastern,336901,megawatthours
2023-04-10,NY,New York,NG,Net generation,Eastern,Eastern,258583,megawatthours
2023-04-10,NY,New York,TI,Total interchange,Eastern,Eastern,-86343,megawatthours
2023-04-09,NY,New York,D,Demand,Eastern,Eastern,318693,megawatthours
2023-04-09,NY,New York,DF,Day-ahead demand forecast,Eastern,Eastern,315268,megawatthours
2023-04-09,NY,New York,NG,Net generation,Eastern,Eastern,251539,megawatthours
2023-04-09,NY,New York,TI,Total interchange,Eastern,Eastern,-67154,megawatthours
2023-04-08,NY,New York,D,Demand,Eastern,Eastern,333294,megawatthours
2023-04-08,NY,New York,DF,Day-ahead demand forecast,Eastern,Eastern,321623,megawatthours
2023-04-08,NY,New York,NG,Net generation,Eastern,Eastern,264056,megawatthours
2023-04-08,NY,New York,TI,Total interchange,Eastern,Eastern,-69238,megawatthours
2023-04-07,NY,New York,D,Demand,Eastern,Eastern,348795,megawatthours
2023-04-07,NY,New York,DF,Day-ahead demand forecast,Eastern,Eastern,336453,megawatthours
2023-04-07,NY,New York,NG,Net generation,Eastern,Eastern,290713,megawatthours
2023-04-07,NY,New York,TI,Total interchange,Eastern,Eastern,-58082,megawatthours
2023-04-06,NY,New York,D,Demand,Eastern,Eastern,358342,megawatthours
2023-04-06,NY,New York,DF,Day-ahead demand forecast,Eastern,Eastern,358524,megawatthours
2023-04-06,NY,New York,NG,Net generation,Eastern,Eastern,303218,megawatthours
2023-04-06,NY,New York,TI,Total interchange,Eastern,Eastern,-55124,megawatthours
2023-04-05,NY,New York,D,Demand,Eastern,Eastern,369020,megawatthours
2023-04-05,NY,New York,DF,Day-ahead demand forecast,Eastern,Eastern,366392,megawatthours
2023-04-05,NY,New York,NG,Net generation,Eastern,Eastern,307397,megawatthours
2023-04-05,NY,New York,TI,Total interchange,Eastern,Eastern,-61623,megawatthours
2023-04-04,NY,New York,D,Demand,Eastern,Eastern,358409,megawatthours
2023-04-04,NY,New York,DF,Day-ahead demand forecast,Eastern,Eastern,362753,megawatthours
2023-04-04,NY,New York,NG,Net generation,Eastern,Eastern,291035,megawatthours
2023-04-04,NY,New York,TI,Total interchange,Eastern,Eastern,-67374,megawatthours
2023-04-03,NY,New York,D,Demand,Eastern,Eastern,363987,megawatthours
2023-04-03,NY,New York,DF,Day-ahead demand forecast,Eastern,Eastern,362612,megawatthours
2023-04-03,NY,New York,NG,Net generation,Eastern,Eastern,311661,megawatthours
2023-04-03,NY,New York,TI,Total interchange,Eastern,Eastern,-52326,megawatthours
2023-04-02,NY,New York,D,Demand,Eastern,Eastern,335164,megawatthours
2023-04-02,NY,New York,DF,Day-ahead demand forecast,Eastern,Eastern,324524,megawatthours
2023-04-02,NY,New York,NG,Net generation,Eastern,Eastern,271823,megawatthours
2023-04-02,NY,New York,TI,Total interchange,Eastern,Eastern,-63341,megawatthours
2023-04-01,NY,New York,D,Demand,Eastern,Eastern,340462,megawatthours
2023-04-01,NY,New York,DF,Day-ahead demand forecast,Eastern,Eastern,333406,megawatthours
2023-04-01,NY,New York,NG,Net generation,Eastern,Eastern,301778,megawatthours
2023-04-01,NY,New York,TI,Total interchange,Eastern,Eastern,-38684,megawatthours
2023-03-31,NY,New York,D,Demand,Eastern,Eastern,392488,megawatthours
2023-03-31,NY,New York,DF,Day-ahead demand forecast,Eastern,Eastern,382301,megawatthours
2023-03-31,NY,New York,NG,Net generation,Eastern,Eastern,309522,megawatthours
2023-03-31,NY,New York,TI,Total interchange,Eastern,Eastern,-82966,megawatthours
2023-03-30,NY,New York,D,Demand,Eastern,Eastern,383436,megawatthours
2023-03-30,NY,New York,DF,Day-ahead demand forecast,Eastern,Eastern,373465,megawatthours
2023-03-30,NY,New York,NG,Net generation,Eastern,Eastern,305207,megawatthours
2023-03-30,NY,New York,TI,Total interchange,Eastern,Eastern,-78229,megawatthours
2023-03-29,NY,New York,D,Demand,Eastern,Eastern,371904,megawatthours
2023-03-29,NY,New York,DF,Day-ahead demand forecast,Eastern,Eastern,362028,megawatthours
2023-03-29,NY,New York,NG,Net generation,Eastern,Eastern,295681,megawatthours
2023-03-29,NY,New York,TI,Total interchange,Eastern,Eastern,-76223,megawatthours
2023-03-28,NY,New York,D,Demand,Eastern,Eastern,380407,megawatthours
2023-03-28,NY,New York,DF,Day-ahead demand forecast,Eastern,Eastern,372722,megawatthours
2023-03-28,NY,New York,NG,Net generation,Eastern,Eastern,293177,megawatthours
2023-03-28,NY,New York,TI,Total interchange,Eastern,Eastern,-87230,megawatthours
2023-03-27,NY,New York,D,Demand,Eastern,Eastern,378230,megawatthours
2023-03-27,NY,New York,DF,Day-ahead demand forecast,Eastern,Eastern,372339,megawatthours
2023-03-27,NY,New York,NG,Net generation,Eastern,Eastern,288605,megawatthours
2023-03-27,NY,New York,TI,Total interchange,Eastern,Eastern,-89625,megawatthours
2023-03-26,NY,New York,D,Demand,Eastern,Eastern,336512,megawatthours
2023-03-26,NY,New York,DF,Day-ahead demand forecast,Eastern,Eastern,334159,megawatthours
2023-03-26,NY,New York,NG,Net generation,Eastern,Eastern,284617,megawatthours
2023-03-26,NY,New York,TI,Total interchange,Eastern,Eastern,-51895,megawatthours
2023-03-25,NY,New York,D,Demand,Eastern,Eastern,378027,megawatthours
2023-03-25,NY,New York,DF,Day-ahead demand forecast,Eastern,Eastern,363168,megawatthours
2023-03-25,NY,New York,NG,Net generation,Eastern,Eastern,303894,megawatthours
2023-03-25,NY,New York,TI,Total interchange,Eastern,Eastern,-74133,megawatthours
2023-03-24,NY,New York,D,Demand,Eastern,Eastern,370607,megawatthours
2023-03-24,NY,New York,DF,Day-ahead demand forecast,Eastern,Eastern,363738,megawatthours
2023-03-24,NY,New York,NG,Net generation,Eastern,Eastern,285507,megawatthours
2023-03-24,NY,New York,TI,Total interchange,Eastern,Eastern,-85100,megawatthours
2023-03-23,NY,New York,D,Demand,Eastern,Eastern,379278,megawatthours
2023-03-23,NY,New York,DF,Day-ahead demand forecast,Eastern,Eastern,373444,megawatthours
2023-03-23,NY,New York,NG,Net generation,Eastern,Eastern,294026,megawatthours
2023-03-23,NY,New York,TI,Total interchange,Eastern,Eastern,-85252,megawatthours
2023-03-22,NY,New York,D,Demand,Eastern,Eastern,371501,megawatthours
2023-03-22,NY,New York,DF,Day-ahead demand forecast,Eastern,Eastern,370918,megawatthours
2023-03-22,NY,New York,NG,Net generation,Eastern,Eastern,282593,megawatthours
2023-03-22,NY,New York,TI,Total interchange,Eastern,Eastern,-88908,megawatthours
2023-03-21,NY,New York,D,Demand,Eastern,Eastern,372953,megawatthours
2023-03-21,NY,New York,DF,Day-ahead demand forecast,Eastern,Eastern,371910,megawatthours
2023-03-21,NY,New York,NG,Net generation,Eastern,Eastern,287678,megawatthours
2023-03-21,NY,New York,TI,Total interchange,Eastern,Eastern,-85275,megawatthours
2023-03-20,NY,New York,D,Demand,Eastern,Eastern,385241,megawatthours
2023-03-20,NY,New York,DF,Day-ahead demand forecast,Eastern,Eastern,380010,megawatthours
2023-03-20,NY,New York,NG,Net generation,Eastern,Eastern,298407,megawatthours
2023-03-20,NY,New York,TI,Total interchange,Eastern,Eastern,-86834,megawatthours
2023-03-19,NY,New York,D,Demand,Eastern,Eastern,375771,megawatthours
2023-03-19,NY,New York,DF,Day-ahead demand forecast,Eastern,Eastern,371488,megawatthours
2023-03-19,NY,New York,NG,Net generation,Eastern,Eastern,277153,megawatthours
2023-03-19,NY,New York,TI,Total interchange,Eastern,Eastern,-98618,megawatthours
2023-03-18,NY,New York,D,Demand,Eastern,Eastern,357175,megawatthours
2023-03-18,NY,New York,DF,Day-ahead demand forecast,Eastern,Eastern,353341,megawatthours
2023-03-18,NY,New York,NG,Net generation,Eastern,Eastern,272202,megawatthours
2023-03-18,NY,New York,TI,Total interchange,Eastern,Eastern,-84973,megawatthours
2023-03-17,NY,New York,D,Demand,Eastern,Eastern,387887,megawatthours
2023-03-17,NY,New York,DF,Day-ahead demand forecast,Eastern,Eastern,381727,megawatthours
2023-03-17,NY,New York,NG,Net generation,Eastern,Eastern,296148,megawatthours
2023-03-17,NY,New York,TI,Total interchange,Eastern,Eastern,-91739,megawatthours
2023-03-16,NY,New York,D,Demand,Eastern,Eastern,392506,megawatthours
2023-03-16,NY,New York,DF,Day-ahead demand forecast,Eastern,Eastern,392165,megawatthours
2023-03-16,NY,New York,NG,Net generation,Eastern,Eastern,288771,megawatthours
2023-03-16,NY,New York,TI,Total interchange,Eastern,Eastern,-103735,megawatthours
2023-03-15,NY,New York,D,Demand,Eastern,Eastern,408274,megawatthours
2023-03-15,NY,New York,DF,Day-ahead demand forecast,Eastern,Eastern,399288,megawatthours
2023-03-15,NY,New York,NG,Net generation,Eastern,Eastern,306626,megawatthours
2023-03-15,NY,New York,TI,Total interchange,Eastern,Eastern,-101648,megawatthours
2023-03-14,NY,New York,D,Demand,Eastern,Eastern,423648,megawatthours
2023-03-14,NY,New York,DF,Day-ahead demand forecast,Eastern,Eastern,409264,megawatthours
2023-03-14,NY,New York,NG,Net generation,Eastern,Eastern,321305,megawatthours
2023-03-14,NY,New York,TI,Total interchange,Eastern,Eastern,-102343,megawatthours
2023-03-13,NY,New York,D,Demand,Eastern,Eastern,409925,megawatthours
2023-03-13,NY,New York,DF,Day-ahead demand forecast,Eastern,Eastern,401519,megawatthours
2023-03-13,NY,New York,NG,Net generation,Eastern,Eastern,295329,megawatthours
2023-03-13,NY,New York,TI,Total interchange,Eastern,Eastern,-114596,megawatthours
2023-03-12,NY,New York,D,Demand,Eastern,Eastern,359761,megawatthours
2023-03-12,NY,New York,DF,Day-ahead demand forecast,Eastern,Eastern,353293,megawatthours
2023-03-12,NY,New York,NG,Net generation,Eastern,Eastern,245856,megawatthours
2023-03-12,NY,New York,TI,Total interchange,Eastern,Eastern,-113905,megawatthours
2023-03-11,NY,New York,D,Demand,Eastern,Eastern,390735,megawatthours
2023-03-11,NY,New York,DF,Day-ahead demand forecast,Eastern,Eastern,380432,megawatthours
2023-03-11,NY,New York,NG,Net generation,Eastern,Eastern,266780,megawatthours
2023-03-11,NY,New York,TI,Total interchange,Eastern,Eastern,-123955,megawatthours
2023-03-10,NY,New York,D,Demand,Eastern,Eastern,407218,megawatthours
2023-03-10,NY,New York,DF,Day-ahead demand forecast,Eastern,Eastern,402133,megawatthours
2023-03-10,NY,New York,NG,Net generation,Eastern,Eastern,290911,megawatthours
2023-03-10,NY,New York,TI,Total interchange,Eastern,Eastern,-116307,megawatthours
2023-03-09,NY,New York,D,Demand,Eastern,Eastern,401725,megawatthours
2023-03-09,NY,New York,DF,Day-ahead demand forecast,Eastern,Eastern,400833,megawatthours
2023-03-09,NY,New York,NG,Net generation,Eastern,Eastern,292309,megawatthours
2023-03-09,NY,New York,TI,Total interchange,Eastern,Eastern,-109416,megawatthours
2023-03-08,NY,New York,D,Demand,Eastern,Eastern,409802,megawatthours
2023-03-08,NY,New York,DF,Day-ahead demand forecast,Eastern,Eastern,405596,megawatthours
2023-03-08,NY,New York,NG,Net generation,Eastern,Eastern,314488,megawatthours
2023-03-08,NY,New York,TI,Total interchange,Eastern,Eastern,-95314,megawatthours
2023-03-07,NY,New York,D,Demand,Eastern,Eastern,399747,megawatthours
2023-03-07,NY,New York,DF,Day-ahead demand forecast,Eastern,Eastern,401221,megawatthours
2023-03-07,NY,New York,NG,Net generation,Eastern,Eastern,302066,megawatthours
2023-03-07,NY,New York,TI,Total interchange,Eastern,Eastern,-97681,megawatthours
2023-03-06,NY,New York,D,Demand,Eastern,Eastern,391012,megawatthours
2023-03-06,NY,New York,DF,Day-ahead demand forecast,Eastern,Eastern,387009,megawatthours
2023-03-06,NY,New York,NG,Net generation,Eastern,Eastern,287135,megawatthours
2023-03-06,NY,New York,TI,Total interchange,Eastern,Eastern,-103877,megawatthours
2023-03-05,NY,New York,D,Demand,Eastern,Eastern,370237,megawatthours
2023-03-05,NY,New York,DF,Day-ahead demand forecast,Eastern,Eastern,365704,megawatthours
2023-03-05,NY,New York,NG,Net generation,Eastern,Eastern,293296,megawatthours
2023-03-05,NY,New York,TI,Total interchange,Eastern,Eastern,-76941,megawatthours
2023-03-04,NY,New York,D,Demand,Eastern,Eastern,387061,megawatthours
2023-03-04,NY,New York,DF,Day-ahead demand forecast,Eastern,Eastern,377574,megawatthours
2023-03-04,NY,New York,NG,Net generation,Eastern,Eastern,315533,megawatthours
2023-03-04,NY,New York,TI,Total interchange,Eastern,Eastern,-71528,megawatthours
2023-03-03,NY,New York,D,Demand,Eastern,Eastern,401773,megawatthours
2023-03-03,NY,New York,DF,Day-ahead demand forecast,Eastern,Eastern,392809,megawatthours
2023-03-03,NY,New York,NG,Net generation,Eastern,Eastern,332177,megawatthours
2023-03-03,NY,New York,TI,Total interchange,Eastern,Eastern,-69596,megawatthours
2023-03-02,NY,New York,D,Demand,Eastern,Eastern,405127,megawatthours
2023-03-02,NY,New York,DF,Day-ahead demand forecast,Eastern,Eastern,394529,megawatthours
2023-03-02,NY,New York,NG,Net generation,Eastern,Eastern,335816,megawatthours
2023-03-02,NY,New York,TI,Total interchange,Eastern,Eastern,-69311,megawatthours
2023-03-01,NY,New York,D,Demand,Eastern,Eastern,412869,megawatthours
2023-03-01,NY,New York,DF,Day-ahead demand forecast,Eastern,Eastern,405721,megawatthours
2023-03-01,NY,New York,NG,Net generation,Eastern,Eastern,334081,megawatthours
2023-03-01,NY,New York,TI,Total interchange,Eastern,Eastern,-78788,megawatthours
2023-02-28,NY,New York,D,Demand,Eastern,Eastern,431938,megawatthours
2023-02-28,NY,New York,DF,Day-ahead demand forecast,Eastern,Eastern,413749,megawatthours
2023-02-28,NY,New York,NG,Net generation,Eastern,Eastern,367118,megawatthours
2023-02-28,NY,New York,TI,Total interchange,Eastern,Eastern,-64820,megawatthours
2023-02-27,NY,New York,D,Demand,Eastern,Eastern,411799,megawatthours
2023-02-27,NY,New York,DF,Day-ahead demand forecast,Eastern,Eastern,412510,megawatthours
2023-02-27,NY,New York,NG,Net generation,Eastern,Eastern,333405,megawatthours
2023-02-27,NY,New York,TI,Total interchange,Eastern,Eastern,-78394,megawatthours
2023-02-26,NY,New York,D,Demand,Eastern,Eastern,399977,megawatthours
2023-02-26,NY,New York,DF,Day-ahead demand forecast,Eastern,Eastern,386140,megawatthours
2023-02-26,NY,New York,NG,Net generation,Eastern,Eastern,336734,megawatthours
2023-02-26,NY,New York,TI,Total interchange,Eastern,Eastern,-63243,megawatthours
2023-02-25,NY,New York,D,Demand,Eastern,Eastern,428564,megawatthours
2023-02-25,NY,New York,DF,Day-ahead demand forecast,Eastern,Eastern,413217,megawatthours
2023-02-25,NY,New York,NG,Net generation,Eastern,Eastern,344428,megawatthours
2023-02-25,NY,New York,TI,Total interchange,Eastern,Eastern,-84136,megawatthours
2023-02-24,NY,New York,D,Demand,Eastern,Eastern,413590,megawatthours
2023-02-24,NY,New York,DF,Day-ahead demand forecast,Eastern,Eastern,404513,megawatthours
2023-02-24,NY,New York,NG,Net generation,Eastern,Eastern,339375,megawatthours
2023-02-24,NY,New York,TI,Total interchange,Eastern,Eastern,-74215,megawatthours
2023-02-23,NY,New York,D,Demand,Eastern,Eastern,417667,megawatthours
2023-02-23,NY,New York,DF,Day-ahead demand forecast,Eastern,Eastern,396685,megawatthours
2023-02-23,NY,New York,NG,Net generation,Eastern,Eastern,345444,megawatthours
2023-02-23,NY,New York,TI,Total interchange,Eastern,Eastern,-72223,megawatthours
2023-02-22,NY,New York,D,Demand,Eastern,Eastern,414043,megawatthours
2023-02-22,NY,New York,DF,Day-ahead demand forecast,Eastern,Eastern,401291,megawatthours
2023-02-22,NY,New York,NG,Net generation,Eastern,Eastern,332045,megawatthours
2023-02-22,NY,New York,TI,Total interchange,Eastern,Eastern,-81998,megawatthours
2023-02-21,NY,New York,D,Demand,Eastern,Eastern,400505,megawatthours
2023-02-21,NY,New York,DF,Day-ahead demand forecast,Eastern,Eastern,394330,megawatthours
2023-02-21,NY,New York,NG,Net generation,Eastern,Eastern,328781,megawatthours
2023-02-21,NY,New York,TI,Total interchange,Eastern,Eastern,-71724,megawatthours
2023-02-20,NY,New York,D,Demand,Eastern,Eastern,375218,megawatthours
2023-02-20,NY,New York,DF,Day-ahead demand forecast,Eastern,Eastern,374403,megawatthours
2023-02-20,NY,New York,NG,Net generation,Eastern,Eastern,301736,megawatthours
2023-02-20,NY,New York,TI,Total interchange,Eastern,Eastern,-73482,megawatthours
2023-02-19,NY,New York,D,Demand,Eastern,Eastern,371472,megawatthours
2023-02-19,NY,New York,DF,Day-ahead demand forecast,Eastern,Eastern,370925,megawatthours
2023-02-19,NY,New York,NG,Net generation,Eastern,Eastern,301428,megawatthours
2023-02-19,NY,New York,TI,Total interchange,Eastern,Eastern,-70044,megawatthours
2023-02-18,NY,New York,D,Demand,Eastern,Eastern,380315,megawatthours
2023-02-18,NY,New York,DF,Day-ahead demand forecast,Eastern,Eastern,373964,megawatthours
2023-02-18,NY,New York,NG,Net generation,Eastern,Eastern,314121,megawatthours
2023-02-18,NY,New York,TI,Total interchange,Eastern,Eastern,-66194,megawatthours
2023-02-17,NY,New York,D,Demand,Eastern,Eastern,399012,megawatthours
2023-02-17,NY,New York,DF,Day-ahead demand forecast,Eastern,Eastern,385489,megawatthours
2023-02-17,NY,New York,NG,Net generation,Eastern,Eastern,332230,megawatthours
2023-02-17,NY,New York,TI,Total interchange,Eastern,Eastern,-66782,megawatthours
2023-02-16,NY,New York,D,Demand,Eastern,Eastern,379026,megawatthours
2023-02-16,NY,New York,DF,Day-ahead demand forecast,Eastern,Eastern,376414,megawatthours
2023-02-16,NY,New York,NG,Net generation,Eastern,Eastern,310835,megawatthours
2023-02-16,NY,New York,TI,Total interchange,Eastern,Eastern,-68191,megawatthours
2023-02-15,NY,New York,D,Demand,Eastern,Eastern,373676,megawatthours
2023-02-15,NY,New York,DF,Day-ahead demand forecast,Eastern,Eastern,376974,megawatthours
2023-02-15,NY,New York,NG,Net generation,Eastern,Eastern,320631,megawatthours
2023-02-15,NY,New York,TI,Total interchange,Eastern,Eastern,-53045,megawatthours
2023-02-14,NY,New York,D,Demand,Eastern,Eastern,380814,megawatthours
2023-02-14,NY,New York,DF,Day-ahead demand forecast,Eastern,Eastern,382161,megawatthours
2023-02-14,NY,New York,NG,Net generation,Eastern,Eastern,324558,megawatthours
2023-02-14,NY,New York,TI,Total interchange,Eastern,Eastern,-56256,megawatthours
2023-02-13,NY,New York,D,Demand,Eastern,Eastern,388023,megawatthours
2023-02-13,NY,New York,DF,Day-ahead demand forecast,Eastern,Eastern,387802,megawatthours
2023-02-13,NY,New York,NG,Net generation,Eastern,Eastern,317490,megawatthours
2023-02-13,NY,New York,TI,Total interchange,Eastern,Eastern,-70533,megawatthours
2023-02-12,NY,New York,D,Demand,Eastern,Eastern,375690,megawatthours
2023-02-12,NY,New York,DF,Day-ahead demand forecast,Eastern,Eastern,370462,megawatthours
2023-02-12,NY,New York,NG,Net generation,Eastern,Eastern,308865,megawatthours
2023-02-12,NY,New York,TI,Total interchange,Eastern,Eastern,-66825,megawatthours
2023-02-11,NY,New York,D,Demand,Eastern,Eastern,379637,megawatthours
2023-02-11,NY,New York,DF,Day-ahead demand forecast,Eastern,Eastern,371748,megawatthours
2023-02-11,NY,New York,NG,Net generation,Eastern,Eastern,307162,megawatthours
2023-02-11,NY,New York,TI,Total interchange,Eastern,Eastern,-72475,megawatthours
2023-02-10,NY,New York,D,Demand,Eastern,Eastern,392227,megawatthours
2023-02-10,NY,New York,DF,Day-ahead demand forecast,Eastern,Eastern,385372,megawatthours
2023-02-10,NY,New York,NG,Net generation,Eastern,Eastern,327380,megawatthours
2023-02-10,NY,New York,TI,Total interchange,Eastern,Eastern,-64847,megawatthours
2023-02-09,NY,New York,D,Demand,Eastern,Eastern,417733,megawatthours
2023-02-09,NY,New York,DF,Day-ahead demand forecast,Eastern,Eastern,411326,megawatthours
2023-02-09,NY,New York,NG,Net generation,Eastern,Eastern,341332,megawatthours
2023-02-09,NY,New York,TI,Total interchange,Eastern,Eastern,-76401,megawatthours
2023-02-08,NY,New York,D,Demand,Eastern,Eastern,402113,megawatthours
2023-02-08,NY,New York,DF,Day-ahead demand forecast,Eastern,Eastern,399699,megawatthours
2023-02-08,NY,New York,NG,Net generation,Eastern,Eastern,318533,megawatthours
2023-02-08,NY,New York,TI,Total interchange,Eastern,Eastern,-83580,megawatthours
2023-02-07,NY,New York,D,Demand,Eastern,Eastern,427017,megawatthours
2023-02-07,NY,New York,DF,Day-ahead demand forecast,Eastern,Eastern,420276,megawatthours
2023-02-07,NY,New York,NG,Net generation,Eastern,Eastern,342889,megawatthours
2023-02-07,NY,New York,TI,Total interchange,Eastern,Eastern,-84128,megawatthours
2023-02-06,NY,New York,D,Demand,Eastern,Eastern,423255,megawatthours
2023-02-06,NY,New York,DF,Day-ahead demand forecast,Eastern,Eastern,415258,megawatthours
2023-02-06,NY,New York,NG,Net generation,Eastern,Eastern,329864,megawatthours
2023-02-06,NY,New York,TI,Total interchange,Eastern,Eastern,-93391,megawatthours
2023-02-05,NY,New York,D,Demand,Eastern,Eastern,416754,megawatthours
2023-02-05,NY,New York,DF,Day-ahead demand forecast,Eastern,Eastern,407839,megawatthours
2023-02-05,NY,New York,NG,Net generation,Eastern,Eastern,330664,megawatthours
2023-02-05,NY,New York,TI,Total interchange,Eastern,Eastern,-86090,megawatthours
2023-02-04,NY,New York,D,Demand,Eastern,Eastern,484021,megawatthours
2023-02-04,NY,New York,DF,Day-ahead demand forecast,Eastern,Eastern,450970,megawatthours
2023-02-04,NY,New York,NG,Net generation,Eastern,Eastern,422990,megawatthours
2023-02-04,NY,New York,TI,Total interchange,Eastern,Eastern,-61031,megawatthours
2023-02-03,NY,New York,D,Demand,Eastern,Eastern,474073,megawatthours
2023-02-03,NY,New York,DF,Day-ahead demand forecast,Eastern,Eastern,452587,megawatthours
2023-02-03,NY,New York,NG,Net generation,Eastern,Eastern,392605,megawatthours
2023-02-03,NY,New York,TI,Total interchange,Eastern,Eastern,-81468,megawatthours
2023-02-02,NY,New York,D,Demand,Eastern,Eastern,434689,megawatthours
2023-02-02,NY,New York,DF,Day-ahead demand forecast,Eastern,Eastern,423053,megawatthours
2023-02-02,NY,New York,NG,Net generation,Eastern,Eastern,369894,megawatthours
2023-02-02,NY,New York,TI,Total interchange,Eastern,Eastern,-64795,megawatthours
2023-02-01,NY,New York,D,Demand,Eastern,Eastern,439322,megawatthours
2023-02-01,NY,New York,DF,Day-ahead demand forecast,Eastern,Eastern,422961,megawatthours
2023-02-01,NY,New York,NG,Net generation,Eastern,Eastern,355034,megawatthours
2023-02-01,NY,New York,TI,Total interchange,Eastern,Eastern,-84288,megawatthours
2023-01-31,NY,New York,D,Demand,Eastern,Eastern,432008,megawatthours
2023-01-31,NY,New York,DF,Day-ahead demand forecast,Eastern,Eastern,413875,megawatthours
2023-01-31,NY,New York,NG,Net generation,Eastern,Eastern,337357,megawatthours
2023-01-31,NY,New York,TI,Total interchange,Eastern,Eastern,-94651,megawatthours
2023-01-30,NY,New York,D,Demand,Eastern,Eastern,412378,megawatthours
2023-01-30,NY,New York,DF,Day-ahead demand forecast,Eastern,Eastern,404400,megawatthours
2023-01-30,NY,New York,NG,Net generation,Eastern,Eastern,319691,megawatthours
2023-01-30,NY,New York,TI,Total interchange,Eastern,Eastern,-92687,megawatthours
2023-01-29,NY,New York,D,Demand,Eastern,Eastern,386965,megawatthours
2023-01-29,NY,New York,DF,Day-ahead demand forecast,Eastern,Eastern,380092,megawatthours
2023-01-29,NY,New York,NG,Net generation,Eastern,Eastern,306242,megawatthours
2023-01-29,NY,New York,TI,Total interchange,Eastern,Eastern,-80723,megawatthours
2023-01-28,NY,New York,D,Demand,Eastern,Eastern,385163,megawatthours
2023-01-28,NY,New York,DF,Day-ahead demand forecast,Eastern,Eastern,385182,megawatthours
2023-01-28,NY,New York,NG,Net generation,Eastern,Eastern,313470,megawatthours
2023-01-28,NY,New York,TI,Total interchange,Eastern,Eastern,-71693,megawatthours
2023-01-27,NY,New York,D,Demand,Eastern,Eastern,421747,megawatthours
2023-01-27,NY,New York,DF,Day-ahead demand forecast,Eastern,Eastern,411460,megawatthours
2023-01-27,NY,New York,NG,Net generation,Eastern,Eastern,332705,megawatthours
2023-01-27,NY,New York,TI,Total interchange,Eastern,Eastern,-89042,megawatthours
2023-01-26,NY,New York,D,Demand,Eastern,Eastern,422036,megawatthours
2023-01-26,NY,New York,DF,Day-ahead demand forecast,Eastern,Eastern,408998,megawatthours
2023-01-26,NY,New York,NG,Net generation,Eastern,Eastern,347618,megawatthours
2023-01-26,NY,New York,TI,Total interchange,Eastern,Eastern,-74418,megawatthours
2023-01-25,NY,New York,D,Demand,Eastern,Eastern,433224,megawatthours
2023-01-25,NY,New York,DF,Day-ahead demand forecast,Eastern,Eastern,422003,megawatthours
2023-01-25,NY,New York,NG,Net generation,Eastern,Eastern,350605,megawatthours
2023-01-25,NY,New York,TI,Total interchange,Eastern,Eastern,-82619,megawatthours
2023-01-24,NY,New York,D,Demand,Eastern,Eastern,425993,megawatthours
2023-01-24,NY,New York,DF,Day-ahead demand forecast,Eastern,Eastern,414004,megawatthours
2023-01-24,NY,New York,NG,Net generation,Eastern,Eastern,354964,megawatthours
2023-01-24,NY,New York,TI,Total interchange,Eastern,Eastern,-71029,megawatthours
2023-01-23,NY,New York,D,Demand,Eastern,Eastern,430239,megawatthours
2023-01-23,NY,New York,DF,Day-ahead demand forecast,Eastern,Eastern,413846,megawatthours
2023-01-23,NY,New York,NG,Net generation,Eastern,Eastern,346549,megawatthours
2023-01-23,NY,New York,TI,Total interchange,Eastern,Eastern,-83690,megawatthours
2023-01-22,NY,New York,D,Demand,Eastern,Eastern,396379,megawatthours
2023-01-22,NY,New York,DF,Day-ahead demand forecast,Eastern,Eastern,386818,megawatthours
2023-01-22,NY,New York,NG,Net generation,Eastern,Eastern,318523,megawatthours
2023-01-22,NY,New York,TI,Total interchange,Eastern,Eastern,-77856,megawatthours
2023-01-21,NY,New York,D,Demand,Eastern,Eastern,401239,megawatthours
2023-01-21,NY,New York,DF,Day-ahead demand forecast,Eastern,Eastern,389134,megawatthours
2023-01-21,NY,New York,NG,Net generation,Eastern,Eastern,324503,megawatthours
2023-01-21,NY,New York,TI,Total interchange,Eastern,Eastern,-76736,megawatthours
2023-01-20,NY,New York,D,Demand,Eastern,Eastern,413040,megawatthours
2023-01-20,NY,New York,DF,Day-ahead demand forecast,Eastern,Eastern,401610,megawatthours
2023-01-20,NY,New York,NG,Net generation,Eastern,Eastern,336505,megawatthours
2023-01-20,NY,New York,TI,Total interchange,Eastern,Eastern,-76535,megawatthours
2023-01-19,NY,New York,D,Demand,Eastern,Eastern,421151,megawatthours
2023-01-19,NY,New York,DF,Day-ahead demand forecast,Eastern,Eastern,409671,megawatthours
2023-01-19,NY,New York,NG,Net generation,Eastern,Eastern,342935,megawatthours
2023-01-19,NY,New York,TI,Total interchange,Eastern,Eastern,-78216,megawatthours
2023-01-18,NY,New York,D,Demand,Eastern,Eastern,409281,megawatthours
2023-01-18,NY,New York,DF,Day-ahead demand forecast,Eastern,Eastern,404380,megawatthours
2023-01-18,NY,New York,NG,Net generation,Eastern,Eastern,326268,megawatthours
2023-01-18,NY,New York,TI,Total interchange,Eastern,Eastern,-83013,megawatthours
2023-01-17,NY,New York,D,Demand,Eastern,Eastern,428337,megawatthours
2023-01-17,NY,New York,DF,Day-ahead demand forecast,Eastern,Eastern,423003,megawatthours
2023-01-17,NY,New York,NG,Net generation,Eastern,Eastern,331554,megawatthours
2023-01-17,NY,New York,TI,Total interchange,Eastern,Eastern,-96783,megawatthours
2023-01-16,NY,New York,D,Demand,Eastern,Eastern,424077,megawatthours
2023-01-16,NY,New York,DF,Day-ahead demand forecast,Eastern,Eastern,413883,megawatthours
2023-01-16,NY,New York,NG,Net generation,Eastern,Eastern,332170,megawatthours
2023-01-16,NY,New York,TI,Total interchange,Eastern,Eastern,-91907,megawatthours
2023-01-15,NY,New York,D,Demand,Eastern,Eastern,411256,megawatthours
2023-01-15,NY,New York,DF,Day-ahead demand forecast,Eastern,Eastern,392524,megawatthours
2023-01-15,NY,New York,NG,Net generation,Eastern,Eastern,320833,megawatthours
2023-01-15,NY,New York,TI,Total interchange,Eastern,Eastern,-90423,megawatthours
2023-01-14,NY,New York,D,Demand,Eastern,Eastern,418622,megawatthours
2023-01-14,NY,New York,DF,Day-ahead demand forecast,Eastern,Eastern,397896,megawatthours
2023-01-14,NY,New York,NG,Net generation,Eastern,Eastern,322876,megawatthours
2023-01-14,NY,New York,TI,Total interchange,Eastern,Eastern,-95746,megawatthours
2023-01-13,NY,New York,D,Demand,Eastern,Eastern,411605,megawatthours
2023-01-13,NY,New York,DF,Day-ahead demand forecast,Eastern,Eastern,398230,megawatthours
2023-01-13,NY,New York,NG,Net generation,Eastern,Eastern,328878,megawatthours
2023-01-13,NY,New York,TI,Total interchange,Eastern,Eastern,-82727,megawatthours
2023-01-12,NY,New York,D,Demand,Eastern,Eastern,422209,megawatthours
2023-01-12,NY,New York,DF,Day-ahead demand forecast,Eastern,Eastern,410798,megawatthours
2023-01-12,NY,New York,NG,Net generation,Eastern,Eastern,341966,megawatthours
2023-01-12,NY,New York,TI,Total interchange,Eastern,Eastern,-80243,megawatthours
2023-01-11,NY,New York,D,Demand,Eastern,Eastern,427479,megawatthours
2023-01-11,NY,New York,DF,Day-ahead demand forecast,Eastern,Eastern,416419,megawatthours
2023-01-11,NY,New York,NG,Net generation,Eastern,Eastern,350296,megawatthours
2023-01-11,NY,New York,TI,Total interchange,Eastern,Eastern,-77183,megawatthours
2023-01-10,NY,New York,D,Demand,Eastern,Eastern,427763,megawatthours
2023-01-10,NY,New York,DF,Day-ahead demand forecast,Eastern,Eastern,414410,megawatthours
2023-01-10,NY,New York,NG,Net generation,Eastern,Eastern,341316,megawatthours
2023-01-10,NY,New York,TI,Total interchange,Eastern,Eastern,-86447,megawatthours
2023-01-09,NY,New York,D,Demand,Eastern,Eastern,419995,megawatthours
2023-01-09,NY,New York,DF,Day-ahead demand forecast,Eastern,Eastern,408753,megawatthours
2023-01-09,NY,New York,NG,Net generation,Eastern,Eastern,345231,megawatthours
2023-01-09,NY,New York,TI,Total interchange,Eastern,Eastern,-74764,megawatthours
2023-01-08,NY,New York,D,Demand,Eastern,Eastern,394021,megawatthours
2023-01-08,NY,New York,DF,Day-ahead demand forecast,Eastern,Eastern,380374,megawatthours
2023-01-08,NY,New York,NG,Net generation,Eastern,Eastern,318200,megawatthours
2023-01-08,NY,New York,TI,Total interchange,Eastern,Eastern,-75821,megawatthours
2023-01-07,NY,New York,D,Demand,Eastern,Eastern,392144,megawatthours
2023-01-07,NY,New York,DF,Day-ahead demand forecast,Eastern,Eastern,382143,megawatthours
2023-01-07,NY,New York,NG,Net generation,Eastern,Eastern,304081,megawatthours
2023-01-07,NY,New York,TI,Total interchange,Eastern,Eastern,-88063,megawatthours
2023-01-06,NY,New York,D,Demand,Eastern,Eastern,404341,megawatthours
2023-01-06,NY,New York,DF,Day-ahead demand forecast,Eastern,Eastern,392767,megawatthours
2023-01-06,NY,New York,NG,Net generation,Eastern,Eastern,325419,megawatthours
2023-01-06,NY,New York,TI,Total interchange,Eastern,Eastern,-78922,megawatthours
2023-01-05,NY,New York,D,Demand,Eastern,Eastern,395100,megawatthours
2023-01-05,NY,New York,DF,Day-ahead demand forecast,Eastern,Eastern,385451,megawatthours
2023-01-05,NY,New York,NG,Net generation,Eastern,Eastern,334017,megawatthours
2023-01-05,NY,New York,TI,Total interchange,Eastern,Eastern,-61083,megawatthours
2023-01-04,NY,New York,D,Demand,Eastern,Eastern,392449,megawatthours
2023-01-04,NY,New York,DF,Day-ahead demand forecast,Eastern,Eastern,382463,megawatthours
2023-01-04,NY,New York,NG,Net generation,Eastern,Eastern,320360,megawatthours
2023-01-04,NY,New York,TI,Total interchange,Eastern,Eastern,-72089,megawatthours
2023-01-03,NY,New York,D,Demand,Eastern,Eastern,404670,megawatthours
2023-01-03,NY,New York,DF,Day-ahead demand forecast,Eastern,Eastern,391629,megawatthours
2023-01-03,NY,New York,NG,Net generation,Eastern,Eastern,328451,megawatthours
2023-01-03,NY,New York,TI,Total interchange,Eastern,Eastern,-76219,megawatthours
2023-01-02,NY,New York,D,Demand,Eastern,Eastern,377848,megawatthours
2023-01-02,NY,New York,DF,Day-ahead demand forecast,Eastern,Eastern,375084,megawatthours
2023-01-02,NY,New York,NG,Net generation,Eastern,Eastern,314498,megawatthours
2023-01-02,NY,New York,TI,Total interchange,Eastern,Eastern,-63350,megawatthours
2023-01-01,NY,New York,D,Demand,Eastern,Eastern,357120,megawatthours
2023-01-01,NY,New York,DF,Day-ahead demand forecast,Eastern,Eastern,343351,megawatthours
2023-01-01,NY,New York,NG,Net generation,Eastern,Eastern,306858,megawatthours
2023-01-01,NY,New York,TI,Total interchange,Eastern,Eastern,-50262,megawatthours
2022-12-31,NY,New York,D,Demand,Eastern,Eastern,373979,megawatthours
2022-12-31,NY,New York,DF,Day-ahead demand forecast,Eastern,Eastern,362549,megawatthours
2022-12-31,NY,New York,NG,Net generation,Eastern,Eastern,310290,megawatthours
2022-12-31,NY,New York,TI,Total interchange,Eastern,Eastern,-63689,megawatthours
2022-12-30,NY,New York,D,Demand,Eastern,Eastern,388828,megawatthours
2022-12-30,NY,New York,DF,Day-ahead demand forecast,Eastern,Eastern,387166,megawatthours
2022-12-30,NY,New York,NG,Net generation,Eastern,Eastern,323565,megawatthours
2022-12-30,NY,New York,TI,Total interchange,Eastern,Eastern,-65263,megawatthours
2022-12-29,NY,New York,D,Demand,Eastern,Eastern,406497,megawatthours
2022-12-29,NY,New York,DF,Day-ahead demand forecast,Eastern,Eastern,405999,megawatthours
2022-12-29,NY,New York,NG,Net generation,Eastern,Eastern,348959,megawatthours
2022-12-29,NY,New York,TI,Total interchange,Eastern,Eastern,-57538,megawatthours
2022-12-28,NY,New York,D,Demand,Eastern,Eastern,423600,megawatthours
2022-12-28,NY,New York,DF,Day-ahead demand forecast,Eastern,Eastern,424934,megawatthours
2022-12-28,NY,New York,NG,Net generation,Eastern,Eastern,367308,megawatthours
2022-12-28,NY,New York,TI,Total interchange,Eastern,Eastern,-56292,megawatthours
2022-12-27,NY,New York,D,Demand,Eastern,Eastern,450373,megawatthours
2022-12-27,NY,New York,DF,Day-ahead demand forecast,Eastern,Eastern,438876,megawatthours
2022-12-27,NY,New York,NG,Net generation,Eastern,Eastern,355467,megawatthours
2022-12-27,NY,New York,TI,Total interchange,Eastern,Eastern,-94906,megawatthours
2022-12-26,NY,New York,D,Demand,Eastern,Eastern,445148,megawatthours
2022-12-26,NY,New York,DF,Day-ahead demand forecast,Eastern,Eastern,439508,megawatthours
2022-12-26,NY,New York,NG,Net generation,Eastern,Eastern,382426,megawatthours
2022-12-26,NY,New York,TI,Total interchange,Eastern,Eastern,-62722,megawatthours
2022-12-25,NY,New York,D,Demand,Eastern,Eastern,440051,megawatthours
2022-12-25,NY,New York,DF,Day-ahead demand forecast,Eastern,Eastern,418229,megawatthours
2022-12-25,NY,New York,NG,Net generation,Eastern,Eastern,381210,megawatthours
2022-12-25,NY,New York,TI,Total interchange,Eastern,Eastern,-58841,megawatthours
2022-12-24,NY,New York,D,Demand,Eastern,Eastern,471567,megawatthours
2022-12-24,NY,New York,DF,Day-ahead demand forecast,Eastern,Eastern,442462,megawatthours
2022-12-24,NY,New York,NG,Net generation,Eastern,Eastern,423671,megawatthours
2022-12-24,NY,New York,TI,Total interchange,Eastern,Eastern,-47896,megawatthours
2022-12-23,NY,New York,D,Demand,Eastern,Eastern,433897,megawatthours
2022-12-23,NY,New York,DF,Day-ahead demand forecast,Eastern,Eastern,422840,megawatthours
2022-12-23,NY,New York,NG,Net generation,Eastern,Eastern,376327,megawatthours
2022-12-23,NY,New York,TI,Total interchange,Eastern,Eastern,-57570,megawatthours
2022-12-22,NY,New York,D,Demand,Eastern,Eastern,437369,megawatthours
2022-12-22,NY,New York,DF,Day-ahead demand forecast,Eastern,Eastern,425490,megawatthours
2022-12-22,NY,New York,NG,Net generation,Eastern,Eastern,363526,megawatthours
2022-12-22,NY,New York,TI,Total interchange,Eastern,Eastern,-73843,megawatthours
2022-12-21,NY,New York,D,Demand,Eastern,Eastern,437409,megawatthours
2022-12-21,NY,New York,DF,Day-ahead demand forecast,Eastern,Eastern,429842,megawatthours
2022-12-21,NY,New York,NG,Net generation,Eastern,Eastern,360356,megawatthours
2022-12-21,NY,New York,TI,Total interchange,Eastern,Eastern,-77053,megawatthours
2022-12-20,NY,New York,D,Demand,Eastern,Eastern,439344,megawatthours
2022-12-20,NY,New York,DF,Day-ahead demand forecast,Eastern,Eastern,429821,megawatthours
2022-12-20,NY,New York,NG,Net generation,Eastern,Eastern,343191,megawatthours
2022-12-20,NY,New York,TI,Total interchange,Eastern,Eastern,-96153,megawatthours
2022-12-19,NY,New York,D,Demand,Eastern,Eastern,441335,megawatthours
2022-12-19,NY,New York,DF,Day-ahead demand forecast,Eastern,Eastern,426544,megawatthours
2022-12-19,NY,New York,NG,Net generation,Eastern,Eastern,353996,megawatthours
2022-12-19,NY,New York,TI,Total interchange,Eastern,Eastern,-87339,megawatthours
2022-12-18,NY,New York,D,Demand,Eastern,Eastern,405618,megawatthours
2022-12-18,NY,New York,DF,Day-ahead demand forecast,Eastern,Eastern,396311,megawatthours
2022-12-18,NY,New York,NG,Net generation,Eastern,Eastern,311510,megawatthours
2022-12-18,NY,New York,TI,Total interchange,Eastern,Eastern,-94108,megawatthours
2022-12-17,NY,New York,D,Demand,Eastern,Eastern,401844,megawatthours
2022-12-17,NY,New York,DF,Day-ahead demand forecast,Eastern,Eastern,394351,megawatthours
2022-12-17,NY,New York,NG,Net generation,Eastern,Eastern,311738,megawatthours
2022-12-17,NY,New York,TI,Total interchange,Eastern,Eastern,-90106,megawatthours
2022-12-16,NY,New York,D,Demand,Eastern,Eastern,431541,megawatthours
2022-12-16,NY,New York,DF,Day-ahead demand forecast,Eastern,Eastern,414825,megawatthours
2022-12-16,NY,New York,NG,Net generation,Eastern,Eastern,334857,megawatthours
2022-12-16,NY,New York,TI,Total interchange,Eastern,Eastern,-96684,megawatthours
2022-12-15,NY,New York,D,Demand,Eastern,Eastern,446909,megawatthours
2022-12-15,NY,New York,DF,Day-ahead demand forecast,Eastern,Eastern,429536,megawatthours
2022-12-15,NY,New York,NG,Net generation,Eastern,Eastern,368777,megawatthours
2022-12-15,NY,New York,TI,Total interchange,Eastern,Eastern,-78132,megawatthours
2022-12-14,NY,New York,D,Demand,Eastern,Eastern,445467,megawatthours
2022-12-14,NY,New York,DF,Day-ahead demand forecast,Eastern,Eastern,430053,megawatthours
2022-12-14,NY,New York,NG,Net generation,Eastern,Eastern,365005,megawatthours
2022-12-14,NY,New York,TI,Total interchange,Eastern,Eastern,-80462,megawatthours
2022-12-13,NY,New York,D,Demand,Eastern,Eastern,446120,megawatthours
2022-12-13,NY,New York,DF,Day-ahead demand forecast,Eastern,Eastern,428269,megawatthours
2022-12-13,NY,New York,NG,Net generation,Eastern,Eastern,364485,megawatthours
2022-12-13,NY,New York,TI,Total interchange,Eastern,Eastern,-81635,megawatthours
2022-12-12,NY,New York,D,Demand,Eastern,Eastern,440042,megawatthours
2022-12-12,NY,New York,DF,Day-ahead demand forecast,Eastern,Eastern,420532,megawatthours
2022-12-12,NY,New York,NG,Net generation,Eastern,Eastern,358083,megawatthours
2022-12-12,NY,New York,TI,Total interchange,Eastern,Eastern,-81959,megawatthours
2022-12-11,NY,New York,D,Demand,Eastern,Eastern,406325,megawatthours
2022-12-11,NY,New York,DF,Day-ahead demand forecast,Eastern,Eastern,391748,megawatthours
2022-12-11,NY,New York,NG,Net generation,Eastern,Eastern,320834,megawatthours
2022-12-11,NY,New York,TI,Total interchange,Eastern,Eastern,-85491,megawatthours
2022-12-10,NY,New York,D,Demand,Eastern,Eastern,398472,megawatthours
2022-12-10,NY,New York,DF,Day-ahead demand forecast,Eastern,Eastern,388431,megawatthours
2022-12-10,NY,New York,NG,Net generation,Eastern,Eastern,302543,megawatthours
2022-12-10,NY,New York,TI,Total interchange,Eastern,Eastern,-95929,megawatthours
2022-12-09,NY,New York,D,Demand,Eastern,Eastern,410401,megawatthours
2022-12-09,NY,New York,DF,Day-ahead demand forecast,Eastern,Eastern,394660,megawatthours
2022-12-09,NY,New York,NG,Net generation,Eastern,Eastern,314590,megawatthours
2022-12-09,NY,New York,TI,Total interchange,Eastern,Eastern,-95811,megawatthours
2022-12-08,NY,New York,D,Demand,Eastern,Eastern,395795,megawatthours
2022-12-08,NY,New York,DF,Day-ahead demand forecast,Eastern,Eastern,386170,megawatthours
2022-12-08,NY,New York,NG,Net generation,Eastern,Eastern,310215,megawatthours
2022-12-08,NY,New York,TI,Total interchange,Eastern,Eastern,-85580,megawatthours
2022-12-07,NY,New York,D,Demand,Eastern,Eastern,395569,megawatthours
2022-12-07,NY,New York,DF,Day-ahead demand forecast,Eastern,Eastern,388000,megawatthours
2022-12-07,NY,New York,NG,Net generation,Eastern,Eastern,314924,megawatthours
2022-12-07,NY,New York,TI,Total interchange,Eastern,Eastern,-80645,megawatthours
2022-12-06,NY,New York,D,Demand,Eastern,Eastern,412121,megawatthours
2022-12-06,NY,New York,DF,Day-ahead demand forecast,Eastern,Eastern,399957,megawatthours
2022-12-06,NY,New York,NG,Net generation,Eastern,Eastern,322416,megawatthours
2022-12-06,NY,New York,TI,Total interchange,Eastern,Eastern,-89705,megawatthours
2022-12-05,NY,New York,D,Demand,Eastern,Eastern,414809,megawatthours
2022-12-05,NY,New York,DF,Day-ahead demand forecast,Eastern,Eastern,402981,megawatthours
2022-12-05,NY,New York,NG,Net generation,Eastern,Eastern,324581,megawatthours
2022-12-05,NY,New York,TI,Total interchange,Eastern,Eastern,-90228,megawatthours
2022-12-04,NY,New York,D,Demand,Eastern,Eastern,383809,megawatthours
2022-12-04,NY,New York,DF,Day-ahead demand forecast,Eastern,Eastern,377771,megawatthours
2022-12-04,NY,New York,NG,Net generation,Eastern,Eastern,295555,megawatthours
2022-12-04,NY,New York,TI,Total interchange,Eastern,Eastern,-88254,megawatthours
2022-12-03,NY,New York,D,Demand,Eastern,Eastern,386842,megawatthours
2022-12-03,NY,New York,DF,Day-ahead demand forecast,Eastern,Eastern,380417,megawatthours
2022-12-03,NY,New York,NG,Net generation,Eastern,Eastern,303285,megawatthours
2022-12-03,NY,New York,TI,Total interchange,Eastern,Eastern,-83557,megawatthours
2022-12-02,NY,New York,D,Demand,Eastern,Eastern,414743,megawatthours
2022-12-02,NY,New York,DF,Day-ahead demand forecast,Eastern,Eastern,403308,megawatthours
2022-12-02,NY,New York,NG,Net generation,Eastern,Eastern,336414,megawatthours
2022-12-02,NY,New York,TI,Total interchange,Eastern,Eastern,-78329,megawatthours
2022-12-01,NY,New York,D,Demand,Eastern,Eastern,420331,megawatthours
2022-12-01,NY,New York,DF,Day-ahead demand forecast,Eastern,Eastern,407421,megawatthours
2022-12-01,NY,New York,NG,Net generation,Eastern,Eastern,358072,megawatthours
2022-12-01,NY,New York,TI,Total interchange,Eastern,Eastern,-62259,megawatthours
2022-11-30,NY,New York,D,Demand,Eastern,Eastern,412040,megawatthours
2022-11-30,NY,New York,DF,Day-ahead demand forecast,Eastern,Eastern,395873,megawatthours
2022-11-30,NY,New York,NG,Net generation,Eastern,Eastern,354090,megawatthours
2022-11-30,NY,New York,TI,Total interchange,Eastern,Eastern,-57950,megawatthours
2022-11-29,NY,New York,D,Demand,Eastern,Eastern,409500,megawatthours
2022-11-29,NY,New York,DF,Day-ahead demand forecast,Eastern,Eastern,394735,megawatthours
2022-11-29,NY,New York,NG,Net generation,Eastern,Eastern,331014,megawatthours
2022-11-29,NY,New York,TI,Total interchange,Eastern,Eastern,-78486,megawatthours
2022-11-28,NY,New York,D,Demand,Eastern,Eastern,395059,megawatthours
2022-11-28,NY,New York,DF,Day-ahead demand forecast,Eastern,Eastern,384075,megawatthours
2022-11-28,NY,New York,NG,Net generation,Eastern,Eastern,313968,megawatthours
2022-11-28,NY,New York,TI,Total interchange,Eastern,Eastern,-81091,megawatthours
2022-11-27,NY,New York,D,Demand,Eastern,Eastern,369839,megawatthours
2022-11-27,NY,New York,DF,Day-ahead demand forecast,Eastern,Eastern,353931,megawatthours
2022-11-27,NY,New York,NG,Net generation,Eastern,Eastern,319472,megawatthours
2022-11-27,NY,New York,TI,Total interchange,Eastern,Eastern,-50367,megawatthours
2022-11-26,NY,New York,D,Demand,Eastern,Eastern,355992,megawatthours
2022-11-26,NY,New York,DF,Day-ahead demand forecast,Eastern,Eastern,349452,megawatthours
2022-11-26,NY,New York,NG,Net generation,Eastern,Eastern,301070,megawatthours
2022-11-26,NY,New York,TI,Total interchange,Eastern,Eastern,-54922,megawatthours
2022-11-25,NY,New York,D,Demand,Eastern,Eastern,371896,megawatthours
2022-11-25,NY,New York,DF,Day-ahead demand forecast,Eastern,Eastern,358949,megawatthours
2022-11-25,NY,New York,NG,Net generation,Eastern,Eastern,328014,megawatthours
2022-11-25,NY,New York,TI,Total interchange,Eastern,Eastern,-43882,megawatthours
2022-11-24,NY,New York,D,Demand,Eastern,Eastern,360503,megawatthours
2022-11-24,NY,New York,DF,Day-ahead demand forecast,Eastern,Eastern,343698,megawatthours
2022-11-24,NY,New York,NG,Net generation,Eastern,Eastern,303791,megawatthours
2022-11-24,NY,New York,TI,Total interchange,Eastern,Eastern,-56712,megawatthours
2022-11-23,NY,New York,D,Demand,Eastern,Eastern,395186,megawatthours
2022-11-23,NY,New York,DF,Day-ahead demand forecast,Eastern,Eastern,389191,megawatthours
2022-11-23,NY,New York,NG,Net generation,Eastern,Eastern,332503,megawatthours
2022-11-23,NY,New York,TI,Total interchange,Eastern,Eastern,-62683,megawatthours
2022-11-22,NY,New York,D,Demand,Eastern,Eastern,404262,megawatthours
2022-11-22,NY,New York,DF,Day-ahead demand forecast,Eastern,Eastern,401741,megawatthours
2022-11-22,NY,New York,NG,Net generation,Eastern,Eastern,337901,megawatthours
2022-11-22,NY,New York,TI,Total interchange,Eastern,Eastern,-66361,megawatthours
2022-11-21,NY,New York,D,Demand,Eastern,Eastern,424428,megawatthours
2022-11-21,NY,New York,DF,Day-ahead demand forecast,Eastern,Eastern,416068,megawatthours
2022-11-21,NY,New York,NG,Net generation,Eastern,Eastern,363689,megawatthours
2022-11-21,NY,New York,TI,Total interchange,Eastern,Eastern,-60739,megawatthours
2022-11-20,NY,New York,D,Demand,Eastern,Eastern,399511,megawatthours
2022-11-20,NY,New York,DF,Day-ahead demand forecast,Eastern,Eastern,384392,megawatthours
2022-11-20,NY,New York,NG,Net generation,Eastern,Eastern,332146,megawatthours
2022-11-20,NY,New York,TI,Total interchange,Eastern,Eastern,-67365,megawatthours
2022-11-19,NY,New York,D,Demand,Eastern,Eastern,390704,megawatthours
2022-11-19,NY,New York,DF,Day-ahead demand forecast,Eastern,Eastern,381105,megawatthours
2022-11-19,NY,New York,NG,Net generation,Eastern,Eastern,305745,megawatthours
2022-11-19,NY,New York,TI,Total interchange,Eastern,Eastern,-84959,megawatthours
2022-11-18,NY,New York,D,Demand,Eastern,Eastern,407274,megawatthours
2022-11-18,NY,New York,DF,Day-ahead demand forecast,Eastern,Eastern,398919,megawatthours
2022-11-18,NY,New York,NG,Net generation,Eastern,Eastern,343553,megawatthours
2022-11-18,NY,New York,TI,Total interchange,Eastern,Eastern,-63721,megawatthours
2022-11-17,NY,New York,D,Demand,Eastern,Eastern,406837,megawatthours
2022-11-17,NY,New York,DF,Day-ahead demand forecast,Eastern,Eastern,397801,megawatthours
2022-11-17,NY,New York,NG,Net generation,Eastern,Eastern,344090,megawatthours
2022-11-17,NY,New York,TI,Total interchange,Eastern,Eastern,-62747,megawatthours
2022-11-16,NY,New York,D,Demand,Eastern,Eastern,405670,megawatthours
2022-11-16,NY,New York,DF,Day-ahead demand forecast,Eastern,Eastern,392915,megawatthours
2022-11-16,NY,New York,NG,Net generation,Eastern,Eastern,336399,megawatthours
2022-11-16,NY,New York,TI,Total interchange,Eastern,Eastern,-69271,megawatthours
2022-11-15,NY,New York,D,Demand,Eastern,Eastern,409202,megawatthours
2022-11-15,NY,New York,DF,Day-ahead demand forecast,Eastern,Eastern,394785,megawatthours
2022-11-15,NY,New York,NG,Net generation,Eastern,Eastern,334553,megawatthours
2022-11-15,NY,New York,TI,Total interchange,Eastern,Eastern,-74649,megawatthours
2022-11-14,NY,New York,D,Demand,Eastern,Eastern,393016,megawatthours
2022-11-14,NY,New York,DF,Day-ahead demand forecast,Eastern,Eastern,382203,megawatthours
2022-11-14,NY,New York,NG,Net generation,Eastern,Eastern,328335,megawatthours
2022-11-14,NY,New York,TI,Total interchange,Eastern,Eastern,-64681,megawatthours
2022-11-13,NY,New York,D,Demand,Eastern,Eastern,352217,megawatthours
2022-11-13,NY,New York,DF,Day-ahead demand forecast,Eastern,Eastern,341962,megawatthours
2022-11-13,NY,New York,NG,Net generation,Eastern,Eastern,302067,megawatthours
2022-11-13,NY,New York,TI,Total interchange,Eastern,Eastern,-50150,megawatthours
2022-11-12,NY,New York,D,Demand,Eastern,Eastern,350189,megawatthours
2022-11-12,NY,New York,DF,Day-ahead demand forecast,Eastern,Eastern,345281,megawatthours
2022-11-12,NY,New York,NG,Net generation,Eastern,Eastern,297186,megawatthours
2022-11-12,NY,New York,TI,Total interchange,Eastern,Eastern,-53003,megawatthours
2022-11-11,NY,New York,D,Demand,Eastern,Eastern,375461,megawatthours
2022-11-11,NY,New York,DF,Day-ahead demand forecast,Eastern,Eastern,363437,megawatthours
2022-11-11,NY,New York,NG,Net generation,Eastern,Eastern,317639,megawatthours
2022-11-11,NY,New York,TI,Total interchange,Eastern,Eastern,-57822,megawatthours
2022-11-10,NY,New York,D,Demand,Eastern,Eastern,368441,megawatthours
2022-11-10,NY,New York,DF,Day-ahead demand forecast,Eastern,Eastern,361884,megawatthours
2022-11-10,NY,New York,NG,Net generation,Eastern,Eastern,320830,megawatthours
2022-11-10,NY,New York,TI,Total interchange,Eastern,Eastern,-47611,megawatthours
2022-11-09,NY,New York,D,Demand,Eastern,Eastern,373883,megawatthours
2022-11-09,NY,New York,DF,Day-ahead demand forecast,Eastern,Eastern,363820,megawatthours
2022-11-09,NY,New York,NG,Net generation,Eastern,Eastern,321964,megawatthours
2022-11-09,NY,New York,TI,Total interchange,Eastern,Eastern,-51919,megawatthours
2022-11-08,NY,New York,D,Demand,Eastern,Eastern,364476,megawatthours
2022-11-08,NY,New York,DF,Day-ahead demand forecast,Eastern,Eastern,359600,megawatthours
2022-11-08,NY,New York,NG,Net generation,Eastern,Eastern,316854,megawatthours
2022-11-08,NY,New York,TI,Total interchange,Eastern,Eastern,-47622,megawatthours
2022-11-07,NY,New York,D,Demand,Eastern,Eastern,372260,megawatthours
2022-11-07,NY,New York,DF,Day-ahead demand forecast,Eastern,Eastern,366620,megawatthours
2022-11-07,NY,New York,NG,Net generation,Eastern,Eastern,336757,megawatthours
2022-11-07,NY,New York,TI,Total interchange,Eastern,Eastern,-35503,megawatthours
2022-11-06,NY,New York,D,Demand,Eastern,Eastern,365645,megawatthours
2022-11-06,NY,New York,DF,Day-ahead demand forecast,Eastern,Eastern,360149,megawatthours
2022-11-06,NY,New York,NG,Net generation,Eastern,Eastern,318431,megawatthours
2022-11-06,NY,New York,TI,Total interchange,Eastern,Eastern,-47214,megawatthours
2022-11-05,NY,New York,D,Demand,Eastern,Eastern,348797,megawatthours
2022-11-05,NY,New York,DF,Day-ahead demand forecast,Eastern,Eastern,343187,megawatthours
2022-11-05,NY,New York,NG,Net generation,Eastern,Eastern,308449,megawatthours
2022-11-05,NY,New York,TI,Total interchange,Eastern,Eastern,-40348,megawatthours
2022-11-04,NY,New York,D,Demand,Eastern,Eastern,362783,megawatthours
2022-11-04,NY,New York,DF,Day-ahead demand forecast,Eastern,Eastern,356294,megawatthours
2022-11-04,NY,New York,NG,Net generation,Eastern,Eastern,327812,megawatthours
2022-11-04,NY,New York,TI,Total interchange,Eastern,Eastern,-34971,megawatthours
2022-11-03,NY,New York,D,Demand,Eastern,Eastern,363608,megawatthours
2022-11-03,NY,New York,DF,Day-ahead demand forecast,Eastern,Eastern,356072,megawatthours
2022-11-03,NY,New York,NG,Net generation,Eastern,Eastern,325466,megawatthours
2022-11-03,NY,New York,TI,Total interchange,Eastern,Eastern,-38142,megawatthours
2022-11-02,NY,New York,D,Demand,Eastern,Eastern,363778,megawatthours
2022-11-02,NY,New York,DF,Day-ahead demand forecast,Eastern,Eastern,359226,megawatthours
2022-11-02,NY,New York,NG,Net generation,Eastern,Eastern,323287,megawatthours
2022-11-02,NY,New York,TI,Total interchange,Eastern,Eastern,-40491,megawatthours
2022-11-01,NY,New York,D,Demand,Eastern,Eastern,375433,megawatthours
2022-11-01,NY,New York,DF,Day-ahead demand forecast,Eastern,Eastern,365592,megawatthours
2022-11-01,NY,New York,NG,Net generation,Eastern,Eastern,343946,megawatthours
2022-11-01,NY,New York,TI,Total interchange,Eastern,Eastern,-31487,megawatthours
2022-10-31,NY,New York,D,Demand,Eastern,Eastern,369105,megawatthours
2022-10-31,NY,New York,DF,Day-ahead demand forecast,Eastern,Eastern,359636,megawatthours
2022-10-31,NY,New York,NG,Net generation,Eastern,Eastern,320861,megawatthours
2022-10-31,NY,New York,TI,Total interchange,Eastern,Eastern,-48244,megawatthours
2022-10-30,NY,New York,D,Demand,Eastern,Eastern,338359,megawatthours
2022-10-30,NY,New York,DF,Day-ahead demand forecast,Eastern,Eastern,328388,megawatthours
2022-10-30,NY,New York,NG,Net generation,Eastern,Eastern,272848,megawatthours
2022-10-30,NY,New York,TI,Total interchange,Eastern,Eastern,-65511,megawatthours
2022-10-29,NY,New York,D,Demand,Eastern,Eastern,342245,megawatthours
2022-10-29,NY,New York,DF,Day-ahead demand forecast,Eastern,Eastern,329273,megawatthours
2022-10-29,NY,New York,NG,Net generation,Eastern,Eastern,276790,megawatthours
2022-10-29,NY,New York,TI,Total interchange,Eastern,Eastern,-65455,megawatthours
2022-10-28,NY,New York,D,Demand,Eastern,Eastern,367224,megawatthours
2022-10-28,NY,New York,DF,Day-ahead demand forecast,Eastern,Eastern,354945,megawatthours
2022-10-28,NY,New York,NG,Net generation,Eastern,Eastern,292726,megawatthours
2022-10-28,NY,New York,TI,Total interchange,Eastern,Eastern,-74498,megawatthours
2022-10-27,NY,New York,D,Demand,Eastern,Eastern,362305,megawatthours
2022-10-27,NY,New York,DF,Day-ahead demand forecast,Eastern,Eastern,360066,megawatthours
2022-10-27,NY,New York,NG,Net generation,Eastern,Eastern,310005,megawatthours
2022-10-27,NY,New York,TI,Total interchange,Eastern,Eastern,-52300,megawatthours
2022-10-26,NY,New York,D,Demand,Eastern,Eastern,380186,megawatthours
2022-10-26,NY,New York,DF,Day-ahead demand forecast,Eastern,Eastern,378217,megawatthours
2022-10-26,NY,New York,NG,Net generation,Eastern,Eastern,324026,megawatthours
2022-10-26,NY,New York,TI,Total interchange,Eastern,Eastern,-56160,megawatthours
2022-10-25,NY,New York,D,Demand,Eastern,Eastern,377642,megawatthours
2022-10-25,NY,New York,DF,Day-ahead demand forecast,Eastern,Eastern,373627,megawatthours
2022-10-25,NY,New York,NG,Net generation,Eastern,Eastern,316235,megawatthours
2022-10-25,NY,New York,TI,Total interchange,Eastern,Eastern,-61407,megawatthours
2022-10-24,NY,New York,D,Demand,Eastern,Eastern,369924,megawatthours
2022-10-24,NY,New York,DF,Day-ahead demand forecast,Eastern,Eastern,362300,megawatthours
2022-10-24,NY,New York,NG,Net generation,Eastern,Eastern,311371,megawatthours
2022-10-24,NY,New York,TI,Total interchange,Eastern,Eastern,-58553,megawatthours
2022-10-23,NY,New York,D,Demand,Eastern,Eastern,337044,megawatthours
2022-10-23,NY,New York,DF,Day-ahead demand forecast,Eastern,Eastern,327107,megawatthours
2022-10-23,NY,New York,NG,Net generation,Eastern,Eastern,263414,megawatthours
2022-10-23,NY,New York,TI,Total interchange,Eastern,Eastern,-73630,megawatthours
2022-10-22,NY,New York,D,Demand,Eastern,Eastern,334261,megawatthours
2022-10-22,NY,New York,DF,Day-ahead demand forecast,Eastern,Eastern,327282,megawatthours
2022-10-22,NY,New York,NG,Net generation,Eastern,Eastern,267097,megawatthours
2022-10-22,NY,New York,TI,Total interchange,Eastern,Eastern,-67164,megawatthours
2022-10-21,NY,New York,D,Demand,Eastern,Eastern,363911,megawatthours
2022-10-21,NY,New York,DF,Day-ahead demand forecast,Eastern,Eastern,351795,megawatthours
2022-10-21,NY,New York,NG,Net generation,Eastern,Eastern,306044,megawatthours
2022-10-21,NY,New York,TI,Total interchange,Eastern,Eastern,-57867,megawatthours
2022-10-20,NY,New York,D,Demand,Eastern,Eastern,376629,megawatthours
2022-10-20,NY,New York,DF,Day-ahead demand forecast,Eastern,Eastern,365041,megawatthours
2022-10-20,NY,New York,NG,Net generation,Eastern,Eastern,329890,megawatthours
2022-10-20,NY,New York,TI,Total interchange,Eastern,Eastern,-46739,megawatthours
2022-10-19,NY,New York,D,Demand,Eastern,Eastern,377574,megawatthours
2022-10-19,NY,New York,DF,Day-ahead demand forecast,Eastern,Eastern,365031,megawatthours
2022-10-19,NY,New York,NG,Net generation,Eastern,Eastern,332342,megawatthours
2022-10-19,NY,New York,TI,Total interchange,Eastern,Eastern,-45232,megawatthours
2022-10-18,NY,New York,D,Demand,Eastern,Eastern,366894,megawatthours
2022-10-18,NY,New York,DF,Day-ahead demand forecast,Eastern,Eastern,360739,megawatthours
2022-10-18,NY,New York,NG,Net generation,Eastern,Eastern,310487,megawatthours
2022-10-18,NY,New York,TI,Total interchange,Eastern,Eastern,-56407,megawatthours
2022-10-17,NY,New York,D,Demand,Eastern,Eastern,372337,megawatthours
2022-10-17,NY,New York,DF,Day-ahead demand forecast,Eastern,Eastern,362514,megawatthours
2022-10-17,NY,New York,NG,Net generation,Eastern,Eastern,304363,megawatthours
2022-10-17,NY,New York,TI,Total interchange,Eastern,Eastern,-67974,megawatthours
2022-10-16,NY,New York,D,Demand,Eastern,Eastern,330210,megawatthours
2022-10-16,NY,New York,DF,Day-ahead demand forecast,Eastern,Eastern,324810,megawatthours
2022-10-16,NY,New York,NG,Net generation,Eastern,Eastern,254874,megawatthours
2022-10-16,NY,New York,TI,Total interchange,Eastern,Eastern,-75336,megawatthours
2022-10-15,NY,New York,D,Demand,Eastern,Eastern,332720,megawatthours
2022-10-15,NY,New York,DF,Day-ahead demand forecast,Eastern,Eastern,327394,megawatthours
2022-10-15,NY,New York,NG,Net generation,Eastern,Eastern,263794,megawatthours
2022-10-15,NY,New York,TI,Total interchange,Eastern,Eastern,-68926,megawatthours
2022-10-14,NY,New York,D,Demand,Eastern,Eastern,357356,megawatthours
2022-10-14,NY,New York,DF,Day-ahead demand forecast,Eastern,Eastern,350309,megawatthours
2022-10-14,NY,New York,NG,Net generation,Eastern,Eastern,290372,megawatthours
2022-10-14,NY,New York,TI,Total interchange,Eastern,Eastern,-66984,megawatthours
2022-10-13,NY,New York,D,Demand,Eastern,Eastern,379397,megawatthours
2022-10-13,NY,New York,DF,Day-ahead demand forecast,Eastern,Eastern,371643,megawatthours
2022-10-13,NY,New York,NG,Net generation,Eastern,Eastern,324382,megawatthours
2022-10-13,NY,New York,TI,Total interchange,Eastern,Eastern,-55015,megawatthours
2022-10-12,NY,New York,D,Demand,Eastern,Eastern,362693,megawatthours
2022-10-12,NY,New York,DF,Day-ahead demand forecast,Eastern,Eastern,357990,megawatthours
2022-10-12,NY,New York,NG,Net generation,Eastern,Eastern,307103,megawatthours
2022-10-12,NY,New York,TI,Total interchange,Eastern,Eastern,-55590,megawatthours
2022-10-11,NY,New York,D,Demand,Eastern,Eastern,361815,megawatthours
2022-10-11,NY,New York,DF,Day-ahead demand forecast,Eastern,Eastern,355390,megawatthours
2022-10-11,NY,New York,NG,Net generation,Eastern,Eastern,297712,megawatthours
2022-10-11,NY,New York,TI,Total interchange,Eastern,Eastern,-64103,megawatthours
2022-10-10,NY,New York,D,Demand,Eastern,Eastern,356988,megawatthours
2022-10-10,NY,New York,DF,Day-ahead demand forecast,Eastern,Eastern,354178,megawatthours
2022-10-10,NY,New York,NG,Net generation,Eastern,Eastern,284368,megawatthours
2022-10-10,NY,New York,TI,Total interchange,Eastern,Eastern,-72620,megawatthours
2022-10-09,NY,New York,D,Demand,Eastern,Eastern,331356,megawatthours
2022-10-09,NY,New York,DF,Day-ahead demand forecast,Eastern,Eastern,322859,megawatthours
2022-10-09,NY,New York,NG,Net generation,Eastern,Eastern,264738,megawatthours
2022-10-09,NY,New York,TI,Total interchange,Eastern,Eastern,-66618,megawatthours
2022-10-08,NY,New York,D,Demand,Eastern,Eastern,337114,megawatthours
2022-10-08,NY,New York,DF,Day-ahead demand forecast,Eastern,Eastern,329422,megawatthours
2022-10-08,NY,New York,NG,Net generation,Eastern,Eastern,255897,megawatthours
2022-10-08,NY,New York,TI,Total interchange,Eastern,Eastern,-81217,megawatthours
2022-10-07,NY,New York,D,Demand,Eastern,Eastern,370922,megawatthours
2022-10-07,NY,New York,DF,Day-ahead demand forecast,Eastern,Eastern,364309,megawatthours
2022-10-07,NY,New York,NG,Net generation,Eastern,Eastern,295248,megawatthours
2022-10-07,NY,New York,TI,Total interchange,Eastern,Eastern,-75674,megawatthours
2022-10-06,NY,New York,D,Demand,Eastern,Eastern,366484,megawatthours
2022-10-06,NY,New York,DF,Day-ahead demand forecast,Eastern,Eastern,364780,megawatthours
2022-10-06,NY,New York,NG,Net generation,Eastern,Eastern,288551,megawatthours
2022-10-06,NY,New York,TI,Total interchange,Eastern,Eastern,-77933,megawatthours
2022-10-05,NY,New York,D,Demand,Eastern,Eastern,370598,megawatthours
2022-10-05,NY,New York,DF,Day-ahead demand forecast,Eastern,Eastern,357519,megawatthours
2022-10-05,NY,New York,NG,Net generation,Eastern,Eastern,291048,megawatthours
2022-10-05,NY,New York,TI,Total interchange,Eastern,Eastern,-79550,megawatthours
2022-10-04,NY,New York,D,Demand,Eastern,Eastern,380474,megawatthours
2022-10-04,NY,New York,DF,Day-ahead demand forecast,Eastern,Eastern,354030,megawatthours
2022-10-04,NY,New York,NG,Net generation,Eastern,Eastern,297161,megawatthours
2022-10-04,NY,New York,TI,Total interchange,Eastern,Eastern,-83313,megawatthours
2022-10-03,NY,New York,D,Demand,Eastern,Eastern,371457,megawatthours
2022-10-03,NY,New York,DF,Day-ahead demand forecast,Eastern,Eastern,349358,megawatthours
2022-10-03,NY,New York,NG,Net generation,Eastern,Eastern,283904,megawatthours
2022-10-03,NY,New York,TI,Total interchange,Eastern,Eastern,-87553,megawatthours
2022-10-02,NY,New York,D,Demand,Eastern,Eastern,334579,megawatthours
2022-10-02,NY,New York,DF,Day-ahead demand forecast,Eastern,Eastern,323515,megawatthours
2022-10-02,NY,New York,NG,Net generation,Eastern,Eastern,240062,megawatthours
2022-10-02,NY,New York,TI,Total interchange,Eastern,Eastern,-94517,megawatthours
2022-10-01,NY,New York,D,Demand,Eastern,Eastern,339570,megawatthours
2022-10-01,NY,New York,DF,Day-ahead demand forecast,Eastern,Eastern,330118,megawatthours
2022-10-01,NY,New York,NG,Net generation,Eastern,Eastern,239290,megawatthours
2022-10-01,NY,New York,TI,Total interchange,Eastern,Eastern,-100280,megawatthours
2022-09-30,NY,New York,D,Demand,Eastern,Eastern,358453,megawatthours
2022-09-30,NY,New York,DF,Day-ahead demand forecast,Eastern,Eastern,348541,megawatthours
2022-09-30,NY,New York,NG,Net generation,Eastern,Eastern,245806,megawatthours
2022-09-30,NY,New York,TI,Total interchange,Eastern,Eastern,-112647,megawatthours
2022-09-29,NY,New York,D,Demand,Eastern,Eastern,361651,megawatthours
2022-09-29,NY,New York,DF,Day-ahead demand forecast,Eastern,Eastern,354195,megawatthours
2022-09-29,NY,New York,NG,Net generation,Eastern,Eastern,252660,megawatthours
2022-09-29,NY,New York,TI,Total interchange,Eastern,Eastern,-108991,megawatthours
2022-09-28,NY,New York,D,Demand,Eastern,Eastern,369309,megawatthours
2022-09-28,NY,New York,DF,Day-ahead demand forecast,Eastern,Eastern,361866,megawatthours
2022-09-28,NY,New York,NG,Net generation,Eastern,Eastern,259619,megawatthours
2022-09-28,NY,New York,TI,Total interchange,Eastern,Eastern,-109690,megawatthours
2022-09-27,NY,New York,D,Demand,Eastern,Eastern,372601,megawatthours
2022-09-27,NY,New York,DF,Day-ahead demand forecast,Eastern,Eastern,365242,megawatthours
2022-09-27,NY,New York,NG,Net generation,Eastern,Eastern,262261,megawatthours
2022-09-27,NY,New York,TI,Total interchange,Eastern,Eastern,-110340,megawatthours
2022-09-26,NY,New York,D,Demand,Eastern,Eastern,374670,megawatthours
2022-09-26,NY,New York,DF,Day-ahead demand forecast,Eastern,Eastern,373314,megawatthours
2022-09-26,NY,New York,NG,Net generation,Eastern,Eastern,252545,megawatthours
2022-09-26,NY,New York,TI,Total interchange,Eastern,Eastern,-122125,megawatthours
2022-09-25,NY,New York,D,Demand,Eastern,Eastern,345662,megawatthours
2022-09-25,NY,New York,DF,Day-ahead demand forecast,Eastern,Eastern,339587,megawatthours
2022-09-25,NY,New York,NG,Net generation,Eastern,Eastern,235897,megawatthours
2022-09-25,NY,New York,TI,Total interchange,Eastern,Eastern,-109765,megawatthours
2022-09-24,NY,New York,D,Demand,Eastern,Eastern,331175,megawatthours
2022-09-24,NY,New York,DF,Day-ahead demand forecast,Eastern,Eastern,334486,megawatthours
2022-09-24,NY,New York,NG,Net generation,Eastern,Eastern,226204,megawatthours
2022-09-24,NY,New York,TI,Total interchange,Eastern,Eastern,-104971,megawatthours
2022-09-23,NY,New York,D,Demand,Eastern,Eastern,355382,megawatthours
2022-09-23,NY,New York,DF,Day-ahead demand forecast,Eastern,Eastern,359739,megawatthours
2022-09-23,NY,New York,NG,Net generation,Eastern,Eastern,272379,megawatthours
2022-09-23,NY,New York,TI,Total interchange,Eastern,Eastern,-83003,megawatthours
2022-09-22,NY,New York,D,Demand,Eastern,Eastern,414969,megawatthours
2022-09-22,NY,New York,DF,Day-ahead demand forecast,Eastern,Eastern,402199,megawatthours
2022-09-22,NY,New York,NG,Net generation,Eastern,Eastern,305390,megawatthours
2022-09-22,NY,New York,TI,Total interchange,Eastern,Eastern,-109579,megawatthours
2022-09-21,NY,New York,D,Demand,Eastern,Eastern,430535,megawatthours
2022-09-21,NY,New York,DF,Day-ahead demand forecast,Eastern,Eastern,418802,megawatthours
2022-09-21,NY,New York,NG,Net generation,Eastern,Eastern,326850,megawatthours
2022-09-21,NY,New York,TI,Total interchange,Eastern,Eastern,-103685,megawatthours
2022-09-20,NY,New York,D,Demand,Eastern,Eastern,436421,megawatthours
2022-09-20,NY,New York,DF,Day-ahead demand forecast,Eastern,Eastern,435561,megawatthours
2022-09-20,NY,New York,NG,Net generation,Eastern,Eastern,330402,megawatthours
2022-09-20,NY,New York,TI,Total interchange,Eastern,Eastern,-106019,megawatthours
2022-09-19,NY,New York,D,Demand,Eastern,Eastern,457330,megawatthours
2022-09-19,NY,New York,DF,Day-ahead demand forecast,Eastern,Eastern,454105,megawatthours
2022-09-19,NY,New York,NG,Net generation,Eastern,Eastern,353666,megawatthours
2022-09-19,NY,New York,TI,Total interchange,Eastern,Eastern,-103664,megawatthours
2022-09-18,NY,New York,D,Demand,Eastern,Eastern,408063,megawatthours
2022-09-18,NY,New York,DF,Day-ahead demand forecast,Eastern,Eastern,398560,megawatthours
2022-09-18,NY,New York,NG,Net generation,Eastern,Eastern,308190,megawatthours
2022-09-18,NY,New York,TI,Total interchange,Eastern,Eastern,-99873,megawatthours
2022-09-17,NY,New York,D,Demand,Eastern,Eastern,373341,megawatthours
2022-09-17,NY,New York,DF,Day-ahead demand forecast,Eastern,Eastern,367402,megawatthours
2022-09-17,NY,New York,NG,Net generation,Eastern,Eastern,268584,megawatthours
2022-09-17,NY,New York,TI,Total interchange,Eastern,Eastern,-104757,megawatthours
2022-09-16,NY,New York,D,Demand,Eastern,Eastern,382655,megawatthours
2022-09-16,NY,New York,DF,Day-ahead demand forecast,Eastern,Eastern,375745,megawatthours
2022-09-16,NY,New York,NG,Net generation,Eastern,Eastern,281045,megawatthours
2022-09-16,NY,New York,TI,Total interchange,Eastern,Eastern,-101610,megawatthours
2022-09-15,NY,New York,D,Demand,Eastern,Eastern,397434,megawatthours
2022-09-15,NY,New York,DF,Day-ahead demand forecast,Eastern,Eastern,392626,megawatthours
2022-09-15,NY,New York,NG,Net generation,Eastern,Eastern,297071,megawatthours
2022-09-15,NY,New York,TI,Total interchange,Eastern,Eastern,-100363,megawatthours
2022-09-14,NY,New York,D,Demand,Eastern,Eastern,430059,megawatthours
2022-09-14,NY,New York,DF,Day-ahead demand forecast,Eastern,Eastern,433997,megawatthours
2022-09-14,NY,New York,NG,Net generation,Eastern,Eastern,331655,megawatthours
2022-09-14,NY,New York,TI,Total interchange,Eastern,Eastern,-98404,megawatthours
2022-09-13,NY,New York,D,Demand,Eastern,Eastern,473225,megawatthours
2022-09-13,NY,New York,DF,Day-ahead demand forecast,Eastern,Eastern,462229,megawatthours
2022-09-13,NY,New York,NG,Net generation,Eastern,Eastern,350823,megawatthours
2022-09-13,NY,New York,TI,Total interchange,Eastern,Eastern,-122402,megawatthours
2022-09-12,NY,New York,D,Demand,Eastern,Eastern,463393,megawatthours
2022-09-12,NY,New York,DF,Day-ahead demand forecast,Eastern,Eastern,460039,megawatthours
2022-09-12,NY,New York,NG,Net generation,Eastern,Eastern,344868,megawatthours
2022-09-12,NY,New York,TI,Total interchange,Eastern,Eastern,-118525,megawatthours
2022-09-11,NY,New York,D,Demand,Eastern,Eastern,410176,megawatthours
2022-09-11,NY,New York,DF,Day-ahead demand forecast,Eastern,Eastern,406124,megawatthours
2022-09-11,NY,New York,NG,Net generation,Eastern,Eastern,305080,megawatthours
2022-09-11,NY,New York,TI,Total interchange,Eastern,Eastern,-105096,megawatthours
2022-09-10,NY,New York,D,Demand,Eastern,Eastern,414587,megawatthours
2022-09-10,NY,New York,DF,Day-ahead demand forecast,Eastern,Eastern,421472,megawatthours
2022-09-10,NY,New York,NG,Net generation,Eastern,Eastern,312492,megawatthours
2022-09-10,NY,New York,TI,Total interchange,Eastern,Eastern,-102095,megawatthours
2022-09-09,NY,New York,D,Demand,Eastern,Eastern,430244,megawatthours
2022-09-09,NY,New York,DF,Day-ahead demand forecast,Eastern,Eastern,429581,megawatthours
2022-09-09,NY,New York,NG,Net generation,Eastern,Eastern,319806,megawatthours
2022-09-09,NY,New York,TI,Total interchange,Eastern,Eastern,-110438,megawatthours
2022-09-08,NY,New York,D,Demand,Eastern,Eastern,431963,megawatthours
2022-09-08,NY,New York,DF,Day-ahead demand forecast,Eastern,Eastern,425702,megawatthours
2022-09-08,NY,New York,NG,Net generation,Eastern,Eastern,332051,megawatthours
2022-09-08,NY,New York,TI,Total interchange,Eastern,Eastern,-99912,megawatthours
2022-09-07,NY,New York,D,Demand,Eastern,Eastern,431800,megawatthours
2022-09-07,NY,New York,DF,Day-ahead demand forecast,Eastern,Eastern,429269,megawatthours
2022-09-07,NY,New York,NG,Net generation,Eastern,Eastern,324213,megawatthours
2022-09-07,NY,New York,TI,Total interchange,Eastern,Eastern,-107587,megawatthours
2022-09-06,NY,New York,D,Demand,Eastern,Eastern,462891,megawatthours
2022-09-06,NY,New York,DF,Day-ahead demand forecast,Eastern,Eastern,454476,megawatthours
2022-09-06,NY,New York,NG,Net generation,Eastern,Eastern,334693,megawatthours
2022-09-06,NY,New York,TI,Total interchange,Eastern,Eastern,-128198,megawatthours
2022-09-05,NY,New York,D,Demand,Eastern,Eastern,462389,megawatthours
2022-09-05,NY,New York,DF,Day-ahead demand forecast,Eastern,Eastern,436882,megawatthours
2022-09-05,NY,New York,NG,Net generation,Eastern,Eastern,327428,megawatthours
2022-09-05,NY,New York,TI,Total interchange,Eastern,Eastern,-134961,megawatthours
2022-09-04,NY,New York,D,Demand,Eastern,Eastern,450186,megawatthours
2022-09-04,NY,New York,DF,Day-ahead demand forecast,Eastern,Eastern,435311,megawatthours
2022-09-04,NY,New York,NG,Net generation,Eastern,Eastern,308767,megawatthours
2022-09-04,NY,New York,TI,Total interchange,Eastern,Eastern,-141419,megawatthours
2022-09-03,NY,New York,D,Demand,Eastern,Eastern,421998,megawatthours
2022-09-03,NY,New York,DF,Day-ahead demand forecast,Eastern,Eastern,419125,megawatthours
2022-09-03,NY,New York,NG,Net generation,Eastern,Eastern,302007,megawatthours
2022-09-03,NY,New York,TI,Total interchange,Eastern,Eastern,-119991,megawatthours
2022-09-02,NY,New York,D,Demand,Eastern,Eastern,429684,megawatthours
2022-09-02,NY,New York,DF,Day-ahead demand forecast,Eastern,Eastern,422282,megawatthours
2022-09-02,NY,New York,NG,Net generation,Eastern,Eastern,322157,megawatthours
2022-09-02,NY,New York,TI,Total interchange,Eastern,Eastern,-107527,megawatthours
2022-09-01,NY,New York,D,Demand,Eastern,Eastern,458351,megawatthours
2022-09-01,NY,New York,DF,Day-ahead demand forecast,Eastern,Eastern,443423,megawatthours
2022-09-01,NY,New York,NG,Net generation,Eastern,Eastern,356626,megawatthours
2022-09-01,NY,New York,TI,Total interchange,Eastern,Eastern,-101725,megawatthours
2022-08-31,NY,New York,D,Demand,Eastern,Eastern,494411,megawatthours
2022-08-31,NY,New York,DF,Day-ahead demand forecast,Eastern,Eastern,488211,megawatthours
2022-08-31,NY,New York,NG,Net generation,Eastern,Eastern,376456,megawatthours
2022-08-31,NY,New York,TI,Total interchange,Eastern,Eastern,-117955,megawatthours
2022-08-30,NY,New York,D,Demand,Eastern,Eastern,553334,megawatthours
2022-08-30,NY,New York,DF,Day-ahead demand forecast,Eastern,Eastern,537280,megawatthours
2022-08-30,NY,New York,NG,Net generation,Eastern,Eastern,434307,megawatthours
2022-08-30,NY,New York,TI,Total interchange,Eastern,Eastern,-119027,megawatthours
2022-08-29,NY,New York,D,Demand,Eastern,Eastern,550544,megawatthours
2022-08-29,NY,New York,DF,Day-ahead demand forecast,Eastern,Eastern,532766,megawatthours
2022-08-29,NY,New York,NG,Net generation,Eastern,Eastern,431025,megawatthours
2022-08-29,NY,New York,TI,Total interchange,Eastern,Eastern,-119519,megawatthours
2022-08-28,NY,New York,D,Demand,Eastern,Eastern,468204,megawatthours
2022-08-28,NY,New York,DF,Day-ahead demand forecast,Eastern,Eastern,456245,megawatthours
2022-08-28,NY,New York,NG,Net generation,Eastern,Eastern,351518,megawatthours
2022-08-28,NY,New York,TI,Total interchange,Eastern,Eastern,-116686,megawatthours
2022-08-27,NY,New York,D,Demand,Eastern,Eastern,483418,megawatthours
2022-08-27,NY,New York,DF,Day-ahead demand forecast,Eastern,Eastern,463602,megawatthours
2022-08-27,NY,New York,NG,Net generation,Eastern,Eastern,363844,megawatthours
2022-08-27,NY,New York,TI,Total interchange,Eastern,Eastern,-119574,megawatthours
2022-08-26,NY,New York,D,Demand,Eastern,Eastern,525128,megawatthours
2022-08-26,NY,New York,DF,Day-ahead demand forecast,Eastern,Eastern,511900,megawatthours
2022-08-26,NY,New York,NG,Net generation,Eastern,Eastern,406189,megawatthours
2022-08-26,NY,New York,TI,Total interchange,Eastern,Eastern,-118939,megawatthours
2022-08-25,NY,New York,D,Demand,Eastern,Eastern,523934,megawatthours
2022-08-25,NY,New York,DF,Day-ahead demand forecast,Eastern,Eastern,513121,megawatthours
2022-08-25,NY,New York,NG,Net generation,Eastern,Eastern,406300,megawatthours
2022-08-25,NY,New York,TI,Total interchange,Eastern,Eastern,-117634,megawatthours
2022-08-24,NY,New York,D,Demand,Eastern,Eastern,515251,megawatthours
2022-08-24,NY,New York,DF,Day-ahead demand forecast,Eastern,Eastern,498265,megawatthours
2022-08-24,NY,New York,NG,Net generation,Eastern,Eastern,394732,megawatthours
2022-08-24,NY,New York,TI,Total interchange,Eastern,Eastern,-120519,megawatthours
2022-08-23,NY,New York,D,Demand,Eastern,Eastern,515643,megawatthours
2022-08-23,NY,New York,DF,Day-ahead demand forecast,Eastern,Eastern,497811,megawatthours
2022-08-23,NY,New York,NG,Net generation,Eastern,Eastern,393150,megawatthours
2022-08-23,NY,New York,TI,Total interchange,Eastern,Eastern,-122493,megawatthours
2022-08-22,NY,New York,D,Demand,Eastern,Eastern,503422,megawatthours
2022-08-22,NY,New York,DF,Day-ahead demand forecast,Eastern,Eastern,495168,megawatthours
2022-08-22,NY,New York,NG,Net generation,Eastern,Eastern,386403,megawatthours
2022-08-22,NY,New York,TI,Total interchange,Eastern,Eastern,-117019,megawatthours
2022-08-21,NY,New York,D,Demand,Eastern,Eastern,478724,megawatthours
2022-08-21,NY,New York,DF,Day-ahead demand forecast,Eastern,Eastern,478330,megawatthours
2022-08-21,NY,New York,NG,Net generation,Eastern,Eastern,363822,megawatthours
2022-08-21,NY,New York,TI,Total interchange,Eastern,Eastern,-114902,megawatthours
2022-08-20,NY,New York,D,Demand,Eastern,Eastern,494694,megawatthours
2022-08-20,NY,New York,DF,Day-ahead demand forecast,Eastern,Eastern,485651,megawatthours
2022-08-20,NY,New York,NG,Net generation,Eastern,Eastern,364492,megawatthours
2022-08-20,NY,New York,TI,Total interchange,Eastern,Eastern,-130202,megawatthours
2022-08-19,NY,New York,D,Demand,Eastern,Eastern,490626,megawatthours
2022-08-19,NY,New York,DF,Day-ahead demand forecast,Eastern,Eastern,483709,megawatthours
2022-08-19,NY,New York,NG,Net generation,Eastern,Eastern,374972,megawatthours
2022-08-19,NY,New York,TI,Total interchange,Eastern,Eastern,-115654,megawatthours
2022-08-18,NY,New York,D,Demand,Eastern,Eastern,463151,megawatthours
2022-08-18,NY,New York,DF,Day-ahead demand forecast,Eastern,Eastern,456549,megawatthours
2022-08-18,NY,New York,NG,Net generation,Eastern,Eastern,352963,megawatthours
2022-08-18,NY,New York,TI,Total interchange,Eastern,Eastern,-110188,megawatthours
2022-08-17,NY,New York,D,Demand,Eastern,Eastern,454669,megawatthours
2022-08-17,NY,New York,DF,Day-ahead demand forecast,Eastern,Eastern,447883,megawatthours
2022-08-17,NY,New York,NG,Net generation,Eastern,Eastern,342165,megawatthours
2022-08-17,NY,New York,TI,Total interchange,Eastern,Eastern,-112504,megawatthours
2022-08-16,NY,New York,D,Demand,Eastern,Eastern,467088,megawatthours
2022-08-16,NY,New York,DF,Day-ahead demand forecast,Eastern,Eastern,453142,megawatthours
2022-08-16,NY,New York,NG,Net generation,Eastern,Eastern,348616,megawatthours
2022-08-16,NY,New York,TI,Total interchange,Eastern,Eastern,-118472,megawatthours
2022-08-15,NY,New York,D,Demand,Eastern,Eastern,465434,megawatthours
2022-08-15,NY,New York,DF,Day-ahead demand forecast,Eastern,Eastern,452344,megawatthours
2022-08-15,NY,New York,NG,Net generation,Eastern,Eastern,344114,megawatthours
2022-08-15,NY,New York,TI,Total interchange,Eastern,Eastern,-121320,megawatthours
2022-08-14,NY,New York,D,Demand,Eastern,Eastern,412349,megawatthours
2022-08-14,NY,New York,DF,Day-ahead demand forecast,Eastern,Eastern,405164,megawatthours
2022-08-14,NY,New York,NG,Net generation,Eastern,Eastern,300632,megawatthours
2022-08-14,NY,New York,TI,Total interchange,Eastern,Eastern,-111717,megawatthours
2022-08-13,NY,New York,D,Demand,Eastern,Eastern,411863,megawatthours
2022-08-13,NY,New York,DF,Day-ahead demand forecast,Eastern,Eastern,404630,megawatthours
2022-08-13,NY,New York,NG,Net generation,Eastern,Eastern,297755,megawatthours
2022-08-13,NY,New York,TI,Total interchange,Eastern,Eastern,-114108,megawatthours
2022-08-12,NY,New York,D,Demand,Eastern,Eastern,475127,megawatthours
2022-08-12,NY,New York,DF,Day-ahead demand forecast,Eastern,Eastern,457233,megawatthours
2022-08-12,NY,New York,NG,Net generation,Eastern,Eastern,369098,megawatthours
2022-08-12,NY,New York,TI,Total interchange,Eastern,Eastern,-106029,megawatthours
2022-08-11,NY,New York,D,Demand,Eastern,Eastern,527410,megawatthours
2022-08-11,NY,New York,DF,Day-ahead demand forecast,Eastern,Eastern,507801,megawatthours
2022-08-11,NY,New York,NG,Net generation,Eastern,Eastern,424524,megawatthours
2022-08-11,NY,New York,TI,Total interchange,Eastern,Eastern,-102886,megawatthours
2022-08-10,NY,New York,D,Demand,Eastern,Eastern,543232,megawatthours
2022-08-10,NY,New York,DF,Day-ahead demand forecast,Eastern,Eastern,525971,megawatthours
2022-08-10,NY,New York,NG,Net generation,Eastern,Eastern,442862,megawatthours
2022-08-10,NY,New York,TI,Total interchange,Eastern,Eastern,-100370,megawatthours
2022-08-09,NY,New York,D,Demand,Eastern,Eastern,611972,megawatthours
2022-08-09,NY,New York,DF,Day-ahead demand forecast,Eastern,Eastern,600306,megawatthours
2022-08-09,NY,New York,NG,Net generation,Eastern,Eastern,503232,megawatthours
2022-08-09,NY,New York,TI,Total interchange,Eastern,Eastern,-108740,megawatthours
2022-08-08,NY,New York,D,Demand,Eastern,Eastern,621287,megawatthours
2022-08-08,NY,New York,DF,Day-ahead demand forecast,Eastern,Eastern,609230,megawatthours
2022-08-08,NY,New York,NG,Net generation,Eastern,Eastern,506867,megawatthours
2022-08-08,NY,New York,TI,Total interchange,Eastern,Eastern,-114420,megawatthours
2022-08-07,NY,New York,D,Demand,Eastern,Eastern,573906,megawatthours
2022-08-07,NY,New York,DF,Day-ahead demand forecast,Eastern,Eastern,553493,megawatthours
2022-08-07,NY,New York,NG,Net generation,Eastern,Eastern,465714,megawatthours
2022-08-07,NY,New York,TI,Total interchange,Eastern,Eastern,-108192,megawatthours
2022-08-06,NY,New York,D,Demand,Eastern,Eastern,560940,megawatthours
2022-08-06,NY,New York,DF,Day-ahead demand forecast,Eastern,Eastern,545228,megawatthours
2022-08-06,NY,New York,NG,Net generation,Eastern,Eastern,456791,megawatthours
2022-08-06,NY,New York,TI,Total interchange,Eastern,Eastern,-104149,megawatthours
2022-08-05,NY,New York,D,Demand,Eastern,Eastern,576386,megawatthours
2022-08-05,NY,New York,DF,Day-ahead demand forecast,Eastern,Eastern,571455,megawatthours
2022-08-05,NY,New York,NG,Net generation,Eastern,Eastern,477856,megawatthours
2022-08-05,NY,New York,TI,Total interchange,Eastern,Eastern,-98530,megawatthours
2022-08-04,NY,New York,D,Demand,Eastern,Eastern,581315,megawatthours
2022-08-04,NY,New York,DF,Day-ahead demand forecast,Eastern,Eastern,573694,megawatthours
2022-08-04,NY,New York,NG,Net generation,Eastern,Eastern,483719,megawatthours
2022-08-04,NY,New York,TI,Total interchange,Eastern,Eastern,-97596,megawatthours
2022-08-03,NY,New York,D,Demand,Eastern,Eastern,544856,megawatthours
2022-08-03,NY,New York,DF,Day-ahead demand forecast,Eastern,Eastern,522966,megawatthours
2022-08-03,NY,New York,NG,Net generation,Eastern,Eastern,444098,megawatthours
2022-08-03,NY,New York,TI,Total interchange,Eastern,Eastern,-100758,megawatthours
2022-08-02,NY,New York,D,Demand,Eastern,Eastern,537157,megawatthours
2022-08-02,NY,New York,DF,Day-ahead demand forecast,Eastern,Eastern,529239,megawatthours
2022-08-02,NY,New York,NG,Net generation,Eastern,Eastern,435099,megawatthours
2022-08-02,NY,New York,TI,Total interchange,Eastern,Eastern,-102058,megawatthours
2022-08-01,NY,New York,D,Demand,Eastern,Eastern,498356,megawatthours
2022-08-01,NY,New York,DF,Day-ahead demand forecast,Eastern,Eastern,502220,megawatthours
2022-08-01,NY,New York,NG,Net generation,Eastern,Eastern,386993,megawatthours
2022-08-01,NY,New York,TI,Total interchange,Eastern,Eastern,-111363,megawatthours
2022-07-31,NY,New York,D,Demand,Eastern,Eastern,470435,megawatthours
2022-07-31,NY,New York,DF,Day-ahead demand forecast,Eastern,Eastern,459948,megawatthours
2022-07-31,NY,New York,NG,Net generation,Eastern,Eastern,353505,megawatthours
2022-07-31,NY,New York,TI,Total interchange,Eastern,Eastern,-116930,megawatthours
2022-07-30,NY,New York,D,Demand,Eastern,Eastern,482024,megawatthours
2022-07-30,NY,New York,DF,Day-ahead demand forecast,Eastern,Eastern,470326,megawatthours
2022-07-30,NY,New York,NG,Net generation,Eastern,Eastern,367334,megawatthours
2022-07-30,NY,New York,TI,Total interchange,Eastern,Eastern,-114690,megawatthours
2022-07-29,NY,New York,D,Demand,Eastern,Eastern,532754,megawatthours
2022-07-29,NY,New York,DF,Day-ahead demand forecast,Eastern,Eastern,527399,megawatthours
2022-07-29,NY,New York,NG,Net generation,Eastern,Eastern,422049,megawatthours
2022-07-29,NY,New York,TI,Total interchange,Eastern,Eastern,-110705,megawatthours
2022-07-28,NY,New York,D,Demand,Eastern,Eastern,556273,megawatthours
2022-07-28,NY,New York,DF,Day-ahead demand forecast,Eastern,Eastern,543012,megawatthours
2022-07-28,NY,New York,NG,Net generation,Eastern,Eastern,448772,megawatthours
2022-07-28,NY,New York,TI,Total interchange,Eastern,Eastern,-107501,megawatthours
2022-07-27,NY,New York,D,Demand,Eastern,Eastern,498791,megawatthours
2022-07-27,NY,New York,DF,Day-ahead demand forecast,Eastern,Eastern,497985,megawatthours
2022-07-27,NY,New York,NG,Net generation,Eastern,Eastern,395542,megawatthours
2022-07-27,NY,New York,TI,Total interchange,Eastern,Eastern,-103249,megawatthours
2022-07-26,NY,New York,D,Demand,Eastern,Eastern,496129,megawatthours
2022-07-26,NY,New York,DF,Day-ahead demand forecast,Eastern,Eastern,506739,megawatthours
2022-07-26,NY,New York,NG,Net generation,Eastern,Eastern,390307,megawatthours
2022-07-26,NY,New York,TI,Total interchange,Eastern,Eastern,-105822,megawatthours
2022-07-25,NY,New York,D,Demand,Eastern,Eastern,574545,megawatthours
2022-07-25,NY,New York,DF,Day-ahead demand forecast,Eastern,Eastern,578461,megawatthours
2022-07-25,NY,New York,NG,Net generation,Eastern,Eastern,485793,megawatthours
2022-07-25,NY,New York,TI,Total interchange,Eastern,Eastern,-88752,megawatthours
2022-07-24,NY,New York,D,Demand,Eastern,Eastern,563938,megawatthours
2022-07-24,NY,New York,DF,Day-ahead demand forecast,Eastern,Eastern,567434,megawatthours
2022-07-24,NY,New York,NG,Net generation,Eastern,Eastern,474946,megawatthours
2022-07-24,NY,New York,TI,Total interchange,Eastern,Eastern,-88992,megawatthours
2022-07-23,NY,New York,D,Demand,Eastern,Eastern,559974,megawatthours
2022-07-23,NY,New York,DF,Day-ahead demand forecast,Eastern,Eastern,561024,megawatthours
2022-07-23,NY,New York,NG,Net generation,Eastern,Eastern,469840,megawatthours
2022-07-23,NY,New York,TI,Total interchange,Eastern,Eastern,-90134,megawatthours
2022-07-22,NY,New York,D,Demand,Eastern,Eastern,585707,megawatthours
2022-07-22,NY,New York,DF,Day-ahead demand forecast,Eastern,Eastern,572266,megawatthours
2022-07-22,NY,New York,NG,Net generation,Eastern,Eastern,502768,megawatthours
2022-07-22,NY,New York,TI,Total interchange,Eastern,Eastern,-82939,megawatthours
2022-07-21,NY,New York,D,Demand,Eastern,Eastern,608105,megawatthours
2022-07-21,NY,New York,DF,Day-ahead demand forecast,Eastern,Eastern,594326,megawatthours
2022-07-21,NY,New York,NG,Net generation,Eastern,Eastern,519179,megawatthours
2022-07-21,NY,New York,TI,Total interchange,Eastern,Eastern,-88926,megawatthours
2022-07-20,NY,New York,D,Demand,Eastern,Eastern,605859,megawatthours
2022-07-20,NY,New York,DF,Day-ahead demand forecast,Eastern,Eastern,584570,megawatthours
2022-07-20,NY,New York,NG,Net generation,Eastern,Eastern,517197,megawatthours
2022-07-20,NY,New York,TI,Total interchange,Eastern,Eastern,-88662,megawatthours
2022-07-19,NY,New York,D,Demand,Eastern,Eastern,558981,megawatthours
2022-07-19,NY,New York,DF,Day-ahead demand forecast,Eastern,Eastern,546920,megawatthours
2022-07-19,NY,New York,NG,Net generation,Eastern,Eastern,477712,megawatthours
2022-07-19,NY,New York,TI,Total interchange,Eastern,Eastern,-81269,megawatthours
2022-07-18,NY,New York,D,Demand,Eastern,Eastern,526190,megawatthours
2022-07-18,NY,New York,DF,Day-ahead demand forecast,Eastern,Eastern,525868,megawatthours
2022-07-18,NY,New York,NG,Net generation,Eastern,Eastern,429901,megawatthours
2022-07-18,NY,New York,TI,Total interchange,Eastern,Eastern,-96289,megawatthours
2022-07-17,NY,New York,D,Demand,Eastern,Eastern,480966,megawatthours
2022-07-17,NY,New York,DF,Day-ahead demand forecast,Eastern,Eastern,476383,megawatthours
2022-07-17,NY,New York,NG,Net generation,Eastern,Eastern,374842,megawatthours
2022-07-17,NY,New York,TI,Total interchange,Eastern,Eastern,-106124,megawatthours
2022-07-16,NY,New York,D,Demand,Eastern,Eastern,462208,megawatthours
2022-07-16,NY,New York,DF,Day-ahead demand forecast,Eastern,Eastern,460638,megawatthours
2022-07-16,NY,New York,NG,Net generation,Eastern,Eastern,358560,megawatthours
2022-07-16,NY,New York,TI,Total interchange,Eastern,Eastern,-103648,megawatthours
2022-07-15,NY,New York,D,Demand,Eastern,Eastern,486175,megawatthours
2022-07-15,NY,New York,DF,Day-ahead demand forecast,Eastern,Eastern,474478,megawatthours
2022-07-15,NY,New York,NG,Net generation,Eastern,Eastern,370587,megawatthours
2022-07-15,NY,New York,TI,Total interchange,Eastern,Eastern,-115588,megawatthours
2022-07-14,NY,New York,D,Demand,Eastern,Eastern,516803,megawatthours
2022-07-14,NY,New York,DF,Day-ahead demand forecast,Eastern,Eastern,505966,megawatthours
2022-07-14,NY,New York,NG,Net generation,Eastern,Eastern,411626,megawatthours
2022-07-14,NY,New York,TI,Total interchange,Eastern,Eastern,-105177,megawatthours
2022-07-13,NY,New York,D,Demand,Eastern,Eastern,527084,megawatthours
2022-07-13,NY,New York,DF,Day-ahead demand forecast,Eastern,Eastern,517012,megawatthours
2022-07-13,NY,New York,NG,Net generation,Eastern,Eastern,422536,megawatthours
2022-07-13,NY,New York,TI,Total interchange,Eastern,Eastern,-104548,megawatthours
2022-07-12,NY,New York,D,Demand,Eastern,Eastern,521841,megawatthours
2022-07-12,NY,New York,DF,Day-ahead demand forecast,Eastern,Eastern,510963,megawatthours
2022-07-12,NY,New York,NG,Net generation,Eastern,Eastern,433974,megawatthours
2022-07-12,NY,New York,TI,Total interchange,Eastern,Eastern,-87867,megawatthours
2022-07-11,NY,New York,D,Demand,Eastern,Eastern,472530,megawatthours
2022-07-11,NY,New York,DF,Day-ahead demand forecast,Eastern,Eastern,469661,megawatthours
2022-07-11,NY,New York,NG,Net generation,Eastern,Eastern,373682,megawatthours
2022-07-11,NY,New York,TI,Total interchange,Eastern,Eastern,-98848,megawatthours
2022-07-10,NY,New York,D,Demand,Eastern,Eastern,412997,megawatthours
2022-07-10,NY,New York,DF,Day-ahead demand forecast,Eastern,Eastern,404448,megawatthours
2022-07-10,NY,New York,NG,Net generation,Eastern,Eastern,311763,megawatthours
2022-07-10,NY,New York,TI,Total interchange,Eastern,Eastern,-101234,megawatthours
2022-07-09,NY,New York,D,Demand,Eastern,Eastern,440819,megawatthours
2022-07-09,NY,New York,DF,Day-ahead demand forecast,Eastern,Eastern,420192,megawatthours
2022-07-09,NY,New York,NG,Net generation,Eastern,Eastern,336931,megawatthours
2022-07-09,NY,New York,TI,Total interchange,Eastern,Eastern,-103888,megawatthours
2022-07-08,NY,New York,D,Demand,Eastern,Eastern,482822,megawatthours
2022-07-08,NY,New York,DF,Day-ahead demand forecast,Eastern,Eastern,482836,megawatthours
2022-07-08,NY,New York,NG,Net generation,Eastern,Eastern,391248,megawatthours
2022-07-08,NY,New York,TI,Total interchange,Eastern,Eastern,-91574,megawatthours
2022-07-07,NY,New York,D,Demand,Eastern,Eastern,481602,megawatthours
2022-07-07,NY,New York,DF,Day-ahead demand forecast,Eastern,Eastern,473762,megawatthours
2022-07-07,NY,New York,NG,Net generation,Eastern,Eastern,381900,megawatthours
2022-07-07,NY,New York,TI,Total interchange,Eastern,Eastern,-99702,megawatthours
2022-07-06,NY,New York,D,Demand,Eastern,Eastern,499684,megawatthours
2022-07-06,NY,New York,DF,Day-ahead demand forecast,Eastern,Eastern,487312,megawatthours
2022-07-06,NY,New York,NG,Net generation,Eastern,Eastern,424152,megawatthours
2022-07-06,NY,New York,TI,Total interchange,Eastern,Eastern,-75532,megawatthours
2022-07-05,NY,New York,D,Demand,Eastern,Eastern,475326,megawatthours
2022-07-05,NY,New York,DF,Day-ahead demand forecast,Eastern,Eastern,477238,megawatthours
2022-07-05,NY,New York,NG,Net generation,Eastern,Eastern,384289,megawatthours
2022-07-05,NY,New York,TI,Total interchange,Eastern,Eastern,-91037,megawatthours
2022-07-04,NY,New York,D,Demand,Eastern,Eastern,423686,megawatthours
2022-07-04,NY,New York,DF,Day-ahead demand forecast,Eastern,Eastern,412285,megawatthours
2022-07-04,NY,New York,NG,Net generation,Eastern,Eastern,336672,megawatthours
2022-07-04,NY,New York,TI,Total interchange,Eastern,Eastern,-87014,megawatthours
2022-07-03,NY,New York,D,Demand,Eastern,Eastern,442303,megawatthours
2022-07-03,NY,New York,DF,Day-ahead demand forecast,Eastern,Eastern,427333,megawatthours
2022-07-03,NY,New York,NG,Net generation,Eastern,Eastern,353909,megawatthours
2022-07-03,NY,New York,TI,Total interchange,Eastern,Eastern,-88394,megawatthours
2022-07-02,NY,New York,D,Demand,Eastern,Eastern,492965,megawatthours
2022-07-02,NY,New York,DF,Day-ahead demand forecast,Eastern,Eastern,470231,megawatthours
2022-07-02,NY,New York,NG,Net generation,Eastern,Eastern,399786,megawatthours
2022-07-02,NY,New York,TI,Total interchange,Eastern,Eastern,-93179,megawatthours
2022-07-01,NY,New York,D,Demand,Eastern,Eastern,526072,megawatthours
2022-07-01,NY,New York,DF,Day-ahead demand forecast,Eastern,Eastern,510736,megawatthours
2022-07-01,NY,New York,NG,Net generation,Eastern,Eastern,438490,megawatthours
2022-07-01,NY,New York,TI,Total interchange,Eastern,Eastern,-87582,megawatthours
2022-06-30,NY,New York,D,Demand,Eastern,Eastern,475488,megawatthours
2022-06-30,NY,New York,DF,Day-ahead demand forecast,Eastern,Eastern,462182,megawatthours
2022-06-30,NY,New York,NG,Net generation,Eastern,Eastern,380698,megawatthours
2022-06-30,NY,New York,TI,Total interchange,Eastern,Eastern,-94790,megawatthours
2022-06-29,NY,New York,D,Demand,Eastern,Eastern,443985,megawatthours
2022-06-29,NY,New York,DF,Day-ahead demand forecast,Eastern,Eastern,435406,megawatthours
2022-06-29,NY,New York,NG,Net generation,Eastern,Eastern,356604,megawatthours
2022-06-29,NY,New York,TI,Total interchange,Eastern,Eastern,-87381,megawatthours
2022-06-28,NY,New York,D,Demand,Eastern,Eastern,428090,megawatthours
2022-06-28,NY,New York,DF,Day-ahead demand forecast,Eastern,Eastern,426260,megawatthours
2022-06-28,NY,New York,NG,Net generation,Eastern,Eastern,343200,megawatthours
2022-06-28,NY,New York,TI,Total interchange,Eastern,Eastern,-84890,megawatthours
2022-06-27,NY,New York,D,Demand,Eastern,Eastern,470754,megawatthours
2022-06-27,NY,New York,DF,Day-ahead demand forecast,Eastern,Eastern,467593,megawatthours
2022-06-27,NY,New York,NG,Net generation,Eastern,Eastern,392213,megawatthours
2022-06-27,NY,New York,TI,Total interchange,Eastern,Eastern,-78541,megawatthours
2022-06-26,NY,New York,D,Demand,Eastern,Eastern,478066,megawatthours
2022-06-26,NY,New York,DF,Day-ahead demand forecast,Eastern,Eastern,473393,megawatthours
2022-06-26,NY,New York,NG,Net generation,Eastern,Eastern,386542,megawatthours
2022-06-26,NY,New York,TI,Total interchange,Eastern,Eastern,-91524,megawatthours
2022-06-25,NY,New York,D,Demand,Eastern,Eastern,456234,megawatthours
2022-06-25,NY,New York,DF,Day-ahead demand forecast,Eastern,Eastern,440324,megawatthours
2022-06-25,NY,New York,NG,Net generation,Eastern,Eastern,374326,megawatthours
2022-06-25,NY,New York,TI,Total interchange,Eastern,Eastern,-81908,megawatthours
2022-06-24,NY,New York,D,Demand,Eastern,Eastern,438680,megawatthours
2022-06-24,NY,New York,DF,Day-ahead demand forecast,Eastern,Eastern,414404,megawatthours
2022-06-24,NY,New York,NG,Net generation,Eastern,Eastern,359403,megawatthours
2022-06-24,NY,New York,TI,Total interchange,Eastern,Eastern,-79277,megawatthours
2022-06-23,NY,New York,D,Demand,Eastern,Eastern,418264,megawatthours
2022-06-23,NY,New York,DF,Day-ahead demand forecast,Eastern,Eastern,407748,megawatthours
2022-06-23,NY,New York,NG,Net generation,Eastern,Eastern,342178,megawatthours
2022-06-23,NY,New York,TI,Total interchange,Eastern,Eastern,-76086,megawatthours
2022-06-22,NY,New York,D,Demand,Eastern,Eastern,431426,megawatthours
2022-06-22,NY,New York,DF,Day-ahead demand forecast,Eastern,Eastern,420407,megawatthours
2022-06-22,NY,New York,NG,Net generation,Eastern,Eastern,357206,megawatthours
2022-06-22,NY,New York,TI,Total interchange,Eastern,Eastern,-74220,megawatthours
2022-06-21,NY,New York,D,Demand,Eastern,Eastern,421047,megawatthours
2022-06-21,NY,New York,DF,Day-ahead demand forecast,Eastern,Eastern,406977,megawatthours
2022-06-21,NY,New York,NG,Net generation,Eastern,Eastern,345121,megawatthours
2022-06-21,NY,New York,TI,Total interchange,Eastern,Eastern,-75926,megawatthours
2022-06-20,NY,New York,D,Demand,Eastern,Eastern,382314,megawatthours
2022-06-20,NY,New York,DF,Day-ahead demand forecast,Eastern,Eastern,376420,megawatthours
2022-06-20,NY,New York,NG,Net generation,Eastern,Eastern,306000,megawatthours
2022-06-20,NY,New York,TI,Total interchange,Eastern,Eastern,-76314,megawatthours
2022-06-19,NY,New York,D,Demand,Eastern,Eastern,328801,megawatthours
2022-06-19,NY,New York,DF,Day-ahead demand forecast,Eastern,Eastern,327443,megawatthours
2022-06-19,NY,New York,NG,Net generation,Eastern,Eastern,261904,megawatthours
2022-06-19,NY,New York,TI,Total interchange,Eastern,Eastern,-66897,megawatthours
2022-06-18,NY,New York,D,Demand,Eastern,Eastern,370098,megawatthours
2022-06-18,NY,New York,DF,Day-ahead demand forecast,Eastern,Eastern,362137,megawatthours
2022-06-18,NY,New York,NG,Net generation,Eastern,Eastern,293321,megawatthours
2022-06-18,NY,New York,TI,Total interchange,Eastern,Eastern,-76777,megawatthours
2022-06-17,NY,New York,D,Demand,Eastern,Eastern,478940,megawatthours
2022-06-17,NY,New York,DF,Day-ahead demand forecast,Eastern,Eastern,460674,megawatthours
2022-06-17,NY,New York,NG,Net generation,Eastern,Eastern,410198,megawatthours
2022-06-17,NY,New York,TI,Total interchange,Eastern,Eastern,-68742,megawatthours
2022-06-16,NY,New York,D,Demand,Eastern,Eastern,456388,megawatthours
2022-06-16,NY,New York,DF,Day-ahead demand forecast,Eastern,Eastern,450272,megawatthours
2022-06-16,NY,New York,NG,Net generation,Eastern,Eastern,388136,megawatthours
2022-06-16,NY,New York,TI,Total interchange,Eastern,Eastern,-68252,megawatthours
2022-06-15,NY,New York,D,Demand,Eastern,Eastern,458247,megawatthours
2022-06-15,NY,New York,DF,Day-ahead demand forecast,Eastern,Eastern,444485,megawatthours
2022-06-15,NY,New York,NG,Net generation,Eastern,Eastern,384855,megawatthours
2022-06-15,NY,New York,TI,Total interchange,Eastern,Eastern,-73392,megawatthours
2022-06-14,NY,New York,D,Demand,Eastern,Eastern,439182,megawatthours
2022-06-14,NY,New York,DF,Day-ahead demand forecast,Eastern,Eastern,434223,megawatthours
2022-06-14,NY,New York,NG,Net generation,Eastern,Eastern,358583,megawatthours
2022-06-14,NY,New York,TI,Total interchange,Eastern,Eastern,-80599,megawatthours
2022-06-13,NY,New York,D,Demand,Eastern,Eastern,450830,megawatthours
2022-06-13,NY,New York,DF,Day-ahead demand forecast,Eastern,Eastern,434670,megawatthours
2022-06-13,NY,New York,NG,Net generation,Eastern,Eastern,388545,megawatthours
2022-06-13,NY,New York,TI,Total interchange,Eastern,Eastern,-62285,megawatthours
2022-06-12,NY,New York,D,Demand,Eastern,Eastern,372179,megawatthours
2022-06-12,NY,New York,DF,Day-ahead demand forecast,Eastern,Eastern,379739,megawatthours
2022-06-12,NY,New York,NG,Net generation,Eastern,Eastern,304421,megawatthours
2022-06-12,NY,New York,TI,Total interchange,Eastern,Eastern,-67758,megawatthours
2022-06-11,NY,New York,D,Demand,Eastern,Eastern,380077,megawatthours
2022-06-11,NY,New York,DF,Day-ahead demand forecast,Eastern,Eastern,381756,megawatthours
2022-06-11,NY,New York,NG,Net generation,Eastern,Eastern,303498,megawatthours
2022-06-11,NY,New York,TI,Total interchange,Eastern,Eastern,-76579,megawatthours
2022-06-10,NY,New York,D,Demand,Eastern,Eastern,407263,megawatthours
2022-06-10,NY,New York,DF,Day-ahead demand forecast,Eastern,Eastern,406425,megawatthours
2022-06-10,NY,New York,NG,Net generation,Eastern,Eastern,341988,megawatthours
2022-06-10,NY,New York,TI,Total interchange,Eastern,Eastern,-65275,megawatthours
2022-06-09,NY,New York,D,Demand,Eastern,Eastern,442467,megawatthours
2022-06-09,NY,New York,DF,Day-ahead demand forecast,Eastern,Eastern,420806,megawatthours
2022-06-09,NY,New York,NG,Net generation,Eastern,Eastern,370679,megawatthours
2022-06-09,NY,New York,TI,Total interchange,Eastern,Eastern,-71788,megawatthours
2022-06-08,NY,New York,D,Demand,Eastern,Eastern,437771,megawatthours
2022-06-08,NY,New York,DF,Day-ahead demand forecast,Eastern,Eastern,424571,megawatthours
2022-06-08,NY,New York,NG,Net generation,Eastern,Eastern,364334,megawatthours
2022-06-08,NY,New York,TI,Total interchange,Eastern,Eastern,-73437,megawatthours
2022-06-07,NY,New York,D,Demand,Eastern,Eastern,417263,megawatthours
2022-06-07,NY,New York,DF,Day-ahead demand forecast,Eastern,Eastern,413317,megawatthours
2022-06-07,NY,New York,NG,Net generation,Eastern,Eastern,349875,megawatthours
2022-06-07,NY,New York,TI,Total interchange,Eastern,Eastern,-67388,megawatthours
2022-06-06,NY,New York,D,Demand,Eastern,Eastern,408991,megawatthours
2022-06-06,NY,New York,DF,Day-ahead demand forecast,Eastern,Eastern,396882,megawatthours
2022-06-06,NY,New York,NG,Net generation,Eastern,Eastern,325759,megawatthours
2022-06-06,NY,New York,TI,Total interchange,Eastern,Eastern,-83232,megawatthours
2022-06-05,NY,New York,D,Demand,Eastern,Eastern,354341,megawatthours
2022-06-05,NY,New York,DF,Day-ahead demand forecast,Eastern,Eastern,340862,megawatthours
2022-06-05,NY,New York,NG,Net generation,Eastern,Eastern,277208,megawatthours
2022-06-05,NY,New York,TI,Total interchange,Eastern,Eastern,-77133,megawatthours
2022-06-04,NY,New York,D,Demand,Eastern,Eastern,370229,megawatthours
2022-06-04,NY,New York,DF,Day-ahead demand forecast,Eastern,Eastern,357473,megawatthours
2022-06-04,NY,New York,NG,Net generation,Eastern,Eastern,306566,megawatthours
2022-06-04,NY,New York,TI,Total interchange,Eastern,Eastern,-63663,megawatthours
2022-06-03,NY,New York,D,Demand,Eastern,Eastern,409061,megawatthours
2022-06-03,NY,New York,DF,Day-ahead demand forecast,Eastern,Eastern,398135,megawatthours
2022-06-03,NY,New York,NG,Net generation,Eastern,Eastern,337285,megawatthours
2022-06-03,NY,New York,TI,Total interchange,Eastern,Eastern,-71776,megawatthours
2022-06-02,NY,New York,D,Demand,Eastern,Eastern,419580,megawatthours
2022-06-02,NY,New York,DF,Day-ahead demand forecast,Eastern,Eastern,422054,megawatthours
2022-06-02,NY,New York,NG,Net generation,Eastern,Eastern,353327,megawatthours
2022-06-02,NY,New York,TI,Total interchange,Eastern,Eastern,-66253,megawatthours
2022-06-01,NY,New York,D,Demand,Eastern,Eastern,422070,megawatthours
2022-06-01,NY,New York,DF,Day-ahead demand forecast,Eastern,Eastern,437334,megawatthours
2022-06-01,NY,New York,NG,Net generation,Eastern,Eastern,364653,megawatthours
2022-06-01,NY,New York,TI,Total interchange,Eastern,Eastern,-57417,megawatthours
2022-05-31,NY,New York,D,Demand,Eastern,Eastern,513029,megawatthours
2022-05-31,NY,New York,DF,Day-ahead demand forecast,Eastern,Eastern,491138,megawatthours
2022-05-31,NY,New York,NG,Net generation,Eastern,Eastern,430086,megawatthours
2022-05-31,NY,New York,TI,Total interchange,Eastern,Eastern,-82943,megawatthours
2022-05-30,NY,New York,D,Demand,Eastern,Eastern,407158,megawatthours
2022-05-30,NY,New York,DF,Day-ahead demand forecast,Eastern,Eastern,394287,megawatthours
2022-05-30,NY,New York,NG,Net generation,Eastern,Eastern,355259,megawatthours
2022-05-30,NY,New York,TI,Total interchange,Eastern,Eastern,-51899,megawatthours
2022-05-29,NY,New York,D,Demand,Eastern,Eastern,354089,megawatthours
2022-05-29,NY,New York,DF,Day-ahead demand forecast,Eastern,Eastern,350929,megawatthours
2022-05-29,NY,New York,NG,Net generation,Eastern,Eastern,296632,megawatthours
2022-05-29,NY,New York,TI,Total interchange,Eastern,Eastern,-57457,megawatthours
2022-05-28,NY,New York,D,Demand,Eastern,Eastern,370143,megawatthours
2022-05-28,NY,New York,DF,Day-ahead demand forecast,Eastern,Eastern,367911,megawatthours
2022-05-28,NY,New York,NG,Net generation,Eastern,Eastern,318762,megawatthours
2022-05-28,NY,New York,TI,Total interchange,Eastern,Eastern,-51381,megawatthours
2022-05-27,NY,New York,D,Demand,Eastern,Eastern,405941,megawatthours
2022-05-27,NY,New York,DF,Day-ahead demand forecast,Eastern,Eastern,394916,megawatthours
2022-05-27,NY,New York,NG,Net generation,Eastern,Eastern,346124,megawatthours
2022-05-27,NY,New York,TI,Total interchange,Eastern,Eastern,-59817,megawatthours
2022-05-26,NY,New York,D,Demand,Eastern,Eastern,376922,megawatthours
2022-05-26,NY,New York,DF,Day-ahead demand forecast,Eastern,Eastern,365632,megawatthours
2022-05-26,NY,New York,NG,Net generation,Eastern,Eastern,342388,megawatthours
2022-05-26,NY,New York,TI,Total interchange,Eastern,Eastern,-34534,megawatthours
2022-05-25,NY,New York,D,Demand,Eastern,Eastern,366308,megawatthours
2022-05-25,NY,New York,DF,Day-ahead demand forecast,Eastern,Eastern,357023,megawatthours
2022-05-25,NY,New York,NG,Net generation,Eastern,Eastern,327289,megawatthours
2022-05-25,NY,New York,TI,Total interchange,Eastern,Eastern,-39019,megawatthours
2022-05-24,NY,New York,D,Demand,Eastern,Eastern,368690,megawatthours
2022-05-24,NY,New York,DF,Day-ahead demand forecast,Eastern,Eastern,369695,megawatthours
2022-05-24,NY,New York,NG,Net generation,Eastern,Eastern,324090,megawatthours
2022-05-24,NY,New York,TI,Total interchange,Eastern,Eastern,-44600,megawatthours
2022-05-23,NY,New York,D,Demand,Eastern,Eastern,387040,megawatthours
2022-05-23,NY,New York,DF,Day-ahead demand forecast,Eastern,Eastern,390750,megawatthours
2022-05-23,NY,New York,NG,Net generation,Eastern,Eastern,337949,megawatthours
2022-05-23,NY,New York,TI,Total interchange,Eastern,Eastern,-49091,megawatthours
2022-05-22,NY,New York,D,Demand,Eastern,Eastern,426749,megawatthours
2022-05-22,NY,New York,DF,Day-ahead demand forecast,Eastern,Eastern,415082,megawatthours
2022-05-22,NY,New York,NG,Net generation,Eastern,Eastern,383216,megawatthours
2022-05-22,NY,New York,TI,Total interchange,Eastern,Eastern,-43533,megawatthours
2022-05-21,NY,New York,D,Demand,Eastern,Eastern,408354,megawatthours
2022-05-21,NY,New York,DF,Day-ahead demand forecast,Eastern,Eastern,405483,megawatthours
2022-05-21,NY,New York,NG,Net generation,Eastern,Eastern,361279,megawatthours
2022-05-21,NY,New York,TI,Total interchange,Eastern,Eastern,-47075,megawatthours
2022-05-20,NY,New York,D,Demand,Eastern,Eastern,369533,megawatthours
2022-05-20,NY,New York,DF,Day-ahead demand forecast,Eastern,Eastern,375122,megawatthours
2022-05-20,NY,New York,NG,Net generation,Eastern,Eastern,326531,megawatthours
2022-05-20,NY,New York,TI,Total interchange,Eastern,Eastern,-43002,megawatthours
2022-05-19,NY,New York,D,Demand,Eastern,Eastern,366395,megawatthours
2022-05-19,NY,New York,DF,Day-ahead demand forecast,Eastern,Eastern,360739,megawatthours
2022-05-19,NY,New York,NG,Net generation,Eastern,Eastern,327441,megawatthours
2022-05-19,NY,New York,TI,Total interchange,Eastern,Eastern,-38954,megawatthours
2022-05-18,NY,New York,D,Demand,Eastern,Eastern,354919,megawatthours
2022-05-18,NY,New York,DF,Day-ahead demand forecast,Eastern,Eastern,352838,megawatthours
2022-05-18,NY,New York,NG,Net generation,Eastern,Eastern,315539,megawatthours
2022-05-18,NY,New York,TI,Total interchange,Eastern,Eastern,-39380,megawatthours
2022-05-17,NY,New York,D,Demand,Eastern,Eastern,365360,megawatthours
2022-05-17,NY,New York,DF,Day-ahead demand forecast,Eastern,Eastern,363734,megawatthours
2022-05-17,NY,New York,NG,Net generation,Eastern,Eastern,344008,megawatthours
2022-05-17,NY,New York,TI,Total interchange,Eastern,Eastern,-21352,megawatthours
2022-05-16,NY,New York,D,Demand,Eastern,Eastern,391582,megawatthours
2022-05-16,NY,New York,DF,Day-ahead demand forecast,Eastern,Eastern,383487,megawatthours
2022-05-16,NY,New York,NG,Net generation,Eastern,Eastern,357394,megawatthours
2022-05-16,NY,New York,TI,Total interchange,Eastern,Eastern,-34188,megawatthours
2022-05-15,NY,New York,D,Demand,Eastern,Eastern,363172,megawatthours
2022-05-15,NY,New York,DF,Day-ahead demand forecast,Eastern,Eastern,353749,megawatthours
2022-05-15,NY,New York,NG,Net generation,Eastern,Eastern,326579,megawatthours
2022-05-15,NY,New York,TI,Total interchange,Eastern,Eastern,-36593,megawatthours
2022-05-14,NY,New York,D,Demand,Eastern,Eastern,368342,megawatthours
2022-05-14,NY,New York,DF,Day-ahead demand forecast,Eastern,Eastern,354678,megawatthours
2022-05-14,NY,New York,NG,Net generation,Eastern,Eastern,326277,megawatthours
2022-05-14,NY,New York,TI,Total interchange,Eastern,Eastern,-42065,megawatthours
2022-05-13,NY,New York,D,Demand,Eastern,Eastern,383995,megawatthours
2022-05-13,NY,New York,DF,Day-ahead demand forecast,Eastern,Eastern,371564,megawatthours
2022-05-13,NY,New York,NG,Net generation,Eastern,Eastern,342432,megawatthours
2022-05-13,NY,New York,TI,Total interchange,Eastern,Eastern,-41563,megawatthours
2022-05-12,NY,New York,D,Demand,Eastern,Eastern,367219,megawatthours
2022-05-12,NY,New York,DF,Day-ahead demand forecast,Eastern,Eastern,356083,megawatthours
2022-05-12,NY,New York,NG,Net generation,Eastern,Eastern,331726,megawatthours
2022-05-12,NY,New York,TI,Total interchange,Eastern,Eastern,-35493,megawatthours
2022-05-11,NY,New York,D,Demand,Eastern,Eastern,352804,megawatthours
2022-05-11,NY,New York,DF,Day-ahead demand forecast,Eastern,Eastern,340904,megawatthours
2022-05-11,NY,New York,NG,Net generation,Eastern,Eastern,312532,megawatthours
2022-05-11,NY,New York,TI,Total interchange,Eastern,Eastern,-40272,megawatthours
2022-05-10,NY,New York,D,Demand,Eastern,Eastern,345909,megawatthours
2022-05-10,NY,New York,DF,Day-ahead demand forecast,Eastern,Eastern,336000,megawatthours
2022-05-10,NY,New York,NG,Net generation,Eastern,Eastern,315500,megawatthours
2022-05-10,NY,New York,TI,Total interchange,Eastern,Eastern,-30409,megawatthours
2022-05-09,NY,New York,D,Demand,Eastern,Eastern,344868,megawatthours
2022-05-09,NY,New York,DF,Day-ahead demand forecast,Eastern,Eastern,340549,megawatthours
2022-05-09,NY,New York,NG,Net generation,Eastern,Eastern,320617,megawatthours
2022-05-09,NY,New York,TI,Total interchange,Eastern,Eastern,-24251,megawatthours
2022-05-08,NY,New York,D,Demand,Eastern,Eastern,320761,megawatthours
2022-05-08,NY,New York,DF,Day-ahead demand forecast,Eastern,Eastern,319871,megawatthours
2022-05-08,NY,New York,NG,Net generation,Eastern,Eastern,295810,megawatthours
2022-05-08,NY,New York,TI,Total interchange,Eastern,Eastern,-24951,megawatthours
2022-05-07,NY,New York,D,Demand,Eastern,Eastern,337622,megawatthours
2022-05-07,NY,New York,DF,Day-ahead demand forecast,Eastern,Eastern,330306,megawatthours
2022-05-07,NY,New York,NG,Net generation,Eastern,Eastern,290919,megawatthours
2022-05-07,NY,New York,TI,Total interchange,Eastern,Eastern,-46703,megawatthours
2022-05-06,NY,New York,D,Demand,Eastern,Eastern,357753,megawatthours
2022-05-06,NY,New York,DF,Day-ahead demand forecast,Eastern,Eastern,353350,megawatthours
2022-05-06,NY,New York,NG,Net generation,Eastern,Eastern,325580,megawatthours
2022-05-06,NY,New York,TI,Total interchange,Eastern,Eastern,-32173,megawatthours
2022-05-05,NY,New York,D,Demand,Eastern,Eastern,349202,megawatthours
2022-05-05,NY,New York,DF,Day-ahead demand forecast,Eastern,Eastern,348005,megawatthours
2022-05-05,NY,New York,NG,Net generation,Eastern,Eastern,325504,megawatthours
2022-05-05,NY,New York,TI,Total interchange,Eastern,Eastern,-23698,megawatthours
2022-05-04,NY,New York,D,Demand,Eastern,Eastern,365483,megawatthours
2022-05-04,NY,New York,DF,Day-ahead demand forecast,Eastern,Eastern,359514,megawatthours
2022-05-04,NY,New York,NG,Net generation,Eastern,Eastern,347352,megawatthours
2022-05-04,NY,New York,TI,Total interchange,Eastern,Eastern,-18131,megawatthours
2022-05-03,NY,New York,D,Demand,Eastern,Eastern,355332,megawatthours
2022-05-03,NY,New York,DF,Day-ahead demand forecast,Eastern,Eastern,356556,megawatthours
2022-05-03,NY,New York,NG,Net generation,Eastern,Eastern,341898,megawatthours
2022-05-03,NY,New York,TI,Total interchange,Eastern,Eastern,-13434,megawatthours
2022-05-02,NY,New York,D,Demand,Eastern,Eastern,364459,megawatthours
2022-05-02,NY,New York,DF,Day-ahead demand forecast,Eastern,Eastern,359523,megawatthours
2022-05-02,NY,New York,NG,Net generation,Eastern,Eastern,346835,megawatthours
2022-05-02,NY,New York,TI,Total interchange,Eastern,Eastern,-17624,megawatthours
2022-05-01,NY,New York,D,Demand,Eastern,Eastern,318743,megawatthours
2022-05-01,NY,New York,DF,Day-ahead demand forecast,Eastern,Eastern,317537,megawatthours
2022-05-01,NY,New York,NG,Net generation,Eastern,Eastern,301459,megawatthours
2022-05-01,NY,New York,TI,Total interchange,Eastern,Eastern,-17284,megawatthours
2022-04-30,NY,New York,D,Demand,Eastern,Eastern,324495,megawatthours
2022-04-30,NY,New York,DF,Day-ahead demand forecast,Eastern,Eastern,312717,megawatthours
2022-04-30,NY,New York,NG,Net generation,Eastern,Eastern,290229,megawatthours
2022-04-30,NY,New York,TI,Total interchange,Eastern,Eastern,-34266,megawatthours
2022-04-29,NY,New York,D,Demand,Eastern,Eastern,354137,megawatthours
2022-04-29,NY,New York,DF,Day-ahead demand forecast,Eastern,Eastern,338814,megawatthours
2022-04-29,NY,New York,NG,Net generation,Eastern,Eastern,319968,megawatthours
2022-04-29,NY,New York,TI,Total interchange,Eastern,Eastern,-34169,megawatthours
2022-04-28,NY,New York,D,Demand,Eastern,Eastern,363575,megawatthours
2022-04-28,NY,New York,DF,Day-ahead demand forecast,Eastern,Eastern,347235,megawatthours
2022-04-28,NY,New York,NG,Net generation,Eastern,Eastern,333679,megawatthours
2022-04-28,NY,New York,TI,Total interchange,Eastern,Eastern,-29896,megawatthours
2022-04-27,NY,New York,D,Demand,Eastern,Eastern,366888,megawatthours
2022-04-27,NY,New York,DF,Day-ahead demand forecast,Eastern,Eastern,352981,megawatthours
2022-04-27,NY,New York,NG,Net generation,Eastern,Eastern,323432,megawatthours
2022-04-27,NY,New York,TI,Total interchange,Eastern,Eastern,-43456,megawatthours
2022-04-26,NY,New York,D,Demand,Eastern,Eastern,367151,megawatthours
2022-04-26,NY,New York,DF,Day-ahead demand forecast,Eastern,Eastern,354684,megawatthours
2022-04-26,NY,New York,NG,Net generation,Eastern,Eastern,331777,megawatthours
2022-04-26,NY,New York,TI,Total interchange,Eastern,Eastern,-35374,megawatthours
2022-04-25,NY,New York,D,Demand,Eastern,Eastern,354332,megawatthours
2022-04-25,NY,New York,DF,Day-ahead demand forecast,Eastern,Eastern,348111,megawatthours
2022-04-25,NY,New York,NG,Net generation,Eastern,Eastern,325375,megawatthours
2022-04-25,NY,New York,TI,Total interchange,Eastern,Eastern,-28957,megawatthours
2022-04-24,NY,New York,D,Demand,Eastern,Eastern,317182,megawatthours
2022-04-24,NY,New York,DF,Day-ahead demand forecast,Eastern,Eastern,316323,megawatthours
2022-04-24,NY,New York,NG,Net generation,Eastern,Eastern,275997,megawatthours
2022-04-24,NY,New York,TI,Total interchange,Eastern,Eastern,-41185,megawatthours
2022-04-23,NY,New York,D,Demand,Eastern,Eastern,331229,megawatthours
2022-04-23,NY,New York,DF,Day-ahead demand forecast,Eastern,Eastern,322848,megawatthours
2022-04-23,NY,New York,NG,Net generation,Eastern,Eastern,281183,megawatthours
2022-04-23,NY,New York,TI,Total interchange,Eastern,Eastern,-50046,megawatthours
2022-04-22,NY,New York,D,Demand,Eastern,Eastern,349912,megawatthours
2022-04-22,NY,New York,DF,Day-ahead demand forecast,Eastern,Eastern,343020,megawatthours
2022-04-22,NY,New York,NG,Net generation,Eastern,Eastern,309284,megawatthours
2022-04-22,NY,New York,TI,Total interchange,Eastern,Eastern,-40628,megawatthours
2022-04-21,NY,New York,D,Demand,Eastern,Eastern,371922,megawatthours
2022-04-21,NY,New York,DF,Day-ahead demand forecast,Eastern,Eastern,363393,megawatthours
2022-04-21,NY,New York,NG,Net generation,Eastern,Eastern,334647,megawatthours
2022-04-21,NY,New York,TI,Total interchange,Eastern,Eastern,-37275,megawatthours
2022-04-20,NY,New York,D,Demand,Eastern,Eastern,364751,megawatthours
2022-04-20,NY,New York,DF,Day-ahead demand forecast,Eastern,Eastern,351770,megawatthours
2022-04-20,NY,New York,NG,Net generation,Eastern,Eastern,323482,megawatthours
2022-04-20,NY,New York,TI,Total interchange,Eastern,Eastern,-41269,megawatthours
2022-04-19,NY,New York,D,Demand,Eastern,Eastern,383257,megawatthours
2022-04-19,NY,New York,DF,Day-ahead demand forecast,Eastern,Eastern,363930,megawatthours
2022-04-19,NY,New York,NG,Net generation,Eastern,Eastern,351981,megawatthours
2022-04-19,NY,New York,TI,Total interchange,Eastern,Eastern,-31276,megawatthours
2022-04-18,NY,New York,D,Demand,Eastern,Eastern,371403,megawatthours
2022-04-18,NY,New York,DF,Day-ahead demand forecast,Eastern,Eastern,357214,megawatthours
2022-04-18,NY,New York,NG,Net generation,Eastern,Eastern,327643,megawatthours
2022-04-18,NY,New York,TI,Total interchange,Eastern,Eastern,-43760,megawatthours
2022-04-17,NY,New York,D,Demand,Eastern,Eastern,329959,megawatthours
2022-04-17,NY,New York,DF,Day-ahead demand forecast,Eastern,Eastern,322906,megawatthours
2022-04-17,NY,New York,NG,Net generation,Eastern,Eastern,299892,megawatthours
2022-04-17,NY,New York,TI,Total interchange,Eastern,Eastern,-30067,megawatthours
2022-04-16,NY,New York,D,Demand,Eastern,Eastern,337822,megawatthours
2022-04-16,NY,New York,DF,Day-ahead demand forecast,Eastern,Eastern,326852,megawatthours
2022-04-16,NY,New York,NG,Net generation,Eastern,Eastern,292801,megawatthours
2022-04-16,NY,New York,TI,Total interchange,Eastern,Eastern,-45021,megawatthours
2022-04-15,NY,New York,D,Demand,Eastern,Eastern,342061,megawatthours
2022-04-15,NY,New York,DF,Day-ahead demand forecast,Eastern,Eastern,329269,megawatthours
2022-04-15,NY,New York,NG,Net generation,Eastern,Eastern,315125,megawatthours
2022-04-15,NY,New York,TI,Total interchange,Eastern,Eastern,-26936,megawatthours
2022-04-14,NY,New York,D,Demand,Eastern,Eastern,363493,megawatthours
2022-04-14,NY,New York,DF,Day-ahead demand forecast,Eastern,Eastern,358644,megawatthours
2022-04-14,NY,New York,NG,Net generation,Eastern,Eastern,331363,megawatthours
2022-04-14,NY,New York,TI,Total interchange,Eastern,Eastern,-32130,megawatthours
2022-04-13,NY,New York,D,Demand,Eastern,Eastern,359734,megawatthours
2022-04-13,NY,New York,DF,Day-ahead demand forecast,Eastern,Eastern,358266,megawatthours
2022-04-13,NY,New York,NG,Net generation,Eastern,Eastern,320787,megawatthours
2022-04-13,NY,New York,TI,Total interchange,Eastern,Eastern,-38947,megawatthours
2022-04-12,NY,New York,D,Demand,Eastern,Eastern,356978,megawatthours
2022-04-12,NY,New York,DF,Day-ahead demand forecast,Eastern,Eastern,353952,megawatthours
2022-04-12,NY,New York,NG,Net generation,Eastern,Eastern,328382,megawatthours
2022-04-12,NY,New York,TI,Total interchange,Eastern,Eastern,-28596,megawatthours
2022-04-11,NY,New York,D,Demand,Eastern,Eastern,366013,megawatthours
2022-04-11,NY,New York,DF,Day-ahead demand forecast,Eastern,Eastern,361023,megawatthours
2022-04-11,NY,New York,NG,Net generation,Eastern,Eastern,323623,megawatthours
2022-04-11,NY,New York,TI,Total interchange,Eastern,Eastern,-42390,megawatthours
2022-04-10,NY,New York,D,Demand,Eastern,Eastern,354325,megawatthours
2022-04-10,NY,New York,DF,Day-ahead demand forecast,Eastern,Eastern,340133,megawatthours
2022-04-10,NY,New York,NG,Net generation,Eastern,Eastern,306119,megawatthours
2022-04-10,NY,New York,TI,Total interchange,Eastern,Eastern,-48206,megawatthours
2022-04-09,NY,New York,D,Demand,Eastern,Eastern,346982,megawatthours
2022-04-09,NY,New York,DF,Day-ahead demand forecast,Eastern,Eastern,339334,megawatthours
2022-04-09,NY,New York,NG,Net generation,Eastern,Eastern,284988,megawatthours
2022-04-09,NY,New York,TI,Total interchange,Eastern,Eastern,-61994,megawatthours
2022-04-08,NY,New York,D,Demand,Eastern,Eastern,366369,megawatthours
2022-04-08,NY,New York,DF,Day-ahead demand forecast,Eastern,Eastern,352814,megawatthours
2022-04-08,NY,New York,NG,Net generation,Eastern,Eastern,300495,megawatthours
2022-04-08,NY,New York,TI,Total interchange,Eastern,Eastern,-65874,megawatthours
2022-04-07,NY,New York,D,Demand,Eastern,Eastern,391376,megawatthours
2022-04-07,NY,New York,DF,Day-ahead demand forecast,Eastern,Eastern,371932,megawatthours
2022-04-07,NY,New York,NG,Net generation,Eastern,Eastern,329180,megawatthours
2022-04-07,NY,New York,TI,Total interchange,Eastern,Eastern,-62196,megawatthours
2022-04-06,NY,New York,D,Demand,Eastern,Eastern,379429,megawatthours
2022-04-06,NY,New York,DF,Day-ahead demand forecast,Eastern,Eastern,367664,megawatthours
2022-04-06,NY,New York,NG,Net generation,Eastern,Eastern,322024,megawatthours
2022-04-06,NY,New York,TI,Total interchange,Eastern,Eastern,-57405,megawatthours
2022-04-05,NY,New York,D,Demand,Eastern,Eastern,373680,megawatthours
2022-04-05,NY,New York,DF,Day-ahead demand forecast,Eastern,Eastern,368467,megawatthours
2022-04-05,NY,New York,NG,Net generation,Eastern,Eastern,318529,megawatthours
2022-04-05,NY,New York,TI,Total interchange,Eastern,Eastern,-55151,megawatthours
2022-04-04,NY,New York,D,Demand,Eastern,Eastern,380454,megawatthours
2022-04-04,NY,New York,DF,Day-ahead demand forecast,Eastern,Eastern,371875,megawatthours
2022-04-04,NY,New York,NG,Net generation,Eastern,Eastern,325610,megawatthours
2022-04-04,NY,New York,TI,Total interchange,Eastern,Eastern,-54844,megawatthours
2022-04-03,NY,New York,D,Demand,Eastern,Eastern,366445,megawatthours
2022-04-03,NY,New York,DF,Day-ahead demand forecast,Eastern,Eastern,350458,megawatthours
2022-04-03,NY,New York,NG,Net generation,Eastern,Eastern,309346,megawatthours
2022-04-03,NY,New York,TI,Total interchange,Eastern,Eastern,-57099,megawatthours
2022-04-02,NY,New York,D,Demand,Eastern,Eastern,352549,megawatthours
2022-04-02,NY,New York,DF,Day-ahead demand forecast,Eastern,Eastern,340188,megawatthours
2022-04-02,NY,New York,NG,Net generation,Eastern,Eastern,291713,megawatthours
2022-04-02,NY,New York,TI,Total interchange,Eastern,Eastern,-60836,megawatthours
2022-04-01,NY,New York,D,Demand,Eastern,Eastern,381021,megawatthours
2022-04-01,NY,New York,DF,Day-ahead demand forecast,Eastern,Eastern,377320,megawatthours
2022-04-01,NY,New York,NG,Net generation,Eastern,Eastern,340526,megawatthours
2022-04-01,NY,New York,TI,Total interchange,Eastern,Eastern,-40495,megawatthours
2022-03-31,NY,New York,D,Demand,Eastern,Eastern,387855,megawatthours
2022-03-31,NY,New York,DF,Day-ahead demand forecast,Eastern,Eastern,381793,megawatthours
2022-03-31,NY,New York,NG,Net generation,Eastern,Eastern,342660,megawatthours
2022-03-31,NY,New York,TI,Total interchange,Eastern,Eastern,-45195,megawatthours
2022-03-30,NY,New York,D,Demand,Eastern,Eastern,415453,megawatthours
2022-03-30,NY,New York,DF,Day-ahead demand forecast,Eastern,Eastern,404339,megawatthours
2022-03-30,NY,New York,NG,Net generation,Eastern,Eastern,336158,megawatthours
2022-03-30,NY,New York,TI,Total interchange,Eastern,Eastern,-79295,megawatthours
2022-03-29,NY,New York,D,Demand,Eastern,Eastern,422667,megawatthours
2022-03-29,NY,New York,DF,Day-ahead demand forecast,Eastern,Eastern,408800,megawatthours
2022-03-29,NY,New York,NG,Net generation,Eastern,Eastern,338746,megawatthours
2022-03-29,NY,New York,TI,Total interchange,Eastern,Eastern,-83921,megawatthours
2022-03-28,NY,New York,D,Demand,Eastern,Eastern,432280,megawatthours
2022-03-28,NY,New York,DF,Day-ahead demand forecast,Eastern,Eastern,418253,megawatthours
2022-03-28,NY,New York,NG,Net generation,Eastern,Eastern,333434,megawatthours
2022-03-28,NY,New York,TI,Total interchange,Eastern,Eastern,-98846,megawatthours
2022-03-27,NY,New York,D,Demand,Eastern,Eastern,370833,megawatthours
2022-03-27,NY,New York,DF,Day-ahead demand forecast,Eastern,Eastern,356701,megawatthours
2022-03-27,NY,New York,NG,Net generation,Eastern,Eastern,285645,megawatthours
2022-03-27,NY,New York,TI,Total interchange,Eastern,Eastern,-85188,megawatthours
2022-03-26,NY,New York,D,Demand,Eastern,Eastern,355638,megawatthours
2022-03-26,NY,New York,DF,Day-ahead demand forecast,Eastern,Eastern,349697,megawatthours
2022-03-26,NY,New York,NG,Net generation,Eastern,Eastern,266232,megawatthours
2022-03-26,NY,New York,TI,Total interchange,Eastern,Eastern,-89406,megawatthours
2022-03-25,NY,New York,D,Demand,Eastern,Eastern,376651,megawatthours
2022-03-25,NY,New York,DF,Day-ahead demand forecast,Eastern,Eastern,363522,megawatthours
2022-03-25,NY,New York,NG,Net generation,Eastern,Eastern,298115,megawatthours
2022-03-25,NY,New York,TI,Total interchange,Eastern,Eastern,-78536,megawatthours
2022-03-24,NY,New York,D,Demand,Eastern,Eastern,390837,megawatthours
2022-03-24,NY,New York,DF,Day-ahead demand forecast,Eastern,Eastern,373531,megawatthours
2022-03-24,NY,New York,NG,Net generation,Eastern,Eastern,308208,megawatthours
2022-03-24,NY,New York,TI,Total interchange,Eastern,Eastern,-82629,megawatthours
2022-03-23,NY,New York,D,Demand,Eastern,Eastern,390981,megawatthours
2022-03-23,NY,New York,DF,Day-ahead demand forecast,Eastern,Eastern,378310,megawatthours
2022-03-23,NY,New York,NG,Net generation,Eastern,Eastern,302620,megawatthours
2022-03-23,NY,New York,TI,Total interchange,Eastern,Eastern,-88361,megawatthours
2022-03-22,NY,New York,D,Demand,Eastern,Eastern,369472,megawatthours
2022-03-22,NY,New York,DF,Day-ahead demand forecast,Eastern,Eastern,361314,megawatthours
2022-03-22,NY,New York,NG,Net generation,Eastern,Eastern,273040,megawatthours
2022-03-22,NY,New York,TI,Total interchange,Eastern,Eastern,-96432,megawatthours
2022-03-21,NY,New York,D,Demand,Eastern,Eastern,365711,megawatthours
2022-03-21,NY,New York,DF,Day-ahead demand forecast,Eastern,Eastern,358422,megawatthours
2022-03-21,NY,New York,NG,Net generation,Eastern,Eastern,271127,megawatthours
2022-03-21,NY,New York,TI,Total interchange,Eastern,Eastern,-94584,megawatthours
2022-03-20,NY,New York,D,Demand,Eastern,Eastern,345386,megawatthours
2022-03-20,NY,New York,DF,Day-ahead demand forecast,Eastern,Eastern,337872,megawatthours
2022-03-20,NY,New York,NG,Net generation,Eastern,Eastern,269152,megawatthours
2022-03-20,NY,New York,TI,Total interchange,Eastern,Eastern,-76234,megawatthours
2022-03-19,NY,New York,D,Demand,Eastern,Eastern,340963,megawatthours
2022-03-19,NY,New York,DF,Day-ahead demand forecast,Eastern,Eastern,340003,megawatthours
2022-03-19,NY,New York,NG,Net generation,Eastern,Eastern,255964,megawatthours
2022-03-19,NY,New York,TI,Total interchange,Eastern,Eastern,-84999,megawatthours
2022-03-18,NY,New York,D,Demand,Eastern,Eastern,359371,megawatthours
2022-03-18,NY,New York,DF,Day-ahead demand forecast,Eastern,Eastern,349548,megawatthours
2022-03-18,NY,New York,NG,Net generation,Eastern,Eastern,257771,megawatthours
2022-03-18,NY,New York,TI,Total interchange,Eastern,Eastern,-101600,megawatthours
2022-03-17,NY,New York,D,Demand,Eastern,Eastern,376855,megawatthours
2022-03-17,NY,New York,DF,Day-ahead demand forecast,Eastern,Eastern,366654,megawatthours
2022-03-17,NY,New York,NG,Net generation,Eastern,Eastern,282447,megawatthours
2022-03-17,NY,New York,TI,Total interchange,Eastern,Eastern,-94408,megawatthours
2022-03-16,NY,New York,D,Demand,Eastern,Eastern,368983,megawatthours
2022-03-16,NY,New York,DF,Day-ahead demand forecast,Eastern,Eastern,364423,megawatthours
2022-03-16,NY,New York,NG,Net generation,Eastern,Eastern,267916,megawatthours
2022-03-16,NY,New York,TI,Total interchange,Eastern,Eastern,-101067,megawatthours
2022-03-15,NY,New York,D,Demand,Eastern,Eastern,383112,megawatthours
2022-03-15,NY,New York,DF,Day-ahead demand forecast,Eastern,Eastern,384091,megawatthours
2022-03-15,NY,New York,NG,Net generation,Eastern,Eastern,276550,megawatthours
2022-03-15,NY,New York,TI,Total interchange,Eastern,Eastern,-106562,megawatthours
2022-03-14,NY,New York,D,Demand,Eastern,Eastern,399280,megawatthours
2022-03-14,NY,New York,DF,Day-ahead demand forecast,Eastern,Eastern,394538,megawatthours
2022-03-14,NY,New York,NG,Net generation,Eastern,Eastern,310873,megawatthours
2022-03-14,NY,New York,TI,Total interchange,Eastern,Eastern,-88407,megawatthours
2022-03-13,NY,New York,D,Demand,Eastern,Eastern,391820,megawatthours
2022-03-13,NY,New York,DF,Day-ahead demand forecast,Eastern,Eastern,376997,megawatthours
2022-03-13,NY,New York,NG,Net generation,Eastern,Eastern,304657,megawatthours
2022-03-13,NY,New York,TI,Total interchange,Eastern,Eastern,-87163,megawatthours
2022-03-12,NY,New York,D,Demand,Eastern,Eastern,407073,megawatthours
2022-03-12,NY,New York,DF,Day-ahead demand forecast,Eastern,Eastern,382652,megawatthours
2022-03-12,NY,New York,NG,Net generation,Eastern,Eastern,309379,megawatthours
2022-03-12,NY,New York,TI,Total interchange,Eastern,Eastern,-97694,megawatthours
2022-03-11,NY,New York,D,Demand,Eastern,Eastern,391633,megawatthours
2022-03-11,NY,New York,DF,Day-ahead demand forecast,Eastern,Eastern,387240,megawatthours
2022-03-11,NY,New York,NG,Net generation,Eastern,Eastern,284525,megawatthours
2022-03-11,NY,New York,TI,Total interchange,Eastern,Eastern,-107108,megawatthours
2022-03-10,NY,New York,D,Demand,Eastern,Eastern,403381,megawatthours
2022-03-10,NY,New York,DF,Day-ahead demand forecast,Eastern,Eastern,393073,megawatthours
2022-03-10,NY,New York,NG,Net generation,Eastern,Eastern,311291,megawatthours
2022-03-10,NY,New York,TI,Total interchange,Eastern,Eastern,-92090,megawatthours
2022-03-09,NY,New York,D,Demand,Eastern,Eastern,423633,megawatthours
2022-03-09,NY,New York,DF,Day-ahead demand forecast,Eastern,Eastern,404447,megawatthours
2022-03-09,NY,New York,NG,Net generation,Eastern,Eastern,323552,megawatthours
2022-03-09,NY,New York,TI,Total interchange,Eastern,Eastern,-100081,megawatthours
2022-03-08,NY,New York,D,Demand,Eastern,Eastern,392419,megawatthours
2022-03-08,NY,New York,DF,Day-ahead demand forecast,Eastern,Eastern,381025,megawatthours
2022-03-08,NY,New York,NG,Net generation,Eastern,Eastern,293922,megawatthours
2022-03-08,NY,New York,TI,Total interchange,Eastern,Eastern,-98497,megawatthours
2022-03-07,NY,New York,D,Demand,Eastern,Eastern,390578,megawatthours
2022-03-07,NY,New York,DF,Day-ahead demand forecast,Eastern,Eastern,383303,megawatthours
2022-03-07,NY,New York,NG,Net generation,Eastern,Eastern,292033,megawatthours
2022-03-07,NY,New York,TI,Total interchange,Eastern,Eastern,-98545,megawatthours
2022-03-06,NY,New York,D,Demand,Eastern,Eastern,360191,megawatthours
2022-03-06,NY,New York,DF,Day-ahead demand forecast,Eastern,Eastern,357450,megawatthours
2022-03-06,NY,New York,NG,Net generation,Eastern,Eastern,290653,megawatthours
2022-03-06,NY,New York,TI,Total interchange,Eastern,Eastern,-69538,megawatthours
2022-03-05,NY,New York,D,Demand,Eastern,Eastern,396104,megawatthours
2022-03-05,NY,New York,DF,Day-ahead demand forecast,Eastern,Eastern,390104,megawatthours
2022-03-05,NY,New York,NG,Net generation,Eastern,Eastern,300580,megawatthours
2022-03-05,NY,New York,TI,Total interchange,Eastern,Eastern,-95524,megawatthours
2022-03-04,NY,New York,D,Demand,Eastern,Eastern,430519,megawatthours
2022-03-04,NY,New York,DF,Day-ahead demand forecast,Eastern,Eastern,411893,megawatthours
2022-03-04,NY,New York,NG,Net generation,Eastern,Eastern,351764,megawatthours
2022-03-04,NY,New York,TI,Total interchange,Eastern,Eastern,-78755,megawatthours
2022-03-03,NY,New York,D,Demand,Eastern,Eastern,416973,megawatthours
2022-03-03,NY,New York,DF,Day-ahead demand forecast,Eastern,Eastern,406233,megawatthours
2022-03-03,NY,New York,NG,Net generation,Eastern,Eastern,328794,megawatthours
2022-03-03,NY,New York,TI,Total interchange,Eastern,Eastern,-88179,megawatthours
2022-03-02,NY,New York,D,Demand,Eastern,Eastern,406531,megawatthours
2022-03-02,NY,New York,DF,Day-ahead demand forecast,Eastern,Eastern,400686,megawatthours
2022-03-02,NY,New York,NG,Net generation,Eastern,Eastern,323585,megawatthours
2022-03-02,NY,New York,TI,Total interchange,Eastern,Eastern,-82946,megawatthours
2022-03-01,NY,New York,D,Demand,Eastern,Eastern,432395,megawatthours
2022-03-01,NY,New York,DF,Day-ahead demand forecast,Eastern,Eastern,424321,megawatthours
2022-03-01,NY,New York,NG,Net generation,Eastern,Eastern,365156,megawatthours
2022-03-01,NY,New York,TI,Total interchange,Eastern,Eastern,-67239,megawatthours
2022-02-28,NY,New York,D,Demand,Eastern,Eastern,434624,megawatthours
2022-02-28,NY,New York,DF,Day-ahead demand forecast,Eastern,Eastern,427367,megawatthours
2022-02-28,NY,New York,NG,Net generation,Eastern,Eastern,352916,megawatthours
2022-02-28,NY,New York,TI,Total interchange,Eastern,Eastern,-81708,megawatthours
2022-02-27,NY,New York,D,Demand,Eastern,Eastern,401051,megawatthours
2022-02-27,NY,New York,DF,Day-ahead demand forecast,Eastern,Eastern,394448,megawatthours
2022-02-27,NY,New York,NG,Net generation,Eastern,Eastern,327536,megawatthours
2022-02-27,NY,New York,TI,Total interchange,Eastern,Eastern,-73515,megawatthours
2022-02-26,NY,New York,D,Demand,Eastern,Eastern,418335,megawatthours
2022-02-26,NY,New York,DF,Day-ahead demand forecast,Eastern,Eastern,409596,megawatthours
2022-02-26,NY,New York,NG,Net generation,Eastern,Eastern,345137,megawatthours
2022-02-26,NY,New York,TI,Total interchange,Eastern,Eastern,-73198,megawatthours
2022-02-25,NY,New York,D,Demand,Eastern,Eastern,446363,megawatthours
2022-02-25,NY,New York,DF,Day-ahead demand forecast,Eastern,Eastern,421043,megawatthours
2022-02-25,NY,New York,NG,Net generation,Eastern,Eastern,378881,megawatthours
2022-02-25,NY,New York,TI,Total interchange,Eastern,Eastern,-67482,megawatthours
2022-02-24,NY,New York,D,Demand,Eastern,Eastern,434053,megawatthours
2022-02-24,NY,New York,DF,Day-ahead demand forecast,Eastern,Eastern,413388,megawatthours
2022-02-24,NY,New York,NG,Net generation,Eastern,Eastern,358738,megawatthours
2022-02-24,NY,New York,TI,Total interchange,Eastern,Eastern,-75315,megawatthours
2022-02-23,NY,New York,D,Demand,Eastern,Eastern,398469,megawatthours
2022-02-23,NY,New York,DF,Day-ahead demand forecast,Eastern,Eastern,389688,megawatthours
2022-02-23,NY,New York,NG,Net generation,Eastern,Eastern,323639,megawatthours
2022-02-23,NY,New York,TI,Total interchange,Eastern,Eastern,-74830,megawatthours
2022-02-22,NY,New York,D,Demand,Eastern,Eastern,408506,megawatthours
2022-02-22,NY,New York,DF,Day-ahead demand forecast,Eastern,Eastern,406501,megawatthours
2022-02-22,NY,New York,NG,Net generation,Eastern,Eastern,336722,megawatthours
2022-02-22,NY,New York,TI,Total interchange,Eastern,Eastern,-71784,megawatthours
2022-02-21,NY,New York,D,Demand,Eastern,Eastern,394780,megawatthours
2022-02-21,NY,New York,DF,Day-ahead demand forecast,Eastern,Eastern,398870,megawatthours
2022-02-21,NY,New York,NG,Net generation,Eastern,Eastern,300416,megawatthours
2022-02-21,NY,New York,TI,Total interchange,Eastern,Eastern,-94364,megawatthours
2022-02-20,NY,New York,D,Demand,Eastern,Eastern,415199,megawatthours
2022-02-20,NY,New York,DF,Day-ahead demand forecast,Eastern,Eastern,409682,megawatthours
2022-02-20,NY,New York,NG,Net generation,Eastern,Eastern,317909,megawatthours
2022-02-20,NY,New York,TI,Total interchange,Eastern,Eastern,-97290,megawatthours
2022-02-19,NY,New York,D,Demand,Eastern,Eastern,427191,megawatthours
2022-02-19,NY,New York,DF,Day-ahead demand forecast,Eastern,Eastern,409109,megawatthours
2022-02-19,NY,New York,NG,Net generation,Eastern,Eastern,344700,megawatthours
2022-02-19,NY,New York,TI,Total interchange,Eastern,Eastern,-82491,megawatthours
2022-02-18,NY,New York,D,Demand,Eastern,Eastern,414991,megawatthours
2022-02-18,NY,New York,DF,Day-ahead demand forecast,Eastern,Eastern,405064,megawatthours
2022-02-18,NY,New York,NG,Net generation,Eastern,Eastern,316886,megawatthours
2022-02-18,NY,New York,TI,Total interchange,Eastern,Eastern,-98105,megawatthours
2022-02-17,NY,New York,D,Demand,Eastern,Eastern,409066,megawatthours
2022-02-17,NY,New York,DF,Day-ahead demand forecast,Eastern,Eastern,410508,megawatthours
2022-02-17,NY,New York,NG,Net generation,Eastern,Eastern,336437,megawatthours
2022-02-17,NY,New York,TI,Total interchange,Eastern,Eastern,-72629,megawatthours
2022-02-16,NY,New York,D,Demand,Eastern,Eastern,443515,megawatthours
2022-02-16,NY,New York,DF,Day-ahead demand forecast,Eastern,Eastern,435418,megawatthours
2022-02-16,NY,New York,NG,Net generation,Eastern,Eastern,368359,megawatthours
2022-02-16,NY,New York,TI,Total interchange,Eastern,Eastern,-75156,megawatthours
2022-02-15,NY,New York,D,Demand,Eastern,Eastern,472536,megawatthours
2022-02-15,NY,New York,DF,Day-ahead demand forecast,Eastern,Eastern,448228,megawatthours
2022-02-15,NY,New York,NG,Net generation,Eastern,Eastern,370678,megawatthours
2022-02-15,NY,New York,TI,Total interchange,Eastern,Eastern,-101858,megawatthours
2022-02-14,NY,New York,D,Demand,Eastern,Eastern,470508,megawatthours
2022-02-14,NY,New York,DF,Day-ahead demand forecast,Eastern,Eastern,447260,megawatthours
2022-02-14,NY,New York,NG,Net generation,Eastern,Eastern,374932,megawatthours
2022-02-14,NY,New York,TI,Total interchange,Eastern,Eastern,-95576,megawatthours
2022-02-13,NY,New York,D,Demand,Eastern,Eastern,418603,megawatthours
2022-02-13,NY,New York,DF,Day-ahead demand forecast,Eastern,Eastern,403772,megawatthours
2022-02-13,NY,New York,NG,Net generation,Eastern,Eastern,326014,megawatthours
2022-02-13,NY,New York,TI,Total interchange,Eastern,Eastern,-92589,megawatthours
2022-02-12,NY,New York,D,Demand,Eastern,Eastern,383488,megawatthours
2022-02-12,NY,New York,DF,Day-ahead demand forecast,Eastern,Eastern,374423,megawatthours
2022-02-12,NY,New York,NG,Net generation,Eastern,Eastern,295144,megawatthours
2022-02-12,NY,New York,TI,Total interchange,Eastern,Eastern,-88344,megawatthours
2022-02-11,NY,New York,D,Demand,Eastern,Eastern,405937,megawatthours
2022-02-11,NY,New York,DF,Day-ahead demand forecast,Eastern,Eastern,404490,megawatthours
2022-02-11,NY,New York,NG,Net generation,Eastern,Eastern,336825,megawatthours
2022-02-11,NY,New York,TI,Total interchange,Eastern,Eastern,-69112,megawatthours
2022-02-10,NY,New York,D,Demand,Eastern,Eastern,418997,megawatthours
2022-02-10,NY,New York,DF,Day-ahead demand forecast,Eastern,Eastern,412581,megawatthours
2022-02-10,NY,New York,NG,Net generation,Eastern,Eastern,360063,megawatthours
2022-02-10,NY,New York,TI,Total interchange,Eastern,Eastern,-58934,megawatthours
2022-02-09,NY,New York,D,Demand,Eastern,Eastern,427932,megawatthours
2022-02-09,NY,New York,DF,Day-ahead demand forecast,Eastern,Eastern,421486,megawatthours
2022-02-09,NY,New York,NG,Net generation,Eastern,Eastern,360928,megawatthours
2022-02-09,NY,New York,TI,Total interchange,Eastern,Eastern,-67004,megawatthours
2022-02-08,NY,New York,D,Demand,Eastern,Eastern,436570,megawatthours
2022-02-08,NY,New York,DF,Day-ahead demand forecast,Eastern,Eastern,427935,megawatthours
2022-02-08,NY,New York,NG,Net generation,Eastern,Eastern,353001,megawatthours
2022-02-08,NY,New York,TI,Total interchange,Eastern,Eastern,-83569,megawatthours
2022-02-07,NY,New York,D,Demand,Eastern,Eastern,451630,megawatthours
2022-02-07,NY,New York,DF,Day-ahead demand forecast,Eastern,Eastern,440671,megawatthours
2022-02-07,NY,New York,NG,Net generation,Eastern,Eastern,368555,megawatthours
2022-02-07,NY,New York,TI,Total interchange,Eastern,Eastern,-83075,megawatthours
2022-02-06,NY,New York,D,Demand,Eastern,Eastern,446185,megawatthours
2022-02-06,NY,New York,DF,Day-ahead demand forecast,Eastern,Eastern,435224,megawatthours
2022-02-06,NY,New York,NG,Net generation,Eastern,Eastern,356192,megawatthours
2022-02-06,NY,New York,TI,Total interchange,Eastern,Eastern,-89993,megawatthours
2022-02-05,NY,New York,D,Demand,Eastern,Eastern,448858,megawatthours
2022-02-05,NY,New York,DF,Day-ahead demand forecast,Eastern,Eastern,428961,megawatthours
2022-02-05,NY,New York,NG,Net generation,Eastern,Eastern,351086,megawatthours
2022-02-05,NY,New York,TI,Total interchange,Eastern,Eastern,-97772,megawatthours
2022-02-04,NY,New York,D,Demand,Eastern,Eastern,450497,megawatthours
2022-02-04,NY,New York,DF,Day-ahead demand forecast,Eastern,Eastern,431876,megawatthours
2022-02-04,NY,New York,NG,Net generation,Eastern,Eastern,372112,megawatthours
2022-02-04,NY,New York,TI,Total interchange,Eastern,Eastern,-78385,megawatthours
2022-02-03,NY,New York,D,Demand,Eastern,Eastern,435333,megawatthours
2022-02-03,NY,New York,DF,Day-ahead demand forecast,Eastern,Eastern,423832,megawatthours
2022-02-03,NY,New York,NG,Net generation,Eastern,Eastern,357682,megawatthours
2022-02-03,NY,New York,TI,Total interchange,Eastern,Eastern,-77651,megawatthours
2022-02-02,NY,New York,D,Demand,Eastern,Eastern,435492,megawatthours
2022-02-02,NY,New York,DF,Day-ahead demand forecast,Eastern,Eastern,429999,megawatthours
2022-02-02,NY,New York,NG,Net generation,Eastern,Eastern,367081,megawatthours
2022-02-02,NY,New York,TI,Total interchange,Eastern,Eastern,-68411,megawatthours
2022-02-01,NY,New York,D,Demand,Eastern,Eastern,458322,megawatthours
2022-02-01,NY,New York,DF,Day-ahead demand forecast,Eastern,Eastern,448532,megawatthours
2022-02-01,NY,New York,NG,Net generation,Eastern,Eastern,380646,megawatthours
2022-02-01,NY,New York,TI,Total interchange,Eastern,Eastern,-77676,megawatthours
2022-01-31,NY,New York,D,Demand,Eastern,Eastern,472752,megawatthours
2022-01-31,NY,New York,DF,Day-ahead demand forecast,Eastern,Eastern,465360,megawatthours
2022-01-31,NY,New York,NG,Net generation,Eastern,Eastern,376722,megawatthours
2022-01-31,NY,New York,TI,Total interchange,Eastern,Eastern,-96030,megawatthours
2022-01-30,NY,New York,D,Demand,Eastern,Eastern,464368,megawatthours
2022-01-30,NY,New York,DF,Day-ahead demand forecast,Eastern,Eastern,447425,megawatthours
2022-01-30,NY,New York,NG,Net generation,Eastern,Eastern,368068,megawatthours
2022-01-30,NY,New York,TI,Total interchange,Eastern,Eastern,-96300,megawatthours
2022-01-29,NY,New York,D,Demand,Eastern,Eastern,472203,megawatthours
2022-01-29,NY,New York,DF,Day-ahead demand forecast,Eastern,Eastern,454175,megawatthours
2022-01-29,NY,New York,NG,Net generation,Eastern,Eastern,378431,megawatthours
2022-01-29,NY,New York,TI,Total interchange,Eastern,Eastern,-93772,megawatthours
2022-01-28,NY,New York,D,Demand,Eastern,Eastern,463408,megawatthours
2022-01-28,NY,New York,DF,Day-ahead demand forecast,Eastern,Eastern,453661,megawatthours
2022-01-28,NY,New York,NG,Net generation,Eastern,Eastern,366502,megawatthours
2022-01-28,NY,New York,TI,Total interchange,Eastern,Eastern,-96906,megawatthours
2022-01-27,NY,New York,D,Demand,Eastern,Eastern,477551,megawatthours
2022-01-27,NY,New York,DF,Day-ahead demand forecast,Eastern,Eastern,464082,megawatthours
2022-01-27,NY,New York,NG,Net generation,Eastern,Eastern,410226,megawatthours
2022-01-27,NY,New York,TI,Total interchange,Eastern,Eastern,-67325,megawatthours
2022-01-26,NY,New York,D,Demand,Eastern,Eastern,470414,megawatthours
2022-01-26,NY,New York,DF,Day-ahead demand forecast,Eastern,Eastern,456572,megawatthours
2022-01-26,NY,New York,NG,Net generation,Eastern,Eastern,392655,megawatthours
2022-01-26,NY,New York,TI,Total interchange,Eastern,Eastern,-77759,megawatthours
2022-01-25,NY,New York,D,Demand,Eastern,Eastern,450540,megawatthours
2022-01-25,NY,New York,DF,Day-ahead demand forecast,Eastern,Eastern,439419,megawatthours
2022-01-25,NY,New York,NG,Net generation,Eastern,Eastern,377898,megawatthours
2022-01-25,NY,New York,TI,Total interchange,Eastern,Eastern,-72642,megawatthours
2022-01-24,NY,New York,D,Demand,Eastern,Eastern,459578,megawatthours
2022-01-24,NY,New York,DF,Day-ahead demand forecast,Eastern,Eastern,454024,megawatthours
2022-01-24,NY,New York,NG,Net generation,Eastern,Eastern,396521,megawatthours
2022-01-24,NY,New York,TI,Total interchange,Eastern,Eastern,-63057,megawatthours
2022-01-23,NY,New York,D,Demand,Eastern,Eastern,438048,megawatthours
2022-01-23,NY,New York,DF,Day-ahead demand forecast,Eastern,Eastern,431784,megawatthours
2022-01-23,NY,New York,NG,Net generation,Eastern,Eastern,352446,megawatthours
2022-01-23,NY,New York,TI,Total interchange,Eastern,Eastern,-85602,megawatthours
2022-01-22,NY,New York,D,Demand,Eastern,Eastern,463056,megawatthours
2022-01-22,NY,New York,DF,Day-ahead demand forecast,Eastern,Eastern,445057,megawatthours
2022-01-22,NY,New York,NG,Net generation,Eastern,Eastern,411896,megawatthours
2022-01-22,NY,New York,TI,Total interchange,Eastern,Eastern,-51160,megawatthours
2022-01-21,NY,New York,D,Demand,Eastern,Eastern,483931,megawatthours
2022-01-21,NY,New York,DF,Day-ahead demand forecast,Eastern,Eastern,461595,megawatthours
2022-01-21,NY,New York,NG,Net generation,Eastern,Eastern,403220,megawatthours
2022-01-21,NY,New York,TI,Total interchange,Eastern,Eastern,-80711,megawatthours
2022-01-20,NY,New York,D,Demand,Eastern,Eastern,451197,megawatthours
2022-01-20,NY,New York,DF,Day-ahead demand forecast,Eastern,Eastern,439586,megawatthours
2022-01-20,NY,New York,NG,Net generation,Eastern,Eastern,368096,megawatthours
2022-01-20,NY,New York,TI,Total interchange,Eastern,Eastern,-83101,megawatthours
2022-01-19,NY,New York,D,Demand,Eastern,Eastern,446006,megawatthours
2022-01-19,NY,New York,DF,Day-ahead demand forecast,Eastern,Eastern,441695,megawatthours
2022-01-19,NY,New York,NG,Net generation,Eastern,Eastern,384855,megawatthours
2022-01-19,NY,New York,TI,Total interchange,Eastern,Eastern,-61151,megawatthours
2022-01-18,NY,New York,D,Demand,Eastern,Eastern,455428,megawatthours
2022-01-18,NY,New York,DF,Day-ahead demand forecast,Eastern,Eastern,451518,megawatthours
2022-01-18,NY,New York,NG,Net generation,Eastern,Eastern,360488,megawatthours
2022-01-18,NY,New York,TI,Total interchange,Eastern,Eastern,-94940,megawatthours
2022-01-17,NY,New York,D,Demand,Eastern,Eastern,446764,megawatthours
2022-01-17,NY,New York,DF,Day-ahead demand forecast,Eastern,Eastern,437117,megawatthours
2022-01-17,NY,New York,NG,Net generation,Eastern,Eastern,367191,megawatthours
2022-01-17,NY,New York,TI,Total interchange,Eastern,Eastern,-79573,megawatthours
2022-01-16,NY,New York,D,Demand,Eastern,Eastern,461701,megawatthours
2022-01-16,NY,New York,DF,Day-ahead demand forecast,Eastern,Eastern,438903,megawatthours
2022-01-16,NY,New York,NG,Net generation,Eastern,Eastern,388010,megawatthours
2022-01-16,NY,New York,TI,Total interchange,Eastern,Eastern,-73691,megawatthours
2022-01-15,NY,New York,D,Demand,Eastern,Eastern,472953,megawatthours
2022-01-15,NY,New York,DF,Day-ahead demand forecast,Eastern,Eastern,448536,megawatthours
2022-01-15,NY,New York,NG,Net generation,Eastern,Eastern,383957,megawatthours
2022-01-15,NY,New York,TI,Total interchange,Eastern,Eastern,-88996,megawatthours
2022-01-14,NY,New York,D,Demand,Eastern,Eastern,440947,megawatthours
2022-01-14,NY,New York,DF,Day-ahead demand forecast,Eastern,Eastern,434547,megawatthours
2022-01-14,NY,New York,NG,Net generation,Eastern,Eastern,354552,megawatthours
2022-01-14,NY,New York,TI,Total interchange,Eastern,Eastern,-86395,megawatthours
2022-01-13,NY,New York,D,Demand,Eastern,Eastern,432684,megawatthours
2022-01-13,NY,New York,DF,Day-ahead demand forecast,Eastern,Eastern,434051,megawatthours
2022-01-13,NY,New York,NG,Net generation,Eastern,Eastern,351839,megawatthours
2022-01-13,NY,New York,TI,Total interchange,Eastern,Eastern,-80845,megawatthours
2022-01-12,NY,New York,D,Demand,Eastern,Eastern,465751,megawatthours
2022-01-12,NY,New York,DF,Day-ahead demand forecast,Eastern,Eastern,452077,megawatthours
2022-01-12,NY,New York,NG,Net generation,Eastern,Eastern,386464,megawatthours
2022-01-12,NY,New York,TI,Total interchange,Eastern,Eastern,-79287,megawatthours
2022-01-11,NY,New York,D,Demand,Eastern,Eastern,486958,megawatthours
2022-01-11,NY,New York,DF,Day-ahead demand forecast,Eastern,Eastern,464906,megawatthours
2022-01-11,NY,New York,NG,Net generation,Eastern,Eastern,406253,megawatthours
2022-01-11,NY,New York,TI,Total interchange,Eastern,Eastern,-80705,megawatthours
2022-01-10,NY,New York,D,Demand,Eastern,Eastern,455889,megawatthours
2022-01-10,NY,New York,DF,Day-ahead demand forecast,Eastern,Eastern,442628,megawatthours
2022-01-10,NY,New York,NG,Net generation,Eastern,Eastern,369053,megawatthours
2022-01-10,NY,New York,TI,Total interchange,Eastern,Eastern,-86836,megawatthours
2022-01-09,NY,New York,D,Demand,Eastern,Eastern,422709,megawatthours
2022-01-09,NY,New York,DF,Day-ahead demand forecast,Eastern,Eastern,405490,megawatthours
2022-01-09,NY,New York,NG,Net generation,Eastern,Eastern,338164,megawatthours
2022-01-09,NY,New York,TI,Total interchange,Eastern,Eastern,-84545,megawatthours
2022-01-08,NY,New York,D,Demand,Eastern,Eastern,439824,megawatthours
2022-01-08,NY,New York,DF,Day-ahead demand forecast,Eastern,Eastern,414912,megawatthours
2022-01-08,NY,New York,NG,Net generation,Eastern,Eastern,352271,megawatthours
2022-01-08,NY,New York,TI,Total interchange,Eastern,Eastern,-87553,megawatthours
2022-01-07,NY,New York,D,Demand,Eastern,Eastern,452261,megawatthours
2022-01-07,NY,New York,DF,Day-ahead demand forecast,Eastern,Eastern,430459,megawatthours
2022-01-07,NY,New York,NG,Net generation,Eastern,Eastern,380918,megawatthours
2022-01-07,NY,New York,TI,Total interchange,Eastern,Eastern,-71343,megawatthours
2022-01-06,NY,New York,D,Demand,Eastern,Eastern,435247,megawatthours
2022-01-06,NY,New York,DF,Day-ahead demand forecast,Eastern,Eastern,422856,megawatthours
2022-01-06,NY,New York,NG,Net generation,Eastern,Eastern,352170,megawatthours
2022-01-06,NY,New York,TI,Total interchange,Eastern,Eastern,-83077,megawatthours
2022-01-05,NY,New York,D,Demand,Eastern,Eastern,438027,megawatthours
2022-01-05,NY,New York,DF,Day-ahead demand forecast,Eastern,Eastern,426242,megawatthours
2022-01-05,NY,New York,NG,Net generation,Eastern,Eastern,331818,megawatthours
2022-01-05,NY,New York,TI,Total interchange,Eastern,Eastern,-106209,megawatthours
2022-01-04,NY,New York,D,Demand,Eastern,Eastern,453310,megawatthours
2022-01-04,NY,New York,DF,Day-ahead demand forecast,Eastern,Eastern,429838,megawatthours
2022-01-04,NY,New York,NG,Net generation,Eastern,Eastern,355646,megawatthours
2022-01-04,NY,New York,TI,Total interchange,Eastern,Eastern,-97664,megawatthours
2022-01-03,NY,New York,D,Demand,Eastern,Eastern,448996,megawatthours
2022-01-03,NY,New York,DF,Day-ahead demand forecast,Eastern,Eastern,425476,megawatthours
2022-01-03,NY,New York,NG,Net generation,Eastern,Eastern,343535,megawatthours
2022-01-03,NY,New York,TI,Total interchange,Eastern,Eastern,-105461,megawatthours
2022-01-02,NY,New York,D,Demand,Eastern,Eastern,382944,megawatthours
2022-01-02,NY,New York,DF,Day-ahead demand forecast,Eastern,Eastern,363949,megawatthours
2022-01-02,NY,New York,NG,Net generation,Eastern,Eastern,291526,megawatthours
2022-01-02,NY,New York,TI,Total interchange,Eastern,Eastern,-91418,megawatthours
2022-01-01,NY,New York,D,Demand,Eastern,Eastern,364945,megawatthours
2022-01-01,NY,New York,DF,Day-ahead demand forecast,Eastern,Eastern,348550,megawatthours
2022-01-01,NY,New York,NG,Net generation,Eastern,Eastern,292883,megawatthours
2022-01-01,NY,New York,TI,Total interchange,Eastern,Eastern,-72062,megawatthours
2021-12-31,NY,New York,D,Demand,Eastern,Eastern,380279,megawatthours
2021-12-31,NY,New York,DF,Day-ahead demand forecast,Eastern,Eastern,372417,megawatthours
2021-12-31,NY,New York,NG,Net generation,Eastern,Eastern,306204,megawatthours
2021-12-31,NY,New York,TI,Total interchange,Eastern,Eastern,-74075,megawatthours
2021-12-30,NY,New York,D,Demand,Eastern,Eastern,401376,megawatthours
2021-12-30,NY,New York,DF,Day-ahead demand forecast,Eastern,Eastern,396747,megawatthours
2021-12-30,NY,New York,NG,Net generation,Eastern,Eastern,323916,megawatthours
2021-12-30,NY,New York,TI,Total interchange,Eastern,Eastern,-77460,megawatthours
2021-12-29,NY,New York,D,Demand,Eastern,Eastern,411729,megawatthours
2021-12-29,NY,New York,DF,Day-ahead demand forecast,Eastern,Eastern,404645,megawatthours
2021-12-29,NY,New York,NG,Net generation,Eastern,Eastern,338815,megawatthours
2021-12-29,NY,New York,TI,Total interchange,Eastern,Eastern,-72914,megawatthours
2021-12-28,NY,New York,D,Demand,Eastern,Eastern,411471,megawatthours
2021-12-28,NY,New York,DF,Day-ahead demand forecast,Eastern,Eastern,403702,megawatthours
2021-12-28,NY,New York,NG,Net generation,Eastern,Eastern,335794,megawatthours
2021-12-28,NY,New York,TI,Total interchange,Eastern,Eastern,-75677,megawatthours
2021-12-27,NY,New York,D,Demand,Eastern,Eastern,424491,megawatthours
2021-12-27,NY,New York,DF,Day-ahead demand forecast,Eastern,Eastern,413418,megawatthours
2021-12-27,NY,New York,NG,Net generation,Eastern,Eastern,338033,megawatthours
2021-12-27,NY,New York,TI,Total interchange,Eastern,Eastern,-86458,megawatthours
2021-12-26,NY,New York,D,Demand,Eastern,Eastern,377826,megawatthours
2021-12-26,NY,New York,DF,Day-ahead demand forecast,Eastern,Eastern,368601,megawatthours
2021-12-26,NY,New York,NG,Net generation,Eastern,Eastern,303336,megawatthours
2021-12-26,NY,New York,TI,Total interchange,Eastern,Eastern,-74490,megawatthours
2021-12-25,NY,New York,D,Demand,Eastern,Eastern,381031,megawatthours
2021-12-25,NY,New York,DF,Day-ahead demand forecast,Eastern,Eastern,365528,megawatthours
2021-12-25,NY,New York,NG,Net generation,Eastern,Eastern,314035,megawatthours
2021-12-25,NY,New York,TI,Total interchange,Eastern,Eastern,-66996,megawatthours
2021-12-24,NY,New York,D,Demand,Eastern,Eastern,412041,megawatthours
2021-12-24,NY,New York,DF,Day-ahead demand forecast,Eastern,Eastern,393057,megawatthours
2021-12-24,NY,New York,NG,Net generation,Eastern,Eastern,329372,megawatthours
2021-12-24,NY,New York,TI,Total interchange,Eastern,Eastern,-82669,megawatthours
2021-12-23,NY,New York,D,Demand,Eastern,Eastern,434566,megawatthours
2021-12-23,NY,New York,DF,Day-ahead demand forecast,Eastern,Eastern,427531,megawatthours
2021-12-23,NY,New York,NG,Net generation,Eastern,Eastern,354330,megawatthours
2021-12-23,NY,New York,TI,Total interchange,Eastern,Eastern,-80236,megawatthours
2021-12-22,NY,New York,D,Demand,Eastern,Eastern,427415,megawatthours
2021-12-22,NY,New York,DF,Day-ahead demand forecast,Eastern,Eastern,417307,megawatthours
2021-12-22,NY,New York,NG,Net generation,Eastern,Eastern,365902,megawatthours
2021-12-22,NY,New York,TI,Total interchange,Eastern,Eastern,-61513,megawatthours
2021-12-21,NY,New York,D,Demand,Eastern,Eastern,427748,megawatthours
2021-12-21,NY,New York,DF,Day-ahead demand forecast,Eastern,Eastern,419639,megawatthours
2021-12-21,NY,New York,NG,Net generation,Eastern,Eastern,350475,megawatthours
2021-12-21,NY,New York,TI,Total interchange,Eastern,Eastern,-77273,megawatthours
2021-12-20,NY,New York,D,Demand,Eastern,Eastern,438651,megawatthours
2021-12-20,NY,New York,DF,Day-ahead demand forecast,Eastern,Eastern,422720,megawatthours
2021-12-20,NY,New York,NG,Net generation,Eastern,Eastern,363920,megawatthours
2021-12-20,NY,New York,TI,Total interchange,Eastern,Eastern,-74731,megawatthours
2021-12-19,NY,New York,D,Demand,Eastern,Eastern,402296,megawatthours
2021-12-19,NY,New York,DF,Day-ahead demand forecast,Eastern,Eastern,381972,megawatthours
2021-12-19,NY,New York,NG,Net generation,Eastern,Eastern,327517,megawatthours
2021-12-19,NY,New York,TI,Total interchange,Eastern,Eastern,-74779,megawatthours
2021-12-18,NY,New York,D,Demand,Eastern,Eastern,395970,megawatthours
2021-12-18,NY,New York,DF,Day-ahead demand forecast,Eastern,Eastern,383354,megawatthours
2021-12-18,NY,New York,NG,Net generation,Eastern,Eastern,317131,megawatthours
2021-12-18,NY,New York,TI,Total interchange,Eastern,Eastern,-78839,megawatthours
2021-12-17,NY,New York,D,Demand,Eastern,Eastern,387297,megawatthours
2021-12-17,NY,New York,DF,Day-ahead demand forecast,Eastern,Eastern,380642,megawatthours
2021-12-17,NY,New York,NG,Net generation,Eastern,Eastern,319233,megawatthours
2021-12-17,NY,New York,TI,Total interchange,Eastern,Eastern,-68064,megawatthours
2021-12-16,NY,New York,D,Demand,Eastern,Eastern,393911,megawatthours
2021-12-16,NY,New York,DF,Day-ahead demand forecast,Eastern,Eastern,390515,megawatthours
2021-12-16,NY,New York,NG,Net generation,Eastern,Eastern,333288,megawatthours
2021-12-16,NY,New York,TI,Total interchange,Eastern,Eastern,-60623,megawatthours
2021-12-15,NY,New York,D,Demand,Eastern,Eastern,417533,megawatthours
2021-12-15,NY,New York,DF,Day-ahead demand forecast,Eastern,Eastern,406008,megawatthours
2021-12-15,NY,New York,NG,Net generation,Eastern,Eastern,345706,megawatthours
2021-12-15,NY,New York,TI,Total interchange,Eastern,Eastern,-71827,megawatthours
2021-12-14,NY,New York,D,Demand,Eastern,Eastern,406508,megawatthours
2021-12-14,NY,New York,DF,Day-ahead demand forecast,Eastern,Eastern,396994,megawatthours
2021-12-14,NY,New York,NG,Net generation,Eastern,Eastern,327535,megawatthours
2021-12-14,NY,New York,TI,Total interchange,Eastern,Eastern,-78973,megawatthours
2021-12-13,NY,New York,D,Demand,Eastern,Eastern,407557,megawatthours
2021-12-13,NY,New York,DF,Day-ahead demand forecast,Eastern,Eastern,393716,megawatthours
2021-12-13,NY,New York,NG,Net generation,Eastern,Eastern,346345,megawatthours
2021-12-13,NY,New York,TI,Total interchange,Eastern,Eastern,-61212,megawatthours
2021-12-12,NY,New York,D,Demand,Eastern,Eastern,374538,megawatthours
2021-12-12,NY,New York,DF,Day-ahead demand forecast,Eastern,Eastern,365915,megawatthours
2021-12-12,NY,New York,NG,Net generation,Eastern,Eastern,320820,megawatthours
2021-12-12,NY,New York,TI,Total interchange,Eastern,Eastern,-53718,megawatthours
2021-12-11,NY,New York,D,Demand,Eastern,Eastern,385857,megawatthours
2021-12-11,NY,New York,DF,Day-ahead demand forecast,Eastern,Eastern,379309,megawatthours
2021-12-11,NY,New York,NG,Net generation,Eastern,Eastern,344751,megawatthours
2021-12-11,NY,New York,TI,Total interchange,Eastern,Eastern,-41106,megawatthours
2021-12-10,NY,New York,D,Demand,Eastern,Eastern,421014,megawatthours
2021-12-10,NY,New York,DF,Day-ahead demand forecast,Eastern,Eastern,410398,megawatthours
2021-12-10,NY,New York,NG,Net generation,Eastern,Eastern,351247,megawatthours
2021-12-10,NY,New York,TI,Total interchange,Eastern,Eastern,-69767,megawatthours
2021-12-09,NY,New York,D,Demand,Eastern,Eastern,439318,megawatthours
2021-12-09,NY,New York,DF,Day-ahead demand forecast,Eastern,Eastern,421201,megawatthours
2021-12-09,NY,New York,NG,Net generation,Eastern,Eastern,368795,megawatthours
2021-12-09,NY,New York,TI,Total interchange,Eastern,Eastern,-70523,megawatthours
2021-12-08,NY,New York,D,Demand,Eastern,Eastern,436185,megawatthours
2021-12-08,NY,New York,DF,Day-ahead demand forecast,Eastern,Eastern,420357,megawatthours
2021-12-08,NY,New York,NG,Net generation,Eastern,Eastern,385716,megawatthours
2021-12-08,NY,New York,TI,Total interchange,Eastern,Eastern,-50469,megawatthours
2021-12-07,NY,New York,D,Demand,Eastern,Eastern,424133,megawatthours
2021-12-07,NY,New York,DF,Day-ahead demand forecast,Eastern,Eastern,409149,megawatthours
2021-12-07,NY,New York,NG,Net generation,Eastern,Eastern,357720,megawatthours
2021-12-07,NY,New York,TI,Total interchange,Eastern,Eastern,-66413,megawatthours
2021-12-06,NY,New York,D,Demand,Eastern,Eastern,409530,megawatthours
2021-12-06,NY,New York,DF,Day-ahead demand forecast,Eastern,Eastern,396509,megawatthours
2021-12-06,NY,New York,NG,Net generation,Eastern,Eastern,361776,megawatthours
2021-12-06,NY,New York,TI,Total interchange,Eastern,Eastern,-47754,megawatthours
2021-12-05,NY,New York,D,Demand,Eastern,Eastern,386815,megawatthours
2021-12-05,NY,New York,DF,Day-ahead demand forecast,Eastern,Eastern,379163,megawatthours
2021-12-05,NY,New York,NG,Net generation,Eastern,Eastern,326359,megawatthours
2021-12-05,NY,New York,TI,Total interchange,Eastern,Eastern,-60456,megawatthours
2021-12-04,NY,New York,D,Demand,Eastern,Eastern,393324,megawatthours
2021-12-04,NY,New York,DF,Day-ahead demand forecast,Eastern,Eastern,386679,megawatthours
2021-12-04,NY,New York,NG,Net generation,Eastern,Eastern,327081,megawatthours
2021-12-04,NY,New York,TI,Total interchange,Eastern,Eastern,-66243,megawatthours
2021-12-03,NY,New York,D,Demand,Eastern,Eastern,410901,megawatthours
2021-12-03,NY,New York,DF,Day-ahead demand forecast,Eastern,Eastern,398487,megawatthours
2021-12-03,NY,New York,NG,Net generation,Eastern,Eastern,346128,megawatthours
2021-12-03,NY,New York,TI,Total interchange,Eastern,Eastern,-64773,megawatthours
2021-12-02,NY,New York,D,Demand,Eastern,Eastern,409290,megawatthours
2021-12-02,NY,New York,DF,Day-ahead demand forecast,Eastern,Eastern,401659,megawatthours
2021-12-02,NY,New York,NG,Net generation,Eastern,Eastern,327803,megawatthours
2021-12-02,NY,New York,TI,Total interchange,Eastern,Eastern,-81487,megawatthours
2021-12-01,NY,New York,D,Demand,Eastern,Eastern,414962,megawatthours
2021-12-01,NY,New York,DF,Day-ahead demand forecast,Eastern,Eastern,410907,megawatthours
2021-12-01,NY,New York,NG,Net generation,Eastern,Eastern,345654,megawatthours
2021-12-01,NY,New York,TI,Total interchange,Eastern,Eastern,-69308,megawatthours
2021-11-30,NY,New York,D,Demand,Eastern,Eastern,432433,megawatthours
2021-11-30,NY,New York,DF,Day-ahead demand forecast,Eastern,Eastern,421801,megawatthours
2021-11-30,NY,New York,NG,Net generation,Eastern,Eastern,372460,megawatthours
2021-11-30,NY,New York,TI,Total interchange,Eastern,Eastern,-59973,megawatthours
2021-11-29,NY,New York,D,Demand,Eastern,Eastern,424413,megawatthours
2021-11-29,NY,New York,DF,Day-ahead demand forecast,Eastern,Eastern,413747,megawatthours
2021-11-29,NY,New York,NG,Net generation,Eastern,Eastern,366524,megawatthours
2021-11-29,NY,New York,TI,Total interchange,Eastern,Eastern,-57889,megawatthours
2021-11-28,NY,New York,D,Demand,Eastern,Eastern,397107,megawatthours
2021-11-28,NY,New York,DF,Day-ahead demand forecast,Eastern,Eastern,380047,megawatthours
2021-11-28,NY,New York,NG,Net generation,Eastern,Eastern,346945,megawatthours
2021-11-28,NY,New York,TI,Total interchange,Eastern,Eastern,-50162,megawatthours
2021-11-27,NY,New York,D,Demand,Eastern,Eastern,390358,megawatthours
2021-11-27,NY,New York,DF,Day-ahead demand forecast,Eastern,Eastern,374720,megawatthours
2021-11-27,NY,New York,NG,Net generation,Eastern,Eastern,354905,megawatthours
2021-11-27,NY,New York,TI,Total interchange,Eastern,Eastern,-35453,megawatthours
2021-11-26,NY,New York,D,Demand,Eastern,Eastern,383990,megawatthours
2021-11-26,NY,New York,DF,Day-ahead demand forecast,Eastern,Eastern,369385,megawatthours
2021-11-26,NY,New York,NG,Net generation,Eastern,Eastern,342582,megawatthours
2021-11-26,NY,New York,TI,Total interchange,Eastern,Eastern,-41408,megawatthours
2021-11-25,NY,New York,D,Demand,Eastern,Eastern,368786,megawatthours
2021-11-25,NY,New York,DF,Day-ahead demand forecast,Eastern,Eastern,353384,megawatthours
2021-11-25,NY,New York,NG,Net generation,Eastern,Eastern,332800,megawatthours
2021-11-25,NY,New York,TI,Total interchange,Eastern,Eastern,-35986,megawatthours
2021-11-24,NY,New York,D,Demand,Eastern,Eastern,411563,megawatthours
2021-11-24,NY,New York,DF,Day-ahead demand forecast,Eastern,Eastern,398356,megawatthours
2021-11-24,NY,New York,NG,Net generation,Eastern,Eastern,351493,megawatthours
2021-11-24,NY,New York,TI,Total interchange,Eastern,Eastern,-60070,megawatthours
2021-11-23,NY,New York,D,Demand,Eastern,Eastern,415459,megawatthours
2021-11-23,NY,New York,DF,Day-ahead demand forecast,Eastern,Eastern,397662,megawatthours
2021-11-23,NY,New York,NG,Net generation,Eastern,Eastern,361363,megawatthours
2021-11-23,NY,New York,TI,Total interchange,Eastern,Eastern,-54096,megawatthours
2021-11-22,NY,New York,D,Demand,Eastern,Eastern,400669,megawatthours
2021-11-22,NY,New York,DF,Day-ahead demand forecast,Eastern,Eastern,386896,megawatthours
2021-11-22,NY,New York,NG,Net generation,Eastern,Eastern,351606,megawatthours
2021-11-22,NY,New York,TI,Total interchange,Eastern,Eastern,-49063,megawatthours
2021-11-21,NY,New York,D,Demand,Eastern,Eastern,365167,megawatthours
2021-11-21,NY,New York,DF,Day-ahead demand forecast,Eastern,Eastern,357796,megawatthours
2021-11-21,NY,New York,NG,Net generation,Eastern,Eastern,329371,megawatthours
2021-11-21,NY,New York,TI,Total interchange,Eastern,Eastern,-35796,megawatthours
2021-11-20,NY,New York,D,Demand,Eastern,Eastern,377006,megawatthours
2021-11-20,NY,New York,DF,Day-ahead demand forecast,Eastern,Eastern,366537,megawatthours
2021-11-20,NY,New York,NG,Net generation,Eastern,Eastern,327220,megawatthours
2021-11-20,NY,New York,TI,Total interchange,Eastern,Eastern,-49786,megawatthours
2021-11-19,NY,New York,D,Demand,Eastern,Eastern,395872,megawatthours
2021-11-19,NY,New York,DF,Day-ahead demand forecast,Eastern,Eastern,380615,megawatthours
2021-11-19,NY,New York,NG,Net generation,Eastern,Eastern,339819,megawatthours
2021-11-19,NY,New York,TI,Total interchange,Eastern,Eastern,-56053,megawatthours
2021-11-18,NY,New York,D,Demand,Eastern,Eastern,386099,megawatthours
2021-11-18,NY,New York,DF,Day-ahead demand forecast,Eastern,Eastern,378897,megawatthours
2021-11-18,NY,New York,NG,Net generation,Eastern,Eastern,328568,megawatthours
2021-11-18,NY,New York,TI,Total interchange,Eastern,Eastern,-57531,megawatthours
2021-11-17,NY,New York,D,Demand,Eastern,Eastern,400827,megawatthours
2021-11-17,NY,New York,DF,Day-ahead demand forecast,Eastern,Eastern,392560,megawatthours
2021-11-17,NY,New York,NG,Net generation,Eastern,Eastern,328717,megawatthours
2021-11-17,NY,New York,TI,Total interchange,Eastern,Eastern,-72110,megawatthours
2021-11-16,NY,New York,D,Demand,Eastern,Eastern,401603,megawatthours
2021-11-16,NY,New York,DF,Day-ahead demand forecast,Eastern,Eastern,389662,megawatthours
2021-11-16,NY,New York,NG,Net generation,Eastern,Eastern,328332,megawatthours
2021-11-16,NY,New York,TI,Total interchange,Eastern,Eastern,-73271,megawatthours
2021-11-15,NY,New York,D,Demand,Eastern,Eastern,401029,megawatthours
2021-11-15,NY,New York,DF,Day-ahead demand forecast,Eastern,Eastern,388778,megawatthours
2021-11-15,NY,New York,NG,Net generation,Eastern,Eastern,346210,megawatthours
2021-11-15,NY,New York,TI,Total interchange,Eastern,Eastern,-54819,megawatthours
2021-11-14,NY,New York,D,Demand,Eastern,Eastern,364484,megawatthours
2021-11-14,NY,New York,DF,Day-ahead demand forecast,Eastern,Eastern,354943,megawatthours
2021-11-14,NY,New York,NG,Net generation,Eastern,Eastern,311892,megawatthours
2021-11-14,NY,New York,TI,Total interchange,Eastern,Eastern,-52592,megawatthours
2021-11-13,NY,New York,D,Demand,Eastern,Eastern,363727,megawatthours
2021-11-13,NY,New York,DF,Day-ahead demand forecast,Eastern,Eastern,349674,megawatthours
2021-11-13,NY,New York,NG,Net generation,Eastern,Eastern,308671,megawatthours
2021-11-13,NY,New York,TI,Total interchange,Eastern,Eastern,-55056,megawatthours
2021-11-12,NY,New York,D,Demand,Eastern,Eastern,380179,megawatthours
2021-11-12,NY,New York,DF,Day-ahead demand forecast,Eastern,Eastern,370264,megawatthours
2021-11-12,NY,New York,NG,Net generation,Eastern,Eastern,320435,megawatthours
2021-11-12,NY,New York,TI,Total interchange,Eastern,Eastern,-59744,megawatthours
2021-11-11,NY,New York,D,Demand,Eastern,Eastern,378296,megawatthours
2021-11-11,NY,New York,DF,Day-ahead demand forecast,Eastern,Eastern,369492,megawatthours
2021-11-11,NY,New York,NG,Net generation,Eastern,Eastern,322023,megawatthours
2021-11-11,NY,New York,TI,Total interchange,Eastern,Eastern,-56273,megawatthours
2021-11-10,NY,New York,D,Demand,Eastern,Eastern,371055,megawatthours
2021-11-10,NY,New York,DF,Day-ahead demand forecast,Eastern,Eastern,364813,megawatthours
2021-11-10,NY,New York,NG,Net generation,Eastern,Eastern,314466,megawatthours
2021-11-10,NY,New York,TI,Total interchange,Eastern,Eastern,-56589,megawatthours
2021-11-09,NY,New York,D,Demand,Eastern,Eastern,378210,megawatthours
2021-11-09,NY,New York,DF,Day-ahead demand forecast,Eastern,Eastern,370736,megawatthours
2021-11-09,NY,New York,NG,Net generation,Eastern,Eastern,302996,megawatthours
2021-11-09,NY,New York,TI,Total interchange,Eastern,Eastern,-75214,megawatthours
2021-11-08,NY,New York,D,Demand,Eastern,Eastern,378526,megawatthours
2021-11-08,NY,New York,DF,Day-ahead demand forecast,Eastern,Eastern,370911,megawatthours
2021-11-08,NY,New York,NG,Net generation,Eastern,Eastern,296263,megawatthours
2021-11-08,NY,New York,TI,Total interchange,Eastern,Eastern,-82263,megawatthours
2021-11-07,NY,New York,D,Demand,Eastern,Eastern,370979,megawatthours
2021-11-07,NY,New York,DF,Day-ahead demand forecast,Eastern,Eastern,356725,megawatthours
2021-11-07,NY,New York,NG,Net generation,Eastern,Eastern,300708,megawatthours
2021-11-07,NY,New York,TI,Total interchange,Eastern,Eastern,-70271,megawatthours
2021-11-06,NY,New York,D,Demand,Eastern,Eastern,362899,megawatthours
2021-11-06,NY,New York,DF,Day-ahead demand forecast,Eastern,Eastern,350835,megawatthours
2021-11-06,NY,New York,NG,Net generation,Eastern,Eastern,279094,megawatthours
2021-11-06,NY,New York,TI,Total interchange,Eastern,Eastern,-83805,megawatthours
2021-11-05,NY,New York,D,Demand,Eastern,Eastern,388933,megawatthours
2021-11-05,NY,New York,DF,Day-ahead demand forecast,Eastern,Eastern,374127,megawatthours
2021-11-05,NY,New York,NG,Net generation,Eastern,Eastern,330004,megawatthours
2021-11-05,NY,New York,TI,Total interchange,Eastern,Eastern,-58929,megawatthours
2021-11-04,NY,New York,D,Demand,Eastern,Eastern,392496,megawatthours
2021-11-04,NY,New York,DF,Day-ahead demand forecast,Eastern,Eastern,380802,megawatthours
2021-11-04,NY,New York,NG,Net generation,Eastern,Eastern,335902,megawatthours
2021-11-04,NY,New York,TI,Total interchange,Eastern,Eastern,-56594,megawatthours
2021-11-03,NY,New York,D,Demand,Eastern,Eastern,387462,megawatthours
2021-11-03,NY,New York,DF,Day-ahead demand forecast,Eastern,Eastern,375646,megawatthours
2021-11-03,NY,New York,NG,Net generation,Eastern,Eastern,328822,megawatthours
2021-11-03,NY,New York,TI,Total interchange,Eastern,Eastern,-58640,megawatthours
2021-11-02,NY,New York,D,Demand,Eastern,Eastern,381553,megawatthours
2021-11-02,NY,New York,DF,Day-ahead demand forecast,Eastern,Eastern,369723,megawatthours
2021-11-02,NY,New York,NG,Net generation,Eastern,Eastern,318088,megawatthours
2021-11-02,NY,New York,TI,Total interchange,Eastern,Eastern,-63465,megawatthours
2021-11-01,NY,New York,D,Demand,Eastern,Eastern,368267,megawatthours
2021-11-01,NY,New York,DF,Day-ahead demand forecast,Eastern,Eastern,362113,megawatthours
2021-11-01,NY,New York,NG,Net generation,Eastern,Eastern,329129,megawatthours
2021-11-01,NY,New York,TI,Total interchange,Eastern,Eastern,-39138,megawatthours
2021-10-31,NY,New York,D,Demand,Eastern,Eastern,341288,megawatthours
2021-10-31,NY,New York,DF,Day-ahead demand forecast,Eastern,Eastern,337692,megawatthours
2021-10-31,NY,New York,NG,Net generation,Eastern,Eastern,313914,megawatthours
2021-10-31,NY,New York,TI,Total interchange,Eastern,Eastern,-27374,megawatthours
2021-10-30,NY,New York,D,Demand,Eastern,Eastern,354960,megawatthours
2021-10-30,NY,New York,DF,Day-ahead demand forecast,Eastern,Eastern,343439,megawatthours
2021-10-30,NY,New York,NG,Net generation,Eastern,Eastern,312495,megawatthours
2021-10-30,NY,New York,TI,Total interchange,Eastern,Eastern,-42465,megawatthours
2021-10-29,NY,New York,D,Demand,Eastern,Eastern,373093,megawatthours
2021-10-29,NY,New York,DF,Day-ahead demand forecast,Eastern,Eastern,360681,megawatthours
2021-10-29,NY,New York,NG,Net generation,Eastern,Eastern,314275,megawatthours
2021-10-29,NY,New York,TI,Total interchange,Eastern,Eastern,-58818,megawatthours
2021-10-28,NY,New York,D,Demand,Eastern,Eastern,370213,megawatthours
2021-10-28,NY,New York,DF,Day-ahead demand forecast,Eastern,Eastern,362671,megawatthours
2021-10-28,NY,New York,NG,Net generation,Eastern,Eastern,295483,megawatthours
2021-10-28,NY,New York,TI,Total interchange,Eastern,Eastern,-74730,megawatthours
2021-10-27,NY,New York,D,Demand,Eastern,Eastern,372780,megawatthours
2021-10-27,NY,New York,DF,Day-ahead demand forecast,Eastern,Eastern,366267,megawatthours
2021-10-27,NY,New York,NG,Net generation,Eastern,Eastern,313606,megawatthours
2021-10-27,NY,New York,TI,Total interchange,Eastern,Eastern,-59174,megawatthours
2021-10-26,NY,New York,D,Demand,Eastern,Eastern,386916,megawatthours
2021-10-26,NY,New York,DF,Day-ahead demand forecast,Eastern,Eastern,373556,megawatthours
2021-10-26,NY,New York,NG,Net generation,Eastern,Eastern,323187,megawatthours
2021-10-26,NY,New York,TI,Total interchange,Eastern,Eastern,-63729,megawatthours
2021-10-25,NY,New York,D,Demand,Eastern,Eastern,382666,megawatthours
2021-10-25,NY,New York,DF,Day-ahead demand forecast,Eastern,Eastern,371936,megawatthours
2021-10-25,NY,New York,NG,Net generation,Eastern,Eastern,311138,megawatthours
2021-10-25,NY,New York,TI,Total interchange,Eastern,Eastern,-71528,megawatthours
2021-10-24,NY,New York,D,Demand,Eastern,Eastern,338150,megawatthours
2021-10-24,NY,New York,DF,Day-ahead demand forecast,Eastern,Eastern,326549,megawatthours
2021-10-24,NY,New York,NG,Net generation,Eastern,Eastern,267357,megawatthours
2021-10-24,NY,New York,TI,Total interchange,Eastern,Eastern,-70793,megawatthours
2021-10-23,NY,New York,D,Demand,Eastern,Eastern,343715,megawatthours
2021-10-23,NY,New York,DF,Day-ahead demand forecast,Eastern,Eastern,334118,megawatthours
2021-10-23,NY,New York,NG,Net generation,Eastern,Eastern,270370,megawatthours
2021-10-23,NY,New York,TI,Total interchange,Eastern,Eastern,-73345,megawatthours
2021-10-22,NY,New York,D,Demand,Eastern,Eastern,373467,megawatthours
2021-10-22,NY,New York,DF,Day-ahead demand forecast,Eastern,Eastern,366280,megawatthours
2021-10-22,NY,New York,NG,Net generation,Eastern,Eastern,306197,megawatthours
2021-10-22,NY,New York,TI,Total interchange,Eastern,Eastern,-67270,megawatthours
2021-10-21,NY,New York,D,Demand,Eastern,Eastern,379073,megawatthours
2021-10-21,NY,New York,DF,Day-ahead demand forecast,Eastern,Eastern,368733,megawatthours
2021-10-21,NY,New York,NG,Net generation,Eastern,Eastern,319581,megawatthours
2021-10-21,NY,New York,TI,Total interchange,Eastern,Eastern,-59492,megawatthours
2021-10-20,NY,New York,D,Demand,Eastern,Eastern,372814,megawatthours
2021-10-20,NY,New York,DF,Day-ahead demand forecast,Eastern,Eastern,361758,megawatthours
2021-10-20,NY,New York,NG,Net generation,Eastern,Eastern,320445,megawatthours
2021-10-20,NY,New York,TI,Total interchange,Eastern,Eastern,-52369,megawatthours
2021-10-19,NY,New York,D,Demand,Eastern,Eastern,366013,megawatthours
2021-10-19,NY,New York,DF,Day-ahead demand forecast,Eastern,Eastern,358219,megawatthours
2021-10-19,NY,New York,NG,Net generation,Eastern,Eastern,316091,megawatthours
2021-10-19,NY,New York,TI,Total interchange,Eastern,Eastern,-49922,megawatthours
2021-10-18,NY,New York,D,Demand,Eastern,Eastern,366490,megawatthours
2021-10-18,NY,New York,DF,Day-ahead demand forecast,Eastern,Eastern,363916,megawatthours
2021-10-18,NY,New York,NG,Net generation,Eastern,Eastern,304812,megawatthours
2021-10-18,NY,New York,TI,Total interchange,Eastern,Eastern,-61678,megawatthours
2021-10-17,NY,New York,D,Demand,Eastern,Eastern,338428,megawatthours
2021-10-17,NY,New York,DF,Day-ahead demand forecast,Eastern,Eastern,334076,megawatthours
2021-10-17,NY,New York,NG,Net generation,Eastern,Eastern,288423,megawatthours
2021-10-17,NY,New York,TI,Total interchange,Eastern,Eastern,-50005,megawatthours
2021-10-16,NY,New York,D,Demand,Eastern,Eastern,381062,megawatthours
2021-10-16,NY,New York,DF,Day-ahead demand forecast,Eastern,Eastern,364032,megawatthours
2021-10-16,NY,New York,NG,Net generation,Eastern,Eastern,320729,megawatthours
2021-10-16,NY,New York,TI,Total interchange,Eastern,Eastern,-60333,megawatthours
2021-10-15,NY,New York,D,Demand,Eastern,Eastern,407906,megawatthours
2021-10-15,NY,New York,DF,Day-ahead demand forecast,Eastern,Eastern,393533,megawatthours
2021-10-15,NY,New York,NG,Net generation,Eastern,Eastern,355672,megawatthours
2021-10-15,NY,New York,TI,Total interchange,Eastern,Eastern,-52234,megawatthours
2021-10-14,NY,New York,D,Demand,Eastern,Eastern,398505,megawatthours
2021-10-14,NY,New York,DF,Day-ahead demand forecast,Eastern,Eastern,392377,megawatthours
2021-10-14,NY,New York,NG,Net generation,Eastern,Eastern,345074,megawatthours
2021-10-14,NY,New York,TI,Total interchange,Eastern,Eastern,-53431,megawatthours
2021-10-13,NY,New York,D,Demand,Eastern,Eastern,392677,megawatthours
2021-10-13,NY,New York,DF,Day-ahead demand forecast,Eastern,Eastern,384394,megawatthours
2021-10-13,NY,New York,NG,Net generation,Eastern,Eastern,328134,megawatthours
2021-10-13,NY,New York,TI,Total interchange,Eastern,Eastern,-64543,megawatthours
2021-10-12,NY,New York,D,Demand,Eastern,Eastern,389922,megawatthours
2021-10-12,NY,New York,DF,Day-ahead demand forecast,Eastern,Eastern,381441,megawatthours
2021-10-12,NY,New York,NG,Net generation,Eastern,Eastern,315603,megawatthours
2021-10-12,NY,New York,TI,Total interchange,Eastern,Eastern,-74319,megawatthours
2021-10-11,NY,New York,D,Demand,Eastern,Eastern,380322,megawatthours
2021-10-11,NY,New York,DF,Day-ahead demand forecast,Eastern,Eastern,377625,megawatthours
2021-10-11,NY,New York,NG,Net generation,Eastern,Eastern,304466,megawatthours
2021-10-11,NY,New York,TI,Total interchange,Eastern,Eastern,-75856,megawatthours
2021-10-10,NY,New York,D,Demand,Eastern,Eastern,350618,megawatthours
2021-10-10,NY,New York,DF,Day-ahead demand forecast,Eastern,Eastern,349188,megawatthours
2021-10-10,NY,New York,NG,Net generation,Eastern,Eastern,271185,megawatthours
2021-10-10,NY,New York,TI,Total interchange,Eastern,Eastern,-79433,megawatthours
2021-10-09,NY,New York,D,Demand,Eastern,Eastern,356688,megawatthours
2021-10-09,NY,New York,DF,Day-ahead demand forecast,Eastern,Eastern,353598,megawatthours
2021-10-09,NY,New York,NG,Net generation,Eastern,Eastern,283842,megawatthours
2021-10-09,NY,New York,TI,Total interchange,Eastern,Eastern,-72846,megawatthours
2021-10-08,NY,New York,D,Demand,Eastern,Eastern,396250,megawatthours
2021-10-08,NY,New York,DF,Day-ahead demand forecast,Eastern,Eastern,385734,megawatthours
2021-10-08,NY,New York,NG,Net generation,Eastern,Eastern,325764,megawatthours
2021-10-08,NY,New York,TI,Total interchange,Eastern,Eastern,-70486,megawatthours
2021-10-07,NY,New York,D,Demand,Eastern,Eastern,392990,megawatthours
2021-10-07,NY,New York,DF,Day-ahead demand forecast,Eastern,Eastern,384126,megawatthours
2021-10-07,NY,New York,NG,Net generation,Eastern,Eastern,323091,megawatthours
2021-10-07,NY,New York,TI,Total interchange,Eastern,Eastern,-69899,megawatthours
2021-10-06,NY,New York,D,Demand,Eastern,Eastern,384145,megawatthours
2021-10-06,NY,New York,DF,Day-ahead demand forecast,Eastern,Eastern,377782,megawatthours
2021-10-06,NY,New York,NG,Net generation,Eastern,Eastern,324531,megawatthours
2021-10-06,NY,New York,TI,Total interchange,Eastern,Eastern,-59614,megawatthours
2021-10-05,NY,New York,D,Demand,Eastern,Eastern,385804,megawatthours
2021-10-05,NY,New York,DF,Day-ahead demand forecast,Eastern,Eastern,386664,megawatthours
2021-10-05,NY,New York,NG,Net generation,Eastern,Eastern,323113,megawatthours
2021-10-05,NY,New York,TI,Total interchange,Eastern,Eastern,-62691,megawatthours
2021-10-04,NY,New York,D,Demand,Eastern,Eastern,407602,megawatthours
2021-10-04,NY,New York,DF,Day-ahead demand forecast,Eastern,Eastern,400259,megawatthours
2021-10-04,NY,New York,NG,Net generation,Eastern,Eastern,323971,megawatthours
2021-10-04,NY,New York,TI,Total interchange,Eastern,Eastern,-83631,megawatthours
2021-10-03,NY,New York,D,Demand,Eastern,Eastern,363003,megawatthours
2021-10-03,NY,New York,DF,Day-ahead demand forecast,Eastern,Eastern,345828,megawatthours
2021-10-03,NY,New York,NG,Net generation,Eastern,Eastern,296010,megawatthours
2021-10-03,NY,New York,TI,Total interchange,Eastern,Eastern,-66993,megawatthours
2021-10-02,NY,New York,D,Demand,Eastern,Eastern,345926,megawatthours
2021-10-02,NY,New York,DF,Day-ahead demand forecast,Eastern,Eastern,334689,megawatthours
2021-10-02,NY,New York,NG,Net generation,Eastern,Eastern,272528,megawatthours
2021-10-02,NY,New York,TI,Total interchange,Eastern,Eastern,-73398,megawatthours
2021-10-01,NY,New York,D,Demand,Eastern,Eastern,360615,megawatthours
2021-10-01,NY,New York,DF,Day-ahead demand forecast,Eastern,Eastern,349303,megawatthours
2021-10-01,NY,New York,NG,Net generation,Eastern,Eastern,282658,megawatthours
2021-10-01,NY,New York,TI,Total interchange,Eastern,Eastern,-77957,megawatthours
2021-09-30,NY,New York,D,Demand,Eastern,Eastern,368584,megawatthours
2021-09-30,NY,New York,DF,Day-ahead demand forecast,Eastern,Eastern,360327,megawatthours
2021-09-30,NY,New York,NG,Net generation,Eastern,Eastern,277434,megawatthours
2021-09-30,NY,New York,TI,Total interchange,Eastern,Eastern,-91150,megawatthours
2021-09-29,NY,New York,D,Demand,Eastern,Eastern,371318,megawatthours
2021-09-29,NY,New York,DF,Day-ahead demand forecast,Eastern,Eastern,369516,megawatthours
2021-09-29,NY,New York,NG,Net generation,Eastern,Eastern,280782,megawatthours
2021-09-29,NY,New York,TI,Total interchange,Eastern,Eastern,-90536,megawatthours
2021-09-28,NY,New York,D,Demand,Eastern,Eastern,401475,megawatthours
2021-09-28,NY,New York,DF,Day-ahead demand forecast,Eastern,Eastern,396173,megawatthours
2021-09-28,NY,New York,NG,Net generation,Eastern,Eastern,315963,megawatthours
2021-09-28,NY,New York,TI,Total interchange,Eastern,Eastern,-85512,megawatthours
2021-09-27,NY,New York,D,Demand,Eastern,Eastern,395893,megawatthours
2021-09-27,NY,New York,DF,Day-ahead demand forecast,Eastern,Eastern,382234,megawatthours
2021-09-27,NY,New York,NG,Net generation,Eastern,Eastern,312953,megawatthours
2021-09-27,NY,New York,TI,Total interchange,Eastern,Eastern,-82940,megawatthours
2021-09-26,NY,New York,D,Demand,Eastern,Eastern,349913,megawatthours
2021-09-26,NY,New York,DF,Day-ahead demand forecast,Eastern,Eastern,346061,megawatthours
2021-09-26,NY,New York,NG,Net generation,Eastern,Eastern,287585,megawatthours
2021-09-26,NY,New York,TI,Total interchange,Eastern,Eastern,-62328,megawatthours
2021-09-25,NY,New York,D,Demand,Eastern,Eastern,361999,megawatthours
2021-09-25,NY,New York,DF,Day-ahead demand forecast,Eastern,Eastern,360539,megawatthours
2021-09-25,NY,New York,NG,Net generation,Eastern,Eastern,285140,megawatthours
2021-09-25,NY,New York,TI,Total interchange,Eastern,Eastern,-76859,megawatthours
2021-09-24,NY,New York,D,Demand,Eastern,Eastern,398403,megawatthours
2021-09-24,NY,New York,DF,Day-ahead demand forecast,Eastern,Eastern,403013,megawatthours
2021-09-24,NY,New York,NG,Net generation,Eastern,Eastern,316731,megawatthours
2021-09-24,NY,New York,TI,Total interchange,Eastern,Eastern,-81672,megawatthours
2021-09-23,NY,New York,D,Demand,Eastern,Eastern,472433,megawatthours
2021-09-23,NY,New York,DF,Day-ahead demand forecast,Eastern,Eastern,455347,megawatthours
2021-09-23,NY,New York,NG,Net generation,Eastern,Eastern,373427,megawatthours
2021-09-23,NY,New York,TI,Total interchange,Eastern,Eastern,-99006,megawatthours
2021-09-22,NY,New York,D,Demand,Eastern,Eastern,465200,megawatthours
2021-09-22,NY,New York,DF,Day-ahead demand forecast,Eastern,Eastern,441121,megawatthours
2021-09-22,NY,New York,NG,Net generation,Eastern,Eastern,361787,megawatthours
2021-09-22,NY,New York,TI,Total interchange,Eastern,Eastern,-103413,megawatthours
2021-09-21,NY,New York,D,Demand,Eastern,Eastern,420718,megawatthours
2021-09-21,NY,New York,DF,Day-ahead demand forecast,Eastern,Eastern,413132,megawatthours
2021-09-21,NY,New York,NG,Net generation,Eastern,Eastern,327942,megawatthours
2021-09-21,NY,New York,TI,Total interchange,Eastern,Eastern,-92776,megawatthours
2021-09-20,NY,New York,D,Demand,Eastern,Eastern,414650,megawatthours
2021-09-20,NY,New York,DF,Day-ahead demand forecast,Eastern,Eastern,407823,megawatthours
2021-09-20,NY,New York,NG,Net generation,Eastern,Eastern,326157,megawatthours
2021-09-20,NY,New York,TI,Total interchange,Eastern,Eastern,-88493,megawatthours
2021-09-19,NY,New York,D,Demand,Eastern,Eastern,389462,megawatthours
2021-09-19,NY,New York,DF,Day-ahead demand forecast,Eastern,Eastern,385235,megawatthours
2021-09-19,NY,New York,NG,Net generation,Eastern,Eastern,300142,megawatthours
2021-09-19,NY,New York,TI,Total interchange,Eastern,Eastern,-89320,megawatthours
2021-09-18,NY,New York,D,Demand,Eastern,Eastern,442843,megawatthours
2021-09-18,NY,New York,DF,Day-ahead demand forecast,Eastern,Eastern,425275,megawatthours
2021-09-18,NY,New York,NG,Net generation,Eastern,Eastern,346626,megawatthours
2021-09-18,NY,New York,TI,Total interchange,Eastern,Eastern,-96217,megawatthours
2021-09-17,NY,New York,D,Demand,Eastern,Eastern,457534,megawatthours
2021-09-17,NY,New York,DF,Day-ahead demand forecast,Eastern,Eastern,450009,megawatthours
2021-09-17,NY,New York,NG,Net generation,Eastern,Eastern,367284,megawatthours
2021-09-17,NY,New York,TI,Total interchange,Eastern,Eastern,-90250,megawatthours
2021-09-16,NY,New York,D,Demand,Eastern,Eastern,455728,megawatthours
2021-09-16,NY,New York,DF,Day-ahead demand forecast,Eastern,Eastern,452954,megawatthours
2021-09-16,NY,New York,NG,Net generation,Eastern,Eastern,363604,megawatthours
2021-09-16,NY,New York,TI,Total interchange,Eastern,Eastern,-92124,megawatthours
2021-09-15,NY,New York,D,Demand,Eastern,Eastern,498502,megawatthours
2021-09-15,NY,New York,DF,Day-ahead demand forecast,Eastern,Eastern,482952,megawatthours
2021-09-15,NY,New York,NG,Net generation,Eastern,Eastern,403783,megawatthours
2021-09-15,NY,New York,TI,Total interchange,Eastern,Eastern,-94719,megawatthours
2021-09-14,NY,New York,D,Demand,Eastern,Eastern,466466,megawatthours
2021-09-14,NY,New York,DF,Day-ahead demand forecast,Eastern,Eastern,449578,megawatthours
2021-09-14,NY,New York,NG,Net generation,Eastern,Eastern,370285,megawatthours
2021-09-14,NY,New York,TI,Total interchange,Eastern,Eastern,-96181,megawatthours
2021-09-13,NY,New York,D,Demand,Eastern,Eastern,476225,megawatthours
2021-09-13,NY,New York,DF,Day-ahead demand forecast,Eastern,Eastern,460053,megawatthours
2021-09-13,NY,New York,NG,Net generation,Eastern,Eastern,378855,megawatthours
2021-09-13,NY,New York,TI,Total interchange,Eastern,Eastern,-97370,megawatthours
2021-09-12,NY,New York,D,Demand,Eastern,Eastern,414037,megawatthours
2021-09-12,NY,New York,DF,Day-ahead demand forecast,Eastern,Eastern,408486,megawatthours
2021-09-12,NY,New York,NG,Net generation,Eastern,Eastern,324521,megawatthours
2021-09-12,NY,New York,TI,Total interchange,Eastern,Eastern,-89516,megawatthours
2021-09-11,NY,New York,D,Demand,Eastern,Eastern,379406,megawatthours
2021-09-11,NY,New York,DF,Day-ahead demand forecast,Eastern,Eastern,374222,megawatthours
2021-09-11,NY,New York,NG,Net generation,Eastern,Eastern,277593,megawatthours
2021-09-11,NY,New York,TI,Total interchange,Eastern,Eastern,-101813,megawatthours
2021-09-10,NY,New York,D,Demand,Eastern,Eastern,405248,megawatthours
2021-09-10,NY,New York,DF,Day-ahead demand forecast,Eastern,Eastern,399712,megawatthours
2021-09-10,NY,New York,NG,Net generation,Eastern,Eastern,323039,megawatthours
2021-09-10,NY,New York,TI,Total interchange,Eastern,Eastern,-82209,megawatthours
2021-09-09,NY,New York,D,Demand,Eastern,Eastern,447704,megawatthours
2021-09-09,NY,New York,DF,Day-ahead demand forecast,Eastern,Eastern,437078,megawatthours
2021-09-09,NY,New York,NG,Net generation,Eastern,Eastern,352993,megawatthours
2021-09-09,NY,New York,TI,Total interchange,Eastern,Eastern,-94711,megawatthours
2021-09-08,NY,New York,D,Demand,Eastern,Eastern,469124,megawatthours
2021-09-08,NY,New York,DF,Day-ahead demand forecast,Eastern,Eastern,455945,megawatthours
2021-09-08,NY,New York,NG,Net generation,Eastern,Eastern,383563,megawatthours
2021-09-08,NY,New York,TI,Total interchange,Eastern,Eastern,-85561,megawatthours
2021-09-07,NY,New York,D,Demand,Eastern,Eastern,431277,megawatthours
2021-09-07,NY,New York,DF,Day-ahead demand forecast,Eastern,Eastern,424078,megawatthours
2021-09-07,NY,New York,NG,Net generation,Eastern,Eastern,340362,megawatthours
2021-09-07,NY,New York,TI,Total interchange,Eastern,Eastern,-90915,megawatthours
2021-09-06,NY,New York,D,Demand,Eastern,Eastern,411241,megawatthours
2021-09-06,NY,New York,DF,Day-ahead demand forecast,Eastern,Eastern,398760,megawatthours
2021-09-06,NY,New York,NG,Net generation,Eastern,Eastern,323341,megawatthours
2021-09-06,NY,New York,TI,Total interchange,Eastern,Eastern,-87900,megawatthours
2021-09-05,NY,New York,D,Demand,Eastern,Eastern,390216,megawatthours
2021-09-05,NY,New York,DF,Day-ahead demand forecast,Eastern,Eastern,376370,megawatthours
2021-09-05,NY,New York,NG,Net generation,Eastern,Eastern,300842,megawatthours
2021-09-05,NY,New York,TI,Total interchange,Eastern,Eastern,-89374,megawatthours
2021-09-04,NY,New York,D,Demand,Eastern,Eastern,381463,megawatthours
2021-09-04,NY,New York,DF,Day-ahead demand forecast,Eastern,Eastern,364999,megawatthours
2021-09-04,NY,New York,NG,Net generation,Eastern,Eastern,284418,megawatthours
2021-09-04,NY,New York,TI,Total interchange,Eastern,Eastern,-97045,megawatthours
2021-09-03,NY,New York,D,Demand,Eastern,Eastern,394874,megawatthours
2021-09-03,NY,New York,DF,Day-ahead demand forecast,Eastern,Eastern,380392,megawatthours
2021-09-03,NY,New York,NG,Net generation,Eastern,Eastern,311588,megawatthours
2021-09-03,NY,New York,TI,Total interchange,Eastern,Eastern,-83286,megawatthours
2021-09-02,NY,New York,D,Demand,Eastern,Eastern,404896,megawatthours
2021-09-02,NY,New York,DF,Day-ahead demand forecast,Eastern,Eastern,413372,megawatthours
2021-09-02,NY,New York,NG,Net generation,Eastern,Eastern,322672,megawatthours
2021-09-02,NY,New York,TI,Total interchange,Eastern,Eastern,-82224,megawatthours
2021-09-01,NY,New York,D,Demand,Eastern,Eastern,455094,megawatthours
2021-09-01,NY,New York,DF,Day-ahead demand forecast,Eastern,Eastern,451060,megawatthours
2021-09-01,NY,New York,NG,Net generation,Eastern,Eastern,359402,megawatthours
2021-09-01,NY,New York,TI,Total interchange,Eastern,Eastern,-95692,megawatthours
2021-08-31,NY,New York,D,Demand,Eastern,Eastern,508719,megawatthours
2021-08-31,NY,New York,DF,Day-ahead demand forecast,Eastern,Eastern,490452,megawatthours
2021-08-31,NY,New York,NG,Net generation,Eastern,Eastern,412076,megawatthours
2021-08-31,NY,New York,TI,Total interchange,Eastern,Eastern,-96643,megawatthours
2021-08-30,NY,New York,D,Demand,Eastern,Eastern,528948,megawatthours
2021-08-30,NY,New York,DF,Day-ahead demand forecast,Eastern,Eastern,510473,megawatthours
2021-08-30,NY,New York,NG,Net generation,Eastern,Eastern,432648,megawatthours
2021-08-30,NY,New York,TI,Total interchange,Eastern,Eastern,-96300,megawatthours
2021-08-29,NY,New York,D,Demand,Eastern,Eastern,444715,megawatthours
2021-08-29,NY,New York,DF,Day-ahead demand forecast,Eastern,Eastern,446045,megawatthours
2021-08-29,NY,New York,NG,Net generation,Eastern,Eastern,349200,megawatthours
2021-08-29,NY,New York,TI,Total interchange,Eastern,Eastern,-95515,megawatthours
2021-08-28,NY,New York,D,Demand,Eastern,Eastern,471359,megawatthours
2021-08-28,NY,New York,DF,Day-ahead demand forecast,Eastern,Eastern,467656,megawatthours
2021-08-28,NY,New York,NG,Net generation,Eastern,Eastern,374871,megawatthours
2021-08-28,NY,New York,TI,Total interchange,Eastern,Eastern,-96488,megawatthours
2021-08-27,NY,New York,D,Demand,Eastern,Eastern,583902,megawatthours
2021-08-27,NY,New York,DF,Day-ahead demand forecast,Eastern,Eastern,558180,megawatthours
2021-08-27,NY,New York,NG,Net generation,Eastern,Eastern,491544,megawatthours
2021-08-27,NY,New York,TI,Total interchange,Eastern,Eastern,-92358,megawatthours
2021-08-26,NY,New York,D,Demand,Eastern,Eastern,598650,megawatthours
2021-08-26,NY,New York,DF,Day-ahead demand forecast,Eastern,Eastern,569236,megawatthours
2021-08-26,NY,New York,NG,Net generation,Eastern,Eastern,516265,megawatthours
2021-08-26,NY,New York,TI,Total interchange,Eastern,Eastern,-82385,megawatthours
2021-08-25,NY,New York,D,Demand,Eastern,Eastern,565729,megawatthours
2021-08-25,NY,New York,DF,Day-ahead demand forecast,Eastern,Eastern,545444,megawatthours
2021-08-25,NY,New York,NG,Net generation,Eastern,Eastern,488073,megawatthours
2021-08-25,NY,New York,TI,Total interchange,Eastern,Eastern,-77656,megawatthours
2021-08-24,NY,New York,D,Demand,Eastern,Eastern,545593,megawatthours
2021-08-24,NY,New York,DF,Day-ahead demand forecast,Eastern,Eastern,527877,megawatthours
2021-08-24,NY,New York,NG,Net generation,Eastern,Eastern,470002,megawatthours
2021-08-24,NY,New York,TI,Total interchange,Eastern,Eastern,-75591,megawatthours
2021-08-23,NY,New York,D,Demand,Eastern,Eastern,514700,megawatthours
2021-08-23,NY,New York,DF,Day-ahead demand forecast,Eastern,Eastern,516047,megawatthours
2021-08-23,NY,New York,NG,Net generation,Eastern,Eastern,425858,megawatthours
2021-08-23,NY,New York,TI,Total interchange,Eastern,Eastern,-88842,megawatthours
2021-08-22,NY,New York,D,Demand,Eastern,Eastern,474030,megawatthours
2021-08-22,NY,New York,DF,Day-ahead demand forecast,Eastern,Eastern,479011,megawatthours
2021-08-22,NY,New York,NG,Net generation,Eastern,Eastern,381105,megawatthours
2021-08-22,NY,New York,TI,Total interchange,Eastern,Eastern,-92925,megawatthours
2021-08-21,NY,New York,D,Demand,Eastern,Eastern,500330,megawatthours
2021-08-21,NY,New York,DF,Day-ahead demand forecast,Eastern,Eastern,497599,megawatthours
2021-08-21,NY,New York,NG,Net generation,Eastern,Eastern,399503,megawatthours
2021-08-21,NY,New York,TI,Total interchange,Eastern,Eastern,-100827,megawatthours
2021-08-20,NY,New York,D,Demand,Eastern,Eastern,525709,megawatthours
2021-08-20,NY,New York,DF,Day-ahead demand forecast,Eastern,Eastern,523668,megawatthours
2021-08-20,NY,New York,NG,Net generation,Eastern,Eastern,436969,megawatthours
2021-08-20,NY,New York,TI,Total interchange,Eastern,Eastern,-88740,megawatthours
2021-08-19,NY,New York,D,Demand,Eastern,Eastern,543100,megawatthours
2021-08-19,NY,New York,DF,Day-ahead demand forecast,Eastern,Eastern,527990,megawatthours
2021-08-19,NY,New York,NG,Net generation,Eastern,Eastern,455565,megawatthours
2021-08-19,NY,New York,TI,Total interchange,Eastern,Eastern,-87535,megawatthours
2021-08-18,NY,New York,D,Demand,Eastern,Eastern,516433,megawatthours
2021-08-18,NY,New York,DF,Day-ahead demand forecast,Eastern,Eastern,507734,megawatthours
2021-08-18,NY,New York,NG,Net generation,Eastern,Eastern,424134,megawatthours
2021-08-18,NY,New York,TI,Total interchange,Eastern,Eastern,-92299,megawatthours
2021-08-17,NY,New York,D,Demand,Eastern,Eastern,494718,megawatthours
2021-08-17,NY,New York,DF,Day-ahead demand forecast,Eastern,Eastern,482201,megawatthours
2021-08-17,NY,New York,NG,Net generation,Eastern,Eastern,389967,megawatthours
2021-08-17,NY,New York,TI,Total interchange,Eastern,Eastern,-104751,megawatthours
2021-08-16,NY,New York,D,Demand,Eastern,Eastern,472967,megawatthours
2021-08-16,NY,New York,DF,Day-ahead demand forecast,Eastern,Eastern,462994,megawatthours
2021-08-16,NY,New York,NG,Net generation,Eastern,Eastern,363544,megawatthours
2021-08-16,NY,New York,TI,Total interchange,Eastern,Eastern,-109423,megawatthours
2021-08-15,NY,New York,D,Demand,Eastern,Eastern,440552,megawatthours
2021-08-15,NY,New York,DF,Day-ahead demand forecast,Eastern,Eastern,430165,megawatthours
2021-08-15,NY,New York,NG,Net generation,Eastern,Eastern,344803,megawatthours
2021-08-15,NY,New York,TI,Total interchange,Eastern,Eastern,-95749,megawatthours
2021-08-14,NY,New York,D,Demand,Eastern,Eastern,530336,megawatthours
2021-08-14,NY,New York,DF,Day-ahead demand forecast,Eastern,Eastern,507309,megawatthours
2021-08-14,NY,New York,NG,Net generation,Eastern,Eastern,422147,megawatthours
2021-08-14,NY,New York,TI,Total interchange,Eastern,Eastern,-108189,megawatthours
2021-08-13,NY,New York,D,Demand,Eastern,Eastern,600360,megawatthours
2021-08-13,NY,New York,DF,Day-ahead demand forecast,Eastern,Eastern,591202,megawatthours
2021-08-13,NY,New York,NG,Net generation,Eastern,Eastern,506618,megawatthours
2021-08-13,NY,New York,TI,Total interchange,Eastern,Eastern,-93742,megawatthours
2021-08-12,NY,New York,D,Demand,Eastern,Eastern,591527,megawatthours
2021-08-12,NY,New York,DF,Day-ahead demand forecast,Eastern,Eastern,601907,megawatthours
2021-08-12,NY,New York,NG,Net generation,Eastern,Eastern,499710,megawatthours
2021-08-12,NY,New York,TI,Total interchange,Eastern,Eastern,-91817,megawatthours
2021-08-11,NY,New York,D,Demand,Eastern,Eastern,576272,megawatthours
2021-08-11,NY,New York,DF,Day-ahead demand forecast,Eastern,Eastern,569024,megawatthours
2021-08-11,NY,New York,NG,Net generation,Eastern,Eastern,473846,megawatthours
2021-08-11,NY,New York,TI,Total interchange,Eastern,Eastern,-102426,megawatthours
2021-08-10,NY,New York,D,Demand,Eastern,Eastern,533246,megawatthours
2021-08-10,NY,New York,DF,Day-ahead demand forecast,Eastern,Eastern,532434,megawatthours
2021-08-10,NY,New York,NG,Net generation,Eastern,Eastern,429285,megawatthours
2021-08-10,NY,New York,TI,Total interchange,Eastern,Eastern,-103961,megawatthours
2021-08-09,NY,New York,D,Demand,Eastern,Eastern,506104,megawatthours
2021-08-09,NY,New York,DF,Day-ahead demand forecast,Eastern,Eastern,509449,megawatthours
2021-08-09,NY,New York,NG,Net generation,Eastern,Eastern,401940,megawatthours
2021-08-09,NY,New York,TI,Total interchange,Eastern,Eastern,-104164,megawatthours
2021-08-08,NY,New York,D,Demand,Eastern,Eastern,450707,megawatthours
2021-08-08,NY,New York,DF,Day-ahead demand forecast,Eastern,Eastern,453145,megawatthours
2021-08-08,NY,New York,NG,Net generation,Eastern,Eastern,355928,megawatthours
2021-08-08,NY,New York,TI,Total interchange,Eastern,Eastern,-94779,megawatthours
2021-08-07,NY,New York,D,Demand,Eastern,Eastern,480482,megawatthours
2021-08-07,NY,New York,DF,Day-ahead demand forecast,Eastern,Eastern,476297,megawatthours
2021-08-07,NY,New York,NG,Net generation,Eastern,Eastern,372620,megawatthours
2021-08-07,NY,New York,TI,Total interchange,Eastern,Eastern,-107862,megawatthours
2021-08-06,NY,New York,D,Demand,Eastern,Eastern,495648,megawatthours
2021-08-06,NY,New York,DF,Day-ahead demand forecast,Eastern,Eastern,473474,megawatthours
2021-08-06,NY,New York,NG,Net generation,Eastern,Eastern,392432,megawatthours
2021-08-06,NY,New York,TI,Total interchange,Eastern,Eastern,-103216,megawatthours
2021-08-05,NY,New York,D,Demand,Eastern,Eastern,453627,megawatthours
2021-08-05,NY,New York,DF,Day-ahead demand forecast,Eastern,Eastern,443121,megawatthours
2021-08-05,NY,New York,NG,Net generation,Eastern,Eastern,352973,megawatthours
2021-08-05,NY,New York,TI,Total interchange,Eastern,Eastern,-100654,megawatthours
2021-08-04,NY,New York,D,Demand,Eastern,Eastern,435027,megawatthours
2021-08-04,NY,New York,DF,Day-ahead demand forecast,Eastern,Eastern,438938,megawatthours
2021-08-04,NY,New York,NG,Net generation,Eastern,Eastern,343281,megawatthours
2021-08-04,NY,New York,TI,Total interchange,Eastern,Eastern,-91746,megawatthours
2021-08-03,NY,New York,D,Demand,Eastern,Eastern,428325,megawatthours
2021-08-03,NY,New York,DF,Day-ahead demand forecast,Eastern,Eastern,428277,megawatthours
2021-08-03,NY,New York,NG,Net generation,Eastern,Eastern,347160,megawatthours
2021-08-03,NY,New York,TI,Total interchange,Eastern,Eastern,-81165,megawatthours
2021-08-02,NY,New York,D,Demand,Eastern,Eastern,432120,megawatthours
2021-08-02,NY,New York,DF,Day-ahead demand forecast,Eastern,Eastern,424726,megawatthours
2021-08-02,NY,New York,NG,Net generation,Eastern,Eastern,345692,megawatthours
2021-08-02,NY,New York,TI,Total interchange,Eastern,Eastern,-86428,megawatthours
2021-08-01,NY,New York,D,Demand,Eastern,Eastern,393980,megawatthours
2021-08-01,NY,New York,DF,Day-ahead demand forecast,Eastern,Eastern,391084,megawatthours
2021-08-01,NY,New York,NG,Net generation,Eastern,Eastern,299703,megawatthours
2021-08-01,NY,New York,TI,Total interchange,Eastern,Eastern,-94277,megawatthours
2021-07-31,NY,New York,D,Demand,Eastern,Eastern,384501,megawatthours
2021-07-31,NY,New York,DF,Day-ahead demand forecast,Eastern,Eastern,378830,megawatthours
2021-07-31,NY,New York,NG,Net generation,Eastern,Eastern,293506,megawatthours
2021-07-31,NY,New York,TI,Total interchange,Eastern,Eastern,-90995,megawatthours
2021-07-30,NY,New York,D,Demand,Eastern,Eastern,455163,megawatthours
2021-07-30,NY,New York,DF,Day-ahead demand forecast,Eastern,Eastern,443805,megawatthours
2021-07-30,NY,New York,NG,Net generation,Eastern,Eastern,353684,megawatthours
2021-07-30,NY,New York,TI,Total interchange,Eastern,Eastern,-101479,megawatthours
2021-07-29,NY,New York,D,Demand,Eastern,Eastern,471653,megawatthours
2021-07-29,NY,New York,DF,Day-ahead demand forecast,Eastern,Eastern,464977,megawatthours
2021-07-29,NY,New York,NG,Net generation,Eastern,Eastern,359675,megawatthours
2021-07-29,NY,New York,TI,Total interchange,Eastern,Eastern,-111978,megawatthours
2021-07-28,NY,New York,D,Demand,Eastern,Eastern,490337,megawatthours
2021-07-28,NY,New York,DF,Day-ahead demand forecast,Eastern,Eastern,494415,megawatthours
2021-07-28,NY,New York,NG,Net generation,Eastern,Eastern,387747,megawatthours
2021-07-28,NY,New York,TI,Total interchange,Eastern,Eastern,-102590,megawatthours
2021-07-27,NY,New York,D,Demand,Eastern,Eastern,522558,megawatthours
2021-07-27,NY,New York,DF,Day-ahead demand forecast,Eastern,Eastern,521296,megawatthours
2021-07-27,NY,New York,NG,Net generation,Eastern,Eastern,436897,megawatthours
2021-07-27,NY,New York,TI,Total interchange,Eastern,Eastern,-85661,megawatthours
2021-07-26,NY,New York,D,Demand,Eastern,Eastern,532521,megawatthours
2021-07-26,NY,New York,DF,Day-ahead demand forecast,Eastern,Eastern,514730,megawatthours
2021-07-26,NY,New York,NG,Net generation,Eastern,Eastern,434890,megawatthours
2021-07-26,NY,New York,TI,Total interchange,Eastern,Eastern,-97631,megawatthours
2021-07-25,NY,New York,D,Demand,Eastern,Eastern,463355,megawatthours
2021-07-25,NY,New York,DF,Day-ahead demand forecast,Eastern,Eastern,440095,megawatthours
2021-07-25,NY,New York,NG,Net generation,Eastern,Eastern,376648,megawatthours
2021-07-25,NY,New York,TI,Total interchange,Eastern,Eastern,-86707,megawatthours
2021-07-24,NY,New York,D,Demand,Eastern,Eastern,436459,megawatthours
2021-07-24,NY,New York,DF,Day-ahead demand forecast,Eastern,Eastern,421375,megawatthours
2021-07-24,NY,New York,NG,Net generation,Eastern,Eastern,339491,megawatthours
2021-07-24,NY,New York,TI,Total interchange,Eastern,Eastern,-96968,megawatthours
2021-07-23,NY,New York,D,Demand,Eastern,Eastern,458287,megawatthours
2021-07-23,NY,New York,DF,Day-ahead demand forecast,Eastern,Eastern,444766,megawatthours
2021-07-23,NY,New York,NG,Net generation,Eastern,Eastern,359985,megawatthours
2021-07-23,NY,New York,TI,Total interchange,Eastern,Eastern,-98302,megawatthours
2021-07-22,NY,New York,D,Demand,Eastern,Eastern,459845,megawatthours
2021-07-22,NY,New York,DF,Day-ahead demand forecast,Eastern,Eastern,455057,megawatthours
2021-07-22,NY,New York,NG,Net generation,Eastern,Eastern,363506,megawatthours
2021-07-22,NY,New York,TI,Total interchange,Eastern,Eastern,-96339,megawatthours
2021-07-21,NY,New York,D,Demand,Eastern,Eastern,491012,megawatthours
2021-07-21,NY,New York,DF,Day-ahead demand forecast,Eastern,Eastern,501373,megawatthours
2021-07-21,NY,New York,NG,Net generation,Eastern,Eastern,406983,megawatthours
2021-07-21,NY,New York,TI,Total interchange,Eastern,Eastern,-84029,megawatthours
2021-07-20,NY,New York,D,Demand,Eastern,Eastern,525650,megawatthours
2021-07-20,NY,New York,DF,Day-ahead demand forecast,Eastern,Eastern,519556,megawatthours
2021-07-20,NY,New York,NG,Net generation,Eastern,Eastern,423604,megawatthours
2021-07-20,NY,New York,TI,Total interchange,Eastern,Eastern,-102046,megawatthours
2021-07-19,NY,New York,D,Demand,Eastern,Eastern,495959,megawatthours
2021-07-19,NY,New York,DF,Day-ahead demand forecast,Eastern,Eastern,489410,megawatthours
2021-07-19,NY,New York,NG,Net generation,Eastern,Eastern,402065,megawatthours
2021-07-19,NY,New York,TI,Total interchange,Eastern,Eastern,-93894,megawatthours
2021-07-18,NY,New York,D,Demand,Eastern,Eastern,474043,megawatthours
2021-07-18,NY,New York,DF,Day-ahead demand forecast,Eastern,Eastern,467539,megawatthours
2021-07-18,NY,New York,NG,Net generation,Eastern,Eastern,367619,megawatthours
2021-07-18,NY,New York,TI,Total interchange,Eastern,Eastern,-106424,megawatthours
2021-07-17,NY,New York,D,Demand,Eastern,Eastern,514869,megawatthours
2021-07-17,NY,New York,DF,Day-ahead demand forecast,Eastern,Eastern,496113,megawatthours
2021-07-17,NY,New York,NG,Net generation,Eastern,Eastern,409133,megawatthours
2021-07-17,NY,New York,TI,Total interchange,Eastern,Eastern,-105736,megawatthours
2021-07-16,NY,New York,D,Demand,Eastern,Eastern,570552,megawatthours
2021-07-16,NY,New York,DF,Day-ahead demand forecast,Eastern,Eastern,545708,megawatthours
2021-07-16,NY,New York,NG,Net generation,Eastern,Eastern,465782,megawatthours
2021-07-16,NY,New York,TI,Total interchange,Eastern,Eastern,-104770,megawatthours
2021-07-15,NY,New York,D,Demand,Eastern,Eastern,551789,megawatthours
2021-07-15,NY,New York,DF,Day-ahead demand forecast,Eastern,Eastern,535504,megawatthours
2021-07-15,NY,New York,NG,Net generation,Eastern,Eastern,441486,megawatthours
2021-07-15,NY,New York,TI,Total interchange,Eastern,Eastern,-110303,megawatthours
2021-07-14,NY,New York,D,Demand,Eastern,Eastern,516042,megawatthours
2021-07-14,NY,New York,DF,Day-ahead demand forecast,Eastern,Eastern,512032,megawatthours
2021-07-14,NY,New York,NG,Net generation,Eastern,Eastern,427889,megawatthours
2021-07-14,NY,New York,TI,Total interchange,Eastern,Eastern,-88153,megawatthours
2021-07-13,NY,New York,D,Demand,Eastern,Eastern,484708,megawatthours
2021-07-13,NY,New York,DF,Day-ahead demand forecast,Eastern,Eastern,495050,megawatthours
2021-07-13,NY,New York,NG,Net generation,Eastern,Eastern,386049,megawatthours
2021-07-13,NY,New York,TI,Total interchange,Eastern,Eastern,-98659,megawatthours
2021-07-12,NY,New York,D,Demand,Eastern,Eastern,496398,megawatthours
2021-07-12,NY,New York,DF,Day-ahead demand forecast,Eastern,Eastern,499287,megawatthours
2021-07-12,NY,New York,NG,Net generation,Eastern,Eastern,388491,megawatthours
2021-07-12,NY,New York,TI,Total interchange,Eastern,Eastern,-107907,megawatthours
2021-07-11,NY,New York,D,Demand,Eastern,Eastern,430384,megawatthours
2021-07-11,NY,New York,DF,Day-ahead demand forecast,Eastern,Eastern,435398,megawatthours
2021-07-11,NY,New York,NG,Net generation,Eastern,Eastern,318661,megawatthours
2021-07-11,NY,New York,TI,Total interchange,Eastern,Eastern,-111723,megawatthours
2021-07-10,NY,New York,D,Demand,Eastern,Eastern,448446,megawatthours
2021-07-10,NY,New York,DF,Day-ahead demand forecast,Eastern,Eastern,449215,megawatthours
2021-07-10,NY,New York,NG,Net generation,Eastern,Eastern,325229,megawatthours
2021-07-10,NY,New York,TI,Total interchange,Eastern,Eastern,-123217,megawatthours
2021-07-09,NY,New York,D,Demand,Eastern,Eastern,498113,megawatthours
2021-07-09,NY,New York,DF,Day-ahead demand forecast,Eastern,Eastern,505218,megawatthours
2021-07-09,NY,New York,NG,Net generation,Eastern,Eastern,380042,megawatthours
2021-07-09,NY,New York,TI,Total interchange,Eastern,Eastern,-118071,megawatthours
2021-07-08,NY,New York,D,Demand,Eastern,Eastern,515975,megawatthours
2021-07-08,NY,New York,DF,Day-ahead demand forecast,Eastern,Eastern,528212,megawatthours
2021-07-08,NY,New York,NG,Net generation,Eastern,Eastern,406502,megawatthours
2021-07-08,NY,New York,TI,Total interchange,Eastern,Eastern,-109473,megawatthours
2021-07-07,NY,New York,D,Demand,Eastern,Eastern,550353,megawatthours
2021-07-07,NY,New York,DF,Day-ahead demand forecast,Eastern,Eastern,549890,megawatthours
2021-07-07,NY,New York,NG,Net generation,Eastern,Eastern,445465,megawatthours
2021-07-07,NY,New York,TI,Total interchange,Eastern,Eastern,-104888,megawatthours
2021-07-06,NY,New York,D,Demand,Eastern,Eastern,538613,megawatthours
2021-07-06,NY,New York,DF,Day-ahead demand forecast,Eastern,Eastern,524183,megawatthours
2021-07-06,NY,New York,NG,Net generation,Eastern,Eastern,433762,megawatthours
2021-07-06,NY,New York,TI,Total interchange,Eastern,Eastern,-104851,megawatthours
2021-07-05,NY,New York,D,Demand,Eastern,Eastern,439509,megawatthours
2021-07-05,NY,New York,DF,Day-ahead demand forecast,Eastern,Eastern,405288,megawatthours
2021-07-05,NY,New York,NG,Net generation,Eastern,Eastern,337214,megawatthours
2021-07-05,NY,New York,TI,Total interchange,Eastern,Eastern,-102295,megawatthours
2021-07-04,NY,New York,D,Demand,Eastern,Eastern,372944,megawatthours
2021-07-04,NY,New York,DF,Day-ahead demand forecast,Eastern,Eastern,369076,megawatthours
2021-07-04,NY,New York,NG,Net generation,Eastern,Eastern,295291,megawatthours
2021-07-04,NY,New York,TI,Total interchange,Eastern,Eastern,-77653,megawatthours
2021-07-03,NY,New York,D,Demand,Eastern,Eastern,377791,megawatthours
2021-07-03,NY,New York,DF,Day-ahead demand forecast,Eastern,Eastern,381822,megawatthours
2021-07-03,NY,New York,NG,Net generation,Eastern,Eastern,289530,megawatthours
2021-07-03,NY,New York,TI,Total interchange,Eastern,Eastern,-88261,megawatthours
2021-07-02,NY,New York,D,Demand,Eastern,Eastern,465323,megawatthours
2021-07-02,NY,New York,DF,Day-ahead demand forecast,Eastern,Eastern,467351,megawatthours
2021-07-02,NY,New York,NG,Net generation,Eastern,Eastern,342676,megawatthours
2021-07-02,NY,New York,TI,Total interchange,Eastern,Eastern,-122647,megawatthours
2021-07-01,NY,New York,D,Demand,Eastern,Eastern,529786,megawatthours
2021-07-01,NY,New York,DF,Day-ahead demand forecast,Eastern,Eastern,534352,megawatthours
2021-07-01,NY,New York,NG,Net generation,Eastern,Eastern,412270,megawatthours
2021-07-01,NY,New York,TI,Total interchange,Eastern,Eastern,-117516,megawatthours
2021-06-30,NY,New York,D,Demand,Eastern,Eastern,614517,megawatthours
2021-06-30,NY,New York,DF,Day-ahead demand forecast,Eastern,Eastern,585815,megawatthours
2021-06-30,NY,New York,NG,Net generation,Eastern,Eastern,531876,megawatthours
2021-06-30,NY,New York,TI,Total interchange,Eastern,Eastern,-82641,megawatthours
2021-06-29,NY,New York,D,Demand,Eastern,Eastern,618929,megawatthours
2021-06-29,NY,New York,DF,Day-ahead demand forecast,Eastern,Eastern,586662,megawatthours
2021-06-29,NY,New York,NG,Net generation,Eastern,Eastern,517941,megawatthours
2021-06-29,NY,New York,TI,Total interchange,Eastern,Eastern,-100988,megawatthours
2021-06-28,NY,New York,D,Demand,Eastern,Eastern,594510,megawatthours
2021-06-28,NY,New York,DF,Day-ahead demand forecast,Eastern,Eastern,564740,megawatthours
2021-06-28,NY,New York,NG,Net generation,Eastern,Eastern,493096,megawatthours
2021-06-28,NY,New York,TI,Total interchange,Eastern,Eastern,-101414,megawatthours
2021-06-27,NY,New York,D,Demand,Eastern,Eastern,510104,megawatthours
2021-06-27,NY,New York,DF,Day-ahead demand forecast,Eastern,Eastern,485410,megawatthours
2021-06-27,NY,New York,NG,Net generation,Eastern,Eastern,402199,megawatthours
2021-06-27,NY,New York,TI,Total interchange,Eastern,Eastern,-107905,megawatthours
2021-06-26,NY,New York,D,Demand,Eastern,Eastern,464480,megawatthours
2021-06-26,NY,New York,DF,Day-ahead demand forecast,Eastern,Eastern,438627,megawatthours
2021-06-26,NY,New York,NG,Net generation,Eastern,Eastern,367329,megawatthours
2021-06-26,NY,New York,TI,Total interchange,Eastern,Eastern,-97151,megawatthours
2021-06-25,NY,New York,D,Demand,Eastern,Eastern,435296,megawatthours
2021-06-25,NY,New York,DF,Day-ahead demand forecast,Eastern,Eastern,414523,megawatthours
2021-06-25,NY,New York,NG,Net generation,Eastern,Eastern,347576,megawatthours
2021-06-25,NY,New York,TI,Total interchange,Eastern,Eastern,-87720,megawatthours
2021-06-24,NY,New York,D,Demand,Eastern,Eastern,411361,megawatthours
2021-06-24,NY,New York,DF,Day-ahead demand forecast,Eastern,Eastern,397421,megawatthours
2021-06-24,NY,New York,NG,Net generation,Eastern,Eastern,333011,megawatthours
2021-06-24,NY,New York,TI,Total interchange,Eastern,Eastern,-78350,megawatthours
2021-06-23,NY,New York,D,Demand,Eastern,Eastern,392962,megawatthours
2021-06-23,NY,New York,DF,Day-ahead demand forecast,Eastern,Eastern,390767,megawatthours
2021-06-23,NY,New York,NG,Net generation,Eastern,Eastern,320304,megawatthours
2021-06-23,NY,New York,TI,Total interchange,Eastern,Eastern,-72658,megawatthours
2021-06-22,NY,New York,D,Demand,Eastern,Eastern,446933,megawatthours
2021-06-22,NY,New York,DF,Day-ahead demand forecast,Eastern,Eastern,446592,megawatthours
2021-06-22,NY,New York,NG,Net generation,Eastern,Eastern,359746,megawatthours
2021-06-22,NY,New York,TI,Total interchange,Eastern,Eastern,-87187,megawatthours
2021-06-21,NY,New York,D,Demand,Eastern,Eastern,531239,megawatthours
2021-06-21,NY,New York,DF,Day-ahead demand forecast,Eastern,Eastern,515240,megawatthours
2021-06-21,NY,New York,NG,Net generation,Eastern,Eastern,434552,megawatthours
2021-06-21,NY,New York,TI,Total interchange,Eastern,Eastern,-96687,megawatthours
2021-06-20,NY,New York,D,Demand,Eastern,Eastern,451424,megawatthours
2021-06-20,NY,New York,DF,Day-ahead demand forecast,Eastern,Eastern,448245,megawatthours
2021-06-20,NY,New York,NG,Net generation,Eastern,Eastern,351423,megawatthours
2021-06-20,NY,New York,TI,Total interchange,Eastern,Eastern,-100001,megawatthours
2021-06-19,NY,New York,D,Demand,Eastern,Eastern,450071,megawatthours
2021-06-19,NY,New York,DF,Day-ahead demand forecast,Eastern,Eastern,433286,megawatthours
2021-06-19,NY,New York,NG,Net generation,Eastern,Eastern,350169,megawatthours
2021-06-19,NY,New York,TI,Total interchange,Eastern,Eastern,-99902,megawatthours
2021-06-18,NY,New York,D,Demand,Eastern,Eastern,423960,megawatthours
2021-06-18,NY,New York,DF,Day-ahead demand forecast,Eastern,Eastern,408668,megawatthours
2021-06-18,NY,New York,NG,Net generation,Eastern,Eastern,345951,megawatthours
2021-06-18,NY,New York,TI,Total interchange,Eastern,Eastern,-78009,megawatthours
2021-06-17,NY,New York,D,Demand,Eastern,Eastern,397991,megawatthours
2021-06-17,NY,New York,DF,Day-ahead demand forecast,Eastern,Eastern,386313,megawatthours
2021-06-17,NY,New York,NG,Net generation,Eastern,Eastern,321082,megawatthours
2021-06-17,NY,New York,TI,Total interchange,Eastern,Eastern,-76909,megawatthours
2021-06-16,NY,New York,D,Demand,Eastern,Eastern,401587,megawatthours
2021-06-16,NY,New York,DF,Day-ahead demand forecast,Eastern,Eastern,395968,megawatthours
2021-06-16,NY,New York,NG,Net generation,Eastern,Eastern,322208,megawatthours
2021-06-16,NY,New York,TI,Total interchange,Eastern,Eastern,-79379,megawatthours
2021-06-15,NY,New York,D,Demand,Eastern,Eastern,425076,megawatthours
2021-06-15,NY,New York,DF,Day-ahead demand forecast,Eastern,Eastern,419383,megawatthours
2021-06-15,NY,New York,NG,Net generation,Eastern,Eastern,338049,megawatthours
2021-06-15,NY,New York,TI,Total interchange,Eastern,Eastern,-87027,megawatthours
2021-06-14,NY,New York,D,Demand,Eastern,Eastern,417920,megawatthours
2021-06-14,NY,New York,DF,Day-ahead demand forecast,Eastern,Eastern,416506,megawatthours
2021-06-14,NY,New York,NG,Net generation,Eastern,Eastern,330303,megawatthours
2021-06-14,NY,New York,TI,Total interchange,Eastern,Eastern,-87617,megawatthours
2021-06-13,NY,New York,D,Demand,Eastern,Eastern,384833,megawatthours
2021-06-13,NY,New York,DF,Day-ahead demand forecast,Eastern,Eastern,377111,megawatthours
2021-06-13,NY,New York,NG,Net generation,Eastern,Eastern,300999,megawatthours
2021-06-13,NY,New York,TI,Total interchange,Eastern,Eastern,-83834,megawatthours
2021-06-12,NY,New York,D,Demand,Eastern,Eastern,383299,megawatthours
2021-06-12,NY,New York,DF,Day-ahead demand forecast,Eastern,Eastern,380772,megawatthours
2021-06-12,NY,New York,NG,Net generation,Eastern,Eastern,294641,megawatthours
2021-06-12,NY,New York,TI,Total interchange,Eastern,Eastern,-88658,megawatthours
2021-06-11,NY,New York,D,Demand,Eastern,Eastern,415274,megawatthours
2021-06-11,NY,New York,DF,Day-ahead demand forecast,Eastern,Eastern,419060,megawatthours
2021-06-11,NY,New York,NG,Net generation,Eastern,Eastern,330157,megawatthours
2021-06-11,NY,New York,TI,Total interchange,Eastern,Eastern,-85117,megawatthours
2021-06-10,NY,New York,D,Demand,Eastern,Eastern,482074,megawatthours
2021-06-10,NY,New York,DF,Day-ahead demand forecast,Eastern,Eastern,463104,megawatthours
2021-06-10,NY,New York,NG,Net generation,Eastern,Eastern,394088,megawatthours
2021-06-10,NY,New York,TI,Total interchange,Eastern,Eastern,-87986,megawatthours
2021-06-09,NY,New York,D,Demand,Eastern,Eastern,545958,megawatthours
2021-06-09,NY,New York,DF,Day-ahead demand forecast,Eastern,Eastern,518012,megawatthours
2021-06-09,NY,New York,NG,Net generation,Eastern,Eastern,452372,megawatthours
2021-06-09,NY,New York,TI,Total interchange,Eastern,Eastern,-93586,megawatthours
2021-06-08,NY,New York,D,Demand,Eastern,Eastern,535458,megawatthours
2021-06-08,NY,New York,DF,Day-ahead demand forecast,Eastern,Eastern,517164,megawatthours
2021-06-08,NY,New York,NG,Net generation,Eastern,Eastern,457030,megawatthours
2021-06-08,NY,New York,TI,Total interchange,Eastern,Eastern,-78428,megawatthours
2021-06-07,NY,New York,D,Demand,Eastern,Eastern,538108,megawatthours
2021-06-07,NY,New York,DF,Day-ahead demand forecast,Eastern,Eastern,509369,megawatthours
2021-06-07,NY,New York,NG,Net generation,Eastern,Eastern,448060,megawatthours
2021-06-07,NY,New York,TI,Total interchange,Eastern,Eastern,-90048,megawatthours
2021-06-06,NY,New York,D,Demand,Eastern,Eastern,480108,megawatthours
2021-06-06,NY,New York,DF,Day-ahead demand forecast,Eastern,Eastern,449680,megawatthours
2021-06-06,NY,New York,NG,Net generation,Eastern,Eastern,381189,megawatthours
2021-06-06,NY,New York,TI,Total interchange,Eastern,Eastern,-98919,megawatthours
2021-06-05,NY,New York,D,Demand,Eastern,Eastern,435041,megawatthours
2021-06-05,NY,New York,DF,Day-ahead demand forecast,Eastern,Eastern,406987,megawatthours
2021-06-05,NY,New York,NG,Net generation,Eastern,Eastern,346408,megawatthours
2021-06-05,NY,New York,TI,Total interchange,Eastern,Eastern,-88633,megawatthours
2021-06-04,NY,New York,D,Demand,Eastern,Eastern,417200,megawatthours
2021-06-04,NY,New York,DF,Day-ahead demand forecast,Eastern,Eastern,400444,megawatthours
2021-06-04,NY,New York,NG,Net generation,Eastern,Eastern,323895,megawatthours
2021-06-04,NY,New York,TI,Total interchange,Eastern,Eastern,-93305,megawatthours
2021-06-03,NY,New York,D,Demand,Eastern,Eastern,394875,megawatthours
2021-06-03,NY,New York,DF,Day-ahead demand forecast,Eastern,Eastern,387659,megawatthours
2021-06-03,NY,New York,NG,Net generation,Eastern,Eastern,320018,megawatthours
2021-06-03,NY,New York,TI,Total interchange,Eastern,Eastern,-74857,megawatthours
2021-06-02,NY,New York,D,Demand,Eastern,Eastern,384575,megawatthours
2021-06-02,NY,New York,DF,Day-ahead demand forecast,Eastern,Eastern,382844,megawatthours
2021-06-02,NY,New York,NG,Net generation,Eastern,Eastern,307516,megawatthours
2021-06-02,NY,New York,TI,Total interchange,Eastern,Eastern,-77059,megawatthours
2021-06-01,NY,New York,D,Demand,Eastern,Eastern,368916,megawatthours
2021-06-01,NY,New York,DF,Day-ahead demand forecast,Eastern,Eastern,369340,megawatthours
2021-06-01,NY,New York,NG,Net generation,Eastern,Eastern,294792,megawatthours
2021-06-01,NY,New York,TI,Total interchange,Eastern,Eastern,-74124,megawatthours
2021-05-31,NY,New York,D,Demand,Eastern,Eastern,331594,megawatthours
2021-05-31,NY,New York,DF,Day-ahead demand forecast,Eastern,Eastern,325502,megawatthours
2021-05-31,NY,New York,NG,Net generation,Eastern,Eastern,252797,megawatthours
2021-05-31,NY,New York,TI,Total interchange,Eastern,Eastern,-78797,megawatthours
2021-05-30,NY,New York,D,Demand,Eastern,Eastern,338613,megawatthours
2021-05-30,NY,New York,DF,Day-ahead demand forecast,Eastern,Eastern,321599,megawatthours
2021-05-30,NY,New York,NG,Net generation,Eastern,Eastern,251421,megawatthours
2021-05-30,NY,New York,TI,Total interchange,Eastern,Eastern,-87192,megawatthours
2021-05-29,NY,New York,D,Demand,Eastern,Eastern,344443,megawatthours
2021-05-29,NY,New York,DF,Day-ahead demand forecast,Eastern,Eastern,342736,megawatthours
2021-05-29,NY,New York,NG,Net generation,Eastern,Eastern,256025,megawatthours
2021-05-29,NY,New York,TI,Total interchange,Eastern,Eastern,-88418,megawatthours
2021-05-28,NY,New York,D,Demand,Eastern,Eastern,376794,megawatthours
2021-05-28,NY,New York,DF,Day-ahead demand forecast,Eastern,Eastern,378830,megawatthours
2021-05-28,NY,New York,NG,Net generation,Eastern,Eastern,295103,megawatthours
2021-05-28,NY,New York,TI,Total interchange,Eastern,Eastern,-81691,megawatthours
2021-05-27,NY,New York,D,Demand,Eastern,Eastern,421184,megawatthours
2021-05-27,NY,New York,DF,Day-ahead demand forecast,Eastern,Eastern,411466,megawatthours
2021-05-27,NY,New York,NG,Net generation,Eastern,Eastern,345114,megawatthours
2021-05-27,NY,New York,TI,Total interchange,Eastern,Eastern,-76070,megawatthours
2021-05-26,NY,New York,D,Demand,Eastern,Eastern,444047,megawatthours
2021-05-26,NY,New York,DF,Day-ahead demand forecast,Eastern,Eastern,426921,megawatthours
2021-05-26,NY,New York,NG,Net generation,Eastern,Eastern,380206,megawatthours
2021-05-26,NY,New York,TI,Total interchange,Eastern,Eastern,-63841,megawatthours
2021-05-25,NY,New York,D,Demand,Eastern,Eastern,395964,megawatthours
2021-05-25,NY,New York,DF,Day-ahead demand forecast,Eastern,Eastern,383867,megawatthours
2021-05-25,NY,New York,NG,Net generation,Eastern,Eastern,328722,megawatthours
2021-05-25,NY,New York,TI,Total interchange,Eastern,Eastern,-67242,megawatthours
2021-05-24,NY,New York,D,Demand,Eastern,Eastern,384548,megawatthours
2021-05-24,NY,New York,DF,Day-ahead demand forecast,Eastern,Eastern,390662,megawatthours
2021-05-24,NY,New York,NG,Net generation,Eastern,Eastern,316987,megawatthours
2021-05-24,NY,New York,TI,Total interchange,Eastern,Eastern,-67561,megawatthours
2021-05-23,NY,New York,D,Demand,Eastern,Eastern,425957,megawatthours
2021-05-23,NY,New York,DF,Day-ahead demand forecast,Eastern,Eastern,402359,megawatthours
2021-05-23,NY,New York,NG,Net generation,Eastern,Eastern,343601,megawatthours
2021-05-23,NY,New York,TI,Total interchange,Eastern,Eastern,-82356,megawatthours
2021-05-22,NY,New York,D,Demand,Eastern,Eastern,406830,megawatthours
2021-05-22,NY,New York,DF,Day-ahead demand forecast,Eastern,Eastern,383514,megawatthours
2021-05-22,NY,New York,NG,Net generation,Eastern,Eastern,336313,megawatthours
2021-05-22,NY,New York,TI,Total interchange,Eastern,Eastern,-70517,megawatthours
2021-05-21,NY,New York,D,Demand,Eastern,Eastern,406843,megawatthours
2021-05-21,NY,New York,DF,Day-ahead demand forecast,Eastern,Eastern,388510,megawatthours
2021-05-21,NY,New York,NG,Net generation,Eastern,Eastern,327536,megawatthours
2021-05-21,NY,New York,TI,Total interchange,Eastern,Eastern,-79307,megawatthours
2021-05-20,NY,New York,D,Demand,Eastern,Eastern,401067,megawatthours
2021-05-20,NY,New York,DF,Day-ahead demand forecast,Eastern,Eastern,389681,megawatthours
2021-05-20,NY,New York,NG,Net generation,Eastern,Eastern,323206,megawatthours
2021-05-20,NY,New York,TI,Total interchange,Eastern,Eastern,-77861,megawatthours
2021-05-19,NY,New York,D,Demand,Eastern,Eastern,403734,megawatthours
2021-05-19,NY,New York,DF,Day-ahead demand forecast,Eastern,Eastern,387706,megawatthours
2021-05-19,NY,New York,NG,Net generation,Eastern,Eastern,326510,megawatthours
2021-05-19,NY,New York,TI,Total interchange,Eastern,Eastern,-77224,megawatthours
2021-05-18,NY,New York,D,Demand,Eastern,Eastern,377601,megawatthours
2021-05-18,NY,New York,DF,Day-ahead demand forecast,Eastern,Eastern,362067,megawatthours
2021-05-18,NY,New York,NG,Net generation,Eastern,Eastern,312804,megawatthours
2021-05-18,NY,New York,TI,Total interchange,Eastern,Eastern,-64797,megawatthours
2021-05-17,NY,New York,D,Demand,Eastern,Eastern,362224,megawatthours
2021-05-17,NY,New York,DF,Day-ahead demand forecast,Eastern,Eastern,351840,megawatthours
2021-05-17,NY,New York,NG,Net generation,Eastern,Eastern,302489,megawatthours
2021-05-17,NY,New York,TI,Total interchange,Eastern,Eastern,-59735,megawatthours
2021-05-16,NY,New York,D,Demand,Eastern,Eastern,327384,megawatthours
2021-05-16,NY,New York,DF,Day-ahead demand forecast,Eastern,Eastern,315134,megawatthours
2021-05-16,NY,New York,NG,Net generation,Eastern,Eastern,262986,megawatthours
2021-05-16,NY,New York,TI,Total interchange,Eastern,Eastern,-64398,megawatthours
2021-05-15,NY,New York,D,Demand,Eastern,Eastern,328050,megawatthours
2021-05-15,NY,New York,DF,Day-ahead demand forecast,Eastern,Eastern,318878,megawatthours
2021-05-15,NY,New York,NG,Net generation,Eastern,Eastern,259364,megawatthours
2021-05-15,NY,New York,TI,Total interchange,Eastern,Eastern,-68686,megawatthours
2021-05-14,NY,New York,D,Demand,Eastern,Eastern,351062,megawatthours
2021-05-14,NY,New York,DF,Day-ahead demand forecast,Eastern,Eastern,341166,megawatthours
2021-05-14,NY,New York,NG,Net generation,Eastern,Eastern,288222,megawatthours
2021-05-14,NY,New York,TI,Total interchange,Eastern,Eastern,-62840,megawatthours
2021-05-13,NY,New York,D,Demand,Eastern,Eastern,350029,megawatthours
2021-05-13,NY,New York,DF,Day-ahead demand forecast,Eastern,Eastern,339765,megawatthours
2021-05-13,NY,New York,NG,Net generation,Eastern,Eastern,287408,megawatthours
2021-05-13,NY,New York,TI,Total interchange,Eastern,Eastern,-62621,megawatthours
2021-05-12,NY,New York,D,Demand,Eastern,Eastern,351423,megawatthours
2021-05-12,NY,New York,DF,Day-ahead demand forecast,Eastern,Eastern,339651,megawatthours
2021-05-12,NY,New York,NG,Net generation,Eastern,Eastern,291075,megawatthours
2021-05-12,NY,New York,TI,Total interchange,Eastern,Eastern,-60348,megawatthours
2021-05-11,NY,New York,D,Demand,Eastern,Eastern,353517,megawatthours
2021-05-11,NY,New York,DF,Day-ahead demand forecast,Eastern,Eastern,342184,megawatthours
2021-05-11,NY,New York,NG,Net generation,Eastern,Eastern,306276,megawatthours
2021-05-11,NY,New York,TI,Total interchange,Eastern,Eastern,-47241,megawatthours
2021-05-10,NY,New York,D,Demand,Eastern,Eastern,356421,megawatthours
2021-05-10,NY,New York,DF,Day-ahead demand forecast,Eastern,Eastern,349627,megawatthours
2021-05-10,NY,New York,NG,Net generation,Eastern,Eastern,298781,megawatthours
2021-05-10,NY,New York,TI,Total interchange,Eastern,Eastern,-57640,megawatthours
2021-05-09,NY,New York,D,Demand,Eastern,Eastern,321625,megawatthours
2021-05-09,NY,New York,DF,Day-ahead demand forecast,Eastern,Eastern,314729,megawatthours
2021-05-09,NY,New York,NG,Net generation,Eastern,Eastern,265068,megawatthours
2021-05-09,NY,New York,TI,Total interchange,Eastern,Eastern,-56557,megawatthours
2021-05-08,NY,New York,D,Demand,Eastern,Eastern,333170,megawatthours
2021-05-08,NY,New York,DF,Day-ahead demand forecast,Eastern,Eastern,325602,megawatthours
2021-05-08,NY,New York,NG,Net generation,Eastern,Eastern,282849,megawatthours
2021-05-08,NY,New York,TI,Total interchange,Eastern,Eastern,-50321,megawatthours
2021-05-07,NY,New York,D,Demand,Eastern,Eastern,348856,megawatthours
2021-05-07,NY,New York,DF,Day-ahead demand forecast,Eastern,Eastern,342635,megawatthours
2021-05-07,NY,New York,NG,Net generation,Eastern,Eastern,290929,megawatthours
2021-05-07,NY,New York,TI,Total interchange,Eastern,Eastern,-57927,megawatthours
2021-05-06,NY,New York,D,Demand,Eastern,Eastern,345402,megawatthours
2021-05-06,NY,New York,DF,Day-ahead demand forecast,Eastern,Eastern,339969,megawatthours
2021-05-06,NY,New York,NG,Net generation,Eastern,Eastern,289418,megawatthours
2021-05-06,NY,New York,TI,Total interchange,Eastern,Eastern,-55984,megawatthours
2021-05-05,NY,New York,D,Demand,Eastern,Eastern,360820,megawatthours
2021-05-05,NY,New York,DF,Day-ahead demand forecast,Eastern,Eastern,353224,megawatthours
2021-05-05,NY,New York,NG,Net generation,Eastern,Eastern,297678,megawatthours
2021-05-05,NY,New York,TI,Total interchange,Eastern,Eastern,-63142,megawatthours
2021-05-04,NY,New York,D,Demand,Eastern,Eastern,358866,megawatthours
2021-05-04,NY,New York,DF,Day-ahead demand forecast,Eastern,Eastern,361668,megawatthours
2021-05-04,NY,New York,NG,Net generation,Eastern,Eastern,295211,megawatthours
2021-05-04,NY,New York,TI,Total interchange,Eastern,Eastern,-63655,megawatthours
2021-05-03,NY,New York,D,Demand,Eastern,Eastern,355985,megawatthours
2021-05-03,NY,New York,DF,Day-ahead demand forecast,Eastern,Eastern,364090,megawatthours
2021-05-03,NY,New York,NG,Net generation,Eastern,Eastern,285043,megawatthours
2021-05-03,NY,New York,TI,Total interchange,Eastern,Eastern,-70942,megawatthours
2021-05-02,NY,New York,D,Demand,Eastern,Eastern,324709,megawatthours
2021-05-02,NY,New York,DF,Day-ahead demand forecast,Eastern,Eastern,322728,megawatthours
2021-05-02,NY,New York,NG,Net generation,Eastern,Eastern,260927,megawatthours
2021-05-02,NY,New York,TI,Total interchange,Eastern,Eastern,-63782,megawatthours
2021-05-01,NY,New York,D,Demand,Eastern,Eastern,326083,megawatthours
2021-05-01,NY,New York,DF,Day-ahead demand forecast,Eastern,Eastern,318557,megawatthours
2021-05-01,NY,New York,NG,Net generation,Eastern,Eastern,266160,megawatthours
2021-05-01,NY,New York,TI,Total interchange,Eastern,Eastern,-59923,megawatthours
2021-04-30,NY,New York,D,Demand,Eastern,Eastern,359708,megawatthours
2021-04-30,NY,New York,DF,Day-ahead demand forecast,Eastern,Eastern,349036,megawatthours
2021-04-30,NY,New York,NG,Net generation,Eastern,Eastern,305832,megawatthours
2021-04-30,NY,New York,TI,Total interchange,Eastern,Eastern,-53876,megawatthours
2021-04-29,NY,New York,D,Demand,Eastern,Eastern,369526,megawatthours
2021-04-29,NY,New York,DF,Day-ahead demand forecast,Eastern,Eastern,368263,megawatthours
2021-04-29,NY,New York,NG,Net generation,Eastern,Eastern,297029,megawatthours
2021-04-29,NY,New York,TI,Total interchange,Eastern,Eastern,-72497,megawatthours
2021-04-28,NY,New York,D,Demand,Eastern,Eastern,357300,megawatthours
2021-04-28,NY,New York,DF,Day-ahead demand forecast,Eastern,Eastern,362222,megawatthours
2021-04-28,NY,New York,NG,Net generation,Eastern,Eastern,286128,megawatthours
2021-04-28,NY,New York,TI,Total interchange,Eastern,Eastern,-71172,megawatthours
2021-04-27,NY,New York,D,Demand,Eastern,Eastern,355317,megawatthours
2021-04-27,NY,New York,DF,Day-ahead demand forecast,Eastern,Eastern,349249,megawatthours
2021-04-27,NY,New York,NG,Net generation,Eastern,Eastern,280038,megawatthours
2021-04-27,NY,New York,TI,Total interchange,Eastern,Eastern,-75279,megawatthours
2021-04-26,NY,New York,D,Demand,Eastern,Eastern,354532,megawatthours
2021-04-26,NY,New York,DF,Day-ahead demand forecast,Eastern,Eastern,339908,megawatthours
2021-04-26,NY,New York,NG,Net generation,Eastern,Eastern,295894,megawatthours
2021-04-26,NY,New York,TI,Total interchange,Eastern,Eastern,-58638,megawatthours
2021-04-25,NY,New York,D,Demand,Eastern,Eastern,329845,megawatthours
2021-04-25,NY,New York,DF,Day-ahead demand forecast,Eastern,Eastern,318554,megawatthours
2021-04-25,NY,New York,NG,Net generation,Eastern,Eastern,286052,megawatthours
2021-04-25,NY,New York,TI,Total interchange,Eastern,Eastern,-43793,megawatthours
2021-04-24,NY,New York,D,Demand,Eastern,Eastern,324378,megawatthours
2021-04-24,NY,New York,DF,Day-ahead demand forecast,Eastern,Eastern,320577,megawatthours
2021-04-24,NY,New York,NG,Net generation,Eastern,Eastern,275361,megawatthours
2021-04-24,NY,New York,TI,Total interchange,Eastern,Eastern,-49017,megawatthours
2021-04-23,NY,New York,D,Demand,Eastern,Eastern,360100,megawatthours
2021-04-23,NY,New York,DF,Day-ahead demand forecast,Eastern,Eastern,351602,megawatthours
2021-04-23,NY,New York,NG,Net generation,Eastern,Eastern,313946,megawatthours
2021-04-23,NY,New York,TI,Total interchange,Eastern,Eastern,-46154,megawatthours
2021-04-22,NY,New York,D,Demand,Eastern,Eastern,382974,megawatthours
2021-04-22,NY,New York,DF,Day-ahead demand forecast,Eastern,Eastern,363529,megawatthours
2021-04-22,NY,New York,NG,Net generation,Eastern,Eastern,327490,megawatthours
2021-04-22,NY,New York,TI,Total interchange,Eastern,Eastern,-55484,megawatthours
2021-04-21,NY,New York,D,Demand,Eastern,Eastern,373686,megawatthours
2021-04-21,NY,New York,DF,Day-ahead demand forecast,Eastern,Eastern,359125,megawatthours
2021-04-21,NY,New York,NG,Net generation,Eastern,Eastern,307316,megawatthours
2021-04-21,NY,New York,TI,Total interchange,Eastern,Eastern,-66370,megawatthours
2021-04-20,NY,New York,D,Demand,Eastern,Eastern,357950,megawatthours
2021-04-20,NY,New York,DF,Day-ahead demand forecast,Eastern,Eastern,349026,megawatthours
2021-04-20,NY,New York,NG,Net generation,Eastern,Eastern,303876,megawatthours
2021-04-20,NY,New York,TI,Total interchange,Eastern,Eastern,-54074,megawatthours
2021-04-19,NY,New York,D,Demand,Eastern,Eastern,350865,megawatthours
2021-04-19,NY,New York,DF,Day-ahead demand forecast,Eastern,Eastern,347729,megawatthours
2021-04-19,NY,New York,NG,Net generation,Eastern,Eastern,290372,megawatthours
2021-04-19,NY,New York,TI,Total interchange,Eastern,Eastern,-60493,megawatthours
2021-04-18,NY,New York,D,Demand,Eastern,Eastern,325231,megawatthours
2021-04-18,NY,New York,DF,Day-ahead demand forecast,Eastern,Eastern,321571,megawatthours
2021-04-18,NY,New York,NG,Net generation,Eastern,Eastern,284879,megawatthours
2021-04-18,NY,New York,TI,Total interchange,Eastern,Eastern,-40352,megawatthours
2021-04-17,NY,New York,D,Demand,Eastern,Eastern,341334,megawatthours
2021-04-17,NY,New York,DF,Day-ahead demand forecast,Eastern,Eastern,331577,megawatthours
2021-04-17,NY,New York,NG,Net generation,Eastern,Eastern,294574,megawatthours
2021-04-17,NY,New York,TI,Total interchange,Eastern,Eastern,-46760,megawatthours
2021-04-16,NY,New York,D,Demand,Eastern,Eastern,373125,megawatthours
2021-04-16,NY,New York,DF,Day-ahead demand forecast,Eastern,Eastern,356307,megawatthours
2021-04-16,NY,New York,NG,Net generation,Eastern,Eastern,301720,megawatthours
2021-04-16,NY,New York,TI,Total interchange,Eastern,Eastern,-71405,megawatthours
2021-04-15,NY,New York,D,Demand,Eastern,Eastern,371205,megawatthours
2021-04-15,NY,New York,DF,Day-ahead demand forecast,Eastern,Eastern,358201,megawatthours
2021-04-15,NY,New York,NG,Net generation,Eastern,Eastern,290444,megawatthours
2021-04-15,NY,New York,TI,Total interchange,Eastern,Eastern,-80761,megawatthours
2021-04-14,NY,New York,D,Demand,Eastern,Eastern,351319,megawatthours
2021-04-14,NY,New York,DF,Day-ahead demand forecast,Eastern,Eastern,348773,megawatthours
2021-04-14,NY,New York,NG,Net generation,Eastern,Eastern,272097,megawatthours
2021-04-14,NY,New York,TI,Total interchange,Eastern,Eastern,-79222,megawatthours
2021-04-13,NY,New York,D,Demand,Eastern,Eastern,355382,megawatthours
2021-04-13,NY,New York,DF,Day-ahead demand forecast,Eastern,Eastern,350038,megawatthours
2021-04-13,NY,New York,NG,Net generation,Eastern,Eastern,277066,megawatthours
2021-04-13,NY,New York,TI,Total interchange,Eastern,Eastern,-78316,megawatthours
2021-04-12,NY,New York,D,Demand,Eastern,Eastern,368415,megawatthours
2021-04-12,NY,New York,DF,Day-ahead demand forecast,Eastern,Eastern,353226,megawatthours
2021-04-12,NY,New York,NG,Net generation,Eastern,Eastern,288110,megawatthours
2021-04-12,NY,New York,TI,Total interchange,Eastern,Eastern,-80305,megawatthours
2021-04-11,NY,New York,D,Demand,Eastern,Eastern,331019,megawatthours
2021-04-11,NY,New York,DF,Day-ahead demand forecast,Eastern,Eastern,317355,megawatthours
2021-04-11,NY,New York,NG,Net generation,Eastern,Eastern,271360,megawatthours
2021-04-11,NY,New York,TI,Total interchange,Eastern,Eastern,-59659,megawatthours
2021-04-10,NY,New York,D,Demand,Eastern,Eastern,324769,megawatthours
2021-04-10,NY,New York,DF,Day-ahead demand forecast,Eastern,Eastern,320535,megawatthours
2021-04-10,NY,New York,NG,Net generation,Eastern,Eastern,251449,megawatthours
2021-04-10,NY,New York,TI,Total interchange,Eastern,Eastern,-73320,megawatthours
2021-04-09,NY,New York,D,Demand,Eastern,Eastern,348447,megawatthours
2021-04-09,NY,New York,DF,Day-ahead demand forecast,Eastern,Eastern,344999,megawatthours
2021-04-09,NY,New York,NG,Net generation,Eastern,Eastern,284258,megawatthours
2021-04-09,NY,New York,TI,Total interchange,Eastern,Eastern,-64189,megawatthours
2021-04-08,NY,New York,D,Demand,Eastern,Eastern,347105,megawatthours
2021-04-08,NY,New York,DF,Day-ahead demand forecast,Eastern,Eastern,344736,megawatthours
2021-04-08,NY,New York,NG,Net generation,Eastern,Eastern,289378,megawatthours
2021-04-08,NY,New York,TI,Total interchange,Eastern,Eastern,-57727,megawatthours
2021-04-07,NY,New York,D,Demand,Eastern,Eastern,349595,megawatthours
2021-04-07,NY,New York,DF,Day-ahead demand forecast,Eastern,Eastern,343330,megawatthours
2021-04-07,NY,New York,NG,Net generation,Eastern,Eastern,281436,megawatthours
2021-04-07,NY,New York,TI,Total interchange,Eastern,Eastern,-68159,megawatthours
2021-04-06,NY,New York,D,Demand,Eastern,Eastern,351856,megawatthours
2021-04-06,NY,New York,DF,Day-ahead demand forecast,Eastern,Eastern,342359,megawatthours
2021-04-06,NY,New York,NG,Net generation,Eastern,Eastern,288084,megawatthours
2021-04-06,NY,New York,TI,Total interchange,Eastern,Eastern,-63772,megawatthours
2021-04-05,NY,New York,D,Demand,Eastern,Eastern,352706,megawatthours
2021-04-05,NY,New York,DF,Day-ahead demand forecast,Eastern,Eastern,347859,megawatthours
2021-04-05,NY,New York,NG,Net generation,Eastern,Eastern,296844,megawatthours
2021-04-05,NY,New York,TI,Total interchange,Eastern,Eastern,-55862,megawatthours
2021-04-04,NY,New York,D,Demand,Eastern,Eastern,329017,megawatthours
2021-04-04,NY,New York,DF,Day-ahead demand forecast,Eastern,Eastern,331324,megawatthours
2021-04-04,NY,New York,NG,Net generation,Eastern,Eastern,278373,megawatthours
2021-04-04,NY,New York,TI,Total interchange,Eastern,Eastern,-50644,megawatthours
2021-04-03,NY,New York,D,Demand,Eastern,Eastern,352411,megawatthours
2021-04-03,NY,New York,DF,Day-ahead demand forecast,Eastern,Eastern,340991,megawatthours
2021-04-03,NY,New York,NG,Net generation,Eastern,Eastern,285322,megawatthours
2021-04-03,NY,New York,TI,Total interchange,Eastern,Eastern,-67089,megawatthours
2021-04-02,NY,New York,D,Demand,Eastern,Eastern,382735,megawatthours
2021-04-02,NY,New York,DF,Day-ahead demand forecast,Eastern,Eastern,363858,megawatthours
2021-04-02,NY,New York,NG,Net generation,Eastern,Eastern,310651,megawatthours
2021-04-02,NY,New York,TI,Total interchange,Eastern,Eastern,-72084,megawatthours
2021-04-01,NY,New York,D,Demand,Eastern,Eastern,378817,megawatthours
2021-04-01,NY,New York,DF,Day-ahead demand forecast,Eastern,Eastern,371815,megawatthours
2021-04-01,NY,New York,NG,Net generation,Eastern,Eastern,308504,megawatthours
2021-04-01,NY,New York,TI,Total interchange,Eastern,Eastern,-70313,megawatthours
2021-03-31,NY,New York,D,Demand,Eastern,Eastern,366803,megawatthours
2021-03-31,NY,New York,DF,Day-ahead demand forecast,Eastern,Eastern,362361,megawatthours
2021-03-31,NY,New York,NG,Net generation,Eastern,Eastern,308458,megawatthours
2021-03-31,NY,New York,TI,Total interchange,Eastern,Eastern,-58345,megawatthours
2021-03-30,NY,New York,D,Demand,Eastern,Eastern,358829,megawatthours
2021-03-30,NY,New York,DF,Day-ahead demand forecast,Eastern,Eastern,355860,megawatthours
2021-03-30,NY,New York,NG,Net generation,Eastern,Eastern,302325,megawatthours
2021-03-30,NY,New York,TI,Total interchange,Eastern,Eastern,-56504,megawatthours
2021-03-29,NY,New York,D,Demand,Eastern,Eastern,366955,megawatthours
2021-03-29,NY,New York,DF,Day-ahead demand forecast,Eastern,Eastern,357027,megawatthours
2021-03-29,NY,New York,NG,Net generation,Eastern,Eastern,307691,megawatthours
2021-03-29,NY,New York,TI,Total interchange,Eastern,Eastern,-59264,megawatthours
2021-03-28,NY,New York,D,Demand,Eastern,Eastern,343406,megawatthours
2021-03-28,NY,New York,DF,Day-ahead demand forecast,Eastern,Eastern,332856,megawatthours
2021-03-28,NY,New York,NG,Net generation,Eastern,Eastern,310906,megawatthours
2021-03-28,NY,New York,TI,Total interchange,Eastern,Eastern,-32500,megawatthours
2021-03-27,NY,New York,D,Demand,Eastern,Eastern,330055,megawatthours
2021-03-27,NY,New York,DF,Day-ahead demand forecast,Eastern,Eastern,325416,megawatthours
2021-03-27,NY,New York,NG,Net generation,Eastern,Eastern,275652,megawatthours
2021-03-27,NY,New York,TI,Total interchange,Eastern,Eastern,-54403,megawatthours
2021-03-26,NY,New York,D,Demand,Eastern,Eastern,357933,megawatthours
2021-03-26,NY,New York,DF,Day-ahead demand forecast,Eastern,Eastern,353193,megawatthours
2021-03-26,NY,New York,NG,Net generation,Eastern,Eastern,316323,megawatthours
2021-03-26,NY,New York,TI,Total interchange,Eastern,Eastern,-41610,megawatthours
2021-03-25,NY,New York,D,Demand,Eastern,Eastern,356242,megawatthours
2021-03-25,NY,New York,DF,Day-ahead demand forecast,Eastern,Eastern,355282,megawatthours
2021-03-25,NY,New York,NG,Net generation,Eastern,Eastern,307523,megawatthours
2021-03-25,NY,New York,TI,Total interchange,Eastern,Eastern,-48719,megawatthours
2021-03-24,NY,New York,D,Demand,Eastern,Eastern,370445,megawatthours
2021-03-24,NY,New York,DF,Day-ahead demand forecast,Eastern,Eastern,364571,megawatthours
2021-03-24,NY,New York,NG,Net generation,Eastern,Eastern,312896,megawatthours
2021-03-24,NY,New York,TI,Total interchange,Eastern,Eastern,-57549,megawatthours
2021-03-23,NY,New York,D,Demand,Eastern,Eastern,360592,megawatthours
2021-03-23,NY,New York,DF,Day-ahead demand forecast,Eastern,Eastern,357095,megawatthours
2021-03-23,NY,New York,NG,Net generation,Eastern,Eastern,298573,megawatthours
2021-03-23,NY,New York,TI,Total interchange,Eastern,Eastern,-62019,megawatthours
2021-03-22,NY,New York,D,Demand,Eastern,Eastern,364768,megawatthours
2021-03-22,NY,New York,DF,Day-ahead demand forecast,Eastern,Eastern,359887,megawatthours
2021-03-22,NY,New York,NG,Net generation,Eastern,Eastern,294678,megawatthours
2021-03-22,NY,New York,TI,Total interchange,Eastern,Eastern,-70090,megawatthours
2021-03-21,NY,New York,D,Demand,Eastern,Eastern,346588,megawatthours
2021-03-21,NY,New York,DF,Day-ahead demand forecast,Eastern,Eastern,339706,megawatthours
2021-03-21,NY,New York,NG,Net generation,Eastern,Eastern,284555,megawatthours
2021-03-21,NY,New York,TI,Total interchange,Eastern,Eastern,-62033,megawatthours
2021-03-20,NY,New York,D,Demand,Eastern,Eastern,365911,megawatthours
2021-03-20,NY,New York,DF,Day-ahead demand forecast,Eastern,Eastern,357379,megawatthours
2021-03-20,NY,New York,NG,Net generation,Eastern,Eastern,307161,megawatthours
2021-03-20,NY,New York,TI,Total interchange,Eastern,Eastern,-58750,megawatthours
2021-03-19,NY,New York,D,Demand,Eastern,Eastern,403090,megawatthours
2021-03-19,NY,New York,DF,Day-ahead demand forecast,Eastern,Eastern,392285,megawatthours
2021-03-19,NY,New York,NG,Net generation,Eastern,Eastern,324083,megawatthours
2021-03-19,NY,New York,TI,Total interchange,Eastern,Eastern,-79007,megawatthours
2021-03-18,NY,New York,D,Demand,Eastern,Eastern,410431,megawatthours
2021-03-18,NY,New York,DF,Day-ahead demand forecast,Eastern,Eastern,392844,megawatthours
2021-03-18,NY,New York,NG,Net generation,Eastern,Eastern,326328,megawatthours
2021-03-18,NY,New York,TI,Total interchange,Eastern,Eastern,-84103,megawatthours
2021-03-17,NY,New York,D,Demand,Eastern,Eastern,406417,megawatthours
2021-03-17,NY,New York,DF,Day-ahead demand forecast,Eastern,Eastern,390728,megawatthours
2021-03-17,NY,New York,NG,Net generation,Eastern,Eastern,324949,megawatthours
2021-03-17,NY,New York,TI,Total interchange,Eastern,Eastern,-81468,megawatthours
2021-03-16,NY,New York,D,Demand,Eastern,Eastern,432976,megawatthours
2021-03-16,NY,New York,DF,Day-ahead demand forecast,Eastern,Eastern,408773,megawatthours
2021-03-16,NY,New York,NG,Net generation,Eastern,Eastern,349746,megawatthours
2021-03-16,NY,New York,TI,Total interchange,Eastern,Eastern,-83230,megawatthours
2021-03-15,NY,New York,D,Demand,Eastern,Eastern,422442,megawatthours
2021-03-15,NY,New York,DF,Day-ahead demand forecast,Eastern,Eastern,404312,megawatthours
2021-03-15,NY,New York,NG,Net generation,Eastern,Eastern,348859,megawatthours
2021-03-15,NY,New York,TI,Total interchange,Eastern,Eastern,-73583,megawatthours
2021-03-14,NY,New York,D,Demand,Eastern,Eastern,352123,megawatthours
2021-03-14,NY,New York,DF,Day-ahead demand forecast,Eastern,Eastern,340749,megawatthours
2021-03-14,NY,New York,NG,Net generation,Eastern,Eastern,301263,megawatthours
2021-03-14,NY,New York,TI,Total interchange,Eastern,Eastern,-50860,megawatthours
2021-03-13,NY,New York,D,Demand,Eastern,Eastern,361434,megawatthours
2021-03-13,NY,New York,DF,Day-ahead demand forecast,Eastern,Eastern,352057,megawatthours
2021-03-13,NY,New York,NG,Net generation,Eastern,Eastern,301872,megawatthours
2021-03-13,NY,New York,TI,Total interchange,Eastern,Eastern,-59562,megawatthours
2021-03-12,NY,New York,D,Demand,Eastern,Eastern,363170,megawatthours
2021-03-12,NY,New York,DF,Day-ahead demand forecast,Eastern,Eastern,358440,megawatthours
2021-03-12,NY,New York,NG,Net generation,Eastern,Eastern,320329,megawatthours
2021-03-12,NY,New York,TI,Total interchange,Eastern,Eastern,-42841,megawatthours
2021-03-11,NY,New York,D,Demand,Eastern,Eastern,372488,megawatthours
2021-03-11,NY,New York,DF,Day-ahead demand forecast,Eastern,Eastern,368900,megawatthours
2021-03-11,NY,New York,NG,Net generation,Eastern,Eastern,326465,megawatthours
2021-03-11,NY,New York,TI,Total interchange,Eastern,Eastern,-46023,megawatthours
2021-03-10,NY,New York,D,Demand,Eastern,Eastern,381957,megawatthours
2021-03-10,NY,New York,DF,Day-ahead demand forecast,Eastern,Eastern,383394,megawatthours
2021-03-10,NY,New York,NG,Net generation,Eastern,Eastern,323130,megawatthours
2021-03-10,NY,New York,TI,Total interchange,Eastern,Eastern,-58827,megawatthours
2021-03-09,NY,New York,D,Demand,Eastern,Eastern,390131,megawatthours
2021-03-09,NY,New York,DF,Day-ahead demand forecast,Eastern,Eastern,391680,megawatthours
2021-03-09,NY,New York,NG,Net generation,Eastern,Eastern,326829,megawatthours
2021-03-09,NY,New York,TI,Total interchange,Eastern,Eastern,-63302,megawatthours
2021-03-08,NY,New York,D,Demand,Eastern,Eastern,420040,megawatthours
2021-03-08,NY,New York,DF,Day-ahead demand forecast,Eastern,Eastern,414179,megawatthours
2021-03-08,NY,New York,NG,Net generation,Eastern,Eastern,338987,megawatthours
2021-03-08,NY,New York,TI,Total interchange,Eastern,Eastern,-81053,megawatthours
2021-03-07,NY,New York,D,Demand,Eastern,Eastern,393435,megawatthours
2021-03-07,NY,New York,DF,Day-ahead demand forecast,Eastern,Eastern,390022,megawatthours
2021-03-07,NY,New York,NG,Net generation,Eastern,Eastern,319714,megawatthours
2021-03-07,NY,New York,TI,Total interchange,Eastern,Eastern,-73721,megawatthours
2021-03-06,NY,New York,D,Demand,Eastern,Eastern,412873,megawatthours
2021-03-06,NY,New York,DF,Day-ahead demand forecast,Eastern,Eastern,401577,megawatthours
2021-03-06,NY,New York,NG,Net generation,Eastern,Eastern,334072,megawatthours
2021-03-06,NY,New York,TI,Total interchange,Eastern,Eastern,-78801,megawatthours
2021-03-05,NY,New York,D,Demand,Eastern,Eastern,428893,megawatthours
2021-03-05,NY,New York,DF,Day-ahead demand forecast,Eastern,Eastern,419470,megawatthours
2021-03-05,NY,New York,NG,Net generation,Eastern,Eastern,367670,megawatthours
2021-03-05,NY,New York,TI,Total interchange,Eastern,Eastern,-61223,megawatthours
2021-03-04,NY,New York,D,Demand,Eastern,Eastern,413658,megawatthours
2021-03-04,NY,New York,DF,Day-ahead demand forecast,Eastern,Eastern,409752,megawatthours
2021-03-04,NY,New York,NG,Net generation,Eastern,Eastern,365065,megawatthours
2021-03-04,NY,New York,TI,Total interchange,Eastern,Eastern,-48593,megawatthours
2021-03-03,NY,New York,D,Demand,Eastern,Eastern,410133,megawatthours
2021-03-03,NY,New York,DF,Day-ahead demand forecast,Eastern,Eastern,409547,megawatthours
2021-03-03,NY,New York,NG,Net generation,Eastern,Eastern,345465,megawatthours
2021-03-03,NY,New York,TI,Total interchange,Eastern,Eastern,-64668,megawatthours
2021-03-02,NY,New York,D,Demand,Eastern,Eastern,437235,megawatthours
2021-03-02,NY,New York,DF,Day-ahead demand forecast,Eastern,Eastern,424985,megawatthours
2021-03-02,NY,New York,NG,Net generation,Eastern,Eastern,374960,megawatthours
2021-03-02,NY,New York,TI,Total interchange,Eastern,Eastern,-62275,megawatthours
2021-03-01,NY,New York,D,Demand,Eastern,Eastern,414947,megawatthours
2021-03-01,NY,New York,DF,Day-ahead demand forecast,Eastern,Eastern,397571,megawatthours
2021-03-01,NY,New York,NG,Net generation,Eastern,Eastern,361379,megawatthours
2021-03-01,NY,New York,TI,Total interchange,Eastern,Eastern,-53568,megawatthours
2021-02-28,NY,New York,D,Demand,Eastern,Eastern,381413,megawatthours
2021-02-28,NY,New York,DF,Day-ahead demand forecast,Eastern,Eastern,372652,megawatthours
2021-02-28,NY,New York,NG,Net generation,Eastern,Eastern,331443,megawatthours
2021-02-28,NY,New York,TI,Total interchange,Eastern,Eastern,-49970,megawatthours
2021-02-27,NY,New York,D,Demand,Eastern,Eastern,389255,megawatthours
2021-02-27,NY,New York,DF,Day-ahead demand forecast,Eastern,Eastern,378480,megawatthours
2021-02-27,NY,New York,NG,Net generation,Eastern,Eastern,344906,megawatthours
2021-02-27,NY,New York,TI,Total interchange,Eastern,Eastern,-44349,megawatthours
2021-02-26,NY,New York,D,Demand,Eastern,Eastern,406528,megawatthours
2021-02-26,NY,New York,DF,Day-ahead demand forecast,Eastern,Eastern,402836,megawatthours
2021-02-26,NY,New York,NG,Net generation,Eastern,Eastern,335861,megawatthours
2021-02-26,NY,New York,TI,Total interchange,Eastern,Eastern,-70667,megawatthours
2021-02-25,NY,New York,D,Demand,Eastern,Eastern,404842,megawatthours
2021-02-25,NY,New York,DF,Day-ahead demand forecast,Eastern,Eastern,401868,megawatthours
2021-02-25,NY,New York,NG,Net generation,Eastern,Eastern,336797,megawatthours
2021-02-25,NY,New York,TI,Total interchange,Eastern,Eastern,-68045,megawatthours
2021-02-24,NY,New York,D,Demand,Eastern,Eastern,405350,megawatthours
2021-02-24,NY,New York,DF,Day-ahead demand forecast,Eastern,Eastern,407216,megawatthours
2021-02-24,NY,New York,NG,Net generation,Eastern,Eastern,336195,megawatthours
2021-02-24,NY,New York,TI,Total interchange,Eastern,Eastern,-69155,megawatthours
2021-02-23,NY,New York,D,Demand,Eastern,Eastern,429113,megawatthours
2021-02-23,NY,New York,DF,Day-ahead demand forecast,Eastern,Eastern,420265,megawatthours
2021-02-23,NY,New York,NG,Net generation,Eastern,Eastern,328356,megawatthours
2021-02-23,NY,New York,TI,Total interchange,Eastern,Eastern,-100757,megawatthours
2021-02-22,NY,New York,D,Demand,Eastern,Eastern,446062,megawatthours
2021-02-22,NY,New York,DF,Day-ahead demand forecast,Eastern,Eastern,430179,megawatthours
2021-02-22,NY,New York,NG,Net generation,Eastern,Eastern,343752,megawatthours
2021-02-22,NY,New York,TI,Total interchange,Eastern,Eastern,-102310,megawatthours
2021-02-21,NY,New York,D,Demand,Eastern,Eastern,413940,megawatthours
2021-02-21,NY,New York,DF,Day-ahead demand forecast,Eastern,Eastern,402823,megawatthours
2021-02-21,NY,New York,NG,Net generation,Eastern,Eastern,316153,megawatthours
2021-02-21,NY,New York,TI,Total interchange,Eastern,Eastern,-97787,megawatthours
2021-02-20,NY,New York,D,Demand,Eastern,Eastern,422977,megawatthours
2021-02-20,NY,New York,DF,Day-ahead demand forecast,Eastern,Eastern,407387,megawatthours
2021-02-20,NY,New York,NG,Net generation,Eastern,Eastern,329304,megawatthours
2021-02-20,NY,New York,TI,Total interchange,Eastern,Eastern,-93673,megawatthours
2021-02-19,NY,New York,D,Demand,Eastern,Eastern,452039,megawatthours
2021-02-19,NY,New York,DF,Day-ahead demand forecast,Eastern,Eastern,430073,megawatthours
2021-02-19,NY,New York,NG,Net generation,Eastern,Eastern,345173,megawatthours
2021-02-19,NY,New York,TI,Total interchange,Eastern,Eastern,-106866,megawatthours
2021-02-18,NY,New York,D,Demand,Eastern,Eastern,461188,megawatthours
2021-02-18,NY,New York,DF,Day-ahead demand forecast,Eastern,Eastern,443489,megawatthours
2021-02-18,NY,New York,NG,Net generation,Eastern,Eastern,354711,megawatthours
2021-02-18,NY,New York,TI,Total interchange,Eastern,Eastern,-106477,megawatthours
2021-02-17,NY,New York,D,Demand,Eastern,Eastern,444978,megawatthours
2021-02-17,NY,New York,DF,Day-ahead demand forecast,Eastern,Eastern,434705,megawatthours
2021-02-17,NY,New York,NG,Net generation,Eastern,Eastern,346926,megawatthours
2021-02-17,NY,New York,TI,Total interchange,Eastern,Eastern,-98052,megawatthours
2021-02-16,NY,New York,D,Demand,Eastern,Eastern,431607,megawatthours
2021-02-16,NY,New York,DF,Day-ahead demand forecast,Eastern,Eastern,422114,megawatthours
2021-02-16,NY,New York,NG,Net generation,Eastern,Eastern,331559,megawatthours
2021-02-16,NY,New York,TI,Total interchange,Eastern,Eastern,-100048,megawatthours
2021-02-15,NY,New York,D,Demand,Eastern,Eastern,438248,megawatthours
2021-02-15,NY,New York,DF,Day-ahead demand forecast,Eastern,Eastern,424022,megawatthours
2021-02-15,NY,New York,NG,Net generation,Eastern,Eastern,344145,megawatthours
2021-02-15,NY,New York,TI,Total interchange,Eastern,Eastern,-94103,megawatthours
2021-02-14,NY,New York,D,Demand,Eastern,Eastern,420995,megawatthours
2021-02-14,NY,New York,DF,Day-ahead demand forecast,Eastern,Eastern,409844,megawatthours
2021-02-14,NY,New York,NG,Net generation,Eastern,Eastern,326007,megawatthours
2021-02-14,NY,New York,TI,Total interchange,Eastern,Eastern,-94988,megawatthours
2021-02-13,NY,New York,D,Demand,Eastern,Eastern,441065,megawatthours
2021-02-13,NY,New York,DF,Day-ahead demand forecast,Eastern,Eastern,430628,megawatthours
2021-02-13,NY,New York,NG,Net generation,Eastern,Eastern,336454,megawatthours
2021-02-13,NY,New York,TI,Total interchange,Eastern,Eastern,-104611,megawatthours
2021-02-12,NY,New York,D,Demand,Eastern,Eastern,462071,megawatthours
2021-02-12,NY,New York,DF,Day-ahead demand forecast,Eastern,Eastern,452188,megawatthours
2021-02-12,NY,New York,NG,Net generation,Eastern,Eastern,361164,megawatthours
2021-02-12,NY,New York,TI,Total interchange,Eastern,Eastern,-100907,megawatthours
2021-02-11,NY,New York,D,Demand,Eastern,Eastern,455649,megawatthours
2021-02-11,NY,New York,DF,Day-ahead demand forecast,Eastern,Eastern,442185,megawatthours
2021-02-11,NY,New York,NG,Net generation,Eastern,Eastern,364588,megawatthours
2021-02-11,NY,New York,TI,Total interchange,Eastern,Eastern,-91061,megawatthours
2021-02-10,NY,New York,D,Demand,Eastern,Eastern,451682,megawatthours
2021-02-10,NY,New York,DF,Day-ahead demand forecast,Eastern,Eastern,441589,megawatthours
2021-02-10,NY,New York,NG,Net generation,Eastern,Eastern,344649,megawatthours
2021-02-10,NY,New York,TI,Total interchange,Eastern,Eastern,-107033,megawatthours
2021-02-09,NY,New York,D,Demand,Eastern,Eastern,461958,megawatthours
2021-02-09,NY,New York,DF,Day-ahead demand forecast,Eastern,Eastern,444402,megawatthours
2021-02-09,NY,New York,NG,Net generation,Eastern,Eastern,351238,megawatthours
2021-02-09,NY,New York,TI,Total interchange,Eastern,Eastern,-110720,megawatthours
2021-02-08,NY,New York,D,Demand,Eastern,Eastern,460103,megawatthours
2021-02-08,NY,New York,DF,Day-ahead demand forecast,Eastern,Eastern,445204,megawatthours
2021-02-08,NY,New York,NG,Net generation,Eastern,Eastern,361037,megawatthours
2021-02-08,NY,New York,TI,Total interchange,Eastern,Eastern,-99066,megawatthours
2021-02-07,NY,New York,D,Demand,Eastern,Eastern,425338,megawatthours
2021-02-07,NY,New York,DF,Day-ahead demand forecast,Eastern,Eastern,411953,megawatthours
2021-02-07,NY,New York,NG,Net generation,Eastern,Eastern,336761,megawatthours
2021-02-07,NY,New York,TI,Total interchange,Eastern,Eastern,-88577,megawatthours
2021-02-06,NY,New York,D,Demand,Eastern,Eastern,406996,megawatthours
2021-02-06,NY,New York,DF,Day-ahead demand forecast,Eastern,Eastern,402562,megawatthours
2021-02-06,NY,New York,NG,Net generation,Eastern,Eastern,328937,megawatthours
2021-02-06,NY,New York,TI,Total interchange,Eastern,Eastern,-78059,megawatthours
2021-02-05,NY,New York,D,Demand,Eastern,Eastern,427449,megawatthours
2021-02-05,NY,New York,DF,Day-ahead demand forecast,Eastern,Eastern,421951,megawatthours
2021-02-05,NY,New York,NG,Net generation,Eastern,Eastern,342625,megawatthours
2021-02-05,NY,New York,TI,Total interchange,Eastern,Eastern,-84824,megawatthours
2021-02-04,NY,New York,D,Demand,Eastern,Eastern,435958,megawatthours
2021-02-04,NY,New York,DF,Day-ahead demand forecast,Eastern,Eastern,426575,megawatthours
2021-02-04,NY,New York,NG,Net generation,Eastern,Eastern,347674,megawatthours
2021-02-04,NY,New York,TI,Total interchange,Eastern,Eastern,-88284,megawatthours
2021-02-03,NY,New York,D,Demand,Eastern,Eastern,451157,megawatthours
2021-02-03,NY,New York,DF,Day-ahead demand forecast,Eastern,Eastern,434886,megawatthours
2021-02-03,NY,New York,NG,Net generation,Eastern,Eastern,353926,megawatthours
2021-02-03,NY,New York,TI,Total interchange,Eastern,Eastern,-97231,megawatthours
2021-02-02,NY,New York,D,Demand,Eastern,Eastern,454581,megawatthours
2021-02-02,NY,New York,DF,Day-ahead demand forecast,Eastern,Eastern,439782,megawatthours
2021-02-02,NY,New York,NG,Net generation,Eastern,Eastern,354140,megawatthours
2021-02-02,NY,New York,TI,Total interchange,Eastern,Eastern,-100441,megawatthours
2021-02-01,NY,New York,D,Demand,Eastern,Eastern,464642,megawatthours
2021-02-01,NY,New York,DF,Day-ahead demand forecast,Eastern,Eastern,451260,megawatthours
2021-02-01,NY,New York,NG,Net generation,Eastern,Eastern,369980,megawatthours
2021-02-01,NY,New York,TI,Total interchange,Eastern,Eastern,-94662,megawatthours
2021-01-31,NY,New York,D,Demand,Eastern,Eastern,451538,megawatthours
2021-01-31,NY,New York,DF,Day-ahead demand forecast,Eastern,Eastern,433244,megawatthours
2021-01-31,NY,New York,NG,Net generation,Eastern,Eastern,341691,megawatthours
2021-01-31,NY,New York,TI,Total interchange,Eastern,Eastern,-109847,megawatthours
2021-01-30,NY,New York,D,Demand,Eastern,Eastern,452002,megawatthours
2021-01-30,NY,New York,DF,Day-ahead demand forecast,Eastern,Eastern,436033,megawatthours
2021-01-30,NY,New York,NG,Net generation,Eastern,Eastern,333735,megawatthours
2021-01-30,NY,New York,TI,Total interchange,Eastern,Eastern,-118267,megawatthours
2021-01-29,NY,New York,D,Demand,Eastern,Eastern,481893,megawatthours
2021-01-29,NY,New York,DF,Day-ahead demand forecast,Eastern,Eastern,458046,megawatthours
2021-01-29,NY,New York,NG,Net generation,Eastern,Eastern,363379,megawatthours
2021-01-29,NY,New York,TI,Total interchange,Eastern,Eastern,-118514,megawatthours
2021-01-28,NY,New York,D,Demand,Eastern,Eastern,457481,megawatthours
2021-01-28,NY,New York,DF,Day-ahead demand forecast,Eastern,Eastern,439030,megawatthours
2021-01-28,NY,New York,NG,Net generation,Eastern,Eastern,372917,megawatthours
2021-01-28,NY,New York,TI,Total interchange,Eastern,Eastern,-84564,megawatthours
2021-01-27,NY,New York,D,Demand,Eastern,Eastern,443123,megawatthours
2021-01-27,NY,New York,DF,Day-ahead demand forecast,Eastern,Eastern,424331,megawatthours
2021-01-27,NY,New York,NG,Net generation,Eastern,Eastern,372988,megawatthours
2021-01-27,NY,New York,TI,Total interchange,Eastern,Eastern,-70135,megawatthours
2021-01-26,NY,New York,D,Demand,Eastern,Eastern,449777,megawatthours
2021-01-26,NY,New York,DF,Day-ahead demand forecast,Eastern,Eastern,434367,megawatthours
2021-01-26,NY,New York,NG,Net generation,Eastern,Eastern,360938,megawatthours
2021-01-26,NY,New York,TI,Total interchange,Eastern,Eastern,-88839,megawatthours
2021-01-25,NY,New York,D,Demand,Eastern,Eastern,446285,megawatthours
2021-01-25,NY,New York,DF,Day-ahead demand forecast,Eastern,Eastern,434514,megawatthours
2021-01-25,NY,New York,NG,Net generation,Eastern,Eastern,359927,megawatthours
2021-01-25,NY,New York,TI,Total interchange,Eastern,Eastern,-86358,megawatthours
2021-01-24,NY,New York,D,Demand,Eastern,Eastern,426810,megawatthours
2021-01-24,NY,New York,DF,Day-ahead demand forecast,Eastern,Eastern,410883,megawatthours
2021-01-24,NY,New York,NG,Net generation,Eastern,Eastern,354547,megawatthours
2021-01-24,NY,New York,TI,Total interchange,Eastern,Eastern,-72263,megawatthours
2021-01-23,NY,New York,D,Demand,Eastern,Eastern,423179,megawatthours
2021-01-23,NY,New York,DF,Day-ahead demand forecast,Eastern,Eastern,413236,megawatthours
2021-01-23,NY,New York,NG,Net generation,Eastern,Eastern,349798,megawatthours
2021-01-23,NY,New York,TI,Total interchange,Eastern,Eastern,-73381,megawatthours
2021-01-22,NY,New York,D,Demand,Eastern,Eastern,425015,megawatthours
2021-01-22,NY,New York,DF,Day-ahead demand forecast,Eastern,Eastern,415531,megawatthours
2021-01-22,NY,New York,NG,Net generation,Eastern,Eastern,346133,megawatthours
2021-01-22,NY,New York,TI,Total interchange,Eastern,Eastern,-78882,megawatthours
2021-01-21,NY,New York,D,Demand,Eastern,Eastern,440899,megawatthours
2021-01-21,NY,New York,DF,Day-ahead demand forecast,Eastern,Eastern,426345,megawatthours
2021-01-21,NY,New York,NG,Net generation,Eastern,Eastern,366732,megawatthours
2021-01-21,NY,New York,TI,Total interchange,Eastern,Eastern,-74167,megawatthours
2021-01-20,NY,New York,D,Demand,Eastern,Eastern,434838,megawatthours
2021-01-20,NY,New York,DF,Day-ahead demand forecast,Eastern,Eastern,422020,megawatthours
2021-01-20,NY,New York,NG,Net generation,Eastern,Eastern,359710,megawatthours
2021-01-20,NY,New York,TI,Total interchange,Eastern,Eastern,-75128,megawatthours
2021-01-19,NY,New York,D,Demand,Eastern,Eastern,427503,megawatthours
2021-01-19,NY,New York,DF,Day-ahead demand forecast,Eastern,Eastern,415464,megawatthours
2021-01-19,NY,New York,NG,Net generation,Eastern,Eastern,352677,megawatthours
2021-01-19,NY,New York,TI,Total interchange,Eastern,Eastern,-74826,megawatthours
2021-01-18,NY,New York,D,Demand,Eastern,Eastern,409343,megawatthours
2021-01-18,NY,New York,DF,Day-ahead demand forecast,Eastern,Eastern,403562,megawatthours
2021-01-18,NY,New York,NG,Net generation,Eastern,Eastern,346851,megawatthours
2021-01-18,NY,New York,TI,Total interchange,Eastern,Eastern,-62492,megawatthours
2021-01-17,NY,New York,D,Demand,Eastern,Eastern,388142,megawatthours
2021-01-17,NY,New York,DF,Day-ahead demand forecast,Eastern,Eastern,377617,megawatthours
2021-01-17,NY,New York,NG,Net generation,Eastern,Eastern,333120,megawatthours
2021-01-17,NY,New York,TI,Total interchange,Eastern,Eastern,-55022,megawatthours
2021-01-16,NY,New York,D,Demand,Eastern,Eastern,391838,megawatthours
2021-01-16,NY,New York,DF,Day-ahead demand forecast,Eastern,Eastern,377674,megawatthours
2021-01-16,NY,New York,NG,Net generation,Eastern,Eastern,339574,megawatthours
2021-01-16,NY,New York,TI,Total interchange,Eastern,Eastern,-52264,megawatthours
2021-01-15,NY,New York,D,Demand,Eastern,Eastern,418092,megawatthours
2021-01-15,NY,New York,DF,Day-ahead demand forecast,Eastern,Eastern,405239,megawatthours
2021-01-15,NY,New York,NG,Net generation,Eastern,Eastern,363682,megawatthours
2021-01-15,NY,New York,TI,Total interchange,Eastern,Eastern,-54410,megawatthours
2021-01-14,NY,New York,D,Demand,Eastern,Eastern,417053,megawatthours
2021-01-14,NY,New York,DF,Day-ahead demand forecast,Eastern,Eastern,411935,megawatthours
2021-01-14,NY,New York,NG,Net generation,Eastern,Eastern,361618,megawatthours
2021-01-14,NY,New York,TI,Total interchange,Eastern,Eastern,-55435,megawatthours
2021-01-13,NY,New York,D,Demand,Eastern,Eastern,428535,megawatthours
2021-01-13,NY,New York,DF,Day-ahead demand forecast,Eastern,Eastern,416658,megawatthours
2021-01-13,NY,New York,NG,Net generation,Eastern,Eastern,364858,megawatthours
2021-01-13,NY,New York,TI,Total interchange,Eastern,Eastern,-63677,megawatthours
2021-01-12,NY,New York,D,Demand,Eastern,Eastern,430982,megawatthours
2021-01-12,NY,New York,DF,Day-ahead demand forecast,Eastern,Eastern,417603,megawatthours
2021-01-12,NY,New York,NG,Net generation,Eastern,Eastern,369102,megawatthours
2021-01-12,NY,New York,TI,Total interchange,Eastern,Eastern,-61880,megawatthours
2021-01-11,NY,New York,D,Demand,Eastern,Eastern,439489,megawatthours
2021-01-11,NY,New York,DF,Day-ahead demand forecast,Eastern,Eastern,422705,megawatthours
2021-01-11,NY,New York,NG,Net generation,Eastern,Eastern,367401,megawatthours
2021-01-11,NY,New York,TI,Total interchange,Eastern,Eastern,-72088,megawatthours
2021-01-10,NY,New York,D,Demand,Eastern,Eastern,407166,megawatthours
2021-01-10,NY,New York,DF,Day-ahead demand forecast,Eastern,Eastern,391840,megawatthours
2021-01-10,NY,New York,NG,Net generation,Eastern,Eastern,332866,megawatthours
2021-01-10,NY,New York,TI,Total interchange,Eastern,Eastern,-74300,megawatthours
2021-01-09,NY,New York,D,Demand,Eastern,Eastern,417297,megawatthours
2021-01-09,NY,New York,DF,Day-ahead demand forecast,Eastern,Eastern,397823,megawatthours
2021-01-09,NY,New York,NG,Net generation,Eastern,Eastern,348208,megawatthours
2021-01-09,NY,New York,TI,Total interchange,Eastern,Eastern,-69089,megawatthours
2021-01-08,NY,New York,D,Demand,Eastern,Eastern,437653,megawatthours
2021-01-08,NY,New York,DF,Day-ahead demand forecast,Eastern,Eastern,412715,megawatthours
2021-01-08,NY,New York,NG,Net generation,Eastern,Eastern,368370,megawatthours
2021-01-08,NY,New York,TI,Total interchange,Eastern,Eastern,-69283,megawatthours
2021-01-07,NY,New York,D,Demand,Eastern,Eastern,429691,megawatthours
2021-01-07,NY,New York,DF,Day-ahead demand forecast,Eastern,Eastern,410517,megawatthours
2021-01-07,NY,New York,NG,Net generation,Eastern,Eastern,359578,megawatthours
2021-01-07,NY,New York,TI,Total interchange,Eastern,Eastern,-70113,megawatthours
2021-01-06,NY,New York,D,Demand,Eastern,Eastern,425229,megawatthours
2021-01-06,NY,New York,DF,Day-ahead demand forecast,Eastern,Eastern,407241,megawatthours
2021-01-06,NY,New York,NG,Net generation,Eastern,Eastern,363021,megawatthours
2021-01-06,NY,New York,TI,Total interchange,Eastern,Eastern,-62208,megawatthours
2021-01-05,NY,New York,D,Demand,Eastern,Eastern,421016,megawatthours
2021-01-05,NY,New York,DF,Day-ahead demand forecast,Eastern,Eastern,412346,megawatthours
2021-01-05,NY,New York,NG,Net generation,Eastern,Eastern,366015,megawatthours
2021-01-05,NY,New York,TI,Total interchange,Eastern,Eastern,-55001,megawatthours
2021-01-04,NY,New York,D,Demand,Eastern,Eastern,419854,megawatthours
2021-01-04,NY,New York,DF,Day-ahead demand forecast,Eastern,Eastern,411899,megawatthours
2021-01-04,NY,New York,NG,Net generation,Eastern,Eastern,363655,megawatthours
2021-01-04,NY,New York,TI,Total interchange,Eastern,Eastern,-56199,megawatthours
2021-01-03,NY,New York,D,Demand,Eastern,Eastern,400773,megawatthours
2021-01-03,NY,New York,DF,Day-ahead demand forecast,Eastern,Eastern,382397,megawatthours
2021-01-03,NY,New York,NG,Net generation,Eastern,Eastern,350801,megawatthours
2021-01-03,NY,New York,TI,Total interchange,Eastern,Eastern,-49972,megawatthours
2021-01-02,NY,New York,D,Demand,Eastern,Eastern,386757,megawatthours
2021-01-02,NY,New York,DF,Day-ahead demand forecast,Eastern,Eastern,365811,megawatthours
2021-01-02,NY,New York,NG,Net generation,Eastern,Eastern,336212,megawatthours
2021-01-02,NY,New York,TI,Total interchange,Eastern,Eastern,-50545,megawatthours
2021-01-01,NY,New York,D,Demand,Eastern,Eastern,394458,megawatthours
2021-01-01,NY,New York,DF,Day-ahead demand forecast,Eastern,Eastern,371319,megawatthours
2021-01-01,NY,New York,NG,Net generation,Eastern,Eastern,338381,megawatthours
2021-01-01,NY,New York,TI,Total interchange,Eastern,Eastern,-56077,megawatthours
2020-12-31,NY,New York,D,Demand,Eastern,Eastern,409804,megawatthours
2020-12-31,NY,New York,DF,Day-ahead demand forecast,Eastern,Eastern,395720,megawatthours
2020-12-31,NY,New York,NG,Net generation,Eastern,Eastern,355616,megawatthours
2020-12-31,NY,New York,TI,Total interchange,Eastern,Eastern,-54188,megawatthours
2020-12-30,NY,New York,D,Demand,Eastern,Eastern,431655,megawatthours
2020-12-30,NY,New York,DF,Day-ahead demand forecast,Eastern,Eastern,420522,megawatthours
2020-12-30,NY,New York,NG,Net generation,Eastern,Eastern,362129,megawatthours
2020-12-30,NY,New York,TI,Total interchange,Eastern,Eastern,-69526,megawatthours
2020-12-29,NY,New York,D,Demand,Eastern,Eastern,425497,megawatthours
2020-12-29,NY,New York,DF,Day-ahead demand forecast,Eastern,Eastern,417843,megawatthours
2020-12-29,NY,New York,NG,Net generation,Eastern,Eastern,357178,megawatthours
2020-12-29,NY,New York,TI,Total interchange,Eastern,Eastern,-68319,megawatthours
2020-12-28,NY,New York,D,Demand,Eastern,Eastern,418723,megawatthours
2020-12-28,NY,New York,DF,Day-ahead demand forecast,Eastern,Eastern,410631,megawatthours
2020-12-28,NY,New York,NG,Net generation,Eastern,Eastern,353313,megawatthours
2020-12-28,NY,New York,TI,Total interchange,Eastern,Eastern,-65410,megawatthours
2020-12-27,NY,New York,D,Demand,Eastern,Eastern,409582,megawatthours
2020-12-27,NY,New York,DF,Day-ahead demand forecast,Eastern,Eastern,390049,megawatthours
2020-12-27,NY,New York,NG,Net generation,Eastern,Eastern,336274,megawatthours
2020-12-27,NY,New York,TI,Total interchange,Eastern,Eastern,-73308,megawatthours
2020-12-26,NY,New York,D,Demand,Eastern,Eastern,414776,megawatthours
2020-12-26,NY,New York,DF,Day-ahead demand forecast,Eastern,Eastern,386583,megawatthours
2020-12-26,NY,New York,NG,Net generation,Eastern,Eastern,340894,megawatthours
2020-12-26,NY,New York,TI,Total interchange,Eastern,Eastern,-73882,megawatthours
2020-12-25,NY,New York,D,Demand,Eastern,Eastern,374831,megawatthours
2020-12-25,NY,New York,DF,Day-ahead demand forecast,Eastern,Eastern,351151,megawatthours
2020-12-25,NY,New York,NG,Net generation,Eastern,Eastern,303652,megawatthours
2020-12-25,NY,New York,TI,Total interchange,Eastern,Eastern,-71179,megawatthours
2020-12-24,NY,New York,D,Demand,Eastern,Eastern,395338,megawatthours
2020-12-24,NY,New York,DF,Day-ahead demand forecast,Eastern,Eastern,388126,megawatthours
2020-12-24,NY,New York,NG,Net generation,Eastern,Eastern,347153,megawatthours
2020-12-24,NY,New York,TI,Total interchange,Eastern,Eastern,-48185,megawatthours
2020-12-23,NY,New York,D,Demand,Eastern,Eastern,423610,megawatthours
2020-12-23,NY,New York,DF,Day-ahead demand forecast,Eastern,Eastern,417865,megawatthours
2020-12-23,NY,New York,NG,Net generation,Eastern,Eastern,343406,megawatthours
2020-12-23,NY,New York,TI,Total interchange,Eastern,Eastern,-80204,megawatthours
2020-12-22,NY,New York,D,Demand,Eastern,Eastern,425866,megawatthours
2020-12-22,NY,New York,DF,Day-ahead demand forecast,Eastern,Eastern,418602,megawatthours
2020-12-22,NY,New York,NG,Net generation,Eastern,Eastern,355929,megawatthours
2020-12-22,NY,New York,TI,Total interchange,Eastern,Eastern,-69937,megawatthours
2020-12-21,NY,New York,D,Demand,Eastern,Eastern,429495,megawatthours
2020-12-21,NY,New York,DF,Day-ahead demand forecast,Eastern,Eastern,421053,megawatthours
2020-12-21,NY,New York,NG,Net generation,Eastern,Eastern,343571,megawatthours
2020-12-21,NY,New York,TI,Total interchange,Eastern,Eastern,-85924,megawatthours
2020-12-20,NY,New York,D,Demand,Eastern,Eastern,421354,megawatthours
2020-12-20,NY,New York,DF,Day-ahead demand forecast,Eastern,Eastern,406215,megawatthours
2020-12-20,NY,New York,NG,Net generation,Eastern,Eastern,342053,megawatthours
2020-12-20,NY,New York,TI,Total interchange,Eastern,Eastern,-79301,megawatthours
2020-12-19,NY,New York,D,Demand,Eastern,Eastern,440992,megawatthours
2020-12-19,NY,New York,DF,Day-ahead demand forecast,Eastern,Eastern,421431,megawatthours
2020-12-19,NY,New York,NG,Net generation,Eastern,Eastern,340855,megawatthours
2020-12-19,NY,New York,TI,Total interchange,Eastern,Eastern,-100137,megawatthours
2020-12-18,NY,New York,D,Demand,Eastern,Eastern,459992,megawatthours
2020-12-18,NY,New York,DF,Day-ahead demand forecast,Eastern,Eastern,442684,megawatthours
2020-12-18,NY,New York,NG,Net generation,Eastern,Eastern,349392,megawatthours
2020-12-18,NY,New York,TI,Total interchange,Eastern,Eastern,-110600,megawatthours
2020-12-17,NY,New York,D,Demand,Eastern,Eastern,456506,megawatthours
2020-12-17,NY,New York,DF,Day-ahead demand forecast,Eastern,Eastern,439918,megawatthours
2020-12-17,NY,New York,NG,Net generation,Eastern,Eastern,354327,megawatthours
2020-12-17,NY,New York,TI,Total interchange,Eastern,Eastern,-102179,megawatthours
2020-12-16,NY,New York,D,Demand,Eastern,Eastern,462739,megawatthours
2020-12-16,NY,New York,DF,Day-ahead demand forecast,Eastern,Eastern,435007,megawatthours
2020-12-16,NY,New York,NG,Net generation,Eastern,Eastern,374971,megawatthours
2020-12-16,NY,New York,TI,Total interchange,Eastern,Eastern,-87768,megawatthours
2020-12-15,NY,New York,D,Demand,Eastern,Eastern,433832,megawatthours
2020-12-15,NY,New York,DF,Day-ahead demand forecast,Eastern,Eastern,416511,megawatthours
2020-12-15,NY,New York,NG,Net generation,Eastern,Eastern,374569,megawatthours
2020-12-15,NY,New York,TI,Total interchange,Eastern,Eastern,-59263,megawatthours
2020-12-14,NY,New York,D,Demand,Eastern,Eastern,421772,megawatthours
2020-12-14,NY,New York,DF,Day-ahead demand forecast,Eastern,Eastern,403642,megawatthours
2020-12-14,NY,New York,NG,Net generation,Eastern,Eastern,357251,megawatthours
2020-12-14,NY,New York,TI,Total interchange,Eastern,Eastern,-64521,megawatthours
2020-12-13,NY,New York,D,Demand,Eastern,Eastern,370036,megawatthours
2020-12-13,NY,New York,DF,Day-ahead demand forecast,Eastern,Eastern,359985,megawatthours
2020-12-13,NY,New York,NG,Net generation,Eastern,Eastern,321113,megawatthours
2020-12-13,NY,New York,TI,Total interchange,Eastern,Eastern,-48923,megawatthours
2020-12-12,NY,New York,D,Demand,Eastern,Eastern,384119,megawatthours
2020-12-12,NY,New York,DF,Day-ahead demand forecast,Eastern,Eastern,374775,megawatthours
2020-12-12,NY,New York,NG,Net generation,Eastern,Eastern,317520,megawatthours
2020-12-12,NY,New York,TI,Total interchange,Eastern,Eastern,-66599,megawatthours
2020-12-11,NY,New York,D,Demand,Eastern,Eastern,405539,megawatthours
2020-12-11,NY,New York,DF,Day-ahead demand forecast,Eastern,Eastern,398883,megawatthours
2020-12-11,NY,New York,NG,Net generation,Eastern,Eastern,335296,megawatthours
2020-12-11,NY,New York,TI,Total interchange,Eastern,Eastern,-70243,megawatthours
2020-12-10,NY,New York,D,Demand,Eastern,Eastern,417418,megawatthours
2020-12-10,NY,New York,DF,Day-ahead demand forecast,Eastern,Eastern,407713,megawatthours
2020-12-10,NY,New York,NG,Net generation,Eastern,Eastern,340783,megawatthours
2020-12-10,NY,New York,TI,Total interchange,Eastern,Eastern,-76635,megawatthours
2020-12-09,NY,New York,D,Demand,Eastern,Eastern,437546,megawatthours
2020-12-09,NY,New York,DF,Day-ahead demand forecast,Eastern,Eastern,418390,megawatthours
2020-12-09,NY,New York,NG,Net generation,Eastern,Eastern,350219,megawatthours
2020-12-09,NY,New York,TI,Total interchange,Eastern,Eastern,-87327,megawatthours
2020-12-08,NY,New York,D,Demand,Eastern,Eastern,439286,megawatthours
2020-12-08,NY,New York,DF,Day-ahead demand forecast,Eastern,Eastern,420483,megawatthours
2020-12-08,NY,New York,NG,Net generation,Eastern,Eastern,362174,megawatthours
2020-12-08,NY,New York,TI,Total interchange,Eastern,Eastern,-77112,megawatthours
2020-12-07,NY,New York,D,Demand,Eastern,Eastern,427538,megawatthours
2020-12-07,NY,New York,DF,Day-ahead demand forecast,Eastern,Eastern,414709,megawatthours
2020-12-07,NY,New York,NG,Net generation,Eastern,Eastern,363120,megawatthours
2020-12-07,NY,New York,TI,Total interchange,Eastern,Eastern,-64418,megawatthours
2020-12-06,NY,New York,D,Demand,Eastern,Eastern,393226,megawatthours
2020-12-06,NY,New York,DF,Day-ahead demand forecast,Eastern,Eastern,382362,megawatthours
2020-12-06,NY,New York,NG,Net generation,Eastern,Eastern,343836,megawatthours
2020-12-06,NY,New York,TI,Total interchange,Eastern,Eastern,-49390,megawatthours
2020-12-05,NY,New York,D,Demand,Eastern,Eastern,388790,megawatthours
2020-12-05,NY,New York,DF,Day-ahead demand forecast,Eastern,Eastern,378171,megawatthours
2020-12-05,NY,New York,NG,Net generation,Eastern,Eastern,338835,megawatthours
2020-12-05,NY,New York,TI,Total interchange,Eastern,Eastern,-49955,megawatthours
2020-12-04,NY,New York,D,Demand,Eastern,Eastern,400374,megawatthours
2020-12-04,NY,New York,DF,Day-ahead demand forecast,Eastern,Eastern,391932,megawatthours
2020-12-04,NY,New York,NG,Net generation,Eastern,Eastern,335754,megawatthours
2020-12-04,NY,New York,TI,Total interchange,Eastern,Eastern,-64620,megawatthours
2020-12-03,NY,New York,D,Demand,Eastern,Eastern,405187,megawatthours
2020-12-03,NY,New York,DF,Day-ahead demand forecast,Eastern,Eastern,394973,megawatthours
2020-12-03,NY,New York,NG,Net generation,Eastern,Eastern,353593,megawatthours
2020-12-03,NY,New York,TI,Total interchange,Eastern,Eastern,-51594,megawatthours
2020-12-02,NY,New York,D,Demand,Eastern,Eastern,413585,megawatthours
2020-12-02,NY,New York,DF,Day-ahead demand forecast,Eastern,Eastern,400739,megawatthours
2020-12-02,NY,New York,NG,Net generation,Eastern,Eastern,369578,megawatthours
2020-12-02,NY,New York,TI,Total interchange,Eastern,Eastern,-44007,megawatthours
2020-12-01,NY,New York,D,Demand,Eastern,Eastern,391636,megawatthours
2020-12-01,NY,New York,DF,Day-ahead demand forecast,Eastern,Eastern,385467,megawatthours
2020-12-01,NY,New York,NG,Net generation,Eastern,Eastern,337205,megawatthours
2020-12-01,NY,New York,TI,Total interchange,Eastern,Eastern,-54431,megawatthours
2020-11-30,NY,New York,D,Demand,Eastern,Eastern,397672,megawatthours
2020-11-30,NY,New York,DF,Day-ahead demand forecast,Eastern,Eastern,385934,megawatthours
2020-11-30,NY,New York,NG,Net generation,Eastern,Eastern,355364,megawatthours
2020-11-30,NY,New York,TI,Total interchange,Eastern,Eastern,-42308,megawatthours
2020-11-29,NY,New York,D,Demand,Eastern,Eastern,357775,megawatthours
2020-11-29,NY,New York,DF,Day-ahead demand forecast,Eastern,Eastern,345419,megawatthours
2020-11-29,NY,New York,NG,Net generation,Eastern,Eastern,310081,megawatthours
2020-11-29,NY,New York,TI,Total interchange,Eastern,Eastern,-47694,megawatthours
2020-11-28,NY,New York,D,Demand,Eastern,Eastern,356781,megawatthours
2020-11-28,NY,New York,DF,Day-ahead demand forecast,Eastern,Eastern,343536,megawatthours
2020-11-28,NY,New York,NG,Net generation,Eastern,Eastern,310781,megawatthours
2020-11-28,NY,New York,TI,Total interchange,Eastern,Eastern,-46000,megawatthours
2020-11-27,NY,New York,D,Demand,Eastern,Eastern,353285,megawatthours
2020-11-27,NY,New York,DF,Day-ahead demand forecast,Eastern,Eastern,341195,megawatthours
2020-11-27,NY,New York,NG,Net generation,Eastern,Eastern,312148,megawatthours
2020-11-27,NY,New York,TI,Total interchange,Eastern,Eastern,-41137,megawatthours
2020-11-26,NY,New York,D,Demand,Eastern,Eastern,354877,megawatthours
2020-11-26,NY,New York,DF,Day-ahead demand forecast,Eastern,Eastern,331440,megawatthours
2020-11-26,NY,New York,NG,Net generation,Eastern,Eastern,320298,megawatthours
2020-11-26,NY,New York,TI,Total interchange,Eastern,Eastern,-34579,megawatthours
2020-11-25,NY,New York,D,Demand,Eastern,Eastern,392693,megawatthours
2020-11-25,NY,New York,DF,Day-ahead demand forecast,Eastern,Eastern,386161,megawatthours
2020-11-25,NY,New York,NG,Net generation,Eastern,Eastern,365936,megawatthours
2020-11-25,NY,New York,TI,Total interchange,Eastern,Eastern,-26757,megawatthours
2020-11-24,NY,New York,D,Demand,Eastern,Eastern,396220,megawatthours
2020-11-24,NY,New York,DF,Day-ahead demand forecast,Eastern,Eastern,388443,megawatthours
2020-11-24,NY,New York,NG,Net generation,Eastern,Eastern,359414,megawatthours
2020-11-24,NY,New York,TI,Total interchange,Eastern,Eastern,-36806,megawatthours
2020-11-23,NY,New York,D,Demand,Eastern,Eastern,390956,megawatthours
2020-11-23,NY,New York,DF,Day-ahead demand forecast,Eastern,Eastern,381008,megawatthours
2020-11-23,NY,New York,NG,Net generation,Eastern,Eastern,358537,megawatthours
2020-11-23,NY,New York,TI,Total interchange,Eastern,Eastern,-32419,megawatthours
2020-11-22,NY,New York,D,Demand,Eastern,Eastern,368526,megawatthours
2020-11-22,NY,New York,DF,Day-ahead demand forecast,Eastern,Eastern,357378,megawatthours
2020-11-22,NY,New York,NG,Net generation,Eastern,Eastern,340916,megawatthours
2020-11-22,NY,New York,TI,Total interchange,Eastern,Eastern,-27610,megawatthours
2020-11-21,NY,New York,D,Demand,Eastern,Eastern,354913,megawatthours
2020-11-21,NY,New York,DF,Day-ahead demand forecast,Eastern,Eastern,349495,megawatthours
2020-11-21,NY,New York,NG,Net generation,Eastern,Eastern,325895,megawatthours
2020-11-21,NY,New York,TI,Total interchange,Eastern,Eastern,-29018,megawatthours
2020-11-20,NY,New York,D,Demand,Eastern,Eastern,377500,megawatthours
2020-11-20,NY,New York,DF,Day-ahead demand forecast,Eastern,Eastern,378975,megawatthours
2020-11-20,NY,New York,NG,Net generation,Eastern,Eastern,340020,megawatthours
2020-11-20,NY,New York,TI,Total interchange,Eastern,Eastern,-37480,megawatthours
2020-11-19,NY,New York,D,Demand,Eastern,Eastern,407893,megawatthours
2020-11-19,NY,New York,DF,Day-ahead demand forecast,Eastern,Eastern,402626,megawatthours
2020-11-19,NY,New York,NG,Net generation,Eastern,Eastern,379111,megawatthours
2020-11-19,NY,New York,TI,Total interchange,Eastern,Eastern,-28782,megawatthours
2020-11-18,NY,New York,D,Demand,Eastern,Eastern,417364,megawatthours
2020-11-18,NY,New York,DF,Day-ahead demand forecast,Eastern,Eastern,401650,megawatthours
2020-11-18,NY,New York,NG,Net generation,Eastern,Eastern,390570,megawatthours
2020-11-18,NY,New York,TI,Total interchange,Eastern,Eastern,-26794,megawatthours
2020-11-17,NY,New York,D,Demand,Eastern,Eastern,401069,megawatthours
2020-11-17,NY,New York,DF,Day-ahead demand forecast,Eastern,Eastern,391836,megawatthours
2020-11-17,NY,New York,NG,Net generation,Eastern,Eastern,368430,megawatthours
2020-11-17,NY,New York,TI,Total interchange,Eastern,Eastern,-32639,megawatthours
2020-11-16,NY,New York,D,Demand,Eastern,Eastern,383362,megawatthours
2020-11-16,NY,New York,DF,Day-ahead demand forecast,Eastern,Eastern,380301,megawatthours
2020-11-16,NY,New York,NG,Net generation,Eastern,Eastern,347020,megawatthours
2020-11-16,NY,New York,TI,Total interchange,Eastern,Eastern,-36342,megawatthours
2020-11-15,NY,New York,D,Demand,Eastern,Eastern,360657,megawatthours
2020-11-15,NY,New York,DF,Day-ahead demand forecast,Eastern,Eastern,355234,megawatthours
2020-11-15,NY,New York,NG,Net generation,Eastern,Eastern,329899,megawatthours
2020-11-15,NY,New York,TI,Total interchange,Eastern,Eastern,-30758,megawatthours
2020-11-14,NY,New York,D,Demand,Eastern,Eastern,359465,megawatthours
2020-11-14,NY,New York,DF,Day-ahead demand forecast,Eastern,Eastern,350646,megawatthours
2020-11-14,NY,New York,NG,Net generation,Eastern,Eastern,305831,megawatthours
2020-11-14,NY,New York,TI,Total interchange,Eastern,Eastern,-53634,megawatthours
2020-11-13,NY,New York,D,Demand,Eastern,Eastern,386797,megawatthours
2020-11-13,NY,New York,DF,Day-ahead demand forecast,Eastern,Eastern,368484,megawatthours
2020-11-13,NY,New York,NG,Net generation,Eastern,Eastern,350718,megawatthours
2020-11-13,NY,New York,TI,Total interchange,Eastern,Eastern,-36079,megawatthours
2020-11-12,NY,New York,D,Demand,Eastern,Eastern,381135,megawatthours
2020-11-12,NY,New York,DF,Day-ahead demand forecast,Eastern,Eastern,369114,megawatthours
2020-11-12,NY,New York,NG,Net generation,Eastern,Eastern,338334,megawatthours
2020-11-12,NY,New York,TI,Total interchange,Eastern,Eastern,-42801,megawatthours
2020-11-11,NY,New York,D,Demand,Eastern,Eastern,378257,megawatthours
2020-11-11,NY,New York,DF,Day-ahead demand forecast,Eastern,Eastern,371698,megawatthours
2020-11-11,NY,New York,NG,Net generation,Eastern,Eastern,350546,megawatthours
2020-11-11,NY,New York,TI,Total interchange,Eastern,Eastern,-27711,megawatthours
2020-11-10,NY,New York,D,Demand,Eastern,Eastern,372050,megawatthours
2020-11-10,NY,New York,DF,Day-ahead demand forecast,Eastern,Eastern,363405,megawatthours
2020-11-10,NY,New York,NG,Net generation,Eastern,Eastern,337164,megawatthours
2020-11-10,NY,New York,TI,Total interchange,Eastern,Eastern,-34886,megawatthours
2020-11-09,NY,New York,D,Demand,Eastern,Eastern,368160,megawatthours
2020-11-09,NY,New York,DF,Day-ahead demand forecast,Eastern,Eastern,357466,megawatthours
2020-11-09,NY,New York,NG,Net generation,Eastern,Eastern,316711,megawatthours
2020-11-09,NY,New York,TI,Total interchange,Eastern,Eastern,-51449,megawatthours
2020-11-08,NY,New York,D,Demand,Eastern,Eastern,336662,megawatthours
2020-11-08,NY,New York,DF,Day-ahead demand forecast,Eastern,Eastern,327439,megawatthours
2020-11-08,NY,New York,NG,Net generation,Eastern,Eastern,295405,megawatthours
2020-11-08,NY,New York,TI,Total interchange,Eastern,Eastern,-41257,megawatthours
2020-11-07,NY,New York,D,Demand,Eastern,Eastern,341890,megawatthours
2020-11-07,NY,New York,DF,Day-ahead demand forecast,Eastern,Eastern,334294,megawatthours
2020-11-07,NY,New York,NG,Net generation,Eastern,Eastern,297407,megawatthours
2020-11-07,NY,New York,TI,Total interchange,Eastern,Eastern,-44483,megawatthours
2020-11-06,NY,New York,D,Demand,Eastern,Eastern,367269,megawatthours
2020-11-06,NY,New York,DF,Day-ahead demand forecast,Eastern,Eastern,361052,megawatthours
2020-11-06,NY,New York,NG,Net generation,Eastern,Eastern,330954,megawatthours
2020-11-06,NY,New York,TI,Total interchange,Eastern,Eastern,-36315,megawatthours
2020-11-05,NY,New York,D,Demand,Eastern,Eastern,374554,megawatthours
2020-11-05,NY,New York,DF,Day-ahead demand forecast,Eastern,Eastern,372985,megawatthours
2020-11-05,NY,New York,NG,Net generation,Eastern,Eastern,344000,megawatthours
2020-11-05,NY,New York,TI,Total interchange,Eastern,Eastern,-30554,megawatthours
2020-11-04,NY,New York,D,Demand,Eastern,Eastern,385107,megawatthours
2020-11-04,NY,New York,DF,Day-ahead demand forecast,Eastern,Eastern,380296,megawatthours
2020-11-04,NY,New York,NG,Net generation,Eastern,Eastern,339645,megawatthours
2020-11-04,NY,New York,TI,Total interchange,Eastern,Eastern,-45462,megawatthours
2020-11-03,NY,New York,D,Demand,Eastern,Eastern,398826,megawatthours
2020-11-03,NY,New York,DF,Day-ahead demand forecast,Eastern,Eastern,389974,megawatthours
2020-11-03,NY,New York,NG,Net generation,Eastern,Eastern,356003,megawatthours
2020-11-03,NY,New York,TI,Total interchange,Eastern,Eastern,-42823,megawatthours
2020-11-02,NY,New York,D,Demand,Eastern,Eastern,404530,megawatthours
2020-11-02,NY,New York,DF,Day-ahead demand forecast,Eastern,Eastern,392557,megawatthours
2020-11-02,NY,New York,NG,Net generation,Eastern,Eastern,351538,megawatthours
2020-11-02,NY,New York,TI,Total interchange,Eastern,Eastern,-52992,megawatthours
2020-11-01,NY,New York,D,Demand,Eastern,Eastern,383759,megawatthours
2020-11-01,NY,New York,DF,Day-ahead demand forecast,Eastern,Eastern,363085,megawatthours
2020-11-01,NY,New York,NG,Net generation,Eastern,Eastern,322623,megawatthours
2020-11-01,NY,New York,TI,Total interchange,Eastern,Eastern,-61136,megawatthours
2020-10-31,NY,New York,D,Demand,Eastern,Eastern,368979,megawatthours
2020-10-31,NY,New York,DF,Day-ahead demand forecast,Eastern,Eastern,357624,megawatthours
2020-10-31,NY,New York,NG,Net generation,Eastern,Eastern,311135,megawatthours
2020-10-31,NY,New York,TI,Total interchange,Eastern,Eastern,-57844,megawatthours
2020-10-30,NY,New York,D,Demand,Eastern,Eastern,397989,megawatthours
2020-10-30,NY,New York,DF,Day-ahead demand forecast,Eastern,Eastern,381766,megawatthours
2020-10-30,NY,New York,NG,Net generation,Eastern,Eastern,345903,megawatthours
2020-10-30,NY,New York,TI,Total interchange,Eastern,Eastern,-52086,megawatthours
2020-10-29,NY,New York,D,Demand,Eastern,Eastern,390508,megawatthours
2020-10-29,NY,New York,DF,Day-ahead demand forecast,Eastern,Eastern,372578,megawatthours
2020-10-29,NY,New York,NG,Net generation,Eastern,Eastern,329844,megawatthours
2020-10-29,NY,New York,TI,Total interchange,Eastern,Eastern,-60664,megawatthours
2020-10-28,NY,New York,D,Demand,Eastern,Eastern,382536,megawatthours
2020-10-28,NY,New York,DF,Day-ahead demand forecast,Eastern,Eastern,367311,megawatthours
2020-10-28,NY,New York,NG,Net generation,Eastern,Eastern,313628,megawatthours
2020-10-28,NY,New York,TI,Total interchange,Eastern,Eastern,-68908,megawatthours
2020-10-27,NY,New York,D,Demand,Eastern,Eastern,378156,megawatthours
2020-10-27,NY,New York,DF,Day-ahead demand forecast,Eastern,Eastern,365294,megawatthours
2020-10-27,NY,New York,NG,Net generation,Eastern,Eastern,321088,megawatthours
2020-10-27,NY,New York,TI,Total interchange,Eastern,Eastern,-57068,megawatthours
2020-10-26,NY,New York,D,Demand,Eastern,Eastern,382988,megawatthours
2020-10-26,NY,New York,DF,Day-ahead demand forecast,Eastern,Eastern,367760,megawatthours
2020-10-26,NY,New York,NG,Net generation,Eastern,Eastern,329828,megawatthours
2020-10-26,NY,New York,TI,Total interchange,Eastern,Eastern,-53160,megawatthours
2020-10-25,NY,New York,D,Demand,Eastern,Eastern,343680,megawatthours
2020-10-25,NY,New York,DF,Day-ahead demand forecast,Eastern,Eastern,332774,megawatthours
2020-10-25,NY,New York,NG,Net generation,Eastern,Eastern,296627,megawatthours
2020-10-25,NY,New York,TI,Total interchange,Eastern,Eastern,-47053,megawatthours
2020-10-24,NY,New York,D,Demand,Eastern,Eastern,351243,megawatthours
2020-10-24,NY,New York,DF,Day-ahead demand forecast,Eastern,Eastern,345570,megawatthours
2020-10-24,NY,New York,NG,Net generation,Eastern,Eastern,303204,megawatthours
2020-10-24,NY,New York,TI,Total interchange,Eastern,Eastern,-48039,megawatthours
2020-10-23,NY,New York,D,Demand,Eastern,Eastern,380120,megawatthours
2020-10-23,NY,New York,DF,Day-ahead demand forecast,Eastern,Eastern,369972,megawatthours
2020-10-23,NY,New York,NG,Net generation,Eastern,Eastern,321688,megawatthours
2020-10-23,NY,New York,TI,Total interchange,Eastern,Eastern,-58432,megawatthours
2020-10-22,NY,New York,D,Demand,Eastern,Eastern,384146,megawatthours
2020-10-22,NY,New York,DF,Day-ahead demand forecast,Eastern,Eastern,379543,megawatthours
2020-10-22,NY,New York,NG,Net generation,Eastern,Eastern,324016,megawatthours
2020-10-22,NY,New York,TI,Total interchange,Eastern,Eastern,-60130,megawatthours
2020-10-21,NY,New York,D,Demand,Eastern,Eastern,380997,megawatthours
2020-10-21,NY,New York,DF,Day-ahead demand forecast,Eastern,Eastern,382210,megawatthours
2020-10-21,NY,New York,NG,Net generation,Eastern,Eastern,319726,megawatthours
2020-10-21,NY,New York,TI,Total interchange,Eastern,Eastern,-61271,megawatthours
2020-10-20,NY,New York,D,Demand,Eastern,Eastern,378932,megawatthours
2020-10-20,NY,New York,DF,Day-ahead demand forecast,Eastern,Eastern,373102,megawatthours
2020-10-20,NY,New York,NG,Net generation,Eastern,Eastern,318667,megawatthours
2020-10-20,NY,New York,TI,Total interchange,Eastern,Eastern,-60265,megawatthours
2020-10-19,NY,New York,D,Demand,Eastern,Eastern,371610,megawatthours
2020-10-19,NY,New York,DF,Day-ahead demand forecast,Eastern,Eastern,364218,megawatthours
2020-10-19,NY,New York,NG,Net generation,Eastern,Eastern,317923,megawatthours
2020-10-19,NY,New York,TI,Total interchange,Eastern,Eastern,-53687,megawatthours
2020-10-18,NY,New York,D,Demand,Eastern,Eastern,340508,megawatthours
2020-10-18,NY,New York,DF,Day-ahead demand forecast,Eastern,Eastern,327260,megawatthours
2020-10-18,NY,New York,NG,Net generation,Eastern,Eastern,290619,megawatthours
2020-10-18,NY,New York,TI,Total interchange,Eastern,Eastern,-49889,megawatthours
2020-10-17,NY,New York,D,Demand,Eastern,Eastern,341083,megawatthours
2020-10-17,NY,New York,DF,Day-ahead demand forecast,Eastern,Eastern,327759,megawatthours
2020-10-17,NY,New York,NG,Net generation,Eastern,Eastern,280930,megawatthours
2020-10-17,NY,New York,TI,Total interchange,Eastern,Eastern,-60153,megawatthours
2020-10-16,NY,New York,D,Demand,Eastern,Eastern,376725,megawatthours
2020-10-16,NY,New York,DF,Day-ahead demand forecast,Eastern,Eastern,362195,megawatthours
2020-10-16,NY,New York,NG,Net generation,Eastern,Eastern,321418,megawatthours
2020-10-16,NY,New York,TI,Total interchange,Eastern,Eastern,-55307,megawatthours
2020-10-15,NY,New York,D,Demand,Eastern,Eastern,371138,megawatthours
2020-10-15,NY,New York,DF,Day-ahead demand forecast,Eastern,Eastern,363559,megawatthours
2020-10-15,NY,New York,NG,Net generation,Eastern,Eastern,319143,megawatthours
2020-10-15,NY,New York,TI,Total interchange,Eastern,Eastern,-51995,megawatthours
2020-10-14,NY,New York,D,Demand,Eastern,Eastern,364062,megawatthours
2020-10-14,NY,New York,DF,Day-ahead demand forecast,Eastern,Eastern,356338,megawatthours
2020-10-14,NY,New York,NG,Net generation,Eastern,Eastern,319754,megawatthours
2020-10-14,NY,New York,TI,Total interchange,Eastern,Eastern,-44308,megawatthours
2020-10-13,NY,New York,D,Demand,Eastern,Eastern,372711,megawatthours
2020-10-13,NY,New York,DF,Day-ahead demand forecast,Eastern,Eastern,368304,megawatthours
2020-10-13,NY,New York,NG,Net generation,Eastern,Eastern,323074,megawatthours
2020-10-13,NY,New York,TI,Total interchange,Eastern,Eastern,-49637,megawatthours
2020-10-12,NY,New York,D,Demand,Eastern,Eastern,366810,megawatthours
2020-10-12,NY,New York,DF,Day-ahead demand forecast,Eastern,Eastern,356561,megawatthours
2020-10-12,NY,New York,NG,Net generation,Eastern,Eastern,326601,megawatthours
2020-10-12,NY,New York,TI,Total interchange,Eastern,Eastern,-40209,megawatthours
2020-10-11,NY,New York,D,Demand,Eastern,Eastern,337765,megawatthours
2020-10-11,NY,New York,DF,Day-ahead demand forecast,Eastern,Eastern,336210,megawatthours
2020-10-11,NY,New York,NG,Net generation,Eastern,Eastern,297318,megawatthours
2020-10-11,NY,New York,TI,Total interchange,Eastern,Eastern,-40447,megawatthours
2020-10-10,NY,New York,D,Demand,Eastern,Eastern,346165,megawatthours
2020-10-10,NY,New York,DF,Day-ahead demand forecast,Eastern,Eastern,343712,megawatthours
2020-10-10,NY,New York,NG,Net generation,Eastern,Eastern,317688,megawatthours
2020-10-10,NY,New York,TI,Total interchange,Eastern,Eastern,-28477,megawatthours
2020-10-09,NY,New York,D,Demand,Eastern,Eastern,360226,megawatthours
2020-10-09,NY,New York,DF,Day-ahead demand forecast,Eastern,Eastern,349525,megawatthours
2020-10-09,NY,New York,NG,Net generation,Eastern,Eastern,316954,megawatthours
2020-10-09,NY,New York,TI,Total interchange,Eastern,Eastern,-43272,megawatthours
2020-10-08,NY,New York,D,Demand,Eastern,Eastern,360432,megawatthours
2020-10-08,NY,New York,DF,Day-ahead demand forecast,Eastern,Eastern,356942,megawatthours
2020-10-08,NY,New York,NG,Net generation,Eastern,Eastern,326307,megawatthours
2020-10-08,NY,New York,TI,Total interchange,Eastern,Eastern,-34125,megawatthours
2020-10-07,NY,New York,D,Demand,Eastern,Eastern,373802,megawatthours
2020-10-07,NY,New York,DF,Day-ahead demand forecast,Eastern,Eastern,366496,megawatthours
2020-10-07,NY,New York,NG,Net generation,Eastern,Eastern,331805,megawatthours
2020-10-07,NY,New York,TI,Total interchange,Eastern,Eastern,-41997,megawatthours
2020-10-06,NY,New York,D,Demand,Eastern,Eastern,369584,megawatthours
2020-10-06,NY,New York,DF,Day-ahead demand forecast,Eastern,Eastern,361599,megawatthours
2020-10-06,NY,New York,NG,Net generation,Eastern,Eastern,333105,megawatthours
2020-10-06,NY,New York,TI,Total interchange,Eastern,Eastern,-36479,megawatthours
2020-10-05,NY,New York,D,Demand,Eastern,Eastern,369120,megawatthours
2020-10-05,NY,New York,DF,Day-ahead demand forecast,Eastern,Eastern,357644,megawatthours
2020-10-05,NY,New York,NG,Net generation,Eastern,Eastern,332546,megawatthours
2020-10-05,NY,New York,TI,Total interchange,Eastern,Eastern,-36574,megawatthours
2020-10-04,NY,New York,D,Demand,Eastern,Eastern,337140,megawatthours
2020-10-04,NY,New York,DF,Day-ahead demand forecast,Eastern,Eastern,322667,megawatthours
2020-10-04,NY,New York,NG,Net generation,Eastern,Eastern,307196,megawatthours
2020-10-04,NY,New York,TI,Total interchange,Eastern,Eastern,-29944,megawatthours
2020-10-03,NY,New York,D,Demand,Eastern,Eastern,338230,megawatthours
2020-10-03,NY,New York,DF,Day-ahead demand forecast,Eastern,Eastern,325969,megawatthours
2020-10-03,NY,New York,NG,Net generation,Eastern,Eastern,303965,megawatthours
2020-10-03,NY,New York,TI,Total interchange,Eastern,Eastern,-34265,megawatthours
2020-10-02,NY,New York,D,Demand,Eastern,Eastern,369260,megawatthours
2020-10-02,NY,New York,DF,Day-ahead demand forecast,Eastern,Eastern,353487,megawatthours
2020-10-02,NY,New York,NG,Net generation,Eastern,Eastern,332609,megawatthours
2020-10-02,NY,New York,TI,Total interchange,Eastern,Eastern,-36651,megawatthours
2020-10-01,NY,New York,D,Demand,Eastern,Eastern,377009,megawatthours
2020-10-01,NY,New York,DF,Day-ahead demand forecast,Eastern,Eastern,368361,megawatthours
2020-10-01,NY,New York,NG,Net generation,Eastern,Eastern,341467,megawatthours
2020-10-01,NY,New York,TI,Total interchange,Eastern,Eastern,-35542,megawatthours
2020-09-30,NY,New York,D,Demand,Eastern,Eastern,390493,megawatthours
2020-09-30,NY,New York,DF,Day-ahead demand forecast,Eastern,Eastern,386801,megawatthours
2020-09-30,NY,New York,NG,Net generation,Eastern,Eastern,352159,megawatthours
2020-09-30,NY,New York,TI,Total interchange,Eastern,Eastern,-38334,megawatthours
2020-09-29,NY,New York,D,Demand,Eastern,Eastern,422852,megawatthours
2020-09-29,NY,New York,DF,Day-ahead demand forecast,Eastern,Eastern,419361,megawatthours
2020-09-29,NY,New York,NG,Net generation,Eastern,Eastern,369155,megawatthours
2020-09-29,NY,New York,TI,Total interchange,Eastern,Eastern,-53697,megawatthours
2020-09-28,NY,New York,D,Demand,Eastern,Eastern,435307,megawatthours
2020-09-28,NY,New York,DF,Day-ahead demand forecast,Eastern,Eastern,427995,megawatthours
2020-09-28,NY,New York,NG,Net generation,Eastern,Eastern,382097,megawatthours
2020-09-28,NY,New York,TI,Total interchange,Eastern,Eastern,-53210,megawatthours
2020-09-27,NY,New York,D,Demand,Eastern,Eastern,394631,megawatthours
2020-09-27,NY,New York,DF,Day-ahead demand forecast,Eastern,Eastern,386483,megawatthours
2020-09-27,NY,New York,NG,Net generation,Eastern,Eastern,327078,megawatthours
2020-09-27,NY,New York,TI,Total interchange,Eastern,Eastern,-67553,megawatthours
2020-09-26,NY,New York,D,Demand,Eastern,Eastern,374133,megawatthours
2020-09-26,NY,New York,DF,Day-ahead demand forecast,Eastern,Eastern,370979,megawatthours
2020-09-26,NY,New York,NG,Net generation,Eastern,Eastern,305467,megawatthours
2020-09-26,NY,New York,TI,Total interchange,Eastern,Eastern,-68666,megawatthours
2020-09-25,NY,New York,D,Demand,Eastern,Eastern,395374,megawatthours
2020-09-25,NY,New York,DF,Day-ahead demand forecast,Eastern,Eastern,396711,megawatthours
2020-09-25,NY,New York,NG,Net generation,Eastern,Eastern,333511,megawatthours
2020-09-25,NY,New York,TI,Total interchange,Eastern,Eastern,-61863,megawatthours
2020-09-24,NY,New York,D,Demand,Eastern,Eastern,388222,megawatthours
2020-09-24,NY,New York,DF,Day-ahead demand forecast,Eastern,Eastern,386093,megawatthours
2020-09-24,NY,New York,NG,Net generation,Eastern,Eastern,331432,megawatthours
2020-09-24,NY,New York,TI,Total interchange,Eastern,Eastern,-56790,megawatthours
2020-09-23,NY,New York,D,Demand,Eastern,Eastern,378242,megawatthours
2020-09-23,NY,New York,DF,Day-ahead demand forecast,Eastern,Eastern,371768,megawatthours
2020-09-23,NY,New York,NG,Net generation,Eastern,Eastern,337091,megawatthours
2020-09-23,NY,New York,TI,Total interchange,Eastern,Eastern,-41151,megawatthours
2020-09-22,NY,New York,D,Demand,Eastern,Eastern,362793,megawatthours
2020-09-22,NY,New York,DF,Day-ahead demand forecast,Eastern,Eastern,357503,megawatthours
2020-09-22,NY,New York,NG,Net generation,Eastern,Eastern,314730,megawatthours
2020-09-22,NY,New York,TI,Total interchange,Eastern,Eastern,-48063,megawatthours
2020-09-21,NY,New York,D,Demand,Eastern,Eastern,359453,megawatthours
2020-09-21,NY,New York,DF,Day-ahead demand forecast,Eastern,Eastern,355390,megawatthours
2020-09-21,NY,New York,NG,Net generation,Eastern,Eastern,295007,megawatthours
2020-09-21,NY,New York,TI,Total interchange,Eastern,Eastern,-64446,megawatthours
2020-09-20,NY,New York,D,Demand,Eastern,Eastern,326551,megawatthours
2020-09-20,NY,New York,DF,Day-ahead demand forecast,Eastern,Eastern,322569,megawatthours
2020-09-20,NY,New York,NG,Net generation,Eastern,Eastern,270627,megawatthours
2020-09-20,NY,New York,TI,Total interchange,Eastern,Eastern,-55924,megawatthours
2020-09-19,NY,New York,D,Demand,Eastern,Eastern,330142,megawatthours
2020-09-19,NY,New York,DF,Day-ahead demand forecast,Eastern,Eastern,326481,megawatthours
2020-09-19,NY,New York,NG,Net generation,Eastern,Eastern,281944,megawatthours
2020-09-19,NY,New York,TI,Total interchange,Eastern,Eastern,-48198,megawatthours
2020-09-18,NY,New York,D,Demand,Eastern,Eastern,377325,megawatthours
2020-09-18,NY,New York,DF,Day-ahead demand forecast,Eastern,Eastern,368131,megawatthours
2020-09-18,NY,New York,NG,Net generation,Eastern,Eastern,317500,megawatthours
2020-09-18,NY,New York,TI,Total interchange,Eastern,Eastern,-59825,megawatthours
2020-09-17,NY,New York,D,Demand,Eastern,Eastern,396564,megawatthours
2020-09-17,NY,New York,DF,Day-ahead demand forecast,Eastern,Eastern,389810,megawatthours
2020-09-17,NY,New York,NG,Net generation,Eastern,Eastern,353573,megawatthours
2020-09-17,NY,New York,TI,Total interchange,Eastern,Eastern,-42991,megawatthours
2020-09-16,NY,New York,D,Demand,Eastern,Eastern,374388,megawatthours
2020-09-16,NY,New York,DF,Day-ahead demand forecast,Eastern,Eastern,377645,megawatthours
2020-09-16,NY,New York,NG,Net generation,Eastern,Eastern,332771,megawatthours
2020-09-16,NY,New York,TI,Total interchange,Eastern,Eastern,-41617,megawatthours
2020-09-15,NY,New York,D,Demand,Eastern,Eastern,368274,megawatthours
2020-09-15,NY,New York,DF,Day-ahead demand forecast,Eastern,Eastern,370422,megawatthours
2020-09-15,NY,New York,NG,Net generation,Eastern,Eastern,330051,megawatthours
2020-09-15,NY,New York,TI,Total interchange,Eastern,Eastern,-38223,megawatthours
2020-09-14,NY,New York,D,Demand,Eastern,Eastern,409808,megawatthours
2020-09-14,NY,New York,DF,Day-ahead demand forecast,Eastern,Eastern,403631,megawatthours
2020-09-14,NY,New York,NG,Net generation,Eastern,Eastern,361125,megawatthours
2020-09-14,NY,New York,TI,Total interchange,Eastern,Eastern,-48683,megawatthours
2020-09-13,NY,New York,D,Demand,Eastern,Eastern,381824,megawatthours
2020-09-13,NY,New York,DF,Day-ahead demand forecast,Eastern,Eastern,369619,megawatthours
2020-09-13,NY,New York,NG,Net generation,Eastern,Eastern,336820,megawatthours
2020-09-13,NY,New York,TI,Total interchange,Eastern,Eastern,-45004,megawatthours
2020-09-12,NY,New York,D,Demand,Eastern,Eastern,368403,megawatthours
2020-09-12,NY,New York,DF,Day-ahead demand forecast,Eastern,Eastern,368421,megawatthours
2020-09-12,NY,New York,NG,Net generation,Eastern,Eastern,319794,megawatthours
2020-09-12,NY,New York,TI,Total interchange,Eastern,Eastern,-48609,megawatthours
2020-09-11,NY,New York,D,Demand,Eastern,Eastern,442151,megawatthours
2020-09-11,NY,New York,DF,Day-ahead demand forecast,Eastern,Eastern,437199,megawatthours
2020-09-11,NY,New York,NG,Net generation,Eastern,Eastern,379787,megawatthours
2020-09-11,NY,New York,TI,Total interchange,Eastern,Eastern,-62364,megawatthours
2020-09-10,NY,New York,D,Demand,Eastern,Eastern,498260,megawatthours
2020-09-10,NY,New York,DF,Day-ahead demand forecast,Eastern,Eastern,483003,megawatthours
2020-09-10,NY,New York,NG,Net generation,Eastern,Eastern,433451,megawatthours
2020-09-10,NY,New York,TI,Total interchange,Eastern,Eastern,-64809,megawatthours
2020-09-09,NY,New York,D,Demand,Eastern,Eastern,479793,megawatthours
2020-09-09,NY,New York,DF,Day-ahead demand forecast,Eastern,Eastern,465371,megawatthours
2020-09-09,NY,New York,NG,Net generation,Eastern,Eastern,419300,megawatthours
2020-09-09,NY,New York,TI,Total interchange,Eastern,Eastern,-60493,megawatthours
2020-09-08,NY,New York,D,Demand,Eastern,Eastern,472367,megawatthours
2020-09-08,NY,New York,DF,Day-ahead demand forecast,Eastern,Eastern,458978,megawatthours
2020-09-08,NY,New York,NG,Net generation,Eastern,Eastern,400784,megawatthours
2020-09-08,NY,New York,TI,Total interchange,Eastern,Eastern,-71583,megawatthours
2020-09-07,NY,New York,D,Demand,Eastern,Eastern,416752,megawatthours
2020-09-07,NY,New York,DF,Day-ahead demand forecast,Eastern,Eastern,407516,megawatthours
2020-09-07,NY,New York,NG,Net generation,Eastern,Eastern,364404,megawatthours
2020-09-07,NY,New York,TI,Total interchange,Eastern,Eastern,-52348,megawatthours
2020-09-06,NY,New York,D,Demand,Eastern,Eastern,395508,megawatthours
2020-09-06,NY,New York,DF,Day-ahead demand forecast,Eastern,Eastern,378303,megawatthours
2020-09-06,NY,New York,NG,Net generation,Eastern,Eastern,329979,megawatthours
2020-09-06,NY,New York,TI,Total interchange,Eastern,Eastern,-65529,megawatthours
2020-09-05,NY,New York,D,Demand,Eastern,Eastern,397321,megawatthours
2020-09-05,NY,New York,DF,Day-ahead demand forecast,Eastern,Eastern,387493,megawatthours
2020-09-05,NY,New York,NG,Net generation,Eastern,Eastern,332808,megawatthours
2020-09-05,NY,New York,TI,Total interchange,Eastern,Eastern,-64513,megawatthours
2020-09-04,NY,New York,D,Demand,Eastern,Eastern,474323,megawatthours
2020-09-04,NY,New York,DF,Day-ahead demand forecast,Eastern,Eastern,468501,megawatthours
2020-09-04,NY,New York,NG,Net generation,Eastern,Eastern,406027,megawatthours
2020-09-04,NY,New York,TI,Total interchange,Eastern,Eastern,-68296,megawatthours
2020-09-03,NY,New York,D,Demand,Eastern,Eastern,488441,megawatthours
2020-09-03,NY,New York,DF,Day-ahead demand forecast,Eastern,Eastern,495316,megawatthours
2020-09-03,NY,New York,NG,Net generation,Eastern,Eastern,396052,megawatthours
2020-09-03,NY,New York,TI,Total interchange,Eastern,Eastern,-92389,megawatthours
2020-09-02,NY,New York,D,Demand,Eastern,Eastern,479008,megawatthours
2020-09-02,NY,New York,DF,Day-ahead demand forecast,Eastern,Eastern,467666,megawatthours
2020-09-02,NY,New York,NG,Net generation,Eastern,Eastern,398282,megawatthours
2020-09-02,NY,New York,TI,Total interchange,Eastern,Eastern,-80726,megawatthours
2020-09-01,NY,New York,D,Demand,Eastern,Eastern,450704,megawatthours
2020-09-01,NY,New York,DF,Day-ahead demand forecast,Eastern,Eastern,437436,megawatthours
2020-09-01,NY,New York,NG,Net generation,Eastern,Eastern,373180,megawatthours
2020-09-01,NY,New York,TI,Total interchange,Eastern,Eastern,-77524,megawatthours
2020-08-31,NY,New York,D,Demand,Eastern,Eastern,419440,megawatthours
2020-08-31,NY,New York,DF,Day-ahead demand forecast,Eastern,Eastern,420045,megawatthours
2020-08-31,NY,New York,NG,Net generation,Eastern,Eastern,343134,megawatthours
2020-08-31,NY,New York,TI,Total interchange,Eastern,Eastern,-76306,megawatthours
2020-08-30,NY,New York,D,Demand,Eastern,Eastern,406151,megawatthours
2020-08-30,NY,New York,DF,Day-ahead demand forecast,Eastern,Eastern,394129,megawatthours
2020-08-30,NY,New York,NG,Net generation,Eastern,Eastern,341255,megawatthours
2020-08-30,NY,New York,TI,Total interchange,Eastern,Eastern,-64896,megawatthours
2020-08-29,NY,New York,D,Demand,Eastern,Eastern,467998,megawatthours
2020-08-29,NY,New York,DF,Day-ahead demand forecast,Eastern,Eastern,461786,megawatthours
2020-08-29,NY,New York,NG,Net generation,Eastern,Eastern,390568,megawatthours
2020-08-29,NY,New York,TI,Total interchange,Eastern,Eastern,-77430,megawatthours
2020-08-28,NY,New York,D,Demand,Eastern,Eastern,488871,megawatthours
2020-08-28,NY,New York,DF,Day-ahead demand forecast,Eastern,Eastern,504872,megawatthours
2020-08-28,NY,New York,NG,Net generation,Eastern,Eastern,412669,megawatthours
2020-08-28,NY,New York,TI,Total interchange,Eastern,Eastern,-76202,megawatthours
2020-08-27,NY,New York,D,Demand,Eastern,Eastern,492221,megawatthours
2020-08-27,NY,New York,DF,Day-ahead demand forecast,Eastern,Eastern,489038,megawatthours
2020-08-27,NY,New York,NG,Net generation,Eastern,Eastern,416048,megawatthours
2020-08-27,NY,New York,TI,Total interchange,Eastern,Eastern,-76173,megawatthours
2020-08-26,NY,New York,D,Demand,Eastern,Eastern,445425,megawatthours
2020-08-26,NY,New York,DF,Day-ahead demand forecast,Eastern,Eastern,447021,megawatthours
2020-08-26,NY,New York,NG,Net generation,Eastern,Eastern,385823,megawatthours
2020-08-26,NY,New York,TI,Total interchange,Eastern,Eastern,-59602,megawatthours
2020-08-25,NY,New York,D,Demand,Eastern,Eastern,544676,megawatthours
2020-08-25,NY,New York,DF,Day-ahead demand forecast,Eastern,Eastern,537255,megawatthours
2020-08-25,NY,New York,NG,Net generation,Eastern,Eastern,471602,megawatthours
2020-08-25,NY,New York,TI,Total interchange,Eastern,Eastern,-73074,megawatthours
2020-08-24,NY,New York,D,Demand,Eastern,Eastern,560478,megawatthours
2020-08-24,NY,New York,DF,Day-ahead demand forecast,Eastern,Eastern,546617,megawatthours
2020-08-24,NY,New York,NG,Net generation,Eastern,Eastern,475617,megawatthours
2020-08-24,NY,New York,TI,Total interchange,Eastern,Eastern,-84861,megawatthours
2020-08-23,NY,New York,D,Demand,Eastern,Eastern,494350,megawatthours
2020-08-23,NY,New York,DF,Day-ahead demand forecast,Eastern,Eastern,489048,megawatthours
2020-08-23,NY,New York,NG,Net generation,Eastern,Eastern,409609,megawatthours
2020-08-23,NY,New York,TI,Total interchange,Eastern,Eastern,-84741,megawatthours
2020-08-22,NY,New York,D,Demand,Eastern,Eastern,488545,megawatthours
2020-08-22,NY,New York,DF,Day-ahead demand forecast,Eastern,Eastern,465110,megawatthours
2020-08-22,NY,New York,NG,Net generation,Eastern,Eastern,406966,megawatthours
2020-08-22,NY,New York,TI,Total interchange,Eastern,Eastern,-81579,megawatthours
2020-08-21,NY,New York,D,Demand,Eastern,Eastern,469932,megawatthours
2020-08-21,NY,New York,DF,Day-ahead demand forecast,Eastern,Eastern,456915,megawatthours
2020-08-21,NY,New York,NG,Net generation,Eastern,Eastern,400897,megawatthours
2020-08-21,NY,New York,TI,Total interchange,Eastern,Eastern,-69035,megawatthours
2020-08-20,NY,New York,D,Demand,Eastern,Eastern,430165,megawatthours
2020-08-20,NY,New York,DF,Day-ahead demand forecast,Eastern,Eastern,429462,megawatthours
2020-08-20,NY,New York,NG,Net generation,Eastern,Eastern,356935,megawatthours
2020-08-20,NY,New York,TI,Total interchange,Eastern,Eastern,-73230,megawatthours
2020-08-19,NY,New York,D,Demand,Eastern,Eastern,437148,megawatthours
2020-08-19,NY,New York,DF,Day-ahead demand forecast,Eastern,Eastern,440158,megawatthours
2020-08-19,NY,New York,NG,Net generation,Eastern,Eastern,370924,megawatthours
2020-08-19,NY,New York,TI,Total interchange,Eastern,Eastern,-66224,megawatthours
2020-08-18,NY,New York,D,Demand,Eastern,Eastern,459762,megawatthours
2020-08-18,NY,New York,DF,Day-ahead demand forecast,Eastern,Eastern,457684,megawatthours
2020-08-18,NY,New York,NG,Net generation,Eastern,Eastern,385117,megawatthours
2020-08-18,NY,New York,TI,Total interchange,Eastern,Eastern,-74645,megawatthours
2020-08-17,NY,New York,D,Demand,Eastern,Eastern,452051,megawatthours
2020-08-17,NY,New York,DF,Day-ahead demand forecast,Eastern,Eastern,455345,megawatthours
2020-08-17,NY,New York,NG,Net generation,Eastern,Eastern,372543,megawatthours
2020-08-17,NY,New York,TI,Total interchange,Eastern,Eastern,-79508,megawatthours
2020-08-16,NY,New York,D,Demand,Eastern,Eastern,420784,megawatthours
2020-08-16,NY,New York,DF,Day-ahead demand forecast,Eastern,Eastern,423848,megawatthours
2020-08-16,NY,New York,NG,Net generation,Eastern,Eastern,352611,megawatthours
2020-08-16,NY,New York,TI,Total interchange,Eastern,Eastern,-68173,megawatthours
2020-08-15,NY,New York,D,Demand,Eastern,Eastern,466205,megawatthours
2020-08-15,NY,New York,DF,Day-ahead demand forecast,Eastern,Eastern,458350,megawatthours
2020-08-15,NY,New York,NG,Net generation,Eastern,Eastern,387155,megawatthours
2020-08-15,NY,New York,TI,Total interchange,Eastern,Eastern,-79050,megawatthours
2020-08-14,NY,New York,D,Demand,Eastern,Eastern,524632,megawatthours
2020-08-14,NY,New York,DF,Day-ahead demand forecast,Eastern,Eastern,521592,megawatthours
2020-08-14,NY,New York,NG,Net generation,Eastern,Eastern,440600,megawatthours
2020-08-14,NY,New York,TI,Total interchange,Eastern,Eastern,-84032,megawatthours
2020-08-13,NY,New York,D,Demand,Eastern,Eastern,526121,megawatthours
2020-08-13,NY,New York,DF,Day-ahead demand forecast,Eastern,Eastern,532796,megawatthours
2020-08-13,NY,New York,NG,Net generation,Eastern,Eastern,457809,megawatthours
2020-08-13,NY,New York,TI,Total interchange,Eastern,Eastern,-68312,megawatthours
2020-08-12,NY,New York,D,Demand,Eastern,Eastern,569205,megawatthours
2020-08-12,NY,New York,DF,Day-ahead demand forecast,Eastern,Eastern,549732,megawatthours
2020-08-12,NY,New York,NG,Net generation,Eastern,Eastern,487767,megawatthours
2020-08-12,NY,New York,TI,Total interchange,Eastern,Eastern,-81438,megawatthours
2020-08-11,NY,New York,D,Demand,Eastern,Eastern,586464,megawatthours
2020-08-11,NY,New York,DF,Day-ahead demand forecast,Eastern,Eastern,572385,megawatthours
2020-08-11,NY,New York,NG,Net generation,Eastern,Eastern,498377,megawatthours
2020-08-11,NY,New York,TI,Total interchange,Eastern,Eastern,-88087,megawatthours
2020-08-10,NY,New York,D,Demand,Eastern,Eastern,577610,megawatthours
2020-08-10,NY,New York,DF,Day-ahead demand forecast,Eastern,Eastern,554089,megawatthours
2020-08-10,NY,New York,NG,Net generation,Eastern,Eastern,490471,megawatthours
2020-08-10,NY,New York,TI,Total interchange,Eastern,Eastern,-87139,megawatthours
2020-08-09,NY,New York,D,Demand,Eastern,Eastern,485315,megawatthours
2020-08-09,NY,New York,DF,Day-ahead demand forecast,Eastern,Eastern,468067,megawatthours
2020-08-09,NY,New York,NG,Net generation,Eastern,Eastern,404473,megawatthours
2020-08-09,NY,New York,TI,Total interchange,Eastern,Eastern,-80842,megawatthours
2020-08-08,NY,New York,D,Demand,Eastern,Eastern,459416,megawatthours
2020-08-08,NY,New York,DF,Day-ahead demand forecast,Eastern,Eastern,445315,megawatthours
2020-08-08,NY,New York,NG,Net generation,Eastern,Eastern,385609,megawatthours
2020-08-08,NY,New York,TI,Total interchange,Eastern,Eastern,-73807,megawatthours
2020-08-07,NY,New York,D,Demand,Eastern,Eastern,458152,megawatthours
2020-08-07,NY,New York,DF,Day-ahead demand forecast,Eastern,Eastern,455998,megawatthours
2020-08-07,NY,New York,NG,Net generation,Eastern,Eastern,393476,megawatthours
2020-08-07,NY,New York,TI,Total interchange,Eastern,Eastern,-64676,megawatthours
2020-08-06,NY,New York,D,Demand,Eastern,Eastern,459526,megawatthours
2020-08-06,NY,New York,DF,Day-ahead demand forecast,Eastern,Eastern,469866,megawatthours
2020-08-06,NY,New York,NG,Net generation,Eastern,Eastern,400909,megawatthours
2020-08-06,NY,New York,TI,Total interchange,Eastern,Eastern,-58617,megawatthours
2020-08-05,NY,New York,D,Demand,Eastern,Eastern,476606,megawatthours
2020-08-05,NY,New York,DF,Day-ahead demand forecast,Eastern,Eastern,507850,megawatthours
2020-08-05,NY,New York,NG,Net generation,Eastern,Eastern,426596,megawatthours
2020-08-05,NY,New York,TI,Total interchange,Eastern,Eastern,-50010,megawatthours
2020-08-04,NY,New York,D,Demand,Eastern,Eastern,490292,megawatthours
2020-08-04,NY,New York,DF,Day-ahead demand forecast,Eastern,Eastern,526560,megawatthours
2020-08-04,NY,New York,NG,Net generation,Eastern,Eastern,432447,megawatthours
2020-08-04,NY,New York,TI,Total interchange,Eastern,Eastern,-57845,megawatthours
2020-08-03,NY,New York,D,Demand,Eastern,Eastern,564260,megawatthours
2020-08-03,NY,New York,DF,Day-ahead demand forecast,Eastern,Eastern,554971,megawatthours
2020-08-03,NY,New York,NG,Net generation,Eastern,Eastern,475831,megawatthours
2020-08-03,NY,New York,TI,Total interchange,Eastern,Eastern,-88429,megawatthours
2020-08-02,NY,New York,D,Demand,Eastern,Eastern,532933,megawatthours
2020-08-02,NY,New York,DF,Day-ahead demand forecast,Eastern,Eastern,508541,megawatthours
2020-08-02,NY,New York,NG,Net generation,Eastern,Eastern,456956,megawatthours
2020-08-02,NY,New York,TI,Total interchange,Eastern,Eastern,-75977,megawatthours
2020-08-01,NY,New York,D,Demand,Eastern,Eastern,502101,megawatthours
2020-08-01,NY,New York,DF,Day-ahead demand forecast,Eastern,Eastern,487084,megawatthours
2020-08-01,NY,New York,NG,Net generation,Eastern,Eastern,430994,megawatthours
2020-08-01,NY,New York,TI,Total interchange,Eastern,Eastern,-71107,megawatthours
2020-07-31,NY,New York,D,Demand,Eastern,Eastern,515962,megawatthours
2020-07-31,NY,New York,DF,Day-ahead demand forecast,Eastern,Eastern,511158,megawatthours
2020-07-31,NY,New York,NG,Net generation,Eastern,Eastern,432854,megawatthours
2020-07-31,NY,New York,TI,Total interchange,Eastern,Eastern,-83108,megawatthours
2020-07-30,NY,New York,D,Demand,Eastern,Eastern,564827,megawatthours
2020-07-30,NY,New York,DF,Day-ahead demand forecast,Eastern,Eastern,553621,megawatthours
2020-07-30,NY,New York,NG,Net generation,Eastern,Eastern,482482,megawatthours
2020-07-30,NY,New York,TI,Total interchange,Eastern,Eastern,-82345,megawatthours
2020-07-29,NY,New York,D,Demand,Eastern,Eastern,569606,megawatthours
2020-07-29,NY,New York,DF,Day-ahead demand forecast,Eastern,Eastern,564118,megawatthours
2020-07-29,NY,New York,NG,Net generation,Eastern,Eastern,495818,megawatthours
2020-07-29,NY,New York,TI,Total interchange,Eastern,Eastern,-73788,megawatthours
2020-07-28,NY,New York,D,Demand,Eastern,Eastern,610363,megawatthours
2020-07-28,NY,New York,DF,Day-ahead demand forecast,Eastern,Eastern,593932,megawatthours
2020-07-28,NY,New York,NG,Net generation,Eastern,Eastern,539089,megawatthours
2020-07-28,NY,New York,TI,Total interchange,Eastern,Eastern,-71274,megawatthours
2020-07-27,NY,New York,D,Demand,Eastern,Eastern,606105,megawatthours
2020-07-27,NY,New York,DF,Day-ahead demand forecast,Eastern,Eastern,595653,megawatthours
2020-07-27,NY,New York,NG,Net generation,Eastern,Eastern,535812,megawatthours
2020-07-27,NY,New York,TI,Total interchange,Eastern,Eastern,-70293,megawatthours
2020-07-26,NY,New York,D,Demand,Eastern,Eastern,542869,megawatthours
2020-07-26,NY,New York,DF,Day-ahead demand forecast,Eastern,Eastern,525688,megawatthours
2020-07-26,NY,New York,NG,Net generation,Eastern,Eastern,478386,megawatthours
2020-07-26,NY,New York,TI,Total interchange,Eastern,Eastern,-64483,megawatthours
2020-07-25,NY,New York,D,Demand,Eastern,Eastern,515492,megawatthours
2020-07-25,NY,New York,DF,Day-ahead demand forecast,Eastern,Eastern,510311,megawatthours
2020-07-25,NY,New York,NG,Net generation,Eastern,Eastern,435592,megawatthours
2020-07-25,NY,New York,TI,Total interchange,Eastern,Eastern,-79900,megawatthours
2020-07-24,NY,New York,D,Demand,Eastern,Eastern,524058,megawatthours
2020-07-24,NY,New York,DF,Day-ahead demand forecast,Eastern,Eastern,541059,megawatthours
2020-07-24,NY,New York,NG,Net generation,Eastern,Eastern,437102,megawatthours
2020-07-24,NY,New York,TI,Total interchange,Eastern,Eastern,-86956,megawatthours
2020-07-23,NY,New York,D,Demand,Eastern,Eastern,563358,megawatthours
2020-07-23,NY,New York,DF,Day-ahead demand forecast,Eastern,Eastern,571265,megawatthours
2020-07-23,NY,New York,NG,Net generation,Eastern,Eastern,482137,megawatthours
2020-07-23,NY,New York,TI,Total interchange,Eastern,Eastern,-81221,megawatthours
2020-07-22,NY,New York,D,Demand,Eastern,Eastern,573146,megawatthours
2020-07-22,NY,New York,DF,Day-ahead demand forecast,Eastern,Eastern,561481,megawatthours
2020-07-22,NY,New York,NG,Net generation,Eastern,Eastern,488309,megawatthours
2020-07-22,NY,New York,TI,Total interchange,Eastern,Eastern,-84837,megawatthours
2020-07-21,NY,New York,D,Demand,Eastern,Eastern,569133,megawatthours
2020-07-21,NY,New York,DF,Day-ahead demand forecast,Eastern,Eastern,559635,megawatthours
2020-07-21,NY,New York,NG,Net generation,Eastern,Eastern,493252,megawatthours
2020-07-21,NY,New York,TI,Total interchange,Eastern,Eastern,-75881,megawatthours
2020-07-20,NY,New York,D,Demand,Eastern,Eastern,607949,megawatthours
2020-07-20,NY,New York,DF,Day-ahead demand forecast,Eastern,Eastern,597543,megawatthours
2020-07-20,NY,New York,NG,Net generation,Eastern,Eastern,531408,megawatthours
2020-07-20,NY,New York,TI,Total interchange,Eastern,Eastern,-76541,megawatthours
2020-07-19,NY,New York,D,Demand,Eastern,Eastern,547632,megawatthours
2020-07-19,NY,New York,DF,Day-ahead demand forecast,Eastern,Eastern,535910,megawatthours
2020-07-19,NY,New York,NG,Net generation,Eastern,Eastern,474130,megawatthours
2020-07-19,NY,New York,TI,Total interchange,Eastern,Eastern,-73502,megawatthours
2020-07-18,NY,New York,D,Demand,Eastern,Eastern,510991,megawatthours
2020-07-18,NY,New York,DF,Day-ahead demand forecast,Eastern,Eastern,496546,megawatthours
2020-07-18,NY,New York,NG,Net generation,Eastern,Eastern,430809,megawatthours
2020-07-18,NY,New York,TI,Total interchange,Eastern,Eastern,-80182,megawatthours
2020-07-17,NY,New York,D,Demand,Eastern,Eastern,487883,megawatthours
2020-07-17,NY,New York,DF,Day-ahead demand forecast,Eastern,Eastern,484396,megawatthours
2020-07-17,NY,New York,NG,Net generation,Eastern,Eastern,414788,megawatthours
2020-07-17,NY,New York,TI,Total interchange,Eastern,Eastern,-73095,megawatthours
2020-07-16,NY,New York,D,Demand,Eastern,Eastern,477647,megawatthours
2020-07-16,NY,New York,DF,Day-ahead demand forecast,Eastern,Eastern,477879,megawatthours
2020-07-16,NY,New York,NG,Net generation,Eastern,Eastern,408779,megawatthours
2020-07-16,NY,New York,TI,Total interchange,Eastern,Eastern,-68868,megawatthours
2020-07-15,NY,New York,D,Demand,Eastern,Eastern,500716,megawatthours
2020-07-15,NY,New York,DF,Day-ahead demand forecast,Eastern,Eastern,492279,megawatthours
2020-07-15,NY,New York,NG,Net generation,Eastern,Eastern,422898,megawatthours
2020-07-15,NY,New York,TI,Total interchange,Eastern,Eastern,-77818,megawatthours
2020-07-14,NY,New York,D,Demand,Eastern,Eastern,507747,megawatthours
2020-07-14,NY,New York,DF,Day-ahead demand forecast,Eastern,Eastern,494210,megawatthours
2020-07-14,NY,New York,NG,Net generation,Eastern,Eastern,428697,megawatthours
2020-07-14,NY,New York,TI,Total interchange,Eastern,Eastern,-79050,megawatthours
2020-07-13,NY,New York,D,Demand,Eastern,Eastern,522728,megawatthours
2020-07-13,NY,New York,DF,Day-ahead demand forecast,Eastern,Eastern,508238,megawatthours
2020-07-13,NY,New York,NG,Net generation,Eastern,Eastern,446271,megawatthours
2020-07-13,NY,New York,TI,Total interchange,Eastern,Eastern,-76457,megawatthours
2020-07-12,NY,New York,D,Demand,Eastern,Eastern,490645,megawatthours
2020-07-12,NY,New York,DF,Day-ahead demand forecast,Eastern,Eastern,481896,megawatthours
2020-07-12,NY,New York,NG,Net generation,Eastern,Eastern,411196,megawatthours
2020-07-12,NY,New York,TI,Total interchange,Eastern,Eastern,-79449,megawatthours
2020-07-11,NY,New York,D,Demand,Eastern,Eastern,505563,megawatthours
2020-07-11,NY,New York,DF,Day-ahead demand forecast,Eastern,Eastern,508057,megawatthours
2020-07-11,NY,New York,NG,Net generation,Eastern,Eastern,421095,megawatthours
2020-07-11,NY,New York,TI,Total interchange,Eastern,Eastern,-84468,megawatthours
2020-07-10,NY,New York,D,Demand,Eastern,Eastern,538624,megawatthours
2020-07-10,NY,New York,DF,Day-ahead demand forecast,Eastern,Eastern,542460,megawatthours
2020-07-10,NY,New York,NG,Net generation,Eastern,Eastern,461816,megawatthours
2020-07-10,NY,New York,TI,Total interchange,Eastern,Eastern,-76808,megawatthours
2020-07-09,NY,New York,D,Demand,Eastern,Eastern,568242,megawatthours
2020-07-09,NY,New York,DF,Day-ahead demand forecast,Eastern,Eastern,560522,megawatthours
2020-07-09,NY,New York,NG,Net generation,Eastern,Eastern,484977,megawatthours
2020-07-09,NY,New York,TI,Total interchange,Eastern,Eastern,-83265,megawatthours
2020-07-08,NY,New York,D,Demand,Eastern,Eastern,546111,megawatthours
2020-07-08,NY,New York,DF,Day-ahead demand forecast,Eastern,Eastern,537930,megawatthours
2020-07-08,NY,New York,NG,Net generation,Eastern,Eastern,462305,megawatthours
2020-07-08,NY,New York,TI,Total interchange,Eastern,Eastern,-83806,megawatthours
2020-07-07,NY,New York,D,Demand,Eastern,Eastern,518063,megawatthours
2020-07-07,NY,New York,DF,Day-ahead demand forecast,Eastern,Eastern,529542,megawatthours
2020-07-07,NY,New York,NG,Net generation,Eastern,Eastern,431971,megawatthours
2020-07-07,NY,New York,TI,Total interchange,Eastern,Eastern,-86092,megawatthours
2020-07-06,NY,New York,D,Demand,Eastern,Eastern,534612,megawatthours
2020-07-06,NY,New York,DF,Day-ahead demand forecast,Eastern,Eastern,536502,megawatthours
2020-07-06,NY,New York,NG,Net generation,Eastern,Eastern,438489,megawatthours
2020-07-06,NY,New York,TI,Total interchange,Eastern,Eastern,-96123,megawatthours
2020-07-05,NY,New York,D,Demand,Eastern,Eastern,481033,megawatthours
2020-07-05,NY,New York,DF,Day-ahead demand forecast,Eastern,Eastern,472052,megawatthours
2020-07-05,NY,New York,NG,Net generation,Eastern,Eastern,397770,megawatthours
2020-07-05,NY,New York,TI,Total interchange,Eastern,Eastern,-83263,megawatthours
2020-07-04,NY,New York,D,Demand,Eastern,Eastern,460584,megawatthours
2020-07-04,NY,New York,DF,Day-ahead demand forecast,Eastern,Eastern,457508,megawatthours
2020-07-04,NY,New York,NG,Net generation,Eastern,Eastern,373757,megawatthours
2020-07-04,NY,New York,TI,Total interchange,Eastern,Eastern,-86827,megawatthours
2020-07-03,NY,New York,D,Demand,Eastern,Eastern,506370,megawatthours
2020-07-03,NY,New York,DF,Day-ahead demand forecast,Eastern,Eastern,496431,megawatthours
2020-07-03,NY,New York,NG,Net generation,Eastern,Eastern,412389,megawatthours
2020-07-03,NY,New York,TI,Total interchange,Eastern,Eastern,-93981,megawatthours
2020-07-02,NY,New York,D,Demand,Eastern,Eastern,504550,megawatthours
2020-07-02,NY,New York,DF,Day-ahead demand forecast,Eastern,Eastern,497861,megawatthours
2020-07-02,NY,New York,NG,Net generation,Eastern,Eastern,417478,megawatthours
2020-07-02,NY,New York,TI,Total interchange,Eastern,Eastern,-87072,megawatthours
2020-07-01,NY,New York,D,Demand,Eastern,Eastern,466835,megawatthours
2020-07-01,NY,New York,DF,Day-ahead demand forecast,Eastern,Eastern,466989,megawatthours
2020-07-01,NY,New York,NG,Net generation,Eastern,Eastern,384745,megawatthours
2020-07-01,NY,New York,TI,Total interchange,Eastern,Eastern,-82090,megawatthours
2020-06-30,NY,New York,D,Demand,Eastern,Eastern,462231,megawatthours
2020-06-30,NY,New York,DF,Day-ahead demand forecast,Eastern,Eastern,473394,megawatthours
2020-06-30,NY,New York,NG,Net generation,Eastern,Eastern,401854,megawatthours
2020-06-30,NY,New York,TI,Total interchange,Eastern,Eastern,-60377,megawatthours
2020-06-29,NY,New York,D,Demand,Eastern,Eastern,491415,megawatthours
2020-06-29,NY,New York,DF,Day-ahead demand forecast,Eastern,Eastern,495595,megawatthours
2020-06-29,NY,New York,NG,Net generation,Eastern,Eastern,415400,megawatthours
2020-06-29,NY,New York,TI,Total interchange,Eastern,Eastern,-76015,megawatthours
2020-06-28,NY,New York,D,Demand,Eastern,Eastern,460176,megawatthours
2020-06-28,NY,New York,DF,Day-ahead demand forecast,Eastern,Eastern,460109,megawatthours
2020-06-28,NY,New York,NG,Net generation,Eastern,Eastern,393205,megawatthours
2020-06-28,NY,New York,TI,Total interchange,Eastern,Eastern,-66971,megawatthours
2020-06-27,NY,New York,D,Demand,Eastern,Eastern,435377,megawatthours
2020-06-27,NY,New York,DF,Day-ahead demand forecast,Eastern,Eastern,446068,megawatthours
2020-06-27,NY,New York,NG,Net generation,Eastern,Eastern,388582,megawatthours
2020-06-27,NY,New York,TI,Total interchange,Eastern,Eastern,-46795,megawatthours
2020-06-26,NY,New York,D,Demand,Eastern,Eastern,471196,megawatthours
2020-06-26,NY,New York,DF,Day-ahead demand forecast,Eastern,Eastern,467446,megawatthours
2020-06-26,NY,New York,NG,Net generation,Eastern,Eastern,406242,megawatthours
2020-06-26,NY,New York,TI,Total interchange,Eastern,Eastern,-64954,megawatthours
2020-06-25,NY,New York,D,Demand,Eastern,Eastern,464667,megawatthours
2020-06-25,NY,New York,DF,Day-ahead demand forecast,Eastern,Eastern,466690,megawatthours
2020-06-25,NY,New York,NG,Net generation,Eastern,Eastern,402877,megawatthours
2020-06-25,NY,New York,TI,Total interchange,Eastern,Eastern,-61790,megawatthours
2020-06-24,NY,New York,D,Demand,Eastern,Eastern,493863,megawatthours
2020-06-24,NY,New York,DF,Day-ahead demand forecast,Eastern,Eastern,497520,megawatthours
2020-06-24,NY,New York,NG,Net generation,Eastern,Eastern,413686,megawatthours
2020-06-24,NY,New York,TI,Total interchange,Eastern,Eastern,-80177,megawatthours
2020-06-23,NY,New York,D,Demand,Eastern,Eastern,528120,megawatthours
2020-06-23,NY,New York,DF,Day-ahead demand forecast,Eastern,Eastern,520112,megawatthours
2020-06-23,NY,New York,NG,Net generation,Eastern,Eastern,439024,megawatthours
2020-06-23,NY,New York,TI,Total interchange,Eastern,Eastern,-89096,megawatthours
2020-06-22,NY,New York,D,Demand,Eastern,Eastern,529362,megawatthours
2020-06-22,NY,New York,DF,Day-ahead demand forecast,Eastern,Eastern,510763,megawatthours
2020-06-22,NY,New York,NG,Net generation,Eastern,Eastern,438798,megawatthours
2020-06-22,NY,New York,TI,Total interchange,Eastern,Eastern,-90564,megawatthours
2020-06-21,NY,New York,D,Demand,Eastern,Eastern,467528,megawatthours
2020-06-21,NY,New York,DF,Day-ahead demand forecast,Eastern,Eastern,442434,megawatthours
2020-06-21,NY,New York,NG,Net generation,Eastern,Eastern,388278,megawatthours
2020-06-21,NY,New York,TI,Total interchange,Eastern,Eastern,-79250,megawatthours
2020-06-20,NY,New York,D,Demand,Eastern,Eastern,454682,megawatthours
2020-06-20,NY,New York,DF,Day-ahead demand forecast,Eastern,Eastern,437784,megawatthours
2020-06-20,NY,New York,NG,Net generation,Eastern,Eastern,387114,megawatthours
2020-06-20,NY,New York,TI,Total interchange,Eastern,Eastern,-67568,megawatthours
2020-06-19,NY,New York,D,Demand,Eastern,Eastern,459477,megawatthours
2020-06-19,NY,New York,DF,Day-ahead demand forecast,Eastern,Eastern,445990,megawatthours
2020-06-19,NY,New York,NG,Net generation,Eastern,Eastern,392359,megawatthours
2020-06-19,NY,New York,TI,Total interchange,Eastern,Eastern,-67118,megawatthours
2020-06-18,NY,New York,D,Demand,Eastern,Eastern,437800,megawatthours
2020-06-18,NY,New York,DF,Day-ahead demand forecast,Eastern,Eastern,427099,megawatthours
2020-06-18,NY,New York,NG,Net generation,Eastern,Eastern,369407,megawatthours
2020-06-18,NY,New York,TI,Total interchange,Eastern,Eastern,-68393,megawatthours
2020-06-17,NY,New York,D,Demand,Eastern,Eastern,405260,megawatthours
2020-06-17,NY,New York,DF,Day-ahead demand forecast,Eastern,Eastern,399086,megawatthours
2020-06-17,NY,New York,NG,Net generation,Eastern,Eastern,340015,megawatthours
2020-06-17,NY,New York,TI,Total interchange,Eastern,Eastern,-65245,megawatthours
2020-06-16,NY,New York,D,Demand,Eastern,Eastern,386066,megawatthours
2020-06-16,NY,New York,DF,Day-ahead demand forecast,Eastern,Eastern,383534,megawatthours
2020-06-16,NY,New York,NG,Net generation,Eastern,Eastern,322962,megawatthours
2020-06-16,NY,New York,TI,Total interchange,Eastern,Eastern,-63104,megawatthours
2020-06-15,NY,New York,D,Demand,Eastern,Eastern,373907,megawatthours
2020-06-15,NY,New York,DF,Day-ahead demand forecast,Eastern,Eastern,373917,megawatthours
2020-06-15,NY,New York,NG,Net generation,Eastern,Eastern,309264,megawatthours
2020-06-15,NY,New York,TI,Total interchange,Eastern,Eastern,-64643,megawatthours
2020-06-14,NY,New York,D,Demand,Eastern,Eastern,337827,megawatthours
2020-06-14,NY,New York,DF,Day-ahead demand forecast,Eastern,Eastern,330100,megawatthours
2020-06-14,NY,New York,NG,Net generation,Eastern,Eastern,279634,megawatthours
2020-06-14,NY,New York,TI,Total interchange,Eastern,Eastern,-58193,megawatthours
2020-06-13,NY,New York,D,Demand,Eastern,Eastern,357046,megawatthours
2020-06-13,NY,New York,DF,Day-ahead demand forecast,Eastern,Eastern,354814,megawatthours
2020-06-13,NY,New York,NG,Net generation,Eastern,Eastern,296190,megawatthours
2020-06-13,NY,New York,TI,Total interchange,Eastern,Eastern,-60856,megawatthours
2020-06-12,NY,New York,D,Demand,Eastern,Eastern,428356,megawatthours
2020-06-12,NY,New York,DF,Day-ahead demand forecast,Eastern,Eastern,430335,megawatthours
2020-06-12,NY,New York,NG,Net generation,Eastern,Eastern,360299,megawatthours
2020-06-12,NY,New York,TI,Total interchange,Eastern,Eastern,-68057,megawatthours
2020-06-11,NY,New York,D,Demand,Eastern,Eastern,459278,megawatthours
2020-06-11,NY,New York,DF,Day-ahead demand forecast,Eastern,Eastern,463239,megawatthours
2020-06-11,NY,New York,NG,Net generation,Eastern,Eastern,387160,megawatthours
2020-06-11,NY,New York,TI,Total interchange,Eastern,Eastern,-72118,megawatthours
2020-06-10,NY,New York,D,Demand,Eastern,Eastern,479478,megawatthours
2020-06-10,NY,New York,DF,Day-ahead demand forecast,Eastern,Eastern,464627,megawatthours
2020-06-10,NY,New York,NG,Net generation,Eastern,Eastern,402931,megawatthours
2020-06-10,NY,New York,TI,Total interchange,Eastern,Eastern,-76547,megawatthours
2020-06-09,NY,New York,D,Demand,Eastern,Eastern,435300,megawatthours
2020-06-09,NY,New York,DF,Day-ahead demand forecast,Eastern,Eastern,407525,megawatthours
2020-06-09,NY,New York,NG,Net generation,Eastern,Eastern,362521,megawatthours
2020-06-09,NY,New York,TI,Total interchange,Eastern,Eastern,-72779,megawatthours
2020-06-08,NY,New York,D,Demand,Eastern,Eastern,383467,megawatthours
2020-06-08,NY,New York,DF,Day-ahead demand forecast,Eastern,Eastern,380157,megawatthours
2020-06-08,NY,New York,NG,Net generation,Eastern,Eastern,323012,megawatthours
2020-06-08,NY,New York,TI,Total interchange,Eastern,Eastern,-60455,megawatthours
2020-06-07,NY,New York,D,Demand,Eastern,Eastern,356636,megawatthours
2020-06-07,NY,New York,DF,Day-ahead demand forecast,Eastern,Eastern,352606,megawatthours
2020-06-07,NY,New York,NG,Net generation,Eastern,Eastern,292307,megawatthours
2020-06-07,NY,New York,TI,Total interchange,Eastern,Eastern,-64329,megawatthours
2020-06-06,NY,New York,D,Demand,Eastern,Eastern,422362,megawatthours
2020-06-06,NY,New York,DF,Day-ahead demand forecast,Eastern,Eastern,395042,megawatthours
2020-06-06,NY,New York,NG,Net generation,Eastern,Eastern,352936,megawatthours
2020-06-06,NY,New York,TI,Total interchange,Eastern,Eastern,-69426,megawatthours
2020-06-05,NY,New York,D,Demand,Eastern,Eastern,437673,megawatthours
2020-06-05,NY,New York,DF,Day-ahead demand forecast,Eastern,Eastern,434729,megawatthours
2020-06-05,NY,New York,NG,Net generation,Eastern,Eastern,372193,megawatthours
2020-06-05,NY,New York,TI,Total interchange,Eastern,Eastern,-65480,megawatthours
2020-06-04,NY,New York,D,Demand,Eastern,Eastern,421995,megawatthours
2020-06-04,NY,New York,DF,Day-ahead demand forecast,Eastern,Eastern,414084,megawatthours
2020-06-04,NY,New York,NG,Net generation,Eastern,Eastern,361910,megawatthours
2020-06-04,NY,New York,TI,Total interchange,Eastern,Eastern,-60085,megawatthours
2020-06-03,NY,New York,D,Demand,Eastern,Eastern,387358,megawatthours
2020-06-03,NY,New York,DF,Day-ahead demand forecast,Eastern,Eastern,389769,megawatthours
2020-06-03,NY,New York,NG,Net generation,Eastern,Eastern,334046,megawatthours
2020-06-03,NY,New York,TI,Total interchange,Eastern,Eastern,-53312,megawatthours
2020-06-02,NY,New York,D,Demand,Eastern,Eastern,354817,megawatthours
2020-06-02,NY,New York,DF,Day-ahead demand forecast,Eastern,Eastern,351507,megawatthours
2020-06-02,NY,New York,NG,Net generation,Eastern,Eastern,309316,megawatthours
2020-06-02,NY,New York,TI,Total interchange,Eastern,Eastern,-45501,megawatthours
2020-06-01,NY,New York,D,Demand,Eastern,Eastern,342877,megawatthours
2020-06-01,NY,New York,DF,Day-ahead demand forecast,Eastern,Eastern,340347,megawatthours
2020-06-01,NY,New York,NG,Net generation,Eastern,Eastern,306510,megawatthours
2020-06-01,NY,New York,TI,Total interchange,Eastern,Eastern,-36367,megawatthours
2020-05-31,NY,New York,D,Demand,Eastern,Eastern,325062,megawatthours
2020-05-31,NY,New York,DF,Day-ahead demand forecast,Eastern,Eastern,323108,megawatthours
2020-05-31,NY,New York,NG,Net generation,Eastern,Eastern,288033,megawatthours
2020-05-31,NY,New York,TI,Total interchange,Eastern,Eastern,-37029,megawatthours
2020-05-30,NY,New York,D,Demand,Eastern,Eastern,368260,megawatthours
2020-05-30,NY,New York,DF,Day-ahead demand forecast,Eastern,Eastern,373342,megawatthours
2020-05-30,NY,New York,NG,Net generation,Eastern,Eastern,312945,megawatthours
2020-05-30,NY,New York,TI,Total interchange,Eastern,Eastern,-55315,megawatthours
2020-05-29,NY,New York,D,Demand,Eastern,Eastern,415414,megawatthours
2020-05-29,NY,New York,DF,Day-ahead demand forecast,Eastern,Eastern,412760,megawatthours
2020-05-29,NY,New York,NG,Net generation,Eastern,Eastern,341653,megawatthours
2020-05-29,NY,New York,TI,Total interchange,Eastern,Eastern,-73761,megawatthours
2020-05-28,NY,New York,D,Demand,Eastern,Eastern,406851,megawatthours
2020-05-28,NY,New York,DF,Day-ahead demand forecast,Eastern,Eastern,406718,megawatthours
2020-05-28,NY,New York,NG,Net generation,Eastern,Eastern,339677,megawatthours
2020-05-28,NY,New York,TI,Total interchange,Eastern,Eastern,-67174,megawatthours
2020-05-27,NY,New York,D,Demand,Eastern,Eastern,409021,megawatthours
2020-05-27,NY,New York,DF,Day-ahead demand forecast,Eastern,Eastern,410619,megawatthours
2020-05-27,NY,New York,NG,Net generation,Eastern,Eastern,335924,megawatthours
2020-05-27,NY,New York,TI,Total interchange,Eastern,Eastern,-73097,megawatthours
2020-05-26,NY,New York,D,Demand,Eastern,Eastern,392903,megawatthours
2020-05-26,NY,New York,DF,Day-ahead demand forecast,Eastern,Eastern,393870,megawatthours
2020-05-26,NY,New York,NG,Net generation,Eastern,Eastern,327873,megawatthours
2020-05-26,NY,New York,TI,Total interchange,Eastern,Eastern,-65030,megawatthours
2020-05-25,NY,New York,D,Demand,Eastern,Eastern,339453,megawatthours
2020-05-25,NY,New York,DF,Day-ahead demand forecast,Eastern,Eastern,319512,megawatthours
2020-05-25,NY,New York,NG,Net generation,Eastern,Eastern,284171,megawatthours
2020-05-25,NY,New York,TI,Total interchange,Eastern,Eastern,-55282,megawatthours
2020-05-24,NY,New York,D,Demand,Eastern,Eastern,321627,megawatthours
2020-05-24,NY,New York,DF,Day-ahead demand forecast,Eastern,Eastern,305140,megawatthours
2020-05-24,NY,New York,NG,Net generation,Eastern,Eastern,250569,megawatthours
2020-05-24,NY,New York,TI,Total interchange,Eastern,Eastern,-71058,megawatthours
2020-05-23,NY,New York,D,Demand,Eastern,Eastern,342404,megawatthours
2020-05-23,NY,New York,DF,Day-ahead demand forecast,Eastern,Eastern,334947,megawatthours
2020-05-23,NY,New York,NG,Net generation,Eastern,Eastern,268433,megawatthours
2020-05-23,NY,New York,TI,Total interchange,Eastern,Eastern,-73971,megawatthours
2020-05-22,NY,New York,D,Demand,Eastern,Eastern,347239,megawatthours
2020-05-22,NY,New York,DF,Day-ahead demand forecast,Eastern,Eastern,345454,megawatthours
2020-05-22,NY,New York,NG,Net generation,Eastern,Eastern,281458,megawatthours
2020-05-22,NY,New York,TI,Total interchange,Eastern,Eastern,-65781,megawatthours
2020-05-21,NY,New York,D,Demand,Eastern,Eastern,332967,megawatthours
2020-05-21,NY,New York,DF,Day-ahead demand forecast,Eastern,Eastern,328535,megawatthours
2020-05-21,NY,New York,NG,Net generation,Eastern,Eastern,266746,megawatthours
2020-05-21,NY,New York,TI,Total interchange,Eastern,Eastern,-66221,megawatthours
2020-05-20,NY,New York,D,Demand,Eastern,Eastern,331513,megawatthours
2020-05-20,NY,New York,DF,Day-ahead demand forecast,Eastern,Eastern,326781,megawatthours
2020-05-20,NY,New York,NG,Net generation,Eastern,Eastern,262627,megawatthours
2020-05-20,NY,New York,TI,Total interchange,Eastern,Eastern,-68886,megawatthours
2020-05-19,NY,New York,D,Demand,Eastern,Eastern,332387,megawatthours
2020-05-19,NY,New York,DF,Day-ahead demand forecast,Eastern,Eastern,333633,megawatthours
2020-05-19,NY,New York,NG,Net generation,Eastern,Eastern,267236,megawatthours
2020-05-19,NY,New York,TI,Total interchange,Eastern,Eastern,-65151,megawatthours
2020-05-18,NY,New York,D,Demand,Eastern,Eastern,338796,megawatthours
2020-05-18,NY,New York,DF,Day-ahead demand forecast,Eastern,Eastern,337227,megawatthours
2020-05-18,NY,New York,NG,Net generation,Eastern,Eastern,274296,megawatthours
2020-05-18,NY,New York,TI,Total interchange,Eastern,Eastern,-64500,megawatthours
2020-05-17,NY,New York,D,Demand,Eastern,Eastern,314957,megawatthours
2020-05-17,NY,New York,DF,Day-ahead demand forecast,Eastern,Eastern,308176,megawatthours
2020-05-17,NY,New York,NG,Net generation,Eastern,Eastern,247999,megawatthours
2020-05-17,NY,New York,TI,Total interchange,Eastern,Eastern,-66958,megawatthours
2020-05-16,NY,New York,D,Demand,Eastern,Eastern,329775,megawatthours
2020-05-16,NY,New York,DF,Day-ahead demand forecast,Eastern,Eastern,329886,megawatthours
2020-05-16,NY,New York,NG,Net generation,Eastern,Eastern,267693,megawatthours
2020-05-16,NY,New York,TI,Total interchange,Eastern,Eastern,-62082,megawatthours
2020-05-15,NY,New York,D,Demand,Eastern,Eastern,349492,megawatthours
2020-05-15,NY,New York,DF,Day-ahead demand forecast,Eastern,Eastern,350239,megawatthours
2020-05-15,NY,New York,NG,Net generation,Eastern,Eastern,306906,megawatthours
2020-05-15,NY,New York,TI,Total interchange,Eastern,Eastern,-42586,megawatthours
2020-05-14,NY,New York,D,Demand,Eastern,Eastern,337978,megawatthours
2020-05-14,NY,New York,DF,Day-ahead demand forecast,Eastern,Eastern,336892,megawatthours
2020-05-14,NY,New York,NG,Net generation,Eastern,Eastern,280585,megawatthours
2020-05-14,NY,New York,TI,Total interchange,Eastern,Eastern,-57393,megawatthours
2020-05-13,NY,New York,D,Demand,Eastern,Eastern,339307,megawatthours
2020-05-13,NY,New York,DF,Day-ahead demand forecast,Eastern,Eastern,333713,megawatthours
2020-05-13,NY,New York,NG,Net generation,Eastern,Eastern,292473,megawatthours
2020-05-13,NY,New York,TI,Total interchange,Eastern,Eastern,-46834,megawatthours
2020-05-12,NY,New York,D,Demand,Eastern,Eastern,346632,megawatthours
2020-05-12,NY,New York,DF,Day-ahead demand forecast,Eastern,Eastern,340062,megawatthours
2020-05-12,NY,New York,NG,Net generation,Eastern,Eastern,297163,megawatthours
2020-05-12,NY,New York,TI,Total interchange,Eastern,Eastern,-49469,megawatthours
2020-05-11,NY,New York,D,Demand,Eastern,Eastern,349356,megawatthours
2020-05-11,NY,New York,DF,Day-ahead demand forecast,Eastern,Eastern,347182,megawatthours
2020-05-11,NY,New York,NG,Net generation,Eastern,Eastern,290966,megawatthours
2020-05-11,NY,New York,TI,Total interchange,Eastern,Eastern,-58390,megawatthours
2020-05-10,NY,New York,D,Demand,Eastern,Eastern,322396,megawatthours
2020-05-10,NY,New York,DF,Day-ahead demand forecast,Eastern,Eastern,316500,megawatthours
2020-05-10,NY,New York,NG,Net generation,Eastern,Eastern,267110,megawatthours
2020-05-10,NY,New York,TI,Total interchange,Eastern,Eastern,-55286,megawatthours
2020-05-09,NY,New York,D,Demand,Eastern,Eastern,344123,megawatthours
2020-05-09,NY,New York,DF,Day-ahead demand forecast,Eastern,Eastern,324974,megawatthours
2020-05-09,NY,New York,NG,Net generation,Eastern,Eastern,286369,megawatthours
2020-05-09,NY,New York,TI,Total interchange,Eastern,Eastern,-57754,megawatthours
2020-05-08,NY,New York,D,Demand,Eastern,Eastern,346524,megawatthours
2020-05-08,NY,New York,DF,Day-ahead demand forecast,Eastern,Eastern,336942,megawatthours
2020-05-08,NY,New York,NG,Net generation,Eastern,Eastern,287516,megawatthours
2020-05-08,NY,New York,TI,Total interchange,Eastern,Eastern,-59008,megawatthours
2020-05-07,NY,New York,D,Demand,Eastern,Eastern,335328,megawatthours
2020-05-07,NY,New York,DF,Day-ahead demand forecast,Eastern,Eastern,334375,megawatthours
2020-05-07,NY,New York,NG,Net generation,Eastern,Eastern,284555,megawatthours
2020-05-07,NY,New York,TI,Total interchange,Eastern,Eastern,-50773,megawatthours
2020-05-06,NY,New York,D,Demand,Eastern,Eastern,344727,megawatthours
2020-05-06,NY,New York,DF,Day-ahead demand forecast,Eastern,Eastern,336627,megawatthours
2020-05-06,NY,New York,NG,Net generation,Eastern,Eastern,294355,megawatthours
2020-05-06,NY,New York,TI,Total interchange,Eastern,Eastern,-50372,megawatthours
2020-05-05,NY,New York,D,Demand,Eastern,Eastern,332300,megawatthours
2020-05-05,NY,New York,DF,Day-ahead demand forecast,Eastern,Eastern,331451,megawatthours
2020-05-05,NY,New York,NG,Net generation,Eastern,Eastern,283313,megawatthours
2020-05-05,NY,New York,TI,Total interchange,Eastern,Eastern,-48987,megawatthours
2020-05-04,NY,New York,D,Demand,Eastern,Eastern,337291,megawatthours
2020-05-04,NY,New York,DF,Day-ahead demand forecast,Eastern,Eastern,335032,megawatthours
2020-05-04,NY,New York,NG,Net generation,Eastern,Eastern,287576,megawatthours
2020-05-04,NY,New York,TI,Total interchange,Eastern,Eastern,-49715,megawatthours
2020-05-03,NY,New York,D,Demand,Eastern,Eastern,308151,megawatthours
2020-05-03,NY,New York,DF,Day-ahead demand forecast,Eastern,Eastern,303455,megawatthours
2020-05-03,NY,New York,NG,Net generation,Eastern,Eastern,259128,megawatthours
2020-05-03,NY,New York,TI,Total interchange,Eastern,Eastern,-49023,megawatthours
2020-05-02,NY,New York,D,Demand,Eastern,Eastern,310851,megawatthours
2020-05-02,NY,New York,DF,Day-ahead demand forecast,Eastern,Eastern,308536,megawatthours
2020-05-02,NY,New York,NG,Net generation,Eastern,Eastern,243259,megawatthours
2020-05-02,NY,New York,TI,Total interchange,Eastern,Eastern,-67592,megawatthours
2020-05-01,NY,New York,D,Demand,Eastern,Eastern,339664,megawatthours
2020-05-01,NY,New York,DF,Day-ahead demand forecast,Eastern,Eastern,338158,megawatthours
2020-05-01,NY,New York,NG,Net generation,Eastern,Eastern,271620,megawatthours
2020-05-01,NY,New York,TI,Total interchange,Eastern,Eastern,-68044,megawatthours
2020-04-30,NY,New York,D,Demand,Eastern,Eastern,350924,megawatthours
2020-04-30,NY,New York,DF,Day-ahead demand forecast,Eastern,Eastern,341991,megawatthours
2020-04-30,NY,New York,NG,Net generation,Eastern,Eastern,302395,megawatthours
2020-04-30,NY,New York,TI,Total interchange,Eastern,Eastern,-48529,megawatthours
2020-04-29,NY,New York,D,Demand,Eastern,Eastern,345988,megawatthours
2020-04-29,NY,New York,DF,Day-ahead demand forecast,Eastern,Eastern,344790,megawatthours
2020-04-29,NY,New York,NG,Net generation,Eastern,Eastern,293716,megawatthours
2020-04-29,NY,New York,TI,Total interchange,Eastern,Eastern,-52272,megawatthours
2020-04-28,NY,New York,D,Demand,Eastern,Eastern,337534,megawatthours
2020-04-28,NY,New York,DF,Day-ahead demand forecast,Eastern,Eastern,340483,megawatthours
2020-04-28,NY,New York,NG,Net generation,Eastern,Eastern,274272,megawatthours
2020-04-28,NY,New York,TI,Total interchange,Eastern,Eastern,-63262,megawatthours
2020-04-27,NY,New York,D,Demand,Eastern,Eastern,356112,megawatthours
2020-04-27,NY,New York,DF,Day-ahead demand forecast,Eastern,Eastern,350649,megawatthours
2020-04-27,NY,New York,NG,Net generation,Eastern,Eastern,294617,megawatthours
2020-04-27,NY,New York,TI,Total interchange,Eastern,Eastern,-61495,megawatthours
2020-04-26,NY,New York,D,Demand,Eastern,Eastern,335571,megawatthours
2020-04-26,NY,New York,DF,Day-ahead demand forecast,Eastern,Eastern,321791,megawatthours
2020-04-26,NY,New York,NG,Net generation,Eastern,Eastern,280033,megawatthours
2020-04-26,NY,New York,TI,Total interchange,Eastern,Eastern,-55538,megawatthours
2020-04-25,NY,New York,D,Demand,Eastern,Eastern,317807,megawatthours
2020-04-25,NY,New York,DF,Day-ahead demand forecast,Eastern,Eastern,317550,megawatthours
2020-04-25,NY,New York,NG,Net generation,Eastern,Eastern,247394,megawatthours
2020-04-25,NY,New York,TI,Total interchange,Eastern,Eastern,-70413,megawatthours
2020-04-24,NY,New York,D,Demand,Eastern,Eastern,358646,megawatthours
2020-04-24,NY,New York,DF,Day-ahead demand forecast,Eastern,Eastern,350367,megawatthours
2020-04-24,NY,New York,NG,Net generation,Eastern,Eastern,300785,megawatthours
2020-04-24,NY,New York,TI,Total interchange,Eastern,Eastern,-57861,megawatthours
2020-04-23,NY,New York,D,Demand,Eastern,Eastern,361849,megawatthours
2020-04-23,NY,New York,DF,Day-ahead demand forecast,Eastern,Eastern,357529,megawatthours
2020-04-23,NY,New York,NG,Net generation,Eastern,Eastern,303072,megawatthours
2020-04-23,NY,New York,TI,Total interchange,Eastern,Eastern,-58777,megawatthours
2020-04-22,NY,New York,D,Demand,Eastern,Eastern,359643,megawatthours
2020-04-22,NY,New York,DF,Day-ahead demand forecast,Eastern,Eastern,352154,megawatthours
2020-04-22,NY,New York,NG,Net generation,Eastern,Eastern,319139,megawatthours
2020-04-22,NY,New York,TI,Total interchange,Eastern,Eastern,-40504,megawatthours
2020-04-21,NY,New York,D,Demand,Eastern,Eastern,358177,megawatthours
2020-04-21,NY,New York,DF,Day-ahead demand forecast,Eastern,Eastern,352179,megawatthours
2020-04-21,NY,New York,NG,Net generation,Eastern,Eastern,308570,megawatthours
2020-04-21,NY,New York,TI,Total interchange,Eastern,Eastern,-49607,megawatthours
2020-04-20,NY,New York,D,Demand,Eastern,Eastern,339649,megawatthours
2020-04-20,NY,New York,DF,Day-ahead demand forecast,Eastern,Eastern,344690,megawatthours
2020-04-20,NY,New York,NG,Net generation,Eastern,Eastern,279788,megawatthours
2020-04-20,NY,New York,TI,Total interchange,Eastern,Eastern,-59861,megawatthours
2020-04-19,NY,New York,D,Demand,Eastern,Eastern,325658,megawatthours
2020-04-19,NY,New York,DF,Day-ahead demand forecast,Eastern,Eastern,316841,megawatthours
2020-04-19,NY,New York,NG,Net generation,Eastern,Eastern,272917,megawatthours
2020-04-19,NY,New York,TI,Total interchange,Eastern,Eastern,-52741,megawatthours
2020-04-18,NY,New York,D,Demand,Eastern,Eastern,345884,megawatthours
2020-04-18,NY,New York,DF,Day-ahead demand forecast,Eastern,Eastern,333066,megawatthours
2020-04-18,NY,New York,NG,Net generation,Eastern,Eastern,293986,megawatthours
2020-04-18,NY,New York,TI,Total interchange,Eastern,Eastern,-51898,megawatthours
2020-04-17,NY,New York,D,Demand,Eastern,Eastern,356150,megawatthours
2020-04-17,NY,New York,DF,Day-ahead demand forecast,Eastern,Eastern,350215,megawatthours
2020-04-17,NY,New York,NG,Net generation,Eastern,Eastern,315842,megawatthours
2020-04-17,NY,New York,TI,Total interchange,Eastern,Eastern,-40308,megawatthours
2020-04-16,NY,New York,D,Demand,Eastern,Eastern,353853,megawatthours
2020-04-16,NY,New York,DF,Day-ahead demand forecast,Eastern,Eastern,347583,megawatthours
2020-04-16,NY,New York,NG,Net generation,Eastern,Eastern,317688,megawatthours
2020-04-16,NY,New York,TI,Total interchange,Eastern,Eastern,-36165,megawatthours
2020-04-15,NY,New York,D,Demand,Eastern,Eastern,345929,megawatthours
2020-04-15,NY,New York,DF,Day-ahead demand forecast,Eastern,Eastern,343686,megawatthours
2020-04-15,NY,New York,NG,Net generation,Eastern,Eastern,308443,megawatthours
2020-04-15,NY,New York,TI,Total interchange,Eastern,Eastern,-37486,megawatthours
2020-04-14,NY,New York,D,Demand,Eastern,Eastern,340531,megawatthours
2020-04-14,NY,New York,DF,Day-ahead demand forecast,Eastern,Eastern,338327,megawatthours
2020-04-14,NY,New York,NG,Net generation,Eastern,Eastern,304598,megawatthours
2020-04-14,NY,New York,TI,Total interchange,Eastern,Eastern,-35933,megawatthours
2020-04-13,NY,New York,D,Demand,Eastern,Eastern,348042,megawatthours
2020-04-13,NY,New York,DF,Day-ahead demand forecast,Eastern,Eastern,346735,megawatthours
2020-04-13,NY,New York,NG,Net generation,Eastern,Eastern,304442,megawatthours
2020-04-13,NY,New York,TI,Total interchange,Eastern,Eastern,-43600,megawatthours
2020-04-12,NY,New York,D,Demand,Eastern,Eastern,324822,megawatthours
2020-04-12,NY,New York,DF,Day-ahead demand forecast,Eastern,Eastern,319277,megawatthours
2020-04-12,NY,New York,NG,Net generation,Eastern,Eastern,275228,megawatthours
2020-04-12,NY,New York,TI,Total interchange,Eastern,Eastern,-49594,megawatthours
2020-04-11,NY,New York,D,Demand,Eastern,Eastern,333834,megawatthours
2020-04-11,NY,New York,DF,Day-ahead demand forecast,Eastern,Eastern,325249,megawatthours
2020-04-11,NY,New York,NG,Net generation,Eastern,Eastern,285610,megawatthours
2020-04-11,NY,New York,TI,Total interchange,Eastern,Eastern,-48224,megawatthours
2020-04-10,NY,New York,D,Demand,Eastern,Eastern,357981,megawatthours
2020-04-10,NY,New York,DF,Day-ahead demand forecast,Eastern,Eastern,337085,megawatthours
2020-04-10,NY,New York,NG,Net generation,Eastern,Eastern,300589,megawatthours
2020-04-10,NY,New York,TI,Total interchange,Eastern,Eastern,-57392,megawatthours
2020-04-09,NY,New York,D,Demand,Eastern,Eastern,352504,megawatthours
2020-04-09,NY,New York,DF,Day-ahead demand forecast,Eastern,Eastern,344482,megawatthours
2020-04-09,NY,New York,NG,Net generation,Eastern,Eastern,292759,megawatthours
2020-04-09,NY,New York,TI,Total interchange,Eastern,Eastern,-59745,megawatthours
2020-04-08,NY,New York,D,Demand,Eastern,Eastern,338419,megawatthours
2020-04-08,NY,New York,DF,Day-ahead demand forecast,Eastern,Eastern,340525,megawatthours
2020-04-08,NY,New York,NG,Net generation,Eastern,Eastern,280360,megawatthours
2020-04-08,NY,New York,TI,Total interchange,Eastern,Eastern,-58059,megawatthours
2020-04-07,NY,New York,D,Demand,Eastern,Eastern,331020,megawatthours
2020-04-07,NY,New York,DF,Day-ahead demand forecast,Eastern,Eastern,337408,megawatthours
2020-04-07,NY,New York,NG,Net generation,Eastern,Eastern,272707,megawatthours
2020-04-07,NY,New York,TI,Total interchange,Eastern,Eastern,-58313,megawatthours
2020-04-06,NY,New York,D,Demand,Eastern,Eastern,333526,megawatthours
2020-04-06,NY,New York,DF,Day-ahead demand forecast,Eastern,Eastern,334688,megawatthours
2020-04-06,NY,New York,NG,Net generation,Eastern,Eastern,279330,megawatthours
2020-04-06,NY,New York,TI,Total interchange,Eastern,Eastern,-54196,megawatthours
2020-04-05,NY,New York,D,Demand,Eastern,Eastern,321898,megawatthours
2020-04-05,NY,New York,DF,Day-ahead demand forecast,Eastern,Eastern,314548,megawatthours
2020-04-05,NY,New York,NG,Net generation,Eastern,Eastern,275600,megawatthours
2020-04-05,NY,New York,TI,Total interchange,Eastern,Eastern,-46298,megawatthours
2020-04-04,NY,New York,D,Demand,Eastern,Eastern,328054,megawatthours
2020-04-04,NY,New York,DF,Day-ahead demand forecast,Eastern,Eastern,324749,megawatthours
2020-04-04,NY,New York,NG,Net generation,Eastern,Eastern,279589,megawatthours
2020-04-04,NY,New York,TI,Total interchange,Eastern,Eastern,-48465,megawatthours
2020-04-03,NY,New York,D,Demand,Eastern,Eastern,358318,megawatthours
2020-04-03,NY,New York,DF,Day-ahead demand forecast,Eastern,Eastern,350232,megawatthours
2020-04-03,NY,New York,NG,Net generation,Eastern,Eastern,297399,megawatthours
2020-04-03,NY,New York,TI,Total interchange,Eastern,Eastern,-60919,megawatthours
2020-04-02,NY,New York,D,Demand,Eastern,Eastern,351628,megawatthours
2020-04-02,NY,New York,DF,Day-ahead demand forecast,Eastern,Eastern,352326,megawatthours
2020-04-02,NY,New York,NG,Net generation,Eastern,Eastern,293115,megawatthours
2020-04-02,NY,New York,TI,Total interchange,Eastern,Eastern,-58513,megawatthours
2020-04-01,NY,New York,D,Demand,Eastern,Eastern,349971,megawatthours
2020-04-01,NY,New York,DF,Day-ahead demand forecast,Eastern,Eastern,351521,megawatthours
2020-04-01,NY,New York,NG,Net generation,Eastern,Eastern,302572,megawatthours
2020-04-01,NY,New York,TI,Total interchange,Eastern,Eastern,-47399,megawatthours
2020-03-31,NY,New York,D,Demand,Eastern,Eastern,361358,megawatthours
2020-03-31,NY,New York,DF,Day-ahead demand forecast,Eastern,Eastern,372170,megawatthours
2020-03-31,NY,New York,NG,Net generation,Eastern,Eastern,307100,megawatthours
2020-03-31,NY,New York,TI,Total interchange,Eastern,Eastern,-54258,megawatthours
2020-03-30,NY,New York,D,Demand,Eastern,Eastern,361216,megawatthours
2020-03-30,NY,New York,DF,Day-ahead demand forecast,Eastern,Eastern,367796,megawatthours
2020-03-30,NY,New York,NG,Net generation,Eastern,Eastern,294608,megawatthours
2020-03-30,NY,New York,TI,Total interchange,Eastern,Eastern,-66608,megawatthours
2020-03-29,NY,New York,D,Demand,Eastern,Eastern,344658,megawatthours
2020-03-29,NY,New York,DF,Day-ahead demand forecast,Eastern,Eastern,332901,megawatthours
2020-03-29,NY,New York,NG,Net generation,Eastern,Eastern,287628,megawatthours
2020-03-29,NY,New York,TI,Total interchange,Eastern,Eastern,-57030,megawatthours
2020-03-28,NY,New York,D,Demand,Eastern,Eastern,347609,megawatthours
2020-03-28,NY,New York,DF,Day-ahead demand forecast,Eastern,Eastern,339733,megawatthours
2020-03-28,NY,New York,NG,Net generation,Eastern,Eastern,276287,megawatthours
2020-03-28,NY,New York,TI,Total interchange,Eastern,Eastern,-71322,megawatthours
2020-03-27,NY,New York,D,Demand,Eastern,Eastern,339755,megawatthours
2020-03-27,NY,New York,DF,Day-ahead demand forecast,Eastern,Eastern,357003,megawatthours
2020-03-27,NY,New York,NG,Net generation,Eastern,Eastern,288886,megawatthours
2020-03-27,NY,New York,TI,Total interchange,Eastern,Eastern,-50869,megawatthours
2020-03-26,NY,New York,D,Demand,Eastern,Eastern,355344,megawatthours
2020-03-26,NY,New York,DF,Day-ahead demand forecast,Eastern,Eastern,364982,megawatthours
2020-03-26,NY,New York,NG,Net generation,Eastern,Eastern,303025,megawatthours
2020-03-26,NY,New York,TI,Total interchange,Eastern,Eastern,-52319,megawatthours
2020-03-25,NY,New York,D,Demand,Eastern,Eastern,374212,megawatthours
2020-03-25,NY,New York,DF,Day-ahead demand forecast,Eastern,Eastern,381559,megawatthours
2020-03-25,NY,New York,NG,Net generation,Eastern,Eastern,325460,megawatthours
2020-03-25,NY,New York,TI,Total interchange,Eastern,Eastern,-48752,megawatthours
2020-03-24,NY,New York,D,Demand,Eastern,Eastern,371179,megawatthours
2020-03-24,NY,New York,DF,Day-ahead demand forecast,Eastern,Eastern,375218,megawatthours
2020-03-24,NY,New York,NG,Net generation,Eastern,Eastern,319258,megawatthours
2020-03-24,NY,New York,TI,Total interchange,Eastern,Eastern,-51921,megawatthours
2020-03-23,NY,New York,D,Demand,Eastern,Eastern,395706,megawatthours
2020-03-23,NY,New York,DF,Day-ahead demand forecast,Eastern,Eastern,388206,megawatthours
2020-03-23,NY,New York,NG,Net generation,Eastern,Eastern,352465,megawatthours
2020-03-23,NY,New York,TI,Total interchange,Eastern,Eastern,-43241,megawatthours
2020-03-22,NY,New York,D,Demand,Eastern,Eastern,352376,megawatthours
2020-03-22,NY,New York,DF,Day-ahead demand forecast,Eastern,Eastern,350188,megawatthours
2020-03-22,NY,New York,NG,Net generation,Eastern,Eastern,299808,megawatthours
2020-03-22,NY,New York,TI,Total interchange,Eastern,Eastern,-52568,megawatthours
2020-03-21,NY,New York,D,Demand,Eastern,Eastern,343949,megawatthours
2020-03-21,NY,New York,DF,Day-ahead demand forecast,Eastern,Eastern,347745,megawatthours
2020-03-21,NY,New York,NG,Net generation,Eastern,Eastern,298359,megawatthours
2020-03-21,NY,New York,TI,Total interchange,Eastern,Eastern,-45590,megawatthours
2020-03-20,NY,New York,D,Demand,Eastern,Eastern,367884,megawatthours
2020-03-20,NY,New York,DF,Day-ahead demand forecast,Eastern,Eastern,373437,megawatthours
2020-03-20,NY,New York,NG,Net generation,Eastern,Eastern,324297,megawatthours
2020-03-20,NY,New York,TI,Total interchange,Eastern,Eastern,-43587,megawatthours
2020-03-19,NY,New York,D,Demand,Eastern,Eastern,380107,megawatthours
2020-03-19,NY,New York,DF,Day-ahead demand forecast,Eastern,Eastern,381405,megawatthours
2020-03-19,NY,New York,NG,Net generation,Eastern,Eastern,336323,megawatthours
2020-03-19,NY,New York,TI,Total interchange,Eastern,Eastern,-43784,megawatthours
2020-03-18,NY,New York,D,Demand,Eastern,Eastern,376854,megawatthours
2020-03-18,NY,New York,DF,Day-ahead demand forecast,Eastern,Eastern,378585,megawatthours
2020-03-18,NY,New York,NG,Net generation,Eastern,Eastern,328139,megawatthours
2020-03-18,NY,New York,TI,Total interchange,Eastern,Eastern,-48715,megawatthours
2020-03-17,NY,New York,D,Demand,Eastern,Eastern,394858,megawatthours
2020-03-17,NY,New York,DF,Day-ahead demand forecast,Eastern,Eastern,388896,megawatthours
2020-03-17,NY,New York,NG,Net generation,Eastern,Eastern,352448,megawatthours
2020-03-17,NY,New York,TI,Total interchange,Eastern,Eastern,-42410,megawatthours
2020-03-16,NY,New York,D,Demand,Eastern,Eastern,391246,megawatthours
2020-03-16,NY,New York,DF,Day-ahead demand forecast,Eastern,Eastern,389318,megawatthours
2020-03-16,NY,New York,NG,Net generation,Eastern,Eastern,336335,megawatthours
2020-03-16,NY,New York,TI,Total interchange,Eastern,Eastern,-54911,megawatthours
2020-03-15,NY,New York,D,Demand,Eastern,Eastern,353826,megawatthours
2020-03-15,NY,New York,DF,Day-ahead demand forecast,Eastern,Eastern,345139,megawatthours
2020-03-15,NY,New York,NG,Net generation,Eastern,Eastern,297017,megawatthours
2020-03-15,NY,New York,TI,Total interchange,Eastern,Eastern,-56809,megawatthours
2020-03-14,NY,New York,D,Demand,Eastern,Eastern,362292,megawatthours
2020-03-14,NY,New York,DF,Day-ahead demand forecast,Eastern,Eastern,352993,megawatthours
2020-03-14,NY,New York,NG,Net generation,Eastern,Eastern,309890,megawatthours
2020-03-14,NY,New York,TI,Total interchange,Eastern,Eastern,-52402,megawatthours
2020-03-13,NY,New York,D,Demand,Eastern,Eastern,384709,megawatthours
2020-03-13,NY,New York,DF,Day-ahead demand forecast,Eastern,Eastern,376282,megawatthours
2020-03-13,NY,New York,NG,Net generation,Eastern,Eastern,335451,megawatthours
2020-03-13,NY,New York,TI,Total interchange,Eastern,Eastern,-49258,megawatthours
2020-03-12,NY,New York,D,Demand,Eastern,Eastern,394063,megawatthours
2020-03-12,NY,New York,DF,Day-ahead demand forecast,Eastern,Eastern,378236,megawatthours
2020-03-12,NY,New York,NG,Net generation,Eastern,Eastern,342821,megawatthours
2020-03-12,NY,New York,TI,Total interchange,Eastern,Eastern,-51242,megawatthours
2020-03-11,NY,New York,D,Demand,Eastern,Eastern,384731,megawatthours
2020-03-11,NY,New York,DF,Day-ahead demand forecast,Eastern,Eastern,374856,megawatthours
2020-03-11,NY,New York,NG,Net generation,Eastern,Eastern,347119,megawatthours
2020-03-11,NY,New York,TI,Total interchange,Eastern,Eastern,-37612,megawatthours
2020-03-10,NY,New York,D,Demand,Eastern,Eastern,382426,megawatthours
2020-03-10,NY,New York,DF,Day-ahead demand forecast,Eastern,Eastern,378569,megawatthours
2020-03-10,NY,New York,NG,Net generation,Eastern,Eastern,350584,megawatthours
2020-03-10,NY,New York,TI,Total interchange,Eastern,Eastern,-31842,megawatthours
2020-03-09,NY,New York,D,Demand,Eastern,Eastern,376289,megawatthours
2020-03-09,NY,New York,DF,Day-ahead demand forecast,Eastern,Eastern,373153,megawatthours
2020-03-09,NY,New York,NG,Net generation,Eastern,Eastern,338918,megawatthours
2020-03-09,NY,New York,TI,Total interchange,Eastern,Eastern,-37371,megawatthours
2020-03-08,NY,New York,D,Demand,Eastern,Eastern,350689,megawatthours
2020-03-08,NY,New York,DF,Day-ahead demand forecast,Eastern,Eastern,341224,megawatthours
2020-03-08,NY,New York,NG,Net generation,Eastern,Eastern,308018,megawatthours
2020-03-08,NY,New York,TI,Total interchange,Eastern,Eastern,-42671,megawatthours
2020-03-07,NY,New York,D,Demand,Eastern,Eastern,380774,megawatthours
2020-03-07,NY,New York,DF,Day-ahead demand forecast,Eastern,Eastern,368304,megawatthours
2020-03-07,NY,New York,NG,Net generation,Eastern,Eastern,325359,megawatthours
2020-03-07,NY,New York,TI,Total interchange,Eastern,Eastern,-55415,megawatthours
2020-03-06,NY,New York,D,Demand,Eastern,Eastern,408751,megawatthours
2020-03-06,NY,New York,DF,Day-ahead demand forecast,Eastern,Eastern,400415,megawatthours
2020-03-06,NY,New York,NG,Net generation,Eastern,Eastern,346841,megawatthours
2020-03-06,NY,New York,TI,Total interchange,Eastern,Eastern,-61910,megawatthours
2020-03-05,NY,New York,D,Demand,Eastern,Eastern,393813,megawatthours
2020-03-05,NY,New York,DF,Day-ahead demand forecast,Eastern,Eastern,388158,megawatthours
2020-03-05,NY,New York,NG,Net generation,Eastern,Eastern,348502,megawatthours
2020-03-05,NY,New York,TI,Total interchange,Eastern,Eastern,-45311,megawatthours
2020-03-04,NY,New York,D,Demand,Eastern,Eastern,393351,megawatthours
2020-03-04,NY,New York,DF,Day-ahead demand forecast,Eastern,Eastern,387781,megawatthours
2020-03-04,NY,New York,NG,Net generation,Eastern,Eastern,361836,megawatthours
2020-03-04,NY,New York,TI,Total interchange,Eastern,Eastern,-31515,megawatthours
2020-03-03,NY,New York,D,Demand,Eastern,Eastern,391910,megawatthours
2020-03-03,NY,New York,DF,Day-ahead demand forecast,Eastern,Eastern,395924,megawatthours
2020-03-03,NY,New York,NG,Net generation,Eastern,Eastern,359473,megawatthours
2020-03-03,NY,New York,TI,Total interchange,Eastern,Eastern,-32437,megawatthours
2020-03-02,NY,New York,D,Demand,Eastern,Eastern,404208,megawatthours
2020-03-02,NY,New York,DF,Day-ahead demand forecast,Eastern,Eastern,407994,megawatthours
2020-03-02,NY,New York,NG,Net generation,Eastern,Eastern,372476,megawatthours
2020-03-02,NY,New York,TI,Total interchange,Eastern,Eastern,-31732,megawatthours
2020-03-01,NY,New York,D,Demand,Eastern,Eastern,397138,megawatthours
2020-03-01,NY,New York,DF,Day-ahead demand forecast,Eastern,Eastern,388938,megawatthours
2020-03-01,NY,New York,NG,Net generation,Eastern,Eastern,347215,megawatthours
2020-03-01,NY,New York,TI,Total interchange,Eastern,Eastern,-49923,megawatthours
2020-02-29,NY,New York,D,Demand,Eastern,Eastern,414052,megawatthours
2020-02-29,NY,New York,DF,Day-ahead demand forecast,Eastern,Eastern,400690,megawatthours
2020-02-29,NY,New York,NG,Net generation,Eastern,Eastern,373048,megawatthours
2020-02-29,NY,New York,TI,Total interchange,Eastern,Eastern,-41004,megawatthours
2020-02-28,NY,New York,D,Demand,Eastern,Eastern,434930,megawatthours
2020-02-28,NY,New York,DF,Day-ahead demand forecast,Eastern,Eastern,417929,megawatthours
2020-02-28,NY,New York,NG,Net generation,Eastern,Eastern,387699,megawatthours
2020-02-28,NY,New York,TI,Total interchange,Eastern,Eastern,-47231,megawatthours
2020-02-27,NY,New York,D,Demand,Eastern,Eastern,422754,megawatthours
2020-02-27,NY,New York,DF,Day-ahead demand forecast,Eastern,Eastern,399527,megawatthours
2020-02-27,NY,New York,NG,Net generation,Eastern,Eastern,380075,megawatthours
2020-02-27,NY,New York,TI,Total interchange,Eastern,Eastern,-42679,megawatthours
2020-02-26,NY,New York,D,Demand,Eastern,Eastern,410856,megawatthours
2020-02-26,NY,New York,DF,Day-ahead demand forecast,Eastern,Eastern,398377,megawatthours
2020-02-26,NY,New York,NG,Net generation,Eastern,Eastern,359819,megawatthours
2020-02-26,NY,New York,TI,Total interchange,Eastern,Eastern,-51037,megawatthours
2020-02-25,NY,New York,D,Demand,Eastern,Eastern,403968,megawatthours
2020-02-25,NY,New York,DF,Day-ahead demand forecast,Eastern,Eastern,400430,megawatthours
2020-02-25,NY,New York,NG,Net generation,Eastern,Eastern,340716,megawatthours
2020-02-25,NY,New York,TI,Total interchange,Eastern,Eastern,-63252,megawatthours
2020-02-24,NY,New York,D,Demand,Eastern,Eastern,396988,megawatthours
2020-02-24,NY,New York,DF,Day-ahead demand forecast,Eastern,Eastern,398509,megawatthours
2020-02-24,NY,New York,NG,Net generation,Eastern,Eastern,359270,megawatthours
2020-02-24,NY,New York,TI,Total interchange,Eastern,Eastern,-37718,megawatthours
2020-02-23,NY,New York,D,Demand,Eastern,Eastern,376711,megawatthours
2020-02-23,NY,New York,DF,Day-ahead demand forecast,Eastern,Eastern,371952,megawatthours
2020-02-23,NY,New York,NG,Net generation,Eastern,Eastern,331268,megawatthours
2020-02-23,NY,New York,TI,Total interchange,Eastern,Eastern,-45443,megawatthours
2020-02-22,NY,New York,D,Demand,Eastern,Eastern,397737,megawatthours
2020-02-22,NY,New York,DF,Day-ahead demand forecast,Eastern,Eastern,390735,megawatthours
2020-02-22,NY,New York,NG,Net generation,Eastern,Eastern,354631,megawatthours
2020-02-22,NY,New York,TI,Total interchange,Eastern,Eastern,-43106,megawatthours
2020-02-21,NY,New York,D,Demand,Eastern,Eastern,440743,megawatthours
2020-02-21,NY,New York,DF,Day-ahead demand forecast,Eastern,Eastern,427822,megawatthours
2020-02-21,NY,New York,NG,Net generation,Eastern,Eastern,380580,megawatthours
2020-02-21,NY,New York,TI,Total interchange,Eastern,Eastern,-60163,megawatthours
2020-02-20,NY,New York,D,Demand,Eastern,Eastern,438932,megawatthours
2020-02-20,NY,New York,DF,Day-ahead demand forecast,Eastern,Eastern,431337,megawatthours
2020-02-20,NY,New York,NG,Net generation,Eastern,Eastern,376956,megawatthours
2020-02-20,NY,New York,TI,Total interchange,Eastern,Eastern,-61976,megawatthours
2020-02-19,NY,New York,D,Demand,Eastern,Eastern,416059,megawatthours
2020-02-19,NY,New York,DF,Day-ahead demand forecast,Eastern,Eastern,410424,megawatthours
2020-02-19,NY,New York,NG,Net generation,Eastern,Eastern,384273,megawatthours
2020-02-19,NY,New York,TI,Total interchange,Eastern,Eastern,-31786,megawatthours
2020-02-18,NY,New York,D,Demand,Eastern,Eastern,428817,megawatthours
2020-02-18,NY,New York,DF,Day-ahead demand forecast,Eastern,Eastern,415913,megawatthours
2020-02-18,NY,New York,NG,Net generation,Eastern,Eastern,388400,megawatthours
2020-02-18,NY,New York,TI,Total interchange,Eastern,Eastern,-40417,megawatthours
2020-02-17,NY,New York,D,Demand,Eastern,Eastern,406172,megawatthours
2020-02-17,NY,New York,DF,Day-ahead demand forecast,Eastern,Eastern,402048,megawatthours
2020-02-17,NY,New York,NG,Net generation,Eastern,Eastern,359521,megawatthours
2020-02-17,NY,New York,TI,Total interchange,Eastern,Eastern,-46651,megawatthours
2020-02-16,NY,New York,D,Demand,Eastern,Eastern,402422,megawatthours
2020-02-16,NY,New York,DF,Day-ahead demand forecast,Eastern,Eastern,391128,megawatthours
2020-02-16,NY,New York,NG,Net generation,Eastern,Eastern,360003,megawatthours
2020-02-16,NY,New York,TI,Total interchange,Eastern,Eastern,-42419,megawatthours
2020-02-15,NY,New York,D,Demand,Eastern,Eastern,436670,megawatthours
2020-02-15,NY,New York,DF,Day-ahead demand forecast,Eastern,Eastern,418708,megawatthours
2020-02-15,NY,New York,NG,Net generation,Eastern,Eastern,373808,megawatthours
2020-02-15,NY,New York,TI,Total interchange,Eastern,Eastern,-62862,megawatthours
2020-02-14,NY,New York,D,Demand,Eastern,Eastern,441719,megawatthours
2020-02-14,NY,New York,DF,Day-ahead demand forecast,Eastern,Eastern,427815,megawatthours
2020-02-14,NY,New York,NG,Net generation,Eastern,Eastern,376279,megawatthours
2020-02-14,NY,New York,TI,Total interchange,Eastern,Eastern,-65440,megawatthours
2020-02-13,NY,New York,D,Demand,Eastern,Eastern,428721,megawatthours
2020-02-13,NY,New York,DF,Day-ahead demand forecast,Eastern,Eastern,409413,megawatthours
2020-02-13,NY,New York,NG,Net generation,Eastern,Eastern,370562,megawatthours
2020-02-13,NY,New York,TI,Total interchange,Eastern,Eastern,-58159,megawatthours
2020-02-12,NY,New York,D,Demand,Eastern,Eastern,415697,megawatthours
2020-02-12,NY,New York,DF,Day-ahead demand forecast,Eastern,Eastern,411331,megawatthours
2020-02-12,NY,New York,NG,Net generation,Eastern,Eastern,364254,megawatthours
2020-02-12,NY,New York,TI,Total interchange,Eastern,Eastern,-51443,megawatthours
2020-02-11,NY,New York,D,Demand,Eastern,Eastern,419608,megawatthours
2020-02-11,NY,New York,DF,Day-ahead demand forecast,Eastern,Eastern,413410,megawatthours
2020-02-11,NY,New York,NG,Net generation,Eastern,Eastern,357342,megawatthours
2020-02-11,NY,New York,TI,Total interchange,Eastern,Eastern,-62266,megawatthours
2020-02-10,NY,New York,D,Demand,Eastern,Eastern,425057,megawatthours
2020-02-10,NY,New York,DF,Day-ahead demand forecast,Eastern,Eastern,417403,megawatthours
2020-02-10,NY,New York,NG,Net generation,Eastern,Eastern,362618,megawatthours
2020-02-10,NY,New York,TI,Total interchange,Eastern,Eastern,-62439,megawatthours
2020-02-09,NY,New York,D,Demand,Eastern,Eastern,407441,megawatthours
2020-02-09,NY,New York,DF,Day-ahead demand forecast,Eastern,Eastern,398773,megawatthours
2020-02-09,NY,New York,NG,Net generation,Eastern,Eastern,351048,megawatthours
2020-02-09,NY,New York,TI,Total interchange,Eastern,Eastern,-56393,megawatthours
2020-02-08,NY,New York,D,Demand,Eastern,Eastern,415093,megawatthours
2020-02-08,NY,New York,DF,Day-ahead demand forecast,Eastern,Eastern,407079,megawatthours
2020-02-08,NY,New York,NG,Net generation,Eastern,Eastern,347565,megawatthours
2020-02-08,NY,New York,TI,Total interchange,Eastern,Eastern,-67528,megawatthours
2020-02-07,NY,New York,D,Demand,Eastern,Eastern,431139,megawatthours
2020-02-07,NY,New York,DF,Day-ahead demand forecast,Eastern,Eastern,410142,megawatthours
2020-02-07,NY,New York,NG,Net generation,Eastern,Eastern,352498,megawatthours
2020-02-07,NY,New York,TI,Total interchange,Eastern,Eastern,-78641,megawatthours
2020-02-06,NY,New York,D,Demand,Eastern,Eastern,433669,megawatthours
2020-02-06,NY,New York,DF,Day-ahead demand forecast,Eastern,Eastern,412771,megawatthours
2020-02-06,NY,New York,NG,Net generation,Eastern,Eastern,355899,megawatthours
2020-02-06,NY,New York,TI,Total interchange,Eastern,Eastern,-77770,megawatthours
2020-02-05,NY,New York,D,Demand,Eastern,Eastern,420674,megawatthours
2020-02-05,NY,New York,DF,Day-ahead demand forecast,Eastern,Eastern,408834,megawatthours
2020-02-05,NY,New York,NG,Net generation,Eastern,Eastern,345124,megawatthours
2020-02-05,NY,New York,TI,Total interchange,Eastern,Eastern,-75550,megawatthours
2020-02-04,NY,New York,D,Demand,Eastern,Eastern,415349,megawatthours
2020-02-04,NY,New York,DF,Day-ahead demand forecast,Eastern,Eastern,405752,megawatthours
2020-02-04,NY,New York,NG,Net generation,Eastern,Eastern,348310,megawatthours
2020-02-04,NY,New York,TI,Total interchange,Eastern,Eastern,-67039,megawatthours
2020-02-03,NY,New York,D,Demand,Eastern,Eastern,410942,megawatthours
2020-02-03,NY,New York,DF,Day-ahead demand forecast,Eastern,Eastern,402069,megawatthours
2020-02-03,NY,New York,NG,Net generation,Eastern,Eastern,344800,megawatthours
2020-02-03,NY,New York,TI,Total interchange,Eastern,Eastern,-66142,megawatthours
2020-02-02,NY,New York,D,Demand,Eastern,Eastern,394120,megawatthours
2020-02-02,NY,New York,DF,Day-ahead demand forecast,Eastern,Eastern,382984,megawatthours
2020-02-02,NY,New York,NG,Net generation,Eastern,Eastern,316274,megawatthours
2020-02-02,NY,New York,TI,Total interchange,Eastern,Eastern,-77846,megawatthours
2020-02-01,NY,New York,D,Demand,Eastern,Eastern,402350,megawatthours
2020-02-01,NY,New York,DF,Day-ahead demand forecast,Eastern,Eastern,391661,megawatthours
2020-02-01,NY,New York,NG,Net generation,Eastern,Eastern,330396,megawatthours
2020-02-01,NY,New York,TI,Total interchange,Eastern,Eastern,-71954,megawatthours
2020-01-31,NY,New York,D,Demand,Eastern,Eastern,434227,megawatthours
2020-01-31,NY,New York,DF,Day-ahead demand forecast,Eastern,Eastern,421413,megawatthours
2020-01-31,NY,New York,NG,Net generation,Eastern,Eastern,371795,megawatthours
2020-01-31,NY,New York,TI,Total interchange,Eastern,Eastern,-62432,megawatthours
2020-01-30,NY,New York,D,Demand,Eastern,Eastern,443703,megawatthours
2020-01-30,NY,New York,DF,Day-ahead demand forecast,Eastern,Eastern,432250,megawatthours
2020-01-30,NY,New York,NG,Net generation,Eastern,Eastern,371497,megawatthours
2020-01-30,NY,New York,TI,Total interchange,Eastern,Eastern,-72206,megawatthours
2020-01-29,NY,New York,D,Demand,Eastern,Eastern,432528,megawatthours
2020-01-29,NY,New York,DF,Day-ahead demand forecast,Eastern,Eastern,422431,megawatthours
2020-01-29,NY,New York,NG,Net generation,Eastern,Eastern,364397,megawatthours
2020-01-29,NY,New York,TI,Total interchange,Eastern,Eastern,-68131,megawatthours
2020-01-28,NY,New York,D,Demand,Eastern,Eastern,427454,megawatthours
2020-01-28,NY,New York,DF,Day-ahead demand forecast,Eastern,Eastern,419658,megawatthours
2020-01-28,NY,New York,NG,Net generation,Eastern,Eastern,363796,megawatthours
2020-01-28,NY,New York,TI,Total interchange,Eastern,Eastern,-63658,megawatthours
2020-01-27,NY,New York,D,Demand,Eastern,Eastern,423957,megawatthours
2020-01-27,NY,New York,DF,Day-ahead demand forecast,Eastern,Eastern,414335,megawatthours
2020-01-27,NY,New York,NG,Net generation,Eastern,Eastern,368815,megawatthours
2020-01-27,NY,New York,TI,Total interchange,Eastern,Eastern,-55142,megawatthours
2020-01-26,NY,New York,D,Demand,Eastern,Eastern,389926,megawatthours
2020-01-26,NY,New York,DF,Day-ahead demand forecast,Eastern,Eastern,377803,megawatthours
2020-01-26,NY,New York,NG,Net generation,Eastern,Eastern,343960,megawatthours
2020-01-26,NY,New York,TI,Total interchange,Eastern,Eastern,-45966,megawatthours
2020-01-25,NY,New York,D,Demand,Eastern,Eastern,402991,megawatthours
2020-01-25,NY,New York,DF,Day-ahead demand forecast,Eastern,Eastern,388973,megawatthours
2020-01-25,NY,New York,NG,Net generation,Eastern,Eastern,349081,megawatthours
2020-01-25,NY,New York,TI,Total interchange,Eastern,Eastern,-53910,megawatthours
2020-01-24,NY,New York,D,Demand,Eastern,Eastern,419874,megawatthours
2020-01-24,NY,New York,DF,Day-ahead demand forecast,Eastern,Eastern,417969,megawatthours
2020-01-24,NY,New York,NG,Net generation,Eastern,Eastern,365655,megawatthours
2020-01-24,NY,New York,TI,Total interchange,Eastern,Eastern,-54219,megawatthours
2020-01-23,NY,New York,D,Demand,Eastern,Eastern,439472,megawatthours
2020-01-23,NY,New York,DF,Day-ahead demand forecast,Eastern,Eastern,432587,megawatthours
2020-01-23,NY,New York,NG,Net generation,Eastern,Eastern,371275,megawatthours
2020-01-23,NY,New York,TI,Total interchange,Eastern,Eastern,-68197,megawatthours
2020-01-22,NY,New York,D,Demand,Eastern,Eastern,450860,megawatthours
2020-01-22,NY,New York,DF,Day-ahead demand forecast,Eastern,Eastern,439758,megawatthours
2020-01-22,NY,New York,NG,Net generation,Eastern,Eastern,370921,megawatthours
2020-01-22,NY,New York,TI,Total interchange,Eastern,Eastern,-79939,megawatthours
2020-01-21,NY,New York,D,Demand,Eastern,Eastern,466474,megawatthours
2020-01-21,NY,New York,DF,Day-ahead demand forecast,Eastern,Eastern,450220,megawatthours
2020-01-21,NY,New York,NG,Net generation,Eastern,Eastern,385072,megawatthours
2020-01-21,NY,New York,TI,Total interchange,Eastern,Eastern,-81402,megawatthours
2020-01-20,NY,New York,D,Demand,Eastern,Eastern,455573,megawatthours
2020-01-20,NY,New York,DF,Day-ahead demand forecast,Eastern,Eastern,445022,megawatthours
2020-01-20,NY,New York,NG,Net generation,Eastern,Eastern,387993,megawatthours
2020-01-20,NY,New York,TI,Total interchange,Eastern,Eastern,-67580,megawatthours
2020-01-19,NY,New York,D,Demand,Eastern,Eastern,412874,megawatthours
2020-01-19,NY,New York,DF,Day-ahead demand forecast,Eastern,Eastern,397945,megawatthours
2020-01-19,NY,New York,NG,Net generation,Eastern,Eastern,362950,megawatthours
2020-01-19,NY,New York,TI,Total interchange,Eastern,Eastern,-49924,megawatthours
2020-01-18,NY,New York,D,Demand,Eastern,Eastern,449093,megawatthours
2020-01-18,NY,New York,DF,Day-ahead demand forecast,Eastern,Eastern,421549,megawatthours
2020-01-18,NY,New York,NG,Net generation,Eastern,Eastern,386719,megawatthours
2020-01-18,NY,New York,TI,Total interchange,Eastern,Eastern,-62374,megawatthours
2020-01-17,NY,New York,D,Demand,Eastern,Eastern,457882,megawatthours
2020-01-17,NY,New York,DF,Day-ahead demand forecast,Eastern,Eastern,435796,megawatthours
2020-01-17,NY,New York,NG,Net generation,Eastern,Eastern,402294,megawatthours
2020-01-17,NY,New York,TI,Total interchange,Eastern,Eastern,-55588,megawatthours
2020-01-16,NY,New York,D,Demand,Eastern,Eastern,424414,megawatthours
2020-01-16,NY,New York,DF,Day-ahead demand forecast,Eastern,Eastern,410713,megawatthours
2020-01-16,NY,New York,NG,Net generation,Eastern,Eastern,375251,megawatthours
2020-01-16,NY,New York,TI,Total interchange,Eastern,Eastern,-49163,megawatthours
2020-01-15,NY,New York,D,Demand,Eastern,Eastern,408105,megawatthours
2020-01-15,NY,New York,DF,Day-ahead demand forecast,Eastern,Eastern,402439,megawatthours
2020-01-15,NY,New York,NG,Net generation,Eastern,Eastern,363796,megawatthours
2020-01-15,NY,New York,TI,Total interchange,Eastern,Eastern,-44309,megawatthours
2020-01-14,NY,New York,D,Demand,Eastern,Eastern,418257,megawatthours
2020-01-14,NY,New York,DF,Day-ahead demand forecast,Eastern,Eastern,406699,megawatthours
2020-01-14,NY,New York,NG,Net generation,Eastern,Eastern,373676,megawatthours
2020-01-14,NY,New York,TI,Total interchange,Eastern,Eastern,-44581,megawatthours
2020-01-13,NY,New York,D,Demand,Eastern,Eastern,419733,megawatthours
2020-01-13,NY,New York,DF,Day-ahead demand forecast,Eastern,Eastern,406160,megawatthours
2020-01-13,NY,New York,NG,Net generation,Eastern,Eastern,373209,megawatthours
2020-01-13,NY,New York,TI,Total interchange,Eastern,Eastern,-46524,megawatthours
2020-01-12,NY,New York,D,Demand,Eastern,Eastern,366821,megawatthours
2020-01-12,NY,New York,DF,Day-ahead demand forecast,Eastern,Eastern,362540,megawatthours
2020-01-12,NY,New York,NG,Net generation,Eastern,Eastern,317242,megawatthours
2020-01-12,NY,New York,TI,Total interchange,Eastern,Eastern,-49579,megawatthours
2020-01-11,NY,New York,D,Demand,Eastern,Eastern,374525,megawatthours
2020-01-11,NY,New York,DF,Day-ahead demand forecast,Eastern,Eastern,375725,megawatthours
2020-01-11,NY,New York,NG,Net generation,Eastern,Eastern,326572,megawatthours
2020-01-11,NY,New York,TI,Total interchange,Eastern,Eastern,-47953,megawatthours
2020-01-10,NY,New York,D,Demand,Eastern,Eastern,430162,megawatthours
2020-01-10,NY,New York,DF,Day-ahead demand forecast,Eastern,Eastern,421767,megawatthours
2020-01-10,NY,New York,NG,Net generation,Eastern,Eastern,382676,megawatthours
2020-01-10,NY,New York,TI,Total interchange,Eastern,Eastern,-47486,megawatthours
2020-01-09,NY,New York,D,Demand,Eastern,Eastern,457121,megawatthours
2020-01-09,NY,New York,DF,Day-ahead demand forecast,Eastern,Eastern,442560,megawatthours
2020-01-09,NY,New York,NG,Net generation,Eastern,Eastern,395548,megawatthours
2020-01-09,NY,New York,TI,Total interchange,Eastern,Eastern,-61573,megawatthours
2020-01-08,NY,New York,D,Demand,Eastern,Eastern,441775,megawatthours
2020-01-08,NY,New York,DF,Day-ahead demand forecast,Eastern,Eastern,428120,megawatthours
2020-01-08,NY,New York,NG,Net generation,Eastern,Eastern,396833,megawatthours
2020-01-08,NY,New York,TI,Total interchange,Eastern,Eastern,-44942,megawatthours
2020-01-07,NY,New York,D,Demand,Eastern,Eastern,432730,megawatthours
2020-01-07,NY,New York,DF,Day-ahead demand forecast,Eastern,Eastern,424151,megawatthours
2020-01-07,NY,New York,NG,Net generation,Eastern,Eastern,384097,megawatthours
2020-01-07,NY,New York,TI,Total interchange,Eastern,Eastern,-48633,megawatthours
2020-01-06,NY,New York,D,Demand,Eastern,Eastern,432354,megawatthours
2020-01-06,NY,New York,DF,Day-ahead demand forecast,Eastern,Eastern,422730,megawatthours
2020-01-06,NY,New York,NG,Net generation,Eastern,Eastern,377029,megawatthours
2020-01-06,NY,New York,TI,Total interchange,Eastern,Eastern,-55325,megawatthours
2020-01-05,NY,New York,D,Demand,Eastern,Eastern,396540,megawatthours
2020-01-05,NY,New York,DF,Day-ahead demand forecast,Eastern,Eastern,383285,megawatthours
2020-01-05,NY,New York,NG,Net generation,Eastern,Eastern,329909,megawatthours
2020-01-05,NY,New York,TI,Total interchange,Eastern,Eastern,-66631,megawatthours
2020-01-04,NY,New York,D,Demand,Eastern,Eastern,389879,megawatthours
2020-01-04,NY,New York,DF,Day-ahead demand forecast,Eastern,Eastern,378503,megawatthours
2020-01-04,NY,New York,NG,Net generation,Eastern,Eastern,335741,megawatthours
2020-01-04,NY,New York,TI,Total interchange,Eastern,Eastern,-54138,megawatthours
2020-01-03,NY,New York,D,Demand,Eastern,Eastern,411481,megawatthours
2020-01-03,NY,New York,DF,Day-ahead demand forecast,Eastern,Eastern,400219,megawatthours
2020-01-03,NY,New York,NG,Net generation,Eastern,Eastern,371466,megawatthours
2020-01-03,NY,New York,TI,Total interchange,Eastern,Eastern,-40015,megawatthours
2020-01-02,NY,New York,D,Demand,Eastern,Eastern,416985,megawatthours
2020-01-02,NY,New York,DF,Day-ahead demand forecast,Eastern,Eastern,401752,megawatthours
2020-01-02,NY,New York,NG,Net generation,Eastern,Eastern,370609,megawatthours
2020-01-02,NY,New York,TI,Total interchange,Eastern,Eastern,-46376,megawatthours
2020-01-01,NY,New York,D,Demand,Eastern,Eastern,395316,megawatthours
2020-01-01,NY,New York,DF,Day-ahead demand forecast,Eastern,Eastern,378840,megawatthours
2020-01-01,NY,New York,NG,Net generation,Eastern,Eastern,348112,megawatthours
2020-01-01,NY,New York,TI,Total interchange,Eastern,Eastern,-47204,megawatthours
2019-12-31,NY,New York,D,Demand,Eastern,Eastern,410989,megawatthours
2019-12-31,NY,New York,DF,Day-ahead demand forecast,Eastern,Eastern,394297,megawatthours
2019-12-31,NY,New York,NG,Net generation,Eastern,Eastern,361433,megawatthours
2019-12-31,NY,New York,TI,Total interchange,Eastern,Eastern,-49556,megawatthours
2019-12-30,NY,New York,D,Demand,Eastern,Eastern,420037,megawatthours
2019-12-30,NY,New York,DF,Day-ahead demand forecast,Eastern,Eastern,406092,megawatthours
2019-12-30,NY,New York,NG,Net generation,Eastern,Eastern,371977,megawatthours
2019-12-30,NY,New York,TI,Total interchange,Eastern,Eastern,-48060,megawatthours
2019-12-29,NY,New York,D,Demand,Eastern,Eastern,390901,megawatthours
2019-12-29,NY,New York,DF,Day-ahead demand forecast,Eastern,Eastern,379891,megawatthours
2019-12-29,NY,New York,NG,Net generation,Eastern,Eastern,350254,megawatthours
2019-12-29,NY,New York,TI,Total interchange,Eastern,Eastern,-40647,megawatthours
2019-12-28,NY,New York,D,Demand,Eastern,Eastern,384433,megawatthours
2019-12-28,NY,New York,DF,Day-ahead demand forecast,Eastern,Eastern,376882,megawatthours
2019-12-28,NY,New York,NG,Net generation,Eastern,Eastern,357979,megawatthours
2019-12-28,NY,New York,TI,Total interchange,Eastern,Eastern,-26454,megawatthours
2019-12-27,NY,New York,D,Demand,Eastern,Eastern,406015,megawatthours
2019-12-27,NY,New York,DF,Day-ahead demand forecast,Eastern,Eastern,396401,megawatthours
2019-12-27,NY,New York,NG,Net generation,Eastern,Eastern,374854,megawatthours
2019-12-27,NY,New York,TI,Total interchange,Eastern,Eastern,-31161,megawatthours
2019-12-26,NY,New York,D,Demand,Eastern,Eastern,416436,megawatthours
2019-12-26,NY,New York,DF,Day-ahead demand forecast,Eastern,Eastern,396442,megawatthours
2019-12-26,NY,New York,NG,Net generation,Eastern,Eastern,367214,megawatthours
2019-12-26,NY,New York,TI,Total interchange,Eastern,Eastern,-49222,megawatthours
2019-12-25,NY,New York,D,Demand,Eastern,Eastern,381509,megawatthours
2019-12-25,NY,New York,DF,Day-ahead demand forecast,Eastern,Eastern,369201,megawatthours
2019-12-25,NY,New York,NG,Net generation,Eastern,Eastern,348633,megawatthours
2019-12-25,NY,New York,TI,Total interchange,Eastern,Eastern,-32876,megawatthours
2019-12-24,NY,New York,D,Demand,Eastern,Eastern,401197,megawatthours
2019-12-24,NY,New York,DF,Day-ahead demand forecast,Eastern,Eastern,395253,megawatthours
2019-12-24,NY,New York,NG,Net generation,Eastern,Eastern,356478,megawatthours
2019-12-24,NY,New York,TI,Total interchange,Eastern,Eastern,-44719,megawatthours
2019-12-23,NY,New York,D,Demand,Eastern,Eastern,417803,megawatthours
2019-12-23,NY,New York,DF,Day-ahead demand forecast,Eastern,Eastern,422564,megawatthours
2019-12-23,NY,New York,NG,Net generation,Eastern,Eastern,379325,megawatthours
2019-12-23,NY,New York,TI,Total interchange,Eastern,Eastern,-38478,megawatthours
2019-12-22,NY,New York,D,Demand,Eastern,Eastern,415524,megawatthours
2019-12-22,NY,New York,DF,Day-ahead demand forecast,Eastern,Eastern,405732,megawatthours
2019-12-22,NY,New York,NG,Net generation,Eastern,Eastern,367690,megawatthours
2019-12-22,NY,New York,TI,Total interchange,Eastern,Eastern,-47834,megawatthours
2019-12-21,NY,New York,D,Demand,Eastern,Eastern,445670,megawatthours
2019-12-21,NY,New York,DF,Day-ahead demand forecast,Eastern,Eastern,430511,megawatthours
2019-12-21,NY,New York,NG,Net generation,Eastern,Eastern,366651,megawatthours
2019-12-21,NY,New York,TI,Total interchange,Eastern,Eastern,-79019,megawatthours
2019-12-20,NY,New York,D,Demand,Eastern,Eastern,475219,megawatthours
2019-12-20,NY,New York,DF,Day-ahead demand forecast,Eastern,Eastern,458450,megawatthours
2019-12-20,NY,New York,NG,Net generation,Eastern,Eastern,383128,megawatthours
2019-12-20,NY,New York,TI,Total interchange,Eastern,Eastern,-92091,megawatthours
2019-12-19,NY,New York,D,Demand,Eastern,Eastern,488773,megawatthours
2019-12-19,NY,New York,DF,Day-ahead demand forecast,Eastern,Eastern,470032,megawatthours
2019-12-19,NY,New York,NG,Net generation,Eastern,Eastern,407721,megawatthours
2019-12-19,NY,New York,TI,Total interchange,Eastern,Eastern,-81052,megawatthours
2019-12-18,NY,New York,D,Demand,Eastern,Eastern,458175,megawatthours
2019-12-18,NY,New York,DF,Day-ahead demand forecast,Eastern,Eastern,443521,megawatthours
2019-12-18,NY,New York,NG,Net generation,Eastern,Eastern,378702,megawatthours
2019-12-18,NY,New York,TI,Total interchange,Eastern,Eastern,-79473,megawatthours
2019-12-17,NY,New York,D,Demand,Eastern,Eastern,455122,megawatthours
2019-12-17,NY,New York,DF,Day-ahead demand forecast,Eastern,Eastern,435401,megawatthours
2019-12-17,NY,New York,NG,Net generation,Eastern,Eastern,388810,megawatthours
2019-12-17,NY,New York,TI,Total interchange,Eastern,Eastern,-66312,megawatthours
2019-12-16,NY,New York,D,Demand,Eastern,Eastern,444484,megawatthours
2019-12-16,NY,New York,DF,Day-ahead demand forecast,Eastern,Eastern,431545,megawatthours
2019-12-16,NY,New York,NG,Net generation,Eastern,Eastern,382310,megawatthours
2019-12-16,NY,New York,TI,Total interchange,Eastern,Eastern,-62174,megawatthours
2019-12-15,NY,New York,D,Demand,Eastern,Eastern,401094,megawatthours
2019-12-15,NY,New York,DF,Day-ahead demand forecast,Eastern,Eastern,385973,megawatthours
2019-12-15,NY,New York,NG,Net generation,Eastern,Eastern,358198,megawatthours
2019-12-15,NY,New York,TI,Total interchange,Eastern,Eastern,-42896,megawatthours
2019-12-14,NY,New York,D,Demand,Eastern,Eastern,397589,megawatthours
2019-12-14,NY,New York,DF,Day-ahead demand forecast,Eastern,Eastern,385830,megawatthours
2019-12-14,NY,New York,NG,Net generation,Eastern,Eastern,347495,megawatthours
2019-12-14,NY,New York,TI,Total interchange,Eastern,Eastern,-50094,megawatthours
2019-12-13,NY,New York,D,Demand,Eastern,Eastern,439592,megawatthours
2019-12-13,NY,New York,DF,Day-ahead demand forecast,Eastern,Eastern,424399,megawatthours
2019-12-13,NY,New York,NG,Net generation,Eastern,Eastern,385398,megawatthours
2019-12-13,NY,New York,TI,Total interchange,Eastern,Eastern,-54194,megawatthours
2019-12-12,NY,New York,D,Demand,Eastern,Eastern,453983,megawatthours
2019-12-12,NY,New York,DF,Day-ahead demand forecast,Eastern,Eastern,436991,megawatthours
2019-12-12,NY,New York,NG,Net generation,Eastern,Eastern,385127,megawatthours
2019-12-12,NY,New York,TI,Total interchange,Eastern,Eastern,-68856,megawatthours
2019-12-11,NY,New York,D,Demand,Eastern,Eastern,444287,megawatthours
2019-12-11,NY,New York,DF,Day-ahead demand forecast,Eastern,Eastern,425352,megawatthours
2019-12-11,NY,New York,NG,Net generation,Eastern,Eastern,394065,megawatthours
2019-12-11,NY,New York,TI,Total interchange,Eastern,Eastern,-50222,megawatthours
2019-12-10,NY,New York,D,Demand,Eastern,Eastern,417917,megawatthours
2019-12-10,NY,New York,DF,Day-ahead demand forecast,Eastern,Eastern,405625,megawatthours
2019-12-10,NY,New York,NG,Net generation,Eastern,Eastern,371748,megawatthours
2019-12-10,NY,New York,TI,Total interchange,Eastern,Eastern,-46169,megawatthours
2019-12-09,NY,New York,D,Demand,Eastern,Eastern,426759,megawatthours
2019-12-09,NY,New York,DF,Day-ahead demand forecast,Eastern,Eastern,415679,megawatthours
2019-12-09,NY,New York,NG,Net generation,Eastern,Eastern,379649,megawatthours
2019-12-09,NY,New York,TI,Total interchange,Eastern,Eastern,-47110,megawatthours
2019-12-08,NY,New York,D,Demand,Eastern,Eastern,416972,megawatthours
2019-12-08,NY,New York,DF,Day-ahead demand forecast,Eastern,Eastern,403137,megawatthours
2019-12-08,NY,New York,NG,Net generation,Eastern,Eastern,366719,megawatthours
2019-12-08,NY,New York,TI,Total interchange,Eastern,Eastern,-50253,megawatthours
2019-12-07,NY,New York,D,Demand,Eastern,Eastern,416930,megawatthours
2019-12-07,NY,New York,DF,Day-ahead demand forecast,Eastern,Eastern,405906,megawatthours
2019-12-07,NY,New York,NG,Net generation,Eastern,Eastern,360593,megawatthours
2019-12-07,NY,New York,TI,Total interchange,Eastern,Eastern,-56337,megawatthours
2019-12-06,NY,New York,D,Demand,Eastern,Eastern,436053,megawatthours
2019-12-06,NY,New York,DF,Day-ahead demand forecast,Eastern,Eastern,425442,megawatthours
2019-12-06,NY,New York,NG,Net generation,Eastern,Eastern,369270,megawatthours
2019-12-06,NY,New York,TI,Total interchange,Eastern,Eastern,-66783,megawatthours
2019-12-05,NY,New York,D,Demand,Eastern,Eastern,437644,megawatthours
2019-12-05,NY,New York,DF,Day-ahead demand forecast,Eastern,Eastern,424497,megawatthours
2019-12-05,NY,New York,NG,Net generation,Eastern,Eastern,370327,megawatthours
2019-12-05,NY,New York,TI,Total interchange,Eastern,Eastern,-67317,megawatthours
2019-12-04,NY,New York,D,Demand,Eastern,Eastern,442241,megawatthours
2019-12-04,NY,New York,DF,Day-ahead demand forecast,Eastern,Eastern,428223,megawatthours
2019-12-04,NY,New York,NG,Net generation,Eastern,Eastern,367266,megawatthours
2019-12-04,NY,New York,TI,Total interchange,Eastern,Eastern,-74975,megawatthours
2019-12-03,NY,New York,D,Demand,Eastern,Eastern,444219,megawatthours
2019-12-03,NY,New York,DF,Day-ahead demand forecast,Eastern,Eastern,430635,megawatthours
2019-12-03,NY,New York,NG,Net generation,Eastern,Eastern,379671,megawatthours
2019-12-03,NY,New York,TI,Total interchange,Eastern,Eastern,-64548,megawatthours
2019-12-02,NY,New York,D,Demand,Eastern,Eastern,444670,megawatthours
2019-12-02,NY,New York,DF,Day-ahead demand forecast,Eastern,Eastern,426983,megawatthours
2019-12-02,NY,New York,NG,Net generation,Eastern,Eastern,382476,megawatthours
2019-12-02,NY,New York,TI,Total interchange,Eastern,Eastern,-62194,megawatthours
2019-12-01,NY,New York,D,Demand,Eastern,Eastern,419349,megawatthours
2019-12-01,NY,New York,DF,Day-ahead demand forecast,Eastern,Eastern,401679,megawatthours
2019-12-01,NY,New York,NG,Net generation,Eastern,Eastern,355927,megawatthours
2019-12-01,NY,New York,TI,Total interchange,Eastern,Eastern,-63422,megawatthours
2019-11-30,NY,New York,D,Demand,Eastern,Eastern,395083,megawatthours
2019-11-30,NY,New York,DF,Day-ahead demand forecast,Eastern,Eastern,381275,megawatthours
2019-11-30,NY,New York,NG,Net generation,Eastern,Eastern,333657,megawatthours
2019-11-30,NY,New York,TI,Total interchange,Eastern,Eastern,-61426,megawatthours
2019-11-29,NY,New York,D,Demand,Eastern,Eastern,396538,megawatthours
2019-11-29,NY,New York,DF,Day-ahead demand forecast,Eastern,Eastern,376139,megawatthours
2019-11-29,NY,New York,NG,Net generation,Eastern,Eastern,342905,megawatthours
2019-11-29,NY,New York,TI,Total interchange,Eastern,Eastern,-53633,megawatthours
2019-11-28,NY,New York,D,Demand,Eastern,Eastern,370764,megawatthours
2019-11-28,NY,New York,DF,Day-ahead demand forecast,Eastern,Eastern,353152,megawatthours
2019-11-28,NY,New York,NG,Net generation,Eastern,Eastern,322422,megawatthours
2019-11-28,NY,New York,TI,Total interchange,Eastern,Eastern,-48342,megawatthours
2019-11-27,NY,New York,D,Demand,Eastern,Eastern,401617,megawatthours
2019-11-27,NY,New York,DF,Day-ahead demand forecast,Eastern,Eastern,393262,megawatthours
2019-11-27,NY,New York,NG,Net generation,Eastern,Eastern,344483,megawatthours
2019-11-27,NY,New York,TI,Total interchange,Eastern,Eastern,-57134,megawatthours
2019-11-26,NY,New York,D,Demand,Eastern,Eastern,399668,megawatthours
2019-11-26,NY,New York,DF,Day-ahead demand forecast,Eastern,Eastern,394280,megawatthours
2019-11-26,NY,New York,NG,Net generation,Eastern,Eastern,340933,megawatthours
2019-11-26,NY,New York,TI,Total interchange,Eastern,Eastern,-58735,megawatthours
2019-11-25,NY,New York,D,Demand,Eastern,Eastern,407014,megawatthours
2019-11-25,NY,New York,DF,Day-ahead demand forecast,Eastern,Eastern,400240,megawatthours
2019-11-25,NY,New York,NG,Net generation,Eastern,Eastern,341053,megawatthours
2019-11-25,NY,New York,TI,Total interchange,Eastern,Eastern,-65961,megawatthours
2019-11-24,NY,New York,D,Demand,Eastern,Eastern,389949,megawatthours
2019-11-24,NY,New York,DF,Day-ahead demand forecast,Eastern,Eastern,372407,megawatthours
2019-11-24,NY,New York,NG,Net generation,Eastern,Eastern,324041,megawatthours
2019-11-24,NY,New York,TI,Total interchange,Eastern,Eastern,-65908,megawatthours
2019-11-23,NY,New York,D,Demand,Eastern,Eastern,388442,megawatthours
2019-11-23,NY,New York,DF,Day-ahead demand forecast,Eastern,Eastern,375311,megawatthours
2019-11-23,NY,New York,NG,Net generation,Eastern,Eastern,328447,megawatthours
2019-11-23,NY,New York,TI,Total interchange,Eastern,Eastern,-59995,megawatthours
2019-11-22,NY,New York,D,Demand,Eastern,Eastern,410947,megawatthours
2019-11-22,NY,New York,DF,Day-ahead demand forecast,Eastern,Eastern,392803,megawatthours
2019-11-22,NY,New York,NG,Net generation,Eastern,Eastern,364361,megawatthours
2019-11-22,NY,New York,TI,Total interchange,Eastern,Eastern,-46586,megawatthours
2019-11-21,NY,New York,D,Demand,Eastern,Eastern,409803,megawatthours
2019-11-21,NY,New York,DF,Day-ahead demand forecast,Eastern,Eastern,399213,megawatthours
2019-11-21,NY,New York,NG,Net generation,Eastern,Eastern,345761,megawatthours
2019-11-21,NY,New York,TI,Total interchange,Eastern,Eastern,-64042,megawatthours
2019-11-20,NY,New York,D,Demand,Eastern,Eastern,417518,megawatthours
2019-11-20,NY,New York,DF,Day-ahead demand forecast,Eastern,Eastern,406615,megawatthours
2019-11-20,NY,New York,NG,Net generation,Eastern,Eastern,349999,megawatthours
2019-11-20,NY,New York,TI,Total interchange,Eastern,Eastern,-67519,megawatthours
2019-11-19,NY,New York,D,Demand,Eastern,Eastern,415591,megawatthours
2019-11-19,NY,New York,DF,Day-ahead demand forecast,Eastern,Eastern,406546,megawatthours
2019-11-19,NY,New York,NG,Net generation,Eastern,Eastern,350943,megawatthours
2019-11-19,NY,New York,TI,Total interchange,Eastern,Eastern,-64648,megawatthours
2019-11-18,NY,New York,D,Demand,Eastern,Eastern,422602,megawatthours
2019-11-18,NY,New York,DF,Day-ahead demand forecast,Eastern,Eastern,414425,megawatthours
2019-11-18,NY,New York,NG,Net generation,Eastern,Eastern,365322,megawatthours
2019-11-18,NY,New York,TI,Total interchange,Eastern,Eastern,-57280,megawatthours
2019-11-17,NY,New York,D,Demand,Eastern,Eastern,401676,megawatthours
2019-11-17,NY,New York,DF,Day-ahead demand forecast,Eastern,Eastern,387006,megawatthours
2019-11-17,NY,New York,NG,Net generation,Eastern,Eastern,357474,megawatthours
2019-11-17,NY,New York,TI,Total interchange,Eastern,Eastern,-44202,megawatthours
2019-11-16,NY,New York,D,Demand,Eastern,Eastern,398339,megawatthours
2019-11-16,NY,New York,DF,Day-ahead demand forecast,Eastern,Eastern,388608,megawatthours
2019-11-16,NY,New York,NG,Net generation,Eastern,Eastern,344275,megawatthours
2019-11-16,NY,New York,TI,Total interchange,Eastern,Eastern,-54064,megawatthours
2019-11-15,NY,New York,D,Demand,Eastern,Eastern,417488,megawatthours
2019-11-15,NY,New York,DF,Day-ahead demand forecast,Eastern,Eastern,407659,megawatthours
2019-11-15,NY,New York,NG,Net generation,Eastern,Eastern,374615,megawatthours
2019-11-15,NY,New York,TI,Total interchange,Eastern,Eastern,-42873,megawatthours
2019-11-14,NY,New York,D,Demand,Eastern,Eastern,439091,megawatthours
2019-11-14,NY,New York,DF,Day-ahead demand forecast,Eastern,Eastern,427401,megawatthours
2019-11-14,NY,New York,NG,Net generation,Eastern,Eastern,384813,megawatthours
2019-11-14,NY,New York,TI,Total interchange,Eastern,Eastern,-54278,megawatthours
2019-11-13,NY,New York,D,Demand,Eastern,Eastern,445451,megawatthours
2019-11-13,NY,New York,DF,Day-ahead demand forecast,Eastern,Eastern,429124,megawatthours
2019-11-13,NY,New York,NG,Net generation,Eastern,Eastern,386588,megawatthours
2019-11-13,NY,New York,TI,Total interchange,Eastern,Eastern,-58863,megawatthours
2019-11-12,NY,New York,D,Demand,Eastern,Eastern,428531,megawatthours
2019-11-12,NY,New York,DF,Day-ahead demand forecast,Eastern,Eastern,413110,megawatthours
2019-11-12,NY,New York,NG,Net generation,Eastern,Eastern,382682,megawatthours
2019-11-12,NY,New York,TI,Total interchange,Eastern,Eastern,-45849,megawatthours
2019-11-11,NY,New York,D,Demand,Eastern,Eastern,401249,megawatthours
2019-11-11,NY,New York,DF,Day-ahead demand forecast,Eastern,Eastern,399822,megawatthours
2019-11-11,NY,New York,NG,Net generation,Eastern,Eastern,352505,megawatthours
2019-11-11,NY,New York,TI,Total interchange,Eastern,Eastern,-48744,megawatthours
2019-11-10,NY,New York,D,Demand,Eastern,Eastern,375466,megawatthours
2019-11-10,NY,New York,DF,Day-ahead demand forecast,Eastern,Eastern,369058,megawatthours
2019-11-10,NY,New York,NG,Net generation,Eastern,Eastern,337216,megawatthours
2019-11-10,NY,New York,TI,Total interchange,Eastern,Eastern,-38250,megawatthours
2019-11-09,NY,New York,D,Demand,Eastern,Eastern,391010,megawatthours
2019-11-09,NY,New York,DF,Day-ahead demand forecast,Eastern,Eastern,382161,megawatthours
2019-11-09,NY,New York,NG,Net generation,Eastern,Eastern,347353,megawatthours
2019-11-09,NY,New York,TI,Total interchange,Eastern,Eastern,-43657,megawatthours
2019-11-08,NY,New York,D,Demand,Eastern,Eastern,410561,megawatthours
2019-11-08,NY,New York,DF,Day-ahead demand forecast,Eastern,Eastern,399432,megawatthours
2019-11-08,NY,New York,NG,Net generation,Eastern,Eastern,367717,megawatthours
2019-11-08,NY,New York,TI,Total interchange,Eastern,Eastern,-42844,megawatthours
2019-11-07,NY,New York,D,Demand,Eastern,Eastern,401733,megawatthours
2019-11-07,NY,New York,DF,Day-ahead demand forecast,Eastern,Eastern,386957,megawatthours
2019-11-07,NY,New York,NG,Net generation,Eastern,Eastern,360563,megawatthours
2019-11-07,NY,New York,TI,Total interchange,Eastern,Eastern,-41170,megawatthours
2019-11-06,NY,New York,D,Demand,Eastern,Eastern,388790,megawatthours
2019-11-06,NY,New York,DF,Day-ahead demand forecast,Eastern,Eastern,379477,megawatthours
2019-11-06,NY,New York,NG,Net generation,Eastern,Eastern,350027,megawatthours
2019-11-06,NY,New York,TI,Total interchange,Eastern,Eastern,-38763,megawatthours
2019-11-05,NY,New York,D,Demand,Eastern,Eastern,393352,megawatthours
2019-11-05,NY,New York,DF,Day-ahead demand forecast,Eastern,Eastern,379832,megawatthours
2019-11-05,NY,New York,NG,Net generation,Eastern,Eastern,354437,megawatthours
2019-11-05,NY,New York,TI,Total interchange,Eastern,Eastern,-38915,megawatthours
2019-11-04,NY,New York,D,Demand,Eastern,Eastern,391960,megawatthours
2019-11-04,NY,New York,DF,Day-ahead demand forecast,Eastern,Eastern,381492,megawatthours
2019-11-04,NY,New York,NG,Net generation,Eastern,Eastern,345800,megawatthours
2019-11-04,NY,New York,TI,Total interchange,Eastern,Eastern,-46160,megawatthours
2019-11-03,NY,New York,D,Demand,Eastern,Eastern,372188,megawatthours
2019-11-03,NY,New York,DF,Day-ahead demand forecast,Eastern,Eastern,361553,megawatthours
2019-11-03,NY,New York,NG,Net generation,Eastern,Eastern,331577,megawatthours
2019-11-03,NY,New York,TI,Total interchange,Eastern,Eastern,-40611,megawatthours
2019-11-02,NY,New York,D,Demand,Eastern,Eastern,357401,megawatthours
2019-11-02,NY,New York,DF,Day-ahead demand forecast,Eastern,Eastern,352193,megawatthours
2019-11-02,NY,New York,NG,Net generation,Eastern,Eastern,315785,megawatthours
2019-11-02,NY,New York,TI,Total interchange,Eastern,Eastern,-41616,megawatthours
2019-11-01,NY,New York,D,Demand,Eastern,Eastern,377189,megawatthours
2019-11-01,NY,New York,DF,Day-ahead demand forecast,Eastern,Eastern,370075,megawatthours
2019-11-01,NY,New York,NG,Net generation,Eastern,Eastern,331932,megawatthours
2019-11-01,NY,New York,TI,Total interchange,Eastern,Eastern,-45257,megawatthours
2019-10-31,NY,New York,D,Demand,Eastern,Eastern,393599,megawatthours
2019-10-31,NY,New York,DF,Day-ahead demand forecast,Eastern,Eastern,386222,megawatthours
2019-10-31,NY,New York,NG,Net generation,Eastern,Eastern,344680,megawatthours
2019-10-31,NY,New York,TI,Total interchange,Eastern,Eastern,-48919,megawatthours
2019-10-30,NY,New York,D,Demand,Eastern,Eastern,382339,megawatthours
2019-10-30,NY,New York,DF,Day-ahead demand forecast,Eastern,Eastern,378013,megawatthours
2019-10-30,NY,New York,NG,Net generation,Eastern,Eastern,331772,megawatthours
2019-10-30,NY,New York,TI,Total interchange,Eastern,Eastern,-50567,megawatthours
2019-10-29,NY,New York,D,Demand,Eastern,Eastern,379117,megawatthours
2019-10-29,NY,New York,DF,Day-ahead demand forecast,Eastern,Eastern,373618,megawatthours
2019-10-29,NY,New York,NG,Net generation,Eastern,Eastern,333952,megawatthours
2019-10-29,NY,New York,TI,Total interchange,Eastern,Eastern,-45165,megawatthours
2019-10-28,NY,New York,D,Demand,Eastern,Eastern,375033,megawatthours
2019-10-28,NY,New York,DF,Day-ahead demand forecast,Eastern,Eastern,370601,megawatthours
2019-10-28,NY,New York,NG,Net generation,Eastern,Eastern,321050,megawatthours
2019-10-28,NY,New York,TI,Total interchange,Eastern,Eastern,-53983,megawatthours
2019-10-27,NY,New York,D,Demand,Eastern,Eastern,357475,megawatthours
2019-10-27,NY,New York,DF,Day-ahead demand forecast,Eastern,Eastern,342905,megawatthours
2019-10-27,NY,New York,NG,Net generation,Eastern,Eastern,323295,megawatthours
2019-10-27,NY,New York,TI,Total interchange,Eastern,Eastern,-34180,megawatthours
2019-10-26,NY,New York,D,Demand,Eastern,Eastern,345991,megawatthours
2019-10-26,NY,New York,DF,Day-ahead demand forecast,Eastern,Eastern,341009,megawatthours
2019-10-26,NY,New York,NG,Net generation,Eastern,Eastern,301347,megawatthours
2019-10-26,NY,New York,TI,Total interchange,Eastern,Eastern,-44644,megawatthours
2019-10-25,NY,New York,D,Demand,Eastern,Eastern,377915,megawatthours
2019-10-25,NY,New York,DF,Day-ahead demand forecast,Eastern,Eastern,367737,megawatthours
2019-10-25,NY,New York,NG,Net generation,Eastern,Eastern,322301,megawatthours
2019-10-25,NY,New York,TI,Total interchange,Eastern,Eastern,-55614,megawatthours
2019-10-24,NY,New York,D,Demand,Eastern,Eastern,377616,megawatthours
2019-10-24,NY,New York,DF,Day-ahead demand forecast,Eastern,Eastern,369826,megawatthours
2019-10-24,NY,New York,NG,Net generation,Eastern,Eastern,333614,megawatthours
2019-10-24,NY,New York,TI,Total interchange,Eastern,Eastern,-44002,megawatthours
2019-10-23,NY,New York,D,Demand,Eastern,Eastern,375388,megawatthours
2019-10-23,NY,New York,DF,Day-ahead demand forecast,Eastern,Eastern,368062,megawatthours
2019-10-23,NY,New York,NG,Net generation,Eastern,Eastern,347182,megawatthours
2019-10-23,NY,New York,TI,Total interchange,Eastern,Eastern,-28206,megawatthours
2019-10-22,NY,New York,D,Demand,Eastern,Eastern,383682,megawatthours
2019-10-22,NY,New York,DF,Day-ahead demand forecast,Eastern,Eastern,373875,megawatthours
2019-10-22,NY,New York,NG,Net generation,Eastern,Eastern,360154,megawatthours
2019-10-22,NY,New York,TI,Total interchange,Eastern,Eastern,-23528,megawatthours
2019-10-21,NY,New York,D,Demand,Eastern,Eastern,374033,megawatthours
2019-10-21,NY,New York,DF,Day-ahead demand forecast,Eastern,Eastern,369830,megawatthours
2019-10-21,NY,New York,NG,Net generation,Eastern,Eastern,345789,megawatthours
2019-10-21,NY,New York,TI,Total interchange,Eastern,Eastern,-28244,megawatthours
2019-10-20,NY,New York,D,Demand,Eastern,Eastern,349105,megawatthours
2019-10-20,NY,New York,DF,Day-ahead demand forecast,Eastern,Eastern,337915,megawatthours
2019-10-20,NY,New York,NG,Net generation,Eastern,Eastern,319267,megawatthours
2019-10-20,NY,New York,TI,Total interchange,Eastern,Eastern,-29838,megawatthours
2019-10-19,NY,New York,D,Demand,Eastern,Eastern,345036,megawatthours
2019-10-19,NY,New York,DF,Day-ahead demand forecast,Eastern,Eastern,341816,megawatthours
2019-10-19,NY,New York,NG,Net generation,Eastern,Eastern,298862,megawatthours
2019-10-19,NY,New York,TI,Total interchange,Eastern,Eastern,-46174,megawatthours
2019-10-18,NY,New York,D,Demand,Eastern,Eastern,376861,megawatthours
2019-10-18,NY,New York,DF,Day-ahead demand forecast,Eastern,Eastern,370549,megawatthours
2019-10-18,NY,New York,NG,Net generation,Eastern,Eastern,349901,megawatthours
2019-10-18,NY,New York,TI,Total interchange,Eastern,Eastern,-26960,megawatthours
2019-10-17,NY,New York,D,Demand,Eastern,Eastern,383884,megawatthours
2019-10-17,NY,New York,DF,Day-ahead demand forecast,Eastern,Eastern,372472,megawatthours
2019-10-17,NY,New York,NG,Net generation,Eastern,Eastern,360187,megawatthours
2019-10-17,NY,New York,TI,Total interchange,Eastern,Eastern,-23697,megawatthours
2019-10-16,NY,New York,D,Demand,Eastern,Eastern,387485,megawatthours
2019-10-16,NY,New York,DF,Day-ahead demand forecast,Eastern,Eastern,373401,megawatthours
2019-10-16,NY,New York,NG,Net generation,Eastern,Eastern,350279,megawatthours
2019-10-16,NY,New York,TI,Total interchange,Eastern,Eastern,-37206,megawatthours
2019-10-15,NY,New York,D,Demand,Eastern,Eastern,373121,megawatthours
2019-10-15,NY,New York,DF,Day-ahead demand forecast,Eastern,Eastern,366316,megawatthours
2019-10-15,NY,New York,NG,Net generation,Eastern,Eastern,332764,megawatthours
2019-10-15,NY,New York,TI,Total interchange,Eastern,Eastern,-40357,megawatthours
2019-10-14,NY,New York,D,Demand,Eastern,Eastern,374757,megawatthours
2019-10-14,NY,New York,DF,Day-ahead demand forecast,Eastern,Eastern,369424,megawatthours
2019-10-14,NY,New York,NG,Net generation,Eastern,Eastern,333456,megawatthours
2019-10-14,NY,New York,TI,Total interchange,Eastern,Eastern,-41301,megawatthours
2019-10-13,NY,New York,D,Demand,Eastern,Eastern,337120,megawatthours
2019-10-13,NY,New York,DF,Day-ahead demand forecast,Eastern,Eastern,333148,megawatthours
2019-10-13,NY,New York,NG,Net generation,Eastern,Eastern,304103,megawatthours
2019-10-13,NY,New York,TI,Total interchange,Eastern,Eastern,-33017,megawatthours
2019-10-12,NY,New York,D,Demand,Eastern,Eastern,346871,megawatthours
2019-10-12,NY,New York,DF,Day-ahead demand forecast,Eastern,Eastern,342751,megawatthours
2019-10-12,NY,New York,NG,Net generation,Eastern,Eastern,321100,megawatthours
2019-10-12,NY,New York,TI,Total interchange,Eastern,Eastern,-25771,megawatthours
2019-10-11,NY,New York,D,Demand,Eastern,Eastern,373051,megawatthours
2019-10-11,NY,New York,DF,Day-ahead demand forecast,Eastern,Eastern,363976,megawatthours
2019-10-11,NY,New York,NG,Net generation,Eastern,Eastern,327279,megawatthours
2019-10-11,NY,New York,TI,Total interchange,Eastern,Eastern,-45772,megawatthours
2019-10-10,NY,New York,D,Demand,Eastern,Eastern,374313,megawatthours
2019-10-10,NY,New York,DF,Day-ahead demand forecast,Eastern,Eastern,370054,megawatthours
2019-10-10,NY,New York,NG,Net generation,Eastern,Eastern,326235,megawatthours
2019-10-10,NY,New York,TI,Total interchange,Eastern,Eastern,-48078,megawatthours
2019-10-09,NY,New York,D,Demand,Eastern,Eastern,375706,megawatthours
2019-10-09,NY,New York,DF,Day-ahead demand forecast,Eastern,Eastern,372744,megawatthours
2019-10-09,NY,New York,NG,Net generation,Eastern,Eastern,327681,megawatthours
2019-10-09,NY,New York,TI,Total interchange,Eastern,Eastern,-48025,megawatthours
2019-10-08,NY,New York,D,Demand,Eastern,Eastern,381102,megawatthours
2019-10-08,NY,New York,DF,Day-ahead demand forecast,Eastern,Eastern,379857,megawatthours
2019-10-08,NY,New York,NG,Net generation,Eastern,Eastern,336860,megawatthours
2019-10-08,NY,New York,TI,Total interchange,Eastern,Eastern,-44242,megawatthours
2019-10-07,NY,New York,D,Demand,Eastern,Eastern,404951,megawatthours
2019-10-07,NY,New York,DF,Day-ahead demand forecast,Eastern,Eastern,394613,megawatthours
2019-10-07,NY,New York,NG,Net generation,Eastern,Eastern,344968,megawatthours
2019-10-07,NY,New York,TI,Total interchange,Eastern,Eastern,-59983,megawatthours
2019-10-06,NY,New York,D,Demand,Eastern,Eastern,357494,megawatthours
2019-10-06,NY,New York,DF,Day-ahead demand forecast,Eastern,Eastern,341752,megawatthours
2019-10-06,NY,New York,NG,Net generation,Eastern,Eastern,313332,megawatthours
2019-10-06,NY,New York,TI,Total interchange,Eastern,Eastern,-44162,megawatthours
2019-10-05,NY,New York,D,Demand,Eastern,Eastern,344158,megawatthours
2019-10-05,NY,New York,DF,Day-ahead demand forecast,Eastern,Eastern,338327,megawatthours
2019-10-05,NY,New York,NG,Net generation,Eastern,Eastern,290228,megawatthours
2019-10-05,NY,New York,TI,Total interchange,Eastern,Eastern,-53930,megawatthours
2019-10-04,NY,New York,D,Demand,Eastern,Eastern,380829,megawatthours
2019-10-04,NY,New York,DF,Day-ahead demand forecast,Eastern,Eastern,379038,megawatthours
2019-10-04,NY,New York,NG,Net generation,Eastern,Eastern,311882,megawatthours
2019-10-04,NY,New York,TI,Total interchange,Eastern,Eastern,-68947,megawatthours
2019-10-03,NY,New York,D,Demand,Eastern,Eastern,398683,megawatthours
2019-10-03,NY,New York,DF,Day-ahead demand forecast,Eastern,Eastern,388768,megawatthours
2019-10-03,NY,New York,NG,Net generation,Eastern,Eastern,329316,megawatthours
2019-10-03,NY,New York,TI,Total interchange,Eastern,Eastern,-69367,megawatthours
2019-10-02,NY,New York,D,Demand,Eastern,Eastern,477769,megawatthours
2019-10-02,NY,New York,DF,Day-ahead demand forecast,Eastern,Eastern,438271,megawatthours
2019-10-02,NY,New York,NG,Net generation,Eastern,Eastern,395339,megawatthours
2019-10-02,NY,New York,TI,Total interchange,Eastern,Eastern,-82430,megawatthours
2019-10-01,NY,New York,D,Demand,Eastern,Eastern,436791,megawatthours
2019-10-01,NY,New York,DF,Day-ahead demand forecast,Eastern,Eastern,402725,megawatthours
2019-10-01,NY,New York,NG,Net generation,Eastern,Eastern,363001,megawatthours
2019-10-01,NY,New York,TI,Total interchange,Eastern,Eastern,-73790,megawatthours
2019-09-30,NY,New York,D,Demand,Eastern,Eastern,398565,megawatthours
2019-09-30,NY,New York,DF,Day-ahead demand forecast,Eastern,Eastern,392258,megawatthours
2019-09-30,NY,New York,NG,Net generation,Eastern,Eastern,322194,megawatthours
2019-09-30,NY,New York,TI,Total interchange,Eastern,Eastern,-76371,megawatthours
2019-09-29,NY,New York,D,Demand,Eastern,Eastern,394523,megawatthours
2019-09-29,NY,New York,DF,Day-ahead demand forecast,Eastern,Eastern,378028,megawatthours
2019-09-29,NY,New York,NG,Net generation,Eastern,Eastern,320556,megawatthours
2019-09-29,NY,New York,TI,Total interchange,Eastern,Eastern,-73967,megawatthours
2019-09-28,NY,New York,D,Demand,Eastern,Eastern,403157,megawatthours
2019-09-28,NY,New York,DF,Day-ahead demand forecast,Eastern,Eastern,390432,megawatthours
2019-09-28,NY,New York,NG,Net generation,Eastern,Eastern,333811,megawatthours
2019-09-28,NY,New York,TI,Total interchange,Eastern,Eastern,-69346,megawatthours
2019-09-27,NY,New York,D,Demand,Eastern,Eastern,402049,megawatthours
2019-09-27,NY,New York,DF,Day-ahead demand forecast,Eastern,Eastern,394525,megawatthours
2019-09-27,NY,New York,NG,Net generation,Eastern,Eastern,336906,megawatthours
2019-09-27,NY,New York,TI,Total interchange,Eastern,Eastern,-65143,megawatthours
2019-09-26,NY,New York,D,Demand,Eastern,Eastern,427676,megawatthours
2019-09-26,NY,New York,DF,Day-ahead demand forecast,Eastern,Eastern,411955,megawatthours
2019-09-26,NY,New York,NG,Net generation,Eastern,Eastern,366946,megawatthours
2019-09-26,NY,New York,TI,Total interchange,Eastern,Eastern,-60730,megawatthours
2019-09-25,NY,New York,D,Demand,Eastern,Eastern,417633,megawatthours
2019-09-25,NY,New York,DF,Day-ahead demand forecast,Eastern,Eastern,411372,megawatthours
2019-09-25,NY,New York,NG,Net generation,Eastern,Eastern,352237,megawatthours
2019-09-25,NY,New York,TI,Total interchange,Eastern,Eastern,-65396,megawatthours
2019-09-24,NY,New York,D,Demand,Eastern,Eastern,438845,megawatthours
2019-09-24,NY,New York,DF,Day-ahead demand forecast,Eastern,Eastern,431879,megawatthours
2019-09-24,NY,New York,NG,Net generation,Eastern,Eastern,375061,megawatthours
2019-09-24,NY,New York,TI,Total interchange,Eastern,Eastern,-63784,megawatthours
2019-09-23,NY,New York,D,Demand,Eastern,Eastern,495446,megawatthours
2019-09-23,NY,New York,DF,Day-ahead demand forecast,Eastern,Eastern,464101,megawatthours
2019-09-23,NY,New York,NG,Net generation,Eastern,Eastern,426250,megawatthours
2019-09-23,NY,New York,TI,Total interchange,Eastern,Eastern,-69196,megawatthours
2019-09-22,NY,New York,D,Demand,Eastern,Eastern,423138,megawatthours
2019-09-22,NY,New York,DF,Day-ahead demand forecast,Eastern,Eastern,408076,megawatthours
2019-09-22,NY,New York,NG,Net generation,Eastern,Eastern,358451,megawatthours
2019-09-22,NY,New York,TI,Total interchange,Eastern,Eastern,-64687,megawatthours
2019-09-21,NY,New York,D,Demand,Eastern,Eastern,390800,megawatthours
2019-09-21,NY,New York,DF,Day-ahead demand forecast,Eastern,Eastern,384458,megawatthours
2019-09-21,NY,New York,NG,Net generation,Eastern,Eastern,328055,megawatthours
2019-09-21,NY,New York,TI,Total interchange,Eastern,Eastern,-62745,megawatthours
2019-09-20,NY,New York,D,Demand,Eastern,Eastern,393247,megawatthours
2019-09-20,NY,New York,DF,Day-ahead demand forecast,Eastern,Eastern,381729,megawatthours
2019-09-20,NY,New York,NG,Net generation,Eastern,Eastern,330674,megawatthours
2019-09-20,NY,New York,TI,Total interchange,Eastern,Eastern,-62573,megawatthours
2019-09-19,NY,New York,D,Demand,Eastern,Eastern,384102,megawatthours
2019-09-19,NY,New York,DF,Day-ahead demand forecast,Eastern,Eastern,377592,megawatthours
2019-09-19,NY,New York,NG,Net generation,Eastern,Eastern,327884,megawatthours
2019-09-19,NY,New York,TI,Total interchange,Eastern,Eastern,-56218,megawatthours
2019-09-18,NY,New York,D,Demand,Eastern,Eastern,394704,megawatthours
2019-09-18,NY,New York,DF,Day-ahead demand forecast,Eastern,Eastern,392194,megawatthours
2019-09-18,NY,New York,NG,Net generation,Eastern,Eastern,325919,megawatthours
2019-09-18,NY,New York,TI,Total interchange,Eastern,Eastern,-68785,megawatthours
2019-09-17,NY,New York,D,Demand,Eastern,Eastern,411403,megawatthours
2019-09-17,NY,New York,DF,Day-ahead demand forecast,Eastern,Eastern,405467,megawatthours
2019-09-17,NY,New York,NG,Net generation,Eastern,Eastern,356025,megawatthours
2019-09-17,NY,New York,TI,Total interchange,Eastern,Eastern,-55378,megawatthours
2019-09-16,NY,New York,D,Demand,Eastern,Eastern,436715,megawatthours
2019-09-16,NY,New York,DF,Day-ahead demand forecast,Eastern,Eastern,430736,megawatthours
2019-09-16,NY,New York,NG,Net generation,Eastern,Eastern,374516,megawatthours
2019-09-16,NY,New York,TI,Total interchange,Eastern,Eastern,-62199,megawatthours
2019-09-15,NY,New York,D,Demand,Eastern,Eastern,408141,megawatthours
2019-09-15,NY,New York,DF,Day-ahead demand forecast,Eastern,Eastern,391932,megawatthours
2019-09-15,NY,New York,NG,Net generation,Eastern,Eastern,344734,megawatthours
2019-09-15,NY,New York,TI,Total interchange,Eastern,Eastern,-63407,megawatthours
2019-09-14,NY,New York,D,Demand,Eastern,Eastern,387703,megawatthours
2019-09-14,NY,New York,DF,Day-ahead demand forecast,Eastern,Eastern,372681,megawatthours
2019-09-14,NY,New York,NG,Net generation,Eastern,Eastern,331275,megawatthours
2019-09-14,NY,New York,TI,Total interchange,Eastern,Eastern,-56428,megawatthours
2019-09-13,NY,New York,D,Demand,Eastern,Eastern,400333,megawatthours
2019-09-13,NY,New York,DF,Day-ahead demand forecast,Eastern,Eastern,399832,megawatthours
2019-09-13,NY,New York,NG,Net generation,Eastern,Eastern,347899,megawatthours
2019-09-13,NY,New York,TI,Total interchange,Eastern,Eastern,-52434,megawatthours
2019-09-12,NY,New York,D,Demand,Eastern,Eastern,471662,megawatthours
2019-09-12,NY,New York,DF,Day-ahead demand forecast,Eastern,Eastern,450417,megawatthours
2019-09-12,NY,New York,NG,Net generation,Eastern,Eastern,396251,megawatthours
2019-09-12,NY,New York,TI,Total interchange,Eastern,Eastern,-75411,megawatthours
2019-09-11,NY,New York,D,Demand,Eastern,Eastern,500305,megawatthours
2019-09-11,NY,New York,DF,Day-ahead demand forecast,Eastern,Eastern,480558,megawatthours
2019-09-11,NY,New York,NG,Net generation,Eastern,Eastern,423630,megawatthours
2019-09-11,NY,New York,TI,Total interchange,Eastern,Eastern,-76675,megawatthours
2019-09-10,NY,New York,D,Demand,Eastern,Eastern,439508,megawatthours
2019-09-10,NY,New York,DF,Day-ahead demand forecast,Eastern,Eastern,429128,megawatthours
2019-09-10,NY,New York,NG,Net generation,Eastern,Eastern,378161,megawatthours
2019-09-10,NY,New York,TI,Total interchange,Eastern,Eastern,-61347,megawatthours
2019-09-09,NY,New York,D,Demand,Eastern,Eastern,421923,megawatthours
2019-09-09,NY,New York,DF,Day-ahead demand forecast,Eastern,Eastern,402138,megawatthours
2019-09-09,NY,New York,NG,Net generation,Eastern,Eastern,364129,megawatthours
2019-09-09,NY,New York,TI,Total interchange,Eastern,Eastern,-57794,megawatthours
2019-09-08,NY,New York,D,Demand,Eastern,Eastern,376016,megawatthours
2019-09-08,NY,New York,DF,Day-ahead demand forecast,Eastern,Eastern,359229,megawatthours
2019-09-08,NY,New York,NG,Net generation,Eastern,Eastern,323790,megawatthours
2019-09-08,NY,New York,TI,Total interchange,Eastern,Eastern,-52226,megawatthours
2019-09-07,NY,New York,D,Demand,Eastern,Eastern,368853,megawatthours
2019-09-07,NY,New York,DF,Day-ahead demand forecast,Eastern,Eastern,365726,megawatthours
2019-09-07,NY,New York,NG,Net generation,Eastern,Eastern,319113,megawatthours
2019-09-07,NY,New York,TI,Total interchange,Eastern,Eastern,-49740,megawatthours
2019-09-06,NY,New York,D,Demand,Eastern,Eastern,406304,megawatthours
2019-09-06,NY,New York,DF,Day-ahead demand forecast,Eastern,Eastern,406765,megawatthours
2019-09-06,NY,New York,NG,Net generation,Eastern,Eastern,347668,megawatthours
2019-09-06,NY,New York,TI,Total interchange,Eastern,Eastern,-58636,megawatthours
2019-09-05,NY,New York,D,Demand,Eastern,Eastern,435505,megawatthours
2019-09-05,NY,New York,DF,Day-ahead demand forecast,Eastern,Eastern,431942,megawatthours
2019-09-05,NY,New York,NG,Net generation,Eastern,Eastern,371463,megawatthours
2019-09-05,NY,New York,TI,Total interchange,Eastern,Eastern,-64042,megawatthours
2019-09-04,NY,New York,D,Demand,Eastern,Eastern,486913,megawatthours
2019-09-04,NY,New York,DF,Day-ahead demand forecast,Eastern,Eastern,468483,megawatthours
2019-09-04,NY,New York,NG,Net generation,Eastern,Eastern,428563,megawatthours
2019-09-04,NY,New York,TI,Total interchange,Eastern,Eastern,-58350,megawatthours
2019-09-03,NY,New York,D,Demand,Eastern,Eastern,461425,megawatthours
2019-09-03,NY,New York,DF,Day-ahead demand forecast,Eastern,Eastern,439861,megawatthours
2019-09-03,NY,New York,NG,Net generation,Eastern,Eastern,399613,megawatthours
2019-09-03,NY,New York,TI,Total interchange,Eastern,Eastern,-61812,megawatthours
2019-09-02,NY,New York,D,Demand,Eastern,Eastern,416378,megawatthours
2019-09-02,NY,New York,DF,Day-ahead demand forecast,Eastern,Eastern,407103,megawatthours
2019-09-02,NY,New York,NG,Net generation,Eastern,Eastern,351118,megawatthours
2019-09-02,NY,New York,TI,Total interchange,Eastern,Eastern,-65260,megawatthours
2019-09-01,NY,New York,D,Demand,Eastern,Eastern,391214,megawatthours
2019-09-01,NY,New York,DF,Day-ahead demand forecast,Eastern,Eastern,386426,megawatthours
2019-09-01,NY,New York,NG,Net generation,Eastern,Eastern,335684,megawatthours
2019-09-01,NY,New York,TI,Total interchange,Eastern,Eastern,-55530,megawatthours
2019-08-31,NY,New York,D,Demand,Eastern,Eastern,418030,megawatthours
2019-08-31,NY,New York,DF,Day-ahead demand forecast,Eastern,Eastern,407690,megawatthours
2019-08-31,NY,New York,NG,Net generation,Eastern,Eastern,356236,megawatthours
2019-08-31,NY,New York,TI,Total interchange,Eastern,Eastern,-61794,megawatthours
2019-08-30,NY,New York,D,Demand,Eastern,Eastern,463536,megawatthours
2019-08-30,NY,New York,DF,Day-ahead demand forecast,Eastern,Eastern,452737,megawatthours
2019-08-30,NY,New York,NG,Net generation,Eastern,Eastern,391501,megawatthours
2019-08-30,NY,New York,TI,Total interchange,Eastern,Eastern,-72035,megawatthours
2019-08-29,NY,New York,D,Demand,Eastern,Eastern,454316,megawatthours
2019-08-29,NY,New York,DF,Day-ahead demand forecast,Eastern,Eastern,447973,megawatthours
2019-08-29,NY,New York,NG,Net generation,Eastern,Eastern,382206,megawatthours
2019-08-29,NY,New York,TI,Total interchange,Eastern,Eastern,-72110,megawatthours
2019-08-28,NY,New York,D,Demand,Eastern,Eastern,455077,megawatthours
2019-08-28,NY,New York,DF,Day-ahead demand forecast,Eastern,Eastern,454482,megawatthours
2019-08-28,NY,New York,NG,Net generation,Eastern,Eastern,390221,megawatthours
2019-08-28,NY,New York,TI,Total interchange,Eastern,Eastern,-64856,megawatthours
2019-08-27,NY,New York,D,Demand,Eastern,Eastern,425515,megawatthours
2019-08-27,NY,New York,DF,Day-ahead demand forecast,Eastern,Eastern,422215,megawatthours
2019-08-27,NY,New York,NG,Net generation,Eastern,Eastern,367883,megawatthours
2019-08-27,NY,New York,TI,Total interchange,Eastern,Eastern,-57632,megawatthours
2019-08-26,NY,New York,D,Demand,Eastern,Eastern,419277,megawatthours
2019-08-26,NY,New York,DF,Day-ahead demand forecast,Eastern,Eastern,407610,megawatthours
2019-08-26,NY,New York,NG,Net generation,Eastern,Eastern,352508,megawatthours
2019-08-26,NY,New York,TI,Total interchange,Eastern,Eastern,-66769,megawatthours
2019-08-25,NY,New York,D,Demand,Eastern,Eastern,389630,megawatthours
2019-08-25,NY,New York,DF,Day-ahead demand forecast,Eastern,Eastern,384977,megawatthours
2019-08-25,NY,New York,NG,Net generation,Eastern,Eastern,325627,megawatthours
2019-08-25,NY,New York,TI,Total interchange,Eastern,Eastern,-64003,megawatthours
2019-08-24,NY,New York,D,Demand,Eastern,Eastern,397988,megawatthours
2019-08-24,NY,New York,DF,Day-ahead demand forecast,Eastern,Eastern,403687,megawatthours
2019-08-24,NY,New York,NG,Net generation,Eastern,Eastern,331743,megawatthours
2019-08-24,NY,New York,TI,Total interchange,Eastern,Eastern,-66245,megawatthours
2019-08-23,NY,New York,D,Demand,Eastern,Eastern,463728,megawatthours
2019-08-23,NY,New York,DF,Day-ahead demand forecast,Eastern,Eastern,475339,megawatthours
2019-08-23,NY,New York,NG,Net generation,Eastern,Eastern,393318,megawatthours
2019-08-23,NY,New York,TI,Total interchange,Eastern,Eastern,-70410,megawatthours
2019-08-22,NY,New York,D,Demand,Eastern,Eastern,550494,megawatthours
2019-08-22,NY,New York,DF,Day-ahead demand forecast,Eastern,Eastern,543390,megawatthours
2019-08-22,NY,New York,NG,Net generation,Eastern,Eastern,476884,megawatthours
2019-08-22,NY,New York,TI,Total interchange,Eastern,Eastern,-73610,megawatthours
2019-08-21,NY,New York,D,Demand,Eastern,Eastern,566678,megawatthours
2019-08-21,NY,New York,DF,Day-ahead demand forecast,Eastern,Eastern,561474,megawatthours
2019-08-21,NY,New York,NG,Net generation,Eastern,Eastern,483716,megawatthours
2019-08-21,NY,New York,TI,Total interchange,Eastern,Eastern,-82962,megawatthours
2019-08-20,NY,New York,D,Demand,Eastern,Eastern,553410,megawatthours
2019-08-20,NY,New York,DF,Day-ahead demand forecast,Eastern,Eastern,19611,megawatthours
2019-08-20,NY,New York,NG,Net generation,Eastern,Eastern,480612,megawatthours
2019-08-20,NY,New York,TI,Total interchange,Eastern,Eastern,-72798,megawatthours
2019-08-19,NY,New York,D,Demand,Eastern,Eastern,561179,megawatthours
2019-08-19,NY,New York,DF,Day-ahead demand forecast,Eastern,Eastern,572457,megawatthours
2019-08-19,NY,New York,NG,Net generation,Eastern,Eastern,487761,megawatthours
2019-08-19,NY,New York,TI,Total interchange,Eastern,Eastern,-73418,megawatthours
2019-08-18,NY,New York,D,Demand,Eastern,Eastern,511775,megawatthours
2019-08-18,NY,New York,DF,Day-ahead demand forecast,Eastern,Eastern,501995,megawatthours
2019-08-18,NY,New York,NG,Net generation,Eastern,Eastern,429142,megawatthours
2019-08-18,NY,New York,TI,Total interchange,Eastern,Eastern,-82633,megawatthours
2019-08-17,NY,New York,D,Demand,Eastern,Eastern,493631,megawatthours
2019-08-17,NY,New York,DF,Day-ahead demand forecast,Eastern,Eastern,481276,megawatthours
2019-08-17,NY,New York,NG,Net generation,Eastern,Eastern,409966,megawatthours
2019-08-17,NY,New York,TI,Total interchange,Eastern,Eastern,-83665,megawatthours
2019-08-16,NY,New York,D,Demand,Eastern,Eastern,497246,megawatthours
2019-08-16,NY,New York,DF,Day-ahead demand forecast,Eastern,Eastern,482219,megawatthours
2019-08-16,NY,New York,NG,Net generation,Eastern,Eastern,408560,megawatthours
2019-08-16,NY,New York,TI,Total interchange,Eastern,Eastern,-88686,megawatthours
2019-08-15,NY,New York,D,Demand,Eastern,Eastern,501944,megawatthours
2019-08-15,NY,New York,DF,Day-ahead demand forecast,Eastern,Eastern,481435,megawatthours
2019-08-15,NY,New York,NG,Net generation,Eastern,Eastern,407734,megawatthours
2019-08-15,NY,New York,TI,Total interchange,Eastern,Eastern,-94210,megawatthours
2019-08-14,NY,New York,D,Demand,Eastern,Eastern,508574,megawatthours
2019-08-14,NY,New York,DF,Day-ahead demand forecast,Eastern,Eastern,495226,megawatthours
2019-08-14,NY,New York,NG,Net generation,Eastern,Eastern,414602,megawatthours
2019-08-14,NY,New York,TI,Total interchange,Eastern,Eastern,-93972,megawatthours
2019-08-13,NY,New York,D,Demand,Eastern,Eastern,514012,megawatthours
2019-08-13,NY,New York,DF,Day-ahead demand forecast,Eastern,Eastern,508414,megawatthours
2019-08-13,NY,New York,NG,Net generation,Eastern,Eastern,431204,megawatthours
2019-08-13,NY,New York,TI,Total interchange,Eastern,Eastern,-82808,megawatthours
2019-08-12,NY,New York,D,Demand,Eastern,Eastern,496781,megawatthours
2019-08-12,NY,New York,DF,Day-ahead demand forecast,Eastern,Eastern,482781,megawatthours
2019-08-12,NY,New York,NG,Net generation,Eastern,Eastern,416081,megawatthours
2019-08-12,NY,New York,TI,Total interchange,Eastern,Eastern,-80700,megawatthours
2019-08-11,NY,New York,D,Demand,Eastern,Eastern,418250,megawatthours
2019-08-11,NY,New York,DF,Day-ahead demand forecast,Eastern,Eastern,411621,megawatthours
2019-08-11,NY,New York,NG,Net generation,Eastern,Eastern,346535,megawatthours
2019-08-11,NY,New York,TI,Total interchange,Eastern,Eastern,-71715,megawatthours
2019-08-10,NY,New York,D,Demand,Eastern,Eastern,432456,megawatthours
2019-08-10,NY,New York,DF,Day-ahead demand forecast,Eastern,Eastern,431467,megawatthours
2019-08-10,NY,New York,NG,Net generation,Eastern,Eastern,366320,megawatthours
2019-08-10,NY,New York,TI,Total interchange,Eastern,Eastern,-66136,megawatthours
2019-08-09,NY,New York,D,Demand,Eastern,Eastern,491352,megawatthours
2019-08-09,NY,New York,DF,Day-ahead demand forecast,Eastern,Eastern,492089,megawatthours
2019-08-09,NY,New York,NG,Net generation,Eastern,Eastern,430089,megawatthours
2019-08-09,NY,New York,TI,Total interchange,Eastern,Eastern,-61263,megawatthours
2019-08-08,NY,New York,D,Demand,Eastern,Eastern,518298,megawatthours
2019-08-08,NY,New York,DF,Day-ahead demand forecast,Eastern,Eastern,533477,megawatthours
2019-08-08,NY,New York,NG,Net generation,Eastern,Eastern,445908,megawatthours
2019-08-08,NY,New York,TI,Total interchange,Eastern,Eastern,-72390,megawatthours
2019-08-07,NY,New York,D,Demand,Eastern,Eastern,523769,megawatthours
2019-08-07,NY,New York,DF,Day-ahead demand forecast,Eastern,Eastern,544077,megawatthours
2019-08-07,NY,New York,NG,Net generation,Eastern,Eastern,447100,megawatthours
2019-08-07,NY,New York,TI,Total interchange,Eastern,Eastern,-76669,megawatthours
2019-08-06,NY,New York,D,Demand,Eastern,Eastern,517874,megawatthours
2019-08-06,NY,New York,DF,Day-ahead demand forecast,Eastern,Eastern,533890,megawatthours
2019-08-06,NY,New York,NG,Net generation,Eastern,Eastern,443914,megawatthours
2019-08-06,NY,New York,TI,Total interchange,Eastern,Eastern,-73960,megawatthours
2019-08-05,NY,New York,D,Demand,Eastern,Eastern,506903,megawatthours
2019-08-05,NY,New York,DF,Day-ahead demand forecast,Eastern,Eastern,500062,megawatthours
2019-08-05,NY,New York,NG,Net generation,Eastern,Eastern,423055,megawatthours
2019-08-05,NY,New York,TI,Total interchange,Eastern,Eastern,-83848,megawatthours
2019-08-04,NY,New York,D,Demand,Eastern,Eastern,490162,megawatthours
2019-08-04,NY,New York,DF,Day-ahead demand forecast,Eastern,Eastern,483776,megawatthours
2019-08-04,NY,New York,NG,Net generation,Eastern,Eastern,408178,megawatthours
2019-08-04,NY,New York,TI,Total interchange,Eastern,Eastern,-81984,megawatthours
2019-08-03,NY,New York,D,Demand,Eastern,Eastern,504834,megawatthours
2019-08-03,NY,New York,DF,Day-ahead demand forecast,Eastern,Eastern,497249,megawatthours
2019-08-03,NY,New York,NG,Net generation,Eastern,Eastern,429718,megawatthours
2019-08-03,NY,New York,TI,Total interchange,Eastern,Eastern,-75116,megawatthours
2019-08-02,NY,New York,D,Demand,Eastern,Eastern,520257,megawatthours
2019-08-02,NY,New York,DF,Day-ahead demand forecast,Eastern,Eastern,513800,megawatthours
2019-08-02,NY,New York,NG,Net generation,Eastern,Eastern,437952,megawatthours
2019-08-02,NY,New York,TI,Total interchange,Eastern,Eastern,-82305,megawatthours
2019-08-01,NY,New York,D,Demand,Eastern,Eastern,532177,megawatthours
2019-08-01,NY,New York,DF,Day-ahead demand forecast,Eastern,Eastern,541388,megawatthours
2019-08-01,NY,New York,NG,Net generation,Eastern,Eastern,438966,megawatthours
2019-08-01,NY,New York,TI,Total interchange,Eastern,Eastern,-93211,megawatthours
2019-07-31,NY,New York,D,Demand,Eastern,Eastern,564008,megawatthours
2019-07-31,NY,New York,DF,Day-ahead demand forecast,Eastern,Eastern,568252,megawatthours
2019-07-31,NY,New York,NG,Net generation,Eastern,Eastern,478390,megawatthours
2019-07-31,NY,New York,TI,Total interchange,Eastern,Eastern,-85618,megawatthours
2019-07-30,NY,New York,D,Demand,Eastern,Eastern,610357,megawatthours
2019-07-30,NY,New York,DF,Day-ahead demand forecast,Eastern,Eastern,587906,megawatthours
2019-07-30,NY,New York,NG,Net generation,Eastern,Eastern,516595,megawatthours
2019-07-30,NY,New York,TI,Total interchange,Eastern,Eastern,-93762,megawatthours
2019-07-29,NY,New York,D,Demand,Eastern,Eastern,597530,megawatthours
2019-07-29,NY,New York,DF,Day-ahead demand forecast,Eastern,Eastern,576945,megawatthours
2019-07-29,NY,New York,NG,Net generation,Eastern,Eastern,505582,megawatthours
2019-07-29,NY,New York,TI,Total interchange,Eastern,Eastern,-91948,megawatthours
2019-07-28,NY,New York,D,Demand,Eastern,Eastern,524477,megawatthours
2019-07-28,NY,New York,DF,Day-ahead demand forecast,Eastern,Eastern,506993,megawatthours
2019-07-28,NY,New York,NG,Net generation,Eastern,Eastern,442026,megawatthours
2019-07-28,NY,New York,TI,Total interchange,Eastern,Eastern,-82451,megawatthours
2019-07-27,NY,New York,D,Demand,Eastern,Eastern,499964,megawatthours
2019-07-27,NY,New York,DF,Day-ahead demand forecast,Eastern,Eastern,490491,megawatthours
2019-07-27,NY,New York,NG,Net generation,Eastern,Eastern,428965,megawatthours
2019-07-27,NY,New York,TI,Total interchange,Eastern,Eastern,-70999,megawatthours
2019-07-26,NY,New York,D,Demand,Eastern,Eastern,518082,megawatthours
2019-07-26,NY,New York,DF,Day-ahead demand forecast,Eastern,Eastern,509921,megawatthours
2019-07-26,NY,New York,NG,Net generation,Eastern,Eastern,438041,megawatthours
2019-07-26,NY,New York,TI,Total interchange,Eastern,Eastern,-80041,megawatthours
2019-07-25,NY,New York,D,Demand,Eastern,Eastern,501069,megawatthours
2019-07-25,NY,New York,DF,Day-ahead demand forecast,Eastern,Eastern,487995,megawatthours
2019-07-25,NY,New York,NG,Net generation,Eastern,Eastern,418079,megawatthours
2019-07-25,NY,New York,TI,Total interchange,Eastern,Eastern,-82990,megawatthours
2019-07-24,NY,New York,D,Demand,Eastern,Eastern,491442,megawatthours
2019-07-24,NY,New York,DF,Day-ahead demand forecast,Eastern,Eastern,481801,megawatthours
2019-07-24,NY,New York,NG,Net generation,Eastern,Eastern,400731,megawatthours
2019-07-24,NY,New York,TI,Total interchange,Eastern,Eastern,-90711,megawatthours
2019-07-23,NY,New York,D,Demand,Eastern,Eastern,495549,megawatthours
2019-07-23,NY,New York,DF,Day-ahead demand forecast,Eastern,Eastern,502838,megawatthours
2019-07-23,NY,New York,NG,Net generation,Eastern,Eastern,403181,megawatthours
2019-07-23,NY,New York,TI,Total interchange,Eastern,Eastern,-92368,megawatthours
2019-07-22,NY,New York,D,Demand,Eastern,Eastern,573743,megawatthours
2019-07-22,NY,New York,DF,Day-ahead demand forecast,Eastern,Eastern,573537,megawatthours
2019-07-22,NY,New York,NG,Net generation,Eastern,Eastern,491987,megawatthours
2019-07-22,NY,New York,TI,Total interchange,Eastern,Eastern,-81756,megawatthours
2019-07-21,NY,New York,D,Demand,Eastern,Eastern,619522,megawatthours
2019-07-21,NY,New York,DF,Day-ahead demand forecast,Eastern,Eastern,608290,megawatthours
2019-07-21,NY,New York,NG,Net generation,Eastern,Eastern,545072,megawatthours
2019-07-21,NY,New York,TI,Total interchange,Eastern,Eastern,-74450,megawatthours
2019-07-20,NY,New York,D,Demand,Eastern,Eastern,623345,megawatthours
2019-07-20,NY,New York,DF,Day-ahead demand forecast,Eastern,Eastern,603238,megawatthours
2019-07-20,NY,New York,NG,Net generation,Eastern,Eastern,547932,megawatthours
2019-07-20,NY,New York,TI,Total interchange,Eastern,Eastern,-75413,megawatthours
2019-07-19,NY,New York,D,Demand,Eastern,Eastern,585590,megawatthours
2019-07-19,NY,New York,DF,Day-ahead demand forecast,Eastern,Eastern,580651,megawatthours
2019-07-19,NY,New York,NG,Net generation,Eastern,Eastern,506706,megawatthours
2019-07-19,NY,New York,TI,Total interchange,Eastern,Eastern,-78884,megawatthours
2019-07-18,NY,New York,D,Demand,Eastern,Eastern,557719,megawatthours
2019-07-18,NY,New York,DF,Day-ahead demand forecast,Eastern,Eastern,569614,megawatthours
2019-07-18,NY,New York,NG,Net generation,Eastern,Eastern,469544,megawatthours
2019-07-18,NY,New York,TI,Total interchange,Eastern,Eastern,-88175,megawatthours
2019-07-17,NY,New York,D,Demand,Eastern,Eastern,600695,megawatthours
2019-07-17,NY,New York,DF,Day-ahead demand forecast,Eastern,Eastern,581818,megawatthours
2019-07-17,NY,New York,NG,Net generation,Eastern,Eastern,516460,megawatthours
2019-07-17,NY,New York,TI,Total interchange,Eastern,Eastern,-84235,megawatthours
2019-07-16,NY,New York,D,Demand,Eastern,Eastern,568548,megawatthours
2019-07-16,NY,New York,DF,Day-ahead demand forecast,Eastern,Eastern,541337,megawatthours
2019-07-16,NY,New York,NG,Net generation,Eastern,Eastern,466672,megawatthours
2019-07-16,NY,New York,TI,Total interchange,Eastern,Eastern,-101876,megawatthours
2019-07-15,NY,New York,D,Demand,Eastern,Eastern,529616,megawatthours
2019-07-15,NY,New York,DF,Day-ahead demand forecast,Eastern,Eastern,513550,megawatthours
2019-07-15,NY,New York,NG,Net generation,Eastern,Eastern,425218,megawatthours
2019-07-15,NY,New York,TI,Total interchange,Eastern,Eastern,-104398,megawatthours
2019-07-14,NY,New York,D,Demand,Eastern,Eastern,511471,megawatthours
2019-07-14,NY,New York,DF,Day-ahead demand forecast,Eastern,Eastern,479125,megawatthours
2019-07-14,NY,New York,NG,Net generation,Eastern,Eastern,416207,megawatthours
2019-07-14,NY,New York,TI,Total interchange,Eastern,Eastern,-95264,megawatthours
2019-07-13,NY,New York,D,Demand,Eastern,Eastern,494597,megawatthours
2019-07-13,NY,New York,DF,Day-ahead demand forecast,Eastern,Eastern,483150,megawatthours
2019-07-13,NY,New York,NG,Net generation,Eastern,Eastern,410772,megawatthours
2019-07-13,NY,New York,TI,Total interchange,Eastern,Eastern,-83825,megawatthours
2019-07-12,NY,New York,D,Demand,Eastern,Eastern,532634,megawatthours
2019-07-12,NY,New York,DF,Day-ahead demand forecast,Eastern,Eastern,532682,megawatthours
2019-07-12,NY,New York,NG,Net generation,Eastern,Eastern,448301,megawatthours
2019-07-12,NY,New York,TI,Total interchange,Eastern,Eastern,-84333,megawatthours
2019-07-11,NY,New York,D,Demand,Eastern,Eastern,557833,megawatthours
2019-07-11,NY,New York,DF,Day-ahead demand forecast,Eastern,Eastern,550753,megawatthours
2019-07-11,NY,New York,NG,Net generation,Eastern,Eastern,467775,megawatthours
2019-07-11,NY,New York,TI,Total interchange,Eastern,Eastern,-90058,megawatthours
2019-07-10,NY,New York,D,Demand,Eastern,Eastern,555834,megawatthours
2019-07-10,NY,New York,DF,Day-ahead demand forecast,Eastern,Eastern,534801,megawatthours
2019-07-10,NY,New York,NG,Net generation,Eastern,Eastern,475567,megawatthours
2019-07-10,NY,New York,TI,Total interchange,Eastern,Eastern,-80267,megawatthours
2019-07-09,NY,New York,D,Demand,Eastern,Eastern,514796,megawatthours
2019-07-09,NY,New York,DF,Day-ahead demand forecast,Eastern,Eastern,503681,megawatthours
2019-07-09,NY,New York,NG,Net generation,Eastern,Eastern,430083,megawatthours
2019-07-09,NY,New York,TI,Total interchange,Eastern,Eastern,-84713,megawatthours
2019-07-08,NY,New York,D,Demand,Eastern,Eastern,484622,megawatthours
2019-07-08,NY,New York,DF,Day-ahead demand forecast,Eastern,Eastern,484912,megawatthours
2019-07-08,NY,New York,NG,Net generation,Eastern,Eastern,387888,megawatthours
2019-07-08,NY,New York,TI,Total interchange,Eastern,Eastern,-96734,megawatthours
2019-07-07,NY,New York,D,Demand,Eastern,Eastern,481989,megawatthours
2019-07-07,NY,New York,DF,Day-ahead demand forecast,Eastern,Eastern,477211,megawatthours
2019-07-07,NY,New York,NG,Net generation,Eastern,Eastern,382928,megawatthours
2019-07-07,NY,New York,TI,Total interchange,Eastern,Eastern,-99061,megawatthours
2019-07-06,NY,New York,D,Demand,Eastern,Eastern,535650,megawatthours
2019-07-06,NY,New York,DF,Day-ahead demand forecast,Eastern,Eastern,527362,megawatthours
2019-07-06,NY,New York,NG,Net generation,Eastern,Eastern,439342,megawatthours
2019-07-06,NY,New York,TI,Total interchange,Eastern,Eastern,-96308,megawatthours
2019-07-05,NY,New York,D,Demand,Eastern,Eastern,543277,megawatthours
2019-07-05,NY,New York,DF,Day-ahead demand forecast,Eastern,Eastern,522127,megawatthours
2019-07-05,NY,New York,NG,Net generation,Eastern,Eastern,443224,megawatthours
2019-07-05,NY,New York,TI,Total interchange,Eastern,Eastern,-100053,megawatthours
2019-07-04,NY,New York,D,Demand,Eastern,Eastern,513572,megawatthours
2019-07-04,NY,New York,DF,Day-ahead demand forecast,Eastern,Eastern,489056,megawatthours
2019-07-04,NY,New York,NG,Net generation,Eastern,Eastern,415846,megawatthours
2019-07-04,NY,New York,TI,Total interchange,Eastern,Eastern,-97726,megawatthours
2019-07-03,NY,New York,D,Demand,Eastern,Eastern,543460,megawatthours
2019-07-03,NY,New York,DF,Day-ahead demand forecast,Eastern,Eastern,527724,megawatthours
2019-07-03,NY,New York,NG,Net generation,Eastern,Eastern,444391,megawatthours
2019-07-03,NY,New York,TI,Total interchange,Eastern,Eastern,-99069,megawatthours
2019-07-02,NY,New York,D,Demand,Eastern,Eastern,510042,megawatthours
2019-07-02,NY,New York,DF,Day-ahead demand forecast,Eastern,Eastern,510422,megawatthours
2019-07-02,NY,New York,NG,Net generation,Eastern,Eastern,420741,megawatthours
2019-07-02,NY,New York,TI,Total interchange,Eastern,Eastern,-89301,megawatthours
2019-07-01,NY,New York,D,Demand,Eastern,Eastern,482845,megawatthours
2019-07-01,NY,New York,DF,Day-ahead demand forecast,Eastern,Eastern,474445,megawatthours
2019-07-01,NY,New York,NG,Net generation,Eastern,Eastern,386083,megawatthours
2019-07-01,NY,New York,TI,Total interchange,Eastern,Eastern,-96762,megawatthours
2019-06-30,NY,New York,D,Demand,Eastern,Eastern,453125,megawatthours
2019-06-30,NY,New York,DF,Day-ahead demand forecast,Eastern,Eastern,436236,megawatthours
2019-06-30,NY,New York,NG,Net generation,Eastern,Eastern,358762,megawatthours
2019-06-30,NY,New York,TI,Total interchange,Eastern,Eastern,-94363,megawatthours
2019-06-29,NY,New York,D,Demand,Eastern,Eastern,511425,megawatthours
2019-06-29,NY,New York,DF,Day-ahead demand forecast,Eastern,Eastern,492186,megawatthours
2019-06-29,NY,New York,NG,Net generation,Eastern,Eastern,410779,megawatthours
2019-06-29,NY,New York,TI,Total interchange,Eastern,Eastern,-100646,megawatthours
2019-06-28,NY,New York,D,Demand,Eastern,Eastern,531718,megawatthours
2019-06-28,NY,New York,DF,Day-ahead demand forecast,Eastern,Eastern,519388,megawatthours
2019-06-28,NY,New York,NG,Net generation,Eastern,Eastern,446457,megawatthours
2019-06-28,NY,New York,TI,Total interchange,Eastern,Eastern,-85261,megawatthours
2019-06-27,NY,New York,D,Demand,Eastern,Eastern,528393,megawatthours
2019-06-27,NY,New York,DF,Day-ahead demand forecast,Eastern,Eastern,506185,megawatthours
2019-06-27,NY,New York,NG,Net generation,Eastern,Eastern,427694,megawatthours
2019-06-27,NY,New York,TI,Total interchange,Eastern,Eastern,-100699,megawatthours
2019-06-26,NY,New York,D,Demand,Eastern,Eastern,514580,megawatthours
2019-06-26,NY,New York,DF,Day-ahead demand forecast,Eastern,Eastern,488775,megawatthours
2019-06-26,NY,New York,NG,Net generation,Eastern,Eastern,422121,megawatthours
2019-06-26,NY,New York,TI,Total interchange,Eastern,Eastern,-92459,megawatthours
2019-06-25,NY,New York,D,Demand,Eastern,Eastern,496433,megawatthours
2019-06-25,NY,New York,DF,Day-ahead demand forecast,Eastern,Eastern,475244,megawatthours
2019-06-25,NY,New York,NG,Net generation,Eastern,Eastern,412477,megawatthours
2019-06-25,NY,New York,TI,Total interchange,Eastern,Eastern,-83956,megawatthours
2019-06-24,NY,New York,D,Demand,Eastern,Eastern,468299,megawatthours
2019-06-24,NY,New York,DF,Day-ahead demand forecast,Eastern,Eastern,459523,megawatthours
2019-06-24,NY,New York,NG,Net generation,Eastern,Eastern,389146,megawatthours
2019-06-24,NY,New York,TI,Total interchange,Eastern,Eastern,-79153,megawatthours
2019-06-23,NY,New York,D,Demand,Eastern,Eastern,403423,megawatthours
2019-06-23,NY,New York,DF,Day-ahead demand forecast,Eastern,Eastern,386291,megawatthours
2019-06-23,NY,New York,NG,Net generation,Eastern,Eastern,326079,megawatthours
2019-06-23,NY,New York,TI,Total interchange,Eastern,Eastern,-77344,megawatthours
2019-06-22,NY,New York,D,Demand,Eastern,Eastern,391602,megawatthours
2019-06-22,NY,New York,DF,Day-ahead demand forecast,Eastern,Eastern,377857,megawatthours
2019-06-22,NY,New York,NG,Net generation,Eastern,Eastern,319516,megawatthours
2019-06-22,NY,New York,TI,Total interchange,Eastern,Eastern,-72086,megawatthours
2019-06-21,NY,New York,D,Demand,Eastern,Eastern,431014,megawatthours
2019-06-21,NY,New York,DF,Day-ahead demand forecast,Eastern,Eastern,421642,megawatthours
2019-06-21,NY,New York,NG,Net generation,Eastern,Eastern,354689,megawatthours
2019-06-21,NY,New York,TI,Total interchange,Eastern,Eastern,-76325,megawatthours
2019-06-20,NY,New York,D,Demand,Eastern,Eastern,448406,megawatthours
2019-06-20,NY,New York,DF,Day-ahead demand forecast,Eastern,Eastern,440834,megawatthours
2019-06-20,NY,New York,NG,Net generation,Eastern,Eastern,374697,megawatthours
2019-06-20,NY,New York,TI,Total interchange,Eastern,Eastern,-73709,megawatthours
2019-06-19,NY,New York,D,Demand,Eastern,Eastern,438571,megawatthours
2019-06-19,NY,New York,DF,Day-ahead demand forecast,Eastern,Eastern,434890,megawatthours
2019-06-19,NY,New York,NG,Net generation,Eastern,Eastern,371226,megawatthours
2019-06-19,NY,New York,TI,Total interchange,Eastern,Eastern,-67345,megawatthours
2019-06-18,NY,New York,D,Demand,Eastern,Eastern,440296,megawatthours
2019-06-18,NY,New York,DF,Day-ahead demand forecast,Eastern,Eastern,436415,megawatthours
2019-06-18,NY,New York,NG,Net generation,Eastern,Eastern,367924,megawatthours
2019-06-18,NY,New York,TI,Total interchange,Eastern,Eastern,-72372,megawatthours
2019-06-17,NY,New York,D,Demand,Eastern,Eastern,438278,megawatthours
2019-06-17,NY,New York,DF,Day-ahead demand forecast,Eastern,Eastern,439990,megawatthours
2019-06-17,NY,New York,NG,Net generation,Eastern,Eastern,355337,megawatthours
2019-06-17,NY,New York,TI,Total interchange,Eastern,Eastern,-82941,megawatthours
2019-06-16,NY,New York,D,Demand,Eastern,Eastern,389609,megawatthours
2019-06-16,NY,New York,DF,Day-ahead demand forecast,Eastern,Eastern,378352,megawatthours
2019-06-16,NY,New York,NG,Net generation,Eastern,Eastern,314384,megawatthours
2019-06-16,NY,New York,TI,Total interchange,Eastern,Eastern,-75225,megawatthours
2019-06-15,NY,New York,D,Demand,Eastern,Eastern,375909,megawatthours
2019-06-15,NY,New York,DF,Day-ahead demand forecast,Eastern,Eastern,364673,megawatthours
2019-06-15,NY,New York,NG,Net generation,Eastern,Eastern,320805,megawatthours
2019-06-15,NY,New York,TI,Total interchange,Eastern,Eastern,-55104,megawatthours
2019-06-14,NY,New York,D,Demand,Eastern,Eastern,388608,megawatthours
2019-06-14,NY,New York,DF,Day-ahead demand forecast,Eastern,Eastern,377494,megawatthours
2019-06-14,NY,New York,NG,Net generation,Eastern,Eastern,333084,megawatthours
2019-06-14,NY,New York,TI,Total interchange,Eastern,Eastern,-55524,megawatthours
2019-06-13,NY,New York,D,Demand,Eastern,Eastern,394619,megawatthours
2019-06-13,NY,New York,DF,Day-ahead demand forecast,Eastern,Eastern,388241,megawatthours
2019-06-13,NY,New York,NG,Net generation,Eastern,Eastern,330278,megawatthours
2019-06-13,NY,New York,TI,Total interchange,Eastern,Eastern,-64341,megawatthours
2019-06-12,NY,New York,D,Demand,Eastern,Eastern,403418,megawatthours
2019-06-12,NY,New York,DF,Day-ahead demand forecast,Eastern,Eastern,392309,megawatthours
2019-06-12,NY,New York,NG,Net generation,Eastern,Eastern,342605,megawatthours
2019-06-12,NY,New York,TI,Total interchange,Eastern,Eastern,-60813,megawatthours
2019-06-11,NY,New York,D,Demand,Eastern,Eastern,412942,megawatthours
2019-06-11,NY,New York,DF,Day-ahead demand forecast,Eastern,Eastern,400777,megawatthours
2019-06-11,NY,New York,NG,Net generation,Eastern,Eastern,350726,megawatthours
2019-06-11,NY,New York,TI,Total interchange,Eastern,Eastern,-62216,megawatthours
2019-06-10,NY,New York,D,Demand,Eastern,Eastern,412262,megawatthours
2019-06-10,NY,New York,DF,Day-ahead demand forecast,Eastern,Eastern,407617,megawatthours
2019-06-10,NY,New York,NG,Net generation,Eastern,Eastern,345010,megawatthours
2019-06-10,NY,New York,TI,Total interchange,Eastern,Eastern,-67252,megawatthours
2019-06-09,NY,New York,D,Demand,Eastern,Eastern,378039,megawatthours
2019-06-09,NY,New York,DF,Day-ahead demand forecast,Eastern,Eastern,367567,megawatthours
2019-06-09,NY,New York,NG,Net generation,Eastern,Eastern,312183,megawatthours
2019-06-09,NY,New York,TI,Total interchange,Eastern,Eastern,-65856,megawatthours
2019-06-08,NY,New York,D,Demand,Eastern,Eastern,392216,megawatthours
2019-06-08,NY,New York,DF,Day-ahead demand forecast,Eastern,Eastern,386825,megawatthours
2019-06-08,NY,New York,NG,Net generation,Eastern,Eastern,323556,megawatthours
2019-06-08,NY,New York,TI,Total interchange,Eastern,Eastern,-68660,megawatthours
2019-06-07,NY,New York,D,Demand,Eastern,Eastern,433666,megawatthours
2019-06-07,NY,New York,DF,Day-ahead demand forecast,Eastern,Eastern,417962,megawatthours
2019-06-07,NY,New York,NG,Net generation,Eastern,Eastern,372582,megawatthours
2019-06-07,NY,New York,TI,Total interchange,Eastern,Eastern,-61084,megawatthours
2019-06-06,NY,New York,D,Demand,Eastern,Eastern,451560,megawatthours
2019-06-06,NY,New York,DF,Day-ahead demand forecast,Eastern,Eastern,436393,megawatthours
2019-06-06,NY,New York,NG,Net generation,Eastern,Eastern,387722,megawatthours
2019-06-06,NY,New York,TI,Total interchange,Eastern,Eastern,-63838,megawatthours
2019-06-05,NY,New York,D,Demand,Eastern,Eastern,416778,megawatthours
2019-06-05,NY,New York,DF,Day-ahead demand forecast,Eastern,Eastern,407005,megawatthours
2019-06-05,NY,New York,NG,Net generation,Eastern,Eastern,368020,megawatthours
2019-06-05,NY,New York,TI,Total interchange,Eastern,Eastern,-48758,megawatthours
2019-06-04,NY,New York,D,Demand,Eastern,Eastern,383231,megawatthours
2019-06-04,NY,New York,DF,Day-ahead demand forecast,Eastern,Eastern,375618,megawatthours
2019-06-04,NY,New York,NG,Net generation,Eastern,Eastern,341402,megawatthours
2019-06-04,NY,New York,TI,Total interchange,Eastern,Eastern,-41829,megawatthours
2019-06-03,NY,New York,D,Demand,Eastern,Eastern,388387,megawatthours
2019-06-03,NY,New York,DF,Day-ahead demand forecast,Eastern,Eastern,378035,megawatthours
2019-06-03,NY,New York,NG,Net generation,Eastern,Eastern,355405,megawatthours
2019-06-03,NY,New York,TI,Total interchange,Eastern,Eastern,-32982,megawatthours
2019-06-02,NY,New York,D,Demand,Eastern,Eastern,383548,megawatthours
2019-06-02,NY,New York,DF,Day-ahead demand forecast,Eastern,Eastern,366839,megawatthours
2019-06-02,NY,New York,NG,Net generation,Eastern,Eastern,327459,megawatthours
2019-06-02,NY,New York,TI,Total interchange,Eastern,Eastern,-56089,megawatthours
2019-06-01,NY,New York,D,Demand,Eastern,Eastern,381974,megawatthours
2019-06-01,NY,New York,DF,Day-ahead demand forecast,Eastern,Eastern,367995,megawatthours
2019-06-01,NY,New York,NG,Net generation,Eastern,Eastern,324032,megawatthours
2019-06-01,NY,New York,TI,Total interchange,Eastern,Eastern,-57942,megawatthours
2019-05-31,NY,New York,D,Demand,Eastern,Eastern,405886,megawatthours
2019-05-31,NY,New York,DF,Day-ahead demand forecast,Eastern,Eastern,393486,megawatthours
2019-05-31,NY,New York,NG,Net generation,Eastern,Eastern,352966,megawatthours
2019-05-31,NY,New York,TI,Total interchange,Eastern,Eastern,-52920,megawatthours
2019-05-30,NY,New York,D,Demand,Eastern,Eastern,388162,megawatthours
2019-05-30,NY,New York,DF,Day-ahead demand forecast,Eastern,Eastern,405158,megawatthours
2019-05-30,NY,New York,NG,Net generation,Eastern,Eastern,352193,megawatthours
2019-05-30,NY,New York,TI,Total interchange,Eastern,Eastern,-35969,megawatthours
2019-05-29,NY,New York,D,Demand,Eastern,Eastern,393607,megawatthours
2019-05-29,NY,New York,DF,Day-ahead demand forecast,Eastern,Eastern,390355,megawatthours
2019-05-29,NY,New York,NG,Net generation,Eastern,Eastern,347021,megawatthours
2019-05-29,NY,New York,TI,Total interchange,Eastern,Eastern,-46586,megawatthours
2019-05-28,NY,New York,D,Demand,Eastern,Eastern,403083,megawatthours
2019-05-28,NY,New York,DF,Day-ahead demand forecast,Eastern,Eastern,377856,megawatthours
2019-05-28,NY,New York,NG,Net generation,Eastern,Eastern,345401,megawatthours
2019-05-28,NY,New York,TI,Total interchange,Eastern,Eastern,-57682,megawatthours
2019-05-27,NY,New York,D,Demand,Eastern,Eastern,378610,megawatthours
2019-05-27,NY,New York,DF,Day-ahead demand forecast,Eastern,Eastern,361755,megawatthours
2019-05-27,NY,New York,NG,Net generation,Eastern,Eastern,321419,megawatthours
2019-05-27,NY,New York,TI,Total interchange,Eastern,Eastern,-57191,megawatthours
2019-05-26,NY,New York,D,Demand,Eastern,Eastern,371149,megawatthours
2019-05-26,NY,New York,DF,Day-ahead demand forecast,Eastern,Eastern,361941,megawatthours
2019-05-26,NY,New York,NG,Net generation,Eastern,Eastern,310256,megawatthours
2019-05-26,NY,New York,TI,Total interchange,Eastern,Eastern,-60893,megawatthours
2019-05-25,NY,New York,D,Demand,Eastern,Eastern,347374,megawatthours
2019-05-25,NY,New York,DF,Day-ahead demand forecast,Eastern,Eastern,339471,megawatthours
2019-05-25,NY,New York,NG,Net generation,Eastern,Eastern,302237,megawatthours
2019-05-25,NY,New York,TI,Total interchange,Eastern,Eastern,-45137,megawatthours
2019-05-24,NY,New York,D,Demand,Eastern,Eastern,386320,megawatthours
2019-05-24,NY,New York,DF,Day-ahead demand forecast,Eastern,Eastern,374793,megawatthours
2019-05-24,NY,New York,NG,Net generation,Eastern,Eastern,337118,megawatthours
2019-05-24,NY,New York,TI,Total interchange,Eastern,Eastern,-49202,megawatthours
2019-05-23,NY,New York,D,Demand,Eastern,Eastern,388415,megawatthours
2019-05-23,NY,New York,DF,Day-ahead demand forecast,Eastern,Eastern,375737,megawatthours
2019-05-23,NY,New York,NG,Net generation,Eastern,Eastern,334592,megawatthours
2019-05-23,NY,New York,TI,Total interchange,Eastern,Eastern,-53823,megawatthours
2019-05-22,NY,New York,D,Demand,Eastern,Eastern,376159,megawatthours
2019-05-22,NY,New York,DF,Day-ahead demand forecast,Eastern,Eastern,365136,megawatthours
2019-05-22,NY,New York,NG,Net generation,Eastern,Eastern,326783,megawatthours
2019-05-22,NY,New York,TI,Total interchange,Eastern,Eastern,-49376,megawatthours
2019-05-21,NY,New York,D,Demand,Eastern,Eastern,378589,megawatthours
2019-05-21,NY,New York,DF,Day-ahead demand forecast,Eastern,Eastern,371880,megawatthours
2019-05-21,NY,New York,NG,Net generation,Eastern,Eastern,333479,megawatthours
2019-05-21,NY,New York,TI,Total interchange,Eastern,Eastern,-45110,megawatthours
2019-05-20,NY,New York,D,Demand,Eastern,Eastern,421140,megawatthours
2019-05-20,NY,New York,DF,Day-ahead demand forecast,Eastern,Eastern,401484,megawatthours
2019-05-20,NY,New York,NG,Net generation,Eastern,Eastern,364055,megawatthours
2019-05-20,NY,New York,TI,Total interchange,Eastern,Eastern,-57085,megawatthours
2019-05-19,NY,New York,D,Demand,Eastern,Eastern,354391,megawatthours
2019-05-19,NY,New York,DF,Day-ahead demand forecast,Eastern,Eastern,336202,megawatthours
2019-05-19,NY,New York,NG,Net generation,Eastern,Eastern,299622,megawatthours
2019-05-19,NY,New York,TI,Total interchange,Eastern,Eastern,-54769,megawatthours
2019-05-18,NY,New York,D,Demand,Eastern,Eastern,338167,megawatthours
2019-05-18,NY,New York,DF,Day-ahead demand forecast,Eastern,Eastern,330132,megawatthours
2019-05-18,NY,New York,NG,Net generation,Eastern,Eastern,290119,megawatthours
2019-05-18,NY,New York,TI,Total interchange,Eastern,Eastern,-48048,megawatthours
2019-05-17,NY,New York,D,Demand,Eastern,Eastern,375950,megawatthours
2019-05-17,NY,New York,DF,Day-ahead demand forecast,Eastern,Eastern,367154,megawatthours
2019-05-17,NY,New York,NG,Net generation,Eastern,Eastern,330199,megawatthours
2019-05-17,NY,New York,TI,Total interchange,Eastern,Eastern,-45751,megawatthours
2019-05-16,NY,New York,D,Demand,Eastern,Eastern,368350,megawatthours
2019-05-16,NY,New York,DF,Day-ahead demand forecast,Eastern,Eastern,359980,megawatthours
2019-05-16,NY,New York,NG,Net generation,Eastern,Eastern,310723,megawatthours
2019-05-16,NY,New York,TI,Total interchange,Eastern,Eastern,-57627,megawatthours
2019-05-15,NY,New York,D,Demand,Eastern,Eastern,371303,megawatthours
2019-05-15,NY,New York,DF,Day-ahead demand forecast,Eastern,Eastern,358561,megawatthours
2019-05-15,NY,New York,NG,Net generation,Eastern,Eastern,310435,megawatthours
2019-05-15,NY,New York,TI,Total interchange,Eastern,Eastern,-60868,megawatthours
2019-05-14,NY,New York,D,Demand,Eastern,Eastern,385783,megawatthours
2019-05-14,NY,New York,DF,Day-ahead demand forecast,Eastern,Eastern,370210,megawatthours
2019-05-14,NY,New York,NG,Net generation,Eastern,Eastern,325844,megawatthours
2019-05-14,NY,New York,TI,Total interchange,Eastern,Eastern,-59939,megawatthours
2019-05-13,NY,New York,D,Demand,Eastern,Eastern,386684,megawatthours
2019-05-13,NY,New York,DF,Day-ahead demand forecast,Eastern,Eastern,372788,megawatthours
2019-05-13,NY,New York,NG,Net generation,Eastern,Eastern,337346,megawatthours
2019-05-13,NY,New York,TI,Total interchange,Eastern,Eastern,-49338,megawatthours
2019-05-12,NY,New York,D,Demand,Eastern,Eastern,345036,megawatthours
2019-05-12,NY,New York,DF,Day-ahead demand forecast,Eastern,Eastern,332703,megawatthours
2019-05-12,NY,New York,NG,Net generation,Eastern,Eastern,294073,megawatthours
2019-05-12,NY,New York,TI,Total interchange,Eastern,Eastern,-50963,megawatthours
2019-05-11,NY,New York,D,Demand,Eastern,Eastern,334942,megawatthours
2019-05-11,NY,New York,DF,Day-ahead demand forecast,Eastern,Eastern,330766,megawatthours
2019-05-11,NY,New York,NG,Net generation,Eastern,Eastern,288697,megawatthours
2019-05-11,NY,New York,TI,Total interchange,Eastern,Eastern,-46245,megawatthours
2019-05-10,NY,New York,D,Demand,Eastern,Eastern,376560,megawatthours
2019-05-10,NY,New York,DF,Day-ahead demand forecast,Eastern,Eastern,364358,megawatthours
2019-05-10,NY,New York,NG,Net generation,Eastern,Eastern,329296,megawatthours
2019-05-10,NY,New York,TI,Total interchange,Eastern,Eastern,-47264,megawatthours
2019-05-09,NY,New York,D,Demand,Eastern,Eastern,369421,megawatthours
2019-05-09,NY,New York,DF,Day-ahead demand forecast,Eastern,Eastern,361216,megawatthours
2019-05-09,NY,New York,NG,Net generation,Eastern,Eastern,323836,megawatthours
2019-05-09,NY,New York,TI,Total interchange,Eastern,Eastern,-45585,megawatthours
2019-05-08,NY,New York,D,Demand,Eastern,Eastern,366332,megawatthours
2019-05-08,NY,New York,DF,Day-ahead demand forecast,Eastern,Eastern,358539,megawatthours
2019-05-08,NY,New York,NG,Net generation,Eastern,Eastern,311616,megawatthours
2019-05-08,NY,New York,TI,Total interchange,Eastern,Eastern,-54716,megawatthours
2019-05-07,NY,New York,D,Demand,Eastern,Eastern,369243,megawatthours
2019-05-07,NY,New York,DF,Day-ahead demand forecast,Eastern,Eastern,364636,megawatthours
2019-05-07,NY,New York,NG,Net generation,Eastern,Eastern,322393,megawatthours
2019-05-07,NY,New York,TI,Total interchange,Eastern,Eastern,-46850,megawatthours
2019-05-06,NY,New York,D,Demand,Eastern,Eastern,364361,megawatthours
2019-05-06,NY,New York,DF,Day-ahead demand forecast,Eastern,Eastern,360801,megawatthours
2019-05-06,NY,New York,NG,Net generation,Eastern,Eastern,311219,megawatthours
2019-05-06,NY,New York,TI,Total interchange,Eastern,Eastern,-53142,megawatthours
2019-05-05,NY,New York,D,Demand,Eastern,Eastern,340667,megawatthours
2019-05-05,NY,New York,DF,Day-ahead demand forecast,Eastern,Eastern,324012,megawatthours
2019-05-05,NY,New York,NG,Net generation,Eastern,Eastern,274929,megawatthours
2019-05-05,NY,New York,TI,Total interchange,Eastern,Eastern,-65738,megawatthours
2019-05-04,NY,New York,D,Demand,Eastern,Eastern,342662,megawatthours
2019-05-04,NY,New York,DF,Day-ahead demand forecast,Eastern,Eastern,337299,megawatthours
2019-05-04,NY,New York,NG,Net generation,Eastern,Eastern,290249,megawatthours
2019-05-04,NY,New York,TI,Total interchange,Eastern,Eastern,-52413,megawatthours
2019-05-03,NY,New York,D,Demand,Eastern,Eastern,371225,megawatthours
2019-05-03,NY,New York,DF,Day-ahead demand forecast,Eastern,Eastern,364469,megawatthours
2019-05-03,NY,New York,NG,Net generation,Eastern,Eastern,312996,megawatthours
2019-05-03,NY,New York,TI,Total interchange,Eastern,Eastern,-58229,megawatthours
2019-05-02,NY,New York,D,Demand,Eastern,Eastern,375043,megawatthours
2019-05-02,NY,New York,DF,Day-ahead demand forecast,Eastern,Eastern,366701,megawatthours
2019-05-02,NY,New York,NG,Net generation,Eastern,Eastern,317026,megawatthours
2019-05-02,NY,New York,TI,Total interchange,Eastern,Eastern,-58017,megawatthours
2019-05-01,NY,New York,D,Demand,Eastern,Eastern,378242,megawatthours
2019-05-01,NY,New York,DF,Day-ahead demand forecast,Eastern,Eastern,364898,megawatthours
2019-05-01,NY,New York,NG,Net generation,Eastern,Eastern,306126,megawatthours
2019-05-01,NY,New York,TI,Total interchange,Eastern,Eastern,-72116,megawatthours
2019-04-30,NY,New York,D,Demand,Eastern,Eastern,376362,megawatthours
2019-04-30,NY,New York,DF,Day-ahead demand forecast,Eastern,Eastern,362597,megawatthours
2019-04-30,NY,New York,NG,Net generation,Eastern,Eastern,302190,megawatthours
2019-04-30,NY,New York,TI,Total interchange,Eastern,Eastern,-74172,megawatthours
2019-04-29,NY,New York,D,Demand,Eastern,Eastern,373049,megawatthours
2019-04-29,NY,New York,DF,Day-ahead demand forecast,Eastern,Eastern,362415,megawatthours
2019-04-29,NY,New York,NG,Net generation,Eastern,Eastern,298053,megawatthours
2019-04-29,NY,New York,TI,Total interchange,Eastern,Eastern,-74996,megawatthours
2019-04-28,NY,New York,D,Demand,Eastern,Eastern,347093,megawatthours
2019-04-28,NY,New York,DF,Day-ahead demand forecast,Eastern,Eastern,330508,megawatthours
2019-04-28,NY,New York,NG,Net generation,Eastern,Eastern,288553,megawatthours
2019-04-28,NY,New York,TI,Total interchange,Eastern,Eastern,-58540,megawatthours
2019-04-27,NY,New York,D,Demand,Eastern,Eastern,349211,megawatthours
2019-04-27,NY,New York,DF,Day-ahead demand forecast,Eastern,Eastern,335290,megawatthours
2019-04-27,NY,New York,NG,Net generation,Eastern,Eastern,306651,megawatthours
2019-04-27,NY,New York,TI,Total interchange,Eastern,Eastern,-42560,megawatthours
2019-04-26,NY,New York,D,Demand,Eastern,Eastern,372012,megawatthours
2019-04-26,NY,New York,DF,Day-ahead demand forecast,Eastern,Eastern,355378,megawatthours
2019-04-26,NY,New York,NG,Net generation,Eastern,Eastern,314841,megawatthours
2019-04-26,NY,New York,TI,Total interchange,Eastern,Eastern,-57171,megawatthours
2019-04-25,NY,New York,D,Demand,Eastern,Eastern,360822,megawatthours
2019-04-25,NY,New York,DF,Day-ahead demand forecast,Eastern,Eastern,354412,megawatthours
2019-04-25,NY,New York,NG,Net generation,Eastern,Eastern,284773,megawatthours
2019-04-25,NY,New York,TI,Total interchange,Eastern,Eastern,-76049,megawatthours
2019-04-24,NY,New York,D,Demand,Eastern,Eastern,367934,megawatthours
2019-04-24,NY,New York,DF,Day-ahead demand forecast,Eastern,Eastern,363595,megawatthours
2019-04-24,NY,New York,NG,Net generation,Eastern,Eastern,303193,megawatthours
2019-04-24,NY,New York,TI,Total interchange,Eastern,Eastern,-64741,megawatthours
2019-04-23,NY,New York,D,Demand,Eastern,Eastern,367688,megawatthours
2019-04-23,NY,New York,DF,Day-ahead demand forecast,Eastern,Eastern,366782,megawatthours
2019-04-23,NY,New York,NG,Net generation,Eastern,Eastern,285855,megawatthours
2019-04-23,NY,New York,TI,Total interchange,Eastern,Eastern,-81833,megawatthours
2019-04-22,NY,New York,D,Demand,Eastern,Eastern,365800,megawatthours
2019-04-22,NY,New York,DF,Day-ahead demand forecast,Eastern,Eastern,362462,megawatthours
2019-04-22,NY,New York,NG,Net generation,Eastern,Eastern,286165,megawatthours
2019-04-22,NY,New York,TI,Total interchange,Eastern,Eastern,-79635,megawatthours
2019-04-21,NY,New York,D,Demand,Eastern,Eastern,329326,megawatthours
2019-04-21,NY,New York,DF,Day-ahead demand forecast,Eastern,Eastern,323818,megawatthours
2019-04-21,NY,New York,NG,Net generation,Eastern,Eastern,271054,megawatthours
2019-04-21,NY,New York,TI,Total interchange,Eastern,Eastern,-58272,megawatthours
2019-04-20,NY,New York,D,Demand,Eastern,Eastern,347640,megawatthours
2019-04-20,NY,New York,DF,Day-ahead demand forecast,Eastern,Eastern,336967,megawatthours
2019-04-20,NY,New York,NG,Net generation,Eastern,Eastern,288335,megawatthours
2019-04-20,NY,New York,TI,Total interchange,Eastern,Eastern,-59305,megawatthours
2019-04-19,NY,New York,D,Demand,Eastern,Eastern,366325,megawatthours
2019-04-19,NY,New York,DF,Day-ahead demand forecast,Eastern,Eastern,353224,megawatthours
2019-04-19,NY,New York,NG,Net generation,Eastern,Eastern,295121,megawatthours
2019-04-19,NY,New York,TI,Total interchange,Eastern,Eastern,-71204,megawatthours
2019-04-18,NY,New York,D,Demand,Eastern,Eastern,377087,megawatthours
2019-04-18,NY,New York,DF,Day-ahead demand forecast,Eastern,Eastern,370830,megawatthours
2019-04-18,NY,New York,NG,Net generation,Eastern,Eastern,315166,megawatthours
2019-04-18,NY,New York,TI,Total interchange,Eastern,Eastern,-61921,megawatthours
2019-04-17,NY,New York,D,Demand,Eastern,Eastern,353112,megawatthours
2019-04-17,NY,New York,DF,Day-ahead demand forecast,Eastern,Eastern,366932,megawatthours
2019-04-17,NY,New York,NG,Net generation,Eastern,Eastern,334805,megawatthours
2019-04-17,NY,New York,TI,Total interchange,Eastern,Eastern,-33596,megawatthours
2019-04-16,NY,New York,D,Demand,Eastern,Eastern,378545,megawatthours
2019-04-16,NY,New York,DF,Day-ahead demand forecast,Eastern,Eastern,370940,megawatthours
2019-04-16,NY,New York,NG,Net generation,Eastern,Eastern,326337,megawatthours
2019-04-16,NY,New York,TI,Total interchange,Eastern,Eastern,-52208,megawatthours
2019-04-15,NY,New York,D,Demand,Eastern,Eastern,384732,megawatthours
2019-04-15,NY,New York,DF,Day-ahead demand forecast,Eastern,Eastern,370779,megawatthours
2019-04-15,NY,New York,NG,Net generation,Eastern,Eastern,324625,megawatthours
2019-04-15,NY,New York,TI,Total interchange,Eastern,Eastern,-60107,megawatthours
2019-04-14,NY,New York,D,Demand,Eastern,Eastern,348911,megawatthours
2019-04-14,NY,New York,DF,Day-ahead demand forecast,Eastern,Eastern,334948,megawatthours
2019-04-14,NY,New York,NG,Net generation,Eastern,Eastern,294208,megawatthours
2019-04-14,NY,New York,TI,Total interchange,Eastern,Eastern,-54703,megawatthours
2019-04-13,NY,New York,D,Demand,Eastern,Eastern,345097,megawatthours
2019-04-13,NY,New York,DF,Day-ahead demand forecast,Eastern,Eastern,342351,megawatthours
2019-04-13,NY,New York,NG,Net generation,Eastern,Eastern,311226,megawatthours
2019-04-13,NY,New York,TI,Total interchange,Eastern,Eastern,-33871,megawatthours
2019-04-12,NY,New York,D,Demand,Eastern,Eastern,383076,megawatthours
2019-04-12,NY,New York,DF,Day-ahead demand forecast,Eastern,Eastern,371470,megawatthours
2019-04-12,NY,New York,NG,Net generation,Eastern,Eastern,322225,megawatthours
2019-04-12,NY,New York,TI,Total interchange,Eastern,Eastern,-60851,megawatthours
2019-04-11,NY,New York,D,Demand,Eastern,Eastern,394846,megawatthours
2019-04-11,NY,New York,DF,Day-ahead demand forecast,Eastern,Eastern,376876,megawatthours
2019-04-11,NY,New York,NG,Net generation,Eastern,Eastern,320353,megawatthours
2019-04-11,NY,New York,TI,Total interchange,Eastern,Eastern,-74493,megawatthours
2019-04-10,NY,New York,D,Demand,Eastern,Eastern,383628,megawatthours
2019-04-10,NY,New York,DF,Day-ahead demand forecast,Eastern,Eastern,372943,megawatthours
2019-04-10,NY,New York,NG,Net generation,Eastern,Eastern,309488,megawatthours
2019-04-10,NY,New York,TI,Total interchange,Eastern,Eastern,-74140,megawatthours
2019-04-09,NY,New York,D,Demand,Eastern,Eastern,382374,megawatthours
2019-04-09,NY,New York,DF,Day-ahead demand forecast,Eastern,Eastern,370907,megawatthours
2019-04-09,NY,New York,NG,Net generation,Eastern,Eastern,324234,megawatthours
2019-04-09,NY,New York,TI,Total interchange,Eastern,Eastern,-58140,megawatthours
2019-04-08,NY,New York,D,Demand,Eastern,Eastern,380201,megawatthours
2019-04-08,NY,New York,DF,Day-ahead demand forecast,Eastern,Eastern,372100,megawatthours
2019-04-08,NY,New York,NG,Net generation,Eastern,Eastern,315322,megawatthours
2019-04-08,NY,New York,TI,Total interchange,Eastern,Eastern,-64879,megawatthours
2019-04-07,NY,New York,D,Demand,Eastern,Eastern,342894,megawatthours
2019-04-07,NY,New York,DF,Day-ahead demand forecast,Eastern,Eastern,332362,megawatthours
2019-04-07,NY,New York,NG,Net generation,Eastern,Eastern,263098,megawatthours
2019-04-07,NY,New York,TI,Total interchange,Eastern,Eastern,-79796,megawatthours
2019-04-06,NY,New York,D,Demand,Eastern,Eastern,358681,megawatthours
2019-04-06,NY,New York,DF,Day-ahead demand forecast,Eastern,Eastern,345803,megawatthours
2019-04-06,NY,New York,NG,Net generation,Eastern,Eastern,281907,megawatthours
2019-04-06,NY,New York,TI,Total interchange,Eastern,Eastern,-76774,megawatthours
2019-04-05,NY,New York,D,Demand,Eastern,Eastern,407645,megawatthours
2019-04-05,NY,New York,DF,Day-ahead demand forecast,Eastern,Eastern,386858,megawatthours
2019-04-05,NY,New York,NG,Net generation,Eastern,Eastern,312813,megawatthours
2019-04-05,NY,New York,TI,Total interchange,Eastern,Eastern,-94832,megawatthours
2019-04-04,NY,New York,D,Demand,Eastern,Eastern,389377,megawatthours
2019-04-04,NY,New York,DF,Day-ahead demand forecast,Eastern,Eastern,381457,megawatthours
2019-04-04,NY,New York,NG,Net generation,Eastern,Eastern,298681,megawatthours
2019-04-04,NY,New York,TI,Total interchange,Eastern,Eastern,-90696,megawatthours
2019-04-03,NY,New York,D,Demand,Eastern,Eastern,389110,megawatthours
2019-04-03,NY,New York,DF,Day-ahead demand forecast,Eastern,Eastern,379075,megawatthours
2019-04-03,NY,New York,NG,Net generation,Eastern,Eastern,298281,megawatthours
2019-04-03,NY,New York,TI,Total interchange,Eastern,Eastern,-90829,megawatthours
2019-04-02,NY,New York,D,Demand,Eastern,Eastern,401551,megawatthours
2019-04-02,NY,New York,DF,Day-ahead demand forecast,Eastern,Eastern,387188,megawatthours
2019-04-02,NY,New York,NG,Net generation,Eastern,Eastern,300341,megawatthours
2019-04-02,NY,New York,TI,Total interchange,Eastern,Eastern,-101210,megawatthours
2019-04-01,NY,New York,D,Demand,Eastern,Eastern,404557,megawatthours
2019-04-01,NY,New York,DF,Day-ahead demand forecast,Eastern,Eastern,389245,megawatthours
2019-04-01,NY,New York,NG,Net generation,Eastern,Eastern,290932,megawatthours
2019-04-01,NY,New York,TI,Total interchange,Eastern,Eastern,-113625,megawatthours
2019-03-31,NY,New York,D,Demand,Eastern,Eastern,363898,megawatthours
2019-03-31,NY,New York,DF,Day-ahead demand forecast,Eastern,Eastern,349050,megawatthours
2019-03-31,NY,New York,NG,Net generation,Eastern,Eastern,267609,megawatthours
2019-03-31,NY,New York,TI,Total interchange,Eastern,Eastern,-96289,megawatthours
2019-03-30,NY,New York,D,Demand,Eastern,Eastern,356906,megawatthours
2019-03-30,NY,New York,DF,Day-ahead demand forecast,Eastern,Eastern,352886,megawatthours
2019-03-30,NY,New York,NG,Net generation,Eastern,Eastern,263422,megawatthours
2019-03-30,NY,New York,TI,Total interchange,Eastern,Eastern,-93484,megawatthours
2019-03-29,NY,New York,D,Demand,Eastern,Eastern,395234,megawatthours
2019-03-29,NY,New York,DF,Day-ahead demand forecast,Eastern,Eastern,380851,megawatthours
2019-03-29,NY,New York,NG,Net generation,Eastern,Eastern,280902,megawatthours
2019-03-29,NY,New York,TI,Total interchange,Eastern,Eastern,-114332,megawatthours
2019-03-28,NY,New York,D,Demand,Eastern,Eastern,404631,megawatthours
2019-03-28,NY,New York,DF,Day-ahead demand forecast,Eastern,Eastern,392040,megawatthours
2019-03-28,NY,New York,NG,Net generation,Eastern,Eastern,295169,megawatthours
2019-03-28,NY,New York,TI,Total interchange,Eastern,Eastern,-109462,megawatthours
2019-03-27,NY,New York,D,Demand,Eastern,Eastern,407059,megawatthours
2019-03-27,NY,New York,DF,Day-ahead demand forecast,Eastern,Eastern,396980,megawatthours
2019-03-27,NY,New York,NG,Net generation,Eastern,Eastern,287088,megawatthours
2019-03-27,NY,New York,TI,Total interchange,Eastern,Eastern,-119971,megawatthours
2019-03-26,NY,New York,D,Demand,Eastern,Eastern,407183,megawatthours
2019-03-26,NY,New York,DF,Day-ahead demand forecast,Eastern,Eastern,403193,megawatthours
2019-03-26,NY,New York,NG,Net generation,Eastern,Eastern,292052,megawatthours
2019-03-26,NY,New York,TI,Total interchange,Eastern,Eastern,-115131,megawatthours
2019-03-25,NY,New York,D,Demand,Eastern,Eastern,398399,megawatthours
2019-03-25,NY,New York,DF,Day-ahead demand forecast,Eastern,Eastern,395595,megawatthours
2019-03-25,NY,New York,NG,Net generation,Eastern,Eastern,284607,megawatthours
2019-03-25,NY,New York,TI,Total interchange,Eastern,Eastern,-113792,megawatthours
2019-03-24,NY,New York,D,Demand,Eastern,Eastern,374385,megawatthours
2019-03-24,NY,New York,DF,Day-ahead demand forecast,Eastern,Eastern,363309,megawatthours
2019-03-24,NY,New York,NG,Net generation,Eastern,Eastern,271542,megawatthours
2019-03-24,NY,New York,TI,Total interchange,Eastern,Eastern,-102843,megawatthours
2019-03-23,NY,New York,D,Demand,Eastern,Eastern,393653,megawatthours
2019-03-23,NY,New York,DF,Day-ahead demand forecast,Eastern,Eastern,378515,megawatthours
2019-03-23,NY,New York,NG,Net generation,Eastern,Eastern,289465,megawatthours
2019-03-23,NY,New York,TI,Total interchange,Eastern,Eastern,-104188,megawatthours
2019-03-22,NY,New York,D,Demand,Eastern,Eastern,415350,megawatthours
2019-03-22,NY,New York,DF,Day-ahead demand forecast,Eastern,Eastern,393089,megawatthours
2019-03-22,NY,New York,NG,Net generation,Eastern,Eastern,297466,megawatthours
2019-03-22,NY,New York,TI,Total interchange,Eastern,Eastern,-117884,megawatthours
2019-03-21,NY,New York,D,Demand,Eastern,Eastern,412089,megawatthours
2019-03-21,NY,New York,DF,Day-ahead demand forecast,Eastern,Eastern,398133,megawatthours
2019-03-21,NY,New York,NG,Net generation,Eastern,Eastern,300989,megawatthours
2019-03-21,NY,New York,TI,Total interchange,Eastern,Eastern,-111100,megawatthours
2019-03-20,NY,New York,D,Demand,Eastern,Eastern,405318,megawatthours
2019-03-20,NY,New York,DF,Day-ahead demand forecast,Eastern,Eastern,398947,megawatthours
2019-03-20,NY,New York,NG,Net generation,Eastern,Eastern,295658,megawatthours
2019-03-20,NY,New York,TI,Total interchange,Eastern,Eastern,-109660,megawatthours
2019-03-19,NY,New York,D,Demand,Eastern,Eastern,415063,megawatthours
2019-03-19,NY,New York,DF,Day-ahead demand forecast,Eastern,Eastern,412636,megawatthours
2019-03-19,NY,New York,NG,Net generation,Eastern,Eastern,309048,megawatthours
2019-03-19,NY,New York,TI,Total interchange,Eastern,Eastern,-106015,megawatthours
2019-03-18,NY,New York,D,Demand,Eastern,Eastern,419589,megawatthours
2019-03-18,NY,New York,DF,Day-ahead demand forecast,Eastern,Eastern,414216,megawatthours
2019-03-18,NY,New York,NG,Net generation,Eastern,Eastern,299244,megawatthours
2019-03-18,NY,New York,TI,Total interchange,Eastern,Eastern,-120345,megawatthours
2019-03-17,NY,New York,D,Demand,Eastern,Eastern,385942,megawatthours
2019-03-17,NY,New York,DF,Day-ahead demand forecast,Eastern,Eastern,374595,megawatthours
2019-03-17,NY,New York,NG,Net generation,Eastern,Eastern,275713,megawatthours
2019-03-17,NY,New York,TI,Total interchange,Eastern,Eastern,-110229,megawatthours
2019-03-16,NY,New York,D,Demand,Eastern,Eastern,379843,megawatthours
2019-03-16,NY,New York,DF,Day-ahead demand forecast,Eastern,Eastern,369748,megawatthours
2019-03-16,NY,New York,NG,Net generation,Eastern,Eastern,283070,megawatthours
2019-03-16,NY,New York,TI,Total interchange,Eastern,Eastern,-96773,megawatthours
2019-03-15,NY,New York,D,Demand,Eastern,Eastern,394628,megawatthours
2019-03-15,NY,New York,DF,Day-ahead demand forecast,Eastern,Eastern,388361,megawatthours
2019-03-15,NY,New York,NG,Net generation,Eastern,Eastern,315703,megawatthours
2019-03-15,NY,New York,TI,Total interchange,Eastern,Eastern,-78925,megawatthours
2019-03-14,NY,New York,D,Demand,Eastern,Eastern,403167,megawatthours
2019-03-14,NY,New York,DF,Day-ahead demand forecast,Eastern,Eastern,397123,megawatthours
2019-03-14,NY,New York,NG,Net generation,Eastern,Eastern,328213,megawatthours
2019-03-14,NY,New York,TI,Total interchange,Eastern,Eastern,-74954,megawatthours
2019-03-13,NY,New York,D,Demand,Eastern,Eastern,424655,megawatthours
2019-03-13,NY,New York,DF,Day-ahead demand forecast,Eastern,Eastern,410956,megawatthours
2019-03-13,NY,New York,NG,Net generation,Eastern,Eastern,352527,megawatthours
2019-03-13,NY,New York,TI,Total interchange,Eastern,Eastern,-72128,megawatthours
2019-03-12,NY,New York,D,Demand,Eastern,Eastern,426132,megawatthours
2019-03-12,NY,New York,DF,Day-ahead demand forecast,Eastern,Eastern,414874,megawatthours
2019-03-12,NY,New York,NG,Net generation,Eastern,Eastern,347182,megawatthours
2019-03-12,NY,New York,TI,Total interchange,Eastern,Eastern,-78950,megawatthours
2019-03-11,NY,New York,D,Demand,Eastern,Eastern,419295,megawatthours
2019-03-11,NY,New York,DF,Day-ahead demand forecast,Eastern,Eastern,405991,megawatthours
2019-03-11,NY,New York,NG,Net generation,Eastern,Eastern,345576,megawatthours
2019-03-11,NY,New York,TI,Total interchange,Eastern,Eastern,-73719,megawatthours
2019-03-10,NY,New York,D,Demand,Eastern,Eastern,392016,megawatthours
2019-03-10,NY,New York,DF,Day-ahead demand forecast,Eastern,Eastern,367905,megawatthours
2019-03-10,NY,New York,NG,Net generation,Eastern,Eastern,329555,megawatthours
2019-03-10,NY,New York,TI,Total interchange,Eastern,Eastern,-62461,megawatthours
2019-03-09,NY,New York,D,Demand,Eastern,Eastern,403772,megawatthours
2019-03-09,NY,New York,DF,Day-ahead demand forecast,Eastern,Eastern,397897,megawatthours
2019-03-09,NY,New York,NG,Net generation,Eastern,Eastern,331838,megawatthours
2019-03-09,NY,New York,TI,Total interchange,Eastern,Eastern,-71934,megawatthours
2019-03-08,NY,New York,D,Demand,Eastern,Eastern,450122,megawatthours
2019-03-08,NY,New York,DF,Day-ahead demand forecast,Eastern,Eastern,439489,megawatthours
2019-03-08,NY,New York,NG,Net generation,Eastern,Eastern,357304,megawatthours
2019-03-08,NY,New York,TI,Total interchange,Eastern,Eastern,-92818,megawatthours
2019-03-07,NY,New York,D,Demand,Eastern,Eastern,470917,megawatthours
2019-03-07,NY,New York,DF,Day-ahead demand forecast,Eastern,Eastern,453530,megawatthours
2019-03-07,NY,New York,NG,Net generation,Eastern,Eastern,382028,megawatthours
2019-03-07,NY,New York,TI,Total interchange,Eastern,Eastern,-88889,megawatthours
2019-03-06,NY,New York,D,Demand,Eastern,Eastern,470853,megawatthours
2019-03-06,NY,New York,DF,Day-ahead demand forecast,Eastern,Eastern,455798,megawatthours
2019-03-06,NY,New York,NG,Net generation,Eastern,Eastern,386094,megawatthours
2019-03-06,NY,New York,TI,Total interchange,Eastern,Eastern,-84759,megawatthours
2019-03-05,NY,New York,D,Demand,Eastern,Eastern,456776,megawatthours
2019-03-05,NY,New York,DF,Day-ahead demand forecast,Eastern,Eastern,447513,megawatthours
2019-03-05,NY,New York,NG,Net generation,Eastern,Eastern,365622,megawatthours
2019-03-05,NY,New York,TI,Total interchange,Eastern,Eastern,-91154,megawatthours
2019-03-04,NY,New York,D,Demand,Eastern,Eastern,440819,megawatthours
2019-03-04,NY,New York,DF,Day-ahead demand forecast,Eastern,Eastern,426805,megawatthours
2019-03-04,NY,New York,NG,Net generation,Eastern,Eastern,353142,megawatthours
2019-03-04,NY,New York,TI,Total interchange,Eastern,Eastern,-87677,megawatthours
2019-03-03,NY,New York,D,Demand,Eastern,Eastern,400924,megawatthours
2019-03-03,NY,New York,DF,Day-ahead demand forecast,Eastern,Eastern,387252,megawatthours
2019-03-03,NY,New York,NG,Net generation,Eastern,Eastern,324699,megawatthours
2019-03-03,NY,New York,TI,Total interchange,Eastern,Eastern,-76225,megawatthours
2019-03-02,NY,New York,D,Demand,Eastern,Eastern,413601,megawatthours
2019-03-02,NY,New York,DF,Day-ahead demand forecast,Eastern,Eastern,398066,megawatthours
2019-03-02,NY,New York,NG,Net generation,Eastern,Eastern,343496,megawatthours
2019-03-02,NY,New York,TI,Total interchange,Eastern,Eastern,-70105,megawatthours
2019-03-01,NY,New York,D,Demand,Eastern,Eastern,444787,megawatthours
2019-03-01,NY,New York,DF,Day-ahead demand forecast,Eastern,Eastern,430732,megawatthours
2019-03-01,NY,New York,NG,Net generation,Eastern,Eastern,366299,megawatthours
2019-03-01,NY,New York,TI,Total interchange,Eastern,Eastern,-78488,megawatthours
2019-02-28,NY,New York,D,Demand,Eastern,Eastern,453558,megawatthours
2019-02-28,NY,New York,DF,Day-ahead demand forecast,Eastern,Eastern,437615,megawatthours
2019-02-28,NY,New York,NG,Net generation,Eastern,Eastern,369512,megawatthours
2019-02-28,NY,New York,TI,Total interchange,Eastern,Eastern,-84046,megawatthours
2019-02-27,NY,New York,D,Demand,Eastern,Eastern,468948,megawatthours
2019-02-27,NY,New York,DF,Day-ahead demand forecast,Eastern,Eastern,452282,megawatthours
2019-02-27,NY,New York,NG,Net generation,Eastern,Eastern,390221,megawatthours
2019-02-27,NY,New York,TI,Total interchange,Eastern,Eastern,-78727,megawatthours
2019-02-26,NY,New York,D,Demand,Eastern,Eastern,454746,megawatthours
2019-02-26,NY,New York,DF,Day-ahead demand forecast,Eastern,Eastern,439138,megawatthours
2019-02-26,NY,New York,NG,Net generation,Eastern,Eastern,385310,megawatthours
2019-02-26,NY,New York,TI,Total interchange,Eastern,Eastern,-69436,megawatthours
2019-02-25,NY,New York,D,Demand,Eastern,Eastern,441767,megawatthours
2019-02-25,NY,New York,DF,Day-ahead demand forecast,Eastern,Eastern,424651,megawatthours
2019-02-25,NY,New York,NG,Net generation,Eastern,Eastern,379031,megawatthours
2019-02-25,NY,New York,TI,Total interchange,Eastern,Eastern,-62736,megawatthours
2019-02-24,NY,New York,D,Demand,Eastern,Eastern,394968,megawatthours
2019-02-24,NY,New York,DF,Day-ahead demand forecast,Eastern,Eastern,369383,megawatthours
2019-02-24,NY,New York,NG,Net generation,Eastern,Eastern,344081,megawatthours
2019-02-24,NY,New York,TI,Total interchange,Eastern,Eastern,-50887,megawatthours
2019-02-23,NY,New York,D,Demand,Eastern,Eastern,400131,megawatthours
2019-02-23,NY,New York,DF,Day-ahead demand forecast,Eastern,Eastern,385055,megawatthours
2019-02-23,NY,New York,NG,Net generation,Eastern,Eastern,328520,megawatthours
2019-02-23,NY,New York,TI,Total interchange,Eastern,Eastern,-71611,megawatthours
2019-02-22,NY,New York,D,Demand,Eastern,Eastern,421860,megawatthours
2019-02-22,NY,New York,DF,Day-ahead demand forecast,Eastern,Eastern,415599,megawatthours
2019-02-22,NY,New York,NG,Net generation,Eastern,Eastern,362004,megawatthours
2019-02-22,NY,New York,TI,Total interchange,Eastern,Eastern,-59856,megawatthours
2019-02-21,NY,New York,D,Demand,Eastern,Eastern,427322,megawatthours
2019-02-21,NY,New York,DF,Day-ahead demand forecast,Eastern,Eastern,416219,megawatthours
2019-02-21,NY,New York,NG,Net generation,Eastern,Eastern,374893,megawatthours
2019-02-21,NY,New York,TI,Total interchange,Eastern,Eastern,-52429,megawatthours
2019-02-20,NY,New York,D,Demand,Eastern,Eastern,462907,megawatthours
2019-02-20,NY,New York,DF,Day-ahead demand forecast,Eastern,Eastern,447846,megawatthours
2019-02-20,NY,New York,NG,Net generation,Eastern,Eastern,388938,megawatthours
2019-02-20,NY,New York,TI,Total interchange,Eastern,Eastern,-73969,megawatthours
2019-02-19,NY,New York,D,Demand,Eastern,Eastern,453814,megawatthours
2019-02-19,NY,New York,DF,Day-ahead demand forecast,Eastern,Eastern,447000,megawatthours
2019-02-19,NY,New York,NG,Net generation,Eastern,Eastern,372493,megawatthours
2019-02-19,NY,New York,TI,Total interchange,Eastern,Eastern,-81321,megawatthours
2019-02-18,NY,New York,D,Demand,Eastern,Eastern,435976,megawatthours
2019-02-18,NY,New York,DF,Day-ahead demand forecast,Eastern,Eastern,420117,megawatthours
2019-02-18,NY,New York,NG,Net generation,Eastern,Eastern,362325,megawatthours
2019-02-18,NY,New York,TI,Total interchange,Eastern,Eastern,-73651,megawatthours
2019-02-17,NY,New York,D,Demand,Eastern,Eastern,403316,megawatthours
2019-02-17,NY,New York,DF,Day-ahead demand forecast,Eastern,Eastern,399147,megawatthours
2019-02-17,NY,New York,NG,Net generation,Eastern,Eastern,334916,megawatthours
2019-02-17,NY,New York,TI,Total interchange,Eastern,Eastern,-68400,megawatthours
2019-02-16,NY,New York,D,Demand,Eastern,Eastern,399493,megawatthours
2019-02-16,NY,New York,DF,Day-ahead demand forecast,Eastern,Eastern,397576,megawatthours
2019-02-16,NY,New York,NG,Net generation,Eastern,Eastern,345488,megawatthours
2019-02-16,NY,New York,TI,Total interchange,Eastern,Eastern,-54005,megawatthours
2019-02-15,NY,New York,D,Demand,Eastern,Eastern,423845,megawatthours
2019-02-15,NY,New York,DF,Day-ahead demand forecast,Eastern,Eastern,15116,megawatthours
2019-02-15,NY,New York,NG,Net generation,Eastern,Eastern,366160,megawatthours
2019-02-15,NY,New York,TI,Total interchange,Eastern,Eastern,-57685,megawatthours
2019-02-14,NY,New York,D,Demand,Eastern,Eastern,437086,megawatthours
2019-02-14,NY,New York,DF,Day-ahead demand forecast,Eastern,Eastern,432519,megawatthours
2019-02-14,NY,New York,NG,Net generation,Eastern,Eastern,368709,megawatthours
2019-02-14,NY,New York,TI,Total interchange,Eastern,Eastern,-68377,megawatthours
2019-02-13,NY,New York,D,Demand,Eastern,Eastern,448395,megawatthours
2019-02-13,NY,New York,DF,Day-ahead demand forecast,Eastern,Eastern,432947,megawatthours
2019-02-13,NY,New York,NG,Net generation,Eastern,Eastern,379542,megawatthours
2019-02-13,NY,New York,TI,Total interchange,Eastern,Eastern,-68853,megawatthours
2019-02-12,NY,New York,D,Demand,Eastern,Eastern,467361,megawatthours
2019-02-12,NY,New York,DF,Day-ahead demand forecast,Eastern,Eastern,448858,megawatthours
2019-02-12,NY,New York,NG,Net generation,Eastern,Eastern,401195,megawatthours
2019-02-12,NY,New York,TI,Total interchange,Eastern,Eastern,-66166,megawatthours
2019-02-11,NY,New York,D,Demand,Eastern,Eastern,448233,megawatthours
2019-02-11,NY,New York,DF,Day-ahead demand forecast,Eastern,Eastern,440741,megawatthours
2019-02-11,NY,New York,NG,Net generation,Eastern,Eastern,374214,megawatthours
2019-02-11,NY,New York,TI,Total interchange,Eastern,Eastern,-74019,megawatthours
2019-02-10,NY,New York,D,Demand,Eastern,Eastern,421858,megawatthours
2019-02-10,NY,New York,DF,Day-ahead demand forecast,Eastern,Eastern,409607,megawatthours
2019-02-10,NY,New York,NG,Net generation,Eastern,Eastern,362204,megawatthours
2019-02-10,NY,New York,TI,Total interchange,Eastern,Eastern,-59654,megawatthours
2019-02-09,NY,New York,D,Demand,Eastern,Eastern,433634,megawatthours
2019-02-09,NY,New York,DF,Day-ahead demand forecast,Eastern,Eastern,413878,megawatthours
2019-02-09,NY,New York,NG,Net generation,Eastern,Eastern,371755,megawatthours
2019-02-09,NY,New York,TI,Total interchange,Eastern,Eastern,-61879,megawatthours
2019-02-08,NY,New York,D,Demand,Eastern,Eastern,428577,megawatthours
2019-02-08,NY,New York,DF,Day-ahead demand forecast,Eastern,Eastern,413662,megawatthours
2019-02-08,NY,New York,NG,Net generation,Eastern,Eastern,375155,megawatthours
2019-02-08,NY,New York,TI,Total interchange,Eastern,Eastern,-53422,megawatthours
2019-02-07,NY,New York,D,Demand,Eastern,Eastern,428102,megawatthours
2019-02-07,NY,New York,DF,Day-ahead demand forecast,Eastern,Eastern,415495,megawatthours
2019-02-07,NY,New York,NG,Net generation,Eastern,Eastern,365009,megawatthours
2019-02-07,NY,New York,TI,Total interchange,Eastern,Eastern,-63093,megawatthours
2019-02-06,NY,New York,D,Demand,Eastern,Eastern,429215,megawatthours
2019-02-06,NY,New York,DF,Day-ahead demand forecast,Eastern,Eastern,424129,megawatthours
2019-02-06,NY,New York,NG,Net generation,Eastern,Eastern,367379,megawatthours
2019-02-06,NY,New York,TI,Total interchange,Eastern,Eastern,-61836,megawatthours
2019-02-05,NY,New York,D,Demand,Eastern,Eastern,414351,megawatthours
2019-02-05,NY,New York,DF,Day-ahead demand forecast,Eastern,Eastern,407407,megawatthours
2019-02-05,NY,New York,NG,Net generation,Eastern,Eastern,346529,megawatthours
2019-02-05,NY,New York,TI,Total interchange,Eastern,Eastern,-67822,megawatthours
2019-02-04,NY,New York,D,Demand,Eastern,Eastern,417144,megawatthours
2019-02-04,NY,New York,DF,Day-ahead demand forecast,Eastern,Eastern,414306,megawatthours
2019-02-04,NY,New York,NG,Net generation,Eastern,Eastern,341609,megawatthours
2019-02-04,NY,New York,TI,Total interchange,Eastern,Eastern,-75535,megawatthours
2019-02-03,NY,New York,D,Demand,Eastern,Eastern,411533,megawatthours
2019-02-03,NY,New York,DF,Day-ahead demand forecast,Eastern,Eastern,403902,megawatthours
2019-02-03,NY,New York,NG,Net generation,Eastern,Eastern,335890,megawatthours
2019-02-03,NY,New York,TI,Total interchange,Eastern,Eastern,-75643,megawatthours
2019-02-02,NY,New York,D,Demand,Eastern,Eastern,463806,megawatthours
2019-02-02,NY,New York,DF,Day-ahead demand forecast,Eastern,Eastern,445639,megawatthours
2019-02-02,NY,New York,NG,Net generation,Eastern,Eastern,369114,megawatthours
2019-02-02,NY,New York,TI,Total interchange,Eastern,Eastern,-94692,megawatthours
2019-02-01,NY,New York,D,Demand,Eastern,Eastern,509951,megawatthours
2019-02-01,NY,New York,DF,Day-ahead demand forecast,Eastern,Eastern,489156,megawatthours
2019-02-01,NY,New York,NG,Net generation,Eastern,Eastern,418405,megawatthours
2019-02-01,NY,New York,TI,Total interchange,Eastern,Eastern,-91546,megawatthours
2019-01-31,NY,New York,D,Demand,Eastern,Eastern,524262,megawatthours
2019-01-31,NY,New York,DF,Day-ahead demand forecast,Eastern,Eastern,496427,megawatthours
2019-01-31,NY,New York,NG,Net generation,Eastern,Eastern,447091,megawatthours
2019-01-31,NY,New York,TI,Total interchange,Eastern,Eastern,-77171,megawatthours
2019-01-30,NY,New York,D,Demand,Eastern,Eastern,486581,megawatthours
2019-01-30,NY,New York,DF,Day-ahead demand forecast,Eastern,Eastern,471006,megawatthours
2019-01-30,NY,New York,NG,Net generation,Eastern,Eastern,408983,megawatthours
2019-01-30,NY,New York,TI,Total interchange,Eastern,Eastern,-77598,megawatthours
2019-01-29,NY,New York,D,Demand,Eastern,Eastern,467725,megawatthours
2019-01-29,NY,New York,DF,Day-ahead demand forecast,Eastern,Eastern,448028,megawatthours
2019-01-29,NY,New York,NG,Net generation,Eastern,Eastern,382208,megawatthours
2019-01-29,NY,New York,TI,Total interchange,Eastern,Eastern,-85517,megawatthours
2019-01-28,NY,New York,D,Demand,Eastern,Eastern,459961,megawatthours
2019-01-28,NY,New York,DF,Day-ahead demand forecast,Eastern,Eastern,456150,megawatthours
2019-01-28,NY,New York,NG,Net generation,Eastern,Eastern,372601,megawatthours
2019-01-28,NY,New York,TI,Total interchange,Eastern,Eastern,-87360,megawatthours
2019-01-27,NY,New York,D,Demand,Eastern,Eastern,418584,megawatthours
2019-01-27,NY,New York,DF,Day-ahead demand forecast,Eastern,Eastern,407345,megawatthours
2019-01-27,NY,New York,NG,Net generation,Eastern,Eastern,329611,megawatthours
2019-01-27,NY,New York,TI,Total interchange,Eastern,Eastern,-88973,megawatthours
2019-01-26,NY,New York,D,Demand,Eastern,Eastern,434167,megawatthours
2019-01-26,NY,New York,DF,Day-ahead demand forecast,Eastern,Eastern,425461,megawatthours
2019-01-26,NY,New York,NG,Net generation,Eastern,Eastern,354424,megawatthours
2019-01-26,NY,New York,TI,Total interchange,Eastern,Eastern,-79743,megawatthours
2019-01-25,NY,New York,D,Demand,Eastern,Eastern,446931,megawatthours
2019-01-25,NY,New York,DF,Day-ahead demand forecast,Eastern,Eastern,435700,megawatthours
2019-01-25,NY,New York,NG,Net generation,Eastern,Eastern,388218,megawatthours
2019-01-25,NY,New York,TI,Total interchange,Eastern,Eastern,-58713,megawatthours
2019-01-24,NY,New York,D,Demand,Eastern,Eastern,440886,megawatthours
2019-01-24,NY,New York,DF,Day-ahead demand forecast,Eastern,Eastern,421449,megawatthours
2019-01-24,NY,New York,NG,Net generation,Eastern,Eastern,361102,megawatthours
2019-01-24,NY,New York,TI,Total interchange,Eastern,Eastern,-79784,megawatthours
2019-01-23,NY,New York,D,Demand,Eastern,Eastern,465207,megawatthours
2019-01-23,NY,New York,DF,Day-ahead demand forecast,Eastern,Eastern,448041,megawatthours
2019-01-23,NY,New York,NG,Net generation,Eastern,Eastern,380600,megawatthours
2019-01-23,NY,New York,TI,Total interchange,Eastern,Eastern,-84607,megawatthours
2019-01-22,NY,New York,D,Demand,Eastern,Eastern,500869,megawatthours
2019-01-22,NY,New York,DF,Day-ahead demand forecast,Eastern,Eastern,480875,megawatthours
2019-01-22,NY,New York,NG,Net generation,Eastern,Eastern,435923,megawatthours
2019-01-22,NY,New York,TI,Total interchange,Eastern,Eastern,-64946,megawatthours
2019-01-21,NY,New York,D,Demand,Eastern,Eastern,513742,megawatthours
2019-01-21,NY,New York,DF,Day-ahead demand forecast,Eastern,Eastern,479780,megawatthours
2019-01-21,NY,New York,NG,Net generation,Eastern,Eastern,444338,megawatthours
2019-01-21,NY,New York,TI,Total interchange,Eastern,Eastern,-69404,megawatthours
2019-01-20,NY,New York,D,Demand,Eastern,Eastern,446246,megawatthours
2019-01-20,NY,New York,DF,Day-ahead demand forecast,Eastern,Eastern,417314,megawatthours
2019-01-20,NY,New York,NG,Net generation,Eastern,Eastern,371052,megawatthours
2019-01-20,NY,New York,TI,Total interchange,Eastern,Eastern,-75194,megawatthours
2019-01-19,NY,New York,D,Demand,Eastern,Eastern,435027,megawatthours
2019-01-19,NY,New York,DF,Day-ahead demand forecast,Eastern,Eastern,419280,megawatthours
2019-01-19,NY,New York,NG,Net generation,Eastern,Eastern,372329,megawatthours
2019-01-19,NY,New York,TI,Total interchange,Eastern,Eastern,-62698,megawatthours
2019-01-18,NY,New York,D,Demand,Eastern,Eastern,452381,megawatthours
2019-01-18,NY,New York,DF,Day-ahead demand forecast,Eastern,Eastern,432284,megawatthours
2019-01-18,NY,New York,NG,Net generation,Eastern,Eastern,376160,megawatthours
2019-01-18,NY,New York,TI,Total interchange,Eastern,Eastern,-76221,megawatthours
2019-01-17,NY,New York,D,Demand,Eastern,Eastern,463038,megawatthours
2019-01-17,NY,New York,DF,Day-ahead demand forecast,Eastern,Eastern,451413,megawatthours
2019-01-17,NY,New York,NG,Net generation,Eastern,Eastern,392083,megawatthours
2019-01-17,NY,New York,TI,Total interchange,Eastern,Eastern,-70955,megawatthours
2019-01-16,NY,New York,D,Demand,Eastern,Eastern,454576,megawatthours
2019-01-16,NY,New York,DF,Day-ahead demand forecast,Eastern,Eastern,438645,megawatthours
2019-01-16,NY,New York,NG,Net generation,Eastern,Eastern,383778,megawatthours
2019-01-16,NY,New York,TI,Total interchange,Eastern,Eastern,-70798,megawatthours
2019-01-15,NY,New York,D,Demand,Eastern,Eastern,461729,megawatthours
2019-01-15,NY,New York,DF,Day-ahead demand forecast,Eastern,Eastern,446291,megawatthours
2019-01-15,NY,New York,NG,Net generation,Eastern,Eastern,384215,megawatthours
2019-01-15,NY,New York,TI,Total interchange,Eastern,Eastern,-77514,megawatthours
2019-01-14,NY,New York,D,Demand,Eastern,Eastern,467628,megawatthours
2019-01-14,NY,New York,DF,Day-ahead demand forecast,Eastern,Eastern,452327,megawatthours
2019-01-14,NY,New York,NG,Net generation,Eastern,Eastern,399429,megawatthours
2019-01-14,NY,New York,TI,Total interchange,Eastern,Eastern,-68199,megawatthours
2019-01-13,NY,New York,D,Demand,Eastern,Eastern,435061,megawatthours
2019-01-13,NY,New York,DF,Day-ahead demand forecast,Eastern,Eastern,424652,megawatthours
2019-01-13,NY,New York,NG,Net generation,Eastern,Eastern,361607,megawatthours
2019-01-13,NY,New York,TI,Total interchange,Eastern,Eastern,-73454,megawatthours
2019-01-12,NY,New York,D,Demand,Eastern,Eastern,443034,megawatthours
2019-01-12,NY,New York,DF,Day-ahead demand forecast,Eastern,Eastern,432145,megawatthours
2019-01-12,NY,New York,NG,Net generation,Eastern,Eastern,362700,megawatthours
2019-01-12,NY,New York,TI,Total interchange,Eastern,Eastern,-80334,megawatthours
2019-01-11,NY,New York,D,Demand,Eastern,Eastern,467493,megawatthours
2019-01-11,NY,New York,DF,Day-ahead demand forecast,Eastern,Eastern,448125,megawatthours
2019-01-11,NY,New York,NG,Net generation,Eastern,Eastern,389440,megawatthours
2019-01-11,NY,New York,TI,Total interchange,Eastern,Eastern,-78053,megawatthours
2019-01-10,NY,New York,D,Demand,Eastern,Eastern,454472,megawatthours
2019-01-10,NY,New York,DF,Day-ahead demand forecast,Eastern,Eastern,436985,megawatthours
2019-01-10,NY,New York,NG,Net generation,Eastern,Eastern,383459,megawatthours
2019-01-10,NY,New York,TI,Total interchange,Eastern,Eastern,-71013,megawatthours
2019-01-09,NY,New York,D,Demand,Eastern,Eastern,432395,megawatthours
2019-01-09,NY,New York,DF,Day-ahead demand forecast,Eastern,Eastern,421783,megawatthours
2019-01-09,NY,New York,NG,Net generation,Eastern,Eastern,361337,megawatthours
2019-01-09,NY,New York,TI,Total interchange,Eastern,Eastern,-71058,megawatthours
2019-01-08,NY,New York,D,Demand,Eastern,Eastern,435613,megawatthours
2019-01-08,NY,New York,DF,Day-ahead demand forecast,Eastern,Eastern,424224,megawatthours
2019-01-08,NY,New York,NG,Net generation,Eastern,Eastern,368496,megawatthours
2019-01-08,NY,New York,TI,Total interchange,Eastern,Eastern,-67117,megawatthours
2019-01-07,NY,New York,D,Demand,Eastern,Eastern,454153,megawatthours
2019-01-07,NY,New York,DF,Day-ahead demand forecast,Eastern,Eastern,440623,megawatthours
2019-01-07,NY,New York,NG,Net generation,Eastern,Eastern,377447,megawatthours
2019-01-07,NY,New York,TI,Total interchange,Eastern,Eastern,-76706,megawatthours
2019-01-06,NY,New York,D,Demand,Eastern,Eastern,398117,megawatthours
2019-01-06,NY,New York,DF,Day-ahead demand forecast,Eastern,Eastern,386339,megawatthours
2019-01-06,NY,New York,NG,Net generation,Eastern,Eastern,332791,megawatthours
2019-01-06,NY,New York,TI,Total interchange,Eastern,Eastern,-65326,megawatthours
2019-01-05,NY,New York,D,Demand,Eastern,Eastern,400156,megawatthours
2019-01-05,NY,New York,DF,Day-ahead demand forecast,Eastern,Eastern,388486,megawatthours
2019-01-05,NY,New York,NG,Net generation,Eastern,Eastern,329722,megawatthours
2019-01-05,NY,New York,TI,Total interchange,Eastern,Eastern,-70434,megawatthours
2019-01-04,NY,New York,D,Demand,Eastern,Eastern,424798,megawatthours
2019-01-04,NY,New York,DF,Day-ahead demand forecast,Eastern,Eastern,416911,megawatthours
2019-01-04,NY,New York,NG,Net generation,Eastern,Eastern,360192,megawatthours
2019-01-04,NY,New York,TI,Total interchange,Eastern,Eastern,-64606,megawatthours
2019-01-03,NY,New York,D,Demand,Eastern,Eastern,431709,megawatthours
2019-01-03,NY,New York,DF,Day-ahead demand forecast,Eastern,Eastern,15170,megawatthours
2019-01-03,NY,New York,NG,Net generation,Eastern,Eastern,368427,megawatthours
2019-01-03,NY,New York,TI,Total interchange,Eastern,Eastern,-63282,megawatthours
2019-01-02,NY,New York,D,Demand,Eastern,Eastern,430733,megawatthours
2019-01-02,NY,New York,DF,Day-ahead demand forecast,Eastern,Eastern,431661,megawatthours
2019-01-02,NY,New York,NG,Net generation,Eastern,Eastern,358862,megawatthours
2019-01-02,NY,New York,TI,Total interchange,Eastern,Eastern,-71871,megawatthours
2019-01-01,NY,New York,D,Demand,Eastern,Eastern,380514,megawatthours
2019-01-01,NY,New York,DF,Day-ahead demand forecast,Eastern,Eastern,373412,megawatthours
2019-01-01,NY,New York,NG,Net generation,Eastern,Eastern,323994,megawatthours
2019-01-01,NY,New York,TI,Total interchange,Eastern,Eastern,-56520,megawatthours
