period,subba,subba-name,parent,parent-name,timezone,value,value-units
2026-07-22,ZONJ,New York City,NYIS,New York Independent System Operator,Eastern,176114,megawatthours
2026-07-21,ZONJ,New York City,NYIS,New York Independent System Operator,Eastern,171529,megawatthours
2026-07-20,ZONJ,New York City,NYIS,New York Independent System Operator,Eastern,155155,megawatthours
2026-07-19,ZONJ,New York City,NYIS,New York Independent System Operator,Eastern,149697,megawatthours
2026-07-18,ZONJ,New York City,NYIS,New York Independent System Operator,Eastern,159743,megawatthours
2026-07-17,ZONJ,New York City,NYIS,New York Independent System Operator,Eastern,175437,megawatthours
2026-07-16,ZONJ,New York City,NYIS,New York Independent System Operator,Eastern,186030,megawatthours
2026-07-15,ZONJ,New York City,NYIS,New York Independent System Operator,Eastern,204187,megawatthours
2026-07-14,ZONJ,New York City,NYIS,New York Independent System Operator,Eastern,184744,megawatthours
2026-07-13,ZONJ,New York City,NYIS,New York Independent System Operator,Eastern,169250,megawatthours
2026-07-12,ZONJ,New York City,NYIS,New York Independent System Operator,Eastern,149581,megawatthours
2026-07-11,ZONJ,New York City,NYIS,New York Independent System Operator,Eastern,158537,megawatthours
2026-07-10,ZONJ,New York City,NYIS,New York Independent System Operator,Eastern,178647,megawatthours
2026-07-09,ZONJ,New York City,NYIS,New York Independent System Operator,Eastern,170286,megawatthours
2026-07-08,ZONJ,New York City,NYIS,New York Independent System Operator,Eastern,156301,megawatthours
2026-07-07,ZONJ,New York City,NYIS,New York Independent System Operator,Eastern,144005,megawatthours
2026-07-06,ZONJ,New York City,NYIS,New York Independent System Operator,Eastern,162008,megawatthours
2026-07-05,ZONJ,New York City,NYIS,New York Independent System Operator,Eastern,175753,megawatthours
2026-07-04,ZONJ,New York City,NYIS,New York Independent System Operator,Eastern,193459,megawatthours
2026-07-03,ZONJ,New York City,NYIS,New York Independent System Operator,Eastern,213418,megawatthours
2026-07-02,ZONJ,New York City,NYIS,New York Independent System Operator,Eastern,222168,megawatthours
2026-07-01,ZONJ,New York City,NYIS,New York Independent System Operator,Eastern,196441,megawatthours
2026-06-30,ZONJ,New York City,NYIS,New York Independent System Operator,Eastern,181370,megawatthours
2026-06-29,ZONJ,New York City,NYIS,New York Independent System Operator,Eastern,171418,megawatthours
2026-06-28,ZONJ,New York City,NYIS,New York Independent System Operator,Eastern,147783,megawatthours
2026-06-27,ZONJ,New York City,NYIS,New York Independent System Operator,Eastern,148136,megawatthours
2026-06-26,ZONJ,New York City,NYIS,New York Independent System Operator,Eastern,160036,megawatthours
2026-06-25,ZONJ,New York City,NYIS,New York Independent System Operator,Eastern,154773,megawatthours
2026-06-24,ZONJ,New York City,NYIS,New York Independent System Operator,Eastern,148706,megawatthours
2026-06-23,ZONJ,New York City,NYIS,New York Independent System Operator,Eastern,150402,megawatthours
2026-06-22,ZONJ,New York City,NYIS,New York Independent System Operator,Eastern,154211,megawatthours
2026-06-21,ZONJ,New York City,NYIS,New York Independent System Operator,Eastern,139199,megawatthours
2026-06-20,ZONJ,New York City,NYIS,New York Independent System Operator,Eastern,136454,megawatthours
2026-06-19,ZONJ,New York City,NYIS,New York Independent System Operator,Eastern,150465,megawatthours
2026-06-18,ZONJ,New York City,NYIS,New York Independent System Operator,Eastern,162283,megawatthours
2026-06-17,ZONJ,New York City,NYIS,New York Independent System Operator,Eastern,146486,megawatthours
2026-06-16,ZONJ,New York City,NYIS,New York Independent System Operator,Eastern,140105,megawatthours
2026-06-15,ZONJ,New York City,NYIS,New York Independent System Operator,Eastern,157180,megawatthours
2026-06-14,ZONJ,New York City,NYIS,New York Independent System Operator,Eastern,165353,megawatthours
2026-06-13,ZONJ,New York City,NYIS,New York Independent System Operator,Eastern,168074,megawatthours
2026-06-12,ZONJ,New York City,NYIS,New York Independent System Operator,Eastern,196568,megawatthours
2026-06-11,ZONJ,New York City,NYIS,New York Independent System Operator,Eastern,192922,megawatthours
2026-06-10,ZONJ,New York City,NYIS,New York Independent System Operator,Eastern,159098,megawatthours
2026-06-09,ZONJ,New York City,NYIS,New York Independent System Operator,Eastern,140591,megawatthours
2026-06-08,ZONJ,New York City,NYIS,New York Independent System Operator,Eastern,143172,megawatthours
2026-06-07,ZONJ,New York City,NYIS,New York Independent System Operator,Eastern,148783,megawatthours
2026-06-06,ZONJ,New York City,NYIS,New York Independent System Operator,Eastern,157200,megawatthours
2026-06-05,ZONJ,New York City,NYIS,New York Independent System Operator,Eastern,156789,megawatthours
2026-06-04,ZONJ,New York City,NYIS,New York Independent System Operator,Eastern,143970,megawatthours
2026-06-03,ZONJ,New York City,NYIS,New York Independent System Operator,Eastern,135352,megawatthours
2026-06-02,ZONJ,New York City,NYIS,New York Independent System Operator,Eastern,124713,megawatthours
2026-06-01,ZONJ,New York City,NYIS,New York Independent System Operator,Eastern,123979,megawatthours
2026-05-31,ZONJ,New York City,NYIS,New York Independent System Operator,Eastern,109630,megawatthours
2026-05-30,ZONJ,New York City,NYIS,New York Independent System Operator,Eastern,110629,megawatthours
2026-05-29,ZONJ,New York City,NYIS,New York Independent System Operator,Eastern,128653,megawatthours
2026-05-28,ZONJ,New York City,NYIS,New York Independent System Operator,Eastern,137328,megawatthours
2026-05-27,ZONJ,New York City,NYIS,New York Independent System Operator,Eastern,141882,megawatthours
2026-05-26,ZONJ,New York City,NYIS,New York Independent System Operator,Eastern,129515,megawatthours
2026-05-25,ZONJ,New York City,NYIS,New York Independent System Operator,Eastern,112337,megawatthours
2026-05-24,ZONJ,New York City,NYIS,New York Independent System Operator,Eastern,107077,megawatthours
2026-05-23,ZONJ,New York City,NYIS,New York Independent System Operator,Eastern,108661,megawatthours
2026-05-22,ZONJ,New York City,NYIS,New York Independent System Operator,Eastern,119653,megawatthours
2026-05-21,ZONJ,New York City,NYIS,New York Independent System Operator,Eastern,137938,megawatthours
2026-05-20,ZONJ,New York City,NYIS,New York Independent System Operator,Eastern,185679,megawatthours
2026-05-19,ZONJ,New York City,NYIS,New York Independent System Operator,Eastern,177062,megawatthours
2026-05-17,ZONJ,New York City,NYIS,New York Independent System Operator,Eastern,126112,megawatthours
2026-05-16,ZONJ,New York City,NYIS,New York Independent System Operator,Eastern,111517,megawatthours
2026-05-15,ZONJ,New York City,NYIS,New York Independent System Operator,Eastern,115623,megawatthours
2026-05-14,ZONJ,New York City,NYIS,New York Independent System Operator,Eastern,117634,megawatthours
2026-05-13,ZONJ,New York City,NYIS,New York Independent System Operator,Eastern,118261,megawatthours
2026-05-11,ZONJ,New York City,NYIS,New York Independent System Operator,Eastern,116863,megawatthours
2026-05-10,ZONJ,New York City,NYIS,New York Independent System Operator,Eastern,107724,megawatthours
2026-05-09,ZONJ,New York City,NYIS,New York Independent System Operator,Eastern,109302,megawatthours
2026-05-08,ZONJ,New York City,NYIS,New York Independent System Operator,Eastern,115723,megawatthours
2026-05-07,ZONJ,New York City,NYIS,New York Independent System Operator,Eastern,117300,megawatthours
2026-05-06,ZONJ,New York City,NYIS,New York Independent System Operator,Eastern,124997,megawatthours
2026-05-05,ZONJ,New York City,NYIS,New York Independent System Operator,Eastern,123395,megawatthours
2026-05-04,ZONJ,New York City,NYIS,New York Independent System Operator,Eastern,117329,megawatthours
2026-05-03,ZONJ,New York City,NYIS,New York Independent System Operator,Eastern,105987,megawatthours
2026-05-02,ZONJ,New York City,NYIS,New York Independent System Operator,Eastern,108112,megawatthours
2026-05-01,ZONJ,New York City,NYIS,New York Independent System Operator,Eastern,116009,megawatthours
2026-04-30,ZONJ,New York City,NYIS,New York Independent System Operator,Eastern,119845,megawatthours
2026-04-29,ZONJ,New York City,NYIS,New York Independent System Operator,Eastern,117697,megawatthours
2026-04-28,ZONJ,New York City,NYIS,New York Independent System Operator,Eastern,118536,megawatthours
2026-04-27,ZONJ,New York City,NYIS,New York Independent System Operator,Eastern,118154,megawatthours
2026-04-26,ZONJ,New York City,NYIS,New York Independent System Operator,Eastern,109962,megawatthours
2026-04-25,ZONJ,New York City,NYIS,New York Independent System Operator,Eastern,113575,megawatthours
2026-04-24,ZONJ,New York City,NYIS,New York Independent System Operator,Eastern,117790,megawatthours
2026-04-23,ZONJ,New York City,NYIS,New York Independent System Operator,Eastern,121580,megawatthours
2026-04-22,ZONJ,New York City,NYIS,New York Independent System Operator,Eastern,123398,megawatthours
2026-04-21,ZONJ,New York City,NYIS,New York Independent System Operator,Eastern,121892,megawatthours
2026-04-20,ZONJ,New York City,NYIS,New York Independent System Operator,Eastern,120361,megawatthours
2026-04-18,ZONJ,New York City,NYIS,New York Independent System Operator,Eastern,115755,megawatthours
2026-04-17,ZONJ,New York City,NYIS,New York Independent System Operator,Eastern,145543,megawatthours
2026-04-16,ZONJ,New York City,NYIS,New York Independent System Operator,Eastern,153386,megawatthours
2026-04-15,ZONJ,New York City,NYIS,New York Independent System Operator,Eastern,146994,megawatthours
2026-04-14,ZONJ,New York City,NYIS,New York Independent System Operator,Eastern,133683,megawatthours
2026-04-13,ZONJ,New York City,NYIS,New York Independent System Operator,Eastern,122943,megawatthours
2026-04-12,ZONJ,New York City,NYIS,New York Independent System Operator,Eastern,108137,megawatthours
2026-04-11,ZONJ,New York City,NYIS,New York Independent System Operator,Eastern,108568,megawatthours
2026-04-10,ZONJ,New York City,NYIS,New York Independent System Operator,Eastern,119401,megawatthours
2026-04-09,ZONJ,New York City,NYIS,New York Independent System Operator,Eastern,123174,megawatthours
2026-04-08,ZONJ,New York City,NYIS,New York Independent System Operator,Eastern,125623,megawatthours
2026-04-07,ZONJ,New York City,NYIS,New York Independent System Operator,Eastern,120267,megawatthours
2026-04-06,ZONJ,New York City,NYIS,New York Independent System Operator,Eastern,119261,megawatthours
2026-04-05,ZONJ,New York City,NYIS,New York Independent System Operator,Eastern,110954,megawatthours
2026-04-04,ZONJ,New York City,NYIS,New York Independent System Operator,Eastern,110951,megawatthours
2026-04-03,ZONJ,New York City,NYIS,New York Independent System Operator,Eastern,118981,megawatthours
2026-04-02,ZONJ,New York City,NYIS,New York Independent System Operator,Eastern,121797,megawatthours
2026-04-01,ZONJ,New York City,NYIS,New York Independent System Operator,Eastern,126663,megawatthours
2026-03-31,ZONJ,New York City,NYIS,New York Independent System Operator,Eastern,123870,megawatthours
2026-03-30,ZONJ,New York City,NYIS,New York Independent System Operator,Eastern,122280,megawatthours
2026-03-29,ZONJ,New York City,NYIS,New York Independent System Operator,Eastern,115385,megawatthours
2026-03-28,ZONJ,New York City,NYIS,New York Independent System Operator,Eastern,117416,megawatthours
2026-03-27,ZONJ,New York City,NYIS,New York Independent System Operator,Eastern,120795,megawatthours
2026-03-26,ZONJ,New York City,NYIS,New York Independent System Operator,Eastern,123180,megawatthours
2026-03-25,ZONJ,New York City,NYIS,New York Independent System Operator,Eastern,127128,megawatthours
2026-03-24,ZONJ,New York City,NYIS,New York Independent System Operator,Eastern,129564,megawatthours
2026-03-23,ZONJ,New York City,NYIS,New York Independent System Operator,Eastern,129528,megawatthours
2026-03-22,ZONJ,New York City,NYIS,New York Independent System Operator,Eastern,113792,megawatthours
2026-03-21,ZONJ,New York City,NYIS,New York Independent System Operator,Eastern,113880,megawatthours
2026-03-20,ZONJ,New York City,NYIS,New York Independent System Operator,Eastern,127087,megawatthours
2026-03-19,ZONJ,New York City,NYIS,New York Independent System Operator,Eastern,137028,megawatthours
2026-03-18,ZONJ,New York City,NYIS,New York Independent System Operator,Eastern,138916,megawatthours
2026-03-17,ZONJ,New York City,NYIS,New York Independent System Operator,Eastern,131201,megawatthours
2026-03-16,ZONJ,New York City,NYIS,New York Independent System Operator,Eastern,129247,megawatthours
2026-03-15,ZONJ,New York City,NYIS,New York Independent System Operator,Eastern,121555,megawatthours
2026-03-14,ZONJ,New York City,NYIS,New York Independent System Operator,Eastern,119391,megawatthours
2026-03-13,ZONJ,New York City,NYIS,New York Independent System Operator,Eastern,131991,megawatthours
2026-03-12,ZONJ,New York City,NYIS,New York Independent System Operator,Eastern,127919,megawatthours
2026-03-11,ZONJ,New York City,NYIS,New York Independent System Operator,Eastern,122202,megawatthours
2026-03-10,ZONJ,New York City,NYIS,New York Independent System Operator,Eastern,122828,megawatthours
2026-03-09,ZONJ,New York City,NYIS,New York Independent System Operator,Eastern,122073,megawatthours
2026-03-08,ZONJ,New York City,NYIS,New York Independent System Operator,Eastern,112106,megawatthours
2026-03-07,ZONJ,New York City,NYIS,New York Independent System Operator,Eastern,125526,megawatthours
2026-03-06,ZONJ,New York City,NYIS,New York Independent System Operator,Eastern,137316,megawatthours
2026-03-05,ZONJ,New York City,NYIS,New York Independent System Operator,Eastern,136793,megawatthours
2026-03-04,ZONJ,New York City,NYIS,New York Independent System Operator,Eastern,136581,megawatthours
2026-03-03,ZONJ,New York City,NYIS,New York Independent System Operator,Eastern,146002,megawatthours
2026-03-02,ZONJ,New York City,NYIS,New York Independent System Operator,Eastern,145422,megawatthours
2026-03-01,ZONJ,New York City,NYIS,New York Independent System Operator,Eastern,126845,megawatthours
2026-02-28,ZONJ,New York City,NYIS,New York Independent System Operator,Eastern,124937,megawatthours
2026-02-27,ZONJ,New York City,NYIS,New York Independent System Operator,Eastern,137460,megawatthours
2026-02-26,ZONJ,New York City,NYIS,New York Independent System Operator,Eastern,138346,megawatthours
2026-02-25,ZONJ,New York City,NYIS,New York Independent System Operator,Eastern,144703,megawatthours
2026-02-24,ZONJ,New York City,NYIS,New York Independent System Operator,Eastern,148110,megawatthours
2026-02-23,ZONJ,New York City,NYIS,New York Independent System Operator,Eastern,141934,megawatthours
2026-02-22,ZONJ,New York City,NYIS,New York Independent System Operator,Eastern,134586,megawatthours
2026-02-21,ZONJ,New York City,NYIS,New York Independent System Operator,Eastern,127162,megawatthours
2026-02-20,ZONJ,New York City,NYIS,New York Independent System Operator,Eastern,141220,megawatthours
2026-02-19,ZONJ,New York City,NYIS,New York Independent System Operator,Eastern,137720,megawatthours
2026-02-18,ZONJ,New York City,NYIS,New York Independent System Operator,Eastern,139028,megawatthours
2026-02-17,ZONJ,New York City,NYIS,New York Independent System Operator,Eastern,139588,megawatthours
2026-02-16,ZONJ,New York City,NYIS,New York Independent System Operator,Eastern,138805,megawatthours
2026-02-15,ZONJ,New York City,NYIS,New York Independent System Operator,Eastern,130033,megawatthours
2026-02-14,ZONJ,New York City,NYIS,New York Independent System Operator,Eastern,133251,megawatthours
2026-02-13,ZONJ,New York City,NYIS,New York Independent System Operator,Eastern,148302,megawatthours
2026-02-12,ZONJ,New York City,NYIS,New York Independent System Operator,Eastern,148729,megawatthours
2026-02-11,ZONJ,New York City,NYIS,New York Independent System Operator,Eastern,148262,megawatthours
2026-02-10,ZONJ,New York City,NYIS,New York Independent System Operator,Eastern,157201,megawatthours
2026-02-08,ZONJ,New York City,NYIS,New York Independent System Operator,Eastern,168789,megawatthours
2026-02-07,ZONJ,New York City,NYIS,New York Independent System Operator,Eastern,158768,megawatthours
2026-02-06,ZONJ,New York City,NYIS,New York Independent System Operator,Eastern,153241,megawatthours
2026-02-05,ZONJ,New York City,NYIS,New York Independent System Operator,Eastern,154649,megawatthours
2026-02-04,ZONJ,New York City,NYIS,New York Independent System Operator,Eastern,153467,megawatthours
2026-02-03,ZONJ,New York City,NYIS,New York Independent System Operator,Eastern,157397,megawatthours
2026-02-02,ZONJ,New York City,NYIS,New York Independent System Operator,Eastern,163670,megawatthours
2026-02-01,ZONJ,New York City,NYIS,New York Independent System Operator,Eastern,161808,megawatthours
2026-01-31,ZONJ,New York City,NYIS,New York Independent System Operator,Eastern,161344,megawatthours
2026-01-30,ZONJ,New York City,NYIS,New York Independent System Operator,Eastern,171429,megawatthours
2026-01-29,ZONJ,New York City,NYIS,New York Independent System Operator,Eastern,167750,megawatthours
2026-01-28,ZONJ,New York City,NYIS,New York Independent System Operator,Eastern,165792,megawatthours
2026-01-27,ZONJ,New York City,NYIS,New York Independent System Operator,Eastern,164913,megawatthours
2026-01-26,ZONJ,New York City,NYIS,New York Independent System Operator,Eastern,158536,megawatthours
2026-01-25,ZONJ,New York City,NYIS,New York Independent System Operator,Eastern,158518,megawatthours
2026-01-24,ZONJ,New York City,NYIS,New York Independent System Operator,Eastern,157379,megawatthours
2026-01-23,ZONJ,New York City,NYIS,New York Independent System Operator,Eastern,147793,megawatthours
2026-01-22,ZONJ,New York City,NYIS,New York Independent System Operator,Eastern,141357,megawatthours
2026-01-21,ZONJ,New York City,NYIS,New York Independent System Operator,Eastern,157163,megawatthours
2026-01-20,ZONJ,New York City,NYIS,New York Independent System Operator,Eastern,159311,megawatthours
2026-01-19,ZONJ,New York City,NYIS,New York Independent System Operator,Eastern,144463,megawatthours
2026-01-18,ZONJ,New York City,NYIS,New York Independent System Operator,Eastern,135378,megawatthours
2026-01-17,ZONJ,New York City,NYIS,New York Independent System Operator,Eastern,135687,megawatthours
2026-01-16,ZONJ,New York City,NYIS,New York Independent System Operator,Eastern,147770,megawatthours
2026-01-15,ZONJ,New York City,NYIS,New York Independent System Operator,Eastern,136070,megawatthours
2026-01-14,ZONJ,New York City,NYIS,New York Independent System Operator,Eastern,132625,megawatthours
2026-01-13,ZONJ,New York City,NYIS,New York Independent System Operator,Eastern,136382,megawatthours
2026-01-12,ZONJ,New York City,NYIS,New York Independent System Operator,Eastern,139994,megawatthours
2026-01-11,ZONJ,New York City,NYIS,New York Independent System Operator,Eastern,123791,megawatthours
2026-01-10,ZONJ,New York City,NYIS,New York Independent System Operator,Eastern,124407,megawatthours
2026-01-09,ZONJ,New York City,NYIS,New York Independent System Operator,Eastern,131611,megawatthours
2026-01-08,ZONJ,New York City,NYIS,New York Independent System Operator,Eastern,131479,megawatthours
2026-01-07,ZONJ,New York City,NYIS,New York Independent System Operator,Eastern,135476,megawatthours
2026-01-06,ZONJ,New York City,NYIS,New York Independent System Operator,Eastern,140715,megawatthours
2026-01-05,ZONJ,New York City,NYIS,New York Independent System Operator,Eastern,147156,megawatthours
2026-01-04,ZONJ,New York City,NYIS,New York Independent System Operator,Eastern,137177,megawatthours
2026-01-03,ZONJ,New York City,NYIS,New York Independent System Operator,Eastern,142054,megawatthours
2026-01-02,ZONJ,New York City,NYIS,New York Independent System Operator,Eastern,149586,megawatthours
2026-01-01,ZONJ,New York City,NYIS,New York Independent System Operator,Eastern,137185,megawatthours
2025-12-20,ZONJ,New York City,NYIS,New York Independent System Operator,Eastern,131087,megawatthours
2025-12-19,ZONJ,New York City,NYIS,New York Independent System Operator,Eastern,133820,megawatthours
2025-12-18,ZONJ,New York City,NYIS,New York Independent System Operator,Eastern,136894,megawatthours
2025-12-17,ZONJ,New York City,NYIS,New York Independent System Operator,Eastern,145427,megawatthours
2025-12-16,ZONJ,New York City,NYIS,New York Independent System Operator,Eastern,152679,megawatthours
2025-12-15,ZONJ,New York City,NYIS,New York Independent System Operator,Eastern,157271,megawatthours
2025-12-14,ZONJ,New York City,NYIS,New York Independent System Operator,Eastern,140259,megawatthours
2025-12-13,ZONJ,New York City,NYIS,New York Independent System Operator,Eastern,135805,megawatthours
2025-12-12,ZONJ,New York City,NYIS,New York Independent System Operator,Eastern,147153,megawatthours
2025-12-11,ZONJ,New York City,NYIS,New York Independent System Operator,Eastern,143177,megawatthours
2025-11-05,ZONJ,New York City,NYIS,New York Independent System Operator,Eastern,120814,megawatthours
2025-11-04,ZONJ,New York City,NYIS,New York Independent System Operator,Eastern,119954,megawatthours
2025-11-03,ZONJ,New York City,NYIS,New York Independent System Operator,Eastern,121026,megawatthours
2025-11-02,ZONJ,New York City,NYIS,New York Independent System Operator,Eastern,113431,megawatthours
2025-11-01,ZONJ,New York City,NYIS,New York Independent System Operator,Eastern,111251,megawatthours
2025-10-31,ZONJ,New York City,NYIS,New York Independent System Operator,Eastern,120401,megawatthours
2025-10-30,ZONJ,New York City,NYIS,New York Independent System Operator,Eastern,125028,megawatthours
2025-10-29,ZONJ,New York City,NYIS,New York Independent System Operator,Eastern,122639,megawatthours
2025-10-28,ZONJ,New York City,NYIS,New York Independent System Operator,Eastern,123099,megawatthours
2025-10-27,ZONJ,New York City,NYIS,New York Independent System Operator,Eastern,120473,megawatthours
2025-10-26,ZONJ,New York City,NYIS,New York Independent System Operator,Eastern,108844,megawatthours
2025-10-25,ZONJ,New York City,NYIS,New York Independent System Operator,Eastern,110742,megawatthours
2025-10-24,ZONJ,New York City,NYIS,New York Independent System Operator,Eastern,118856,megawatthours
2025-10-23,ZONJ,New York City,NYIS,New York Independent System Operator,Eastern,118878,megawatthours
2025-10-22,ZONJ,New York City,NYIS,New York Independent System Operator,Eastern,119955,megawatthours
2025-10-21,ZONJ,New York City,NYIS,New York Independent System Operator,Eastern,119524,megawatthours
2025-10-20,ZONJ,New York City,NYIS,New York Independent System Operator,Eastern,121000,megawatthours
2025-10-19,ZONJ,New York City,NYIS,New York Independent System Operator,Eastern,110897,megawatthours
2025-10-18,ZONJ,New York City,NYIS,New York Independent System Operator,Eastern,109150,megawatthours
2025-10-17,ZONJ,New York City,NYIS,New York Independent System Operator,Eastern,118059,megawatthours
2025-10-16,ZONJ,New York City,NYIS,New York Independent System Operator,Eastern,117697,megawatthours
2025-10-15,ZONJ,New York City,NYIS,New York Independent System Operator,Eastern,120028,megawatthours
2025-10-14,ZONJ,New York City,NYIS,New York Independent System Operator,Eastern,119948,megawatthours
2025-10-13,ZONJ,New York City,NYIS,New York Independent System Operator,Eastern,118767,megawatthours
2025-10-12,ZONJ,New York City,NYIS,New York Independent System Operator,Eastern,109520,megawatthours
2025-10-11,ZONJ,New York City,NYIS,New York Independent System Operator,Eastern,110784,megawatthours
2025-10-10,ZONJ,New York City,NYIS,New York Independent System Operator,Eastern,116258,megawatthours
2025-10-09,ZONJ,New York City,NYIS,New York Independent System Operator,Eastern,117721,megawatthours
2025-10-08,ZONJ,New York City,NYIS,New York Independent System Operator,Eastern,136271,megawatthours
2025-10-07,ZONJ,New York City,NYIS,New York Independent System Operator,Eastern,145460,megawatthours
2025-10-06,ZONJ,New York City,NYIS,New York Independent System Operator,Eastern,143928,megawatthours
2025-10-05,ZONJ,New York City,NYIS,New York Independent System Operator,Eastern,129731,megawatthours
2025-10-04,ZONJ,New York City,NYIS,New York Independent System Operator,Eastern,120669,megawatthours
2025-10-03,ZONJ,New York City,NYIS,New York Independent System Operator,Eastern,122506,megawatthours
2025-10-02,ZONJ,New York City,NYIS,New York Independent System Operator,Eastern,120144,megawatthours
2025-10-01,ZONJ,New York City,NYIS,New York Independent System Operator,Eastern,127931,megawatthours
2025-09-30,ZONJ,New York City,NYIS,New York Independent System Operator,Eastern,144072,megawatthours
2025-09-29,ZONJ,New York City,NYIS,New York Independent System Operator,Eastern,147648,megawatthours
2025-09-28,ZONJ,New York City,NYIS,New York Independent System Operator,Eastern,140349,megawatthours
2025-09-27,ZONJ,New York City,NYIS,New York Independent System Operator,Eastern,138024,megawatthours
2025-09-26,ZONJ,New York City,NYIS,New York Independent System Operator,Eastern,154328,megawatthours
2025-09-25,ZONJ,New York City,NYIS,New York Independent System Operator,Eastern,158607,megawatthours
2025-09-24,ZONJ,New York City,NYIS,New York Independent System Operator,Eastern,153504,megawatthours
2025-09-23,ZONJ,New York City,NYIS,New York Independent System Operator,Eastern,144190,megawatthours
2025-09-22,ZONJ,New York City,NYIS,New York Independent System Operator,Eastern,128815,megawatthours
2025-09-21,ZONJ,New York City,NYIS,New York Independent System Operator,Eastern,116851,megawatthours
2025-09-20,ZONJ,New York City,NYIS,New York Independent System Operator,Eastern,124720,megawatthours
2025-09-19,ZONJ,New York City,NYIS,New York Independent System Operator,Eastern,151519,megawatthours
2025-09-18,ZONJ,New York City,NYIS,New York Independent System Operator,Eastern,146153,megawatthours
2025-09-17,ZONJ,New York City,NYIS,New York Independent System Operator,Eastern,134686,megawatthours
2025-09-16,ZONJ,New York City,NYIS,New York Independent System Operator,Eastern,139506,megawatthours
2025-09-15,ZONJ,New York City,NYIS,New York Independent System Operator,Eastern,149227,megawatthours
2025-09-14,ZONJ,New York City,NYIS,New York Independent System Operator,Eastern,134186,megawatthours
2025-09-13,ZONJ,New York City,NYIS,New York Independent System Operator,Eastern,130353,megawatthours
2025-09-12,ZONJ,New York City,NYIS,New York Independent System Operator,Eastern,138086,megawatthours
2025-09-11,ZONJ,New York City,NYIS,New York Independent System Operator,Eastern,136355,megawatthours
2025-09-10,ZONJ,New York City,NYIS,New York Independent System Operator,Eastern,131314,megawatthours
2025-09-09,ZONJ,New York City,NYIS,New York Independent System Operator,Eastern,130618,megawatthours
2025-09-08,ZONJ,New York City,NYIS,New York Independent System Operator,Eastern,130075,megawatthours
2025-09-07,ZONJ,New York City,NYIS,New York Independent System Operator,Eastern,126852,megawatthours
2025-09-06,ZONJ,New York City,NYIS,New York Independent System Operator,Eastern,153368,megawatthours
2025-09-05,ZONJ,New York City,NYIS,New York Independent System Operator,Eastern,157341,megawatthours
2025-09-04,ZONJ,New York City,NYIS,New York Independent System Operator,Eastern,146378,megawatthours
2025-09-03,ZONJ,New York City,NYIS,New York Independent System Operator,Eastern,141588,megawatthours
2025-09-02,ZONJ,New York City,NYIS,New York Independent System Operator,Eastern,140528,megawatthours
2025-09-01,ZONJ,New York City,NYIS,New York Independent System Operator,Eastern,127022,megawatthours
2025-08-31,ZONJ,New York City,NYIS,New York Independent System Operator,Eastern,119654,megawatthours
2025-08-30,ZONJ,New York City,NYIS,New York Independent System Operator,Eastern,118579,megawatthours
2025-08-29,ZONJ,New York City,NYIS,New York Independent System Operator,Eastern,136709,megawatthours
2025-08-28,ZONJ,New York City,NYIS,New York Independent System Operator,Eastern,135014,megawatthours
2025-08-27,ZONJ,New York City,NYIS,New York Independent System Operator,Eastern,135947,megawatthours
2025-08-26,ZONJ,New York City,NYIS,New York Independent System Operator,Eastern,144938,megawatthours
2025-08-25,ZONJ,New York City,NYIS,New York Independent System Operator,Eastern,158402,megawatthours
2025-08-24,ZONJ,New York City,NYIS,New York Independent System Operator,Eastern,136364,megawatthours
2025-08-23,ZONJ,New York City,NYIS,New York Independent System Operator,Eastern,130088,megawatthours
2025-08-22,ZONJ,New York City,NYIS,New York Independent System Operator,Eastern,132676,megawatthours
2025-08-21,ZONJ,New York City,NYIS,New York Independent System Operator,Eastern,128147,megawatthours
2025-08-20,ZONJ,New York City,NYIS,New York Independent System Operator,Eastern,138578,megawatthours
2025-08-19,ZONJ,New York City,NYIS,New York Independent System Operator,Eastern,141967,megawatthours
2025-08-18,ZONJ,New York City,NYIS,New York Independent System Operator,Eastern,155420,megawatthours
2025-08-17,ZONJ,New York City,NYIS,New York Independent System Operator,Eastern,170673,megawatthours
2025-08-16,ZONJ,New York City,NYIS,New York Independent System Operator,Eastern,165908,megawatthours
2025-08-15,ZONJ,New York City,NYIS,New York Independent System Operator,Eastern,181932,megawatthours
2025-08-14,ZONJ,New York City,NYIS,New York Independent System Operator,Eastern,188160,megawatthours
2025-08-13,ZONJ,New York City,NYIS,New York Independent System Operator,Eastern,190689,megawatthours
2025-08-12,ZONJ,New York City,NYIS,New York Independent System Operator,Eastern,181709,megawatthours
2025-08-11,ZONJ,New York City,NYIS,New York Independent System Operator,Eastern,172005,megawatthours
2025-08-10,ZONJ,New York City,NYIS,New York Independent System Operator,Eastern,146811,megawatthours
2025-08-09,ZONJ,New York City,NYIS,New York Independent System Operator,Eastern,138039,megawatthours
2025-08-08,ZONJ,New York City,NYIS,New York Independent System Operator,Eastern,146456,megawatthours
2025-08-07,ZONJ,New York City,NYIS,New York Independent System Operator,Eastern,152453,megawatthours
2025-08-06,ZONJ,New York City,NYIS,New York Independent System Operator,Eastern,160350,megawatthours
2025-08-05,ZONJ,New York City,NYIS,New York Independent System Operator,Eastern,169645,megawatthours
2025-08-04,ZONJ,New York City,NYIS,New York Independent System Operator,Eastern,164044,megawatthours
2025-08-03,ZONJ,New York City,NYIS,New York Independent System Operator,Eastern,138291,megawatthours
2025-08-02,ZONJ,New York City,NYIS,New York Independent System Operator,Eastern,136495,megawatthours
2025-08-01,ZONJ,New York City,NYIS,New York Independent System Operator,Eastern,150535,megawatthours
2025-07-31,ZONJ,New York City,NYIS,New York Independent System Operator,Eastern,198487,megawatthours
2025-07-30,ZONJ,New York City,NYIS,New York Independent System Operator,Eastern,216358,megawatthours
2025-07-29,ZONJ,New York City,NYIS,New York Independent System Operator,Eastern,216156,megawatthours
2025-07-28,ZONJ,New York City,NYIS,New York Independent System Operator,Eastern,201676,megawatthours
2025-07-27,ZONJ,New York City,NYIS,New York Independent System Operator,Eastern,164969,megawatthours
2025-07-26,ZONJ,New York City,NYIS,New York Independent System Operator,Eastern,167192,megawatthours
2025-07-25,ZONJ,New York City,NYIS,New York Independent System Operator,Eastern,194196,megawatthours
2025-07-24,ZONJ,New York City,NYIS,New York Independent System Operator,Eastern,173495,megawatthours
2025-07-23,ZONJ,New York City,NYIS,New York Independent System Operator,Eastern,164089,megawatthours
2025-07-22,ZONJ,New York City,NYIS,New York Independent System Operator,Eastern,161494,megawatthours
2025-07-21,ZONJ,New York City,NYIS,New York Independent System Operator,Eastern,182756,megawatthours
2025-07-20,ZONJ,New York City,NYIS,New York Independent System Operator,Eastern,175740,megawatthours
2025-07-19,ZONJ,New York City,NYIS,New York Independent System Operator,Eastern,160063,megawatthours
2025-07-18,ZONJ,New York City,NYIS,New York Independent System Operator,Eastern,179961,megawatthours
2025-07-17,ZONJ,New York City,NYIS,New York Independent System Operator,Eastern,205418,megawatthours
2025-07-16,ZONJ,New York City,NYIS,New York Independent System Operator,Eastern,203650,megawatthours
2025-07-15,ZONJ,New York City,NYIS,New York Independent System Operator,Eastern,190418,megawatthours
2025-07-14,ZONJ,New York City,NYIS,New York Independent System Operator,Eastern,190918,megawatthours
2025-07-13,ZONJ,New York City,NYIS,New York Independent System Operator,Eastern,164300,megawatthours
2025-07-12,ZONJ,New York City,NYIS,New York Independent System Operator,Eastern,168248,megawatthours
2025-07-11,ZONJ,New York City,NYIS,New York Independent System Operator,Eastern,181568,megawatthours
2025-07-10,ZONJ,New York City,NYIS,New York Independent System Operator,Eastern,184139,megawatthours
2025-07-09,ZONJ,New York City,NYIS,New York Independent System Operator,Eastern,200050,megawatthours
2025-07-08,ZONJ,New York City,NYIS,New York Independent System Operator,Eastern,205336,megawatthours
2025-07-07,ZONJ,New York City,NYIS,New York Independent System Operator,Eastern,194399,megawatthours
2025-07-06,ZONJ,New York City,NYIS,New York Independent System Operator,Eastern,161911,megawatthours
2025-07-05,ZONJ,New York City,NYIS,New York Independent System Operator,Eastern,148963,megawatthours
2025-07-04,ZONJ,New York City,NYIS,New York Independent System Operator,Eastern,145526,megawatthours
2025-07-03,ZONJ,New York City,NYIS,New York Independent System Operator,Eastern,176397,megawatthours
2025-07-02,ZONJ,New York City,NYIS,New York Independent System Operator,Eastern,179985,megawatthours
2025-07-01,ZONJ,New York City,NYIS,New York Independent System Operator,Eastern,192891,megawatthours
2025-06-30,ZONJ,New York City,NYIS,New York Independent System Operator,Eastern,189393,megawatthours
2025-06-29,ZONJ,New York City,NYIS,New York Independent System Operator,Eastern,170642,megawatthours
2025-06-28,ZONJ,New York City,NYIS,New York Independent System Operator,Eastern,142830,megawatthours
2025-06-27,ZONJ,New York City,NYIS,New York Independent System Operator,Eastern,141689,megawatthours
2025-06-26,ZONJ,New York City,NYIS,New York Independent System Operator,Eastern,182257,megawatthours
2025-06-25,ZONJ,New York City,NYIS,New York Independent System Operator,Eastern,229325,megawatthours
2025-06-24,ZONJ,New York City,NYIS,New York Independent System Operator,Eastern,225312,megawatthours
2025-06-23,ZONJ,New York City,NYIS,New York Independent System Operator,Eastern,212749,megawatthours
2025-06-22,ZONJ,New York City,NYIS,New York Independent System Operator,Eastern,166019,megawatthours
2025-06-21,ZONJ,New York City,NYIS,New York Independent System Operator,Eastern,154490,megawatthours
2025-06-20,ZONJ,New York City,NYIS,New York Independent System Operator,Eastern,155298,megawatthours
2025-06-19,ZONJ,New York City,NYIS,New York Independent System Operator,Eastern,164136,megawatthours
2025-06-18,ZONJ,New York City,NYIS,New York Independent System Operator,Eastern,145154,megawatthours
2025-06-17,ZONJ,New York City,NYIS,New York Independent System Operator,Eastern,129939,megawatthours
2025-06-16,ZONJ,New York City,NYIS,New York Independent System Operator,Eastern,125975,megawatthours
2025-06-15,ZONJ,New York City,NYIS,New York Independent System Operator,Eastern,112305,megawatthours
2025-06-14,ZONJ,New York City,NYIS,New York Independent System Operator,Eastern,123122,megawatthours
2025-06-13,ZONJ,New York City,NYIS,New York Independent System Operator,Eastern,150301,megawatthours
2025-06-12,ZONJ,New York City,NYIS,New York Independent System Operator,Eastern,162527,megawatthours
2025-06-11,ZONJ,New York City,NYIS,New York Independent System Operator,Eastern,145591,megawatthours
2025-06-10,ZONJ,New York City,NYIS,New York Independent System Operator,Eastern,135361,megawatthours
2025-06-09,ZONJ,New York City,NYIS,New York Independent System Operator,Eastern,132373,megawatthours
2025-06-08,ZONJ,New York City,NYIS,New York Independent System Operator,Eastern,129797,megawatthours
2025-06-07,ZONJ,New York City,NYIS,New York Independent System Operator,Eastern,146003,megawatthours
2025-06-06,ZONJ,New York City,NYIS,New York Independent System Operator,Eastern,163674,megawatthours
2025-06-05,ZONJ,New York City,NYIS,New York Independent System Operator,Eastern,155171,megawatthours
2025-06-04,ZONJ,New York City,NYIS,New York Independent System Operator,Eastern,135370,megawatthours
2025-06-03,ZONJ,New York City,NYIS,New York Independent System Operator,Eastern,124438,megawatthours
2025-06-02,ZONJ,New York City,NYIS,New York Independent System Operator,Eastern,118081,megawatthours
2025-06-01,ZONJ,New York City,NYIS,New York Independent System Operator,Eastern,105414,megawatthours
2025-05-31,ZONJ,New York City,NYIS,New York Independent System Operator,Eastern,111781,megawatthours
2025-05-30,ZONJ,New York City,NYIS,New York Independent System Operator,Eastern,125112,megawatthours
2025-05-29,ZONJ,New York City,NYIS,New York Independent System Operator,Eastern,120828,megawatthours
2025-05-28,ZONJ,New York City,NYIS,New York Independent System Operator,Eastern,120406,megawatthours
2025-05-27,ZONJ,New York City,NYIS,New York Independent System Operator,Eastern,121983,megawatthours
2025-05-26,ZONJ,New York City,NYIS,New York Independent System Operator,Eastern,106014,megawatthours
2025-05-25,ZONJ,New York City,NYIS,New York Independent System Operator,Eastern,102086,megawatthours
2025-05-24,ZONJ,New York City,NYIS,New York Independent System Operator,Eastern,104717,megawatthours
2025-05-23,ZONJ,New York City,NYIS,New York Independent System Operator,Eastern,116114,megawatthours
2025-05-22,ZONJ,New York City,NYIS,New York Independent System Operator,Eastern,118919,megawatthours
2025-05-21,ZONJ,New York City,NYIS,New York Independent System Operator,Eastern,118992,megawatthours
2025-05-20,ZONJ,New York City,NYIS,New York Independent System Operator,Eastern,117473,megawatthours
2025-05-19,ZONJ,New York City,NYIS,New York Independent System Operator,Eastern,121522,megawatthours
2025-05-18,ZONJ,New York City,NYIS,New York Independent System Operator,Eastern,115976,megawatthours
2025-05-17,ZONJ,New York City,NYIS,New York Independent System Operator,Eastern,124344,megawatthours
2025-05-16,ZONJ,New York City,NYIS,New York Independent System Operator,Eastern,128714,megawatthours
2025-05-15,ZONJ,New York City,NYIS,New York Independent System Operator,Eastern,126488,megawatthours
2025-05-14,ZONJ,New York City,NYIS,New York Independent System Operator,Eastern,124548,megawatthours
2025-05-13,ZONJ,New York City,NYIS,New York Independent System Operator,Eastern,126915,megawatthours
2025-05-12,ZONJ,New York City,NYIS,New York Independent System Operator,Eastern,122303,megawatthours
2025-05-11,ZONJ,New York City,NYIS,New York Independent System Operator,Eastern,110675,megawatthours
2025-05-10,ZONJ,New York City,NYIS,New York Independent System Operator,Eastern,108490,megawatthours
2025-05-09,ZONJ,New York City,NYIS,New York Independent System Operator,Eastern,122058,megawatthours
2025-05-08,ZONJ,New York City,NYIS,New York Independent System Operator,Eastern,127167,megawatthours
2025-05-07,ZONJ,New York City,NYIS,New York Independent System Operator,Eastern,122733,megawatthours
2025-05-06,ZONJ,New York City,NYIS,New York Independent System Operator,Eastern,123091,megawatthours
2025-05-05,ZONJ,New York City,NYIS,New York Independent System Operator,Eastern,126087,megawatthours
2025-05-04,ZONJ,New York City,NYIS,New York Independent System Operator,Eastern,119015,megawatthours
2025-05-03,ZONJ,New York City,NYIS,New York Independent System Operator,Eastern,124931,megawatthours
2025-05-02,ZONJ,New York City,NYIS,New York Independent System Operator,Eastern,126382,megawatthours
2025-05-01,ZONJ,New York City,NYIS,New York Independent System Operator,Eastern,117885,megawatthours
2025-04-30,ZONJ,New York City,NYIS,New York Independent System Operator,Eastern,122936,megawatthours
2025-04-29,ZONJ,New York City,NYIS,New York Independent System Operator,Eastern,119517,megawatthours
2025-04-28,ZONJ,New York City,NYIS,New York Independent System Operator,Eastern,116337,megawatthours
2025-04-27,ZONJ,New York City,NYIS,New York Independent System Operator,Eastern,104430,megawatthours
2025-04-26,ZONJ,New York City,NYIS,New York Independent System Operator,Eastern,114466,megawatthours
2025-04-25,ZONJ,New York City,NYIS,New York Independent System Operator,Eastern,121004,megawatthours
2025-04-24,ZONJ,New York City,NYIS,New York Independent System Operator,Eastern,120123,megawatthours
2025-04-23,ZONJ,New York City,NYIS,New York Independent System Operator,Eastern,118275,megawatthours
2025-04-22,ZONJ,New York City,NYIS,New York Independent System Operator,Eastern,119855,megawatthours
2025-04-21,ZONJ,New York City,NYIS,New York Independent System Operator,Eastern,115936,megawatthours
2025-04-20,ZONJ,New York City,NYIS,New York Independent System Operator,Eastern,105506,megawatthours
2025-04-19,ZONJ,New York City,NYIS,New York Independent System Operator,Eastern,110705,megawatthours
2025-04-18,ZONJ,New York City,NYIS,New York Independent System Operator,Eastern,112731,megawatthours
2025-04-17,ZONJ,New York City,NYIS,New York Independent System Operator,Eastern,117844,megawatthours
2025-04-16,ZONJ,New York City,NYIS,New York Independent System Operator,Eastern,120731,megawatthours
2025-04-15,ZONJ,New York City,NYIS,New York Independent System Operator,Eastern,118493,megawatthours
2025-04-14,ZONJ,New York City,NYIS,New York Independent System Operator,Eastern,119372,megawatthours
2025-04-13,ZONJ,New York City,NYIS,New York Independent System Operator,Eastern,113135,megawatthours
2025-04-12,ZONJ,New York City,NYIS,New York Independent System Operator,Eastern,121060,megawatthours
2025-04-11,ZONJ,New York City,NYIS,New York Independent System Operator,Eastern,125921,megawatthours
2025-04-10,ZONJ,New York City,NYIS,New York Independent System Operator,Eastern,125031,megawatthours
2025-04-09,ZONJ,New York City,NYIS,New York Independent System Operator,Eastern,126538,megawatthours
2025-04-08,ZONJ,New York City,NYIS,New York Independent System Operator,Eastern,124593,megawatthours
2025-04-07,ZONJ,New York City,NYIS,New York Independent System Operator,Eastern,126114,megawatthours
2025-04-06,ZONJ,New York City,NYIS,New York Independent System Operator,Eastern,111365,megawatthours
2025-04-05,ZONJ,New York City,NYIS,New York Independent System Operator,Eastern,112385,megawatthours
2025-04-04,ZONJ,New York City,NYIS,New York Independent System Operator,Eastern,120836,megawatthours
2025-04-03,ZONJ,New York City,NYIS,New York Independent System Operator,Eastern,124965,megawatthours
2025-04-02,ZONJ,New York City,NYIS,New York Independent System Operator,Eastern,124319,megawatthours
2025-04-01,ZONJ,New York City,NYIS,New York Independent System Operator,Eastern,120568,megawatthours
2025-03-31,ZONJ,New York City,NYIS,New York Independent System Operator,Eastern,121348,megawatthours
2025-03-30,ZONJ,New York City,NYIS,New York Independent System Operator,Eastern,111937,megawatthours
2025-03-29,ZONJ,New York City,NYIS,New York Independent System Operator,Eastern,111190,megawatthours
2025-03-28,ZONJ,New York City,NYIS,New York Independent System Operator,Eastern,121114,megawatthours
2025-03-27,ZONJ,New York City,NYIS,New York Independent System Operator,Eastern,124724,megawatthours
2025-03-26,ZONJ,New York City,NYIS,New York Independent System Operator,Eastern,123497,megawatthours
2025-03-25,ZONJ,New York City,NYIS,New York Independent System Operator,Eastern,121515,megawatthours
2025-03-24,ZONJ,New York City,NYIS,New York Independent System Operator,Eastern,127893,megawatthours
2025-03-23,ZONJ,New York City,NYIS,New York Independent System Operator,Eastern,114056,megawatthours
2025-03-22,ZONJ,New York City,NYIS,New York Independent System Operator,Eastern,112022,megawatthours
2025-03-21,ZONJ,New York City,NYIS,New York Independent System Operator,Eastern,122404,megawatthours
2025-03-20,ZONJ,New York City,NYIS,New York Independent System Operator,Eastern,123221,megawatthours
2025-03-19,ZONJ,New York City,NYIS,New York Independent System Operator,Eastern,120561,megawatthours
2025-03-18,ZONJ,New York City,NYIS,New York Independent System Operator,Eastern,123481,megawatthours
2025-03-17,ZONJ,New York City,NYIS,New York Independent System Operator,Eastern,123262,megawatthours
2025-03-16,ZONJ,New York City,NYIS,New York Independent System Operator,Eastern,113147,megawatthours
2025-03-15,ZONJ,New York City,NYIS,New York Independent System Operator,Eastern,116401,megawatthours
2025-03-14,ZONJ,New York City,NYIS,New York Independent System Operator,Eastern,123000,megawatthours
2025-03-13,ZONJ,New York City,NYIS,New York Independent System Operator,Eastern,124345,megawatthours
2025-03-12,ZONJ,New York City,NYIS,New York Independent System Operator,Eastern,122667,megawatthours
2025-03-11,ZONJ,New York City,NYIS,New York Independent System Operator,Eastern,121180,megawatthours
2025-03-10,ZONJ,New York City,NYIS,New York Independent System Operator,Eastern,123219,megawatthours
2025-03-09,ZONJ,New York City,NYIS,New York Independent System Operator,Eastern,114224,megawatthours
2025-03-08,ZONJ,New York City,NYIS,New York Independent System Operator,Eastern,119641,megawatthours
2025-03-07,ZONJ,New York City,NYIS,New York Independent System Operator,Eastern,129991,megawatthours
2025-03-06,ZONJ,New York City,NYIS,New York Independent System Operator,Eastern,126880,megawatthours
2025-03-05,ZONJ,New York City,NYIS,New York Independent System Operator,Eastern,129854,megawatthours
2025-03-04,ZONJ,New York City,NYIS,New York Independent System Operator,Eastern,133459,megawatthours
2025-03-03,ZONJ,New York City,NYIS,New York Independent System Operator,Eastern,139878,megawatthours
2025-03-02,ZONJ,New York City,NYIS,New York Independent System Operator,Eastern,128568,megawatthours
2025-03-01,ZONJ,New York City,NYIS,New York Independent System Operator,Eastern,116852,megawatthours
2025-02-28,ZONJ,New York City,NYIS,New York Independent System Operator,Eastern,124313,megawatthours
2025-02-27,ZONJ,New York City,NYIS,New York Independent System Operator,Eastern,126313,megawatthours
2025-02-26,ZONJ,New York City,NYIS,New York Independent System Operator,Eastern,124760,megawatthours
2025-02-25,ZONJ,New York City,NYIS,New York Independent System Operator,Eastern,127889,megawatthours
2025-02-24,ZONJ,New York City,NYIS,New York Independent System Operator,Eastern,131554,megawatthours
2025-02-23,ZONJ,New York City,NYIS,New York Independent System Operator,Eastern,125821,megawatthours
2025-02-22,ZONJ,New York City,NYIS,New York Independent System Operator,Eastern,135218,megawatthours
2025-02-21,ZONJ,New York City,NYIS,New York Independent System Operator,Eastern,148799,megawatthours
2025-02-20,ZONJ,New York City,NYIS,New York Independent System Operator,Eastern,151112,megawatthours
2025-02-19,ZONJ,New York City,NYIS,New York Independent System Operator,Eastern,151311,megawatthours
2025-02-18,ZONJ,New York City,NYIS,New York Independent System Operator,Eastern,149301,megawatthours
2025-02-17,ZONJ,New York City,NYIS,New York Independent System Operator,Eastern,135372,megawatthours
2025-02-16,ZONJ,New York City,NYIS,New York Independent System Operator,Eastern,128848,megawatthours
2025-02-15,ZONJ,New York City,NYIS,New York Independent System Operator,Eastern,133710,megawatthours
2025-02-14,ZONJ,New York City,NYIS,New York Independent System Operator,Eastern,139145,megawatthours
2025-02-13,ZONJ,New York City,NYIS,New York Independent System Operator,Eastern,138821,megawatthours
2025-02-12,ZONJ,New York City,NYIS,New York Independent System Operator,Eastern,143896,megawatthours
2025-02-11,ZONJ,New York City,NYIS,New York Independent System Operator,Eastern,143792,megawatthours
2025-02-10,ZONJ,New York City,NYIS,New York Independent System Operator,Eastern,141563,megawatthours
2025-02-09,ZONJ,New York City,NYIS,New York Independent System Operator,Eastern,133632,megawatthours
2025-02-08,ZONJ,New York City,NYIS,New York Independent System Operator,Eastern,134576,megawatthours
2025-02-07,ZONJ,New York City,NYIS,New York Independent System Operator,Eastern,137067,megawatthours
2025-02-06,ZONJ,New York City,NYIS,New York Independent System Operator,Eastern,143000,megawatthours
2025-02-05,ZONJ,New York City,NYIS,New York Independent System Operator,Eastern,142456,megawatthours
2025-02-04,ZONJ,New York City,NYIS,New York Independent System Operator,Eastern,134272,megawatthours
2025-02-03,ZONJ,New York City,NYIS,New York Independent System Operator,Eastern,138613,megawatthours
2025-02-02,ZONJ,New York City,NYIS,New York Independent System Operator,Eastern,137918,megawatthours
2025-02-01,ZONJ,New York City,NYIS,New York Independent System Operator,Eastern,127718,megawatthours
2025-01-31,ZONJ,New York City,NYIS,New York Independent System Operator,Eastern,135834,megawatthours
2025-01-30,ZONJ,New York City,NYIS,New York Independent System Operator,Eastern,142000,megawatthours
2025-01-29,ZONJ,New York City,NYIS,New York Independent System Operator,Eastern,134715,megawatthours
2025-01-28,ZONJ,New York City,NYIS,New York Independent System Operator,Eastern,139044,megawatthours
2025-01-27,ZONJ,New York City,NYIS,New York Independent System Operator,Eastern,140952,megawatthours
2025-01-26,ZONJ,New York City,NYIS,New York Independent System Operator,Eastern,133314,megawatthours
2025-01-25,ZONJ,New York City,NYIS,New York Independent System Operator,Eastern,140892,megawatthours
2025-01-24,ZONJ,New York City,NYIS,New York Independent System Operator,Eastern,152191,megawatthours
2025-01-23,ZONJ,New York City,NYIS,New York Independent System Operator,Eastern,158474,megawatthours
2025-01-22,ZONJ,New York City,NYIS,New York Independent System Operator,Eastern,163751,megawatthours
2025-01-21,ZONJ,New York City,NYIS,New York Independent System Operator,Eastern,161703,megawatthours
2025-01-20,ZONJ,New York City,NYIS,New York Independent System Operator,Eastern,148957,megawatthours
2025-01-19,ZONJ,New York City,NYIS,New York Independent System Operator,Eastern,129237,megawatthours
2025-01-18,ZONJ,New York City,NYIS,New York Independent System Operator,Eastern,129376,megawatthours
2025-01-17,ZONJ,New York City,NYIS,New York Independent System Operator,Eastern,142209,megawatthours
2025-01-16,ZONJ,New York City,NYIS,New York Independent System Operator,Eastern,148286,megawatthours
2025-01-14,ZONJ,New York City,NYIS,New York Independent System Operator,Eastern,144078,megawatthours
2025-01-13,ZONJ,New York City,NYIS,New York Independent System Operator,Eastern,140042,megawatthours
2025-01-12,ZONJ,New York City,NYIS,New York Independent System Operator,Eastern,130447,megawatthours
2025-01-11,ZONJ,New York City,NYIS,New York Independent System Operator,Eastern,135803,megawatthours
2025-01-10,ZONJ,New York City,NYIS,New York Independent System Operator,Eastern,146594,megawatthours
2025-01-09,ZONJ,New York City,NYIS,New York Independent System Operator,Eastern,154399,megawatthours
2025-01-08,ZONJ,New York City,NYIS,New York Independent System Operator,Eastern,154141,megawatthours
2025-01-07,ZONJ,New York City,NYIS,New York Independent System Operator,Eastern,152789,megawatthours
2025-01-06,ZONJ,New York City,NYIS,New York Independent System Operator,Eastern,147760,megawatthours
2025-01-05,ZONJ,New York City,NYIS,New York Independent System Operator,Eastern,134218,megawatthours
2025-01-04,ZONJ,New York City,NYIS,New York Independent System Operator,Eastern,133674,megawatthours
2025-01-03,ZONJ,New York City,NYIS,New York Independent System Operator,Eastern,135929,megawatthours
2025-01-02,ZONJ,New York City,NYIS,New York Independent System Operator,Eastern,132967,megawatthours
2025-01-01,ZONJ,New York City,NYIS,New York Independent System Operator,Eastern,116674,megawatthours
2024-12-31,ZONJ,New York City,NYIS,New York Independent System Operator,Eastern,123079,megawatthours
2024-12-30,ZONJ,New York City,NYIS,New York Independent System Operator,Eastern,123031,megawatthours
2024-12-29,ZONJ,New York City,NYIS,New York Independent System Operator,Eastern,116804,megawatthours
2024-12-28,ZONJ,New York City,NYIS,New York Independent System Operator,Eastern,124302,megawatthours
2024-12-27,ZONJ,New York City,NYIS,New York Independent System Operator,Eastern,136806,megawatthours
2024-12-26,ZONJ,New York City,NYIS,New York Independent System Operator,Eastern,139228,megawatthours
2024-12-25,ZONJ,New York City,NYIS,New York Independent System Operator,Eastern,128612,megawatthours
2024-12-24,ZONJ,New York City,NYIS,New York Independent System Operator,Eastern,141132,megawatthours
2024-12-23,ZONJ,New York City,NYIS,New York Independent System Operator,Eastern,152903,megawatthours
2024-12-22,ZONJ,New York City,NYIS,New York Independent System Operator,Eastern,143149,megawatthours
2024-12-21,ZONJ,New York City,NYIS,New York Independent System Operator,Eastern,134936,megawatthours
2024-12-20,ZONJ,New York City,NYIS,New York Independent System Operator,Eastern,136595,megawatthours
2024-12-19,ZONJ,New York City,NYIS,New York Independent System Operator,Eastern,130968,megawatthours
2024-12-18,ZONJ,New York City,NYIS,New York Independent System Operator,Eastern,128037,megawatthours
2024-12-17,ZONJ,New York City,NYIS,New York Independent System Operator,Eastern,128108,megawatthours
2024-12-16,ZONJ,New York City,NYIS,New York Independent System Operator,Eastern,135279,megawatthours
2024-12-15,ZONJ,New York City,NYIS,New York Independent System Operator,Eastern,130348,megawatthours
2024-12-14,ZONJ,New York City,NYIS,New York Independent System Operator,Eastern,133949,megawatthours
2024-12-13,ZONJ,New York City,NYIS,New York Independent System Operator,Eastern,141748,megawatthours
2024-12-12,ZONJ,New York City,NYIS,New York Independent System Operator,Eastern,134495,megawatthours
2024-12-11,ZONJ,New York City,NYIS,New York Independent System Operator,Eastern,128740,megawatthours
2024-12-10,ZONJ,New York City,NYIS,New York Independent System Operator,Eastern,130606,megawatthours
2024-12-09,ZONJ,New York City,NYIS,New York Independent System Operator,Eastern,130896,megawatthours
2024-12-08,ZONJ,New York City,NYIS,New York Independent System Operator,Eastern,121900,megawatthours
2024-12-07,ZONJ,New York City,NYIS,New York Independent System Operator,Eastern,129748,megawatthours
2024-12-06,ZONJ,New York City,NYIS,New York Independent System Operator,Eastern,141124,megawatthours
2024-12-05,ZONJ,New York City,NYIS,New York Independent System Operator,Eastern,138124,megawatthours
2024-12-04,ZONJ,New York City,NYIS,New York Independent System Operator,Eastern,138431,megawatthours
2024-12-03,ZONJ,New York City,NYIS,New York Independent System Operator,Eastern,137545,megawatthours
2024-12-02,ZONJ,New York City,NYIS,New York Independent System Operator,Eastern,137747,megawatthours
2024-12-01,ZONJ,New York City,NYIS,New York Independent System Operator,Eastern,126075,megawatthours
2024-11-30,ZONJ,New York City,NYIS,New York Independent System Operator,Eastern,121119,megawatthours
2024-11-29,ZONJ,New York City,NYIS,New York Independent System Operator,Eastern,120273,megawatthours
2024-11-28,ZONJ,New York City,NYIS,New York Independent System Operator,Eastern,114144,megawatthours
2024-11-27,ZONJ,New York City,NYIS,New York Independent System Operator,Eastern,121979,megawatthours
2024-11-26,ZONJ,New York City,NYIS,New York Independent System Operator,Eastern,123516,megawatthours
2024-11-25,ZONJ,New York City,NYIS,New York Independent System Operator,Eastern,124130,megawatthours
2024-11-24,ZONJ,New York City,NYIS,New York Independent System Operator,Eastern,114571,megawatthours
2024-11-23,ZONJ,New York City,NYIS,New York Independent System Operator,Eastern,117929,megawatthours
2024-11-22,ZONJ,New York City,NYIS,New York Independent System Operator,Eastern,128644,megawatthours
2024-11-21,ZONJ,New York City,NYIS,New York Independent System Operator,Eastern,124692,megawatthours
2024-11-20,ZONJ,New York City,NYIS,New York Independent System Operator,Eastern,121871,megawatthours
2024-11-19,ZONJ,New York City,NYIS,New York Independent System Operator,Eastern,121355,megawatthours
2024-11-18,ZONJ,New York City,NYIS,New York Independent System Operator,Eastern,121498,megawatthours
2024-11-17,ZONJ,New York City - NYIS,NYIS,New York Independent System Operator,Eastern,111310,megawatthours
2024-11-16,ZONJ,New York City - NYIS,NYIS,New York Independent System Operator,Eastern,113482,megawatthours
2024-11-15,ZONJ,New York City - NYIS,NYIS,New York Independent System Operator,Eastern,123587,megawatthours
2024-11-14,ZONJ,New York City - NYIS,NYIS,New York Independent System Operator,Eastern,126011,megawatthours
2024-11-13,ZONJ,New York City - NYIS,NYIS,New York Independent System Operator,Eastern,124244,megawatthours
2024-11-12,ZONJ,New York City - NYIS,NYIS,New York Independent System Operator,Eastern,120409,megawatthours
2024-11-11,ZONJ,New York City - NYIS,NYIS,New York Independent System Operator,Eastern,118800,megawatthours
2024-11-10,ZONJ,New York City - NYIS,NYIS,New York Independent System Operator,Eastern,109482,megawatthours
2024-11-09,ZONJ,New York City - NYIS,NYIS,New York Independent System Operator,Eastern,109447,megawatthours
2024-11-08,ZONJ,New York City - NYIS,NYIS,New York Independent System Operator,Eastern,119146,megawatthours
2024-11-07,ZONJ,New York City - NYIS,NYIS,New York Independent System Operator,Eastern,128061,megawatthours
2024-11-06,ZONJ,New York City - NYIS,NYIS,New York Independent System Operator,Eastern,129572,megawatthours
2024-11-05,ZONJ,New York City - NYIS,NYIS,New York Independent System Operator,Eastern,121638,megawatthours
2024-11-04,ZONJ,New York City - NYIS,NYIS,New York Independent System Operator,Eastern,120112,megawatthours
2024-11-03,ZONJ,New York City - NYIS,NYIS,New York Independent System Operator,Eastern,111893,megawatthours
2024-11-02,ZONJ,New York City - NYIS,NYIS,New York Independent System Operator,Eastern,108516,megawatthours
2024-11-01,ZONJ,New York City - NYIS,NYIS,New York Independent System Operator,Eastern,128037,megawatthours
2024-10-31,ZONJ,New York City - NYIS,NYIS,New York Independent System Operator,Eastern,128965,megawatthours
2024-10-30,ZONJ,New York City - NYIS,NYIS,New York Independent System Operator,Eastern,124290,megawatthours
2024-10-29,ZONJ,New York City - NYIS,NYIS,New York Independent System Operator,Eastern,121090,megawatthours
2024-10-28,ZONJ,New York City - NYIS,NYIS,New York Independent System Operator,Eastern,119401,megawatthours
2024-10-27,ZONJ,New York City - NYIS,NYIS,New York Independent System Operator,Eastern,107391,megawatthours
2024-10-26,ZONJ,New York City - NYIS,NYIS,New York Independent System Operator,Eastern,109032,megawatthours
2024-10-25,ZONJ,New York City - NYIS,NYIS,New York Independent System Operator,Eastern,118586,megawatthours
2024-10-24,ZONJ,New York City - NYIS,NYIS,New York Independent System Operator,Eastern,124464,megawatthours
2024-10-23,ZONJ,New York City - NYIS,NYIS,New York Independent System Operator,Eastern,129630,megawatthours
2024-10-22,ZONJ,New York City - NYIS,NYIS,New York Independent System Operator,Eastern,129531,megawatthours
2024-10-21,ZONJ,New York City - NYIS,NYIS,New York Independent System Operator,Eastern,123563,megawatthours
2024-10-20,ZONJ,New York City - NYIS,NYIS,New York Independent System Operator,Eastern,108899,megawatthours
2024-10-19,ZONJ,New York City - NYIS,NYIS,New York Independent System Operator,Eastern,109688,megawatthours
2024-10-18,ZONJ,New York City - NYIS,NYIS,New York Independent System Operator,Eastern,118577,megawatthours
2024-10-17,ZONJ,New York City - NYIS,NYIS,New York Independent System Operator,Eastern,119322,megawatthours
2024-10-16,ZONJ,New York City - NYIS,NYIS,New York Independent System Operator,Eastern,119030,megawatthours
2024-10-15,ZONJ,New York City - NYIS,NYIS,New York Independent System Operator,Eastern,117978,megawatthours
2024-10-14,ZONJ,New York City - NYIS,NYIS,New York Independent System Operator,Eastern,116554,megawatthours
2024-10-13,ZONJ,New York City - NYIS,NYIS,New York Independent System Operator,Eastern,108860,megawatthours
2024-10-12,ZONJ,New York City - NYIS,NYIS,New York Independent System Operator,Eastern,108615,megawatthours
2024-10-11,ZONJ,New York City - NYIS,NYIS,New York Independent System Operator,Eastern,116491,megawatthours
2024-10-10,ZONJ,New York City - NYIS,NYIS,New York Independent System Operator,Eastern,116684,megawatthours
2024-10-08,ZONJ,New York City - NYIS,NYIS,New York Independent System Operator,Eastern,120224,megawatthours
2024-10-07,ZONJ,New York City - NYIS,NYIS,New York Independent System Operator,Eastern,127718,megawatthours
2024-10-06,ZONJ,New York City - NYIS,NYIS,New York Independent System Operator,Eastern,112694,megawatthours
2024-10-05,ZONJ,New York City - NYIS,NYIS,New York Independent System Operator,Eastern,117152,megawatthours
2024-10-04,ZONJ,New York City - NYIS,NYIS,New York Independent System Operator,Eastern,126270,megawatthours
2024-10-03,ZONJ,New York City - NYIS,NYIS,New York Independent System Operator,Eastern,124414,megawatthours
2024-10-02,ZONJ,New York City - NYIS,NYIS,New York Independent System Operator,Eastern,123448,megawatthours
2024-10-01,ZONJ,New York City - NYIS,NYIS,New York Independent System Operator,Eastern,125460,megawatthours
2024-09-30,ZONJ,New York City - NYIS,NYIS,New York Independent System Operator,Eastern,125686,megawatthours
2024-09-29,ZONJ,New York City - NYIS,NYIS,New York Independent System Operator,Eastern,113364,megawatthours
2024-09-28,ZONJ,New York City - NYIS,NYIS,New York Independent System Operator,Eastern,120398,megawatthours
2024-09-27,ZONJ,New York City - NYIS,NYIS,New York Independent System Operator,Eastern,136445,megawatthours
2024-09-26,ZONJ,New York City - NYIS,NYIS,New York Independent System Operator,Eastern,137319,megawatthours
2024-09-25,ZONJ,New York City - NYIS,NYIS,New York Independent System Operator,Eastern,125294,megawatthours
2024-09-24,ZONJ,New York City - NYIS,NYIS,New York Independent System Operator,Eastern,124821,megawatthours
2024-09-23,ZONJ,New York City - NYIS,NYIS,New York Independent System Operator,Eastern,127892,megawatthours
2024-09-22,ZONJ,New York City - NYIS,NYIS,New York Independent System Operator,Eastern,121974,megawatthours
2024-09-21,ZONJ,New York City - NYIS,NYIS,New York Independent System Operator,Eastern,129828,megawatthours
2024-09-20,ZONJ,New York City - NYIS,NYIS,New York Independent System Operator,Eastern,149992,megawatthours
2024-09-19,ZONJ,New York City - NYIS,NYIS,New York Independent System Operator,Eastern,149657,megawatthours
2024-09-18,ZONJ,New York City - NYIS,NYIS,New York Independent System Operator,Eastern,143808,megawatthours
2024-09-17,ZONJ,New York City - NYIS,NYIS,New York Independent System Operator,Eastern,145236,megawatthours
2024-09-16,ZONJ,New York City - NYIS,NYIS,New York Independent System Operator,Eastern,140323,megawatthours
2024-09-15,ZONJ,New York City - NYIS,NYIS,New York Independent System Operator,Eastern,135068,megawatthours
2024-09-14,ZONJ,New York City - NYIS,NYIS,New York Independent System Operator,Eastern,140427,megawatthours
2024-09-13,ZONJ,New York City - NYIS,NYIS,New York Independent System Operator,Eastern,145330,megawatthours
2024-09-12,ZONJ,New York City - NYIS,NYIS,New York Independent System Operator,Eastern,141943,megawatthours
2024-09-11,ZONJ,New York City - NYIS,NYIS,New York Independent System Operator,Eastern,136531,megawatthours
2024-09-10,ZONJ,New York City - NYIS,NYIS,New York Independent System Operator,Eastern,135667,megawatthours
2024-09-09,ZONJ,New York City - NYIS,NYIS,New York Independent System Operator,Eastern,127783,megawatthours
2024-09-08,ZONJ,New York City - NYIS,NYIS,New York Independent System Operator,Eastern,113001,megawatthours
2024-09-07,ZONJ,New York City - NYIS,NYIS,New York Independent System Operator,Eastern,131255,megawatthours
2024-09-06,ZONJ,New York City - NYIS,NYIS,New York Independent System Operator,Eastern,143379,megawatthours
2024-09-05,ZONJ,New York City - NYIS,NYIS,New York Independent System Operator,Eastern,139231,megawatthours
2024-09-04,ZONJ,New York City - NYIS,NYIS,New York Independent System Operator,Eastern,136235,megawatthours
2024-09-03,ZONJ,New York City - NYIS,NYIS,New York Independent System Operator,Eastern,134126,megawatthours
2024-09-02,ZONJ,New York City - NYIS,NYIS,New York Independent System Operator,Eastern,137338,megawatthours
2024-09-01,ZONJ,New York City - NYIS,NYIS,New York Independent System Operator,Eastern,147525,megawatthours
2024-08-31,ZONJ,New York City - NYIS,NYIS,New York Independent System Operator,Eastern,137976,megawatthours
2024-08-30,ZONJ,New York City - NYIS,NYIS,New York Independent System Operator,Eastern,144337,megawatthours
2024-08-29,ZONJ,New York City - NYIS,NYIS,New York Independent System Operator,Eastern,168461,megawatthours
2024-08-28,ZONJ,New York City - NYIS,NYIS,New York Independent System Operator,Eastern,187044,megawatthours
2024-08-27,ZONJ,New York City - NYIS,NYIS,New York Independent System Operator,Eastern,167050,megawatthours
2024-08-26,ZONJ,New York City - NYIS,NYIS,New York Independent System Operator,Eastern,163961,megawatthours
2024-08-25,ZONJ,New York City - NYIS,NYIS,New York Independent System Operator,Eastern,143315,megawatthours
2024-08-24,ZONJ,New York City - NYIS,NYIS,New York Independent System Operator,Eastern,136540,megawatthours
2024-08-23,ZONJ,New York City - NYIS,NYIS,New York Independent System Operator,Eastern,138449,megawatthours
2024-08-22,ZONJ,New York City - NYIS,NYIS,New York Independent System Operator,Eastern,131399,megawatthours
2024-08-21,ZONJ,New York City - NYIS,NYIS,New York Independent System Operator,Eastern,129605,megawatthours
2024-08-20,ZONJ,New York City - NYIS,NYIS,New York Independent System Operator,Eastern,139701,megawatthours
2024-08-19,ZONJ,New York City - NYIS,NYIS,New York Independent System Operator,Eastern,168842,megawatthours
2024-08-18,ZONJ,New York City - NYIS,NYIS,New York Independent System Operator,Eastern,153602,megawatthours
2024-08-17,ZONJ,New York City - NYIS,NYIS,New York Independent System Operator,Eastern,153441,megawatthours
2024-08-16,ZONJ,New York City - NYIS,NYIS,New York Independent System Operator,Eastern,172256,megawatthours
2024-08-15,ZONJ,New York City - NYIS,NYIS,New York Independent System Operator,Eastern,167985,megawatthours
2024-08-14,ZONJ,New York City - NYIS,NYIS,New York Independent System Operator,Eastern,162930,megawatthours
2024-08-13,ZONJ,New York City - NYIS,NYIS,New York Independent System Operator,Eastern,152297,megawatthours
2024-08-12,ZONJ,New York City - NYIS,NYIS,New York Independent System Operator,Eastern,155444,megawatthours
2024-08-11,ZONJ,New York City - NYIS,NYIS,New York Independent System Operator,Eastern,146280,megawatthours
2024-08-10,ZONJ,New York City - NYIS,NYIS,New York Independent System Operator,Eastern,157538,megawatthours
2024-08-09,ZONJ,New York City - NYIS,NYIS,New York Independent System Operator,Eastern,168798,megawatthours
2024-08-08,ZONJ,New York City - NYIS,NYIS,New York Independent System Operator,Eastern,145053,megawatthours
2024-08-07,ZONJ,New York City - NYIS,NYIS,New York Independent System Operator,Eastern,157871,megawatthours
2024-08-06,ZONJ,New York City - NYIS,NYIS,New York Independent System Operator,Eastern,195634,megawatthours
2024-08-05,ZONJ,New York City - NYIS,NYIS,New York Independent System Operator,Eastern,190114,megawatthours
2024-08-04,ZONJ,New York City - NYIS,NYIS,New York Independent System Operator,Eastern,167499,megawatthours
2024-08-03,ZONJ,New York City - NYIS,NYIS,New York Independent System Operator,Eastern,185206,megawatthours
2024-08-02,ZONJ,New York City - NYIS,NYIS,New York Independent System Operator,Eastern,205346,megawatthours
2024-08-01,ZONJ,New York City - NYIS,NYIS,New York Independent System Operator,Eastern,199184,megawatthours
2024-07-31,ZONJ,New York City - NYIS,NYIS,New York Independent System Operator,Eastern,193186,megawatthours
2024-07-30,ZONJ,New York City - NYIS,NYIS,New York Independent System Operator,Eastern,186401,megawatthours
2024-07-29,ZONJ,New York City - NYIS,NYIS,New York Independent System Operator,Eastern,176265,megawatthours
2024-07-28,ZONJ,New York City - NYIS,NYIS,New York Independent System Operator,Eastern,153172,megawatthours
2024-07-27,ZONJ,New York City - NYIS,NYIS,New York Independent System Operator,Eastern,151956,megawatthours
2024-07-26,ZONJ,New York City - NYIS,NYIS,New York Independent System Operator,Eastern,158078,megawatthours
2024-07-25,ZONJ,New York City - NYIS,NYIS,New York Independent System Operator,Eastern,176626,megawatthours
2024-07-24,ZONJ,New York City - NYIS,NYIS,New York Independent System Operator,Eastern,179604,megawatthours
2024-07-23,ZONJ,New York City - NYIS,NYIS,New York Independent System Operator,Eastern,178638,megawatthours
2024-07-22,ZONJ,New York City - NYIS,NYIS,New York Independent System Operator,Eastern,185179,megawatthours
2024-07-21,ZONJ,New York City - NYIS,NYIS,New York Independent System Operator,Eastern,166582,megawatthours
2024-07-20,ZONJ,New York City - NYIS,NYIS,New York Independent System Operator,Eastern,158502,megawatthours
2024-07-19,ZONJ,New York City - NYIS,NYIS,New York Independent System Operator,Eastern,168652,megawatthours
2024-07-18,ZONJ,New York City - NYIS,NYIS,New York Independent System Operator,Eastern,189710,megawatthours
2024-07-17,ZONJ,New York City - NYIS,NYIS,New York Independent System Operator,Eastern,204545,megawatthours
2024-07-16,ZONJ,New York City - NYIS,NYIS,New York Independent System Operator,Eastern,214127,megawatthours
2024-07-15,ZONJ,New York City - NYIS,NYIS,New York Independent System Operator,Eastern,203823,megawatthours
2024-07-14,ZONJ,New York City - NYIS,NYIS,New York Independent System Operator,Eastern,177664,megawatthours
2024-07-13,ZONJ,New York City - NYIS,NYIS,New York Independent System Operator,Eastern,174380,megawatthours
2024-07-12,ZONJ,New York City - NYIS,NYIS,New York Independent System Operator,Eastern,188001,megawatthours
2024-07-11,ZONJ,New York City - NYIS,NYIS,New York Independent System Operator,Eastern,197069,megawatthours
2024-07-10,ZONJ,New York City - NYIS,NYIS,New York Independent System Operator,Eastern,207772,megawatthours
2024-07-09,ZONJ,New York City - NYIS,NYIS,New York Independent System Operator,Eastern,204212,megawatthours
2024-07-08,ZONJ,New York City - NYIS,NYIS,New York Independent System Operator,Eastern,204801,megawatthours
2024-07-07,ZONJ,New York City - NYIS,NYIS,New York Independent System Operator,Eastern,179856,megawatthours
2024-07-06,ZONJ,New York City - NYIS,NYIS,New York Independent System Operator,Eastern,174587,megawatthours
2024-07-05,ZONJ,New York City - NYIS,NYIS,New York Independent System Operator,Eastern,179003,megawatthours
2024-07-04,ZONJ,New York City - NYIS,NYIS,New York Independent System Operator,Eastern,148986,megawatthours
2024-07-03,ZONJ,New York City - NYIS,NYIS,New York Independent System Operator,Eastern,153074,megawatthours
2024-07-02,ZONJ,New York City - NYIS,NYIS,New York Independent System Operator,Eastern,153121,megawatthours
2024-07-01,ZONJ,New York City - NYIS,NYIS,New York Independent System Operator,Eastern,151971,megawatthours
2024-06-30,ZONJ,New York City - NYIS,NYIS,New York Independent System Operator,Eastern,159288,megawatthours
2024-06-29,ZONJ,New York City - NYIS,NYIS,New York Independent System Operator,Eastern,142824,megawatthours
2024-06-28,ZONJ,New York City - NYIS,NYIS,New York Independent System Operator,Eastern,145789,megawatthours
2024-06-27,ZONJ,New York City - NYIS,NYIS,New York Independent System Operator,Eastern,172540,megawatthours
2024-06-26,ZONJ,New York City - NYIS,NYIS,New York Independent System Operator,Eastern,187697,megawatthours
2024-06-25,ZONJ,New York City - NYIS,NYIS,New York Independent System Operator,Eastern,172647,megawatthours
2024-06-24,ZONJ,New York City - NYIS,NYIS,New York Independent System Operator,Eastern,176674,megawatthours
2024-06-23,ZONJ,New York City - NYIS,NYIS,New York Independent System Operator,Eastern,181459,megawatthours
2024-06-22,ZONJ,New York City - NYIS,NYIS,New York Independent System Operator,Eastern,181513,megawatthours
2024-06-21,ZONJ,New York City - NYIS,NYIS,New York Independent System Operator,Eastern,195991,megawatthours
2024-06-20,ZONJ,New York City - NYIS,NYIS,New York Independent System Operator,Eastern,184117,megawatthours
2024-06-19,ZONJ,New York City - NYIS,NYIS,New York Independent System Operator,Eastern,170946,megawatthours
2024-06-18,ZONJ,New York City - NYIS,NYIS,New York Independent System Operator,Eastern,172070,megawatthours
2024-06-17,ZONJ,New York City - NYIS,NYIS,New York Independent System Operator,Eastern,156036,megawatthours
2024-06-16,ZONJ,New York City - NYIS,NYIS,New York Independent System Operator,Eastern,126847,megawatthours
2024-06-15,ZONJ,New York City - NYIS,NYIS,New York Independent System Operator,Eastern,137519,megawatthours
2024-06-14,ZONJ,New York City - NYIS,NYIS,New York Independent System Operator,Eastern,159899,megawatthours
2024-06-13,ZONJ,New York City - NYIS,NYIS,New York Independent System Operator,Eastern,151014,megawatthours
2024-06-12,ZONJ,New York City - NYIS,NYIS,New York Independent System Operator,Eastern,139481,megawatthours
2024-06-11,ZONJ,New York City - NYIS,NYIS,New York Independent System Operator,Eastern,137507,megawatthours
2024-06-10,ZONJ,New York City - NYIS,NYIS,New York Independent System Operator,Eastern,139579,megawatthours
2024-06-09,ZONJ,New York City - NYIS,NYIS,New York Independent System Operator,Eastern,130033,megawatthours
2024-06-08,ZONJ,New York City - NYIS,NYIS,New York Independent System Operator,Eastern,132181,megawatthours
2024-06-07,ZONJ,New York City - NYIS,NYIS,New York Independent System Operator,Eastern,155967,megawatthours
2024-06-06,ZONJ,New York City - NYIS,NYIS,New York Independent System Operator,Eastern,164580,megawatthours
2024-06-05,ZONJ,New York City - NYIS,NYIS,New York Independent System Operator,Eastern,155169,megawatthours
2024-06-04,ZONJ,New York City - NYIS,NYIS,New York Independent System Operator,Eastern,156095,megawatthours
2024-06-03,ZONJ,New York City - NYIS,NYIS,New York Independent System Operator,Eastern,157104,megawatthours
2024-06-02,ZONJ,New York City - NYIS,NYIS,New York Independent System Operator,Eastern,129455,megawatthours
2024-06-01,ZONJ,New York City - NYIS,NYIS,New York Independent System Operator,Eastern,124462,megawatthours
2024-05-31,ZONJ,New York City - NYIS,NYIS,New York Independent System Operator,Eastern,128329,megawatthours
2024-05-30,ZONJ,New York City - NYIS,NYIS,New York Independent System Operator,Eastern,129147,megawatthours
2024-05-29,ZONJ,New York City - NYIS,NYIS,New York Independent System Operator,Eastern,138253,megawatthours
2024-05-28,ZONJ,New York City - NYIS,NYIS,New York Independent System Operator,Eastern,145299,megawatthours
2024-05-27,ZONJ,New York City - NYIS,NYIS,New York Independent System Operator,Eastern,131790,megawatthours
2024-05-26,ZONJ,New York City - NYIS,NYIS,New York Independent System Operator,Eastern,129499,megawatthours
2024-05-25,ZONJ,New York City - NYIS,NYIS,New York Independent System Operator,Eastern,128941,megawatthours
2024-05-24,ZONJ,New York City - NYIS,NYIS,New York Independent System Operator,Eastern,146863,megawatthours
2024-05-23,ZONJ,New York City - NYIS,NYIS,New York Independent System Operator,Eastern,146380,megawatthours
2024-05-22,ZONJ,New York City - NYIS,NYIS,New York Independent System Operator,Eastern,142724,megawatthours
2024-05-21,ZONJ,New York City - NYIS,NYIS,New York Independent System Operator,Eastern,131765,megawatthours
2024-05-20,ZONJ,New York City - NYIS,NYIS,New York Independent System Operator,Eastern,122257,megawatthours
2024-05-19,ZONJ,New York City - NYIS,NYIS,New York Independent System Operator,Eastern,109853,megawatthours
2024-05-18,ZONJ,New York City - NYIS,NYIS,New York Independent System Operator,Eastern,110332,megawatthours
2024-05-17,ZONJ,New York City - NYIS,NYIS,New York Independent System Operator,Eastern,120128,megawatthours
2024-05-16,ZONJ,New York City - NYIS,NYIS,New York Independent System Operator,Eastern,120608,megawatthours
2024-05-15,ZONJ,New York City - NYIS,NYIS,New York Independent System Operator,Eastern,120976,megawatthours
2024-05-14,ZONJ,New York City - NYIS,NYIS,New York Independent System Operator,Eastern,120146,megawatthours
2024-05-13,ZONJ,New York City - NYIS,NYIS,New York Independent System Operator,Eastern,116599,megawatthours
2024-05-12,ZONJ,New York City - NYIS,NYIS,New York Independent System Operator,Eastern,105238,megawatthours
2024-05-11,ZONJ,New York City - NYIS,NYIS,New York Independent System Operator,Eastern,105208,megawatthours
2024-05-10,ZONJ,New York City - NYIS,NYIS,New York Independent System Operator,Eastern,118080,megawatthours
2024-05-09,ZONJ,New York City - NYIS,NYIS,New York Independent System Operator,Eastern,126567,megawatthours
2024-05-08,ZONJ,New York City - NYIS,NYIS,New York Independent System Operator,Eastern,135931,megawatthours
2024-05-07,ZONJ,New York City - NYIS,NYIS,New York Independent System Operator,Eastern,123916,megawatthours
2024-05-06,ZONJ,New York City - NYIS,NYIS,New York Independent System Operator,Eastern,120093,megawatthours
2024-05-05,ZONJ,New York City - NYIS,NYIS,New York Independent System Operator,Eastern,107601,megawatthours
2024-05-04,ZONJ,New York City - NYIS,NYIS,New York Independent System Operator,Eastern,106231,megawatthours
2024-05-03,ZONJ,New York City - NYIS,NYIS,New York Independent System Operator,Eastern,116646,megawatthours
2024-05-02,ZONJ,New York City - NYIS,NYIS,New York Independent System Operator,Eastern,121813,megawatthours
2024-05-01,ZONJ,New York City - NYIS,NYIS,New York Independent System Operator,Eastern,119518,megawatthours
2024-04-30,ZONJ,New York City - NYIS,NYIS,New York Independent System Operator,Eastern,118586,megawatthours
2024-04-29,ZONJ,New York City - NYIS,NYIS,New York Independent System Operator,Eastern,127381,megawatthours
2024-04-28,ZONJ,New York City - NYIS,NYIS,New York Independent System Operator,Eastern,105353,megawatthours
2024-04-27,ZONJ,New York City - NYIS,NYIS,New York Independent System Operator,Eastern,105435,megawatthours
2024-04-26,ZONJ,New York City - NYIS,NYIS,New York Independent System Operator,Eastern,113958,megawatthours
2024-04-25,ZONJ,New York City - NYIS,NYIS,New York Independent System Operator,Eastern,114582,megawatthours
2024-04-24,ZONJ,New York City - NYIS,NYIS,New York Independent System Operator,Eastern,115397,megawatthours
2024-04-23,ZONJ,New York City - NYIS,NYIS,New York Independent System Operator,Eastern,114220,megawatthours
2024-04-22,ZONJ,New York City - NYIS,NYIS,New York Independent System Operator,Eastern,114826,megawatthours
2024-04-21,ZONJ,New York City - NYIS,NYIS,New York Independent System Operator,Eastern,106176,megawatthours
2024-04-20,ZONJ,New York City - NYIS,NYIS,New York Independent System Operator,Eastern,107311,megawatthours
2024-04-19,ZONJ,New York City - NYIS,NYIS,New York Independent System Operator,Eastern,117552,megawatthours
2024-04-18,ZONJ,New York City - NYIS,NYIS,New York Independent System Operator,Eastern,120726,megawatthours
2024-04-17,ZONJ,New York City - NYIS,NYIS,New York Independent System Operator,Eastern,117699,megawatthours
2024-04-16,ZONJ,New York City - NYIS,NYIS,New York Independent System Operator,Eastern,117633,megawatthours
2024-04-15,ZONJ,New York City - NYIS,NYIS,New York Independent System Operator,Eastern,120463,megawatthours
2024-04-14,ZONJ,New York City - NYIS,NYIS,New York Independent System Operator,Eastern,106230,megawatthours
2024-04-13,ZONJ,New York City - NYIS,NYIS,New York Independent System Operator,Eastern,109372,megawatthours
2024-04-12,ZONJ,New York City - NYIS,NYIS,New York Independent System Operator,Eastern,118513,megawatthours
2024-04-11,ZONJ,New York City - NYIS,NYIS,New York Independent System Operator,Eastern,119467,megawatthours
2024-04-10,ZONJ,New York City - NYIS,NYIS,New York Independent System Operator,Eastern,116601,megawatthours
2024-04-09,ZONJ,New York City - NYIS,NYIS,New York Independent System Operator,Eastern,118395,megawatthours
2024-04-08,ZONJ,New York City - NYIS,NYIS,New York Independent System Operator,Eastern,118910,megawatthours
2024-04-07,ZONJ,New York City - NYIS,NYIS,New York Independent System Operator,Eastern,110062,megawatthours
2024-04-06,ZONJ,New York City - NYIS,NYIS,New York Independent System Operator,Eastern,114228,megawatthours
2024-04-05,ZONJ,New York City - NYIS,NYIS,New York Independent System Operator,Eastern,124447,megawatthours
2024-04-04,ZONJ,New York City - NYIS,NYIS,New York Independent System Operator,Eastern,126600,megawatthours
2024-04-03,ZONJ,New York City - NYIS,NYIS,New York Independent System Operator,Eastern,129954,megawatthours
2024-04-02,ZONJ,New York City - NYIS,NYIS,New York Independent System Operator,Eastern,125007,megawatthours
2024-04-01,ZONJ,New York City - NYIS,NYIS,New York Independent System Operator,Eastern,120871,megawatthours
2024-03-31,ZONJ,New York City - NYIS,NYIS,New York Independent System Operator,Eastern,107220,megawatthours
2024-03-30,ZONJ,New York City - NYIS,NYIS,New York Independent System Operator,Eastern,112331,megawatthours
2024-03-29,ZONJ,New York City - NYIS,NYIS,New York Independent System Operator,Eastern,120355,megawatthours
2024-03-28,ZONJ,New York City - NYIS,NYIS,New York Independent System Operator,Eastern,125729,megawatthours
2024-03-27,ZONJ,New York City - NYIS,NYIS,New York Independent System Operator,Eastern,125707,megawatthours
2024-03-26,ZONJ,New York City - NYIS,NYIS,New York Independent System Operator,Eastern,125305,megawatthours
2024-03-25,ZONJ,New York City - NYIS,NYIS,New York Independent System Operator,Eastern,126694,megawatthours
2024-03-24,ZONJ,New York City - NYIS,NYIS,New York Independent System Operator,Eastern,117889,megawatthours
2024-03-23,ZONJ,New York City - NYIS,NYIS,New York Independent System Operator,Eastern,121500,megawatthours
2024-03-22,ZONJ,New York City - NYIS,NYIS,New York Independent System Operator,Eastern,130301,megawatthours
2024-03-21,ZONJ,New York City - NYIS,NYIS,New York Independent System Operator,Eastern,130067,megawatthours
2024-03-20,ZONJ,New York City - NYIS,NYIS,New York Independent System Operator,Eastern,125095,megawatthours
2024-03-19,ZONJ,New York City - NYIS,NYIS,New York Independent System Operator,Eastern,125439,megawatthours
2024-03-18,ZONJ,New York City - NYIS,NYIS,New York Independent System Operator,Eastern,120876,megawatthours
2024-03-17,ZONJ,New York City - NYIS,NYIS,New York Independent System Operator,Eastern,107601,megawatthours
2024-03-16,ZONJ,New York City - NYIS,NYIS,New York Independent System Operator,Eastern,108979,megawatthours
2024-03-15,ZONJ,New York City - NYIS,NYIS,New York Independent System Operator,Eastern,119220,megawatthours
2024-03-14,ZONJ,New York City - NYIS,NYIS,New York Independent System Operator,Eastern,119855,megawatthours
2024-03-13,ZONJ,New York City - NYIS,NYIS,New York Independent System Operator,Eastern,120078,megawatthours
2024-03-12,ZONJ,New York City - NYIS,NYIS,New York Independent System Operator,Eastern,122829,megawatthours
2024-03-11,ZONJ,New York City - NYIS,NYIS,New York Independent System Operator,Eastern,128298,megawatthours
2024-03-10,ZONJ,New York City - NYIS,NYIS,New York Independent System Operator,Eastern,111660,megawatthours
2024-03-09,ZONJ,New York City - NYIS,NYIS,New York Independent System Operator,Eastern,119558,megawatthours
2024-03-08,ZONJ,New York City - NYIS,NYIS,New York Independent System Operator,Eastern,122908,megawatthours
2024-03-07,ZONJ,New York City - NYIS,NYIS,New York Independent System Operator,Eastern,125068,megawatthours
2024-03-06,ZONJ,New York City - NYIS,NYIS,New York Independent System Operator,Eastern,126572,megawatthours
2024-03-05,ZONJ,New York City - NYIS,NYIS,New York Independent System Operator,Eastern,127282,megawatthours
2024-03-04,ZONJ,New York City - NYIS,NYIS,New York Independent System Operator,Eastern,122004,megawatthours
2024-03-03,ZONJ,New York City - NYIS,NYIS,New York Independent System Operator,Eastern,111074,megawatthours
2024-03-02,ZONJ,New York City - NYIS,NYIS,New York Independent System Operator,Eastern,120590,megawatthours
2024-03-01,ZONJ,New York City - NYIS,NYIS,New York Independent System Operator,Eastern,130494,megawatthours
2024-02-29,ZONJ,New York City - NYIS,NYIS,New York Independent System Operator,Eastern,131221,megawatthours
2024-02-28,ZONJ,New York City - NYIS,NYIS,New York Independent System Operator,Eastern,126789,megawatthours
2024-02-27,ZONJ,New York City - NYIS,NYIS,New York Independent System Operator,Eastern,127050,megawatthours
2024-02-26,ZONJ,New York City - NYIS,NYIS,New York Independent System Operator,Eastern,130249,megawatthours
2024-02-25,ZONJ,New York City - NYIS,NYIS,New York Independent System Operator,Eastern,124037,megawatthours
2024-02-24,ZONJ,New York City - NYIS,NYIS,New York Independent System Operator,Eastern,120238,megawatthours
2024-02-23,ZONJ,New York City - NYIS,NYIS,New York Independent System Operator,Eastern,128785,megawatthours
2024-02-22,ZONJ,New York City - NYIS,NYIS,New York Independent System Operator,Eastern,132618,megawatthours
2024-02-21,ZONJ,New York City - NYIS,NYIS,New York Independent System Operator,Eastern,136259,megawatthours
2024-02-20,ZONJ,New York City - NYIS,NYIS,New York Independent System Operator,Eastern,136682,megawatthours
2024-02-19,ZONJ,New York City - NYIS,NYIS,New York Independent System Operator,Eastern,128372,megawatthours
2024-02-18,ZONJ,New York City - NYIS,NYIS,New York Independent System Operator,Eastern,126553,megawatthours
2024-02-17,ZONJ,New York City - NYIS,NYIS,New York Independent System Operator,Eastern,129046,megawatthours
2024-02-16,ZONJ,New York City - NYIS,NYIS,New York Independent System Operator,Eastern,133279,megawatthours
2024-02-15,ZONJ,New York City - NYIS,NYIS,New York Independent System Operator,Eastern,138777,megawatthours
2024-02-14,ZONJ,New York City - NYIS,NYIS,New York Independent System Operator,Eastern,138449,megawatthours
2024-02-13,ZONJ,New York City - NYIS,NYIS,New York Independent System Operator,Eastern,134103,megawatthours
2024-02-12,ZONJ,New York City - NYIS,NYIS,New York Independent System Operator,Eastern,127136,megawatthours
2024-02-11,ZONJ,New York City - NYIS,NYIS,New York Independent System Operator,Eastern,114929,megawatthours
2024-02-10,ZONJ,New York City - NYIS,NYIS,New York Independent System Operator,Eastern,115762,megawatthours
2024-02-09,ZONJ,New York City - NYIS,NYIS,New York Independent System Operator,Eastern,126725,megawatthours
2024-02-08,ZONJ,New York City - NYIS,NYIS,New York Independent System Operator,Eastern,129478,megawatthours
2024-02-07,ZONJ,New York City - NYIS,NYIS,New York Independent System Operator,Eastern,132692,megawatthours
2024-02-06,ZONJ,New York City - NYIS,NYIS,New York Independent System Operator,Eastern,135668,megawatthours
2024-02-05,ZONJ,New York City - NYIS,NYIS,New York Independent System Operator,Eastern,133529,megawatthours
2024-02-04,ZONJ,New York City - NYIS,NYIS,New York Independent System Operator,Eastern,121576,megawatthours
2024-02-03,ZONJ,New York City - NYIS,NYIS,New York Independent System Operator,Eastern,123515,megawatthours
2024-02-02,ZONJ,New York City - NYIS,NYIS,New York Independent System Operator,Eastern,132441,megawatthours
2024-02-01,ZONJ,New York City - NYIS,NYIS,New York Independent System Operator,Eastern,133653,megawatthours
2024-01-31,ZONJ,New York City - NYIS,NYIS,New York Independent System Operator,Eastern,137092,megawatthours
2024-01-30,ZONJ,New York City - NYIS,NYIS,New York Independent System Operator,Eastern,137309,megawatthours
2024-01-29,ZONJ,New York City - NYIS,NYIS,New York Independent System Operator,Eastern,135881,megawatthours
2024-01-28,ZONJ,New York City - NYIS,NYIS,New York Independent System Operator,Eastern,122603,megawatthours
2024-01-27,ZONJ,New York City - NYIS,NYIS,New York Independent System Operator,Eastern,119818,megawatthours
2024-01-26,ZONJ,New York City - NYIS,NYIS,New York Independent System Operator,Eastern,129946,megawatthours
2024-01-25,ZONJ,New York City - NYIS,NYIS,New York Independent System Operator,Eastern,129309,megawatthours
2024-01-24,ZONJ,New York City - NYIS,NYIS,New York Independent System Operator,Eastern,136245,megawatthours
2024-01-23,ZONJ,New York City - NYIS,NYIS,New York Independent System Operator,Eastern,141187,megawatthours
2024-01-22,ZONJ,New York City - NYIS,NYIS,New York Independent System Operator,Eastern,147514,megawatthours
2024-01-21,ZONJ,New York City - NYIS,NYIS,New York Independent System Operator,Eastern,142814,megawatthours
2024-01-20,ZONJ,New York City - NYIS,NYIS,New York Independent System Operator,Eastern,144908,megawatthours
2024-01-19,ZONJ,New York City - NYIS,NYIS,New York Independent System Operator,Eastern,147502,megawatthours
2024-01-18,ZONJ,New York City - NYIS,NYIS,New York Independent System Operator,Eastern,151482,megawatthours
2024-01-17,ZONJ,New York City - NYIS,NYIS,New York Independent System Operator,Eastern,145708,megawatthours
2024-01-16,ZONJ,New York City - NYIS,NYIS,New York Independent System Operator,Eastern,147227,megawatthours
2024-01-15,ZONJ,New York City - NYIS,NYIS,New York Independent System Operator,Eastern,139462,megawatthours
2024-01-14,ZONJ,New York City - NYIS,NYIS,New York Independent System Operator,Eastern,123617,megawatthours
2024-01-13,ZONJ,New York City - NYIS,NYIS,New York Independent System Operator,Eastern,118200,megawatthours
2024-01-12,ZONJ,New York City - NYIS,NYIS,New York Independent System Operator,Eastern,127989,megawatthours
2024-01-11,ZONJ,New York City - NYIS,NYIS,New York Independent System Operator,Eastern,129251,megawatthours
2024-01-10,ZONJ,New York City - NYIS,NYIS,New York Independent System Operator,Eastern,128884,megawatthours
2024-01-09,ZONJ,New York City - NYIS,NYIS,New York Independent System Operator,Eastern,133803,megawatthours
2024-01-08,ZONJ,New York City - NYIS,NYIS,New York Independent System Operator,Eastern,133372,megawatthours
2024-01-07,ZONJ,New York City - NYIS,NYIS,New York Independent System Operator,Eastern,126295,megawatthours
2024-01-06,ZONJ,New York City - NYIS,NYIS,New York Independent System Operator,Eastern,129492,megawatthours
2024-01-05,ZONJ,New York City - NYIS,NYIS,New York Independent System Operator,Eastern,136792,megawatthours
2024-01-04,ZONJ,New York City - NYIS,NYIS,New York Independent System Operator,Eastern,132779,megawatthours
2024-01-03,ZONJ,New York City - NYIS,NYIS,New York Independent System Operator,Eastern,131802,megawatthours
2024-01-02,ZONJ,New York City - NYIS,NYIS,New York Independent System Operator,Eastern,131525,megawatthours
2024-01-01,ZONJ,New York City - NYIS,NYIS,New York Independent System Operator,Eastern,116590,megawatthours
2023-12-31,ZONJ,New York City - NYIS,NYIS,New York Independent System Operator,Eastern,117793,megawatthours
2023-12-30,ZONJ,New York City - NYIS,NYIS,New York Independent System Operator,Eastern,117117,megawatthours
2023-12-29,ZONJ,New York City - NYIS,NYIS,New York Independent System Operator,Eastern,120162,megawatthours
2023-12-28,ZONJ,New York City - NYIS,NYIS,New York Independent System Operator,Eastern,123326,megawatthours
2023-12-27,ZONJ,New York City - NYIS,NYIS,New York Independent System Operator,Eastern,124121,megawatthours
2023-12-26,ZONJ,New York City - NYIS,NYIS,New York Independent System Operator,Eastern,122987,megawatthours
2023-12-25,ZONJ,New York City - NYIS,NYIS,New York Independent System Operator,Eastern,113544,megawatthours
2023-12-24,ZONJ,New York City - NYIS,NYIS,New York Independent System Operator,Eastern,116465,megawatthours
2023-12-23,ZONJ,New York City - NYIS,NYIS,New York Independent System Operator,Eastern,123547,megawatthours
2023-12-22,ZONJ,New York City - NYIS,NYIS,New York Independent System Operator,Eastern,134648,megawatthours
2023-12-21,ZONJ,New York City - NYIS,NYIS,New York Independent System Operator,Eastern,133332,megawatthours
2023-12-20,ZONJ,New York City - NYIS,NYIS,New York Independent System Operator,Eastern,133889,megawatthours
2023-12-19,ZONJ,New York City - NYIS,NYIS,New York Independent System Operator,Eastern,130034,megawatthours
2023-12-18,ZONJ,New York City - NYIS,NYIS,New York Independent System Operator,Eastern,126652,megawatthours
2023-12-17,ZONJ,New York City - NYIS,NYIS,New York Independent System Operator,Eastern,116845,megawatthours
2023-12-16,ZONJ,New York City - NYIS,NYIS,New York Independent System Operator,Eastern,117621,megawatthours
2023-12-15,ZONJ,New York City - NYIS,NYIS,New York Independent System Operator,Eastern,130201,megawatthours
2023-12-14,ZONJ,New York City - NYIS,NYIS,New York Independent System Operator,Eastern,135106,megawatthours
2023-12-13,ZONJ,New York City - NYIS,NYIS,New York Independent System Operator,Eastern,131986,megawatthours
2023-12-12,ZONJ,New York City - NYIS,NYIS,New York Independent System Operator,Eastern,132472,megawatthours
2023-12-11,ZONJ,New York City - NYIS,NYIS,New York Independent System Operator,Eastern,130480,megawatthours
2023-12-10,ZONJ,New York City - NYIS,NYIS,New York Independent System Operator,Eastern,116724,megawatthours
2023-12-09,ZONJ,New York City - NYIS,NYIS,New York Independent System Operator,Eastern,118195,megawatthours
2023-12-08,ZONJ,New York City - NYIS,NYIS,New York Independent System Operator,Eastern,129946,megawatthours
2023-12-07,ZONJ,New York City - NYIS,NYIS,New York Independent System Operator,Eastern,135960,megawatthours
2023-12-06,ZONJ,New York City - NYIS,NYIS,New York Independent System Operator,Eastern,132923,megawatthours
2023-12-05,ZONJ,New York City - NYIS,NYIS,New York Independent System Operator,Eastern,130322,megawatthours
2023-12-04,ZONJ,New York City - NYIS,NYIS,New York Independent System Operator,Eastern,125930,megawatthours
2023-12-03,ZONJ,New York City - NYIS,NYIS,New York Independent System Operator,Eastern,116813,megawatthours
2023-12-02,ZONJ,New York City - NYIS,NYIS,New York Independent System Operator,Eastern,116476,megawatthours
2023-12-01,ZONJ,New York City - NYIS,NYIS,New York Independent System Operator,Eastern,129712,megawatthours
2023-11-30,ZONJ,New York City - NYIS,NYIS,New York Independent System Operator,Eastern,132457,megawatthours
2023-11-29,ZONJ,New York City - NYIS,NYIS,New York Independent System Operator,Eastern,137367,megawatthours
2023-11-28,ZONJ,New York City - NYIS,NYIS,New York Independent System Operator,Eastern,133727,megawatthours
2023-11-27,ZONJ,New York City - NYIS,NYIS,New York Independent System Operator,Eastern,125960,megawatthours
2023-11-26,ZONJ,New York City - NYIS,NYIS,New York Independent System Operator,Eastern,116888,megawatthours
2023-11-25,ZONJ,New York City - NYIS,NYIS,New York Independent System Operator,Eastern,118177,megawatthours
2023-11-24,ZONJ,New York City - NYIS,NYIS,New York Independent System Operator,Eastern,117390,megawatthours
2023-11-23,ZONJ,New York City - NYIS,NYIS,New York Independent System Operator,Eastern,110921,megawatthours
2023-11-22,ZONJ,New York City - NYIS,NYIS,New York Independent System Operator,Eastern,123065,megawatthours
2023-11-21,ZONJ,New York City - NYIS,NYIS,New York Independent System Operator,Eastern,128957,megawatthours
2023-11-20,ZONJ,New York City - NYIS,NYIS,New York Independent System Operator,Eastern,125357,megawatthours
2023-11-19,ZONJ,New York City - NYIS,NYIS,New York Independent System Operator,Eastern,111852,megawatthours
2023-11-18,ZONJ,New York City - NYIS,NYIS,New York Independent System Operator,Eastern,112159,megawatthours
2023-11-17,ZONJ,New York City - NYIS,NYIS,New York Independent System Operator,Eastern,120947,megawatthours
2023-11-16,ZONJ,New York City - NYIS,NYIS,New York Independent System Operator,Eastern,122839,megawatthours
2023-11-15,ZONJ,New York City - NYIS,NYIS,New York Independent System Operator,Eastern,124974,megawatthours
2023-11-14,ZONJ,New York City - NYIS,NYIS,New York Independent System Operator,Eastern,124777,megawatthours
2023-11-13,ZONJ,New York City - NYIS,NYIS,New York Independent System Operator,Eastern,125943,megawatthours
2023-11-12,ZONJ,New York City - NYIS,NYIS,New York Independent System Operator,Eastern,113688,megawatthours
2023-11-11,ZONJ,New York City - NYIS,NYIS,New York Independent System Operator,Eastern,112613,megawatthours
2023-11-10,ZONJ,New York City - NYIS,NYIS,New York Independent System Operator,Eastern,122144,megawatthours
2023-11-09,ZONJ,New York City - NYIS,NYIS,New York Independent System Operator,Eastern,123230,megawatthours
2023-11-08,ZONJ,New York City - NYIS,NYIS,New York Independent System Operator,Eastern,121050,megawatthours
2023-11-07,ZONJ,New York City - NYIS,NYIS,New York Independent System Operator,Eastern,120787,megawatthours
2023-11-06,ZONJ,New York City - NYIS,NYIS,New York Independent System Operator,Eastern,120662,megawatthours
2023-11-05,ZONJ,New York City - NYIS,NYIS,New York Independent System Operator,Eastern,112550,megawatthours
2023-11-04,ZONJ,New York City - NYIS,NYIS,New York Independent System Operator,Eastern,111305,megawatthours
2023-11-03,ZONJ,New York City - NYIS,NYIS,New York Independent System Operator,Eastern,122528,megawatthours
2023-11-02,ZONJ,New York City - NYIS,NYIS,New York Independent System Operator,Eastern,124118,megawatthours
2023-11-01,ZONJ,New York City - NYIS,NYIS,New York Independent System Operator,Eastern,122581,megawatthours
2023-10-31,ZONJ,New York City - NYIS,NYIS,New York Independent System Operator,Eastern,119303,megawatthours
2023-10-30,ZONJ,New York City - NYIS,NYIS,New York Independent System Operator,Eastern,120772,megawatthours
2023-10-29,ZONJ,New York City - NYIS,NYIS,New York Independent System Operator,Eastern,110558,megawatthours
2023-10-28,ZONJ,New York City - NYIS,NYIS,New York Independent System Operator,Eastern,120491,megawatthours
2023-10-27,ZONJ,New York City - NYIS,NYIS,New York Independent System Operator,Eastern,124624,megawatthours
2023-10-26,ZONJ,New York City - NYIS,NYIS,New York Independent System Operator,Eastern,124318,megawatthours
2023-10-25,ZONJ,New York City - NYIS,NYIS,New York Independent System Operator,Eastern,120653,megawatthours
2023-10-24,ZONJ,New York City - NYIS,NYIS,New York Independent System Operator,Eastern,119347,megawatthours
2023-10-23,ZONJ,New York City - NYIS,NYIS,New York Independent System Operator,Eastern,118597,megawatthours
2023-10-22,ZONJ,New York City - NYIS,NYIS,New York Independent System Operator,Eastern,106653,megawatthours
2023-10-21,ZONJ,New York City - NYIS,NYIS,New York Independent System Operator,Eastern,110022,megawatthours
2023-10-20,ZONJ,New York City - NYIS,NYIS,New York Independent System Operator,Eastern,121383,megawatthours
2023-10-19,ZONJ,New York City - NYIS,NYIS,New York Independent System Operator,Eastern,118566,megawatthours
2023-10-18,ZONJ,New York City - NYIS,NYIS,New York Independent System Operator,Eastern,118973,megawatthours
2023-10-17,ZONJ,New York City - NYIS,NYIS,New York Independent System Operator,Eastern,118154,megawatthours
2023-10-16,ZONJ,New York City - NYIS,NYIS,New York Independent System Operator,Eastern,117592,megawatthours
2023-10-15,ZONJ,New York City - NYIS,NYIS,New York Independent System Operator,Eastern,106009,megawatthours
2023-10-14,ZONJ,New York City - NYIS,NYIS,New York Independent System Operator,Eastern,109382,megawatthours
2023-10-13,ZONJ,New York City - NYIS,NYIS,New York Independent System Operator,Eastern,116908,megawatthours
2023-10-12,ZONJ,New York City - NYIS,NYIS,New York Independent System Operator,Eastern,120482,megawatthours
2023-10-11,ZONJ,New York City - NYIS,NYIS,New York Independent System Operator,Eastern,119533,megawatthours
2023-10-10,ZONJ,New York City - NYIS,NYIS,New York Independent System Operator,Eastern,118024,megawatthours
2023-10-09,ZONJ,New York City - NYIS,NYIS,New York Independent System Operator,Eastern,113692,megawatthours
2023-10-08,ZONJ,New York City - NYIS,NYIS,New York Independent System Operator,Eastern,105416,megawatthours
2023-10-07,ZONJ,New York City - NYIS,NYIS,New York Independent System Operator,Eastern,121171,megawatthours
2023-10-06,ZONJ,New York City - NYIS,NYIS,New York Independent System Operator,Eastern,140078,megawatthours
2023-10-05,ZONJ,New York City - NYIS,NYIS,New York Independent System Operator,Eastern,139260,megawatthours
2023-10-04,ZONJ,New York City - NYIS,NYIS,New York Independent System Operator,Eastern,144405,megawatthours
2023-10-03,ZONJ,New York City - NYIS,NYIS,New York Independent System Operator,Eastern,135387,megawatthours
2023-10-02,ZONJ,New York City - NYIS,NYIS,New York Independent System Operator,Eastern,131147,megawatthours
2023-10-01,ZONJ,New York City - NYIS,NYIS,New York Independent System Operator,Eastern,112569,megawatthours
2023-09-30,ZONJ,New York City - NYIS,NYIS,New York Independent System Operator,Eastern,110128,megawatthours
2023-09-29,ZONJ,New York City - NYIS,NYIS,New York Independent System Operator,Eastern,119674,megawatthours
2023-09-28,ZONJ,New York City - NYIS,NYIS,New York Independent System Operator,Eastern,118210,megawatthours
2023-09-27,ZONJ,New York City - NYIS,NYIS,New York Independent System Operator,Eastern,116517,megawatthours
2023-09-26,ZONJ,New York City - NYIS,NYIS,New York Independent System Operator,Eastern,118941,megawatthours
2023-09-25,ZONJ,New York City - NYIS,NYIS,New York Independent System Operator,Eastern,119464,megawatthours
2023-09-24,ZONJ,New York City - NYIS,NYIS,New York Independent System Operator,Eastern,111536,megawatthours
2023-09-23,ZONJ,New York City - NYIS,NYIS,New York Independent System Operator,Eastern,112035,megawatthours
2023-09-22,ZONJ,New York City - NYIS,NYIS,New York Independent System Operator,Eastern,126415,megawatthours
2023-09-21,ZONJ,New York City - NYIS,NYIS,New York Independent System Operator,Eastern,127832,megawatthours
2023-09-20,ZONJ,New York City - NYIS,NYIS,New York Independent System Operator,Eastern,129008,megawatthours
2023-09-19,ZONJ,New York City - NYIS,NYIS,New York Independent System Operator,Eastern,129571,megawatthours
2023-09-18,ZONJ,New York City - NYIS,NYIS,New York Independent System Operator,Eastern,138006,megawatthours
2023-09-17,ZONJ,New York City - NYIS,NYIS,New York Independent System Operator,Eastern,120128,megawatthours
2023-09-16,ZONJ,New York City - NYIS,NYIS,New York Independent System Operator,Eastern,117733,megawatthours
2023-09-15,ZONJ,New York City - NYIS,NYIS,New York Independent System Operator,Eastern,129053,megawatthours
2023-09-14,ZONJ,New York City - NYIS,NYIS,New York Independent System Operator,Eastern,150451,megawatthours
2023-09-13,ZONJ,New York City - NYIS,NYIS,New York Independent System Operator,Eastern,169923,megawatthours
2023-09-12,ZONJ,New York City - NYIS,NYIS,New York Independent System Operator,Eastern,169231,megawatthours
2023-09-11,ZONJ,New York City - NYIS,NYIS,New York Independent System Operator,Eastern,174284,megawatthours
2023-09-10,ZONJ,New York City - NYIS,NYIS,New York Independent System Operator,Eastern,158922,megawatthours
2023-09-09,ZONJ,New York City - NYIS,NYIS,New York Independent System Operator,Eastern,176989,megawatthours
2023-09-08,ZONJ,New York City - NYIS,NYIS,New York Independent System Operator,Eastern,194958,megawatthours
2023-09-07,ZONJ,New York City - NYIS,NYIS,New York Independent System Operator,Eastern,211392,megawatthours
2023-09-06,ZONJ,New York City - NYIS,NYIS,New York Independent System Operator,Eastern,210280,megawatthours
2023-09-05,ZONJ,New York City - NYIS,NYIS,New York Independent System Operator,Eastern,199408,megawatthours
2023-09-04,ZONJ,New York City - NYIS,NYIS,New York Independent System Operator,Eastern,166274,megawatthours
2023-09-03,ZONJ,New York City - NYIS,NYIS,New York Independent System Operator,Eastern,143874,megawatthours
2023-09-02,ZONJ,New York City - NYIS,NYIS,New York Independent System Operator,Eastern,126027,megawatthours
2023-09-01,ZONJ,New York City - NYIS,NYIS,New York Independent System Operator,Eastern,133059,megawatthours
2023-08-31,ZONJ,New York City - NYIS,NYIS,New York Independent System Operator,Eastern,141734,megawatthours
2023-08-30,ZONJ,New York City - NYIS,NYIS,New York Independent System Operator,Eastern,161848,megawatthours
2023-08-29,ZONJ,New York City - NYIS,NYIS,New York Independent System Operator,Eastern,156057,megawatthours
2023-08-28,ZONJ,New York City - NYIS,NYIS,New York Independent System Operator,Eastern,156228,megawatthours
2023-08-27,ZONJ,New York City - NYIS,NYIS,New York Independent System Operator,Eastern,145212,megawatthours
2023-08-26,ZONJ,New York City - NYIS,NYIS,New York Independent System Operator,Eastern,151494,megawatthours
2023-08-25,ZONJ,New York City - NYIS,NYIS,New York Independent System Operator,Eastern,153327,megawatthours
2023-08-24,ZONJ,New York City - NYIS,NYIS,New York Independent System Operator,Eastern,146167,megawatthours
2023-08-23,ZONJ,New York City - NYIS,NYIS,New York Independent System Operator,Eastern,146265,megawatthours
2023-08-22,ZONJ,New York City - NYIS,NYIS,New York Independent System Operator,Eastern,156451,megawatthours
2023-08-21,ZONJ,New York City - NYIS,NYIS,New York Independent System Operator,Eastern,173937,megawatthours
2023-08-20,ZONJ,New York City - NYIS,NYIS,New York Independent System Operator,Eastern,139489,megawatthours
2023-08-19,ZONJ,New York City - NYIS,NYIS,New York Independent System Operator,Eastern,131413,megawatthours
2023-08-18,ZONJ,New York City - NYIS,NYIS,New York Independent System Operator,Eastern,158982,megawatthours
2023-08-17,ZONJ,New York City - NYIS,NYIS,New York Independent System Operator,Eastern,166180,megawatthours
2023-08-16,ZONJ,New York City - NYIS,NYIS,New York Independent System Operator,Eastern,167680,megawatthours
2023-08-15,ZONJ,New York City - NYIS,NYIS,New York Independent System Operator,Eastern,171763,megawatthours
2023-08-14,ZONJ,New York City - NYIS,NYIS,New York Independent System Operator,Eastern,174733,megawatthours
2023-08-13,ZONJ,New York City - NYIS,NYIS,New York Independent System Operator,Eastern,159493,megawatthours
2023-08-12,ZONJ,New York City - NYIS,NYIS,New York Independent System Operator,Eastern,154660,megawatthours
2023-08-11,ZONJ,New York City - NYIS,NYIS,New York Independent System Operator,Eastern,159595,megawatthours
2023-08-10,ZONJ,New York City - NYIS,NYIS,New York Independent System Operator,Eastern,161314,megawatthours
2023-08-09,ZONJ,New York City - NYIS,NYIS,New York Independent System Operator,Eastern,160401,megawatthours
2023-08-08,ZONJ,New York City - NYIS,NYIS,New York Independent System Operator,Eastern,161977,megawatthours
2023-08-07,ZONJ,New York City - NYIS,NYIS,New York Independent System Operator,Eastern,170112,megawatthours
2023-08-06,ZONJ,New York City - NYIS,NYIS,New York Independent System Operator,Eastern,148409,megawatthours
2023-08-05,ZONJ,New York City - NYIS,NYIS,New York Independent System Operator,Eastern,148344,megawatthours
2023-08-04,ZONJ,New York City - NYIS,NYIS,New York Independent System Operator,Eastern,152326,megawatthours
2023-08-03,ZONJ,New York City - NYIS,NYIS,New York Independent System Operator,Eastern,149443,megawatthours
2023-08-02,ZONJ,New York City - NYIS,NYIS,New York Independent System Operator,Eastern,149519,megawatthours
2023-08-01,ZONJ,New York City - NYIS,NYIS,New York Independent System Operator,Eastern,155070,megawatthours
2023-07-31,ZONJ,New York City - NYIS,NYIS,New York Independent System Operator,Eastern,160528,megawatthours
2023-07-30,ZONJ,New York City - NYIS,NYIS,New York Independent System Operator,Eastern,147065,megawatthours
2023-07-29,ZONJ,New York City - NYIS,NYIS,New York Independent System Operator,Eastern,184565,megawatthours
2023-07-28,ZONJ,New York City - NYIS,NYIS,New York Independent System Operator,Eastern,200485,megawatthours
2023-07-27,ZONJ,New York City - NYIS,NYIS,New York Independent System Operator,Eastern,199463,megawatthours
2023-07-26,ZONJ,New York City - NYIS,NYIS,New York Independent System Operator,Eastern,176680,megawatthours
2023-07-25,ZONJ,New York City - NYIS,NYIS,New York Independent System Operator,Eastern,177090,megawatthours
2023-07-24,ZONJ,New York City - NYIS,NYIS,New York Independent System Operator,Eastern,177190,megawatthours
2023-07-23,ZONJ,New York City - NYIS,NYIS,New York Independent System Operator,Eastern,155587,megawatthours
2023-07-22,ZONJ,New York City - NYIS,NYIS,New York Independent System Operator,Eastern,153460,megawatthours
2023-07-21,ZONJ,New York City - NYIS,NYIS,New York Independent System Operator,Eastern,176318,megawatthours
2023-07-20,ZONJ,New York City - NYIS,NYIS,New York Independent System Operator,Eastern,173788,megawatthours
2023-07-19,ZONJ,New York City - NYIS,NYIS,New York Independent System Operator,Eastern,171327,megawatthours
2023-07-18,ZONJ,New York City - NYIS,NYIS,New York Independent System Operator,Eastern,184855,megawatthours
2023-07-17,ZONJ,New York City - NYIS,NYIS,New York Independent System Operator,Eastern,189668,megawatthours
2023-07-16,ZONJ,New York City - NYIS,NYIS,New York Independent System Operator,Eastern,168825,megawatthours
2023-07-15,ZONJ,New York City - NYIS,NYIS,New York Independent System Operator,Eastern,172948,megawatthours
2023-07-14,ZONJ,New York City - NYIS,NYIS,New York Independent System Operator,Eastern,185355,megawatthours
2023-07-13,ZONJ,New York City - NYIS,NYIS,New York Independent System Operator,Eastern,197353,megawatthours
2023-07-12,ZONJ,New York City - NYIS,NYIS,New York Independent System Operator,Eastern,188026,megawatthours
2023-07-11,ZONJ,New York City - NYIS,NYIS,New York Independent System Operator,Eastern,175241,megawatthours
2023-07-10,ZONJ,New York City - NYIS,NYIS,New York Independent System Operator,Eastern,177182,megawatthours
2023-07-09,ZONJ,New York City - NYIS,NYIS,New York Independent System Operator,Eastern,165418,megawatthours
2023-07-08,ZONJ,New York City - NYIS,NYIS,New York Independent System Operator,Eastern,172361,megawatthours
2023-07-07,ZONJ,New York City - NYIS,NYIS,New York Independent System Operator,Eastern,186932,megawatthours
2023-07-06,ZONJ,New York City - NYIS,NYIS,New York Independent System Operator,Eastern,192213,megawatthours
2023-07-05,ZONJ,New York City - NYIS,NYIS,New York Independent System Operator,Eastern,183313,megawatthours
2023-07-04,ZONJ,New York City - NYIS,NYIS,New York Independent System Operator,Eastern,159388,megawatthours
2023-07-03,ZONJ,New York City - NYIS,NYIS,New York Independent System Operator,Eastern,173124,megawatthours
2023-07-02,ZONJ,New York City - NYIS,NYIS,New York Independent System Operator,Eastern,148585,megawatthours
2023-07-01,ZONJ,New York City - NYIS,NYIS,New York Independent System Operator,Eastern,139773,megawatthours
2023-06-30,ZONJ,New York City - NYIS,NYIS,New York Independent System Operator,Eastern,156264,megawatthours
2023-06-29,ZONJ,New York City - NYIS,NYIS,New York Independent System Operator,Eastern,151886,megawatthours
2023-06-28,ZONJ,New York City - NYIS,NYIS,New York Independent System Operator,Eastern,153004,megawatthours
2023-06-27,ZONJ,New York City - NYIS,NYIS,New York Independent System Operator,Eastern,152718,megawatthours
2023-06-26,ZONJ,New York City - NYIS,NYIS,New York Independent System Operator,Eastern,157188,megawatthours
2023-06-25,ZONJ,New York City - NYIS,NYIS,New York Independent System Operator,Eastern,141384,megawatthours
2023-06-24,ZONJ,New York City - NYIS,NYIS,New York Independent System Operator,Eastern,132294,megawatthours
2023-06-23,ZONJ,New York City - NYIS,NYIS,New York Independent System Operator,Eastern,131825,megawatthours
2023-06-22,ZONJ,New York City - NYIS,NYIS,New York Independent System Operator,Eastern,126600,megawatthours
2023-06-21,ZONJ,New York City - NYIS,NYIS,New York Independent System Operator,Eastern,130314,megawatthours
2023-06-20,ZONJ,New York City - NYIS,NYIS,New York Independent System Operator,Eastern,138888,megawatthours
2023-06-19,ZONJ,New York City - NYIS,NYIS,New York Independent System Operator,Eastern,137633,megawatthours
2023-06-18,ZONJ,New York City - NYIS,NYIS,New York Independent System Operator,Eastern,120873,megawatthours
2023-06-17,ZONJ,New York City - NYIS,NYIS,New York Independent System Operator,Eastern,120499,megawatthours
2023-06-16,ZONJ,New York City - NYIS,NYIS,New York Independent System Operator,Eastern,136365,megawatthours
2023-06-15,ZONJ,New York City - NYIS,NYIS,New York Independent System Operator,Eastern,135517,megawatthours
2023-06-14,ZONJ,New York City - NYIS,NYIS,New York Independent System Operator,Eastern,138201,megawatthours
2023-06-13,ZONJ,New York City - NYIS,NYIS,New York Independent System Operator,Eastern,139956,megawatthours
2023-06-12,ZONJ,New York City - NYIS,NYIS,New York Independent System Operator,Eastern,143428,megawatthours
2023-06-11,ZONJ,New York City - NYIS,NYIS,New York Independent System Operator,Eastern,123644,megawatthours
2023-06-10,ZONJ,New York City - NYIS,NYIS,New York Independent System Operator,Eastern,116495,megawatthours
2023-06-09,ZONJ,New York City - NYIS,NYIS,New York Independent System Operator,Eastern,122782,megawatthours
2023-06-08,ZONJ,New York City - NYIS,NYIS,New York Independent System Operator,Eastern,122396,megawatthours
2023-06-07,ZONJ,New York City - NYIS,NYIS,New York Independent System Operator,Eastern,122219,megawatthours
2023-06-06,ZONJ,New York City - NYIS,NYIS,New York Independent System Operator,Eastern,126482,megawatthours
2023-06-05,ZONJ,New York City - NYIS,NYIS,New York Independent System Operator,Eastern,122591,megawatthours
2023-06-04,ZONJ,New York City - NYIS,NYIS,New York Independent System Operator,Eastern,106737,megawatthours
2023-06-03,ZONJ,New York City - NYIS,NYIS,New York Independent System Operator,Eastern,121764,megawatthours
2023-06-02,ZONJ,New York City - NYIS,NYIS,New York Independent System Operator,Eastern,146225,megawatthours
2023-06-01,ZONJ,New York City - NYIS,NYIS,New York Independent System Operator,Eastern,134730,megawatthours
2023-05-31,ZONJ,New York City - NYIS,NYIS,New York Independent System Operator,Eastern,123000,megawatthours
2023-05-30,ZONJ,New York City - NYIS,NYIS,New York Independent System Operator,Eastern,120976,megawatthours
2023-05-29,ZONJ,New York City - NYIS,NYIS,New York Independent System Operator,Eastern,114978,megawatthours
2023-05-28,ZONJ,New York City - NYIS,NYIS,New York Independent System Operator,Eastern,107474,megawatthours
2023-05-27,ZONJ,New York City - NYIS,NYIS,New York Independent System Operator,Eastern,108601,megawatthours
2023-05-26,ZONJ,New York City - NYIS,NYIS,New York Independent System Operator,Eastern,116326,megawatthours
2023-05-25,ZONJ,New York City - NYIS,NYIS,New York Independent System Operator,Eastern,115600,megawatthours
2023-05-24,ZONJ,New York City - NYIS,NYIS,New York Independent System Operator,Eastern,119115,megawatthours
2023-05-23,ZONJ,New York City - NYIS,NYIS,New York Independent System Operator,Eastern,118631,megawatthours
2023-05-22,ZONJ,New York City - NYIS,NYIS,New York Independent System Operator,Eastern,121819,megawatthours
2023-05-21,ZONJ,New York City - NYIS,NYIS,New York Independent System Operator,Eastern,107194,megawatthours
2023-05-20,ZONJ,New York City - NYIS,NYIS,New York Independent System Operator,Eastern,110684,megawatthours
2023-05-19,ZONJ,New York City - NYIS,NYIS,New York Independent System Operator,Eastern,116482,megawatthours
2023-05-18,ZONJ,New York City - NYIS,NYIS,New York Independent System Operator,Eastern,114549,megawatthours
2023-05-17,ZONJ,New York City - NYIS,NYIS,New York Independent System Operator,Eastern,121160,megawatthours
2023-05-16,ZONJ,New York City - NYIS,NYIS,New York Independent System Operator,Eastern,128952,megawatthours
2023-05-15,ZONJ,New York City - NYIS,NYIS,New York Independent System Operator,Eastern,123378,megawatthours
2023-05-14,ZONJ,New York City - NYIS,NYIS,New York Independent System Operator,Eastern,113232,megawatthours
2023-05-13,ZONJ,New York City - NYIS,NYIS,New York Independent System Operator,Eastern,129143,megawatthours
2023-05-12,ZONJ,New York City - NYIS,NYIS,New York Independent System Operator,Eastern,135997,megawatthours
2023-05-11,ZONJ,New York City - NYIS,NYIS,New York Independent System Operator,Eastern,123681,megawatthours
2023-05-10,ZONJ,New York City - NYIS,NYIS,New York Independent System Operator,Eastern,117570,megawatthours
2023-05-09,ZONJ,New York City - NYIS,NYIS,New York Independent System Operator,Eastern,117625,megawatthours
2023-05-08,ZONJ,New York City - NYIS,NYIS,New York Independent System Operator,Eastern,123086,megawatthours
2023-05-07,ZONJ,New York City - NYIS,NYIS,New York Independent System Operator,Eastern,106708,megawatthours
2023-05-06,ZONJ,New York City - NYIS,NYIS,New York Independent System Operator,Eastern,106884,megawatthours
2023-05-05,ZONJ,New York City - NYIS,NYIS,New York Independent System Operator,Eastern,116116,megawatthours
2023-05-04,ZONJ,New York City - NYIS,NYIS,New York Independent System Operator,Eastern,118783,megawatthours
2023-05-03,ZONJ,New York City - NYIS,NYIS,New York Independent System Operator,Eastern,117134,megawatthours
2023-05-02,ZONJ,New York City - NYIS,NYIS,New York Independent System Operator,Eastern,117408,megawatthours
2023-05-01,ZONJ,New York City - NYIS,NYIS,New York Independent System Operator,Eastern,116373,megawatthours
2023-04-30,ZONJ,New York City - NYIS,NYIS,New York Independent System Operator,Eastern,109877,megawatthours
2023-04-29,ZONJ,New York City - NYIS,NYIS,New York Independent System Operator,Eastern,112265,megawatthours
2023-04-28,ZONJ,New York City - NYIS,NYIS,New York Independent System Operator,Eastern,117958,megawatthours
2023-04-27,ZONJ,New York City - NYIS,NYIS,New York Independent System Operator,Eastern,117867,megawatthours
2023-04-26,ZONJ,New York City - NYIS,NYIS,New York Independent System Operator,Eastern,116469,megawatthours
2023-04-25,ZONJ,New York City - NYIS,NYIS,New York Independent System Operator,Eastern,116571,megawatthours
2023-04-24,ZONJ,New York City - NYIS,NYIS,New York Independent System Operator,Eastern,115464,megawatthours
2023-04-23,ZONJ,New York City - NYIS,NYIS,New York Independent System Operator,Eastern,106680,megawatthours
2023-04-22,ZONJ,New York City - NYIS,NYIS,New York Independent System Operator,Eastern,108000,megawatthours
2023-04-21,ZONJ,New York City - NYIS,NYIS,New York Independent System Operator,Eastern,116193,megawatthours
2023-04-20,ZONJ,New York City - NYIS,NYIS,New York Independent System Operator,Eastern,116594,megawatthours
2023-04-19,ZONJ,New York City - NYIS,NYIS,New York Independent System Operator,Eastern,117228,megawatthours
2023-04-18,ZONJ,New York City - NYIS,NYIS,New York Independent System Operator,Eastern,116766,megawatthours
2023-04-17,ZONJ,New York City - NYIS,NYIS,New York Independent System Operator,Eastern,120738,megawatthours
2023-04-16,ZONJ,New York City - NYIS,NYIS,New York Independent System Operator,Eastern,113609,megawatthours
2023-04-15,ZONJ,New York City - NYIS,NYIS,New York Independent System Operator,Eastern,122941,megawatthours
2023-04-14,ZONJ,New York City - NYIS,NYIS,New York Independent System Operator,Eastern,140767,megawatthours
2023-04-13,ZONJ,New York City - NYIS,NYIS,New York Independent System Operator,Eastern,133743,megawatthours
2023-04-12,ZONJ,New York City - NYIS,NYIS,New York Independent System Operator,Eastern,122341,megawatthours
2023-04-11,ZONJ,New York City - NYIS,NYIS,New York Independent System Operator,Eastern,117194,megawatthours
2023-04-10,ZONJ,New York City - NYIS,NYIS,New York Independent System Operator,Eastern,116583,megawatthours
2023-04-09,ZONJ,New York City - NYIS,NYIS,New York Independent System Operator,Eastern,105897,megawatthours
2023-04-08,ZONJ,New York City - NYIS,NYIS,New York Independent System Operator,Eastern,108997,megawatthours
2023-04-07,ZONJ,New York City - NYIS,NYIS,New York Independent System Operator,Eastern,115204,megawatthours
2023-04-06,ZONJ,New York City - NYIS,NYIS,New York Independent System Operator,Eastern,119719,megawatthours
2023-04-05,ZONJ,New York City - NYIS,NYIS,New York Independent System Operator,Eastern,121088,megawatthours
2023-04-04,ZONJ,New York City - NYIS,NYIS,New York Independent System Operator,Eastern,119870,megawatthours
2023-04-03,ZONJ,New York City - NYIS,NYIS,New York Independent System Operator,Eastern,120873,megawatthours
2023-04-02,ZONJ,New York City - NYIS,NYIS,New York Independent System Operator,Eastern,108953,megawatthours
2023-04-01,ZONJ,New York City - NYIS,NYIS,New York Independent System Operator,Eastern,111631,megawatthours
2023-03-31,ZONJ,New York City - NYIS,NYIS,New York Independent System Operator,Eastern,123140,megawatthours
2023-03-30,ZONJ,New York City - NYIS,NYIS,New York Independent System Operator,Eastern,124644,megawatthours
2023-03-29,ZONJ,New York City - NYIS,NYIS,New York Independent System Operator,Eastern,120932,megawatthours
2023-03-28,ZONJ,New York City - NYIS,NYIS,New York Independent System Operator,Eastern,121920,megawatthours
2023-03-27,ZONJ,New York City - NYIS,NYIS,New York Independent System Operator,Eastern,119452,megawatthours
2023-03-26,ZONJ,New York City - NYIS,NYIS,New York Independent System Operator,Eastern,108253,megawatthours
2023-03-25,ZONJ,New York City - NYIS,NYIS,New York Independent System Operator,Eastern,115772,megawatthours
2023-03-24,ZONJ,New York City - NYIS,NYIS,New York Independent System Operator,Eastern,120547,megawatthours
2023-03-23,ZONJ,New York City - NYIS,NYIS,New York Independent System Operator,Eastern,121618,megawatthours
2023-03-22,ZONJ,New York City - NYIS,NYIS,New York Independent System Operator,Eastern,120961,megawatthours
2023-03-21,ZONJ,New York City - NYIS,NYIS,New York Independent System Operator,Eastern,122805,megawatthours
2023-03-20,ZONJ,New York City - NYIS,NYIS,New York Independent System Operator,Eastern,126654,megawatthours
2023-03-19,ZONJ,New York City - NYIS,NYIS,New York Independent System Operator,Eastern,115955,megawatthours
2023-03-18,ZONJ,New York City - NYIS,NYIS,New York Independent System Operator,Eastern,111745,megawatthours
2023-03-17,ZONJ,New York City - NYIS,NYIS,New York Independent System Operator,Eastern,121723,megawatthours
2023-03-16,ZONJ,New York City - NYIS,NYIS,New York Independent System Operator,Eastern,127824,megawatthours
2023-03-15,ZONJ,New York City - NYIS,NYIS,New York Independent System Operator,Eastern,132305,megawatthours
2023-03-14,ZONJ,New York City - NYIS,NYIS,New York Independent System Operator,Eastern,134348,megawatthours
2023-03-13,ZONJ,New York City - NYIS,NYIS,New York Independent System Operator,Eastern,129401,megawatthours
2023-03-12,ZONJ,New York City - NYIS,NYIS,New York Independent System Operator,Eastern,112114,megawatthours
2023-03-11,ZONJ,New York City - NYIS,NYIS,New York Independent System Operator,Eastern,119894,megawatthours
2023-03-10,ZONJ,New York City - NYIS,NYIS,New York Independent System Operator,Eastern,127940,megawatthours
2023-03-09,ZONJ,New York City - NYIS,NYIS,New York Independent System Operator,Eastern,127820,megawatthours
2023-03-08,ZONJ,New York City - NYIS,NYIS,New York Independent System Operator,Eastern,130246,megawatthours
2023-03-07,ZONJ,New York City - NYIS,NYIS,New York Independent System Operator,Eastern,128147,megawatthours
2023-03-06,ZONJ,New York City - NYIS,NYIS,New York Independent System Operator,Eastern,125030,megawatthours
2023-03-05,ZONJ,New York City - NYIS,NYIS,New York Independent System Operator,Eastern,115276,megawatthours
2023-03-04,ZONJ,New York City - NYIS,NYIS,New York Independent System Operator,Eastern,119799,megawatthours
2023-03-03,ZONJ,New York City - NYIS,NYIS,New York Independent System Operator,Eastern,128658,megawatthours
2023-03-02,ZONJ,New York City - NYIS,NYIS,New York Independent System Operator,Eastern,128799,megawatthours
2023-03-01,ZONJ,New York City - NYIS,NYIS,New York Independent System Operator,Eastern,132040,megawatthours
2023-02-28,ZONJ,New York City - NYIS,NYIS,New York Independent System Operator,Eastern,136314,megawatthours
2023-02-27,ZONJ,New York City - NYIS,NYIS,New York Independent System Operator,Eastern,131002,megawatthours
2023-02-26,ZONJ,New York City - NYIS,NYIS,New York Independent System Operator,Eastern,121861,megawatthours
2023-02-25,ZONJ,New York City - NYIS,NYIS,New York Independent System Operator,Eastern,128870,megawatthours
2023-02-24,ZONJ,New York City - NYIS,NYIS,New York Independent System Operator,Eastern,127964,megawatthours
2023-02-23,ZONJ,New York City - NYIS,NYIS,New York Independent System Operator,Eastern,129068,megawatthours
2023-02-22,ZONJ,New York City - NYIS,NYIS,New York Independent System Operator,Eastern,127740,megawatthours
2023-02-21,ZONJ,New York City - NYIS,NYIS,New York Independent System Operator,Eastern,125622,megawatthours
2023-02-20,ZONJ,New York City - NYIS,NYIS,New York Independent System Operator,Eastern,115965,megawatthours
2023-02-19,ZONJ,New York City - NYIS,NYIS,New York Independent System Operator,Eastern,114515,megawatthours
2023-02-18,ZONJ,New York City - NYIS,NYIS,New York Independent System Operator,Eastern,118794,megawatthours
2023-02-17,ZONJ,New York City - NYIS,NYIS,New York Independent System Operator,Eastern,123029,megawatthours
2023-02-16,ZONJ,New York City - NYIS,NYIS,New York Independent System Operator,Eastern,120734,megawatthours
2023-02-15,ZONJ,New York City - NYIS,NYIS,New York Independent System Operator,Eastern,122571,megawatthours
2023-02-14,ZONJ,New York City - NYIS,NYIS,New York Independent System Operator,Eastern,124168,megawatthours
2023-02-13,ZONJ,New York City - NYIS,NYIS,New York Independent System Operator,Eastern,124713,megawatthours
2023-02-12,ZONJ,New York City - NYIS,NYIS,New York Independent System Operator,Eastern,116261,megawatthours
2023-02-11,ZONJ,New York City - NYIS,NYIS,New York Independent System Operator,Eastern,116598,megawatthours
2023-02-10,ZONJ,New York City - NYIS,NYIS,New York Independent System Operator,Eastern,122360,megawatthours
2023-02-09,ZONJ,New York City - NYIS,NYIS,New York Independent System Operator,Eastern,128685,megawatthours
2023-02-08,ZONJ,New York City - NYIS,NYIS,New York Independent System Operator,Eastern,128501,megawatthours
2023-02-07,ZONJ,New York City - NYIS,NYIS,New York Independent System Operator,Eastern,134177,megawatthours
2023-02-06,ZONJ,New York City - NYIS,NYIS,New York Independent System Operator,Eastern,131645,megawatthours
2023-02-05,ZONJ,New York City - NYIS,NYIS,New York Independent System Operator,Eastern,129341,megawatthours
2023-02-04,ZONJ,New York City - NYIS,NYIS,New York Independent System Operator,Eastern,147495,megawatthours
2023-02-03,ZONJ,New York City - NYIS,NYIS,New York Independent System Operator,Eastern,145270,megawatthours
2023-02-02,ZONJ,New York City - NYIS,NYIS,New York Independent System Operator,Eastern,135473,megawatthours
2023-02-01,ZONJ,New York City - NYIS,NYIS,New York Independent System Operator,Eastern,135393,megawatthours
2023-01-31,ZONJ,New York City - NYIS,NYIS,New York Independent System Operator,Eastern,130743,megawatthours
2023-01-30,ZONJ,New York City - NYIS,NYIS,New York Independent System Operator,Eastern,125165,megawatthours
2023-01-29,ZONJ,New York City - NYIS,NYIS,New York Independent System Operator,Eastern,115804,megawatthours
2023-01-28,ZONJ,New York City - NYIS,NYIS,New York Independent System Operator,Eastern,118723,megawatthours
2023-01-27,ZONJ,New York City - NYIS,NYIS,New York Independent System Operator,Eastern,130038,megawatthours
2023-01-26,ZONJ,New York City - NYIS,NYIS,New York Independent System Operator,Eastern,130359,megawatthours
2023-01-25,ZONJ,New York City - NYIS,NYIS,New York Independent System Operator,Eastern,133865,megawatthours
2023-01-24,ZONJ,New York City - NYIS,NYIS,New York Independent System Operator,Eastern,132393,megawatthours
2023-01-23,ZONJ,New York City - NYIS,NYIS,New York Independent System Operator,Eastern,134041,megawatthours
2023-01-22,ZONJ,New York City - NYIS,NYIS,New York Independent System Operator,Eastern,120381,megawatthours
2023-01-21,ZONJ,New York City - NYIS,NYIS,New York Independent System Operator,Eastern,121740,megawatthours
2023-01-20,ZONJ,New York City - NYIS,NYIS,New York Independent System Operator,Eastern,128047,megawatthours
2023-01-19,ZONJ,New York City - NYIS,NYIS,New York Independent System Operator,Eastern,129925,megawatthours
2023-01-18,ZONJ,New York City - NYIS,NYIS,New York Independent System Operator,Eastern,127929,megawatthours
2023-01-17,ZONJ,New York City - NYIS,NYIS,New York Independent System Operator,Eastern,132506,megawatthours
2023-01-16,ZONJ,New York City - NYIS,NYIS,New York Independent System Operator,Eastern,129779,megawatthours
2023-01-15,ZONJ,New York City - NYIS,NYIS,New York Independent System Operator,Eastern,123983,megawatthours
2023-01-14,ZONJ,New York City - NYIS,NYIS,New York Independent System Operator,Eastern,124317,megawatthours
2023-01-13,ZONJ,New York City - NYIS,NYIS,New York Independent System Operator,Eastern,125833,megawatthours
2023-01-12,ZONJ,New York City - NYIS,NYIS,New York Independent System Operator,Eastern,130978,megawatthours
2023-01-11,ZONJ,New York City - NYIS,NYIS,New York Independent System Operator,Eastern,133149,megawatthours
2023-01-10,ZONJ,New York City - NYIS,NYIS,New York Independent System Operator,Eastern,132382,megawatthours
2023-01-09,ZONJ,New York City - NYIS,NYIS,New York Independent System Operator,Eastern,129903,megawatthours
2023-01-08,ZONJ,New York City - NYIS,NYIS,New York Independent System Operator,Eastern,119410,megawatthours
2023-01-07,ZONJ,New York City - NYIS,NYIS,New York Independent System Operator,Eastern,119605,megawatthours
2023-01-06,ZONJ,New York City - NYIS,NYIS,New York Independent System Operator,Eastern,126034,megawatthours
2023-01-05,ZONJ,New York City - NYIS,NYIS,New York Independent System Operator,Eastern,124238,megawatthours
2023-01-04,ZONJ,New York City - NYIS,NYIS,New York Independent System Operator,Eastern,122698,megawatthours
2023-01-03,ZONJ,New York City - NYIS,NYIS,New York Independent System Operator,Eastern,125253,megawatthours
2023-01-02,ZONJ,New York City - NYIS,NYIS,New York Independent System Operator,Eastern,115759,megawatthours
2023-01-01,ZONJ,New York City - NYIS,NYIS,New York Independent System Operator,Eastern,110714,megawatthours
2022-12-31,ZONJ,New York City - NYIS,NYIS,New York Independent System Operator,Eastern,117173,megawatthours
2022-12-30,ZONJ,New York City - NYIS,NYIS,New York Independent System Operator,Eastern,124166,megawatthours
2022-12-29,ZONJ,New York City - NYIS,NYIS,New York Independent System Operator,Eastern,129523,megawatthours
2022-12-28,ZONJ,New York City - NYIS,NYIS,New York Independent System Operator,Eastern,134018,megawatthours
2022-12-27,ZONJ,New York City - NYIS,NYIS,New York Independent System Operator,Eastern,141967,megawatthours
2022-12-26,ZONJ,New York City - NYIS,NYIS,New York Independent System Operator,Eastern,140298,megawatthours
2022-12-25,ZONJ,New York City - NYIS,NYIS,New York Independent System Operator,Eastern,137906,megawatthours
2022-12-24,ZONJ,New York City - NYIS,NYIS,New York Independent System Operator,Eastern,145577,megawatthours
2022-12-23,ZONJ,New York City - NYIS,NYIS,New York Independent System Operator,Eastern,134353,megawatthours
2022-12-22,ZONJ,New York City - NYIS,NYIS,New York Independent System Operator,Eastern,133835,megawatthours
2022-12-21,ZONJ,New York City - NYIS,NYIS,New York Independent System Operator,Eastern,136074,megawatthours
2022-12-20,ZONJ,New York City - NYIS,NYIS,New York Independent System Operator,Eastern,136279,megawatthours
2022-12-19,ZONJ,New York City - NYIS,NYIS,New York Independent System Operator,Eastern,136653,megawatthours
2022-12-18,ZONJ,New York City - NYIS,NYIS,New York Independent System Operator,Eastern,122612,megawatthours
2022-12-17,ZONJ,New York City - NYIS,NYIS,New York Independent System Operator,Eastern,122638,megawatthours
2022-12-16,ZONJ,New York City - NYIS,NYIS,New York Independent System Operator,Eastern,133487,megawatthours
2022-12-15,ZONJ,New York City - NYIS,NYIS,New York Independent System Operator,Eastern,137442,megawatthours
2022-12-14,ZONJ,New York City - NYIS,NYIS,New York Independent System Operator,Eastern,137623,megawatthours
2022-12-13,ZONJ,New York City - NYIS,NYIS,New York Independent System Operator,Eastern,138164,megawatthours
2022-12-12,ZONJ,New York City - NYIS,NYIS,New York Independent System Operator,Eastern,135900,megawatthours
2022-12-11,ZONJ,New York City - NYIS,NYIS,New York Independent System Operator,Eastern,122660,megawatthours
2022-12-10,ZONJ,New York City - NYIS,NYIS,New York Independent System Operator,Eastern,123064,megawatthours
2022-12-09,ZONJ,New York City - NYIS,NYIS,New York Independent System Operator,Eastern,128232,megawatthours
2022-12-08,ZONJ,New York City - NYIS,NYIS,New York Independent System Operator,Eastern,125365,megawatthours
2022-12-07,ZONJ,New York City - NYIS,NYIS,New York Independent System Operator,Eastern,126511,megawatthours
2022-12-06,ZONJ,New York City - NYIS,NYIS,New York Independent System Operator,Eastern,129080,megawatthours
2022-12-05,ZONJ,New York City - NYIS,NYIS,New York Independent System Operator,Eastern,129350,megawatthours
2022-12-04,ZONJ,New York City - NYIS,NYIS,New York Independent System Operator,Eastern,116521,megawatthours
2022-12-03,ZONJ,New York City - NYIS,NYIS,New York Independent System Operator,Eastern,118313,megawatthours
2022-12-02,ZONJ,New York City - NYIS,NYIS,New York Independent System Operator,Eastern,130336,megawatthours
2022-12-01,ZONJ,New York City - NYIS,NYIS,New York Independent System Operator,Eastern,129814,megawatthours
2022-11-30,ZONJ,New York City - NYIS,NYIS,New York Independent System Operator,Eastern,128004,megawatthours
2022-11-29,ZONJ,New York City - NYIS,NYIS,New York Independent System Operator,Eastern,128130,megawatthours
2022-11-28,ZONJ,New York City - NYIS,NYIS,New York Independent System Operator,Eastern,123523,megawatthours
2022-11-27,ZONJ,New York City - NYIS,NYIS,New York Independent System Operator,Eastern,113056,megawatthours
2022-11-26,ZONJ,New York City - NYIS,NYIS,New York Independent System Operator,Eastern,112375,megawatthours
2022-11-25,ZONJ,New York City - NYIS,NYIS,New York Independent System Operator,Eastern,117118,megawatthours
2022-11-24,ZONJ,New York City - NYIS,NYIS,New York Independent System Operator,Eastern,111890,megawatthours
2022-11-23,ZONJ,New York City - NYIS,NYIS,New York Independent System Operator,Eastern,124175,megawatthours
2022-11-22,ZONJ,New York City - NYIS,NYIS,New York Independent System Operator,Eastern,128798,megawatthours
2022-11-21,ZONJ,New York City - NYIS,NYIS,New York Independent System Operator,Eastern,133852,megawatthours
2022-11-20,ZONJ,New York City - NYIS,NYIS,New York Independent System Operator,Eastern,121080,megawatthours
2022-11-19,ZONJ,New York City - NYIS,NYIS,New York Independent System Operator,Eastern,119887,megawatthours
2022-11-18,ZONJ,New York City - NYIS,NYIS,New York Independent System Operator,Eastern,127603,megawatthours
2022-11-17,ZONJ,New York City - NYIS,NYIS,New York Independent System Operator,Eastern,127120,megawatthours
2022-11-16,ZONJ,New York City - NYIS,NYIS,New York Independent System Operator,Eastern,125824,megawatthours
2022-11-15,ZONJ,New York City - NYIS,NYIS,New York Independent System Operator,Eastern,126704,megawatthours
2022-11-14,ZONJ,New York City - NYIS,NYIS,New York Independent System Operator,Eastern,122342,megawatthours
2022-11-13,ZONJ,New York City - NYIS,NYIS,New York Independent System Operator,Eastern,108614,megawatthours
2022-11-12,ZONJ,New York City - NYIS,NYIS,New York Independent System Operator,Eastern,113611,megawatthours
2022-11-11,ZONJ,New York City - NYIS,NYIS,New York Independent System Operator,Eastern,122084,megawatthours
2022-11-10,ZONJ,New York City - NYIS,NYIS,New York Independent System Operator,Eastern,120580,megawatthours
2022-11-09,ZONJ,New York City - NYIS,NYIS,New York Independent System Operator,Eastern,120670,megawatthours
2022-11-08,ZONJ,New York City - NYIS,NYIS,New York Independent System Operator,Eastern,118595,megawatthours
2022-11-07,ZONJ,New York City - NYIS,NYIS,New York Independent System Operator,Eastern,129388,megawatthours
2022-11-06,ZONJ,New York City - NYIS,NYIS,New York Independent System Operator,Eastern,120723,megawatthours
2022-11-05,ZONJ,New York City - NYIS,NYIS,New York Independent System Operator,Eastern,115378,megawatthours
2022-11-04,ZONJ,New York City - NYIS,NYIS,New York Independent System Operator,Eastern,121075,megawatthours
2022-11-03,ZONJ,New York City - NYIS,NYIS,New York Independent System Operator,Eastern,120005,megawatthours
2022-11-02,ZONJ,New York City - NYIS,NYIS,New York Independent System Operator,Eastern,120546,megawatthours
2022-11-01,ZONJ,New York City - NYIS,NYIS,New York Independent System Operator,Eastern,122214,megawatthours
2022-10-31,ZONJ,New York City - NYIS,NYIS,New York Independent System Operator,Eastern,119039,megawatthours
2022-10-30,ZONJ,New York City - NYIS,NYIS,New York Independent System Operator,Eastern,107416,megawatthours
2022-10-29,ZONJ,New York City - NYIS,NYIS,New York Independent System Operator,Eastern,109029,megawatthours
2022-10-28,ZONJ,New York City - NYIS,NYIS,New York Independent System Operator,Eastern,118282,megawatthours
2022-10-27,ZONJ,New York City - NYIS,NYIS,New York Independent System Operator,Eastern,120506,megawatthours
2022-10-26,ZONJ,New York City - NYIS,NYIS,New York Independent System Operator,Eastern,127535,megawatthours
2022-10-25,ZONJ,New York City - NYIS,NYIS,New York Independent System Operator,Eastern,125770,megawatthours
2022-10-24,ZONJ,New York City - NYIS,NYIS,New York Independent System Operator,Eastern,120832,megawatthours
2022-10-23,ZONJ,New York City - NYIS,NYIS,New York Independent System Operator,Eastern,108050,megawatthours
2022-10-22,ZONJ,New York City - NYIS,NYIS,New York Independent System Operator,Eastern,108405,megawatthours
2022-10-21,ZONJ,New York City - NYIS,NYIS,New York Independent System Operator,Eastern,118483,megawatthours
2022-10-20,ZONJ,New York City - NYIS,NYIS,New York Independent System Operator,Eastern,119482,megawatthours
2022-10-19,ZONJ,New York City - NYIS,NYIS,New York Independent System Operator,Eastern,119012,megawatthours
2022-10-18,ZONJ,New York City - NYIS,NYIS,New York Independent System Operator,Eastern,117200,megawatthours
2022-10-17,ZONJ,New York City - NYIS,NYIS,New York Independent System Operator,Eastern,119413,megawatthours
2022-10-16,ZONJ,New York City - NYIS,NYIS,New York Independent System Operator,Eastern,106318,megawatthours
2022-10-15,ZONJ,New York City - NYIS,NYIS,New York Independent System Operator,Eastern,108069,megawatthours
2022-10-14,ZONJ,New York City - NYIS,NYIS,New York Independent System Operator,Eastern,118562,megawatthours
2022-10-13,ZONJ,New York City - NYIS,NYIS,New York Independent System Operator,Eastern,125333,megawatthours
2022-10-12,ZONJ,New York City - NYIS,NYIS,New York Independent System Operator,Eastern,120438,megawatthours
2022-10-11,ZONJ,New York City - NYIS,NYIS,New York Independent System Operator,Eastern,119315,megawatthours
2022-10-10,ZONJ,New York City - NYIS,NYIS,New York Independent System Operator,Eastern,114403,megawatthours
2022-10-09,ZONJ,New York City - NYIS,NYIS,New York Independent System Operator,Eastern,104858,megawatthours
2022-10-08,ZONJ,New York City - NYIS,NYIS,New York Independent System Operator,Eastern,106905,megawatthours
2022-10-07,ZONJ,New York City - NYIS,NYIS,New York Independent System Operator,Eastern,123565,megawatthours
2022-10-06,ZONJ,New York City - NYIS,NYIS,New York Independent System Operator,Eastern,121185,megawatthours
2022-10-05,ZONJ,New York City - NYIS,NYIS,New York Independent System Operator,Eastern,119801,megawatthours
2022-10-04,ZONJ,New York City - NYIS,NYIS,New York Independent System Operator,Eastern,122825,megawatthours
2022-10-03,ZONJ,New York City - NYIS,NYIS,New York Independent System Operator,Eastern,119768,megawatthours
2022-10-02,ZONJ,New York City - NYIS,NYIS,New York Independent System Operator,Eastern,106977,megawatthours
2022-10-01,ZONJ,New York City - NYIS,NYIS,New York Independent System Operator,Eastern,108767,megawatthours
2022-09-30,ZONJ,New York City - NYIS,NYIS,New York Independent System Operator,Eastern,116138,megawatthours
2022-09-29,ZONJ,New York City - NYIS,NYIS,New York Independent System Operator,Eastern,119435,megawatthours
2022-09-28,ZONJ,New York City - NYIS,NYIS,New York Independent System Operator,Eastern,121113,megawatthours
2022-09-27,ZONJ,New York City - NYIS,NYIS,New York Independent System Operator,Eastern,122666,megawatthours
2022-09-26,ZONJ,New York City - NYIS,NYIS,New York Independent System Operator,Eastern,123806,megawatthours
2022-09-25,ZONJ,New York City - NYIS,NYIS,New York Independent System Operator,Eastern,110245,megawatthours
2022-09-24,ZONJ,New York City - NYIS,NYIS,New York Independent System Operator,Eastern,106856,megawatthours
2022-09-23,ZONJ,New York City - NYIS,NYIS,New York Independent System Operator,Eastern,117836,megawatthours
2022-09-22,ZONJ,New York City - NYIS,NYIS,New York Independent System Operator,Eastern,144449,megawatthours
2022-09-21,ZONJ,New York City - NYIS,NYIS,New York Independent System Operator,Eastern,149092,megawatthours
2022-09-20,ZONJ,New York City - NYIS,NYIS,New York Independent System Operator,Eastern,153148,megawatthours
2022-09-19,ZONJ,New York City - NYIS,NYIS,New York Independent System Operator,Eastern,159023,megawatthours
2022-09-18,ZONJ,New York City - NYIS,NYIS,New York Independent System Operator,Eastern,136914,megawatthours
2022-09-17,ZONJ,New York City - NYIS,NYIS,New York Independent System Operator,Eastern,126203,megawatthours
2022-09-16,ZONJ,New York City - NYIS,NYIS,New York Independent System Operator,Eastern,131992,megawatthours
2022-09-15,ZONJ,New York City - NYIS,NYIS,New York Independent System Operator,Eastern,141132,megawatthours
2022-09-14,ZONJ,New York City - NYIS,NYIS,New York Independent System Operator,Eastern,150871,megawatthours
2022-09-13,ZONJ,New York City - NYIS,NYIS,New York Independent System Operator,Eastern,168566,megawatthours
2022-09-12,ZONJ,New York City - NYIS,NYIS,New York Independent System Operator,Eastern,162078,megawatthours
2022-09-11,ZONJ,New York City - NYIS,NYIS,New York Independent System Operator,Eastern,138190,megawatthours
2022-09-10,ZONJ,New York City - NYIS,NYIS,New York Independent System Operator,Eastern,138750,megawatthours
2022-09-09,ZONJ,New York City - NYIS,NYIS,New York Independent System Operator,Eastern,145064,megawatthours
2022-09-08,ZONJ,New York City - NYIS,NYIS,New York Independent System Operator,Eastern,145739,megawatthours
2022-09-07,ZONJ,New York City - NYIS,NYIS,New York Independent System Operator,Eastern,147130,megawatthours
2022-09-06,ZONJ,New York City - NYIS,NYIS,New York Independent System Operator,Eastern,165915,megawatthours
2022-09-05,ZONJ,New York City - NYIS,NYIS,New York Independent System Operator,Eastern,163790,megawatthours
2022-09-04,ZONJ,New York City - NYIS,NYIS,New York Independent System Operator,Eastern,151378,megawatthours
2022-09-03,ZONJ,New York City - NYIS,NYIS,New York Independent System Operator,Eastern,138975,megawatthours
2022-09-02,ZONJ,New York City - NYIS,NYIS,New York Independent System Operator,Eastern,146970,megawatthours
2022-09-01,ZONJ,New York City - NYIS,NYIS,New York Independent System Operator,Eastern,162975,megawatthours
2022-08-31,ZONJ,New York City - NYIS,NYIS,New York Independent System Operator,Eastern,173537,megawatthours
2022-08-30,ZONJ,New York City - NYIS,NYIS,New York Independent System Operator,Eastern,190278,megawatthours
2022-08-29,ZONJ,New York City - NYIS,NYIS,New York Independent System Operator,Eastern,185384,megawatthours
2022-08-28,ZONJ,New York City - NYIS,NYIS,New York Independent System Operator,Eastern,159404,megawatthours
2022-08-27,ZONJ,New York City - NYIS,NYIS,New York Independent System Operator,Eastern,168017,megawatthours
2022-08-26,ZONJ,New York City - NYIS,NYIS,New York Independent System Operator,Eastern,183405,megawatthours
2022-08-25,ZONJ,New York City - NYIS,NYIS,New York Independent System Operator,Eastern,179804,megawatthours
2022-08-24,ZONJ,New York City - NYIS,NYIS,New York Independent System Operator,Eastern,176396,megawatthours
2022-08-23,ZONJ,New York City - NYIS,NYIS,New York Independent System Operator,Eastern,177772,megawatthours
2022-08-22,ZONJ,New York City - NYIS,NYIS,New York Independent System Operator,Eastern,173383,megawatthours
2022-08-21,ZONJ,New York City - NYIS,NYIS,New York Independent System Operator,Eastern,158274,megawatthours
2022-08-20,ZONJ,New York City - NYIS,NYIS,New York Independent System Operator,Eastern,163800,megawatthours
2022-08-19,ZONJ,New York City - NYIS,NYIS,New York Independent System Operator,Eastern,164738,megawatthours
2022-08-18,ZONJ,New York City - NYIS,NYIS,New York Independent System Operator,Eastern,155905,megawatthours
2022-08-17,ZONJ,New York City - NYIS,NYIS,New York Independent System Operator,Eastern,153379,megawatthours
2022-08-16,ZONJ,New York City - NYIS,NYIS,New York Independent System Operator,Eastern,157429,megawatthours
2022-08-15,ZONJ,New York City - NYIS,NYIS,New York Independent System Operator,Eastern,157926,megawatthours
2022-08-14,ZONJ,New York City - NYIS,NYIS,New York Independent System Operator,Eastern,138641,megawatthours
2022-08-13,ZONJ,New York City - NYIS,NYIS,New York Independent System Operator,Eastern,140266,megawatthours
2022-08-12,ZONJ,New York City - NYIS,NYIS,New York Independent System Operator,Eastern,167983,megawatthours
2022-08-11,ZONJ,New York City - NYIS,NYIS,New York Independent System Operator,Eastern,189338,megawatthours
2022-08-10,ZONJ,New York City - NYIS,NYIS,New York Independent System Operator,Eastern,197816,megawatthours
2022-08-09,ZONJ,New York City - NYIS,NYIS,New York Independent System Operator,Eastern,222979,megawatthours
2022-08-08,ZONJ,New York City - NYIS,NYIS,New York Independent System Operator,Eastern,213959,megawatthours
2022-08-07,ZONJ,New York City - NYIS,NYIS,New York Independent System Operator,Eastern,190719,megawatthours
2022-08-06,ZONJ,New York City - NYIS,NYIS,New York Independent System Operator,Eastern,186868,megawatthours
2022-08-05,ZONJ,New York City - NYIS,NYIS,New York Independent System Operator,Eastern,194961,megawatthours
2022-08-04,ZONJ,New York City - NYIS,NYIS,New York Independent System Operator,Eastern,198706,megawatthours
2022-08-03,ZONJ,New York City - NYIS,NYIS,New York Independent System Operator,Eastern,188058,megawatthours
2022-08-02,ZONJ,New York City - NYIS,NYIS,New York Independent System Operator,Eastern,184097,megawatthours
2022-08-01,ZONJ,New York City - NYIS,NYIS,New York Independent System Operator,Eastern,165984,megawatthours
2022-07-31,ZONJ,New York City - NYIS,NYIS,New York Independent System Operator,Eastern,160843,megawatthours
2022-07-30,ZONJ,New York City - NYIS,NYIS,New York Independent System Operator,Eastern,165175,megawatthours
2022-07-29,ZONJ,New York City - NYIS,NYIS,New York Independent System Operator,Eastern,185361,megawatthours
2022-07-28,ZONJ,New York City - NYIS,NYIS,New York Independent System Operator,Eastern,193239,megawatthours
2022-07-27,ZONJ,New York City - NYIS,NYIS,New York Independent System Operator,Eastern,174823,megawatthours
2022-07-26,ZONJ,New York City - NYIS,NYIS,New York Independent System Operator,Eastern,179363,megawatthours
2022-07-25,ZONJ,New York City - NYIS,NYIS,New York Independent System Operator,Eastern,211703,megawatthours
2022-07-24,ZONJ,New York City - NYIS,NYIS,New York Independent System Operator,Eastern,194414,megawatthours
2022-07-23,ZONJ,New York City - NYIS,NYIS,New York Independent System Operator,Eastern,190168,megawatthours
2022-07-22,ZONJ,New York City - NYIS,NYIS,New York Independent System Operator,Eastern,203448,megawatthours
2022-07-21,ZONJ,New York City - NYIS,NYIS,New York Independent System Operator,Eastern,210299,megawatthours
2022-07-20,ZONJ,New York City - NYIS,NYIS,New York Independent System Operator,Eastern,204640,megawatthours
2022-07-19,ZONJ,New York City - NYIS,NYIS,New York Independent System Operator,Eastern,190594,megawatthours
2022-07-18,ZONJ,New York City - NYIS,NYIS,New York Independent System Operator,Eastern,184640,megawatthours
2022-07-17,ZONJ,New York City - NYIS,NYIS,New York Independent System Operator,Eastern,159519,megawatthours
2022-07-16,ZONJ,New York City - NYIS,NYIS,New York Independent System Operator,Eastern,158680,megawatthours
2022-07-15,ZONJ,New York City - NYIS,NYIS,New York Independent System Operator,Eastern,171094,megawatthours
2022-07-14,ZONJ,New York City - NYIS,NYIS,New York Independent System Operator,Eastern,183502,megawatthours
2022-07-13,ZONJ,New York City - NYIS,NYIS,New York Independent System Operator,Eastern,184608,megawatthours
2022-07-12,ZONJ,New York City - NYIS,NYIS,New York Independent System Operator,Eastern,174348,megawatthours
2022-07-11,ZONJ,New York City - NYIS,NYIS,New York Independent System Operator,Eastern,157769,megawatthours
2022-07-10,ZONJ,New York City - NYIS,NYIS,New York Independent System Operator,Eastern,139373,megawatthours
2022-07-09,ZONJ,New York City - NYIS,NYIS,New York Independent System Operator,Eastern,150168,megawatthours
2022-07-08,ZONJ,New York City - NYIS,NYIS,New York Independent System Operator,Eastern,163633,megawatthours
2022-07-07,ZONJ,New York City - NYIS,NYIS,New York Independent System Operator,Eastern,167089,megawatthours
2022-07-06,ZONJ,New York City - NYIS,NYIS,New York Independent System Operator,Eastern,177523,megawatthours
2022-07-05,ZONJ,New York City - NYIS,NYIS,New York Independent System Operator,Eastern,166529,megawatthours
2022-07-04,ZONJ,New York City - NYIS,NYIS,New York Independent System Operator,Eastern,144918,megawatthours
2022-07-03,ZONJ,New York City - NYIS,NYIS,New York Independent System Operator,Eastern,154052,megawatthours
2022-07-02,ZONJ,New York City - NYIS,NYIS,New York Independent System Operator,Eastern,170430,megawatthours
2022-07-01,ZONJ,New York City - NYIS,NYIS,New York Independent System Operator,Eastern,179043,megawatthours
2022-06-30,ZONJ,New York City - NYIS,NYIS,New York Independent System Operator,Eastern,162912,megawatthours
2022-06-29,ZONJ,New York City - NYIS,NYIS,New York Independent System Operator,Eastern,153946,megawatthours
2022-06-28,ZONJ,New York City - NYIS,NYIS,New York Independent System Operator,Eastern,148109,megawatthours
2022-06-27,ZONJ,New York City - NYIS,NYIS,New York Independent System Operator,Eastern,164152,megawatthours
2022-06-26,ZONJ,New York City - NYIS,NYIS,New York Independent System Operator,Eastern,155264,megawatthours
2022-06-25,ZONJ,New York City - NYIS,NYIS,New York Independent System Operator,Eastern,149562,megawatthours
2022-06-24,ZONJ,New York City - NYIS,NYIS,New York Independent System Operator,Eastern,143764,megawatthours
2022-06-23,ZONJ,New York City - NYIS,NYIS,New York Independent System Operator,Eastern,133783,megawatthours
2022-06-22,ZONJ,New York City - NYIS,NYIS,New York Independent System Operator,Eastern,134420,megawatthours
2022-06-21,ZONJ,New York City - NYIS,NYIS,New York Independent System Operator,Eastern,139512,megawatthours
2022-06-20,ZONJ,New York City - NYIS,NYIS,New York Independent System Operator,Eastern,126826,megawatthours
2022-06-19,ZONJ,New York City - NYIS,NYIS,New York Independent System Operator,Eastern,109016,megawatthours
2022-06-18,ZONJ,New York City - NYIS,NYIS,New York Independent System Operator,Eastern,125441,megawatthours
2022-06-17,ZONJ,New York City - NYIS,NYIS,New York Independent System Operator,Eastern,161751,megawatthours
2022-06-16,ZONJ,New York City - NYIS,NYIS,New York Independent System Operator,Eastern,142516,megawatthours
2022-06-15,ZONJ,New York City - NYIS,NYIS,New York Independent System Operator,Eastern,154053,megawatthours
2022-06-14,ZONJ,New York City - NYIS,NYIS,New York Independent System Operator,Eastern,152013,megawatthours
2022-06-13,ZONJ,New York City - NYIS,NYIS,New York Independent System Operator,Eastern,160107,megawatthours
2022-06-12,ZONJ,New York City - NYIS,NYIS,New York Independent System Operator,Eastern,124392,megawatthours
2022-06-11,ZONJ,New York City - NYIS,NYIS,New York Independent System Operator,Eastern,129673,megawatthours
2022-06-10,ZONJ,New York City - NYIS,NYIS,New York Independent System Operator,Eastern,143138,megawatthours
2022-06-09,ZONJ,New York City - NYIS,NYIS,New York Independent System Operator,Eastern,158163,megawatthours
2022-06-08,ZONJ,New York City - NYIS,NYIS,New York Independent System Operator,Eastern,155202,megawatthours
2022-06-07,ZONJ,New York City - NYIS,NYIS,New York Independent System Operator,Eastern,140917,megawatthours
2022-06-06,ZONJ,New York City - NYIS,NYIS,New York Independent System Operator,Eastern,137896,megawatthours
2022-06-05,ZONJ,New York City - NYIS,NYIS,New York Independent System Operator,Eastern,119538,megawatthours
2022-06-04,ZONJ,New York City - NYIS,NYIS,New York Independent System Operator,Eastern,127057,megawatthours
2022-06-03,ZONJ,New York City - NYIS,NYIS,New York Independent System Operator,Eastern,140673,megawatthours
2022-06-02,ZONJ,New York City - NYIS,NYIS,New York Independent System Operator,Eastern,144168,megawatthours
2022-06-01,ZONJ,New York City - NYIS,NYIS,New York Independent System Operator,Eastern,138381,megawatthours
2022-05-31,ZONJ,New York City - NYIS,NYIS,New York Independent System Operator,Eastern,175375,megawatthours
2022-05-30,ZONJ,New York City - NYIS,NYIS,New York Independent System Operator,Eastern,133272,megawatthours
2022-05-29,ZONJ,New York City - NYIS,NYIS,New York Independent System Operator,Eastern,116688,megawatthours
2022-05-28,ZONJ,New York City - NYIS,NYIS,New York Independent System Operator,Eastern,122247,megawatthours
2022-05-27,ZONJ,New York City - NYIS,NYIS,New York Independent System Operator,Eastern,133313,megawatthours
2022-05-26,ZONJ,New York City - NYIS,NYIS,New York Independent System Operator,Eastern,121600,megawatthours
2022-05-25,ZONJ,New York City - NYIS,NYIS,New York Independent System Operator,Eastern,121071,megawatthours
2022-05-24,ZONJ,New York City - NYIS,NYIS,New York Independent System Operator,Eastern,125399,megawatthours
2022-05-23,ZONJ,New York City - NYIS,NYIS,New York Independent System Operator,Eastern,137095,megawatthours
2022-05-22,ZONJ,New York City - NYIS,NYIS,New York Independent System Operator,Eastern,147492,megawatthours
2022-05-21,ZONJ,New York City - NYIS,NYIS,New York Independent System Operator,Eastern,129498,megawatthours
2022-05-20,ZONJ,New York City - NYIS,NYIS,New York Independent System Operator,Eastern,121752,megawatthours
2022-05-19,ZONJ,New York City - NYIS,NYIS,New York Independent System Operator,Eastern,120697,megawatthours
2022-05-18,ZONJ,New York City - NYIS,NYIS,New York Independent System Operator,Eastern,121073,megawatthours
2022-05-17,ZONJ,New York City - NYIS,NYIS,New York Independent System Operator,Eastern,125326,megawatthours
2022-05-16,ZONJ,New York City - NYIS,NYIS,New York Independent System Operator,Eastern,132166,megawatthours
2022-05-15,ZONJ,New York City - NYIS,NYIS,New York Independent System Operator,Eastern,113589,megawatthours
2022-05-14,ZONJ,New York City - NYIS,NYIS,New York Independent System Operator,Eastern,113959,megawatthours
2022-05-13,ZONJ,New York City - NYIS,NYIS,New York Independent System Operator,Eastern,122073,megawatthours
2022-05-12,ZONJ,New York City - NYIS,NYIS,New York Independent System Operator,Eastern,120169,megawatthours
2022-05-11,ZONJ,New York City - NYIS,NYIS,New York Independent System Operator,Eastern,116769,megawatthours
2022-05-10,ZONJ,New York City - NYIS,NYIS,New York Independent System Operator,Eastern,115833,megawatthours
2022-05-09,ZONJ,New York City - NYIS,NYIS,New York Independent System Operator,Eastern,115489,megawatthours
2022-05-08,ZONJ,New York City - NYIS,NYIS,New York Independent System Operator,Eastern,105750,megawatthours
2022-05-07,ZONJ,New York City - NYIS,NYIS,New York Independent System Operator,Eastern,110153,megawatthours
2022-05-06,ZONJ,New York City - NYIS,NYIS,New York Independent System Operator,Eastern,117185,megawatthours
2022-05-05,ZONJ,New York City - NYIS,NYIS,New York Independent System Operator,Eastern,117381,megawatthours
2022-05-04,ZONJ,New York City - NYIS,NYIS,New York Independent System Operator,Eastern,118020,megawatthours
2022-05-03,ZONJ,New York City - NYIS,NYIS,New York Independent System Operator,Eastern,116246,megawatthours
2022-05-02,ZONJ,New York City - NYIS,NYIS,New York Independent System Operator,Eastern,116909,megawatthours
2022-05-01,ZONJ,New York City - NYIS,NYIS,New York Independent System Operator,Eastern,103273,megawatthours
2022-04-30,ZONJ,New York City - NYIS,NYIS,New York Independent System Operator,Eastern,105598,megawatthours
2022-04-29,ZONJ,New York City - NYIS,NYIS,New York Independent System Operator,Eastern,116328,megawatthours
2022-04-28,ZONJ,New York City - NYIS,NYIS,New York Independent System Operator,Eastern,118417,megawatthours
2022-04-27,ZONJ,New York City - NYIS,NYIS,New York Independent System Operator,Eastern,117033,megawatthours
2022-04-26,ZONJ,New York City - NYIS,NYIS,New York Independent System Operator,Eastern,117936,megawatthours
2022-04-25,ZONJ,New York City - NYIS,NYIS,New York Independent System Operator,Eastern,116707,megawatthours
2022-04-24,ZONJ,New York City - NYIS,NYIS,New York Independent System Operator,Eastern,103141,megawatthours
2022-04-23,ZONJ,New York City - NYIS,NYIS,New York Independent System Operator,Eastern,104963,megawatthours
2022-04-22,ZONJ,New York City - NYIS,NYIS,New York Independent System Operator,Eastern,115266,megawatthours
2022-04-21,ZONJ,New York City - NYIS,NYIS,New York Independent System Operator,Eastern,117962,megawatthours
2022-04-20,ZONJ,New York City - NYIS,NYIS,New York Independent System Operator,Eastern,118785,megawatthours
2022-04-19,ZONJ,New York City - NYIS,NYIS,New York Independent System Operator,Eastern,121388,megawatthours
2022-04-18,ZONJ,New York City - NYIS,NYIS,New York Independent System Operator,Eastern,118648,megawatthours
2022-04-17,ZONJ,New York City - NYIS,NYIS,New York Independent System Operator,Eastern,104143,megawatthours
2022-04-16,ZONJ,New York City - NYIS,NYIS,New York Independent System Operator,Eastern,106763,megawatthours
2022-04-15,ZONJ,New York City - NYIS,NYIS,New York Independent System Operator,Eastern,114675,megawatthours
2022-04-14,ZONJ,New York City - NYIS,NYIS,New York Independent System Operator,Eastern,124219,megawatthours
2022-04-13,ZONJ,New York City - NYIS,NYIS,New York Independent System Operator,Eastern,119341,megawatthours
2022-04-12,ZONJ,New York City - NYIS,NYIS,New York Independent System Operator,Eastern,120024,megawatthours
2022-04-11,ZONJ,New York City - NYIS,NYIS,New York Independent System Operator,Eastern,120604,megawatthours
2022-04-10,ZONJ,New York City - NYIS,NYIS,New York Independent System Operator,Eastern,109935,megawatthours
2022-04-09,ZONJ,New York City - NYIS,NYIS,New York Independent System Operator,Eastern,109426,megawatthours
2022-04-08,ZONJ,New York City - NYIS,NYIS,New York Independent System Operator,Eastern,119287,megawatthours
2022-04-07,ZONJ,New York City - NYIS,NYIS,New York Independent System Operator,Eastern,125764,megawatthours
2022-04-06,ZONJ,New York City - NYIS,NYIS,New York Independent System Operator,Eastern,124394,megawatthours
2022-04-05,ZONJ,New York City - NYIS,NYIS,New York Independent System Operator,Eastern,122367,megawatthours
2022-04-04,ZONJ,New York City - NYIS,NYIS,New York Independent System Operator,Eastern,122503,megawatthours
2022-04-03,ZONJ,New York City - NYIS,NYIS,New York Independent System Operator,Eastern,112753,megawatthours
2022-04-02,ZONJ,New York City - NYIS,NYIS,New York Independent System Operator,Eastern,111925,megawatthours
2022-04-01,ZONJ,New York City - NYIS,NYIS,New York Independent System Operator,Eastern,120710,megawatthours
2022-03-31,ZONJ,New York City - NYIS,NYIS,New York Independent System Operator,Eastern,124378,megawatthours
2022-03-30,ZONJ,New York City - NYIS,NYIS,New York Independent System Operator,Eastern,131818,megawatthours
2022-03-29,ZONJ,New York City - NYIS,NYIS,New York Independent System Operator,Eastern,137056,megawatthours
2022-03-28,ZONJ,New York City - NYIS,NYIS,New York Independent System Operator,Eastern,135881,megawatthours
2022-03-27,ZONJ,New York City - NYIS,NYIS,New York Independent System Operator,Eastern,113300,megawatthours
2022-03-26,ZONJ,New York City - NYIS,NYIS,New York Independent System Operator,Eastern,111324,megawatthours
2022-03-25,ZONJ,New York City - NYIS,NYIS,New York Independent System Operator,Eastern,121464,megawatthours
2022-03-24,ZONJ,New York City - NYIS,NYIS,New York Independent System Operator,Eastern,126310,megawatthours
2022-03-23,ZONJ,New York City - NYIS,NYIS,New York Independent System Operator,Eastern,122808,megawatthours
2022-03-22,ZONJ,New York City - NYIS,NYIS,New York Independent System Operator,Eastern,118589,megawatthours
2022-03-21,ZONJ,New York City - NYIS,NYIS,New York Independent System Operator,Eastern,118396,megawatthours
2022-03-20,ZONJ,New York City - NYIS,NYIS,New York Independent System Operator,Eastern,107618,megawatthours
2022-03-19,ZONJ,New York City - NYIS,NYIS,New York Independent System Operator,Eastern,110001,megawatthours
2022-03-18,ZONJ,New York City - NYIS,NYIS,New York Independent System Operator,Eastern,119331,megawatthours
2022-03-17,ZONJ,New York City - NYIS,NYIS,New York Independent System Operator,Eastern,122410,megawatthours
2022-03-16,ZONJ,New York City - NYIS,NYIS,New York Independent System Operator,Eastern,119402,megawatthours
2022-03-15,ZONJ,New York City - NYIS,NYIS,New York Independent System Operator,Eastern,121734,megawatthours
2022-03-14,ZONJ,New York City - NYIS,NYIS,New York Independent System Operator,Eastern,128418,megawatthours
2022-03-13,ZONJ,New York City - NYIS,NYIS,New York Independent System Operator,Eastern,121006,megawatthours
2022-03-12,ZONJ,New York City - NYIS,NYIS,New York Independent System Operator,Eastern,122876,megawatthours
2022-03-11,ZONJ,New York City - NYIS,NYIS,New York Independent System Operator,Eastern,123577,megawatthours
2022-03-10,ZONJ,New York City - NYIS,NYIS,New York Independent System Operator,Eastern,127333,megawatthours
2022-03-09,ZONJ,New York City - NYIS,NYIS,New York Independent System Operator,Eastern,130529,megawatthours
2022-03-08,ZONJ,New York City - NYIS,NYIS,New York Independent System Operator,Eastern,122942,megawatthours
2022-03-07,ZONJ,New York City - NYIS,NYIS,New York Independent System Operator,Eastern,121327,megawatthours
2022-03-06,ZONJ,New York City - NYIS,NYIS,New York Independent System Operator,Eastern,113970,megawatthours
2022-03-05,ZONJ,New York City - NYIS,NYIS,New York Independent System Operator,Eastern,120758,megawatthours
2022-03-04,ZONJ,New York City - NYIS,NYIS,New York Independent System Operator,Eastern,134410,megawatthours
2022-03-03,ZONJ,New York City - NYIS,NYIS,New York Independent System Operator,Eastern,128567,megawatthours
2022-03-02,ZONJ,New York City - NYIS,NYIS,New York Independent System Operator,Eastern,126844,megawatthours
2022-03-01,ZONJ,New York City - NYIS,NYIS,New York Independent System Operator,Eastern,133820,megawatthours
2022-02-28,ZONJ,New York City - NYIS,NYIS,New York Independent System Operator,Eastern,135424,megawatthours
2022-02-27,ZONJ,New York City - NYIS,NYIS,New York Independent System Operator,Eastern,121680,megawatthours
2022-02-26,ZONJ,New York City - NYIS,NYIS,New York Independent System Operator,Eastern,127373,megawatthours
2022-02-25,ZONJ,New York City - NYIS,NYIS,New York Independent System Operator,Eastern,135833,megawatthours
2022-02-24,ZONJ,New York City - NYIS,NYIS,New York Independent System Operator,Eastern,132698,megawatthours
2022-02-23,ZONJ,New York City - NYIS,NYIS,New York Independent System Operator,Eastern,122394,megawatthours
2022-02-22,ZONJ,New York City - NYIS,NYIS,New York Independent System Operator,Eastern,126094,megawatthours
2022-02-21,ZONJ,New York City - NYIS,NYIS,New York Independent System Operator,Eastern,123351,megawatthours
2022-02-20,ZONJ,New York City - NYIS,NYIS,New York Independent System Operator,Eastern,126100,megawatthours
2022-02-19,ZONJ,New York City - NYIS,NYIS,New York Independent System Operator,Eastern,125608,megawatthours
2022-02-18,ZONJ,New York City - NYIS,NYIS,New York Independent System Operator,Eastern,126067,megawatthours
2022-02-17,ZONJ,New York City - NYIS,NYIS,New York Independent System Operator,Eastern,125473,megawatthours
2022-02-16,ZONJ,New York City - NYIS,NYIS,New York Independent System Operator,Eastern,137341,megawatthours
2022-02-15,ZONJ,New York City - NYIS,NYIS,New York Independent System Operator,Eastern,146849,megawatthours
2022-02-14,ZONJ,New York City - NYIS,NYIS,New York Independent System Operator,Eastern,145185,megawatthours
2022-02-13,ZONJ,New York City - NYIS,NYIS,New York Independent System Operator,Eastern,123675,megawatthours
2022-02-12,ZONJ,New York City - NYIS,NYIS,New York Independent System Operator,Eastern,114792,megawatthours
2022-02-11,ZONJ,New York City - NYIS,NYIS,New York Independent System Operator,Eastern,126087,megawatthours
2022-02-10,ZONJ,New York City - NYIS,NYIS,New York Independent System Operator,Eastern,129433,megawatthours
2022-02-09,ZONJ,New York City - NYIS,NYIS,New York Independent System Operator,Eastern,134151,megawatthours
2022-02-08,ZONJ,New York City - NYIS,NYIS,New York Independent System Operator,Eastern,134807,megawatthours
2022-02-07,ZONJ,New York City - NYIS,NYIS,New York Independent System Operator,Eastern,140534,megawatthours
2022-02-06,ZONJ,New York City - NYIS,NYIS,New York Independent System Operator,Eastern,134794,megawatthours
2022-02-05,ZONJ,New York City - NYIS,NYIS,New York Independent System Operator,Eastern,135098,megawatthours
2022-02-04,ZONJ,New York City - NYIS,NYIS,New York Independent System Operator,Eastern,135853,megawatthours
2022-02-03,ZONJ,New York City - NYIS,NYIS,New York Independent System Operator,Eastern,133348,megawatthours
2022-02-02,ZONJ,New York City - NYIS,NYIS,New York Independent System Operator,Eastern,137071,megawatthours
2022-02-01,ZONJ,New York City - NYIS,NYIS,New York Independent System Operator,Eastern,142802,megawatthours
2022-01-31,ZONJ,New York City - NYIS,NYIS,New York Independent System Operator,Eastern,147344,megawatthours
2022-01-30,ZONJ,New York City - NYIS,NYIS,New York Independent System Operator,Eastern,142253,megawatthours
2022-01-29,ZONJ,New York City - NYIS,NYIS,New York Independent System Operator,Eastern,142200,megawatthours
2022-01-28,ZONJ,New York City - NYIS,NYIS,New York Independent System Operator,Eastern,142816,megawatthours
2022-01-27,ZONJ,New York City - NYIS,NYIS,New York Independent System Operator,Eastern,145739,megawatthours
2022-01-26,ZONJ,New York City - NYIS,NYIS,New York Independent System Operator,Eastern,144575,megawatthours
2022-01-25,ZONJ,New York City - NYIS,NYIS,New York Independent System Operator,Eastern,137320,megawatthours
2022-01-24,ZONJ,New York City - NYIS,NYIS,New York Independent System Operator,Eastern,140301,megawatthours
2022-01-23,ZONJ,New York City - NYIS,NYIS,New York Independent System Operator,Eastern,132244,megawatthours
2022-01-22,ZONJ,New York City - NYIS,NYIS,New York Independent System Operator,Eastern,139874,megawatthours
2022-01-21,ZONJ,New York City - NYIS,NYIS,New York Independent System Operator,Eastern,149322,megawatthours
2022-01-20,ZONJ,New York City - NYIS,NYIS,New York Independent System Operator,Eastern,137146,megawatthours
2022-01-19,ZONJ,New York City - NYIS,NYIS,New York Independent System Operator,Eastern,135598,megawatthours
2022-01-18,ZONJ,New York City - NYIS,NYIS,New York Independent System Operator,Eastern,139668,megawatthours
2022-01-17,ZONJ,New York City - NYIS,NYIS,New York Independent System Operator,Eastern,135330,megawatthours
2022-01-16,ZONJ,New York City - NYIS,NYIS,New York Independent System Operator,Eastern,139718,megawatthours
2022-01-15,ZONJ,New York City - NYIS,NYIS,New York Independent System Operator,Eastern,140347,megawatthours
2022-01-14,ZONJ,New York City - NYIS,NYIS,New York Independent System Operator,Eastern,133409,megawatthours
2022-01-13,ZONJ,New York City - NYIS,NYIS,New York Independent System Operator,Eastern,133542,megawatthours
2022-01-12,ZONJ,New York City - NYIS,NYIS,New York Independent System Operator,Eastern,142547,megawatthours
2022-01-11,ZONJ,New York City - NYIS,NYIS,New York Independent System Operator,Eastern,148481,megawatthours
2022-01-10,ZONJ,New York City - NYIS,NYIS,New York Independent System Operator,Eastern,138829,megawatthours
2022-01-09,ZONJ,New York City - NYIS,NYIS,New York Independent System Operator,Eastern,127534,megawatthours
2022-01-08,ZONJ,New York City - NYIS,NYIS,New York Independent System Operator,Eastern,133150,megawatthours
2022-01-07,ZONJ,New York City - NYIS,NYIS,New York Independent System Operator,Eastern,137445,megawatthours
2022-01-06,ZONJ,New York City - NYIS,NYIS,New York Independent System Operator,Eastern,132221,megawatthours
2022-01-05,ZONJ,New York City - NYIS,NYIS,New York Independent System Operator,Eastern,134358,megawatthours
2022-01-04,ZONJ,New York City - NYIS,NYIS,New York Independent System Operator,Eastern,139254,megawatthours
2022-01-03,ZONJ,New York City - NYIS,NYIS,New York Independent System Operator,Eastern,134716,megawatthours
2022-01-02,ZONJ,New York City - NYIS,NYIS,New York Independent System Operator,Eastern,112459,megawatthours
2022-01-01,ZONJ,New York City - NYIS,NYIS,New York Independent System Operator,Eastern,111503,megawatthours
2021-12-31,ZONJ,New York City - NYIS,NYIS,New York Independent System Operator,Eastern,117546,megawatthours
2021-12-30,ZONJ,New York City - NYIS,NYIS,New York Independent System Operator,Eastern,123116,megawatthours
2021-12-29,ZONJ,New York City - NYIS,NYIS,New York Independent System Operator,Eastern,125574,megawatthours
2021-12-28,ZONJ,New York City - NYIS,NYIS,New York Independent System Operator,Eastern,125714,megawatthours
2021-12-27,ZONJ,New York City - NYIS,NYIS,New York Independent System Operator,Eastern,127916,megawatthours
2021-12-26,ZONJ,New York City - NYIS,NYIS,New York Independent System Operator,Eastern,113618,megawatthours
2021-12-25,ZONJ,New York City - NYIS,NYIS,New York Independent System Operator,Eastern,115095,megawatthours
2021-12-24,ZONJ,New York City - NYIS,NYIS,New York Independent System Operator,Eastern,124106,megawatthours
2021-12-23,ZONJ,New York City - NYIS,NYIS,New York Independent System Operator,Eastern,132307,megawatthours
2021-12-22,ZONJ,New York City - NYIS,NYIS,New York Independent System Operator,Eastern,128868,megawatthours
2021-12-21,ZONJ,New York City - NYIS,NYIS,New York Independent System Operator,Eastern,132331,megawatthours
2021-12-20,ZONJ,New York City - NYIS,NYIS,New York Independent System Operator,Eastern,133775,megawatthours
2021-12-19,ZONJ,New York City - NYIS,NYIS,New York Independent System Operator,Eastern,118663,megawatthours
2021-12-18,ZONJ,New York City - NYIS,NYIS,New York Independent System Operator,Eastern,117721,megawatthours
2021-12-17,ZONJ,New York City - NYIS,NYIS,New York Independent System Operator,Eastern,120573,megawatthours
2021-12-16,ZONJ,New York City - NYIS,NYIS,New York Independent System Operator,Eastern,124172,megawatthours
2021-12-15,ZONJ,New York City - NYIS,NYIS,New York Independent System Operator,Eastern,126642,megawatthours
2021-12-14,ZONJ,New York City - NYIS,NYIS,New York Independent System Operator,Eastern,126500,megawatthours
2021-12-13,ZONJ,New York City - NYIS,NYIS,New York Independent System Operator,Eastern,125997,megawatthours
2021-12-12,ZONJ,New York City - NYIS,NYIS,New York Independent System Operator,Eastern,115082,megawatthours
2021-12-11,ZONJ,New York City - NYIS,NYIS,New York Independent System Operator,Eastern,116338,megawatthours
2021-12-10,ZONJ,New York City - NYIS,NYIS,New York Independent System Operator,Eastern,128072,megawatthours
2021-12-09,ZONJ,New York City - NYIS,NYIS,New York Independent System Operator,Eastern,132700,megawatthours
2021-12-08,ZONJ,New York City - NYIS,NYIS,New York Independent System Operator,Eastern,131138,megawatthours
2021-12-07,ZONJ,New York City - NYIS,NYIS,New York Independent System Operator,Eastern,128524,megawatthours
2021-12-06,ZONJ,New York City - NYIS,NYIS,New York Independent System Operator,Eastern,125874,megawatthours
2021-12-05,ZONJ,New York City - NYIS,NYIS,New York Independent System Operator,Eastern,115555,megawatthours
2021-12-04,ZONJ,New York City - NYIS,NYIS,New York Independent System Operator,Eastern,119139,megawatthours
2021-12-03,ZONJ,New York City - NYIS,NYIS,New York Independent System Operator,Eastern,125159,megawatthours
2021-12-02,ZONJ,New York City - NYIS,NYIS,New York Independent System Operator,Eastern,126233,megawatthours
2021-12-01,ZONJ,New York City - NYIS,NYIS,New York Independent System Operator,Eastern,129347,megawatthours
2021-11-30,ZONJ,New York City - NYIS,NYIS,New York Independent System Operator,Eastern,133370,megawatthours
2021-11-29,ZONJ,New York City - NYIS,NYIS,New York Independent System Operator,Eastern,130792,megawatthours
2021-11-28,ZONJ,New York City - NYIS,NYIS,New York Independent System Operator,Eastern,119589,megawatthours
2021-11-27,ZONJ,New York City - NYIS,NYIS,New York Independent System Operator,Eastern,119286,megawatthours
2021-11-26,ZONJ,New York City - NYIS,NYIS,New York Independent System Operator,Eastern,119173,megawatthours
2021-11-25,ZONJ,New York City - NYIS,NYIS,New York Independent System Operator,Eastern,112937,megawatthours
2021-11-24,ZONJ,New York City - NYIS,NYIS,New York Independent System Operator,Eastern,128530,megawatthours
2021-11-23,ZONJ,New York City - NYIS,NYIS,New York Independent System Operator,Eastern,129289,megawatthours
2021-11-22,ZONJ,New York City - NYIS,NYIS,New York Independent System Operator,Eastern,124473,megawatthours
2021-11-21,ZONJ,New York City - NYIS,NYIS,New York Independent System Operator,Eastern,112537,megawatthours
2021-11-20,ZONJ,New York City - NYIS,NYIS,New York Independent System Operator,Eastern,115831,megawatthours
2021-11-19,ZONJ,New York City - NYIS,NYIS,New York Independent System Operator,Eastern,123628,megawatthours
2021-11-18,ZONJ,New York City - NYIS,NYIS,New York Independent System Operator,Eastern,122628,megawatthours
2021-11-17,ZONJ,New York City - NYIS,NYIS,New York Independent System Operator,Eastern,124707,megawatthours
2021-11-16,ZONJ,New York City - NYIS,NYIS,New York Independent System Operator,Eastern,126053,megawatthours
2021-11-15,ZONJ,New York City - NYIS,NYIS,New York Independent System Operator,Eastern,125413,megawatthours
2021-11-14,ZONJ,New York City - NYIS,NYIS,New York Independent System Operator,Eastern,111389,megawatthours
2021-11-13,ZONJ,New York City - NYIS,NYIS,New York Independent System Operator,Eastern,111370,megawatthours
2021-11-12,ZONJ,New York City - NYIS,NYIS,New York Independent System Operator,Eastern,122015,megawatthours
2021-11-11,ZONJ,New York City - NYIS,NYIS,New York Independent System Operator,Eastern,118862,megawatthours
2021-11-10,ZONJ,New York City - NYIS,NYIS,New York Independent System Operator,Eastern,120398,megawatthours
2021-11-09,ZONJ,New York City - NYIS,NYIS,New York Independent System Operator,Eastern,121457,megawatthours
2021-11-08,ZONJ,New York City - NYIS,NYIS,New York Independent System Operator,Eastern,119783,megawatthours
2021-11-07,ZONJ,New York City - NYIS,NYIS,New York Independent System Operator,Eastern,115399,megawatthours
2021-11-06,ZONJ,New York City - NYIS,NYIS,New York Independent System Operator,Eastern,111253,megawatthours
2021-11-05,ZONJ,New York City - NYIS,NYIS,New York Independent System Operator,Eastern,122425,megawatthours
2021-11-04,ZONJ,New York City - NYIS,NYIS,New York Independent System Operator,Eastern,122026,megawatthours
2021-11-03,ZONJ,New York City - NYIS,NYIS,New York Independent System Operator,Eastern,120557,megawatthours
2021-11-02,ZONJ,New York City - NYIS,NYIS,New York Independent System Operator,Eastern,118536,megawatthours
2021-11-01,ZONJ,New York City - NYIS,NYIS,New York Independent System Operator,Eastern,116568,megawatthours
2021-10-31,ZONJ,New York City - NYIS,NYIS,New York Independent System Operator,Eastern,107613,megawatthours
2021-10-30,ZONJ,New York City - NYIS,NYIS,New York Independent System Operator,Eastern,111022,megawatthours
2021-10-29,ZONJ,New York City - NYIS,NYIS,New York Independent System Operator,Eastern,117986,megawatthours
2021-10-28,ZONJ,New York City - NYIS,NYIS,New York Independent System Operator,Eastern,118554,megawatthours
2021-10-27,ZONJ,New York City - NYIS,NYIS,New York Independent System Operator,Eastern,119791,megawatthours
2021-10-26,ZONJ,New York City - NYIS,NYIS,New York Independent System Operator,Eastern,122736,megawatthours
2021-10-25,ZONJ,New York City - NYIS,NYIS,New York Independent System Operator,Eastern,124399,megawatthours
2021-10-24,ZONJ,New York City - NYIS,NYIS,New York Independent System Operator,Eastern,105809,megawatthours
2021-10-23,ZONJ,New York City - NYIS,NYIS,New York Independent System Operator,Eastern,108488,megawatthours
2021-10-22,ZONJ,New York City - NYIS,NYIS,New York Independent System Operator,Eastern,124472,megawatthours
2021-10-21,ZONJ,New York City - NYIS,NYIS,New York Independent System Operator,Eastern,126201,megawatthours
2021-10-20,ZONJ,New York City - NYIS,NYIS,New York Independent System Operator,Eastern,122707,megawatthours
2021-10-19,ZONJ,New York City - NYIS,NYIS,New York Independent System Operator,Eastern,118891,megawatthours
2021-10-18,ZONJ,New York City - NYIS,NYIS,New York Independent System Operator,Eastern,117306,megawatthours
2021-10-17,ZONJ,New York City - NYIS,NYIS,New York Independent System Operator,Eastern,109050,megawatthours
2021-10-16,ZONJ,New York City - NYIS,NYIS,New York Independent System Operator,Eastern,127522,megawatthours
2021-10-15,ZONJ,New York City - NYIS,NYIS,New York Independent System Operator,Eastern,138700,megawatthours
2021-10-14,ZONJ,New York City - NYIS,NYIS,New York Independent System Operator,Eastern,134765,megawatthours
2021-10-13,ZONJ,New York City - NYIS,NYIS,New York Independent System Operator,Eastern,130421,megawatthours
2021-10-12,ZONJ,New York City - NYIS,NYIS,New York Independent System Operator,Eastern,128455,megawatthours
2021-10-11,ZONJ,New York City - NYIS,NYIS,New York Independent System Operator,Eastern,123650,megawatthours
2021-10-10,ZONJ,New York City - NYIS,NYIS,New York Independent System Operator,Eastern,113337,megawatthours
2021-10-09,ZONJ,New York City - NYIS,NYIS,New York Independent System Operator,Eastern,116687,megawatthours
2021-10-08,ZONJ,New York City - NYIS,NYIS,New York Independent System Operator,Eastern,134616,megawatthours
2021-10-07,ZONJ,New York City - NYIS,NYIS,New York Independent System Operator,Eastern,132754,megawatthours
2021-10-06,ZONJ,New York City - NYIS,NYIS,New York Independent System Operator,Eastern,127627,megawatthours
2021-10-05,ZONJ,New York City - NYIS,NYIS,New York Independent System Operator,Eastern,126645,megawatthours
2021-10-04,ZONJ,New York City - NYIS,NYIS,New York Independent System Operator,Eastern,138989,megawatthours
2021-10-03,ZONJ,New York City - NYIS,NYIS,New York Independent System Operator,Eastern,120008,megawatthours
2021-10-02,ZONJ,New York City - NYIS,NYIS,New York Independent System Operator,Eastern,113157,megawatthours
2021-10-01,ZONJ,New York City - NYIS,NYIS,New York Independent System Operator,Eastern,118461,megawatthours
2021-09-30,ZONJ,New York City - NYIS,NYIS,New York Independent System Operator,Eastern,120583,megawatthours
2021-09-29,ZONJ,New York City - NYIS,NYIS,New York Independent System Operator,Eastern,123112,megawatthours
2021-09-28,ZONJ,New York City - NYIS,NYIS,New York Independent System Operator,Eastern,136749,megawatthours
2021-09-27,ZONJ,New York City - NYIS,NYIS,New York Independent System Operator,Eastern,133727,megawatthours
2021-09-26,ZONJ,New York City - NYIS,NYIS,New York Independent System Operator,Eastern,117189,megawatthours
2021-09-25,ZONJ,New York City - NYIS,NYIS,New York Independent System Operator,Eastern,122402,megawatthours
2021-09-24,ZONJ,New York City - NYIS,NYIS,New York Independent System Operator,Eastern,136329,megawatthours
2021-09-23,ZONJ,New York City - NYIS,NYIS,New York Independent System Operator,Eastern,163865,megawatthours
2021-09-22,ZONJ,New York City - NYIS,NYIS,New York Independent System Operator,Eastern,161347,megawatthours
2021-09-21,ZONJ,New York City - NYIS,NYIS,New York Independent System Operator,Eastern,144080,megawatthours
2021-09-20,ZONJ,New York City - NYIS,NYIS,New York Independent System Operator,Eastern,143830,megawatthours
2021-09-19,ZONJ,New York City - NYIS,NYIS,New York Independent System Operator,Eastern,134734,megawatthours
2021-09-18,ZONJ,New York City - NYIS,NYIS,New York Independent System Operator,Eastern,149956,megawatthours
2021-09-17,ZONJ,New York City - NYIS,NYIS,New York Independent System Operator,Eastern,156474,megawatthours
2021-09-16,ZONJ,New York City - NYIS,NYIS,New York Independent System Operator,Eastern,160157,megawatthours
2021-09-15,ZONJ,New York City - NYIS,NYIS,New York Independent System Operator,Eastern,176961,megawatthours
2021-09-14,ZONJ,New York City - NYIS,NYIS,New York Independent System Operator,Eastern,162684,megawatthours
2021-09-13,ZONJ,New York City - NYIS,NYIS,New York Independent System Operator,Eastern,170347,megawatthours
2021-09-12,ZONJ,New York City - NYIS,NYIS,New York Independent System Operator,Eastern,138482,megawatthours
2021-09-11,ZONJ,New York City - NYIS,NYIS,New York Independent System Operator,Eastern,127733,megawatthours
2021-09-10,ZONJ,New York City - NYIS,NYIS,New York Independent System Operator,Eastern,139917,megawatthours
2021-09-09,ZONJ,New York City - NYIS,NYIS,New York Independent System Operator,Eastern,156434,megawatthours
2021-09-08,ZONJ,New York City - NYIS,NYIS,New York Independent System Operator,Eastern,163652,megawatthours
2021-09-07,ZONJ,New York City - NYIS,NYIS,New York Independent System Operator,Eastern,149054,megawatthours
2021-09-06,ZONJ,New York City - NYIS,NYIS,New York Independent System Operator,Eastern,138924,megawatthours
2021-09-05,ZONJ,New York City - NYIS,NYIS,New York Independent System Operator,Eastern,128107,megawatthours
2021-09-04,ZONJ,New York City - NYIS,NYIS,New York Independent System Operator,Eastern,125285,megawatthours
2021-09-03,ZONJ,New York City - NYIS,NYIS,New York Independent System Operator,Eastern,131258,megawatthours
2021-09-02,ZONJ,New York City - NYIS,NYIS,New York Independent System Operator,Eastern,135740,megawatthours
2021-09-01,ZONJ,New York City - NYIS,NYIS,New York Independent System Operator,Eastern,159108,megawatthours
2021-08-31,ZONJ,New York City - NYIS,NYIS,New York Independent System Operator,Eastern,176635,megawatthours
2021-08-30,ZONJ,New York City - NYIS,NYIS,New York Independent System Operator,Eastern,175220,megawatthours
2021-08-29,ZONJ,New York City - NYIS,NYIS,New York Independent System Operator,Eastern,136489,megawatthours
2021-08-28,ZONJ,New York City - NYIS,NYIS,New York Independent System Operator,Eastern,154176,megawatthours
2021-08-27,ZONJ,New York City - NYIS,NYIS,New York Independent System Operator,Eastern,201023,megawatthours
2021-08-26,ZONJ,New York City - NYIS,NYIS,New York Independent System Operator,Eastern,202186,megawatthours
2021-08-25,ZONJ,New York City - NYIS,NYIS,New York Independent System Operator,Eastern,189996,megawatthours
2021-08-24,ZONJ,New York City - NYIS,NYIS,New York Independent System Operator,Eastern,181545,megawatthours
2021-08-23,ZONJ,New York City - NYIS,NYIS,New York Independent System Operator,Eastern,168032,megawatthours
2021-08-22,ZONJ,New York City - NYIS,NYIS,New York Independent System Operator,Eastern,151885,megawatthours
2021-08-21,ZONJ,New York City - NYIS,NYIS,New York Independent System Operator,Eastern,162279,megawatthours
2021-08-20,ZONJ,New York City - NYIS,NYIS,New York Independent System Operator,Eastern,175365,megawatthours
2021-08-19,ZONJ,New York City - NYIS,NYIS,New York Independent System Operator,Eastern,186082,megawatthours
2021-08-18,ZONJ,New York City - NYIS,NYIS,New York Independent System Operator,Eastern,177119,megawatthours
2021-08-17,ZONJ,New York City - NYIS,NYIS,New York Independent System Operator,Eastern,166593,megawatthours
2021-08-16,ZONJ,New York City - NYIS,NYIS,New York Independent System Operator,Eastern,165007,megawatthours
2021-08-15,ZONJ,New York City - NYIS,NYIS,New York Independent System Operator,Eastern,153218,megawatthours
2021-08-14,ZONJ,New York City - NYIS,NYIS,New York Independent System Operator,Eastern,185433,megawatthours
2021-08-13,ZONJ,New York City - NYIS,NYIS,New York Independent System Operator,Eastern,202936,megawatthours
2021-08-12,ZONJ,New York City - NYIS,NYIS,New York Independent System Operator,Eastern,195957,megawatthours
2021-08-11,ZONJ,New York City - NYIS,NYIS,New York Independent System Operator,Eastern,187093,megawatthours
2021-08-10,ZONJ,New York City - NYIS,NYIS,New York Independent System Operator,Eastern,171450,megawatthours
2021-08-09,ZONJ,New York City - NYIS,NYIS,New York Independent System Operator,Eastern,158928,megawatthours
2021-08-08,ZONJ,New York City - NYIS,NYIS,New York Independent System Operator,Eastern,139597,megawatthours
2021-08-07,ZONJ,New York City - NYIS,NYIS,New York Independent System Operator,Eastern,154929,megawatthours
2021-08-06,ZONJ,New York City - NYIS,NYIS,New York Independent System Operator,Eastern,163006,megawatthours
2021-08-05,ZONJ,New York City - NYIS,NYIS,New York Independent System Operator,Eastern,149371,megawatthours
2021-08-04,ZONJ,New York City - NYIS,NYIS,New York Independent System Operator,Eastern,144567,megawatthours
2021-08-03,ZONJ,New York City - NYIS,NYIS,New York Independent System Operator,Eastern,143955,megawatthours
2021-08-02,ZONJ,New York City - NYIS,NYIS,New York Independent System Operator,Eastern,145959,megawatthours
2021-08-01,ZONJ,New York City - NYIS,NYIS,New York Independent System Operator,Eastern,132174,megawatthours
2021-07-31,ZONJ,New York City - NYIS,NYIS,New York Independent System Operator,Eastern,129226,megawatthours
2021-07-30,ZONJ,New York City - NYIS,NYIS,New York Independent System Operator,Eastern,157158,megawatthours
2021-07-29,ZONJ,New York City - NYIS,NYIS,New York Independent System Operator,Eastern,164946,megawatthours
2021-07-28,ZONJ,New York City - NYIS,NYIS,New York Independent System Operator,Eastern,170345,megawatthours
2021-07-27,ZONJ,New York City - NYIS,NYIS,New York Independent System Operator,Eastern,181143,megawatthours
2021-07-26,ZONJ,New York City - NYIS,NYIS,New York Independent System Operator,Eastern,181389,megawatthours
2021-07-25,ZONJ,New York City - NYIS,NYIS,New York Independent System Operator,Eastern,150491,megawatthours
2021-07-24,ZONJ,New York City - NYIS,NYIS,New York Independent System Operator,Eastern,144541,megawatthours
2021-07-23,ZONJ,New York City - NYIS,NYIS,New York Independent System Operator,Eastern,153539,megawatthours
2021-07-22,ZONJ,New York City - NYIS,NYIS,New York Independent System Operator,Eastern,157731,megawatthours
2021-07-21,ZONJ,New York City - NYIS,NYIS,New York Independent System Operator,Eastern,172786,megawatthours
2021-07-20,ZONJ,New York City - NYIS,NYIS,New York Independent System Operator,Eastern,178188,megawatthours
2021-07-19,ZONJ,New York City - NYIS,NYIS,New York Independent System Operator,Eastern,167678,megawatthours
2021-07-18,ZONJ,New York City - NYIS,NYIS,New York Independent System Operator,Eastern,163541,megawatthours
2021-07-17,ZONJ,New York City - NYIS,NYIS,New York Independent System Operator,Eastern,181974,megawatthours
2021-07-16,ZONJ,New York City - NYIS,NYIS,New York Independent System Operator,Eastern,198095,megawatthours
2021-07-15,ZONJ,New York City - NYIS,NYIS,New York Independent System Operator,Eastern,183799,megawatthours
2021-07-14,ZONJ,New York City - NYIS,NYIS,New York Independent System Operator,Eastern,169728,megawatthours
2021-07-13,ZONJ,New York City - NYIS,NYIS,New York Independent System Operator,Eastern,157758,megawatthours
2021-07-12,ZONJ,New York City - NYIS,NYIS,New York Independent System Operator,Eastern,176422,megawatthours
2021-07-11,ZONJ,New York City - NYIS,NYIS,New York Independent System Operator,Eastern,146754,megawatthours
2021-07-10,ZONJ,New York City - NYIS,NYIS,New York Independent System Operator,Eastern,152105,megawatthours
2021-07-09,ZONJ,New York City - NYIS,NYIS,New York Independent System Operator,Eastern,172232,megawatthours
2021-07-08,ZONJ,New York City - NYIS,NYIS,New York Independent System Operator,Eastern,184239,megawatthours
2021-07-07,ZONJ,New York City - NYIS,NYIS,New York Independent System Operator,Eastern,190084,megawatthours
2021-07-06,ZONJ,New York City - NYIS,NYIS,New York Independent System Operator,Eastern,178255,megawatthours
2021-07-05,ZONJ,New York City - NYIS,NYIS,New York Independent System Operator,Eastern,141039,megawatthours
2021-07-04,ZONJ,New York City - NYIS,NYIS,New York Independent System Operator,Eastern,118334,megawatthours
2021-07-03,ZONJ,New York City - NYIS,NYIS,New York Independent System Operator,Eastern,120541,megawatthours
2021-07-02,ZONJ,New York City - NYIS,NYIS,New York Independent System Operator,Eastern,161877,megawatthours
2021-07-01,ZONJ,New York City - NYIS,NYIS,New York Independent System Operator,Eastern,185946,megawatthours
2021-06-30,ZONJ,New York City - NYIS,NYIS,New York Independent System Operator,Eastern,212086,megawatthours
2021-06-29,ZONJ,New York City - NYIS,NYIS,New York Independent System Operator,Eastern,206885,megawatthours
2021-06-28,ZONJ,New York City - NYIS,NYIS,New York Independent System Operator,Eastern,194131,megawatthours
2021-06-27,ZONJ,New York City - NYIS,NYIS,New York Independent System Operator,Eastern,159179,megawatthours
2021-06-26,ZONJ,New York City - NYIS,NYIS,New York Independent System Operator,Eastern,147001,megawatthours
2021-06-25,ZONJ,New York City - NYIS,NYIS,New York Independent System Operator,Eastern,138370,megawatthours
2021-06-24,ZONJ,New York City - NYIS,NYIS,New York Independent System Operator,Eastern,133803,megawatthours
2021-06-23,ZONJ,New York City - NYIS,NYIS,New York Independent System Operator,Eastern,129862,megawatthours
2021-06-22,ZONJ,New York City - NYIS,NYIS,New York Independent System Operator,Eastern,155375,megawatthours
2021-06-21,ZONJ,New York City - NYIS,NYIS,New York Independent System Operator,Eastern,180010,megawatthours
2021-06-20,ZONJ,New York City - NYIS,NYIS,New York Independent System Operator,Eastern,147051,megawatthours
2021-06-19,ZONJ,New York City - NYIS,NYIS,New York Independent System Operator,Eastern,144873,megawatthours
2021-06-18,ZONJ,New York City - NYIS,NYIS,New York Independent System Operator,Eastern,141117,megawatthours
2021-06-17,ZONJ,New York City - NYIS,NYIS,New York Independent System Operator,Eastern,132504,megawatthours
2021-06-16,ZONJ,New York City - NYIS,NYIS,New York Independent System Operator,Eastern,135297,megawatthours
2021-06-15,ZONJ,New York City - NYIS,NYIS,New York Independent System Operator,Eastern,142937,megawatthours
2021-06-14,ZONJ,New York City - NYIS,NYIS,New York Independent System Operator,Eastern,134552,megawatthours
2021-06-13,ZONJ,New York City - NYIS,NYIS,New York Independent System Operator,Eastern,117076,megawatthours
2021-06-12,ZONJ,New York City - NYIS,NYIS,New York Independent System Operator,Eastern,118807,megawatthours
2021-06-11,ZONJ,New York City - NYIS,NYIS,New York Independent System Operator,Eastern,133401,megawatthours
2021-06-10,ZONJ,New York City - NYIS,NYIS,New York Independent System Operator,Eastern,164490,megawatthours
2021-06-09,ZONJ,New York City - NYIS,NYIS,New York Independent System Operator,Eastern,185200,megawatthours
2021-06-08,ZONJ,New York City - NYIS,NYIS,New York Independent System Operator,Eastern,183066,megawatthours
2021-06-07,ZONJ,New York City - NYIS,NYIS,New York Independent System Operator,Eastern,182078,megawatthours
2021-06-06,ZONJ,New York City - NYIS,NYIS,New York Independent System Operator,Eastern,157383,megawatthours
2021-06-05,ZONJ,New York City - NYIS,NYIS,New York Independent System Operator,Eastern,139282,megawatthours
2021-06-04,ZONJ,New York City - NYIS,NYIS,New York Independent System Operator,Eastern,134942,megawatthours
2021-06-03,ZONJ,New York City - NYIS,NYIS,New York Independent System Operator,Eastern,125374,megawatthours
2021-06-02,ZONJ,New York City - NYIS,NYIS,New York Independent System Operator,Eastern,122150,megawatthours
2021-06-01,ZONJ,New York City - NYIS,NYIS,New York Independent System Operator,Eastern,118089,megawatthours
2021-05-31,ZONJ,New York City - NYIS,NYIS,New York Independent System Operator,Eastern,104281,megawatthours
2021-05-30,ZONJ,New York City - NYIS,NYIS,New York Independent System Operator,Eastern,104357,megawatthours
2021-05-29,ZONJ,New York City - NYIS,NYIS,New York Independent System Operator,Eastern,105407,megawatthours
2021-05-28,ZONJ,New York City - NYIS,NYIS,New York Independent System Operator,Eastern,121714,megawatthours
2021-05-27,ZONJ,New York City - NYIS,NYIS,New York Independent System Operator,Eastern,144678,megawatthours
2021-05-26,ZONJ,New York City - NYIS,NYIS,New York Independent System Operator,Eastern,143580,megawatthours
2021-05-25,ZONJ,New York City - NYIS,NYIS,New York Independent System Operator,Eastern,124219,megawatthours
2021-05-24,ZONJ,New York City - NYIS,NYIS,New York Independent System Operator,Eastern,128641,megawatthours
2021-05-23,ZONJ,New York City - NYIS,NYIS,New York Independent System Operator,Eastern,143933,megawatthours
2021-05-22,ZONJ,New York City - NYIS,NYIS,New York Independent System Operator,Eastern,131007,megawatthours
2021-05-21,ZONJ,New York City - NYIS,NYIS,New York Independent System Operator,Eastern,125978,megawatthours
2021-05-20,ZONJ,New York City - NYIS,NYIS,New York Independent System Operator,Eastern,127285,megawatthours
2021-05-19,ZONJ,New York City - NYIS,NYIS,New York Independent System Operator,Eastern,135636,megawatthours
2021-05-18,ZONJ,New York City - NYIS,NYIS,New York Independent System Operator,Eastern,125449,megawatthours
2021-05-17,ZONJ,New York City - NYIS,NYIS,New York Independent System Operator,Eastern,119562,megawatthours
2021-05-16,ZONJ,New York City - NYIS,NYIS,New York Independent System Operator,Eastern,106379,megawatthours
2021-05-15,ZONJ,New York City - NYIS,NYIS,New York Independent System Operator,Eastern,106969,megawatthours
2021-05-14,ZONJ,New York City - NYIS,NYIS,New York Independent System Operator,Eastern,114713,megawatthours
2021-05-13,ZONJ,New York City - NYIS,NYIS,New York Independent System Operator,Eastern,112234,megawatthours
2021-05-12,ZONJ,New York City - NYIS,NYIS,New York Independent System Operator,Eastern,112466,megawatthours
2021-05-11,ZONJ,New York City - NYIS,NYIS,New York Independent System Operator,Eastern,112533,megawatthours
2021-05-10,ZONJ,New York City - NYIS,NYIS,New York Independent System Operator,Eastern,113642,megawatthours
2021-05-09,ZONJ,New York City - NYIS,NYIS,New York Independent System Operator,Eastern,101730,megawatthours
2021-05-08,ZONJ,New York City - NYIS,NYIS,New York Independent System Operator,Eastern,104435,megawatthours
2021-05-07,ZONJ,New York City - NYIS,NYIS,New York Independent System Operator,Eastern,111869,megawatthours
2021-05-06,ZONJ,New York City - NYIS,NYIS,New York Independent System Operator,Eastern,112628,megawatthours
2021-05-05,ZONJ,New York City - NYIS,NYIS,New York Independent System Operator,Eastern,115496,megawatthours
2021-05-04,ZONJ,New York City - NYIS,NYIS,New York Independent System Operator,Eastern,115824,megawatthours
2021-05-03,ZONJ,New York City - NYIS,NYIS,New York Independent System Operator,Eastern,116045,megawatthours
2021-05-02,ZONJ,New York City - NYIS,NYIS,New York Independent System Operator,Eastern,104744,megawatthours
2021-05-01,ZONJ,New York City - NYIS,NYIS,New York Independent System Operator,Eastern,103765,megawatthours
2021-04-30,ZONJ,New York City - NYIS,NYIS,New York Independent System Operator,Eastern,115848,megawatthours
2021-04-29,ZONJ,New York City - NYIS,NYIS,New York Independent System Operator,Eastern,119535,megawatthours
2021-04-28,ZONJ,New York City - NYIS,NYIS,New York Independent System Operator,Eastern,116211,megawatthours
2021-04-27,ZONJ,New York City - NYIS,NYIS,New York Independent System Operator,Eastern,113664,megawatthours
2021-04-26,ZONJ,New York City - NYIS,NYIS,New York Independent System Operator,Eastern,113175,megawatthours
2021-04-25,ZONJ,New York City - NYIS,NYIS,New York Independent System Operator,Eastern,103336,megawatthours
2021-04-24,ZONJ,New York City - NYIS,NYIS,New York Independent System Operator,Eastern,103866,megawatthours
2021-04-23,ZONJ,New York City - NYIS,NYIS,New York Independent System Operator,Eastern,114808,megawatthours
2021-04-22,ZONJ,New York City - NYIS,NYIS,New York Independent System Operator,Eastern,117557,megawatthours
2021-04-21,ZONJ,New York City - NYIS,NYIS,New York Independent System Operator,Eastern,113972,megawatthours
2021-04-20,ZONJ,New York City - NYIS,NYIS,New York Independent System Operator,Eastern,113496,megawatthours
2021-04-19,ZONJ,New York City - NYIS,NYIS,New York Independent System Operator,Eastern,113034,megawatthours
2021-04-18,ZONJ,New York City - NYIS,NYIS,New York Independent System Operator,Eastern,103432,megawatthours
2021-04-17,ZONJ,New York City - NYIS,NYIS,New York Independent System Operator,Eastern,106596,megawatthours
2021-04-16,ZONJ,New York City - NYIS,NYIS,New York Independent System Operator,Eastern,115586,megawatthours
2021-04-15,ZONJ,New York City - NYIS,NYIS,New York Independent System Operator,Eastern,116273,megawatthours
2021-04-14,ZONJ,New York City - NYIS,NYIS,New York Independent System Operator,Eastern,114547,megawatthours
2021-04-13,ZONJ,New York City - NYIS,NYIS,New York Independent System Operator,Eastern,115146,megawatthours
2021-04-12,ZONJ,New York City - NYIS,NYIS,New York Independent System Operator,Eastern,117678,megawatthours
2021-04-11,ZONJ,New York City - NYIS,NYIS,New York Independent System Operator,Eastern,105602,megawatthours
2021-04-10,ZONJ,New York City - NYIS,NYIS,New York Independent System Operator,Eastern,105504,megawatthours
2021-04-09,ZONJ,New York City - NYIS,NYIS,New York Independent System Operator,Eastern,113740,megawatthours
2021-04-08,ZONJ,New York City - NYIS,NYIS,New York Independent System Operator,Eastern,113231,megawatthours
2021-04-07,ZONJ,New York City - NYIS,NYIS,New York Independent System Operator,Eastern,113367,megawatthours
2021-04-06,ZONJ,New York City - NYIS,NYIS,New York Independent System Operator,Eastern,113346,megawatthours
2021-04-05,ZONJ,New York City - NYIS,NYIS,New York Independent System Operator,Eastern,114036,megawatthours
2021-04-04,ZONJ,New York City - NYIS,NYIS,New York Independent System Operator,Eastern,104967,megawatthours
2021-04-03,ZONJ,New York City - NYIS,NYIS,New York Independent System Operator,Eastern,111331,megawatthours
2021-04-02,ZONJ,New York City - NYIS,NYIS,New York Independent System Operator,Eastern,120447,megawatthours
2021-04-01,ZONJ,New York City - NYIS,NYIS,New York Independent System Operator,Eastern,116292,megawatthours
2021-03-31,ZONJ,New York City - NYIS,NYIS,New York Independent System Operator,Eastern,114786,megawatthours
2021-03-30,ZONJ,New York City - NYIS,NYIS,New York Independent System Operator,Eastern,114118,megawatthours
2021-03-29,ZONJ,New York City - NYIS,NYIS,New York Independent System Operator,Eastern,114360,megawatthours
2021-03-28,ZONJ,New York City - NYIS,NYIS,New York Independent System Operator,Eastern,105956,megawatthours
2021-03-27,ZONJ,New York City - NYIS,NYIS,New York Independent System Operator,Eastern,104347,megawatthours
2021-03-26,ZONJ,New York City - NYIS,NYIS,New York Independent System Operator,Eastern,116519,megawatthours
2021-03-25,ZONJ,New York City - NYIS,NYIS,New York Independent System Operator,Eastern,117259,megawatthours
2021-03-24,ZONJ,New York City - NYIS,NYIS,New York Independent System Operator,Eastern,119037,megawatthours
2021-03-23,ZONJ,New York City - NYIS,NYIS,New York Independent System Operator,Eastern,117592,megawatthours
2021-03-22,ZONJ,New York City - NYIS,NYIS,New York Independent System Operator,Eastern,118163,megawatthours
2021-03-21,ZONJ,New York City - NYIS,NYIS,New York Independent System Operator,Eastern,108863,megawatthours
2021-03-20,ZONJ,New York City - NYIS,NYIS,New York Independent System Operator,Eastern,114326,megawatthours
2021-03-19,ZONJ,New York City - NYIS,NYIS,New York Independent System Operator,Eastern,126141,megawatthours
2021-03-18,ZONJ,New York City - NYIS,NYIS,New York Independent System Operator,Eastern,125791,megawatthours
2021-03-17,ZONJ,New York City - NYIS,NYIS,New York Independent System Operator,Eastern,127813,megawatthours
2021-03-16,ZONJ,New York City - NYIS,NYIS,New York Independent System Operator,Eastern,132268,megawatthours
2021-03-15,ZONJ,New York City - NYIS,NYIS,New York Independent System Operator,Eastern,130016,megawatthours
2021-03-14,ZONJ,New York City - NYIS,NYIS,New York Independent System Operator,Eastern,106228,megawatthours
2021-03-13,ZONJ,New York City - NYIS,NYIS,New York Independent System Operator,Eastern,110810,megawatthours
2021-03-12,ZONJ,New York City - NYIS,NYIS,New York Independent System Operator,Eastern,115813,megawatthours
2021-03-11,ZONJ,New York City - NYIS,NYIS,New York Independent System Operator,Eastern,118569,megawatthours
2021-03-10,ZONJ,New York City - NYIS,NYIS,New York Independent System Operator,Eastern,120607,megawatthours
2021-03-09,ZONJ,New York City - NYIS,NYIS,New York Independent System Operator,Eastern,122402,megawatthours
2021-03-08,ZONJ,New York City - NYIS,NYIS,New York Independent System Operator,Eastern,130321,megawatthours
2021-03-07,ZONJ,New York City - NYIS,NYIS,New York Independent System Operator,Eastern,121035,megawatthours
2021-03-06,ZONJ,New York City - NYIS,NYIS,New York Independent System Operator,Eastern,124363,megawatthours
2021-03-05,ZONJ,New York City - NYIS,NYIS,New York Independent System Operator,Eastern,133762,megawatthours
2021-03-04,ZONJ,New York City - NYIS,NYIS,New York Independent System Operator,Eastern,128077,megawatthours
2021-03-03,ZONJ,New York City - NYIS,NYIS,New York Independent System Operator,Eastern,128236,megawatthours
2021-03-02,ZONJ,New York City - NYIS,NYIS,New York Independent System Operator,Eastern,135634,megawatthours
2021-03-01,ZONJ,New York City - NYIS,NYIS,New York Independent System Operator,Eastern,127058,megawatthours
2021-02-28,ZONJ,New York City - NYIS,NYIS,New York Independent System Operator,Eastern,116302,megawatthours
2021-02-27,ZONJ,New York City - NYIS,NYIS,New York Independent System Operator,Eastern,118029,megawatthours
2021-02-26,ZONJ,New York City - NYIS,NYIS,New York Independent System Operator,Eastern,126063,megawatthours
2021-02-25,ZONJ,New York City - NYIS,NYIS,New York Independent System Operator,Eastern,125507,megawatthours
2021-02-24,ZONJ,New York City - NYIS,NYIS,New York Independent System Operator,Eastern,126791,megawatthours
2021-02-23,ZONJ,New York City - NYIS,NYIS,New York Independent System Operator,Eastern,131994,megawatthours
2021-02-22,ZONJ,New York City - NYIS,NYIS,New York Independent System Operator,Eastern,136545,megawatthours
2021-02-21,ZONJ,New York City - NYIS,NYIS,New York Independent System Operator,Eastern,126574,megawatthours
2021-02-20,ZONJ,New York City - NYIS,NYIS,New York Independent System Operator,Eastern,128536,megawatthours
2021-02-19,ZONJ,New York City - NYIS,NYIS,New York Independent System Operator,Eastern,138927,megawatthours
2021-02-18,ZONJ,New York City - NYIS,NYIS,New York Independent System Operator,Eastern,140048,megawatthours
2021-02-17,ZONJ,New York City - NYIS,NYIS,New York Independent System Operator,Eastern,135983,megawatthours
2021-02-16,ZONJ,New York City - NYIS,NYIS,New York Independent System Operator,Eastern,129738,megawatthours
2021-02-15,ZONJ,New York City - NYIS,NYIS,New York Independent System Operator,Eastern,130360,megawatthours
2021-02-14,ZONJ,New York City - NYIS,NYIS,New York Independent System Operator,Eastern,126416,megawatthours
2021-02-13,ZONJ,New York City - NYIS,NYIS,New York Independent System Operator,Eastern,132183,megawatthours
2021-02-12,ZONJ,New York City - NYIS,NYIS,New York Independent System Operator,Eastern,140363,megawatthours
2021-02-11,ZONJ,New York City - NYIS,NYIS,New York Independent System Operator,Eastern,139773,megawatthours
2021-02-10,ZONJ,New York City - NYIS,NYIS,New York Independent System Operator,Eastern,138469,megawatthours
2021-02-09,ZONJ,New York City - NYIS,NYIS,New York Independent System Operator,Eastern,140180,megawatthours
2021-02-08,ZONJ,New York City - NYIS,NYIS,New York Independent System Operator,Eastern,141172,megawatthours
2021-02-07,ZONJ,New York City - NYIS,NYIS,New York Independent System Operator,Eastern,125601,megawatthours
2021-02-06,ZONJ,New York City - NYIS,NYIS,New York Independent System Operator,Eastern,122034,megawatthours
2021-02-05,ZONJ,New York City - NYIS,NYIS,New York Independent System Operator,Eastern,130750,megawatthours
2021-02-04,ZONJ,New York City - NYIS,NYIS,New York Independent System Operator,Eastern,135223,megawatthours
2021-02-03,ZONJ,New York City - NYIS,NYIS,New York Independent System Operator,Eastern,138779,megawatthours
2021-02-02,ZONJ,New York City - NYIS,NYIS,New York Independent System Operator,Eastern,137952,megawatthours
2021-02-01,ZONJ,New York City - NYIS,NYIS,New York Independent System Operator,Eastern,140057,megawatthours
2021-01-31,ZONJ,New York City - NYIS,NYIS,New York Independent System Operator,Eastern,135216,megawatthours
2021-01-30,ZONJ,New York City - NYIS,NYIS,New York Independent System Operator,Eastern,136292,megawatthours
2021-01-29,ZONJ,New York City - NYIS,NYIS,New York Independent System Operator,Eastern,146437,megawatthours
2021-01-28,ZONJ,New York City - NYIS,NYIS,New York Independent System Operator,Eastern,138145,megawatthours
2021-01-27,ZONJ,New York City - NYIS,NYIS,New York Independent System Operator,Eastern,134036,megawatthours
2021-01-26,ZONJ,New York City - NYIS,NYIS,New York Independent System Operator,Eastern,135932,megawatthours
2021-01-25,ZONJ,New York City - NYIS,NYIS,New York Independent System Operator,Eastern,136576,megawatthours
2021-01-24,ZONJ,New York City - NYIS,NYIS,New York Independent System Operator,Eastern,128382,megawatthours
2021-01-23,ZONJ,New York City - NYIS,NYIS,New York Independent System Operator,Eastern,125923,megawatthours
2021-01-22,ZONJ,New York City - NYIS,NYIS,New York Independent System Operator,Eastern,128305,megawatthours
2021-01-21,ZONJ,New York City - NYIS,NYIS,New York Independent System Operator,Eastern,132003,megawatthours
2021-01-20,ZONJ,New York City - NYIS,NYIS,New York Independent System Operator,Eastern,131120,megawatthours
2021-01-19,ZONJ,New York City - NYIS,NYIS,New York Independent System Operator,Eastern,129324,megawatthours
2021-01-18,ZONJ,New York City - NYIS,NYIS,New York Independent System Operator,Eastern,122824,megawatthours
2021-01-17,ZONJ,New York City - NYIS,NYIS,New York Independent System Operator,Eastern,117057,megawatthours
2021-01-16,ZONJ,New York City - NYIS,NYIS,New York Independent System Operator,Eastern,118102,megawatthours
2021-01-15,ZONJ,New York City - NYIS,NYIS,New York Independent System Operator,Eastern,127490,megawatthours
2021-01-14,ZONJ,New York City - NYIS,NYIS,New York Independent System Operator,Eastern,126268,megawatthours
2021-01-13,ZONJ,New York City - NYIS,NYIS,New York Independent System Operator,Eastern,128863,megawatthours
2021-01-12,ZONJ,New York City - NYIS,NYIS,New York Independent System Operator,Eastern,130237,megawatthours
2021-01-11,ZONJ,New York City - NYIS,NYIS,New York Independent System Operator,Eastern,133886,megawatthours
2021-01-10,ZONJ,New York City - NYIS,NYIS,New York Independent System Operator,Eastern,121856,megawatthours
2021-01-09,ZONJ,New York City - NYIS,NYIS,New York Independent System Operator,Eastern,125392,megawatthours
2021-01-08,ZONJ,New York City - NYIS,NYIS,New York Independent System Operator,Eastern,132855,megawatthours
2021-01-07,ZONJ,New York City - NYIS,NYIS,New York Independent System Operator,Eastern,130964,megawatthours
2021-01-06,ZONJ,New York City - NYIS,NYIS,New York Independent System Operator,Eastern,129542,megawatthours
2021-01-05,ZONJ,New York City - NYIS,NYIS,New York Independent System Operator,Eastern,128968,megawatthours
2021-01-04,ZONJ,New York City - NYIS,NYIS,New York Independent System Operator,Eastern,128719,megawatthours
2021-01-03,ZONJ,New York City - NYIS,NYIS,New York Independent System Operator,Eastern,120616,megawatthours
2021-01-02,ZONJ,New York City - NYIS,NYIS,New York Independent System Operator,Eastern,117017,megawatthours
2021-01-01,ZONJ,New York City - NYIS,NYIS,New York Independent System Operator,Eastern,119140,megawatthours
2020-12-31,ZONJ,New York City - NYIS,NYIS,New York Independent System Operator,Eastern,125533,megawatthours
2020-12-30,ZONJ,New York City - NYIS,NYIS,New York Independent System Operator,Eastern,130838,megawatthours
2020-12-29,ZONJ,New York City - NYIS,NYIS,New York Independent System Operator,Eastern,128663,megawatthours
2020-12-28,ZONJ,New York City - NYIS,NYIS,New York Independent System Operator,Eastern,126574,megawatthours
2020-12-27,ZONJ,New York City - NYIS,NYIS,New York Independent System Operator,Eastern,122776,megawatthours
2020-12-26,ZONJ,New York City - NYIS,NYIS,New York Independent System Operator,Eastern,123588,megawatthours
2020-12-25,ZONJ,New York City - NYIS,NYIS,New York Independent System Operator,Eastern,113711,megawatthours
2020-12-24,ZONJ,New York City - NYIS,NYIS,New York Independent System Operator,Eastern,121602,megawatthours
2020-12-23,ZONJ,New York City - NYIS,NYIS,New York Independent System Operator,Eastern,128292,megawatthours
2020-12-22,ZONJ,New York City - NYIS,NYIS,New York Independent System Operator,Eastern,129218,megawatthours
2020-12-21,ZONJ,New York City - NYIS,NYIS,New York Independent System Operator,Eastern,130958,megawatthours
2020-12-20,ZONJ,New York City - NYIS,NYIS,New York Independent System Operator,Eastern,125645,megawatthours
2020-12-19,ZONJ,New York City - NYIS,NYIS,New York Independent System Operator,Eastern,130836,megawatthours
2020-12-18,ZONJ,New York City - NYIS,NYIS,New York Independent System Operator,Eastern,139444,megawatthours
2020-12-17,ZONJ,New York City - NYIS,NYIS,New York Independent System Operator,Eastern,137467,megawatthours
2020-12-16,ZONJ,New York City - NYIS,NYIS,New York Independent System Operator,Eastern,137711,megawatthours
2020-12-15,ZONJ,New York City - NYIS,NYIS,New York Independent System Operator,Eastern,131009,megawatthours
2020-12-14,ZONJ,New York City - NYIS,NYIS,New York Independent System Operator,Eastern,127287,megawatthours
2020-12-13,ZONJ,New York City - NYIS,NYIS,New York Independent System Operator,Eastern,111408,megawatthours
2020-12-12,ZONJ,New York City - NYIS,NYIS,New York Independent System Operator,Eastern,115626,megawatthours
2020-12-11,ZONJ,New York City - NYIS,NYIS,New York Independent System Operator,Eastern,125083,megawatthours
2020-12-10,ZONJ,New York City - NYIS,NYIS,New York Independent System Operator,Eastern,128387,megawatthours
2020-12-09,ZONJ,New York City - NYIS,NYIS,New York Independent System Operator,Eastern,133914,megawatthours
2020-12-08,ZONJ,New York City - NYIS,NYIS,New York Independent System Operator,Eastern,133566,megawatthours
2020-12-07,ZONJ,New York City - NYIS,NYIS,New York Independent System Operator,Eastern,129894,megawatthours
2020-12-06,ZONJ,New York City - NYIS,NYIS,New York Independent System Operator,Eastern,117329,megawatthours
2020-12-05,ZONJ,New York City - NYIS,NYIS,New York Independent System Operator,Eastern,116918,megawatthours
2020-12-04,ZONJ,New York City - NYIS,NYIS,New York Independent System Operator,Eastern,123623,megawatthours
2020-12-03,ZONJ,New York City - NYIS,NYIS,New York Independent System Operator,Eastern,125099,megawatthours
2020-12-02,ZONJ,New York City - NYIS,NYIS,New York Independent System Operator,Eastern,125808,megawatthours
2020-12-01,ZONJ,New York City - NYIS,NYIS,New York Independent System Operator,Eastern,120096,megawatthours
2020-11-30,ZONJ,New York City - NYIS,NYIS,New York Independent System Operator,Eastern,121164,megawatthours
2020-11-29,ZONJ,New York City - NYIS,NYIS,New York Independent System Operator,Eastern,108279,megawatthours
2020-11-28,ZONJ,New York City - NYIS,NYIS,New York Independent System Operator,Eastern,108414,megawatthours
2020-11-27,ZONJ,New York City - NYIS,NYIS,New York Independent System Operator,Eastern,112019,megawatthours
2020-11-26,ZONJ,New York City - NYIS,NYIS,New York Independent System Operator,Eastern,109892,megawatthours
2020-11-25,ZONJ,New York City - NYIS,NYIS,New York Independent System Operator,Eastern,119281,megawatthours
2020-11-24,ZONJ,New York City - NYIS,NYIS,New York Independent System Operator,Eastern,121288,megawatthours
2020-11-23,ZONJ,New York City - NYIS,NYIS,New York Independent System Operator,Eastern,119483,megawatthours
2020-11-22,ZONJ,New York City - NYIS,NYIS,New York Independent System Operator,Eastern,109824,megawatthours
2020-11-21,ZONJ,New York City - NYIS,NYIS,New York Independent System Operator,Eastern,108928,megawatthours
2020-11-20,ZONJ,New York City - NYIS,NYIS,New York Independent System Operator,Eastern,120227,megawatthours
2020-11-19,ZONJ,New York City - NYIS,NYIS,New York Independent System Operator,Eastern,126776,megawatthours
2020-11-18,ZONJ,New York City - NYIS,NYIS,New York Independent System Operator,Eastern,128163,megawatthours
2020-11-17,ZONJ,New York City - NYIS,NYIS,New York Independent System Operator,Eastern,122273,megawatthours
2020-11-16,ZONJ,New York City - NYIS,NYIS,New York Independent System Operator,Eastern,118680,megawatthours
2020-11-15,ZONJ,New York City - NYIS,NYIS,New York Independent System Operator,Eastern,109321,megawatthours
2020-11-14,ZONJ,New York City - NYIS,NYIS,New York Independent System Operator,Eastern,109822,megawatthours
2020-11-13,ZONJ,New York City - NYIS,NYIS,New York Independent System Operator,Eastern,119467,megawatthours
2020-11-12,ZONJ,New York City - NYIS,NYIS,New York Independent System Operator,Eastern,121526,megawatthours
2020-11-11,ZONJ,New York City - NYIS,NYIS,New York Independent System Operator,Eastern,122832,megawatthours
2020-11-10,ZONJ,New York City - NYIS,NYIS,New York Independent System Operator,Eastern,121202,megawatthours
2020-11-09,ZONJ,New York City - NYIS,NYIS,New York Independent System Operator,Eastern,119150,megawatthours
2020-11-08,ZONJ,New York City - NYIS,NYIS,New York Independent System Operator,Eastern,107166,megawatthours
2020-11-07,ZONJ,New York City - NYIS,NYIS,New York Independent System Operator,Eastern,108576,megawatthours
2020-11-06,ZONJ,New York City - NYIS,NYIS,New York Independent System Operator,Eastern,117652,megawatthours
2020-11-05,ZONJ,New York City - NYIS,NYIS,New York Independent System Operator,Eastern,118616,megawatthours
2020-11-04,ZONJ,New York City - NYIS,NYIS,New York Independent System Operator,Eastern,120534,megawatthours
2020-11-03,ZONJ,New York City - NYIS,NYIS,New York Independent System Operator,Eastern,122065,megawatthours
2020-11-02,ZONJ,New York City - NYIS,NYIS,New York Independent System Operator,Eastern,123419,megawatthours
2020-11-01,ZONJ,New York City - NYIS,NYIS,New York Independent System Operator,Eastern,114855,megawatthours
2020-10-31,ZONJ,New York City - NYIS,NYIS,New York Independent System Operator,Eastern,112805,megawatthours
2020-10-30,ZONJ,New York City - NYIS,NYIS,New York Independent System Operator,Eastern,122224,megawatthours
2020-10-29,ZONJ,New York City - NYIS,NYIS,New York Independent System Operator,Eastern,120202,megawatthours
2020-10-28,ZONJ,New York City - NYIS,NYIS,New York Independent System Operator,Eastern,118593,megawatthours
2020-10-27,ZONJ,New York City - NYIS,NYIS,New York Independent System Operator,Eastern,117580,megawatthours
2020-10-26,ZONJ,New York City - NYIS,NYIS,New York Independent System Operator,Eastern,118637,megawatthours
2020-10-25,ZONJ,New York City - NYIS,NYIS,New York Independent System Operator,Eastern,105630,megawatthours
2020-10-24,ZONJ,New York City - NYIS,NYIS,New York Independent System Operator,Eastern,110835,megawatthours
2020-10-23,ZONJ,New York City - NYIS,NYIS,New York Independent System Operator,Eastern,123335,megawatthours
2020-10-22,ZONJ,New York City - NYIS,NYIS,New York Independent System Operator,Eastern,125364,megawatthours
2020-10-21,ZONJ,New York City - NYIS,NYIS,New York Independent System Operator,Eastern,122147,megawatthours
2020-10-20,ZONJ,New York City - NYIS,NYIS,New York Independent System Operator,Eastern,120125,megawatthours
2020-10-19,ZONJ,New York City - NYIS,NYIS,New York Independent System Operator,Eastern,116323,megawatthours
2020-10-18,ZONJ,New York City - NYIS,NYIS,New York Independent System Operator,Eastern,104650,megawatthours
2020-10-17,ZONJ,New York City - NYIS,NYIS,New York Independent System Operator,Eastern,106085,megawatthours
2020-10-16,ZONJ,New York City - NYIS,NYIS,New York Independent System Operator,Eastern,119472,megawatthours
2020-10-15,ZONJ,New York City - NYIS,NYIS,New York Independent System Operator,Eastern,118942,megawatthours
2020-10-14,ZONJ,New York City - NYIS,NYIS,New York Independent System Operator,Eastern,116042,megawatthours
2020-10-13,ZONJ,New York City - NYIS,NYIS,New York Independent System Operator,Eastern,117329,megawatthours
2020-10-12,ZONJ,New York City - NYIS,NYIS,New York Independent System Operator,Eastern,115034,megawatthours
2020-10-11,ZONJ,New York City - NYIS,NYIS,New York Independent System Operator,Eastern,109203,megawatthours
2020-10-10,ZONJ,New York City - NYIS,NYIS,New York Independent System Operator,Eastern,109591,megawatthours
2020-10-09,ZONJ,New York City - NYIS,NYIS,New York Independent System Operator,Eastern,115621,megawatthours
2020-10-08,ZONJ,New York City - NYIS,NYIS,New York Independent System Operator,Eastern,115797,megawatthours
2020-10-07,ZONJ,New York City - NYIS,NYIS,New York Independent System Operator,Eastern,121276,megawatthours
2020-10-06,ZONJ,New York City - NYIS,NYIS,New York Independent System Operator,Eastern,118881,megawatthours
2020-10-05,ZONJ,New York City - NYIS,NYIS,New York Independent System Operator,Eastern,117408,megawatthours
2020-10-04,ZONJ,New York City - NYIS,NYIS,New York Independent System Operator,Eastern,105318,megawatthours
2020-10-03,ZONJ,New York City - NYIS,NYIS,New York Independent System Operator,Eastern,106734,megawatthours
2020-10-02,ZONJ,New York City - NYIS,NYIS,New York Independent System Operator,Eastern,119364,megawatthours
2020-10-01,ZONJ,New York City - NYIS,NYIS,New York Independent System Operator,Eastern,124448,megawatthours
2020-09-30,ZONJ,New York City - NYIS,NYIS,New York Independent System Operator,Eastern,130746,megawatthours
2020-09-29,ZONJ,New York City - NYIS,NYIS,New York Independent System Operator,Eastern,144392,megawatthours
2020-09-28,ZONJ,New York City - NYIS,NYIS,New York Independent System Operator,Eastern,143996,megawatthours
2020-09-27,ZONJ,New York City - NYIS,NYIS,New York Independent System Operator,Eastern,128592,megawatthours
2020-09-26,ZONJ,New York City - NYIS,NYIS,New York Independent System Operator,Eastern,121738,megawatthours
2020-09-25,ZONJ,New York City - NYIS,NYIS,New York Independent System Operator,Eastern,130336,megawatthours
2020-09-24,ZONJ,New York City - NYIS,NYIS,New York Independent System Operator,Eastern,126418,megawatthours
2020-09-23,ZONJ,New York City - NYIS,NYIS,New York Independent System Operator,Eastern,122567,megawatthours
2020-09-22,ZONJ,New York City - NYIS,NYIS,New York Independent System Operator,Eastern,115339,megawatthours
2020-09-21,ZONJ,New York City - NYIS,NYIS,New York Independent System Operator,Eastern,113299,megawatthours
2020-09-20,ZONJ,New York City - NYIS,NYIS,New York Independent System Operator,Eastern,102087,megawatthours
2020-09-19,ZONJ,New York City - NYIS,NYIS,New York Independent System Operator,Eastern,104631,megawatthours
2020-09-18,ZONJ,New York City - NYIS,NYIS,New York Independent System Operator,Eastern,126466,megawatthours
2020-09-17,ZONJ,New York City - NYIS,NYIS,New York Independent System Operator,Eastern,132433,megawatthours
2020-09-16,ZONJ,New York City - NYIS,NYIS,New York Independent System Operator,Eastern,122745,megawatthours
2020-09-15,ZONJ,New York City - NYIS,NYIS,New York Independent System Operator,Eastern,120318,megawatthours
2020-09-14,ZONJ,New York City - NYIS,NYIS,New York Independent System Operator,Eastern,140333,megawatthours
2020-09-13,ZONJ,New York City - NYIS,NYIS,New York Independent System Operator,Eastern,125168,megawatthours
2020-09-12,ZONJ,New York City - NYIS,NYIS,New York Independent System Operator,Eastern,123692,megawatthours
2020-09-11,ZONJ,New York City - NYIS,NYIS,New York Independent System Operator,Eastern,156396,megawatthours
2020-09-10,ZONJ,New York City - NYIS,NYIS,New York Independent System Operator,Eastern,173525,megawatthours
2020-09-09,ZONJ,New York City - NYIS,NYIS,New York Independent System Operator,Eastern,163131,megawatthours
2020-09-08,ZONJ,New York City - NYIS,NYIS,New York Independent System Operator,Eastern,160943,megawatthours
2020-09-07,ZONJ,New York City - NYIS,NYIS,New York Independent System Operator,Eastern,139862,megawatthours
2020-09-06,ZONJ,New York City - NYIS,NYIS,New York Independent System Operator,Eastern,134051,megawatthours
2020-09-05,ZONJ,New York City - NYIS,NYIS,New York Independent System Operator,Eastern,135671,megawatthours
2020-09-04,ZONJ,New York City - NYIS,NYIS,New York Independent System Operator,Eastern,164625,megawatthours
2020-09-03,ZONJ,New York City - NYIS,NYIS,New York Independent System Operator,Eastern,165090,megawatthours
2020-09-02,ZONJ,New York City - NYIS,NYIS,New York Independent System Operator,Eastern,159644,megawatthours
2020-09-01,ZONJ,New York City - NYIS,NYIS,New York Independent System Operator,Eastern,148628,megawatthours
2020-08-31,ZONJ,New York City - NYIS,NYIS,New York Independent System Operator,Eastern,142345,megawatthours
2020-08-30,ZONJ,New York City - NYIS,NYIS,New York Independent System Operator,Eastern,136586,megawatthours
2020-08-29,ZONJ,New York City - NYIS,NYIS,New York Independent System Operator,Eastern,157366,megawatthours
2020-08-28,ZONJ,New York City - NYIS,NYIS,New York Independent System Operator,Eastern,169728,megawatthours
2020-08-27,ZONJ,New York City - NYIS,NYIS,New York Independent System Operator,Eastern,169235,megawatthours
2020-08-26,ZONJ,New York City - NYIS,NYIS,New York Independent System Operator,Eastern,152877,megawatthours
2020-08-25,ZONJ,New York City - NYIS,NYIS,New York Independent System Operator,Eastern,186000,megawatthours
2020-08-24,ZONJ,New York City - NYIS,NYIS,New York Independent System Operator,Eastern,187477,megawatthours
2020-08-23,ZONJ,New York City - NYIS,NYIS,New York Independent System Operator,Eastern,161737,megawatthours
2020-08-22,ZONJ,New York City - NYIS,NYIS,New York Independent System Operator,Eastern,159428,megawatthours
2020-08-21,ZONJ,New York City - NYIS,NYIS,New York Independent System Operator,Eastern,155925,megawatthours
2020-08-20,ZONJ,New York City - NYIS,NYIS,New York Independent System Operator,Eastern,143655,megawatthours
2020-08-19,ZONJ,New York City - NYIS,NYIS,New York Independent System Operator,Eastern,148208,megawatthours
2020-08-18,ZONJ,New York City - NYIS,NYIS,New York Independent System Operator,Eastern,151335,megawatthours
2020-08-17,ZONJ,New York City - NYIS,NYIS,New York Independent System Operator,Eastern,146349,megawatthours
2020-08-16,ZONJ,New York City - NYIS,NYIS,New York Independent System Operator,Eastern,132458,megawatthours
2020-08-15,ZONJ,New York City - NYIS,NYIS,New York Independent System Operator,Eastern,149644,megawatthours
2020-08-14,ZONJ,New York City - NYIS,NYIS,New York Independent System Operator,Eastern,173737,megawatthours
2020-08-13,ZONJ,New York City - NYIS,NYIS,New York Independent System Operator,Eastern,176561,megawatthours
2020-08-12,ZONJ,New York City - NYIS,NYIS,New York Independent System Operator,Eastern,194976,megawatthours
2020-08-11,ZONJ,New York City - NYIS,NYIS,New York Independent System Operator,Eastern,196654,megawatthours
2020-08-10,ZONJ,New York City - NYIS,NYIS,New York Independent System Operator,Eastern,192624,megawatthours
2020-08-09,ZONJ,New York City - NYIS,NYIS,New York Independent System Operator,Eastern,158993,megawatthours
2020-08-08,ZONJ,New York City - NYIS,NYIS,New York Independent System Operator,Eastern,149407,megawatthours
2020-08-07,ZONJ,New York City - NYIS,NYIS,New York Independent System Operator,Eastern,156931,megawatthours
2020-08-06,ZONJ,New York City - NYIS,NYIS,New York Independent System Operator,Eastern,165168,megawatthours
2020-08-05,ZONJ,New York City - NYIS,NYIS,New York Independent System Operator,Eastern,175850,megawatthours
2020-08-04,ZONJ,New York City - NYIS,NYIS,New York Independent System Operator,Eastern,173030,megawatthours
2020-08-03,ZONJ,New York City - NYIS,NYIS,New York Independent System Operator,Eastern,192243,megawatthours
2020-08-02,ZONJ,New York City - NYIS,NYIS,New York Independent System Operator,Eastern,178006,megawatthours
2020-08-01,ZONJ,New York City - NYIS,NYIS,New York Independent System Operator,Eastern,166262,megawatthours
2020-07-31,ZONJ,New York City - NYIS,NYIS,New York Independent System Operator,Eastern,174916,megawatthours
2020-07-30,ZONJ,New York City - NYIS,NYIS,New York Independent System Operator,Eastern,196658,megawatthours
2020-07-29,ZONJ,New York City - NYIS,NYIS,New York Independent System Operator,Eastern,200098,megawatthours
2020-07-28,ZONJ,New York City - NYIS,NYIS,New York Independent System Operator,Eastern,208612,megawatthours
2020-07-27,ZONJ,New York City - NYIS,NYIS,New York Independent System Operator,Eastern,201034,megawatthours
2020-07-26,ZONJ,New York City - NYIS,NYIS,New York Independent System Operator,Eastern,178655,megawatthours
2020-07-25,ZONJ,New York City - NYIS,NYIS,New York Independent System Operator,Eastern,168864,megawatthours
2020-07-24,ZONJ,New York City - NYIS,NYIS,New York Independent System Operator,Eastern,174543,megawatthours
2020-07-23,ZONJ,New York City - NYIS,NYIS,New York Independent System Operator,Eastern,189744,megawatthours
2020-07-22,ZONJ,New York City - NYIS,NYIS,New York Independent System Operator,Eastern,199626,megawatthours
2020-07-21,ZONJ,New York City - NYIS,NYIS,New York Independent System Operator,Eastern,197281,megawatthours
2020-07-20,ZONJ,New York City - NYIS,NYIS,New York Independent System Operator,Eastern,206726,megawatthours
2020-07-19,ZONJ,New York City - NYIS,NYIS,New York Independent System Operator,Eastern,177705,megawatthours
2020-07-18,ZONJ,New York City - NYIS,NYIS,New York Independent System Operator,Eastern,164104,megawatthours
2020-07-17,ZONJ,New York City - NYIS,NYIS,New York Independent System Operator,Eastern,159279,megawatthours
2020-07-16,ZONJ,New York City - NYIS,NYIS,New York Independent System Operator,Eastern,153193,megawatthours
2020-07-15,ZONJ,New York City - NYIS,NYIS,New York Independent System Operator,Eastern,164706,megawatthours
2020-07-14,ZONJ,New York City - NYIS,NYIS,New York Independent System Operator,Eastern,170243,megawatthours
2020-07-13,ZONJ,New York City - NYIS,NYIS,New York Independent System Operator,Eastern,176295,megawatthours
2020-07-12,ZONJ,New York City - NYIS,NYIS,New York Independent System Operator,Eastern,157805,megawatthours
2020-07-11,ZONJ,New York City - NYIS,NYIS,New York Independent System Operator,Eastern,161294,megawatthours
2020-07-10,ZONJ,New York City - NYIS,NYIS,New York Independent System Operator,Eastern,168873,megawatthours
2020-07-09,ZONJ,New York City - NYIS,NYIS,New York Independent System Operator,Eastern,180313,megawatthours
2020-07-08,ZONJ,New York City - NYIS,NYIS,New York Independent System Operator,Eastern,175949,megawatthours
2020-07-07,ZONJ,New York City - NYIS,NYIS,New York Independent System Operator,Eastern,167938,megawatthours
2020-07-06,ZONJ,New York City - NYIS,NYIS,New York Independent System Operator,Eastern,176113,megawatthours
2020-07-05,ZONJ,New York City - NYIS,NYIS,New York Independent System Operator,Eastern,155847,megawatthours
2020-07-04,ZONJ,New York City - NYIS,NYIS,New York Independent System Operator,Eastern,145710,megawatthours
2020-07-03,ZONJ,New York City - NYIS,NYIS,New York Independent System Operator,Eastern,166411,megawatthours
2020-07-02,ZONJ,New York City - NYIS,NYIS,New York Independent System Operator,Eastern,163768,megawatthours
2020-07-01,ZONJ,New York City - NYIS,NYIS,New York Independent System Operator,Eastern,152004,megawatthours
2020-06-30,ZONJ,New York City - NYIS,NYIS,New York Independent System Operator,Eastern,154125,megawatthours
2020-06-29,ZONJ,New York City - NYIS,NYIS,New York Independent System Operator,Eastern,166276,megawatthours
2020-06-28,ZONJ,New York City - NYIS,NYIS,New York Independent System Operator,Eastern,156108,megawatthours
2020-06-27,ZONJ,New York City - NYIS,NYIS,New York Independent System Operator,Eastern,147406,megawatthours
2020-06-26,ZONJ,New York City - NYIS,NYIS,New York Independent System Operator,Eastern,157836,megawatthours
2020-06-25,ZONJ,New York City - NYIS,NYIS,New York Independent System Operator,Eastern,157504,megawatthours
2020-06-24,ZONJ,New York City - NYIS,NYIS,New York Independent System Operator,Eastern,167586,megawatthours
2020-06-23,ZONJ,New York City - NYIS,NYIS,New York Independent System Operator,Eastern,171255,megawatthours
2020-06-22,ZONJ,New York City - NYIS,NYIS,New York Independent System Operator,Eastern,169030,megawatthours
2020-06-21,ZONJ,New York City - NYIS,NYIS,New York Independent System Operator,Eastern,143250,megawatthours
2020-06-20,ZONJ,New York City - NYIS,NYIS,New York Independent System Operator,Eastern,139405,megawatthours
2020-06-19,ZONJ,New York City - NYIS,NYIS,New York Independent System Operator,Eastern,140428,megawatthours
2020-06-18,ZONJ,New York City - NYIS,NYIS,New York Independent System Operator,Eastern,134290,megawatthours
2020-06-17,ZONJ,New York City - NYIS,NYIS,New York Independent System Operator,Eastern,127685,megawatthours
2020-06-16,ZONJ,New York City - NYIS,NYIS,New York Independent System Operator,Eastern,124252,megawatthours
2020-06-15,ZONJ,New York City - NYIS,NYIS,New York Independent System Operator,Eastern,121816,megawatthours
2020-06-14,ZONJ,New York City - NYIS,NYIS,New York Independent System Operator,Eastern,109258,megawatthours
2020-06-13,ZONJ,New York City - NYIS,NYIS,New York Independent System Operator,Eastern,120480,megawatthours
2020-06-12,ZONJ,New York City - NYIS,NYIS,New York Independent System Operator,Eastern,146423,megawatthours
2020-06-11,ZONJ,New York City - NYIS,NYIS,New York Independent System Operator,Eastern,149906,megawatthours
2020-06-10,ZONJ,New York City - NYIS,NYIS,New York Independent System Operator,Eastern,151018,megawatthours
2020-06-09,ZONJ,New York City - NYIS,NYIS,New York Independent System Operator,Eastern,141241,megawatthours
2020-06-08,ZONJ,New York City - NYIS,NYIS,New York Independent System Operator,Eastern,126037,megawatthours
2020-06-07,ZONJ,New York City - NYIS,NYIS,New York Independent System Operator,Eastern,117827,megawatthours
2020-06-06,ZONJ,New York City - NYIS,NYIS,New York Independent System Operator,Eastern,137443,megawatthours
2020-06-05,ZONJ,New York City - NYIS,NYIS,New York Independent System Operator,Eastern,138728,megawatthours
2020-06-04,ZONJ,New York City - NYIS,NYIS,New York Independent System Operator,Eastern,135911,megawatthours
2020-06-03,ZONJ,New York City - NYIS,NYIS,New York Independent System Operator,Eastern,124072,megawatthours
2020-06-02,ZONJ,New York City - NYIS,NYIS,New York Independent System Operator,Eastern,111306,megawatthours
2020-06-01,ZONJ,New York City - NYIS,NYIS,New York Independent System Operator,Eastern,108395,megawatthours
2020-05-31,ZONJ,New York City - NYIS,NYIS,New York Independent System Operator,Eastern,105733,megawatthours
2020-05-30,ZONJ,New York City - NYIS,NYIS,New York Independent System Operator,Eastern,120443,megawatthours
2020-05-29,ZONJ,New York City - NYIS,NYIS,New York Independent System Operator,Eastern,127358,megawatthours
2020-05-28,ZONJ,New York City - NYIS,NYIS,New York Independent System Operator,Eastern,119979,megawatthours
2020-05-27,ZONJ,New York City - NYIS,NYIS,New York Independent System Operator,Eastern,114887,megawatthours
2020-05-26,ZONJ,New York City - NYIS,NYIS,New York Independent System Operator,Eastern,111744,megawatthours
2020-05-25,ZONJ,New York City - NYIS,NYIS,New York Independent System Operator,Eastern,102478,megawatthours
2020-05-24,ZONJ,New York City - NYIS,NYIS,New York Independent System Operator,Eastern,98759,megawatthours
2020-05-23,ZONJ,New York City - NYIS,NYIS,New York Independent System Operator,Eastern,105665,megawatthours
2020-05-22,ZONJ,New York City - NYIS,NYIS,New York Independent System Operator,Eastern,109076,megawatthours
2020-05-21,ZONJ,New York City - NYIS,NYIS,New York Independent System Operator,Eastern,104754,megawatthours
2020-05-20,ZONJ,New York City - NYIS,NYIS,New York Independent System Operator,Eastern,104160,megawatthours
2020-05-19,ZONJ,New York City - NYIS,NYIS,New York Independent System Operator,Eastern,104990,megawatthours
2020-05-18,ZONJ,New York City - NYIS,NYIS,New York Independent System Operator,Eastern,106351,megawatthours
2020-05-17,ZONJ,New York City - NYIS,NYIS,New York Independent System Operator,Eastern,101478,megawatthours
2020-05-16,ZONJ,New York City - NYIS,NYIS,New York Independent System Operator,Eastern,109350,megawatthours
2020-05-15,ZONJ,New York City - NYIS,NYIS,New York Independent System Operator,Eastern,112782,megawatthours
2020-05-14,ZONJ,New York City - NYIS,NYIS,New York Independent System Operator,Eastern,104813,megawatthours
2020-05-13,ZONJ,New York City - NYIS,NYIS,New York Independent System Operator,Eastern,105496,megawatthours
2020-05-12,ZONJ,New York City - NYIS,NYIS,New York Independent System Operator,Eastern,106020,megawatthours
2020-05-11,ZONJ,New York City - NYIS,NYIS,New York Independent System Operator,Eastern,106548,megawatthours
2020-05-10,ZONJ,New York City - NYIS,NYIS,New York Independent System Operator,Eastern,101273,megawatthours
2020-05-09,ZONJ,New York City - NYIS,NYIS,New York Independent System Operator,Eastern,105448,megawatthours
2020-05-08,ZONJ,New York City - NYIS,NYIS,New York Independent System Operator,Eastern,107045,megawatthours
2020-05-07,ZONJ,New York City - NYIS,NYIS,New York Independent System Operator,Eastern,105000,megawatthours
2020-05-06,ZONJ,New York City - NYIS,NYIS,New York Independent System Operator,Eastern,106901,megawatthours
2020-05-05,ZONJ,New York City - NYIS,NYIS,New York Independent System Operator,Eastern,104493,megawatthours
2020-05-04,ZONJ,New York City - NYIS,NYIS,New York Independent System Operator,Eastern,106922,megawatthours
2020-05-03,ZONJ,New York City - NYIS,NYIS,New York Independent System Operator,Eastern,101934,megawatthours
2020-05-02,ZONJ,New York City - NYIS,NYIS,New York Independent System Operator,Eastern,101092,megawatthours
2020-05-01,ZONJ,New York City - NYIS,NYIS,New York Independent System Operator,Eastern,107240,megawatthours
2020-04-30,ZONJ,New York City - NYIS,NYIS,New York Independent System Operator,Eastern,109556,megawatthours
2020-04-29,ZONJ,New York City - NYIS,NYIS,New York Independent System Operator,Eastern,108896,megawatthours
2020-04-28,ZONJ,New York City - NYIS,NYIS,New York Independent System Operator,Eastern,106833,megawatthours
2020-04-27,ZONJ,New York City - NYIS,NYIS,New York Independent System Operator,Eastern,110360,megawatthours
2020-04-26,ZONJ,New York City - NYIS,NYIS,New York Independent System Operator,Eastern,104175,megawatthours
2020-04-25,ZONJ,New York City - NYIS,NYIS,New York Independent System Operator,Eastern,101933,megawatthours
2020-04-24,ZONJ,New York City - NYIS,NYIS,New York Independent System Operator,Eastern,110868,megawatthours
2020-04-23,ZONJ,New York City - NYIS,NYIS,New York Independent System Operator,Eastern,109799,megawatthours
2020-04-22,ZONJ,New York City - NYIS,NYIS,New York Independent System Operator,Eastern,109181,megawatthours
2020-04-21,ZONJ,New York City - NYIS,NYIS,New York Independent System Operator,Eastern,107374,megawatthours
2020-04-20,ZONJ,New York City - NYIS,NYIS,New York Independent System Operator,Eastern,106144,megawatthours
2020-04-19,ZONJ,New York City - NYIS,NYIS,New York Independent System Operator,Eastern,102400,megawatthours
2020-04-18,ZONJ,New York City - NYIS,NYIS,New York Independent System Operator,Eastern,106391,megawatthours
2020-04-17,ZONJ,New York City - NYIS,NYIS,New York Independent System Operator,Eastern,109478,megawatthours
2020-04-16,ZONJ,New York City - NYIS,NYIS,New York Independent System Operator,Eastern,107893,megawatthours
2020-04-15,ZONJ,New York City - NYIS,NYIS,New York Independent System Operator,Eastern,106648,megawatthours
2020-04-14,ZONJ,New York City - NYIS,NYIS,New York Independent System Operator,Eastern,105963,megawatthours
2020-04-13,ZONJ,New York City - NYIS,NYIS,New York Independent System Operator,Eastern,108641,megawatthours
2020-04-12,ZONJ,New York City - NYIS,NYIS,New York Independent System Operator,Eastern,100836,megawatthours
2020-04-11,ZONJ,New York City - NYIS,NYIS,New York Independent System Operator,Eastern,103586,megawatthours
2020-04-10,ZONJ,New York City - NYIS,NYIS,New York Independent System Operator,Eastern,108499,megawatthours
2020-04-09,ZONJ,New York City - NYIS,NYIS,New York Independent System Operator,Eastern,106910,megawatthours
2020-04-08,ZONJ,New York City - NYIS,NYIS,New York Independent System Operator,Eastern,105413,megawatthours
2020-04-07,ZONJ,New York City - NYIS,NYIS,New York Independent System Operator,Eastern,104373,megawatthours
2020-04-06,ZONJ,New York City - NYIS,NYIS,New York Independent System Operator,Eastern,105411,megawatthours
2020-04-05,ZONJ,New York City - NYIS,NYIS,New York Independent System Operator,Eastern,101605,megawatthours
2020-04-04,ZONJ,New York City - NYIS,NYIS,New York Independent System Operator,Eastern,103204,megawatthours
2020-04-03,ZONJ,New York City - NYIS,NYIS,New York Independent System Operator,Eastern,109396,megawatthours
2020-04-02,ZONJ,New York City - NYIS,NYIS,New York Independent System Operator,Eastern,109109,megawatthours
2020-04-01,ZONJ,New York City - NYIS,NYIS,New York Independent System Operator,Eastern,109617,megawatthours
2020-03-31,ZONJ,New York City - NYIS,NYIS,New York Independent System Operator,Eastern,111690,megawatthours
2020-03-30,ZONJ,New York City - NYIS,NYIS,New York Independent System Operator,Eastern,111212,megawatthours
2020-03-29,ZONJ,New York City - NYIS,NYIS,New York Independent System Operator,Eastern,106911,megawatthours
2020-03-28,ZONJ,New York City - NYIS,NYIS,New York Independent System Operator,Eastern,106277,megawatthours
2020-03-27,ZONJ,New York City - NYIS,NYIS,New York Independent System Operator,Eastern,109059,megawatthours
2020-03-26,ZONJ,New York City - NYIS,NYIS,New York Independent System Operator,Eastern,112983,megawatthours
2020-03-25,ZONJ,New York City - NYIS,NYIS,New York Independent System Operator,Eastern,116769,megawatthours
2020-03-24,ZONJ,New York City - NYIS,NYIS,New York Independent System Operator,Eastern,115575,megawatthours
2020-03-23,ZONJ,New York City - NYIS,NYIS,New York Independent System Operator,Eastern,122419,megawatthours
2020-03-22,ZONJ,New York City - NYIS,NYIS,New York Independent System Operator,Eastern,110110,megawatthours
2020-03-21,ZONJ,New York City - NYIS,NYIS,New York Independent System Operator,Eastern,108006,megawatthours
2020-03-20,ZONJ,New York City - NYIS,NYIS,New York Independent System Operator,Eastern,117898,megawatthours
2020-03-19,ZONJ,New York City - NYIS,NYIS,New York Independent System Operator,Eastern,121029,megawatthours
2020-03-18,ZONJ,New York City - NYIS,NYIS,New York Independent System Operator,Eastern,120106,megawatthours
2020-03-17,ZONJ,New York City - NYIS,NYIS,New York Independent System Operator,Eastern,123622,megawatthours
2020-03-16,ZONJ,New York City - NYIS,NYIS,New York Independent System Operator,Eastern,125963,megawatthours
2020-03-15,ZONJ,New York City - NYIS,NYIS,New York Independent System Operator,Eastern,112339,megawatthours
2020-03-14,ZONJ,New York City - NYIS,NYIS,New York Independent System Operator,Eastern,114037,megawatthours
2020-03-13,ZONJ,New York City - NYIS,NYIS,New York Independent System Operator,Eastern,126067,megawatthours
2020-03-12,ZONJ,New York City - NYIS,NYIS,New York Independent System Operator,Eastern,128016,megawatthours
2020-03-11,ZONJ,New York City - NYIS,NYIS,New York Independent System Operator,Eastern,124617,megawatthours
2020-03-10,ZONJ,New York City - NYIS,NYIS,New York Independent System Operator,Eastern,125748,megawatthours
2020-03-09,ZONJ,New York City - NYIS,NYIS,New York Independent System Operator,Eastern,126959,megawatthours
2020-03-08,ZONJ,New York City - NYIS,NYIS,New York Independent System Operator,Eastern,113235,megawatthours
2020-03-07,ZONJ,New York City - NYIS,NYIS,New York Independent System Operator,Eastern,122125,megawatthours
2020-03-06,ZONJ,New York City - NYIS,NYIS,New York Independent System Operator,Eastern,132096,megawatthours
2020-03-05,ZONJ,New York City - NYIS,NYIS,New York Independent System Operator,Eastern,129517,megawatthours
2020-03-04,ZONJ,New York City - NYIS,NYIS,New York Independent System Operator,Eastern,128251,megawatthours
2020-03-03,ZONJ,New York City - NYIS,NYIS,New York Independent System Operator,Eastern,128988,megawatthours
2020-03-02,ZONJ,New York City - NYIS,NYIS,New York Independent System Operator,Eastern,131611,megawatthours
2020-03-01,ZONJ,New York City - NYIS,NYIS,New York Independent System Operator,Eastern,126062,megawatthours
2020-02-29,ZONJ,New York City - NYIS,NYIS,New York Independent System Operator,Eastern,129490,megawatthours
2020-02-28,ZONJ,New York City - NYIS,NYIS,New York Independent System Operator,Eastern,138016,megawatthours
2020-02-27,ZONJ,New York City - NYIS,NYIS,New York Independent System Operator,Eastern,133929,megawatthours
2020-02-26,ZONJ,New York City - NYIS,NYIS,New York Independent System Operator,Eastern,131364,megawatthours
2020-02-25,ZONJ,New York City - NYIS,NYIS,New York Independent System Operator,Eastern,130168,megawatthours
2020-02-24,ZONJ,New York City - NYIS,NYIS,New York Independent System Operator,Eastern,129724,megawatthours
2020-02-23,ZONJ,New York City - NYIS,NYIS,New York Independent System Operator,Eastern,119214,megawatthours
2020-02-22,ZONJ,New York City - NYIS,NYIS,New York Independent System Operator,Eastern,125920,megawatthours
2020-02-21,ZONJ,New York City - NYIS,NYIS,New York Independent System Operator,Eastern,141414,megawatthours
2020-02-20,ZONJ,New York City - NYIS,NYIS,New York Independent System Operator,Eastern,138646,megawatthours
2020-02-19,ZONJ,New York City - NYIS,NYIS,New York Independent System Operator,Eastern,131988,megawatthours
2020-02-18,ZONJ,New York City - NYIS,NYIS,New York Independent System Operator,Eastern,134632,megawatthours
2020-02-17,ZONJ,New York City - NYIS,NYIS,New York Independent System Operator,Eastern,125814,megawatthours
2020-02-16,ZONJ,New York City - NYIS,NYIS,New York Independent System Operator,Eastern,126028,megawatthours
2020-02-15,ZONJ,New York City - NYIS,NYIS,New York Independent System Operator,Eastern,134595,megawatthours
2020-02-14,ZONJ,New York City - NYIS,NYIS,New York Independent System Operator,Eastern,139289,megawatthours
2020-02-13,ZONJ,New York City - NYIS,NYIS,New York Independent System Operator,Eastern,136077,megawatthours
2020-02-12,ZONJ,New York City - NYIS,NYIS,New York Independent System Operator,Eastern,133541,megawatthours
2020-02-11,ZONJ,New York City - NYIS,NYIS,New York Independent System Operator,Eastern,133740,megawatthours
2020-02-10,ZONJ,New York City - NYIS,NYIS,New York Independent System Operator,Eastern,135691,megawatthours
2020-02-09,ZONJ,New York City - NYIS,NYIS,New York Independent System Operator,Eastern,124149,megawatthours
2020-02-08,ZONJ,New York City - NYIS,NYIS,New York Independent System Operator,Eastern,127588,megawatthours
2020-02-07,ZONJ,New York City - NYIS,NYIS,New York Independent System Operator,Eastern,135744,megawatthours
2020-02-06,ZONJ,New York City - NYIS,NYIS,New York Independent System Operator,Eastern,136492,megawatthours
2020-02-05,ZONJ,New York City - NYIS,NYIS,New York Independent System Operator,Eastern,133837,megawatthours
2020-02-04,ZONJ,New York City - NYIS,NYIS,New York Independent System Operator,Eastern,132023,megawatthours
2020-02-03,ZONJ,New York City - NYIS,NYIS,New York Independent System Operator,Eastern,133021,megawatthours
2020-02-02,ZONJ,New York City - NYIS,NYIS,New York Independent System Operator,Eastern,122930,megawatthours
2020-02-01,ZONJ,New York City - NYIS,NYIS,New York Independent System Operator,Eastern,125498,megawatthours
2020-01-31,ZONJ,New York City - NYIS,NYIS,New York Independent System Operator,Eastern,137659,megawatthours
2020-01-30,ZONJ,New York City - NYIS,NYIS,New York Independent System Operator,Eastern,140924,megawatthours
2020-01-29,ZONJ,New York City - NYIS,NYIS,New York Independent System Operator,Eastern,138459,megawatthours
2020-01-28,ZONJ,New York City - NYIS,NYIS,New York Independent System Operator,Eastern,136552,megawatthours
2020-01-27,ZONJ,New York City - NYIS,NYIS,New York Independent System Operator,Eastern,136627,megawatthours
2020-01-26,ZONJ,New York City - NYIS,NYIS,New York Independent System Operator,Eastern,122177,megawatthours
2020-01-25,ZONJ,New York City - NYIS,NYIS,New York Independent System Operator,Eastern,126400,megawatthours
2020-01-24,ZONJ,New York City - NYIS,NYIS,New York Independent System Operator,Eastern,135154,megawatthours
2020-01-23,ZONJ,New York City - NYIS,NYIS,New York Independent System Operator,Eastern,139314,megawatthours
2020-01-22,ZONJ,New York City - NYIS,NYIS,New York Independent System Operator,Eastern,143862,megawatthours
2020-01-21,ZONJ,New York City - NYIS,NYIS,New York Independent System Operator,Eastern,148015,megawatthours
2020-01-20,ZONJ,New York City - NYIS,NYIS,New York Independent System Operator,Eastern,142280,megawatthours
2020-01-19,ZONJ,New York City - NYIS,NYIS,New York Independent System Operator,Eastern,126410,megawatthours
2020-01-18,ZONJ,New York City - NYIS,NYIS,New York Independent System Operator,Eastern,137365,megawatthours
2020-01-17,ZONJ,New York City - NYIS,NYIS,New York Independent System Operator,Eastern,144695,megawatthours
2020-01-16,ZONJ,New York City - NYIS,NYIS,New York Independent System Operator,Eastern,134558,megawatthours
2020-01-15,ZONJ,New York City - NYIS,NYIS,New York Independent System Operator,Eastern,132082,megawatthours
2020-01-14,ZONJ,New York City - NYIS,NYIS,New York Independent System Operator,Eastern,134513,megawatthours
2020-01-13,ZONJ,New York City - NYIS,NYIS,New York Independent System Operator,Eastern,132956,megawatthours
2020-01-12,ZONJ,New York City - NYIS,NYIS,New York Independent System Operator,Eastern,116201,megawatthours
2020-01-11,ZONJ,New York City - NYIS,NYIS,New York Independent System Operator,Eastern,119972,megawatthours
2020-01-10,ZONJ,New York City - NYIS,NYIS,New York Independent System Operator,Eastern,137402,megawatthours
2020-01-09,ZONJ,New York City - NYIS,NYIS,New York Independent System Operator,Eastern,144582,megawatthours
2020-01-08,ZONJ,New York City - NYIS,NYIS,New York Independent System Operator,Eastern,140076,megawatthours
2020-01-07,ZONJ,New York City - NYIS,NYIS,New York Independent System Operator,Eastern,136907,megawatthours
2020-01-06,ZONJ,New York City - NYIS,NYIS,New York Independent System Operator,Eastern,138154,megawatthours
2020-01-05,ZONJ,New York City - NYIS,NYIS,New York Independent System Operator,Eastern,123997,megawatthours
2020-01-04,ZONJ,New York City - NYIS,NYIS,New York Independent System Operator,Eastern,122924,megawatthours
2020-01-03,ZONJ,New York City - NYIS,NYIS,New York Independent System Operator,Eastern,133483,megawatthours
2020-01-02,ZONJ,New York City - NYIS,NYIS,New York Independent System Operator,Eastern,135759,megawatthours
2020-01-01,ZONJ,New York City - NYIS,NYIS,New York Independent System Operator,Eastern,124168,megawatthours
2019-12-31,ZONJ,New York City - NYIS,NYIS,New York Independent System Operator,Eastern,131905,megawatthours
2019-12-30,ZONJ,New York City - NYIS,NYIS,New York Independent System Operator,Eastern,134843,megawatthours
2019-12-29,ZONJ,New York City - NYIS,NYIS,New York Independent System Operator,Eastern,120531,megawatthours
2019-12-28,ZONJ,New York City - NYIS,NYIS,New York Independent System Operator,Eastern,119817,megawatthours
2019-12-27,ZONJ,New York City - NYIS,NYIS,New York Independent System Operator,Eastern,129502,megawatthours
2019-12-26,ZONJ,New York City - NYIS,NYIS,New York Independent System Operator,Eastern,131981,megawatthours
2019-12-25,ZONJ,New York City - NYIS,NYIS,New York Independent System Operator,Eastern,119684,megawatthours
2019-12-24,ZONJ,New York City - NYIS,NYIS,New York Independent System Operator,Eastern,129477,megawatthours
2019-12-23,ZONJ,New York City - NYIS,NYIS,New York Independent System Operator,Eastern,134395,megawatthours
2019-12-22,ZONJ,New York City - NYIS,NYIS,New York Independent System Operator,Eastern,128731,megawatthours
2019-12-21,ZONJ,New York City - NYIS,NYIS,New York Independent System Operator,Eastern,137208,megawatthours
2019-12-20,ZONJ,New York City - NYIS,NYIS,New York Independent System Operator,Eastern,150697,megawatthours
2019-12-19,ZONJ,New York City - NYIS,NYIS,New York Independent System Operator,Eastern,155134,megawatthours
2019-12-18,ZONJ,New York City - NYIS,NYIS,New York Independent System Operator,Eastern,146073,megawatthours
2019-12-17,ZONJ,New York City - NYIS,NYIS,New York Independent System Operator,Eastern,145643,megawatthours
2019-12-16,ZONJ,New York City - NYIS,NYIS,New York Independent System Operator,Eastern,142334,megawatthours
2019-12-15,ZONJ,New York City - NYIS,NYIS,New York Independent System Operator,Eastern,124792,megawatthours
2019-12-14,ZONJ,New York City - NYIS,NYIS,New York Independent System Operator,Eastern,126146,megawatthours
2019-12-13,ZONJ,New York City - NYIS,NYIS,New York Independent System Operator,Eastern,140211,megawatthours
2019-12-12,ZONJ,New York City - NYIS,NYIS,New York Independent System Operator,Eastern,143877,megawatthours
2019-12-11,ZONJ,New York City - NYIS,NYIS,New York Independent System Operator,Eastern,140390,megawatthours
2019-12-10,ZONJ,New York City - NYIS,NYIS,New York Independent System Operator,Eastern,133868,megawatthours
2019-12-09,ZONJ,New York City - NYIS,NYIS,New York Independent System Operator,Eastern,136920,megawatthours
2019-12-08,ZONJ,New York City - NYIS,NYIS,New York Independent System Operator,Eastern,127945,megawatthours
2019-12-07,ZONJ,New York City - NYIS,NYIS,New York Independent System Operator,Eastern,129152,megawatthours
2019-12-06,ZONJ,New York City - NYIS,NYIS,New York Independent System Operator,Eastern,138082,megawatthours
2019-12-05,ZONJ,New York City - NYIS,NYIS,New York Independent System Operator,Eastern,139469,megawatthours
2019-12-04,ZONJ,New York City - NYIS,NYIS,New York Independent System Operator,Eastern,141162,megawatthours
2019-12-03,ZONJ,New York City - NYIS,NYIS,New York Independent System Operator,Eastern,142575,megawatthours
2019-12-02,ZONJ,New York City - NYIS,NYIS,New York Independent System Operator,Eastern,141752,megawatthours
2019-12-01,ZONJ,New York City - NYIS,NYIS,New York Independent System Operator,Eastern,127480,megawatthours
2019-11-30,ZONJ,New York City - NYIS,NYIS,New York Independent System Operator,Eastern,122415,megawatthours
2019-11-29,ZONJ,New York City - NYIS,NYIS,New York Independent System Operator,Eastern,126365,megawatthours
2019-11-28,ZONJ,New York City - NYIS,NYIS,New York Independent System Operator,Eastern,115759,megawatthours
2019-11-27,ZONJ,New York City - NYIS,NYIS,New York Independent System Operator,Eastern,128403,megawatthours
2019-11-26,ZONJ,New York City - NYIS,NYIS,New York Independent System Operator,Eastern,130426,megawatthours
2019-11-25,ZONJ,New York City - NYIS,NYIS,New York Independent System Operator,Eastern,132542,megawatthours
2019-11-24,ZONJ,New York City - NYIS,NYIS,New York Independent System Operator,Eastern,122128,megawatthours
2019-11-23,ZONJ,New York City - NYIS,NYIS,New York Independent System Operator,Eastern,122927,megawatthours
2019-11-22,ZONJ,New York City - NYIS,NYIS,New York Independent System Operator,Eastern,132644,megawatthours
2019-11-21,ZONJ,New York City - NYIS,NYIS,New York Independent System Operator,Eastern,132941,megawatthours
2019-11-20,ZONJ,New York City - NYIS,NYIS,New York Independent System Operator,Eastern,134216,megawatthours
2019-11-19,ZONJ,New York City - NYIS,NYIS,New York Independent System Operator,Eastern,133618,megawatthours
2019-11-18,ZONJ,New York City - NYIS,NYIS,New York Independent System Operator,Eastern,136383,megawatthours
2019-11-17,ZONJ,New York City - NYIS,NYIS,New York Independent System Operator,Eastern,125216,megawatthours
2019-11-16,ZONJ,New York City - NYIS,NYIS,New York Independent System Operator,Eastern,125179,megawatthours
2019-11-15,ZONJ,New York City - NYIS,NYIS,New York Independent System Operator,Eastern,133823,megawatthours
2019-11-14,ZONJ,New York City - NYIS,NYIS,New York Independent System Operator,Eastern,138742,megawatthours
2019-11-13,ZONJ,New York City - NYIS,NYIS,New York Independent System Operator,Eastern,142020,megawatthours
2019-11-12,ZONJ,New York City - NYIS,NYIS,New York Independent System Operator,Eastern,133748,megawatthours
2019-11-11,ZONJ,New York City - NYIS,NYIS,New York Independent System Operator,Eastern,126543,megawatthours
2019-11-10,ZONJ,New York City - NYIS,NYIS,New York Independent System Operator,Eastern,118125,megawatthours
2019-11-09,ZONJ,New York City - NYIS,NYIS,New York Independent System Operator,Eastern,123213,megawatthours
2019-11-08,ZONJ,New York City - NYIS,NYIS,New York Independent System Operator,Eastern,131662,megawatthours
2019-11-07,ZONJ,New York City - NYIS,NYIS,New York Independent System Operator,Eastern,128255,megawatthours
2019-11-06,ZONJ,New York City - NYIS,NYIS,New York Independent System Operator,Eastern,127199,megawatthours
2019-11-05,ZONJ,New York City - NYIS,NYIS,New York Independent System Operator,Eastern,127372,megawatthours
2019-11-04,ZONJ,New York City - NYIS,NYIS,New York Independent System Operator,Eastern,127118,megawatthours
2019-11-03,ZONJ,New York City - NYIS,NYIS,New York Independent System Operator,Eastern,117766,megawatthours
2019-11-02,ZONJ,New York City - NYIS,NYIS,New York Independent System Operator,Eastern,114591,megawatthours
2019-11-01,ZONJ,New York City - NYIS,NYIS,New York Independent System Operator,Eastern,125014,megawatthours
2019-10-31,ZONJ,New York City - NYIS,NYIS,New York Independent System Operator,Eastern,133604,megawatthours
2019-10-30,ZONJ,New York City - NYIS,NYIS,New York Independent System Operator,Eastern,129033,megawatthours
2019-10-29,ZONJ,New York City - NYIS,NYIS,New York Independent System Operator,Eastern,126989,megawatthours
2019-10-28,ZONJ,New York City - NYIS,NYIS,New York Independent System Operator,Eastern,125913,megawatthours
2019-10-27,ZONJ,New York City - NYIS,NYIS,New York Independent System Operator,Eastern,115405,megawatthours
2019-10-26,ZONJ,New York City - NYIS,NYIS,New York Independent System Operator,Eastern,113463,megawatthours
2019-10-25,ZONJ,New York City - NYIS,NYIS,New York Independent System Operator,Eastern,125217,megawatthours
2019-10-24,ZONJ,New York City - NYIS,NYIS,New York Independent System Operator,Eastern,125188,megawatthours
2019-10-23,ZONJ,New York City - NYIS,NYIS,New York Independent System Operator,Eastern,126354,megawatthours
2019-10-22,ZONJ,New York City - NYIS,NYIS,New York Independent System Operator,Eastern,127288,megawatthours
2019-10-21,ZONJ,New York City - NYIS,NYIS,New York Independent System Operator,Eastern,125350,megawatthours
2019-10-20,ZONJ,New York City - NYIS,NYIS,New York Independent System Operator,Eastern,112976,megawatthours
2019-10-19,ZONJ,New York City - NYIS,NYIS,New York Independent System Operator,Eastern,112395,megawatthours
2019-10-18,ZONJ,New York City - NYIS,NYIS,New York Independent System Operator,Eastern,123510,megawatthours
2019-10-17,ZONJ,New York City - NYIS,NYIS,New York Independent System Operator,Eastern,124308,megawatthours
2019-10-16,ZONJ,New York City - NYIS,NYIS,New York Independent System Operator,Eastern,127824,megawatthours
2019-10-15,ZONJ,New York City - NYIS,NYIS,New York Independent System Operator,Eastern,124453,megawatthours
2019-10-14,ZONJ,New York City - NYIS,NYIS,New York Independent System Operator,Eastern,124046,megawatthours
2019-10-13,ZONJ,New York City - NYIS,NYIS,New York Independent System Operator,Eastern,111027,megawatthours
2019-10-12,ZONJ,New York City - NYIS,NYIS,New York Independent System Operator,Eastern,112699,megawatthours
2019-10-11,ZONJ,New York City - NYIS,NYIS,New York Independent System Operator,Eastern,123347,megawatthours
2019-10-10,ZONJ,New York City - NYIS,NYIS,New York Independent System Operator,Eastern,124796,megawatthours
2019-10-09,ZONJ,New York City - NYIS,NYIS,New York Independent System Operator,Eastern,124031,megawatthours
2019-10-08,ZONJ,New York City - NYIS,NYIS,New York Independent System Operator,Eastern,128499,megawatthours
2019-10-07,ZONJ,New York City - NYIS,NYIS,New York Independent System Operator,Eastern,140154,megawatthours
2019-10-06,ZONJ,New York City - NYIS,NYIS,New York Independent System Operator,Eastern,115438,megawatthours
2019-10-05,ZONJ,New York City - NYIS,NYIS,New York Independent System Operator,Eastern,111215,megawatthours
2019-10-04,ZONJ,New York City - NYIS,NYIS,New York Independent System Operator,Eastern,127648,megawatthours
2019-10-03,ZONJ,New York City - NYIS,NYIS,New York Independent System Operator,Eastern,136374,megawatthours
2019-10-02,ZONJ,New York City - NYIS,NYIS,New York Independent System Operator,Eastern,175819,megawatthours
2019-10-01,ZONJ,New York City - NYIS,NYIS,New York Independent System Operator,Eastern,149338,megawatthours
2019-09-30,ZONJ,New York City - NYIS,NYIS,New York Independent System Operator,Eastern,138386,megawatthours
2019-09-29,ZONJ,New York City - NYIS,NYIS,New York Independent System Operator,Eastern,141173,megawatthours
2019-09-28,ZONJ,New York City - NYIS,NYIS,New York Independent System Operator,Eastern,140615,megawatthours
2019-09-27,ZONJ,New York City - NYIS,NYIS,New York Independent System Operator,Eastern,142426,megawatthours
2019-09-26,ZONJ,New York City - NYIS,NYIS,New York Independent System Operator,Eastern,152827,megawatthours
2019-09-25,ZONJ,New York City - NYIS,NYIS,New York Independent System Operator,Eastern,147724,megawatthours
2019-09-24,ZONJ,New York City - NYIS,NYIS,New York Independent System Operator,Eastern,158095,megawatthours
2019-09-23,ZONJ,New York City - NYIS,NYIS,New York Independent System Operator,Eastern,177502,megawatthours
2019-09-22,ZONJ,New York City - NYIS,NYIS,New York Independent System Operator,Eastern,144358,megawatthours
2019-09-21,ZONJ,New York City - NYIS,NYIS,New York Independent System Operator,Eastern,132112,megawatthours
2019-09-20,ZONJ,New York City - NYIS,NYIS,New York Independent System Operator,Eastern,134240,megawatthours
2019-09-19,ZONJ,New York City - NYIS,NYIS,New York Independent System Operator,Eastern,129578,megawatthours
2019-09-18,ZONJ,New York City - NYIS,NYIS,New York Independent System Operator,Eastern,137217,megawatthours
2019-09-17,ZONJ,New York City - NYIS,NYIS,New York Independent System Operator,Eastern,146321,megawatthours
2019-09-16,ZONJ,New York City - NYIS,NYIS,New York Independent System Operator,Eastern,158631,megawatthours
2019-09-15,ZONJ,New York City - NYIS,NYIS,New York Independent System Operator,Eastern,142795,megawatthours
2019-09-14,ZONJ,New York City - NYIS,NYIS,New York Independent System Operator,Eastern,131628,megawatthours
2019-09-13,ZONJ,New York City - NYIS,NYIS,New York Independent System Operator,Eastern,140284,megawatthours
2019-09-12,ZONJ,New York City - NYIS,NYIS,New York Independent System Operator,Eastern,175320,megawatthours
2019-09-11,ZONJ,New York City - NYIS,NYIS,New York Independent System Operator,Eastern,175087,megawatthours
2019-09-10,ZONJ,New York City - NYIS,NYIS,New York Independent System Operator,Eastern,156309,megawatthours
2019-09-09,ZONJ,New York City - NYIS,NYIS,New York Independent System Operator,Eastern,150285,megawatthours
2019-09-08,ZONJ,New York City - NYIS,NYIS,New York Independent System Operator,Eastern,128175,megawatthours
2019-09-07,ZONJ,New York City - NYIS,NYIS,New York Independent System Operator,Eastern,123258,megawatthours
2019-09-06,ZONJ,New York City - NYIS,NYIS,New York Independent System Operator,Eastern,141617,megawatthours
2019-09-05,ZONJ,New York City - NYIS,NYIS,New York Independent System Operator,Eastern,156467,megawatthours
2019-09-04,ZONJ,New York City - NYIS,NYIS,New York Independent System Operator,Eastern,178071,megawatthours
2019-09-03,ZONJ,New York City - NYIS,NYIS,New York Independent System Operator,Eastern,165032,megawatthours
2019-09-02,ZONJ,New York City - NYIS,NYIS,New York Independent System Operator,Eastern,145653,megawatthours
2019-09-01,ZONJ,New York City - NYIS,NYIS,New York Independent System Operator,Eastern,135953,megawatthours
2019-08-31,ZONJ,New York City - NYIS,NYIS,New York Independent System Operator,Eastern,147902,megawatthours
2019-08-30,ZONJ,New York City - NYIS,NYIS,New York Independent System Operator,Eastern,162992,megawatthours
2019-08-29,ZONJ,New York City - NYIS,NYIS,New York Independent System Operator,Eastern,155919,megawatthours
2019-08-28,ZONJ,New York City - NYIS,NYIS,New York Independent System Operator,Eastern,154019,megawatthours
2019-08-27,ZONJ,New York City - NYIS,NYIS,New York Independent System Operator,Eastern,144355,megawatthours
2019-08-26,ZONJ,New York City - NYIS,NYIS,New York Independent System Operator,Eastern,142416,megawatthours
2019-08-25,ZONJ,New York City - NYIS,NYIS,New York Independent System Operator,Eastern,131680,megawatthours
2019-08-24,ZONJ,New York City - NYIS,NYIS,New York Independent System Operator,Eastern,137008,megawatthours
2019-08-23,ZONJ,New York City - NYIS,NYIS,New York Independent System Operator,Eastern,166673,megawatthours
2019-08-22,ZONJ,New York City - NYIS,NYIS,New York Independent System Operator,Eastern,201112,megawatthours
2019-08-21,ZONJ,New York City - NYIS,NYIS,New York Independent System Operator,Eastern,202881,megawatthours
2019-08-20,ZONJ,New York City - NYIS,NYIS,New York Independent System Operator,Eastern,195864,megawatthours
2019-08-19,ZONJ,New York City - NYIS,NYIS,New York Independent System Operator,Eastern,198538,megawatthours
2019-08-18,ZONJ,New York City - NYIS,NYIS,New York Independent System Operator,Eastern,179439,megawatthours
2019-08-17,ZONJ,New York City - NYIS,NYIS,New York Independent System Operator,Eastern,170360,megawatthours
2019-08-16,ZONJ,New York City - NYIS,NYIS,New York Independent System Operator,Eastern,171237,megawatthours
2019-08-15,ZONJ,New York City - NYIS,NYIS,New York Independent System Operator,Eastern,176305,megawatthours
2019-08-14,ZONJ,New York City - NYIS,NYIS,New York Independent System Operator,Eastern,180655,megawatthours
2019-08-13,ZONJ,New York City - NYIS,NYIS,New York Independent System Operator,Eastern,180280,megawatthours
2019-08-12,ZONJ,New York City - NYIS,NYIS,New York Independent System Operator,Eastern,173637,megawatthours
2019-08-11,ZONJ,New York City - NYIS,NYIS,New York Independent System Operator,Eastern,143910,megawatthours
2019-08-10,ZONJ,New York City - NYIS,NYIS,New York Independent System Operator,Eastern,150390,megawatthours
2019-08-09,ZONJ,New York City - NYIS,NYIS,New York Independent System Operator,Eastern,173232,megawatthours
2019-08-08,ZONJ,New York City - NYIS,NYIS,New York Independent System Operator,Eastern,180273,megawatthours
2019-08-07,ZONJ,New York City - NYIS,NYIS,New York Independent System Operator,Eastern,184904,megawatthours
2019-08-06,ZONJ,New York City - NYIS,NYIS,New York Independent System Operator,Eastern,183041,megawatthours
2019-08-05,ZONJ,New York City - NYIS,NYIS,New York Independent System Operator,Eastern,180987,megawatthours
2019-08-04,ZONJ,New York City - NYIS,NYIS,New York Independent System Operator,Eastern,171092,megawatthours
2019-08-03,ZONJ,New York City - NYIS,NYIS,New York Independent System Operator,Eastern,175506,megawatthours
2019-08-02,ZONJ,New York City - NYIS,NYIS,New York Independent System Operator,Eastern,185439,megawatthours
2019-08-01,ZONJ,New York City - NYIS,NYIS,New York Independent System Operator,Eastern,189107,megawatthours
2019-07-31,ZONJ,New York City - NYIS,NYIS,New York Independent System Operator,Eastern,200904,megawatthours
2019-07-30,ZONJ,New York City - NYIS,NYIS,New York Independent System Operator,Eastern,217177,megawatthours
2019-07-29,ZONJ,New York City - NYIS,NYIS,New York Independent System Operator,Eastern,208617,megawatthours
2019-07-28,ZONJ,New York City - NYIS,NYIS,New York Independent System Operator,Eastern,177709,megawatthours
2019-07-27,ZONJ,New York City - NYIS,NYIS,New York Independent System Operator,Eastern,169518,megawatthours
2019-07-26,ZONJ,New York City - NYIS,NYIS,New York Independent System Operator,Eastern,180046,megawatthours
2019-07-25,ZONJ,New York City - NYIS,NYIS,New York Independent System Operator,Eastern,177454,megawatthours
2019-07-24,ZONJ,New York City - NYIS,NYIS,New York Independent System Operator,Eastern,174985,megawatthours
2019-07-23,ZONJ,New York City - NYIS,NYIS,New York Independent System Operator,Eastern,178801,megawatthours
2019-07-22,ZONJ,New York City - NYIS,NYIS,New York Independent System Operator,Eastern,218830,megawatthours
2019-07-21,ZONJ,New York City - NYIS,NYIS,New York Independent System Operator,Eastern,220298,megawatthours
2019-07-20,ZONJ,New York City - NYIS,NYIS,New York Independent System Operator,Eastern,214771,megawatthours
2019-07-19,ZONJ,New York City - NYIS,NYIS,New York Independent System Operator,Eastern,201920,megawatthours
2019-07-18,ZONJ,New York City - NYIS,NYIS,New York Independent System Operator,Eastern,198383,megawatthours
2019-07-17,ZONJ,New York City - NYIS,NYIS,New York Independent System Operator,Eastern,219115,megawatthours
2019-07-16,ZONJ,New York City - NYIS,NYIS,New York Independent System Operator,Eastern,200849,megawatthours
2019-07-15,ZONJ,New York City - NYIS,NYIS,New York Independent System Operator,Eastern,189142,megawatthours
2019-07-14,ZONJ,New York City - NYIS,NYIS,New York Independent System Operator,Eastern,177278,megawatthours
2019-07-13,ZONJ,New York City - NYIS,NYIS,New York Independent System Operator,Eastern,168975,megawatthours
2019-07-12,ZONJ,New York City - NYIS,NYIS,New York Independent System Operator,Eastern,189586,megawatthours
2019-07-11,ZONJ,New York City - NYIS,NYIS,New York Independent System Operator,Eastern,192374,megawatthours
2019-07-10,ZONJ,New York City - NYIS,NYIS,New York Independent System Operator,Eastern,195836,megawatthours
2019-07-09,ZONJ,New York City - NYIS,NYIS,New York Independent System Operator,Eastern,182587,megawatthours
2019-07-08,ZONJ,New York City - NYIS,NYIS,New York Independent System Operator,Eastern,172271,megawatthours
2019-07-07,ZONJ,New York City - NYIS,NYIS,New York Independent System Operator,Eastern,169715,megawatthours
2019-07-06,ZONJ,New York City - NYIS,NYIS,New York Independent System Operator,Eastern,181680,megawatthours
2019-07-05,ZONJ,New York City - NYIS,NYIS,New York Independent System Operator,Eastern,184981,megawatthours
2019-07-04,ZONJ,New York City - NYIS,NYIS,New York Independent System Operator,Eastern,173293,megawatthours
2019-07-03,ZONJ,New York City - NYIS,NYIS,New York Independent System Operator,Eastern,191174,megawatthours
2019-07-02,ZONJ,New York City - NYIS,NYIS,New York Independent System Operator,Eastern,184540,megawatthours
2019-07-01,ZONJ,New York City - NYIS,NYIS,New York Independent System Operator,Eastern,172828,megawatthours
2019-06-30,ZONJ,New York City - NYIS,NYIS,New York Independent System Operator,Eastern,161779,megawatthours
2019-06-29,ZONJ,New York City - NYIS,NYIS,New York Independent System Operator,Eastern,179742,megawatthours
2019-06-28,ZONJ,New York City - NYIS,NYIS,New York Independent System Operator,Eastern,190202,megawatthours
2019-06-27,ZONJ,New York City - NYIS,NYIS,New York Independent System Operator,Eastern,190510,megawatthours
2019-06-26,ZONJ,New York City - NYIS,NYIS,New York Independent System Operator,Eastern,184472,megawatthours
2019-06-25,ZONJ,New York City - NYIS,NYIS,New York Independent System Operator,Eastern,178863,megawatthours
2019-06-24,ZONJ,New York City - NYIS,NYIS,New York Independent System Operator,Eastern,166482,megawatthours
2019-06-23,ZONJ,New York City - NYIS,NYIS,New York Independent System Operator,Eastern,137106,megawatthours
2019-06-22,ZONJ,New York City - NYIS,NYIS,New York Independent System Operator,Eastern,132495,megawatthours
2019-06-21,ZONJ,New York City - NYIS,NYIS,New York Independent System Operator,Eastern,152143,megawatthours
2019-06-20,ZONJ,New York City - NYIS,NYIS,New York Independent System Operator,Eastern,156815,megawatthours
2019-06-19,ZONJ,New York City - NYIS,NYIS,New York Independent System Operator,Eastern,150630,megawatthours
2019-06-18,ZONJ,New York City - NYIS,NYIS,New York Independent System Operator,Eastern,157077,megawatthours
2019-06-17,ZONJ,New York City - NYIS,NYIS,New York Independent System Operator,Eastern,158268,megawatthours
2019-06-16,ZONJ,New York City - NYIS,NYIS,New York Independent System Operator,Eastern,136393,megawatthours
2019-06-15,ZONJ,New York City - NYIS,NYIS,New York Independent System Operator,Eastern,126902,megawatthours
2019-06-14,ZONJ,New York City - NYIS,NYIS,New York Independent System Operator,Eastern,132404,megawatthours
2019-06-13,ZONJ,New York City - NYIS,NYIS,New York Independent System Operator,Eastern,133742,megawatthours
2019-06-12,ZONJ,New York City - NYIS,NYIS,New York Independent System Operator,Eastern,138851,megawatthours
2019-06-11,ZONJ,New York City - NYIS,NYIS,New York Independent System Operator,Eastern,142714,megawatthours
2019-06-10,ZONJ,New York City - NYIS,NYIS,New York Independent System Operator,Eastern,139108,megawatthours
2019-06-09,ZONJ,New York City - NYIS,NYIS,New York Independent System Operator,Eastern,126640,megawatthours
2019-06-08,ZONJ,New York City - NYIS,NYIS,New York Independent System Operator,Eastern,135629,megawatthours
2019-06-07,ZONJ,New York City - NYIS,NYIS,New York Independent System Operator,Eastern,155590,megawatthours
2019-06-06,ZONJ,New York City - NYIS,NYIS,New York Independent System Operator,Eastern,163065,megawatthours
2019-06-05,ZONJ,New York City - NYIS,NYIS,New York Independent System Operator,Eastern,145649,megawatthours
2019-06-04,ZONJ,New York City - NYIS,NYIS,New York Independent System Operator,Eastern,130630,megawatthours
2019-06-03,ZONJ,New York City - NYIS,NYIS,New York Independent System Operator,Eastern,136132,megawatthours
2019-06-02,ZONJ,New York City - NYIS,NYIS,New York Independent System Operator,Eastern,132932,megawatthours
2019-06-01,ZONJ,New York City - NYIS,NYIS,New York Independent System Operator,Eastern,130607,megawatthours
2019-05-31,ZONJ,New York City - NYIS,NYIS,New York Independent System Operator,Eastern,143687,megawatthours
2019-05-30,ZONJ,New York City - NYIS,NYIS,New York Independent System Operator,Eastern,132614,megawatthours
2019-05-29,ZONJ,New York City - NYIS,NYIS,New York Independent System Operator,Eastern,138576,megawatthours
2019-05-28,ZONJ,New York City - NYIS,NYIS,New York Independent System Operator,Eastern,142568,megawatthours
2019-05-27,ZONJ,New York City - NYIS,NYIS,New York Independent System Operator,Eastern,130806,megawatthours
2019-05-26,ZONJ,New York City - NYIS,NYIS,New York Independent System Operator,Eastern,124725,megawatthours
2019-05-25,ZONJ,New York City - NYIS,NYIS,New York Independent System Operator,Eastern,115120,megawatthours
2019-05-24,ZONJ,New York City - NYIS,NYIS,New York Independent System Operator,Eastern,135155,megawatthours
2019-05-23,ZONJ,New York City - NYIS,NYIS,New York Independent System Operator,Eastern,133209,megawatthours
2019-05-22,ZONJ,New York City - NYIS,NYIS,New York Independent System Operator,Eastern,131494,megawatthours
2019-05-21,ZONJ,New York City - NYIS,NYIS,New York Independent System Operator,Eastern,133705,megawatthours
2019-05-20,ZONJ,New York City - NYIS,NYIS,New York Independent System Operator,Eastern,152580,megawatthours
2019-05-19,ZONJ,New York City - NYIS,NYIS,New York Independent System Operator,Eastern,118365,megawatthours
2019-05-18,ZONJ,New York City - NYIS,NYIS,New York Independent System Operator,Eastern,115861,megawatthours
2019-05-17,ZONJ,New York City - NYIS,NYIS,New York Independent System Operator,Eastern,131001,megawatthours
2019-05-16,ZONJ,New York City - NYIS,NYIS,New York Independent System Operator,Eastern,126102,megawatthours
2019-05-15,ZONJ,New York City - NYIS,NYIS,New York Independent System Operator,Eastern,125446,megawatthours
2019-05-14,ZONJ,New York City - NYIS,NYIS,New York Independent System Operator,Eastern,127299,megawatthours
2019-05-13,ZONJ,New York City - NYIS,NYIS,New York Independent System Operator,Eastern,127578,megawatthours
2019-05-12,ZONJ,New York City - NYIS,NYIS,New York Independent System Operator,Eastern,112482,megawatthours
2019-05-11,ZONJ,New York City - NYIS,NYIS,New York Independent System Operator,Eastern,114199,megawatthours
2019-05-10,ZONJ,New York City - NYIS,NYIS,New York Independent System Operator,Eastern,127630,megawatthours
2019-05-09,ZONJ,New York City - NYIS,NYIS,New York Independent System Operator,Eastern,123486,megawatthours
2019-05-08,ZONJ,New York City - NYIS,NYIS,New York Independent System Operator,Eastern,125344,megawatthours
2019-05-07,ZONJ,New York City - NYIS,NYIS,New York Independent System Operator,Eastern,125335,megawatthours
2019-05-06,ZONJ,New York City - NYIS,NYIS,New York Independent System Operator,Eastern,124527,megawatthours
2019-05-05,ZONJ,New York City - NYIS,NYIS,New York Independent System Operator,Eastern,112693,megawatthours
2019-05-04,ZONJ,New York City - NYIS,NYIS,New York Independent System Operator,Eastern,113412,megawatthours
2019-05-03,ZONJ,New York City - NYIS,NYIS,New York Independent System Operator,Eastern,124402,megawatthours
2019-05-02,ZONJ,New York City - NYIS,NYIS,New York Independent System Operator,Eastern,125825,megawatthours
2019-05-01,ZONJ,New York City - NYIS,NYIS,New York Independent System Operator,Eastern,124392,megawatthours
2019-04-30,ZONJ,New York City - NYIS,NYIS,New York Independent System Operator,Eastern,124142,megawatthours
2019-04-29,ZONJ,New York City - NYIS,NYIS,New York Independent System Operator,Eastern,122788,megawatthours
2019-04-28,ZONJ,New York City - NYIS,NYIS,New York Independent System Operator,Eastern,109986,megawatthours
2019-04-27,ZONJ,New York City - NYIS,NYIS,New York Independent System Operator,Eastern,110330,megawatthours
2019-04-26,ZONJ,New York City - NYIS,NYIS,New York Independent System Operator,Eastern,123036,megawatthours
2019-04-25,ZONJ,New York City - NYIS,NYIS,New York Independent System Operator,Eastern,121982,megawatthours
2019-04-24,ZONJ,New York City - NYIS,NYIS,New York Independent System Operator,Eastern,125452,megawatthours
2019-04-23,ZONJ,New York City - NYIS,NYIS,New York Independent System Operator,Eastern,125324,megawatthours
2019-04-22,ZONJ,New York City - NYIS,NYIS,New York Independent System Operator,Eastern,123212,megawatthours
2019-04-21,ZONJ,New York City - NYIS,NYIS,New York Independent System Operator,Eastern,108480,megawatthours
2019-04-20,ZONJ,New York City - NYIS,NYIS,New York Independent System Operator,Eastern,115263,megawatthours
2019-04-19,ZONJ,New York City - NYIS,NYIS,New York Independent System Operator,Eastern,125896,megawatthours
2019-04-18,ZONJ,New York City - NYIS,NYIS,New York Independent System Operator,Eastern,126494,megawatthours
2019-04-17,ZONJ,New York City - NYIS,NYIS,New York Independent System Operator,Eastern,120257,megawatthours
2019-04-16,ZONJ,New York City - NYIS,NYIS,New York Independent System Operator,Eastern,125906,megawatthours
2019-04-15,ZONJ,New York City - NYIS,NYIS,New York Independent System Operator,Eastern,127795,megawatthours
2019-04-14,ZONJ,New York City - NYIS,NYIS,New York Independent System Operator,Eastern,116481,megawatthours
2019-04-13,ZONJ,New York City - NYIS,NYIS,New York Independent System Operator,Eastern,118357,megawatthours
2019-04-12,ZONJ,New York City - NYIS,NYIS,New York Independent System Operator,Eastern,127562,megawatthours
2019-04-11,ZONJ,New York City - NYIS,NYIS,New York Independent System Operator,Eastern,128312,megawatthours
2019-04-10,ZONJ,New York City - NYIS,NYIS,New York Independent System Operator,Eastern,125957,megawatthours
2019-04-09,ZONJ,New York City - NYIS,NYIS,New York Independent System Operator,Eastern,127521,megawatthours
2019-04-08,ZONJ,New York City - NYIS,NYIS,New York Independent System Operator,Eastern,128595,megawatthours
2019-04-07,ZONJ,New York City - NYIS,NYIS,New York Independent System Operator,Eastern,112880,megawatthours
2019-04-06,ZONJ,New York City - NYIS,NYIS,New York Independent System Operator,Eastern,117035,megawatthours
2019-04-05,ZONJ,New York City - NYIS,NYIS,New York Independent System Operator,Eastern,130603,megawatthours
2019-04-04,ZONJ,New York City - NYIS,NYIS,New York Independent System Operator,Eastern,126966,megawatthours
2019-04-03,ZONJ,New York City - NYIS,NYIS,New York Independent System Operator,Eastern,128648,megawatthours
2019-04-02,ZONJ,New York City - NYIS,NYIS,New York Independent System Operator,Eastern,131047,megawatthours
2019-04-01,ZONJ,New York City - NYIS,NYIS,New York Independent System Operator,Eastern,131674,megawatthours
2019-03-31,ZONJ,New York City - NYIS,NYIS,New York Independent System Operator,Eastern,115241,megawatthours
2019-03-30,ZONJ,New York City - NYIS,NYIS,New York Independent System Operator,Eastern,115078,megawatthours
2019-03-29,ZONJ,New York City - NYIS,NYIS,New York Independent System Operator,Eastern,129664,megawatthours
2019-03-28,ZONJ,New York City - NYIS,NYIS,New York Independent System Operator,Eastern,131634,megawatthours
2019-03-27,ZONJ,New York City - NYIS,NYIS,New York Independent System Operator,Eastern,132901,megawatthours
2019-03-26,ZONJ,New York City - NYIS,NYIS,New York Independent System Operator,Eastern,131720,megawatthours
2019-03-25,ZONJ,New York City - NYIS,NYIS,New York Independent System Operator,Eastern,129783,megawatthours
2019-03-24,ZONJ,New York City - NYIS,NYIS,New York Independent System Operator,Eastern,117964,megawatthours
2019-03-23,ZONJ,New York City - NYIS,NYIS,New York Independent System Operator,Eastern,123832,megawatthours
2019-03-22,ZONJ,New York City - NYIS,NYIS,New York Independent System Operator,Eastern,133807,megawatthours
2019-03-21,ZONJ,New York City - NYIS,NYIS,New York Independent System Operator,Eastern,133776,megawatthours
2019-03-20,ZONJ,New York City - NYIS,NYIS,New York Independent System Operator,Eastern,132471,megawatthours
2019-03-19,ZONJ,New York City - NYIS,NYIS,New York Independent System Operator,Eastern,133841,megawatthours
2019-03-18,ZONJ,New York City - NYIS,NYIS,New York Independent System Operator,Eastern,134932,megawatthours
2019-03-17,ZONJ,New York City - NYIS,NYIS,New York Independent System Operator,Eastern,120153,megawatthours
2019-03-16,ZONJ,New York City - NYIS,NYIS,New York Independent System Operator,Eastern,118295,megawatthours
2019-03-15,ZONJ,New York City - NYIS,NYIS,New York Independent System Operator,Eastern,130524,megawatthours
2019-03-14,ZONJ,New York City - NYIS,NYIS,New York Independent System Operator,Eastern,132981,megawatthours
2019-03-13,ZONJ,New York City - NYIS,NYIS,New York Independent System Operator,Eastern,137522,megawatthours
2019-03-12,ZONJ,New York City - NYIS,NYIS,New York Independent System Operator,Eastern,137516,megawatthours
2019-03-11,ZONJ,New York City - NYIS,NYIS,New York Independent System Operator,Eastern,134548,megawatthours
2019-03-10,ZONJ,New York City - NYIS,NYIS,New York Independent System Operator,Eastern,122703,megawatthours
2019-03-09,ZONJ,New York City - NYIS,NYIS,New York Independent System Operator,Eastern,127330,megawatthours
2019-03-08,ZONJ,New York City - NYIS,NYIS,New York Independent System Operator,Eastern,144237,megawatthours
2019-03-07,ZONJ,New York City - NYIS,NYIS,New York Independent System Operator,Eastern,150928,megawatthours
2019-03-06,ZONJ,New York City - NYIS,NYIS,New York Independent System Operator,Eastern,151133,megawatthours
2019-03-05,ZONJ,New York City - NYIS,NYIS,New York Independent System Operator,Eastern,145819,megawatthours
2019-03-04,ZONJ,New York City - NYIS,NYIS,New York Independent System Operator,Eastern,141496,megawatthours
2019-03-03,ZONJ,New York City - NYIS,NYIS,New York Independent System Operator,Eastern,127285,megawatthours
2019-03-02,ZONJ,New York City - NYIS,NYIS,New York Independent System Operator,Eastern,131932,megawatthours
2019-03-01,ZONJ,New York City - NYIS,NYIS,New York Independent System Operator,Eastern,144308,megawatthours
2019-02-28,ZONJ,New York City - NYIS,NYIS,New York Independent System Operator,Eastern,143568,megawatthours
2019-02-27,ZONJ,New York City - NYIS,NYIS,New York Independent System Operator,Eastern,146740,megawatthours
2019-02-26,ZONJ,New York City - NYIS,NYIS,New York Independent System Operator,Eastern,143977,megawatthours
2019-02-25,ZONJ,New York City - NYIS,NYIS,New York Independent System Operator,Eastern,139220,megawatthours
2019-02-24,ZONJ,New York City - NYIS,NYIS,New York Independent System Operator,Eastern,123497,megawatthours
2019-02-23,ZONJ,New York City - NYIS,NYIS,New York Independent System Operator,Eastern,125888,megawatthours
2019-02-22,ZONJ,New York City - NYIS,NYIS,New York Independent System Operator,Eastern,134984,megawatthours
2019-02-21,ZONJ,New York City - NYIS,NYIS,New York Independent System Operator,Eastern,137778,megawatthours
2019-02-20,ZONJ,New York City - NYIS,NYIS,New York Independent System Operator,Eastern,146783,megawatthours
2019-02-19,ZONJ,New York City - NYIS,NYIS,New York Independent System Operator,Eastern,143375,megawatthours
2019-02-18,ZONJ,New York City - NYIS,NYIS,New York Independent System Operator,Eastern,132375,megawatthours
2019-02-17,ZONJ,New York City - NYIS,NYIS,New York Independent System Operator,Eastern,124444,megawatthours
2019-02-16,ZONJ,New York City - NYIS,NYIS,New York Independent System Operator,Eastern,122681,megawatthours
2019-02-15,ZONJ,New York City - NYIS,NYIS,New York Independent System Operator,Eastern,134017,megawatthours
2019-02-14,ZONJ,New York City - NYIS,NYIS,New York Independent System Operator,Eastern,139781,megawatthours
2019-02-13,ZONJ,New York City - NYIS,NYIS,New York Independent System Operator,Eastern,141368,megawatthours
2019-02-12,ZONJ,New York City - NYIS,NYIS,New York Independent System Operator,Eastern,147267,megawatthours
2019-02-11,ZONJ,New York City - NYIS,NYIS,New York Independent System Operator,Eastern,143162,megawatthours
2019-02-10,ZONJ,New York City - NYIS,NYIS,New York Independent System Operator,Eastern,132123,megawatthours
2019-02-09,ZONJ,New York City - NYIS,NYIS,New York Independent System Operator,Eastern,133854,megawatthours
2019-02-08,ZONJ,New York City - NYIS,NYIS,New York Independent System Operator,Eastern,136194,megawatthours
2019-02-07,ZONJ,New York City - NYIS,NYIS,New York Independent System Operator,Eastern,137591,megawatthours
2019-02-06,ZONJ,New York City - NYIS,NYIS,New York Independent System Operator,Eastern,134941,megawatthours
2019-02-05,ZONJ,New York City - NYIS,NYIS,New York Independent System Operator,Eastern,132731,megawatthours
2019-02-04,ZONJ,New York City - NYIS,NYIS,New York Independent System Operator,Eastern,137369,megawatthours
2019-02-03,ZONJ,New York City - NYIS,NYIS,New York Independent System Operator,Eastern,131390,megawatthours
2019-02-02,ZONJ,New York City - NYIS,NYIS,New York Independent System Operator,Eastern,145804,megawatthours
2019-02-01,ZONJ,New York City - NYIS,NYIS,New York Independent System Operator,Eastern,163256,megawatthours
2019-01-31,ZONJ,New York City - NYIS,NYIS,New York Independent System Operator,Eastern,166578,megawatthours
2019-01-30,ZONJ,New York City - NYIS,NYIS,New York Independent System Operator,Eastern,153858,megawatthours
2019-01-29,ZONJ,New York City - NYIS,NYIS,New York Independent System Operator,Eastern,146703,megawatthours
2019-01-28,ZONJ,New York City - NYIS,NYIS,New York Independent System Operator,Eastern,145347,megawatthours
2019-01-27,ZONJ,New York City - NYIS,NYIS,New York Independent System Operator,Eastern,127404,megawatthours
2019-01-26,ZONJ,New York City - NYIS,NYIS,New York Independent System Operator,Eastern,134276,megawatthours
2019-01-25,ZONJ,New York City - NYIS,NYIS,New York Independent System Operator,Eastern,141638,megawatthours
2019-01-24,ZONJ,New York City - NYIS,NYIS,New York Independent System Operator,Eastern,139935,megawatthours
2019-01-23,ZONJ,New York City - NYIS,NYIS,New York Independent System Operator,Eastern,148575,megawatthours
2019-01-22,ZONJ,New York City - NYIS,NYIS,New York Independent System Operator,Eastern,159198,megawatthours
2019-01-21,ZONJ,New York City - NYIS,NYIS,New York Independent System Operator,Eastern,159311,megawatthours
2019-01-20,ZONJ,New York City - NYIS,NYIS,New York Independent System Operator,Eastern,133912,megawatthours
2019-01-19,ZONJ,New York City - NYIS,NYIS,New York Independent System Operator,Eastern,132279,megawatthours
2019-01-18,ZONJ,New York City - NYIS,NYIS,New York Independent System Operator,Eastern,143529,megawatthours
2019-01-17,ZONJ,New York City - NYIS,NYIS,New York Independent System Operator,Eastern,145991,megawatthours
2019-01-16,ZONJ,New York City - NYIS,NYIS,New York Independent System Operator,Eastern,144923,megawatthours
2019-01-15,ZONJ,New York City - NYIS,NYIS,New York Independent System Operator,Eastern,146343,megawatthours
2019-01-14,ZONJ,New York City - NYIS,NYIS,New York Independent System Operator,Eastern,148361,megawatthours
2019-01-13,ZONJ,New York City - NYIS,NYIS,New York Independent System Operator,Eastern,134196,megawatthours
2019-01-12,ZONJ,New York City - NYIS,NYIS,New York Independent System Operator,Eastern,137066,megawatthours
2019-01-11,ZONJ,New York City - NYIS,NYIS,New York Independent System Operator,Eastern,147813,megawatthours
2019-01-10,ZONJ,New York City - NYIS,NYIS,New York Independent System Operator,Eastern,143223,megawatthours
2019-01-09,ZONJ,New York City - NYIS,NYIS,New York Independent System Operator,Eastern,137410,megawatthours
2019-01-08,ZONJ,New York City - NYIS,NYIS,New York Independent System Operator,Eastern,138751,megawatthours
2019-01-07,ZONJ,New York City - NYIS,NYIS,New York Independent System Operator,Eastern,142770,megawatthours
2019-01-06,ZONJ,New York City - NYIS,NYIS,New York Independent System Operator,Eastern,123149,megawatthours
2019-01-05,ZONJ,New York City - NYIS,NYIS,New York Independent System Operator,Eastern,124696,megawatthours
2019-01-04,ZONJ,New York City - NYIS,NYIS,New York Independent System Operator,Eastern,136034,megawatthours
2019-01-03,ZONJ,New York City - NYIS,NYIS,New York Independent System Operator,Eastern,136364,megawatthours
2019-01-02,ZONJ,New York City - NYIS,NYIS,New York Independent System Operator,Eastern,136354,megawatthours
2019-01-01,ZONJ,New York City - NYIS,NYIS,New York Independent System Operator,Eastern,119601,megawatthours
