period,respondent,respondent-name,type,type-name,timezone,timezone-description,value,value-units
2026-07-22,NY,New York,D,Demand,Eastern,Eastern,476647,megawatthours
2026-07-21,NY,New York,D,Demand,Eastern,Eastern,475020,megawatthours
2026-07-20,NY,New York,D,Demand,Eastern,Eastern,425790,megawatthours
2026-07-19,NY,New York,D,Demand,Eastern,Eastern,412254,megawatthours
2026-07-18,NY,New York,D,Demand,Eastern,Eastern,454595,megawatthours
2026-07-17,NY,New York,D,Demand,Eastern,Eastern,477357,megawatthours
2026-07-16,NY,New York,D,Demand,Eastern,Eastern,512171,megawatthours
2026-07-15,NY,New York,D,Demand,Eastern,Eastern,581613,megawatthours
2026-07-14,NY,New York,D,Demand,Eastern,Eastern,542800,megawatthours
2026-07-13,NY,New York,D,Demand,Eastern,Eastern,485110,megawatthours
2026-07-12,NY,New York,D,Demand,Eastern,Eastern,429766,megawatthours
2026-07-11,NY,New York,D,Demand,Eastern,Eastern,457287,megawatthours
2026-07-10,NY,New York,D,Demand,Eastern,Eastern,515623,megawatthours
2026-07-09,NY,New York,D,Demand,Eastern,Eastern,503247,megawatthours
2026-07-08,NY,New York,D,Demand,Eastern,Eastern,458423,megawatthours
2026-07-07,NY,New York,D,Demand,Eastern,Eastern,426784,megawatthours
2026-07-06,NY,New York,D,Demand,Eastern,Eastern,459167,megawatthours
2026-07-05,NY,New York,D,Demand,Eastern,Eastern,486394,megawatthours
2026-07-04,NY,New York,D,Demand,Eastern,Eastern,550294,megawatthours
2026-07-03,NY,New York,D,Demand,Eastern,Eastern,611504,megawatthours
2026-07-02,NY,New York,D,Demand,Eastern,Eastern,625158,megawatthours
2026-07-01,NY,New York,D,Demand,Eastern,Eastern,569867,megawatthours
2026-06-30,NY,New York,D,Demand,Eastern,Eastern,522414,megawatthours
2026-06-29,NY,New York,D,Demand,Eastern,Eastern,484364,megawatthours
2026-06-28,NY,New York,D,Demand,Eastern,Eastern,423240,megawatthours
2026-06-27,NY,New York,D,Demand,Eastern,Eastern,414385,megawatthours
2026-06-26,NY,New York,D,Demand,Eastern,Eastern,439581,megawatthours
2026-06-25,NY,New York,D,Demand,Eastern,Eastern,431107,megawatthours
2026-06-24,NY,New York,D,Demand,Eastern,Eastern,406722,megawatthours
2026-06-23,NY,New York,D,Demand,Eastern,Eastern,409777,megawatthours
2026-06-22,NY,New York,D,Demand,Eastern,Eastern,425162,megawatthours
2026-06-21,NY,New York,D,Demand,Eastern,Eastern,382267,megawatthours
2026-06-20,NY,New York,D,Demand,Eastern,Eastern,381250,megawatthours
2026-06-19,NY,New York,D,Demand,Eastern,Eastern,416595,megawatthours
2026-06-18,NY,New York,D,Demand,Eastern,Eastern,450741,megawatthours
2026-06-17,NY,New York,D,Demand,Eastern,Eastern,405213,megawatthours
2026-06-16,NY,New York,D,Demand,Eastern,Eastern,379873,megawatthours
2026-06-15,NY,New York,D,Demand,Eastern,Eastern,415978,megawatthours
2026-06-14,NY,New York,D,Demand,Eastern,Eastern,455682,megawatthours
2026-06-13,NY,New York,D,Demand,Eastern,Eastern,457863,megawatthours
2026-06-12,NY,New York,D,Demand,Eastern,Eastern,536765,megawatthours
2026-06-11,NY,New York,D,Demand,Eastern,Eastern,532166,megawatthours
2026-06-10,NY,New York,D,Demand,Eastern,Eastern,463567,megawatthours
2026-06-09,NY,New York,D,Demand,Eastern,Eastern,411046,megawatthours
2026-06-08,NY,New York,D,Demand,Eastern,Eastern,396618,megawatthours
2026-06-07,NY,New York,D,Demand,Eastern,Eastern,411735,megawatthours
2026-06-06,NY,New York,D,Demand,Eastern,Eastern,434983,megawatthours
2026-06-05,NY,New York,D,Demand,Eastern,Eastern,428309,megawatthours
2026-06-04,NY,New York,D,Demand,Eastern,Eastern,395732,megawatthours
2026-06-03,NY,New York,D,Demand,Eastern,Eastern,373297,megawatthours
2026-06-02,NY,New York,D,Demand,Eastern,Eastern,346961,megawatthours
2026-06-01,NY,New York,D,Demand,Eastern,Eastern,340552,megawatthours
2026-05-31,NY,New York,D,Demand,Eastern,Eastern,312799,megawatthours
2026-05-30,NY,New York,D,Demand,Eastern,Eastern,313734,megawatthours
2026-05-29,NY,New York,D,Demand,Eastern,Eastern,354028,megawatthours
2026-05-28,NY,New York,D,Demand,Eastern,Eastern,375518,megawatthours
2026-05-27,NY,New York,D,Demand,Eastern,Eastern,392603,megawatthours
2026-05-26,NY,New York,D,Demand,Eastern,Eastern,362512,megawatthours
2026-05-25,NY,New York,D,Demand,Eastern,Eastern,329585,megawatthours
2026-05-24,NY,New York,D,Demand,Eastern,Eastern,335688,megawatthours
2026-05-23,NY,New York,D,Demand,Eastern,Eastern,340533,megawatthours
2026-05-22,NY,New York,D,Demand,Eastern,Eastern,335007,megawatthours
2026-05-21,NY,New York,D,Demand,Eastern,Eastern,367875,megawatthours
2026-05-20,NY,New York,D,Demand,Eastern,Eastern,478266,megawatthours
2026-05-19,NY,New York,D,Demand,Eastern,Eastern,481122,megawatthours
2026-05-18,NY,New York,D,Demand,Eastern,Eastern,436576,megawatthours
2026-05-17,NY,New York,D,Demand,Eastern,Eastern,352433,megawatthours
2026-05-16,NY,New York,D,Demand,Eastern,Eastern,316663,megawatthours
2026-05-15,NY,New York,D,Demand,Eastern,Eastern,337247,megawatthours
2026-05-14,NY,New York,D,Demand,Eastern,Eastern,356595,megawatthours
2026-05-13,NY,New York,D,Demand,Eastern,Eastern,351045,megawatthours
2026-05-12,NY,New York,D,Demand,Eastern,Eastern,323693,megawatthours
2026-05-11,NY,New York,D,Demand,Eastern,Eastern,334938,megawatthours
2026-05-10,NY,New York,D,Demand,Eastern,Eastern,307665,megawatthours
2026-05-09,NY,New York,D,Demand,Eastern,Eastern,331074,megawatthours
2026-05-08,NY,New York,D,Demand,Eastern,Eastern,335961,megawatthours
2026-05-07,NY,New York,D,Demand,Eastern,Eastern,336219,megawatthours
2026-05-06,NY,New York,D,Demand,Eastern,Eastern,373795,megawatthours
2026-05-05,NY,New York,D,Demand,Eastern,Eastern,353722,megawatthours
2026-05-04,NY,New York,D,Demand,Eastern,Eastern,335137,megawatthours
2026-05-03,NY,New York,D,Demand,Eastern,Eastern,313630,megawatthours
2026-05-02,NY,New York,D,Demand,Eastern,Eastern,323252,megawatthours
2026-05-01,NY,New York,D,Demand,Eastern,Eastern,335996,megawatthours
2026-04-30,NY,New York,D,Demand,Eastern,Eastern,357106,megawatthours
2026-04-29,NY,New York,D,Demand,Eastern,Eastern,347846,megawatthours
2026-04-28,NY,New York,D,Demand,Eastern,Eastern,340216,megawatthours
2026-04-27,NY,New York,D,Demand,Eastern,Eastern,326786,megawatthours
2026-04-26,NY,New York,D,Demand,Eastern,Eastern,312899,megawatthours
2026-04-25,NY,New York,D,Demand,Eastern,Eastern,343784,megawatthours
2026-04-24,NY,New York,D,Demand,Eastern,Eastern,326804,megawatthours
2026-04-23,NY,New York,D,Demand,Eastern,Eastern,337142,megawatthours
2026-04-22,NY,New York,D,Demand,Eastern,Eastern,358349,megawatthours
2026-04-21,NY,New York,D,Demand,Eastern,Eastern,355667,megawatthours
2026-04-20,NY,New York,D,Demand,Eastern,Eastern,358494,megawatthours
2026-04-19,NY,New York,D,Demand,Eastern,Eastern,337198,megawatthours
2026-04-18,NY,New York,D,Demand,Eastern,Eastern,320966,megawatthours
2026-04-17,NY,New York,D,Demand,Eastern,Eastern,379565,megawatthours
2026-04-16,NY,New York,D,Demand,Eastern,Eastern,404315,megawatthours
2026-04-15,NY,New York,D,Demand,Eastern,Eastern,385907,megawatthours
2026-04-14,NY,New York,D,Demand,Eastern,Eastern,364209,megawatthours
2026-04-13,NY,New York,D,Demand,Eastern,Eastern,357342,megawatthours
2026-04-12,NY,New York,D,Demand,Eastern,Eastern,325079,megawatthours
2026-04-11,NY,New York,D,Demand,Eastern,Eastern,312384,megawatthours
2026-04-10,NY,New York,D,Demand,Eastern,Eastern,345776,megawatthours
2026-04-09,NY,New York,D,Demand,Eastern,Eastern,348705,megawatthours
2026-04-08,NY,New York,D,Demand,Eastern,Eastern,360360,megawatthours
2026-04-07,NY,New York,D,Demand,Eastern,Eastern,369536,megawatthours
2026-04-06,NY,New York,D,Demand,Eastern,Eastern,359426,megawatthours
2026-04-05,NY,New York,D,Demand,Eastern,Eastern,341676,megawatthours
2026-04-04,NY,New York,D,Demand,Eastern,Eastern,322634,megawatthours
2026-04-03,NY,New York,D,Demand,Eastern,Eastern,348163,megawatthours
2026-04-02,NY,New York,D,Demand,Eastern,Eastern,379391,megawatthours
2026-04-01,NY,New York,D,Demand,Eastern,Eastern,372270,megawatthours
2026-03-31,NY,New York,D,Demand,Eastern,Eastern,362338,megawatthours
2026-03-30,NY,New York,D,Demand,Eastern,Eastern,353898,megawatthours
2026-03-29,NY,New York,D,Demand,Eastern,Eastern,346164,megawatthours
2026-03-28,NY,New York,D,Demand,Eastern,Eastern,362212,megawatthours
2026-03-27,NY,New York,D,Demand,Eastern,Eastern,359320,megawatthours
2026-03-26,NY,New York,D,Demand,Eastern,Eastern,364392,megawatthours
2026-03-25,NY,New York,D,Demand,Eastern,Eastern,373311,megawatthours
2026-03-24,NY,New York,D,Demand,Eastern,Eastern,379841,megawatthours
2026-03-23,NY,New York,D,Demand,Eastern,Eastern,406749,megawatthours
2026-03-22,NY,New York,D,Demand,Eastern,Eastern,368779,megawatthours
2026-03-21,NY,New York,D,Demand,Eastern,Eastern,356588,megawatthours
2026-03-20,NY,New York,D,Demand,Eastern,Eastern,395661,megawatthours
2026-03-19,NY,New York,D,Demand,Eastern,Eastern,415249,megawatthours
2026-03-18,NY,New York,D,Demand,Eastern,Eastern,414090,megawatthours
2026-03-17,NY,New York,D,Demand,Eastern,Eastern,401401,megawatthours
2026-03-16,NY,New York,D,Demand,Eastern,Eastern,393083,megawatthours
2026-03-15,NY,New York,D,Demand,Eastern,Eastern,380017,megawatthours
2026-03-14,NY,New York,D,Demand,Eastern,Eastern,378730,megawatthours
2026-03-13,NY,New York,D,Demand,Eastern,Eastern,412985,megawatthours
2026-03-12,NY,New York,D,Demand,Eastern,Eastern,398286,megawatthours
2026-03-11,NY,New York,D,Demand,Eastern,Eastern,367660,megawatthours
2026-03-10,NY,New York,D,Demand,Eastern,Eastern,357912,megawatthours
2026-03-09,NY,New York,D,Demand,Eastern,Eastern,355873,megawatthours
2026-03-08,NY,New York,D,Demand,Eastern,Eastern,341740,megawatthours
2026-03-07,NY,New York,D,Demand,Eastern,Eastern,383179,megawatthours
2026-03-06,NY,New York,D,Demand,Eastern,Eastern,420563,megawatthours
2026-03-05,NY,New York,D,Demand,Eastern,Eastern,426250,megawatthours
2026-03-04,NY,New York,D,Demand,Eastern,Eastern,406190,megawatthours
2026-03-03,NY,New York,D,Demand,Eastern,Eastern,458964,megawatthours
2026-03-02,NY,New York,D,Demand,Eastern,Eastern,438419,megawatthours
2026-03-01,NY,New York,D,Demand,Eastern,Eastern,398862,megawatthours
2026-02-28,NY,New York,D,Demand,Eastern,Eastern,382600,megawatthours
2026-02-27,NY,New York,D,Demand,Eastern,Eastern,418645,megawatthours
2026-02-26,NY,New York,D,Demand,Eastern,Eastern,428420,megawatthours
2026-02-25,NY,New York,D,Demand,Eastern,Eastern,456742,megawatthours
2026-02-24,NY,New York,D,Demand,Eastern,Eastern,462318,megawatthours
2026-02-23,NY,New York,D,Demand,Eastern,Eastern,449523,megawatthours
2026-02-22,NY,New York,D,Demand,Eastern,Eastern,424742,megawatthours
2026-02-21,NY,New York,D,Demand,Eastern,Eastern,409201,megawatthours
2026-02-20,NY,New York,D,Demand,Eastern,Eastern,441238,megawatthours
2026-02-19,NY,New York,D,Demand,Eastern,Eastern,426808,megawatthours
2026-02-18,NY,New York,D,Demand,Eastern,Eastern,439069,megawatthours
2026-02-17,NY,New York,D,Demand,Eastern,Eastern,433071,megawatthours
2026-02-16,NY,New York,D,Demand,Eastern,Eastern,431441,megawatthours
2026-02-15,NY,New York,D,Demand,Eastern,Eastern,408029,megawatthours
2026-02-14,NY,New York,D,Demand,Eastern,Eastern,427075,megawatthours
2026-02-13,NY,New York,D,Demand,Eastern,Eastern,455128,megawatthours
2026-02-12,NY,New York,D,Demand,Eastern,Eastern,462239,megawatthours
2026-02-11,NY,New York,D,Demand,Eastern,Eastern,466332,megawatthours
2026-02-10,NY,New York,D,Demand,Eastern,Eastern,487923,megawatthours
2026-02-09,NY,New York,D,Demand,Eastern,Eastern,385476,megawatthours
2026-02-08,NY,New York,D,Demand,Eastern,Eastern,522575,megawatthours
2026-02-07,NY,New York,D,Demand,Eastern,Eastern,503844,megawatthours
2026-02-06,NY,New York,D,Demand,Eastern,Eastern,478617,megawatthours
2026-02-05,NY,New York,D,Demand,Eastern,Eastern,478975,megawatthours
2026-02-04,NY,New York,D,Demand,Eastern,Eastern,473389,megawatthours
2026-02-03,NY,New York,D,Demand,Eastern,Eastern,493290,megawatthours
2026-02-02,NY,New York,D,Demand,Eastern,Eastern,504373,megawatthours
2026-02-01,NY,New York,D,Demand,Eastern,Eastern,503274,megawatthours
2026-01-31,NY,New York,D,Demand,Eastern,Eastern,502982,megawatthours
2026-01-30,NY,New York,D,Demand,Eastern,Eastern,530778,megawatthours
2026-01-29,NY,New York,D,Demand,Eastern,Eastern,521699,megawatthours
2026-01-28,NY,New York,D,Demand,Eastern,Eastern,516929,megawatthours
2026-01-27,NY,New York,D,Demand,Eastern,Eastern,519719,megawatthours
2026-01-26,NY,New York,D,Demand,Eastern,Eastern,502319,megawatthours
2026-01-25,NY,New York,D,Demand,Eastern,Eastern,511960,megawatthours
2026-01-24,NY,New York,D,Demand,Eastern,Eastern,497876,megawatthours
2026-01-23,NY,New York,D,Demand,Eastern,Eastern,471379,megawatthours
2026-01-22,NY,New York,D,Demand,Eastern,Eastern,449357,megawatthours
2026-01-21,NY,New York,D,Demand,Eastern,Eastern,497750,megawatthours
2026-01-20,NY,New York,D,Demand,Eastern,Eastern,498299,megawatthours
2026-01-19,NY,New York,D,Demand,Eastern,Eastern,464296,megawatthours
2026-01-18,NY,New York,D,Demand,Eastern,Eastern,435108,megawatthours
2026-01-17,NY,New York,D,Demand,Eastern,Eastern,435414,megawatthours
2026-01-16,NY,New York,D,Demand,Eastern,Eastern,466357,megawatthours
2026-01-15,NY,New York,D,Demand,Eastern,Eastern,440042,megawatthours
2026-01-14,NY,New York,D,Demand,Eastern,Eastern,420426,megawatthours
2026-01-13,NY,New York,D,Demand,Eastern,Eastern,427538,megawatthours
2026-01-12,NY,New York,D,Demand,Eastern,Eastern,442783,megawatthours
2026-01-11,NY,New York,D,Demand,Eastern,Eastern,403027,megawatthours
2026-01-10,NY,New York,D,Demand,Eastern,Eastern,401761,megawatthours
2026-01-09,NY,New York,D,Demand,Eastern,Eastern,420552,megawatthours
2026-01-08,NY,New York,D,Demand,Eastern,Eastern,415745,megawatthours
2026-01-07,NY,New York,D,Demand,Eastern,Eastern,433790,megawatthours
2026-01-06,NY,New York,D,Demand,Eastern,Eastern,448764,megawatthours
2026-01-05,NY,New York,D,Demand,Eastern,Eastern,472942,megawatthours
2026-01-04,NY,New York,D,Demand,Eastern,Eastern,449678,megawatthours
2026-01-03,NY,New York,D,Demand,Eastern,Eastern,459360,megawatthours
2026-01-02,NY,New York,D,Demand,Eastern,Eastern,478538,megawatthours
2026-01-01,NY,New York,D,Demand,Eastern,Eastern,448333,megawatthours
2025-12-31,NY,New York,D,Demand,Eastern,Eastern,461980,megawatthours
2025-12-30,NY,New York,D,Demand,Eastern,Eastern,469504,megawatthours
2025-12-29,NY,New York,D,Demand,Eastern,Eastern,441137,megawatthours
2025-12-28,NY,New York,D,Demand,Eastern,Eastern,446239,megawatthours
2025-12-27,NY,New York,D,Demand,Eastern,Eastern,453744,megawatthours
2025-12-26,NY,New York,D,Demand,Eastern,Eastern,464476,megawatthours
2025-12-25,NY,New York,D,Demand,Eastern,Eastern,403690,megawatthours
2025-12-24,NY,New York,D,Demand,Eastern,Eastern,416801,megawatthours
2025-12-23,NY,New York,D,Demand,Eastern,Eastern,449593,megawatthours
2025-12-22,NY,New York,D,Demand,Eastern,Eastern,448217,megawatthours
2025-12-21,NY,New York,D,Demand,Eastern,Eastern,420817,megawatthours
2025-12-20,NY,New York,D,Demand,Eastern,Eastern,426416,megawatthours
2025-12-19,NY,New York,D,Demand,Eastern,Eastern,430530,megawatthours
2025-12-18,NY,New York,D,Demand,Eastern,Eastern,429403,megawatthours
2025-12-17,NY,New York,D,Demand,Eastern,Eastern,460888,megawatthours
2025-12-16,NY,New York,D,Demand,Eastern,Eastern,480325,megawatthours
2025-12-15,NY,New York,D,Demand,Eastern,Eastern,499898,megawatthours
2025-12-14,NY,New York,D,Demand,Eastern,Eastern,458703,megawatthours
2025-12-13,NY,New York,D,Demand,Eastern,Eastern,446784,megawatthours
2025-12-12,NY,New York,D,Demand,Eastern,Eastern,467680,megawatthours
2025-12-11,NY,New York,D,Demand,Eastern,Eastern,462692,megawatthours
2025-12-10,NY,New York,D,Demand,Eastern,Eastern,456963,megawatthours
2025-12-09,NY,New York,D,Demand,Eastern,Eastern,479786,megawatthours
2025-12-08,NY,New York,D,Demand,Eastern,Eastern,459311,megawatthours
2025-12-07,NY,New York,D,Demand,Eastern,Eastern,415891,megawatthours
2025-12-06,NY,New York,D,Demand,Eastern,Eastern,427742,megawatthours
2025-12-05,NY,New York,D,Demand,Eastern,Eastern,469072,megawatthours
2025-12-04,NY,New York,D,Demand,Eastern,Eastern,449323,megawatthours
2025-12-03,NY,New York,D,Demand,Eastern,Eastern,436494,megawatthours
2025-12-02,NY,New York,D,Demand,Eastern,Eastern,446583,megawatthours
2025-12-01,NY,New York,D,Demand,Eastern,Eastern,418250,megawatthours
2025-11-30,NY,New York,D,Demand,Eastern,Eastern,401931,megawatthours
2025-11-29,NY,New York,D,Demand,Eastern,Eastern,390145,megawatthours
2025-11-28,NY,New York,D,Demand,Eastern,Eastern,398027,megawatthours
2025-11-27,NY,New York,D,Demand,Eastern,Eastern,371650,megawatthours
2025-11-26,NY,New York,D,Demand,Eastern,Eastern,387216,megawatthours
2025-11-25,NY,New York,D,Demand,Eastern,Eastern,401879,megawatthours
2025-11-24,NY,New York,D,Demand,Eastern,Eastern,391658,megawatthours
2025-11-23,NY,New York,D,Demand,Eastern,Eastern,387763,megawatthours
2025-11-22,NY,New York,D,Demand,Eastern,Eastern,373317,megawatthours
2025-11-21,NY,New York,D,Demand,Eastern,Eastern,405336,megawatthours
2025-11-20,NY,New York,D,Demand,Eastern,Eastern,402034,megawatthours
2025-11-19,NY,New York,D,Demand,Eastern,Eastern,404923,megawatthours
2025-11-18,NY,New York,D,Demand,Eastern,Eastern,406016,megawatthours
2025-11-17,NY,New York,D,Demand,Eastern,Eastern,414358,megawatthours
2025-11-16,NY,New York,D,Demand,Eastern,Eastern,368835,megawatthours
2025-11-15,NY,New York,D,Demand,Eastern,Eastern,374381,megawatthours
2025-11-14,NY,New York,D,Demand,Eastern,Eastern,394307,megawatthours
2025-11-13,NY,New York,D,Demand,Eastern,Eastern,400214,megawatthours
2025-11-12,NY,New York,D,Demand,Eastern,Eastern,415637,megawatthours
2025-11-11,NY,New York,D,Demand,Eastern,Eastern,420212,megawatthours
2025-11-10,NY,New York,D,Demand,Eastern,Eastern,400681,megawatthours
2025-11-09,NY,New York,D,Demand,Eastern,Eastern,361975,megawatthours
2025-11-08,NY,New York,D,Demand,Eastern,Eastern,343508,megawatthours
2025-11-07,NY,New York,D,Demand,Eastern,Eastern,383078,megawatthours
2025-11-06,NY,New York,D,Demand,Eastern,Eastern,379278,megawatthours
2025-11-05,NY,New York,D,Demand,Eastern,Eastern,382182,megawatthours
2025-11-04,NY,New York,D,Demand,Eastern,Eastern,366601,megawatthours
2025-11-03,NY,New York,D,Demand,Eastern,Eastern,381480,megawatthours
2025-11-02,NY,New York,D,Demand,Eastern,Eastern,355978,megawatthours
2025-11-01,NY,New York,D,Demand,Eastern,Eastern,351857,megawatthours
2025-10-31,NY,New York,D,Demand,Eastern,Eastern,376837,megawatthours
2025-10-30,NY,New York,D,Demand,Eastern,Eastern,390814,megawatthours
2025-10-29,NY,New York,D,Demand,Eastern,Eastern,373252,megawatthours
2025-10-28,NY,New York,D,Demand,Eastern,Eastern,372623,megawatthours
2025-10-27,NY,New York,D,Demand,Eastern,Eastern,367741,megawatthours
2025-10-26,NY,New York,D,Demand,Eastern,Eastern,335100,megawatthours
2025-10-25,NY,New York,D,Demand,Eastern,Eastern,341944,megawatthours
2025-10-24,NY,New York,D,Demand,Eastern,Eastern,362965,megawatthours
2025-10-23,NY,New York,D,Demand,Eastern,Eastern,366155,megawatthours
2025-10-22,NY,New York,D,Demand,Eastern,Eastern,362556,megawatthours
2025-10-21,NY,New York,D,Demand,Eastern,Eastern,355615,megawatthours
2025-10-20,NY,New York,D,Demand,Eastern,Eastern,367678,megawatthours
2025-10-19,NY,New York,D,Demand,Eastern,Eastern,334015,megawatthours
2025-10-18,NY,New York,D,Demand,Eastern,Eastern,333437,megawatthours
2025-10-17,NY,New York,D,Demand,Eastern,Eastern,355083,megawatthours
2025-10-16,NY,New York,D,Demand,Eastern,Eastern,348705,megawatthours
2025-10-15,NY,New York,D,Demand,Eastern,Eastern,355820,megawatthours
2025-10-14,NY,New York,D,Demand,Eastern,Eastern,365212,megawatthours
2025-10-13,NY,New York,D,Demand,Eastern,Eastern,367765,megawatthours
2025-10-12,NY,New York,D,Demand,Eastern,Eastern,331635,megawatthours
2025-10-11,NY,New York,D,Demand,Eastern,Eastern,335621,megawatthours
2025-10-10,NY,New York,D,Demand,Eastern,Eastern,343863,megawatthours
2025-10-09,NY,New York,D,Demand,Eastern,Eastern,340193,megawatthours
2025-10-08,NY,New York,D,Demand,Eastern,Eastern,379896,megawatthours
2025-10-07,NY,New York,D,Demand,Eastern,Eastern,412826,megawatthours
2025-10-06,NY,New York,D,Demand,Eastern,Eastern,398925,megawatthours
2025-10-05,NY,New York,D,Demand,Eastern,Eastern,365686,megawatthours
2025-10-04,NY,New York,D,Demand,Eastern,Eastern,345358,megawatthours
2025-10-03,NY,New York,D,Demand,Eastern,Eastern,349375,megawatthours
2025-10-02,NY,New York,D,Demand,Eastern,Eastern,345548,megawatthours
2025-10-01,NY,New York,D,Demand,Eastern,Eastern,353297,megawatthours
2025-09-30,NY,New York,D,Demand,Eastern,Eastern,388509,megawatthours
2025-09-29,NY,New York,D,Demand,Eastern,Eastern,400388,megawatthours
2025-09-28,NY,New York,D,Demand,Eastern,Eastern,389718,megawatthours
2025-09-27,NY,New York,D,Demand,Eastern,Eastern,384042,megawatthours
2025-09-26,NY,New York,D,Demand,Eastern,Eastern,423653,megawatthours
2025-09-25,NY,New York,D,Demand,Eastern,Eastern,443927,megawatthours
2025-09-24,NY,New York,D,Demand,Eastern,Eastern,432178,megawatthours
2025-09-23,NY,New York,D,Demand,Eastern,Eastern,416524,megawatthours
2025-09-22,NY,New York,D,Demand,Eastern,Eastern,379327,megawatthours
2025-09-21,NY,New York,D,Demand,Eastern,Eastern,337369,megawatthours
2025-09-20,NY,New York,D,Demand,Eastern,Eastern,344147,megawatthours
2025-09-19,NY,New York,D,Demand,Eastern,Eastern,410318,megawatthours
2025-09-18,NY,New York,D,Demand,Eastern,Eastern,406058,megawatthours
2025-09-17,NY,New York,D,Demand,Eastern,Eastern,386088,megawatthours
2025-09-16,NY,New York,D,Demand,Eastern,Eastern,392441,megawatthours
2025-09-15,NY,New York,D,Demand,Eastern,Eastern,408169,megawatthours
2025-09-14,NY,New York,D,Demand,Eastern,Eastern,382054,megawatthours
2025-09-13,NY,New York,D,Demand,Eastern,Eastern,375302,megawatthours
2025-09-12,NY,New York,D,Demand,Eastern,Eastern,386145,megawatthours
2025-09-11,NY,New York,D,Demand,Eastern,Eastern,383588,megawatthours
2025-09-10,NY,New York,D,Demand,Eastern,Eastern,373084,megawatthours
2025-09-09,NY,New York,D,Demand,Eastern,Eastern,365709,megawatthours
2025-09-08,NY,New York,D,Demand,Eastern,Eastern,363745,megawatthours
2025-09-07,NY,New York,D,Demand,Eastern,Eastern,359811,megawatthours
2025-09-06,NY,New York,D,Demand,Eastern,Eastern,424128,megawatthours
2025-09-05,NY,New York,D,Demand,Eastern,Eastern,431027,megawatthours
2025-09-04,NY,New York,D,Demand,Eastern,Eastern,414686,megawatthours
2025-09-03,NY,New York,D,Demand,Eastern,Eastern,400220,megawatthours
2025-09-02,NY,New York,D,Demand,Eastern,Eastern,395951,megawatthours
2025-09-01,NY,New York,D,Demand,Eastern,Eastern,363315,megawatthours
2025-08-31,NY,New York,D,Demand,Eastern,Eastern,342833,megawatthours
2025-08-30,NY,New York,D,Demand,Eastern,Eastern,344509,megawatthours
2025-08-29,NY,New York,D,Demand,Eastern,Eastern,392702,megawatthours
2025-08-28,NY,New York,D,Demand,Eastern,Eastern,387000,megawatthours
2025-08-27,NY,New York,D,Demand,Eastern,Eastern,389620,megawatthours
2025-08-26,NY,New York,D,Demand,Eastern,Eastern,410750,megawatthours
2025-08-25,NY,New York,D,Demand,Eastern,Eastern,447864,megawatthours
2025-08-24,NY,New York,D,Demand,Eastern,Eastern,414496,megawatthours
2025-08-23,NY,New York,D,Demand,Eastern,Eastern,400489,megawatthours
2025-08-22,NY,New York,D,Demand,Eastern,Eastern,398716,megawatthours
2025-08-21,NY,New York,D,Demand,Eastern,Eastern,385529,megawatthours
2025-08-20,NY,New York,D,Demand,Eastern,Eastern,413024,megawatthours
2025-08-19,NY,New York,D,Demand,Eastern,Eastern,413861,megawatthours
2025-08-18,NY,New York,D,Demand,Eastern,Eastern,430269,megawatthours
2025-08-17,NY,New York,D,Demand,Eastern,Eastern,498703,megawatthours
2025-08-16,NY,New York,D,Demand,Eastern,Eastern,492830,megawatthours
2025-08-15,NY,New York,D,Demand,Eastern,Eastern,517722,megawatthours
2025-08-14,NY,New York,D,Demand,Eastern,Eastern,539828,megawatthours
2025-08-13,NY,New York,D,Demand,Eastern,Eastern,557728,megawatthours
2025-08-12,NY,New York,D,Demand,Eastern,Eastern,541109,megawatthours
2025-08-11,NY,New York,D,Demand,Eastern,Eastern,515453,megawatthours
2025-08-10,NY,New York,D,Demand,Eastern,Eastern,459226,megawatthours
2025-08-09,NY,New York,D,Demand,Eastern,Eastern,434994,megawatthours
2025-08-08,NY,New York,D,Demand,Eastern,Eastern,450265,megawatthours
2025-08-07,NY,New York,D,Demand,Eastern,Eastern,461535,megawatthours
2025-08-06,NY,New York,D,Demand,Eastern,Eastern,474832,megawatthours
2025-08-05,NY,New York,D,Demand,Eastern,Eastern,487114,megawatthours
2025-08-04,NY,New York,D,Demand,Eastern,Eastern,470645,megawatthours
2025-08-03,NY,New York,D,Demand,Eastern,Eastern,403537,megawatthours
2025-08-02,NY,New York,D,Demand,Eastern,Eastern,387889,megawatthours
2025-08-01,NY,New York,D,Demand,Eastern,Eastern,416720,megawatthours
2025-07-31,NY,New York,D,Demand,Eastern,Eastern,531768,megawatthours
2025-07-30,NY,New York,D,Demand,Eastern,Eastern,603912,megawatthours
2025-07-29,NY,New York,D,Demand,Eastern,Eastern,610519,megawatthours
2025-07-28,NY,New York,D,Demand,Eastern,Eastern,578466,megawatthours
2025-07-27,NY,New York,D,Demand,Eastern,Eastern,497735,megawatthours
2025-07-26,NY,New York,D,Demand,Eastern,Eastern,501454,megawatthours
2025-07-25,NY,New York,D,Demand,Eastern,Eastern,575639,megawatthours
2025-07-24,NY,New York,D,Demand,Eastern,Eastern,524638,megawatthours
2025-07-23,NY,New York,D,Demand,Eastern,Eastern,466856,megawatthours
2025-07-22,NY,New York,D,Demand,Eastern,Eastern,443227,megawatthours
2025-07-21,NY,New York,D,Demand,Eastern,Eastern,493897,megawatthours
2025-07-20,NY,New York,D,Demand,Eastern,Eastern,507938,megawatthours
2025-07-19,NY,New York,D,Demand,Eastern,Eastern,454397,megawatthours
2025-07-18,NY,New York,D,Demand,Eastern,Eastern,492801,megawatthours
2025-07-17,NY,New York,D,Demand,Eastern,Eastern,594728,megawatthours
2025-07-16,NY,New York,D,Demand,Eastern,Eastern,587198,megawatthours
2025-07-15,NY,New York,D,Demand,Eastern,Eastern,553254,megawatthours
2025-07-14,NY,New York,D,Demand,Eastern,Eastern,554606,megawatthours
2025-07-13,NY,New York,D,Demand,Eastern,Eastern,510365,megawatthours
2025-07-12,NY,New York,D,Demand,Eastern,Eastern,514639,megawatthours
2025-07-11,NY,New York,D,Demand,Eastern,Eastern,533381,megawatthours
2025-07-10,NY,New York,D,Demand,Eastern,Eastern,530750,megawatthours
2025-07-09,NY,New York,D,Demand,Eastern,Eastern,556728,megawatthours
2025-07-08,NY,New York,D,Demand,Eastern,Eastern,574492,megawatthours
2025-07-07,NY,New York,D,Demand,Eastern,Eastern,565879,megawatthours
2025-07-06,NY,New York,D,Demand,Eastern,Eastern,500009,megawatthours
2025-07-05,NY,New York,D,Demand,Eastern,Eastern,439855,megawatthours
2025-07-04,NY,New York,D,Demand,Eastern,Eastern,412395,megawatthours
2025-07-03,NY,New York,D,Demand,Eastern,Eastern,494340,megawatthours
2025-07-02,NY,New York,D,Demand,Eastern,Eastern,510732,megawatthours
2025-07-01,NY,New York,D,Demand,Eastern,Eastern,553433,megawatthours
2025-06-30,NY,New York,D,Demand,Eastern,Eastern,532117,megawatthours
2025-06-29,NY,New York,D,Demand,Eastern,Eastern,478643,megawatthours
2025-06-28,NY,New York,D,Demand,Eastern,Eastern,436440,megawatthours
2025-06-27,NY,New York,D,Demand,Eastern,Eastern,425393,megawatthours
2025-06-26,NY,New York,D,Demand,Eastern,Eastern,504822,megawatthours
2025-06-25,NY,New York,D,Demand,Eastern,Eastern,631325,megawatthours
2025-06-24,NY,New York,D,Demand,Eastern,Eastern,634989,megawatthours
2025-06-23,NY,New York,D,Demand,Eastern,Eastern,605720,megawatthours
2025-06-22,NY,New York,D,Demand,Eastern,Eastern,499901,megawatthours
2025-06-21,NY,New York,D,Demand,Eastern,Eastern,453899,megawatthours
2025-06-20,NY,New York,D,Demand,Eastern,Eastern,445034,megawatthours
2025-06-19,NY,New York,D,Demand,Eastern,Eastern,486067,megawatthours
2025-06-18,NY,New York,D,Demand,Eastern,Eastern,442047,megawatthours
2025-06-17,NY,New York,D,Demand,Eastern,Eastern,403093,megawatthours
2025-06-16,NY,New York,D,Demand,Eastern,Eastern,385072,megawatthours
2025-06-15,NY,New York,D,Demand,Eastern,Eastern,346071,megawatthours
2025-06-14,NY,New York,D,Demand,Eastern,Eastern,360984,megawatthours
2025-06-13,NY,New York,D,Demand,Eastern,Eastern,410319,megawatthours
2025-06-12,NY,New York,D,Demand,Eastern,Eastern,442764,megawatthours
2025-06-11,NY,New York,D,Demand,Eastern,Eastern,408877,megawatthours
2025-06-10,NY,New York,D,Demand,Eastern,Eastern,391678,megawatthours
2025-06-09,NY,New York,D,Demand,Eastern,Eastern,393737,megawatthours
2025-06-08,NY,New York,D,Demand,Eastern,Eastern,372609,megawatthours
2025-06-07,NY,New York,D,Demand,Eastern,Eastern,407747,megawatthours
2025-06-06,NY,New York,D,Demand,Eastern,Eastern,459310,megawatthours
2025-06-05,NY,New York,D,Demand,Eastern,Eastern,450580,megawatthours
2025-06-04,NY,New York,D,Demand,Eastern,Eastern,398247,megawatthours
2025-06-03,NY,New York,D,Demand,Eastern,Eastern,361515,megawatthours
2025-06-02,NY,New York,D,Demand,Eastern,Eastern,340152,megawatthours
2025-06-01,NY,New York,D,Demand,Eastern,Eastern,321141,megawatthours
2025-05-31,NY,New York,D,Demand,Eastern,Eastern,347440,megawatthours
2025-05-30,NY,New York,D,Demand,Eastern,Eastern,364810,megawatthours
2025-05-29,NY,New York,D,Demand,Eastern,Eastern,364022,megawatthours
2025-05-28,NY,New York,D,Demand,Eastern,Eastern,359169,megawatthours
2025-05-27,NY,New York,D,Demand,Eastern,Eastern,353250,megawatthours
2025-05-26,NY,New York,D,Demand,Eastern,Eastern,315141,megawatthours
2025-05-25,NY,New York,D,Demand,Eastern,Eastern,317846,megawatthours
2025-05-24,NY,New York,D,Demand,Eastern,Eastern,330395,megawatthours
2025-05-23,NY,New York,D,Demand,Eastern,Eastern,365159,megawatthours
2025-05-22,NY,New York,D,Demand,Eastern,Eastern,374452,megawatthours
2025-05-21,NY,New York,D,Demand,Eastern,Eastern,370021,megawatthours
2025-05-20,NY,New York,D,Demand,Eastern,Eastern,345213,megawatthours
2025-05-19,NY,New York,D,Demand,Eastern,Eastern,352986,megawatthours
2025-05-18,NY,New York,D,Demand,Eastern,Eastern,352067,megawatthours
2025-05-17,NY,New York,D,Demand,Eastern,Eastern,371042,megawatthours
2025-05-16,NY,New York,D,Demand,Eastern,Eastern,381591,megawatthours
2025-05-15,NY,New York,D,Demand,Eastern,Eastern,378697,megawatthours
2025-05-14,NY,New York,D,Demand,Eastern,Eastern,374649,megawatthours
2025-05-13,NY,New York,D,Demand,Eastern,Eastern,371528,megawatthours
2025-05-12,NY,New York,D,Demand,Eastern,Eastern,350168,megawatthours
2025-05-11,NY,New York,D,Demand,Eastern,Eastern,314285,megawatthours
2025-05-10,NY,New York,D,Demand,Eastern,Eastern,319321,megawatthours
2025-05-09,NY,New York,D,Demand,Eastern,Eastern,372257,megawatthours
2025-05-08,NY,New York,D,Demand,Eastern,Eastern,368991,megawatthours
2025-05-07,NY,New York,D,Demand,Eastern,Eastern,357163,megawatthours
2025-05-06,NY,New York,D,Demand,Eastern,Eastern,365045,megawatthours
2025-05-05,NY,New York,D,Demand,Eastern,Eastern,370613,megawatthours
2025-05-04,NY,New York,D,Demand,Eastern,Eastern,351454,megawatthours
2025-05-03,NY,New York,D,Demand,Eastern,Eastern,359167,megawatthours
2025-05-02,NY,New York,D,Demand,Eastern,Eastern,364283,megawatthours
2025-05-01,NY,New York,D,Demand,Eastern,Eastern,342641,megawatthours
2025-04-30,NY,New York,D,Demand,Eastern,Eastern,345429,megawatthours
2025-04-29,NY,New York,D,Demand,Eastern,Eastern,350034,megawatthours
2025-04-28,NY,New York,D,Demand,Eastern,Eastern,338108,megawatthours
2025-04-27,NY,New York,D,Demand,Eastern,Eastern,319753,megawatthours
2025-04-26,NY,New York,D,Demand,Eastern,Eastern,350989,megawatthours
2025-04-25,NY,New York,D,Demand,Eastern,Eastern,356956,megawatthours
2025-04-24,NY,New York,D,Demand,Eastern,Eastern,347655,megawatthours
2025-04-23,NY,New York,D,Demand,Eastern,Eastern,340232,megawatthours
2025-04-22,NY,New York,D,Demand,Eastern,Eastern,349718,megawatthours
2025-04-21,NY,New York,D,Demand,Eastern,Eastern,359352,megawatthours
2025-04-20,NY,New York,D,Demand,Eastern,Eastern,310102,megawatthours
2025-04-19,NY,New York,D,Demand,Eastern,Eastern,338963,megawatthours
2025-04-18,NY,New York,D,Demand,Eastern,Eastern,344463,megawatthours
2025-04-17,NY,New York,D,Demand,Eastern,Eastern,346878,megawatthours
2025-04-16,NY,New York,D,Demand,Eastern,Eastern,382310,megawatthours
2025-04-15,NY,New York,D,Demand,Eastern,Eastern,357518,megawatthours
2025-04-14,NY,New York,D,Demand,Eastern,Eastern,353510,megawatthours
2025-04-13,NY,New York,D,Demand,Eastern,Eastern,341598,megawatthours
2025-04-12,NY,New York,D,Demand,Eastern,Eastern,381150,megawatthours
2025-04-11,NY,New York,D,Demand,Eastern,Eastern,391914,megawatthours
2025-04-10,NY,New York,D,Demand,Eastern,Eastern,391883,megawatthours
2025-04-09,NY,New York,D,Demand,Eastern,Eastern,380058,megawatthours
2025-04-08,NY,New York,D,Demand,Eastern,Eastern,390632,megawatthours
2025-04-07,NY,New York,D,Demand,Eastern,Eastern,383201,megawatthours
2025-04-06,NY,New York,D,Demand,Eastern,Eastern,347576,megawatthours
2025-04-05,NY,New York,D,Demand,Eastern,Eastern,355164,megawatthours
2025-04-04,NY,New York,D,Demand,Eastern,Eastern,346729,megawatthours
2025-04-03,NY,New York,D,Demand,Eastern,Eastern,377519,megawatthours
2025-04-02,NY,New York,D,Demand,Eastern,Eastern,387527,megawatthours
2025-04-01,NY,New York,D,Demand,Eastern,Eastern,358784,megawatthours
2025-03-31,NY,New York,D,Demand,Eastern,Eastern,370439,megawatthours
2025-03-30,NY,New York,D,Demand,Eastern,Eastern,360251,megawatthours
2025-03-29,NY,New York,D,Demand,Eastern,Eastern,356584,megawatthours
2025-03-28,NY,New York,D,Demand,Eastern,Eastern,373815,megawatthours
2025-03-27,NY,New York,D,Demand,Eastern,Eastern,371568,megawatthours
2025-03-26,NY,New York,D,Demand,Eastern,Eastern,383131,megawatthours
2025-03-25,NY,New York,D,Demand,Eastern,Eastern,378674,megawatthours
2025-03-24,NY,New York,D,Demand,Eastern,Eastern,398827,megawatthours
2025-03-23,NY,New York,D,Demand,Eastern,Eastern,351612,megawatthours
2025-03-22,NY,New York,D,Demand,Eastern,Eastern,354942,megawatthours
2025-03-21,NY,New York,D,Demand,Eastern,Eastern,360106,megawatthours
2025-03-20,NY,New York,D,Demand,Eastern,Eastern,365904,megawatthours
2025-03-19,NY,New York,D,Demand,Eastern,Eastern,354325,megawatthours
2025-03-18,NY,New York,D,Demand,Eastern,Eastern,367109,megawatthours
2025-03-17,NY,New York,D,Demand,Eastern,Eastern,383316,megawatthours
2025-03-16,NY,New York,D,Demand,Eastern,Eastern,350585,megawatthours
2025-03-15,NY,New York,D,Demand,Eastern,Eastern,353508,megawatthours
2025-03-14,NY,New York,D,Demand,Eastern,Eastern,362794,megawatthours
2025-03-13,NY,New York,D,Demand,Eastern,Eastern,374367,megawatthours
2025-03-12,NY,New York,D,Demand,Eastern,Eastern,380035,megawatthours
2025-03-11,NY,New York,D,Demand,Eastern,Eastern,360839,megawatthours
2025-03-10,NY,New York,D,Demand,Eastern,Eastern,368767,megawatthours
2025-03-09,NY,New York,D,Demand,Eastern,Eastern,361838,megawatthours
2025-03-08,NY,New York,D,Demand,Eastern,Eastern,379947,megawatthours
2025-03-07,NY,New York,D,Demand,Eastern,Eastern,406048,megawatthours
2025-03-06,NY,New York,D,Demand,Eastern,Eastern,403469,megawatthours
2025-03-05,NY,New York,D,Demand,Eastern,Eastern,407344,megawatthours
2025-03-04,NY,New York,D,Demand,Eastern,Eastern,420282,megawatthours
2025-03-03,NY,New York,D,Demand,Eastern,Eastern,430754,megawatthours
2025-03-02,NY,New York,D,Demand,Eastern,Eastern,417602,megawatthours
2025-03-01,NY,New York,D,Demand,Eastern,Eastern,391122,megawatthours
2025-02-28,NY,New York,D,Demand,Eastern,Eastern,395168,megawatthours
2025-02-27,NY,New York,D,Demand,Eastern,Eastern,413497,megawatthours
2025-02-26,NY,New York,D,Demand,Eastern,Eastern,390557,megawatthours
2025-02-25,NY,New York,D,Demand,Eastern,Eastern,409251,megawatthours
2025-02-24,NY,New York,D,Demand,Eastern,Eastern,414863,megawatthours
2025-02-23,NY,New York,D,Demand,Eastern,Eastern,407668,megawatthours
2025-02-22,NY,New York,D,Demand,Eastern,Eastern,424577,megawatthours
2025-02-21,NY,New York,D,Demand,Eastern,Eastern,466908,megawatthours
2025-02-20,NY,New York,D,Demand,Eastern,Eastern,475569,megawatthours
2025-02-19,NY,New York,D,Demand,Eastern,Eastern,475123,megawatthours
2025-02-18,NY,New York,D,Demand,Eastern,Eastern,476969,megawatthours
2025-02-17,NY,New York,D,Demand,Eastern,Eastern,450724,megawatthours
2025-02-16,NY,New York,D,Demand,Eastern,Eastern,428955,megawatthours
2025-02-15,NY,New York,D,Demand,Eastern,Eastern,442916,megawatthours
2025-02-14,NY,New York,D,Demand,Eastern,Eastern,442568,megawatthours
2025-02-13,NY,New York,D,Demand,Eastern,Eastern,449773,megawatthours
2025-02-12,NY,New York,D,Demand,Eastern,Eastern,461393,megawatthours
2025-02-11,NY,New York,D,Demand,Eastern,Eastern,462141,megawatthours
2025-02-10,NY,New York,D,Demand,Eastern,Eastern,450779,megawatthours
2025-02-09,NY,New York,D,Demand,Eastern,Eastern,437321,megawatthours
2025-02-08,NY,New York,D,Demand,Eastern,Eastern,435101,megawatthours
2025-02-07,NY,New York,D,Demand,Eastern,Eastern,437921,megawatthours
2025-02-06,NY,New York,D,Demand,Eastern,Eastern,466398,megawatthours
2025-02-05,NY,New York,D,Demand,Eastern,Eastern,450687,megawatthours
2025-02-04,NY,New York,D,Demand,Eastern,Eastern,433662,megawatthours
2025-02-03,NY,New York,D,Demand,Eastern,Eastern,443795,megawatthours
2025-02-02,NY,New York,D,Demand,Eastern,Eastern,458769,megawatthours
2025-02-01,NY,New York,D,Demand,Eastern,Eastern,427318,megawatthours
2025-01-31,NY,New York,D,Demand,Eastern,Eastern,444812,megawatthours
2025-01-30,NY,New York,D,Demand,Eastern,Eastern,456746,megawatthours
2025-01-29,NY,New York,D,Demand,Eastern,Eastern,444445,megawatthours
2025-01-28,NY,New York,D,Demand,Eastern,Eastern,446129,megawatthours
2025-01-27,NY,New York,D,Demand,Eastern,Eastern,445832,megawatthours
2025-01-26,NY,New York,D,Demand,Eastern,Eastern,433362,megawatthours
2025-01-25,NY,New York,D,Demand,Eastern,Eastern,456690,megawatthours
2025-01-24,NY,New York,D,Demand,Eastern,Eastern,479623,megawatthours
2025-01-23,NY,New York,D,Demand,Eastern,Eastern,493684,megawatthours
2025-01-22,NY,New York,D,Demand,Eastern,Eastern,512469,megawatthours
2025-01-21,NY,New York,D,Demand,Eastern,Eastern,507458,megawatthours
2025-01-20,NY,New York,D,Demand,Eastern,Eastern,476314,megawatthours
2025-01-19,NY,New York,D,Demand,Eastern,Eastern,425620,megawatthours
2025-01-18,NY,New York,D,Demand,Eastern,Eastern,423690,megawatthours
2025-01-17,NY,New York,D,Demand,Eastern,Eastern,452520,megawatthours
2025-01-16,NY,New York,D,Demand,Eastern,Eastern,471935,megawatthours
2025-01-15,NY,New York,D,Demand,Eastern,Eastern,429499,megawatthours
2025-01-14,NY,New York,D,Demand,Eastern,Eastern,460618,megawatthours
2025-01-13,NY,New York,D,Demand,Eastern,Eastern,450534,megawatthours
2025-01-12,NY,New York,D,Demand,Eastern,Eastern,420996,megawatthours
2025-01-11,NY,New York,D,Demand,Eastern,Eastern,439882,megawatthours
2025-01-10,NY,New York,D,Demand,Eastern,Eastern,457755,megawatthours
2025-01-09,NY,New York,D,Demand,Eastern,Eastern,490373,megawatthours
2025-01-08,NY,New York,D,Demand,Eastern,Eastern,491538,megawatthours
2025-01-07,NY,New York,D,Demand,Eastern,Eastern,489499,megawatthours
2025-01-06,NY,New York,D,Demand,Eastern,Eastern,478157,megawatthours
2025-01-05,NY,New York,D,Demand,Eastern,Eastern,444306,megawatthours
2025-01-04,NY,New York,D,Demand,Eastern,Eastern,444490,megawatthours
2025-01-03,NY,New York,D,Demand,Eastern,Eastern,443961,megawatthours
2025-01-02,NY,New York,D,Demand,Eastern,Eastern,433967,megawatthours
2025-01-01,NY,New York,D,Demand,Eastern,Eastern,386468,megawatthours
2024-12-31,NY,New York,D,Demand,Eastern,Eastern,387803,megawatthours
2024-12-30,NY,New York,D,Demand,Eastern,Eastern,389721,megawatthours
2024-12-29,NY,New York,D,Demand,Eastern,Eastern,384030,megawatthours
2024-12-28,NY,New York,D,Demand,Eastern,Eastern,407169,megawatthours
2024-12-27,NY,New York,D,Demand,Eastern,Eastern,446691,megawatthours
2024-12-26,NY,New York,D,Demand,Eastern,Eastern,452405,megawatthours
2024-12-25,NY,New York,D,Demand,Eastern,Eastern,421329,megawatthours
2024-12-24,NY,New York,D,Demand,Eastern,Eastern,452742,megawatthours
2024-12-23,NY,New York,D,Demand,Eastern,Eastern,499812,megawatthours
2024-12-22,NY,New York,D,Demand,Eastern,Eastern,478530,megawatthours
2024-12-21,NY,New York,D,Demand,Eastern,Eastern,454146,megawatthours
2024-12-20,NY,New York,D,Demand,Eastern,Eastern,450901,megawatthours
2024-12-19,NY,New York,D,Demand,Eastern,Eastern,425504,megawatthours
2024-12-18,NY,New York,D,Demand,Eastern,Eastern,413074,megawatthours
2024-12-17,NY,New York,D,Demand,Eastern,Eastern,406974,megawatthours
2024-12-16,NY,New York,D,Demand,Eastern,Eastern,434083,megawatthours
2024-12-15,NY,New York,D,Demand,Eastern,Eastern,432459,megawatthours
2024-12-14,NY,New York,D,Demand,Eastern,Eastern,434485,megawatthours
2024-12-13,NY,New York,D,Demand,Eastern,Eastern,453408,megawatthours
2024-12-12,NY,New York,D,Demand,Eastern,Eastern,433378,megawatthours
2024-12-11,NY,New York,D,Demand,Eastern,Eastern,412993,megawatthours
2024-12-10,NY,New York,D,Demand,Eastern,Eastern,415010,megawatthours
2024-12-09,NY,New York,D,Demand,Eastern,Eastern,424459,megawatthours
2024-12-08,NY,New York,D,Demand,Eastern,Eastern,403297,megawatthours
2024-12-07,NY,New York,D,Demand,Eastern,Eastern,426283,megawatthours
2024-12-06,NY,New York,D,Demand,Eastern,Eastern,452742,megawatthours
2024-12-05,NY,New York,D,Demand,Eastern,Eastern,445660,megawatthours
2024-12-04,NY,New York,D,Demand,Eastern,Eastern,447651,megawatthours
2024-12-03,NY,New York,D,Demand,Eastern,Eastern,440665,megawatthours
2024-12-02,NY,New York,D,Demand,Eastern,Eastern,439637,megawatthours
2024-12-01,NY,New York,D,Demand,Eastern,Eastern,412709,megawatthours
2024-11-30,NY,New York,D,Demand,Eastern,Eastern,398752,megawatthours
2024-11-29,NY,New York,D,Demand,Eastern,Eastern,387608,megawatthours
2024-11-28,NY,New York,D,Demand,Eastern,Eastern,380960,megawatthours
2024-11-27,NY,New York,D,Demand,Eastern,Eastern,389193,megawatthours
2024-11-26,NY,New York,D,Demand,Eastern,Eastern,395848,megawatthours
2024-11-25,NY,New York,D,Demand,Eastern,Eastern,386591,megawatthours
2024-11-24,NY,New York,D,Demand,Eastern,Eastern,368594,megawatthours
2024-11-23,NY,New York,D,Demand,Eastern,Eastern,374705,megawatthours
2024-11-22,NY,New York,D,Demand,Eastern,Eastern,406854,megawatthours
2024-11-21,NY,New York,D,Demand,Eastern,Eastern,394330,megawatthours
2024-11-20,NY,New York,D,Demand,Eastern,Eastern,378483,megawatthours
2024-11-19,NY,New York,D,Demand,Eastern,Eastern,376740,megawatthours
2024-11-18,NY,New York,D,Demand,Eastern,Eastern,371605,megawatthours
2024-11-17,NY,New York,D,Demand,Eastern,Eastern,353747,megawatthours
2024-11-16,NY,New York,D,Demand,Eastern,Eastern,354835,megawatthours
2024-11-15,NY,New York,D,Demand,Eastern,Eastern,386291,megawatthours
2024-11-14,NY,New York,D,Demand,Eastern,Eastern,400435,megawatthours
2024-11-13,NY,New York,D,Demand,Eastern,Eastern,387730,megawatthours
2024-11-12,NY,New York,D,Demand,Eastern,Eastern,377863,megawatthours
2024-11-11,NY,New York,D,Demand,Eastern,Eastern,374033,megawatthours
2024-11-10,NY,New York,D,Demand,Eastern,Eastern,355474,megawatthours
2024-11-09,NY,New York,D,Demand,Eastern,Eastern,344838,megawatthours
2024-11-08,NY,New York,D,Demand,Eastern,Eastern,367491,megawatthours
2024-11-07,NY,New York,D,Demand,Eastern,Eastern,378476,megawatthours
2024-11-06,NY,New York,D,Demand,Eastern,Eastern,386179,megawatthours
2024-11-05,NY,New York,D,Demand,Eastern,Eastern,371794,megawatthours
2024-11-04,NY,New York,D,Demand,Eastern,Eastern,385333,megawatthours
2024-11-03,NY,New York,D,Demand,Eastern,Eastern,358226,megawatthours
2024-11-02,NY,New York,D,Demand,Eastern,Eastern,345239,megawatthours
2024-11-01,NY,New York,D,Demand,Eastern,Eastern,380282,megawatthours
2024-10-31,NY,New York,D,Demand,Eastern,Eastern,376387,megawatthours
2024-10-30,NY,New York,D,Demand,Eastern,Eastern,369942,megawatthours
2024-10-29,NY,New York,D,Demand,Eastern,Eastern,380778,megawatthours
2024-10-28,NY,New York,D,Demand,Eastern,Eastern,369182,megawatthours
2024-10-27,NY,New York,D,Demand,Eastern,Eastern,340857,megawatthours
2024-10-26,NY,New York,D,Demand,Eastern,Eastern,337178,megawatthours
2024-10-25,NY,New York,D,Demand,Eastern,Eastern,361117,megawatthours
2024-10-24,NY,New York,D,Demand,Eastern,Eastern,366182,megawatthours
2024-10-23,NY,New York,D,Demand,Eastern,Eastern,376031,megawatthours
2024-10-22,NY,New York,D,Demand,Eastern,Eastern,373493,megawatthours
2024-10-21,NY,New York,D,Demand,Eastern,Eastern,363870,megawatthours
2024-10-20,NY,New York,D,Demand,Eastern,Eastern,330021,megawatthours
2024-10-19,NY,New York,D,Demand,Eastern,Eastern,334870,megawatthours
2024-10-18,NY,New York,D,Demand,Eastern,Eastern,359360,megawatthours
2024-10-17,NY,New York,D,Demand,Eastern,Eastern,365921,megawatthours
2024-10-16,NY,New York,D,Demand,Eastern,Eastern,371418,megawatthours
2024-10-15,NY,New York,D,Demand,Eastern,Eastern,370140,megawatthours
2024-10-14,NY,New York,D,Demand,Eastern,Eastern,373774,megawatthours
2024-10-13,NY,New York,D,Demand,Eastern,Eastern,349858,megawatthours
2024-10-12,NY,New York,D,Demand,Eastern,Eastern,327886,megawatthours
2024-10-11,NY,New York,D,Demand,Eastern,Eastern,354992,megawatthours
2024-10-10,NY,New York,D,Demand,Eastern,Eastern,360125,megawatthours
2024-10-09,NY,New York,D,Demand,Eastern,Eastern,328198,megawatthours
2024-10-08,NY,New York,D,Demand,Eastern,Eastern,358371,megawatthours
2024-10-07,NY,New York,D,Demand,Eastern,Eastern,375050,megawatthours
2024-10-06,NY,New York,D,Demand,Eastern,Eastern,337242,megawatthours
2024-10-05,NY,New York,D,Demand,Eastern,Eastern,346119,megawatthours
2024-10-04,NY,New York,D,Demand,Eastern,Eastern,370991,megawatthours
2024-10-03,NY,New York,D,Demand,Eastern,Eastern,369088,megawatthours
2024-10-02,NY,New York,D,Demand,Eastern,Eastern,374092,megawatthours
2024-10-01,NY,New York,D,Demand,Eastern,Eastern,378816,megawatthours
2024-09-30,NY,New York,D,Demand,Eastern,Eastern,380784,megawatthours
2024-09-29,NY,New York,D,Demand,Eastern,Eastern,360454,megawatthours
2024-09-28,NY,New York,D,Demand,Eastern,Eastern,368122,megawatthours
2024-09-27,NY,New York,D,Demand,Eastern,Eastern,393654,megawatthours
2024-09-26,NY,New York,D,Demand,Eastern,Eastern,406784,megawatthours
2024-09-25,NY,New York,D,Demand,Eastern,Eastern,384115,megawatthours
2024-09-24,NY,New York,D,Demand,Eastern,Eastern,376808,megawatthours
2024-09-23,NY,New York,D,Demand,Eastern,Eastern,389014,megawatthours
2024-09-22,NY,New York,D,Demand,Eastern,Eastern,372482,megawatthours
2024-09-21,NY,New York,D,Demand,Eastern,Eastern,387404,megawatthours
2024-09-20,NY,New York,D,Demand,Eastern,Eastern,429269,megawatthours
2024-09-19,NY,New York,D,Demand,Eastern,Eastern,434128,megawatthours
2024-09-18,NY,New York,D,Demand,Eastern,Eastern,421286,megawatthours
2024-09-17,NY,New York,D,Demand,Eastern,Eastern,422263,megawatthours
2024-09-16,NY,New York,D,Demand,Eastern,Eastern,415597,megawatthours
2024-09-15,NY,New York,D,Demand,Eastern,Eastern,404636,megawatthours
2024-09-14,NY,New York,D,Demand,Eastern,Eastern,411903,megawatthours
2024-09-13,NY,New York,D,Demand,Eastern,Eastern,420936,megawatthours
2024-09-12,NY,New York,D,Demand,Eastern,Eastern,408416,megawatthours
2024-09-11,NY,New York,D,Demand,Eastern,Eastern,389353,megawatthours
2024-09-10,NY,New York,D,Demand,Eastern,Eastern,388966,megawatthours
2024-09-09,NY,New York,D,Demand,Eastern,Eastern,377879,megawatthours
2024-09-08,NY,New York,D,Demand,Eastern,Eastern,338759,megawatthours
2024-09-07,NY,New York,D,Demand,Eastern,Eastern,387435,megawatthours
2024-09-06,NY,New York,D,Demand,Eastern,Eastern,415105,megawatthours
2024-09-05,NY,New York,D,Demand,Eastern,Eastern,401446,megawatthours
2024-09-04,NY,New York,D,Demand,Eastern,Eastern,392797,megawatthours
2024-09-03,NY,New York,D,Demand,Eastern,Eastern,382423,megawatthours
2024-09-02,NY,New York,D,Demand,Eastern,Eastern,394828,megawatthours
2024-09-01,NY,New York,D,Demand,Eastern,Eastern,436966,megawatthours
2024-08-31,NY,New York,D,Demand,Eastern,Eastern,429079,megawatthours
2024-08-30,NY,New York,D,Demand,Eastern,Eastern,437924,megawatthours
2024-08-29,NY,New York,D,Demand,Eastern,Eastern,475354,megawatthours
2024-08-28,NY,New York,D,Demand,Eastern,Eastern,539447,megawatthours
2024-08-27,NY,New York,D,Demand,Eastern,Eastern,487564,megawatthours
2024-08-26,NY,New York,D,Demand,Eastern,Eastern,475589,megawatthours
2024-08-25,NY,New York,D,Demand,Eastern,Eastern,425264,megawatthours
2024-08-24,NY,New York,D,Demand,Eastern,Eastern,405102,megawatthours
2024-08-23,NY,New York,D,Demand,Eastern,Eastern,407431,megawatthours
2024-08-22,NY,New York,D,Demand,Eastern,Eastern,389306,megawatthours
2024-08-21,NY,New York,D,Demand,Eastern,Eastern,382126,megawatthours
2024-08-20,NY,New York,D,Demand,Eastern,Eastern,401830,megawatthours
2024-08-19,NY,New York,D,Demand,Eastern,Eastern,477779,megawatthours
2024-08-18,NY,New York,D,Demand,Eastern,Eastern,454911,megawatthours
2024-08-17,NY,New York,D,Demand,Eastern,Eastern,462051,megawatthours
2024-08-16,NY,New York,D,Demand,Eastern,Eastern,492956,megawatthours
2024-08-15,NY,New York,D,Demand,Eastern,Eastern,480985,megawatthours
2024-08-14,NY,New York,D,Demand,Eastern,Eastern,465624,megawatthours
2024-08-13,NY,New York,D,Demand,Eastern,Eastern,436644,megawatthours
2024-08-12,NY,New York,D,Demand,Eastern,Eastern,436269,megawatthours
2024-08-11,NY,New York,D,Demand,Eastern,Eastern,421810,megawatthours
2024-08-10,NY,New York,D,Demand,Eastern,Eastern,459300,megawatthours
2024-08-09,NY,New York,D,Demand,Eastern,Eastern,498953,megawatthours
2024-08-08,NY,New York,D,Demand,Eastern,Eastern,437163,megawatthours
2024-08-07,NY,New York,D,Demand,Eastern,Eastern,448992,megawatthours
2024-08-06,NY,New York,D,Demand,Eastern,Eastern,537462,megawatthours
2024-08-05,NY,New York,D,Demand,Eastern,Eastern,544649,megawatthours
2024-08-04,NY,New York,D,Demand,Eastern,Eastern,501763,megawatthours
2024-08-03,NY,New York,D,Demand,Eastern,Eastern,536896,megawatthours
2024-08-02,NY,New York,D,Demand,Eastern,Eastern,580016,megawatthours
2024-08-01,NY,New York,D,Demand,Eastern,Eastern,578337,megawatthours
2024-07-31,NY,New York,D,Demand,Eastern,Eastern,565967,megawatthours
2024-07-30,NY,New York,D,Demand,Eastern,Eastern,549083,megawatthours
2024-07-29,NY,New York,D,Demand,Eastern,Eastern,512723,megawatthours
2024-07-28,NY,New York,D,Demand,Eastern,Eastern,457041,megawatthours
2024-07-27,NY,New York,D,Demand,Eastern,Eastern,446802,megawatthours
2024-07-26,NY,New York,D,Demand,Eastern,Eastern,459510,megawatthours
2024-07-25,NY,New York,D,Demand,Eastern,Eastern,504415,megawatthours
2024-07-24,NY,New York,D,Demand,Eastern,Eastern,522291,megawatthours
2024-07-23,NY,New York,D,Demand,Eastern,Eastern,515697,megawatthours
2024-07-22,NY,New York,D,Demand,Eastern,Eastern,526457,megawatthours
2024-07-21,NY,New York,D,Demand,Eastern,Eastern,482653,megawatthours
2024-07-20,NY,New York,D,Demand,Eastern,Eastern,457240,megawatthours
2024-07-19,NY,New York,D,Demand,Eastern,Eastern,474958,megawatthours
2024-07-18,NY,New York,D,Demand,Eastern,Eastern,523047,megawatthours
2024-07-17,NY,New York,D,Demand,Eastern,Eastern,572022,megawatthours
2024-07-16,NY,New York,D,Demand,Eastern,Eastern,592567,megawatthours
2024-07-15,NY,New York,D,Demand,Eastern,Eastern,582246,megawatthours
2024-07-14,NY,New York,D,Demand,Eastern,Eastern,519002,megawatthours
2024-07-13,NY,New York,D,Demand,Eastern,Eastern,514810,megawatthours
2024-07-12,NY,New York,D,Demand,Eastern,Eastern,537021,megawatthours
2024-07-11,NY,New York,D,Demand,Eastern,Eastern,560345,megawatthours
2024-07-10,NY,New York,D,Demand,Eastern,Eastern,596679,megawatthours
2024-07-09,NY,New York,D,Demand,Eastern,Eastern,584881,megawatthours
2024-07-08,NY,New York,D,Demand,Eastern,Eastern,575041,megawatthours
2024-07-07,NY,New York,D,Demand,Eastern,Eastern,521388,megawatthours
2024-07-06,NY,New York,D,Demand,Eastern,Eastern,524043,megawatthours
2024-07-05,NY,New York,D,Demand,Eastern,Eastern,535062,megawatthours
2024-07-04,NY,New York,D,Demand,Eastern,Eastern,468304,megawatthours
2024-07-03,NY,New York,D,Demand,Eastern,Eastern,464048,megawatthours
2024-07-02,NY,New York,D,Demand,Eastern,Eastern,442764,megawatthours
2024-07-01,NY,New York,D,Demand,Eastern,Eastern,431153,megawatthours
2024-06-30,NY,New York,D,Demand,Eastern,Eastern,459818,megawatthours
2024-06-29,NY,New York,D,Demand,Eastern,Eastern,428966,megawatthours
2024-06-28,NY,New York,D,Demand,Eastern,Eastern,413704,megawatthours
2024-06-27,NY,New York,D,Demand,Eastern,Eastern,474388,megawatthours
2024-06-26,NY,New York,D,Demand,Eastern,Eastern,525513,megawatthours
2024-06-25,NY,New York,D,Demand,Eastern,Eastern,488333,megawatthours
2024-06-24,NY,New York,D,Demand,Eastern,Eastern,487872,megawatthours
2024-06-23,NY,New York,D,Demand,Eastern,Eastern,528587,megawatthours
2024-06-22,NY,New York,D,Demand,Eastern,Eastern,535052,megawatthours
2024-06-21,NY,New York,D,Demand,Eastern,Eastern,569747,megawatthours
2024-06-20,NY,New York,D,Demand,Eastern,Eastern,560371,megawatthours
2024-06-19,NY,New York,D,Demand,Eastern,Eastern,543998,megawatthours
2024-06-18,NY,New York,D,Demand,Eastern,Eastern,528597,megawatthours
2024-06-17,NY,New York,D,Demand,Eastern,Eastern,472702,megawatthours
2024-06-16,NY,New York,D,Demand,Eastern,Eastern,373330,megawatthours
2024-06-15,NY,New York,D,Demand,Eastern,Eastern,392856,megawatthours
2024-06-14,NY,New York,D,Demand,Eastern,Eastern,460500,megawatthours
2024-06-13,NY,New York,D,Demand,Eastern,Eastern,437863,megawatthours
2024-06-12,NY,New York,D,Demand,Eastern,Eastern,400073,megawatthours
2024-06-11,NY,New York,D,Demand,Eastern,Eastern,396022,megawatthours
2024-06-10,NY,New York,D,Demand,Eastern,Eastern,397209,megawatthours
2024-06-09,NY,New York,D,Demand,Eastern,Eastern,372919,megawatthours
2024-06-08,NY,New York,D,Demand,Eastern,Eastern,379216,megawatthours
2024-06-07,NY,New York,D,Demand,Eastern,Eastern,437779,megawatthours
2024-06-06,NY,New York,D,Demand,Eastern,Eastern,475275,megawatthours
2024-06-05,NY,New York,D,Demand,Eastern,Eastern,461009,megawatthours
2024-06-04,NY,New York,D,Demand,Eastern,Eastern,455096,megawatthours
2024-06-03,NY,New York,D,Demand,Eastern,Eastern,448343,megawatthours
2024-06-02,NY,New York,D,Demand,Eastern,Eastern,378133,megawatthours
2024-06-01,NY,New York,D,Demand,Eastern,Eastern,360183,megawatthours
2024-05-31,NY,New York,D,Demand,Eastern,Eastern,365780,megawatthours
2024-05-30,NY,New York,D,Demand,Eastern,Eastern,368523,megawatthours
2024-05-29,NY,New York,D,Demand,Eastern,Eastern,393945,megawatthours
2024-05-28,NY,New York,D,Demand,Eastern,Eastern,415978,megawatthours
2024-05-27,NY,New York,D,Demand,Eastern,Eastern,398974,megawatthours
2024-05-26,NY,New York,D,Demand,Eastern,Eastern,382548,megawatthours
2024-05-25,NY,New York,D,Demand,Eastern,Eastern,375230,megawatthours
2024-05-24,NY,New York,D,Demand,Eastern,Eastern,414012,megawatthours
2024-05-23,NY,New York,D,Demand,Eastern,Eastern,424937,megawatthours
2024-05-22,NY,New York,D,Demand,Eastern,Eastern,434377,megawatthours
2024-05-21,NY,New York,D,Demand,Eastern,Eastern,408914,megawatthours
2024-05-20,NY,New York,D,Demand,Eastern,Eastern,377636,megawatthours
2024-05-19,NY,New York,D,Demand,Eastern,Eastern,336057,megawatthours
2024-05-18,NY,New York,D,Demand,Eastern,Eastern,336962,megawatthours
2024-05-17,NY,New York,D,Demand,Eastern,Eastern,358677,megawatthours
2024-05-16,NY,New York,D,Demand,Eastern,Eastern,363810,megawatthours
2024-05-15,NY,New York,D,Demand,Eastern,Eastern,367413,megawatthours
2024-05-14,NY,New York,D,Demand,Eastern,Eastern,354711,megawatthours
2024-05-13,NY,New York,D,Demand,Eastern,Eastern,347954,megawatthours
2024-05-12,NY,New York,D,Demand,Eastern,Eastern,322479,megawatthours
2024-05-11,NY,New York,D,Demand,Eastern,Eastern,318881,megawatthours
2024-05-10,NY,New York,D,Demand,Eastern,Eastern,355509,megawatthours
2024-05-09,NY,New York,D,Demand,Eastern,Eastern,361010,megawatthours
2024-05-08,NY,New York,D,Demand,Eastern,Eastern,377331,megawatthours
2024-05-07,NY,New York,D,Demand,Eastern,Eastern,351355,megawatthours
2024-05-06,NY,New York,D,Demand,Eastern,Eastern,350571,megawatthours
2024-05-05,NY,New York,D,Demand,Eastern,Eastern,337959,megawatthours
2024-05-04,NY,New York,D,Demand,Eastern,Eastern,322139,megawatthours
2024-05-03,NY,New York,D,Demand,Eastern,Eastern,341940,megawatthours
2024-05-02,NY,New York,D,Demand,Eastern,Eastern,349936,megawatthours
2024-05-01,NY,New York,D,Demand,Eastern,Eastern,350558,megawatthours
2024-04-30,NY,New York,D,Demand,Eastern,Eastern,357614,megawatthours
2024-04-29,NY,New York,D,Demand,Eastern,Eastern,367015,megawatthours
2024-04-28,NY,New York,D,Demand,Eastern,Eastern,325176,megawatthours
2024-04-27,NY,New York,D,Demand,Eastern,Eastern,326116,megawatthours
2024-04-26,NY,New York,D,Demand,Eastern,Eastern,339869,megawatthours
2024-04-25,NY,New York,D,Demand,Eastern,Eastern,343892,megawatthours
2024-04-24,NY,New York,D,Demand,Eastern,Eastern,355440,megawatthours
2024-04-23,NY,New York,D,Demand,Eastern,Eastern,342348,megawatthours
2024-04-22,NY,New York,D,Demand,Eastern,Eastern,342465,megawatthours
2024-04-21,NY,New York,D,Demand,Eastern,Eastern,338783,megawatthours
2024-04-20,NY,New York,D,Demand,Eastern,Eastern,332701,megawatthours
2024-04-19,NY,New York,D,Demand,Eastern,Eastern,358950,megawatthours
2024-04-18,NY,New York,D,Demand,Eastern,Eastern,374256,megawatthours
2024-04-17,NY,New York,D,Demand,Eastern,Eastern,356408,megawatthours
2024-04-16,NY,New York,D,Demand,Eastern,Eastern,339492,megawatthours
2024-04-15,NY,New York,D,Demand,Eastern,Eastern,350306,megawatthours
2024-04-14,NY,New York,D,Demand,Eastern,Eastern,335281,megawatthours
2024-04-13,NY,New York,D,Demand,Eastern,Eastern,348744,megawatthours
2024-04-12,NY,New York,D,Demand,Eastern,Eastern,362000,megawatthours
2024-04-11,NY,New York,D,Demand,Eastern,Eastern,365841,megawatthours
2024-04-10,NY,New York,D,Demand,Eastern,Eastern,355212,megawatthours
2024-04-09,NY,New York,D,Demand,Eastern,Eastern,346768,megawatthours
2024-04-08,NY,New York,D,Demand,Eastern,Eastern,359559,megawatthours
2024-04-07,NY,New York,D,Demand,Eastern,Eastern,331645,megawatthours
2024-04-06,NY,New York,D,Demand,Eastern,Eastern,356074,megawatthours
2024-04-05,NY,New York,D,Demand,Eastern,Eastern,388378,megawatthours
2024-04-04,NY,New York,D,Demand,Eastern,Eastern,397689,megawatthours
2024-04-03,NY,New York,D,Demand,Eastern,Eastern,407045,megawatthours
2024-04-02,NY,New York,D,Demand,Eastern,Eastern,387097,megawatthours
2024-04-01,NY,New York,D,Demand,Eastern,Eastern,367507,megawatthours
2024-03-31,NY,New York,D,Demand,Eastern,Eastern,324834,megawatthours
2024-03-30,NY,New York,D,Demand,Eastern,Eastern,344454,megawatthours
2024-03-29,NY,New York,D,Demand,Eastern,Eastern,368971,megawatthours
2024-03-28,NY,New York,D,Demand,Eastern,Eastern,385640,megawatthours
2024-03-27,NY,New York,D,Demand,Eastern,Eastern,383448,megawatthours
2024-03-26,NY,New York,D,Demand,Eastern,Eastern,385561,megawatthours
2024-03-25,NY,New York,D,Demand,Eastern,Eastern,383981,megawatthours
2024-03-24,NY,New York,D,Demand,Eastern,Eastern,374124,megawatthours
2024-03-23,NY,New York,D,Demand,Eastern,Eastern,401240,megawatthours
2024-03-22,NY,New York,D,Demand,Eastern,Eastern,415370,megawatthours
2024-03-21,NY,New York,D,Demand,Eastern,Eastern,410406,megawatthours
2024-03-20,NY,New York,D,Demand,Eastern,Eastern,397710,megawatthours
2024-03-19,NY,New York,D,Demand,Eastern,Eastern,393405,megawatthours
2024-03-18,NY,New York,D,Demand,Eastern,Eastern,382298,megawatthours
2024-03-17,NY,New York,D,Demand,Eastern,Eastern,336793,megawatthours
2024-03-16,NY,New York,D,Demand,Eastern,Eastern,335411,megawatthours
2024-03-15,NY,New York,D,Demand,Eastern,Eastern,366545,megawatthours
2024-03-14,NY,New York,D,Demand,Eastern,Eastern,357131,megawatthours
2024-03-13,NY,New York,D,Demand,Eastern,Eastern,359800,megawatthours
2024-03-12,NY,New York,D,Demand,Eastern,Eastern,368076,megawatthours
2024-03-11,NY,New York,D,Demand,Eastern,Eastern,396162,megawatthours
2024-03-10,NY,New York,D,Demand,Eastern,Eastern,359499,megawatthours
2024-03-09,NY,New York,D,Demand,Eastern,Eastern,379781,megawatthours
2024-03-08,NY,New York,D,Demand,Eastern,Eastern,367479,megawatthours
2024-03-07,NY,New York,D,Demand,Eastern,Eastern,381120,megawatthours
2024-03-06,NY,New York,D,Demand,Eastern,Eastern,389117,megawatthours
2024-03-05,NY,New York,D,Demand,Eastern,Eastern,384689,megawatthours
2024-03-04,NY,New York,D,Demand,Eastern,Eastern,367679,megawatthours
2024-03-03,NY,New York,D,Demand,Eastern,Eastern,351663,megawatthours
2024-03-02,NY,New York,D,Demand,Eastern,Eastern,386945,megawatthours
2024-03-01,NY,New York,D,Demand,Eastern,Eastern,402317,megawatthours
2024-02-29,NY,New York,D,Demand,Eastern,Eastern,421602,megawatthours
2024-02-28,NY,New York,D,Demand,Eastern,Eastern,396623,megawatthours
2024-02-27,NY,New York,D,Demand,Eastern,Eastern,385408,megawatthours
2024-02-26,NY,New York,D,Demand,Eastern,Eastern,395371,megawatthours
2024-02-25,NY,New York,D,Demand,Eastern,Eastern,393214,megawatthours
2024-02-24,NY,New York,D,Demand,Eastern,Eastern,388729,megawatthours
2024-02-23,NY,New York,D,Demand,Eastern,Eastern,401186,megawatthours
2024-02-22,NY,New York,D,Demand,Eastern,Eastern,416491,megawatthours
2024-02-21,NY,New York,D,Demand,Eastern,Eastern,418196,megawatthours
2024-02-20,NY,New York,D,Demand,Eastern,Eastern,428184,megawatthours
2024-02-19,NY,New York,D,Demand,Eastern,Eastern,415805,megawatthours
2024-02-18,NY,New York,D,Demand,Eastern,Eastern,418952,megawatthours
2024-02-17,NY,New York,D,Demand,Eastern,Eastern,421321,megawatthours
2024-02-16,NY,New York,D,Demand,Eastern,Eastern,426724,megawatthours
2024-02-15,NY,New York,D,Demand,Eastern,Eastern,441473,megawatthours
2024-02-14,NY,New York,D,Demand,Eastern,Eastern,436800,megawatthours
2024-02-13,NY,New York,D,Demand,Eastern,Eastern,427326,megawatthours
2024-02-12,NY,New York,D,Demand,Eastern,Eastern,408515,megawatthours
2024-02-11,NY,New York,D,Demand,Eastern,Eastern,375216,megawatthours
2024-02-10,NY,New York,D,Demand,Eastern,Eastern,366403,megawatthours
2024-02-09,NY,New York,D,Demand,Eastern,Eastern,390065,megawatthours
2024-02-08,NY,New York,D,Demand,Eastern,Eastern,403921,megawatthours
2024-02-07,NY,New York,D,Demand,Eastern,Eastern,419883,megawatthours
2024-02-06,NY,New York,D,Demand,Eastern,Eastern,423078,megawatthours
2024-02-05,NY,New York,D,Demand,Eastern,Eastern,418621,megawatthours
2024-02-04,NY,New York,D,Demand,Eastern,Eastern,388873,megawatthours
2024-02-03,NY,New York,D,Demand,Eastern,Eastern,394338,megawatthours
2024-02-02,NY,New York,D,Demand,Eastern,Eastern,422726,megawatthours
2024-02-01,NY,New York,D,Demand,Eastern,Eastern,427766,megawatthours
2024-01-31,NY,New York,D,Demand,Eastern,Eastern,435711,megawatthours
2024-01-30,NY,New York,D,Demand,Eastern,Eastern,442912,megawatthours
2024-01-29,NY,New York,D,Demand,Eastern,Eastern,438516,megawatthours
2024-01-28,NY,New York,D,Demand,Eastern,Eastern,404502,megawatthours
2024-01-27,NY,New York,D,Demand,Eastern,Eastern,391839,megawatthours
2024-01-26,NY,New York,D,Demand,Eastern,Eastern,415228,megawatthours
2024-01-25,NY,New York,D,Demand,Eastern,Eastern,411051,megawatthours
2024-01-24,NY,New York,D,Demand,Eastern,Eastern,434340,megawatthours
2024-01-23,NY,New York,D,Demand,Eastern,Eastern,446742,megawatthours
2024-01-22,NY,New York,D,Demand,Eastern,Eastern,468156,megawatthours
2024-01-21,NY,New York,D,Demand,Eastern,Eastern,463436,megawatthours
2024-01-20,NY,New York,D,Demand,Eastern,Eastern,473397,megawatthours
2024-01-19,NY,New York,D,Demand,Eastern,Eastern,475271,megawatthours
2024-01-18,NY,New York,D,Demand,Eastern,Eastern,483811,megawatthours
2024-01-17,NY,New York,D,Demand,Eastern,Eastern,461496,megawatthours
2024-01-16,NY,New York,D,Demand,Eastern,Eastern,470943,megawatthours
2024-01-15,NY,New York,D,Demand,Eastern,Eastern,450200,megawatthours
2024-01-14,NY,New York,D,Demand,Eastern,Eastern,411754,megawatthours
2024-01-13,NY,New York,D,Demand,Eastern,Eastern,389538,megawatthours
2024-01-12,NY,New York,D,Demand,Eastern,Eastern,406979,megawatthours
2024-01-11,NY,New York,D,Demand,Eastern,Eastern,416354,megawatthours
2024-01-10,NY,New York,D,Demand,Eastern,Eastern,410623,megawatthours
2024-01-09,NY,New York,D,Demand,Eastern,Eastern,435703,megawatthours
2024-01-08,NY,New York,D,Demand,Eastern,Eastern,429591,megawatthours
2024-01-07,NY,New York,D,Demand,Eastern,Eastern,418058,megawatthours
2024-01-06,NY,New York,D,Demand,Eastern,Eastern,426204,megawatthours
2024-01-05,NY,New York,D,Demand,Eastern,Eastern,443452,megawatthours
2024-01-04,NY,New York,D,Demand,Eastern,Eastern,430238,megawatthours
2024-01-03,NY,New York,D,Demand,Eastern,Eastern,427709,megawatthours
2024-01-02,NY,New York,D,Demand,Eastern,Eastern,423513,megawatthours
2024-01-01,NY,New York,D,Demand,Eastern,Eastern,387760,megawatthours
2023-12-31,NY,New York,D,Demand,Eastern,Eastern,390049,megawatthours
2023-12-30,NY,New York,D,Demand,Eastern,Eastern,382382,megawatthours
2023-12-29,NY,New York,D,Demand,Eastern,Eastern,384132,megawatthours
2023-12-28,NY,New York,D,Demand,Eastern,Eastern,389848,megawatthours
2023-12-27,NY,New York,D,Demand,Eastern,Eastern,394055,megawatthours
2023-12-26,NY,New York,D,Demand,Eastern,Eastern,391138,megawatthours
2023-12-25,NY,New York,D,Demand,Eastern,Eastern,360649,megawatthours
2023-12-24,NY,New York,D,Demand,Eastern,Eastern,384835,megawatthours
2023-12-23,NY,New York,D,Demand,Eastern,Eastern,411441,megawatthours
2023-12-22,NY,New York,D,Demand,Eastern,Eastern,436126,megawatthours
2023-12-21,NY,New York,D,Demand,Eastern,Eastern,429908,megawatthours
2023-12-20,NY,New York,D,Demand,Eastern,Eastern,435155,megawatthours
2023-12-19,NY,New York,D,Demand,Eastern,Eastern,428070,megawatthours
2023-12-18,NY,New York,D,Demand,Eastern,Eastern,403894,megawatthours
2023-12-17,NY,New York,D,Demand,Eastern,Eastern,380944,megawatthours
2023-12-16,NY,New York,D,Demand,Eastern,Eastern,376701,megawatthours
2023-12-15,NY,New York,D,Demand,Eastern,Eastern,406664,megawatthours
2023-12-14,NY,New York,D,Demand,Eastern,Eastern,429718,megawatthours
2023-12-13,NY,New York,D,Demand,Eastern,Eastern,422306,megawatthours
2023-12-12,NY,New York,D,Demand,Eastern,Eastern,416767,megawatthours
2023-12-11,NY,New York,D,Demand,Eastern,Eastern,419515,megawatthours
2023-12-10,NY,New York,D,Demand,Eastern,Eastern,376182,megawatthours
2023-12-09,NY,New York,D,Demand,Eastern,Eastern,373711,megawatthours
2023-12-08,NY,New York,D,Demand,Eastern,Eastern,412205,megawatthours
2023-12-07,NY,New York,D,Demand,Eastern,Eastern,442171,megawatthours
2023-12-06,NY,New York,D,Demand,Eastern,Eastern,431962,megawatthours
2023-12-05,NY,New York,D,Demand,Eastern,Eastern,420938,megawatthours
2023-12-04,NY,New York,D,Demand,Eastern,Eastern,403910,megawatthours
2023-12-03,NY,New York,D,Demand,Eastern,Eastern,381390,megawatthours
2023-12-02,NY,New York,D,Demand,Eastern,Eastern,378264,megawatthours
2023-12-01,NY,New York,D,Demand,Eastern,Eastern,410305,megawatthours
2023-11-30,NY,New York,D,Demand,Eastern,Eastern,414521,megawatthours
2023-11-29,NY,New York,D,Demand,Eastern,Eastern,441816,megawatthours
2023-11-28,NY,New York,D,Demand,Eastern,Eastern,431182,megawatthours
2023-11-27,NY,New York,D,Demand,Eastern,Eastern,402302,megawatthours
2023-11-26,NY,New York,D,Demand,Eastern,Eastern,381840,megawatthours
2023-11-25,NY,New York,D,Demand,Eastern,Eastern,385287,megawatthours
2023-11-24,NY,New York,D,Demand,Eastern,Eastern,374717,megawatthours
2023-11-23,NY,New York,D,Demand,Eastern,Eastern,357208,megawatthours
2023-11-22,NY,New York,D,Demand,Eastern,Eastern,399455,megawatthours
2023-11-21,NY,New York,D,Demand,Eastern,Eastern,422208,megawatthours
2023-11-20,NY,New York,D,Demand,Eastern,Eastern,398738,megawatthours
2023-11-19,NY,New York,D,Demand,Eastern,Eastern,361956,megawatthours
2023-11-18,NY,New York,D,Demand,Eastern,Eastern,353161,megawatthours
2023-11-17,NY,New York,D,Demand,Eastern,Eastern,376382,megawatthours
2023-11-16,NY,New York,D,Demand,Eastern,Eastern,379487,megawatthours
2023-11-15,NY,New York,D,Demand,Eastern,Eastern,390690,megawatthours
2023-11-14,NY,New York,D,Demand,Eastern,Eastern,397633,megawatthours
2023-11-13,NY,New York,D,Demand,Eastern,Eastern,402867,megawatthours
2023-11-12,NY,New York,D,Demand,Eastern,Eastern,369083,megawatthours
2023-11-11,NY,New York,D,Demand,Eastern,Eastern,363503,megawatthours
2023-11-10,NY,New York,D,Demand,Eastern,Eastern,386341,megawatthours
2023-11-09,NY,New York,D,Demand,Eastern,Eastern,393383,megawatthours
2023-11-08,NY,New York,D,Demand,Eastern,Eastern,383652,megawatthours
2023-11-07,NY,New York,D,Demand,Eastern,Eastern,377906,megawatthours
2023-11-06,NY,New York,D,Demand,Eastern,Eastern,380687,megawatthours
2023-11-05,NY,New York,D,Demand,Eastern,Eastern,356806,megawatthours
2023-11-04,NY,New York,D,Demand,Eastern,Eastern,353806,megawatthours
2023-11-03,NY,New York,D,Demand,Eastern,Eastern,376754,megawatthours
2023-11-02,NY,New York,D,Demand,Eastern,Eastern,393357,megawatthours
2023-11-01,NY,New York,D,Demand,Eastern,Eastern,391850,megawatthours
2023-10-31,NY,New York,D,Demand,Eastern,Eastern,376276,megawatthours
2023-10-30,NY,New York,D,Demand,Eastern,Eastern,381897,megawatthours
2023-10-29,NY,New York,D,Demand,Eastern,Eastern,350128,megawatthours
2023-10-28,NY,New York,D,Demand,Eastern,Eastern,354555,megawatthours
2023-10-27,NY,New York,D,Demand,Eastern,Eastern,372224,megawatthours
2023-10-26,NY,New York,D,Demand,Eastern,Eastern,372609,megawatthours
2023-10-25,NY,New York,D,Demand,Eastern,Eastern,368089,megawatthours
2023-10-24,NY,New York,D,Demand,Eastern,Eastern,367799,megawatthours
2023-10-23,NY,New York,D,Demand,Eastern,Eastern,364232,megawatthours
2023-10-22,NY,New York,D,Demand,Eastern,Eastern,341587,megawatthours
2023-10-21,NY,New York,D,Demand,Eastern,Eastern,347420,megawatthours
2023-10-20,NY,New York,D,Demand,Eastern,Eastern,372367,megawatthours
2023-10-19,NY,New York,D,Demand,Eastern,Eastern,362798,megawatthours
2023-10-18,NY,New York,D,Demand,Eastern,Eastern,370005,megawatthours
2023-10-17,NY,New York,D,Demand,Eastern,Eastern,367636,megawatthours
2023-10-16,NY,New York,D,Demand,Eastern,Eastern,365421,megawatthours
2023-10-15,NY,New York,D,Demand,Eastern,Eastern,336784,megawatthours
2023-10-14,NY,New York,D,Demand,Eastern,Eastern,347869,megawatthours
2023-10-13,NY,New York,D,Demand,Eastern,Eastern,354007,megawatthours
2023-10-12,NY,New York,D,Demand,Eastern,Eastern,360176,megawatthours
2023-10-11,NY,New York,D,Demand,Eastern,Eastern,364173,megawatthours
2023-10-10,NY,New York,D,Demand,Eastern,Eastern,362268,megawatthours
2023-10-09,NY,New York,D,Demand,Eastern,Eastern,352285,megawatthours
2023-10-08,NY,New York,D,Demand,Eastern,Eastern,324694,megawatthours
2023-10-07,NY,New York,D,Demand,Eastern,Eastern,362531,megawatthours
2023-10-06,NY,New York,D,Demand,Eastern,Eastern,409244,megawatthours
2023-10-05,NY,New York,D,Demand,Eastern,Eastern,407490,megawatthours
2023-10-04,NY,New York,D,Demand,Eastern,Eastern,421794,megawatthours
2023-10-03,NY,New York,D,Demand,Eastern,Eastern,398934,megawatthours
2023-10-02,NY,New York,D,Demand,Eastern,Eastern,386038,megawatthours
2023-10-01,NY,New York,D,Demand,Eastern,Eastern,342239,megawatthours
2023-09-30,NY,New York,D,Demand,Eastern,Eastern,343517,megawatthours
2023-09-29,NY,New York,D,Demand,Eastern,Eastern,371057,megawatthours
2023-09-28,NY,New York,D,Demand,Eastern,Eastern,358569,megawatthours
2023-09-27,NY,New York,D,Demand,Eastern,Eastern,351547,megawatthours
2023-09-26,NY,New York,D,Demand,Eastern,Eastern,362953,megawatthours
2023-09-25,NY,New York,D,Demand,Eastern,Eastern,369004,megawatthours
2023-09-24,NY,New York,D,Demand,Eastern,Eastern,347665,megawatthours
2023-09-23,NY,New York,D,Demand,Eastern,Eastern,347082,megawatthours
2023-09-22,NY,New York,D,Demand,Eastern,Eastern,368390,megawatthours
2023-09-21,NY,New York,D,Demand,Eastern,Eastern,371396,megawatthours
2023-09-20,NY,New York,D,Demand,Eastern,Eastern,372949,megawatthours
2023-09-19,NY,New York,D,Demand,Eastern,Eastern,379157,megawatthours
2023-09-18,NY,New York,D,Demand,Eastern,Eastern,401057,megawatthours
2023-09-17,NY,New York,D,Demand,Eastern,Eastern,356750,megawatthours
2023-09-16,NY,New York,D,Demand,Eastern,Eastern,347287,megawatthours
2023-09-15,NY,New York,D,Demand,Eastern,Eastern,371734,megawatthours
2023-09-14,NY,New York,D,Demand,Eastern,Eastern,416021,megawatthours
2023-09-13,NY,New York,D,Demand,Eastern,Eastern,462646,megawatthours
2023-09-12,NY,New York,D,Demand,Eastern,Eastern,469119,megawatthours
2023-09-11,NY,New York,D,Demand,Eastern,Eastern,480290,megawatthours
2023-09-10,NY,New York,D,Demand,Eastern,Eastern,450864,megawatthours
2023-09-09,NY,New York,D,Demand,Eastern,Eastern,484367,megawatthours
2023-09-08,NY,New York,D,Demand,Eastern,Eastern,531312,megawatthours
2023-09-07,NY,New York,D,Demand,Eastern,Eastern,583530,megawatthours
2023-09-06,NY,New York,D,Demand,Eastern,Eastern,590859,megawatthours
2023-09-05,NY,New York,D,Demand,Eastern,Eastern,567735,megawatthours
2023-09-04,NY,New York,D,Demand,Eastern,Eastern,495882,megawatthours
2023-09-03,NY,New York,D,Demand,Eastern,Eastern,438201,megawatthours
2023-09-02,NY,New York,D,Demand,Eastern,Eastern,379217,megawatthours
2023-09-01,NY,New York,D,Demand,Eastern,Eastern,390399,megawatthours
2023-08-31,NY,New York,D,Demand,Eastern,Eastern,404950,megawatthours
2023-08-30,NY,New York,D,Demand,Eastern,Eastern,459840,megawatthours
2023-08-29,NY,New York,D,Demand,Eastern,Eastern,459067,megawatthours
2023-08-28,NY,New York,D,Demand,Eastern,Eastern,444158,megawatthours
2023-08-27,NY,New York,D,Demand,Eastern,Eastern,419960,megawatthours
2023-08-26,NY,New York,D,Demand,Eastern,Eastern,444657,megawatthours
2023-08-25,NY,New York,D,Demand,Eastern,Eastern,452775,megawatthours
2023-08-24,NY,New York,D,Demand,Eastern,Eastern,430894,megawatthours
2023-08-23,NY,New York,D,Demand,Eastern,Eastern,424054,megawatthours
2023-08-22,NY,New York,D,Demand,Eastern,Eastern,440861,megawatthours
2023-08-21,NY,New York,D,Demand,Eastern,Eastern,495605,megawatthours
2023-08-20,NY,New York,D,Demand,Eastern,Eastern,409987,megawatthours
2023-08-19,NY,New York,D,Demand,Eastern,Eastern,382469,megawatthours
2023-08-18,NY,New York,D,Demand,Eastern,Eastern,451794,megawatthours
2023-08-17,NY,New York,D,Demand,Eastern,Eastern,479408,megawatthours
2023-08-16,NY,New York,D,Demand,Eastern,Eastern,480007,megawatthours
2023-08-15,NY,New York,D,Demand,Eastern,Eastern,481777,megawatthours
2023-08-14,NY,New York,D,Demand,Eastern,Eastern,487917,megawatthours
2023-08-13,NY,New York,D,Demand,Eastern,Eastern,460411,megawatthours
2023-08-12,NY,New York,D,Demand,Eastern,Eastern,444920,megawatthours
2023-08-11,NY,New York,D,Demand,Eastern,Eastern,457084,megawatthours
2023-08-10,NY,New York,D,Demand,Eastern,Eastern,465105,megawatthours
2023-08-09,NY,New York,D,Demand,Eastern,Eastern,469883,megawatthours
2023-08-08,NY,New York,D,Demand,Eastern,Eastern,472963,megawatthours
2023-08-07,NY,New York,D,Demand,Eastern,Eastern,493552,megawatthours
2023-08-06,NY,New York,D,Demand,Eastern,Eastern,434358,megawatthours
2023-08-05,NY,New York,D,Demand,Eastern,Eastern,437452,megawatthours
2023-08-04,NY,New York,D,Demand,Eastern,Eastern,459470,megawatthours
2023-08-03,NY,New York,D,Demand,Eastern,Eastern,445878,megawatthours
2023-08-02,NY,New York,D,Demand,Eastern,Eastern,427096,megawatthours
2023-08-01,NY,New York,D,Demand,Eastern,Eastern,435324,megawatthours
2023-07-31,NY,New York,D,Demand,Eastern,Eastern,446976,megawatthours
2023-07-30,NY,New York,D,Demand,Eastern,Eastern,414495,megawatthours
2023-07-29,NY,New York,D,Demand,Eastern,Eastern,529835,megawatthours
2023-07-28,NY,New York,D,Demand,Eastern,Eastern,577616,megawatthours
2023-07-27,NY,New York,D,Demand,Eastern,Eastern,567010,megawatthours
2023-07-26,NY,New York,D,Demand,Eastern,Eastern,517627,megawatthours
2023-07-25,NY,New York,D,Demand,Eastern,Eastern,506807,megawatthours
2023-07-24,NY,New York,D,Demand,Eastern,Eastern,506188,megawatthours
2023-07-23,NY,New York,D,Demand,Eastern,Eastern,455533,megawatthours
2023-07-22,NY,New York,D,Demand,Eastern,Eastern,449553,megawatthours
2023-07-21,NY,New York,D,Demand,Eastern,Eastern,502012,megawatthours
2023-07-20,NY,New York,D,Demand,Eastern,Eastern,501495,megawatthours
2023-07-19,NY,New York,D,Demand,Eastern,Eastern,490114,megawatthours
2023-07-18,NY,New York,D,Demand,Eastern,Eastern,526145,megawatthours
2023-07-17,NY,New York,D,Demand,Eastern,Eastern,541307,megawatthours
2023-07-16,NY,New York,D,Demand,Eastern,Eastern,497093,megawatthours
2023-07-15,NY,New York,D,Demand,Eastern,Eastern,507765,megawatthours
2023-07-14,NY,New York,D,Demand,Eastern,Eastern,518623,megawatthours
2023-07-13,NY,New York,D,Demand,Eastern,Eastern,547632,megawatthours
2023-07-12,NY,New York,D,Demand,Eastern,Eastern,532334,megawatthours
2023-07-11,NY,New York,D,Demand,Eastern,Eastern,502830,megawatthours
2023-07-10,NY,New York,D,Demand,Eastern,Eastern,496838,megawatthours
2023-07-09,NY,New York,D,Demand,Eastern,Eastern,475684,megawatthours
2023-07-08,NY,New York,D,Demand,Eastern,Eastern,494545,megawatthours
2023-07-07,NY,New York,D,Demand,Eastern,Eastern,543441,megawatthours
2023-07-06,NY,New York,D,Demand,Eastern,Eastern,563299,megawatthours
2023-07-05,NY,New York,D,Demand,Eastern,Eastern,536105,megawatthours
2023-07-04,NY,New York,D,Demand,Eastern,Eastern,471224,megawatthours
2023-07-03,NY,New York,D,Demand,Eastern,Eastern,497472,megawatthours
2023-07-02,NY,New York,D,Demand,Eastern,Eastern,451059,megawatthours
2023-07-01,NY,New York,D,Demand,Eastern,Eastern,439545,megawatthours
2023-06-30,NY,New York,D,Demand,Eastern,Eastern,460167,megawatthours
2023-06-29,NY,New York,D,Demand,Eastern,Eastern,442343,megawatthours
2023-06-28,NY,New York,D,Demand,Eastern,Eastern,447233,megawatthours
2023-06-27,NY,New York,D,Demand,Eastern,Eastern,450807,megawatthours
2023-06-26,NY,New York,D,Demand,Eastern,Eastern,469876,megawatthours
2023-06-25,NY,New York,D,Demand,Eastern,Eastern,436926,megawatthours
2023-06-24,NY,New York,D,Demand,Eastern,Eastern,415226,megawatthours
2023-06-23,NY,New York,D,Demand,Eastern,Eastern,419329,megawatthours
2023-06-22,NY,New York,D,Demand,Eastern,Eastern,397641,megawatthours
2023-06-21,NY,New York,D,Demand,Eastern,Eastern,403538,megawatthours
2023-06-20,NY,New York,D,Demand,Eastern,Eastern,419516,megawatthours
2023-06-19,NY,New York,D,Demand,Eastern,Eastern,407913,megawatthours
2023-06-18,NY,New York,D,Demand,Eastern,Eastern,362553,megawatthours
2023-06-17,NY,New York,D,Demand,Eastern,Eastern,358573,megawatthours
2023-06-16,NY,New York,D,Demand,Eastern,Eastern,399818,megawatthours
2023-06-15,NY,New York,D,Demand,Eastern,Eastern,393562,megawatthours
2023-06-14,NY,New York,D,Demand,Eastern,Eastern,398769,megawatthours
2023-06-13,NY,New York,D,Demand,Eastern,Eastern,403232,megawatthours
2023-06-12,NY,New York,D,Demand,Eastern,Eastern,417727,megawatthours
2023-06-11,NY,New York,D,Demand,Eastern,Eastern,368404,megawatthours
2023-06-10,NY,New York,D,Demand,Eastern,Eastern,345925,megawatthours
2023-06-09,NY,New York,D,Demand,Eastern,Eastern,365957,megawatthours
2023-06-08,NY,New York,D,Demand,Eastern,Eastern,368385,megawatthours
2023-06-07,NY,New York,D,Demand,Eastern,Eastern,364924,megawatthours
2023-06-06,NY,New York,D,Demand,Eastern,Eastern,373060,megawatthours
2023-06-05,NY,New York,D,Demand,Eastern,Eastern,362634,megawatthours
2023-06-04,NY,New York,D,Demand,Eastern,Eastern,323676,megawatthours
2023-06-03,NY,New York,D,Demand,Eastern,Eastern,368122,megawatthours
2023-06-02,NY,New York,D,Demand,Eastern,Eastern,448046,megawatthours
2023-06-01,NY,New York,D,Demand,Eastern,Eastern,421942,megawatthours
2023-05-31,NY,New York,D,Demand,Eastern,Eastern,389761,megawatthours
2023-05-30,NY,New York,D,Demand,Eastern,Eastern,373798,megawatthours
2023-05-29,NY,New York,D,Demand,Eastern,Eastern,346952,megawatthours
2023-05-28,NY,New York,D,Demand,Eastern,Eastern,331256,megawatthours
2023-05-27,NY,New York,D,Demand,Eastern,Eastern,327519,megawatthours
2023-05-26,NY,New York,D,Demand,Eastern,Eastern,344498,megawatthours
2023-05-25,NY,New York,D,Demand,Eastern,Eastern,344406,megawatthours
2023-05-24,NY,New York,D,Demand,Eastern,Eastern,359851,megawatthours
2023-05-23,NY,New York,D,Demand,Eastern,Eastern,355234,megawatthours
2023-05-22,NY,New York,D,Demand,Eastern,Eastern,357179,megawatthours
2023-05-21,NY,New York,D,Demand,Eastern,Eastern,321377,megawatthours
2023-05-20,NY,New York,D,Demand,Eastern,Eastern,340257,megawatthours
2023-05-19,NY,New York,D,Demand,Eastern,Eastern,347304,megawatthours
2023-05-18,NY,New York,D,Demand,Eastern,Eastern,341869,megawatthours
2023-05-17,NY,New York,D,Demand,Eastern,Eastern,349076,megawatthours
2023-05-16,NY,New York,D,Demand,Eastern,Eastern,365366,megawatthours
2023-05-15,NY,New York,D,Demand,Eastern,Eastern,353202,megawatthours
2023-05-14,NY,New York,D,Demand,Eastern,Eastern,321480,megawatthours
2023-05-13,NY,New York,D,Demand,Eastern,Eastern,361318,megawatthours
2023-05-12,NY,New York,D,Demand,Eastern,Eastern,382667,megawatthours
2023-05-11,NY,New York,D,Demand,Eastern,Eastern,357481,megawatthours
2023-05-10,NY,New York,D,Demand,Eastern,Eastern,343723,megawatthours
2023-05-09,NY,New York,D,Demand,Eastern,Eastern,343182,megawatthours
2023-05-08,NY,New York,D,Demand,Eastern,Eastern,351217,megawatthours
2023-05-07,NY,New York,D,Demand,Eastern,Eastern,319256,megawatthours
2023-05-06,NY,New York,D,Demand,Eastern,Eastern,317453,megawatthours
2023-05-05,NY,New York,D,Demand,Eastern,Eastern,347953,megawatthours
2023-05-04,NY,New York,D,Demand,Eastern,Eastern,364282,megawatthours
2023-05-03,NY,New York,D,Demand,Eastern,Eastern,362991,megawatthours
2023-05-02,NY,New York,D,Demand,Eastern,Eastern,362066,megawatthours
2023-05-01,NY,New York,D,Demand,Eastern,Eastern,354241,megawatthours
2023-04-30,NY,New York,D,Demand,Eastern,Eastern,343546,megawatthours
2023-04-29,NY,New York,D,Demand,Eastern,Eastern,347414,megawatthours
2023-04-28,NY,New York,D,Demand,Eastern,Eastern,354173,megawatthours
2023-04-27,NY,New York,D,Demand,Eastern,Eastern,353480,megawatthours
2023-04-26,NY,New York,D,Demand,Eastern,Eastern,356268,megawatthours
2023-04-25,NY,New York,D,Demand,Eastern,Eastern,357574,megawatthours
2023-04-24,NY,New York,D,Demand,Eastern,Eastern,353181,megawatthours
2023-04-23,NY,New York,D,Demand,Eastern,Eastern,329118,megawatthours
2023-04-22,NY,New York,D,Demand,Eastern,Eastern,325093,megawatthours
2023-04-21,NY,New York,D,Demand,Eastern,Eastern,340097,megawatthours
2023-04-20,NY,New York,D,Demand,Eastern,Eastern,348058,megawatthours
2023-04-19,NY,New York,D,Demand,Eastern,Eastern,359758,megawatthours
2023-04-18,NY,New York,D,Demand,Eastern,Eastern,358331,megawatthours
2023-04-17,NY,New York,D,Demand,Eastern,Eastern,354728,megawatthours
2023-04-16,NY,New York,D,Demand,Eastern,Eastern,330423,megawatthours
2023-04-15,NY,New York,D,Demand,Eastern,Eastern,345826,megawatthours
2023-04-14,NY,New York,D,Demand,Eastern,Eastern,384186,megawatthours
2023-04-13,NY,New York,D,Demand,Eastern,Eastern,370935,megawatthours
2023-04-12,NY,New York,D,Demand,Eastern,Eastern,348633,megawatthours
2023-04-11,NY,New York,D,Demand,Eastern,Eastern,346981,megawatthours
2023-04-10,NY,New York,D,Demand,Eastern,Eastern,344926,megawatthours
2023-04-09,NY,New York,D,Demand,Eastern,Eastern,318693,megawatthours
2023-04-08,NY,New York,D,Demand,Eastern,Eastern,333294,megawatthours
2023-04-07,NY,New York,D,Demand,Eastern,Eastern,348795,megawatthours
2023-04-06,NY,New York,D,Demand,Eastern,Eastern,358342,megawatthours
2023-04-05,NY,New York,D,Demand,Eastern,Eastern,369020,megawatthours
2023-04-04,NY,New York,D,Demand,Eastern,Eastern,358409,megawatthours
2023-04-03,NY,New York,D,Demand,Eastern,Eastern,363987,megawatthours
2023-04-02,NY,New York,D,Demand,Eastern,Eastern,335164,megawatthours
2023-04-01,NY,New York,D,Demand,Eastern,Eastern,340462,megawatthours
2023-03-31,NY,New York,D,Demand,Eastern,Eastern,392488,megawatthours
2023-03-30,NY,New York,D,Demand,Eastern,Eastern,383436,megawatthours
2023-03-29,NY,New York,D,Demand,Eastern,Eastern,371904,megawatthours
2023-03-28,NY,New York,D,Demand,Eastern,Eastern,380407,megawatthours
2023-03-27,NY,New York,D,Demand,Eastern,Eastern,378230,megawatthours
2023-03-26,NY,New York,D,Demand,Eastern,Eastern,336512,megawatthours
2023-03-25,NY,New York,D,Demand,Eastern,Eastern,378027,megawatthours
2023-03-24,NY,New York,D,Demand,Eastern,Eastern,370607,megawatthours
2023-03-23,NY,New York,D,Demand,Eastern,Eastern,379278,megawatthours
2023-03-22,NY,New York,D,Demand,Eastern,Eastern,371501,megawatthours
2023-03-21,NY,New York,D,Demand,Eastern,Eastern,372953,megawatthours
2023-03-20,NY,New York,D,Demand,Eastern,Eastern,385241,megawatthours
2023-03-19,NY,New York,D,Demand,Eastern,Eastern,375771,megawatthours
2023-03-18,NY,New York,D,Demand,Eastern,Eastern,357175,megawatthours
2023-03-17,NY,New York,D,Demand,Eastern,Eastern,387887,megawatthours
2023-03-16,NY,New York,D,Demand,Eastern,Eastern,392506,megawatthours
2023-03-15,NY,New York,D,Demand,Eastern,Eastern,408274,megawatthours
2023-03-14,NY,New York,D,Demand,Eastern,Eastern,423648,megawatthours
2023-03-13,NY,New York,D,Demand,Eastern,Eastern,409925,megawatthours
2023-03-12,NY,New York,D,Demand,Eastern,Eastern,359761,megawatthours
2023-03-11,NY,New York,D,Demand,Eastern,Eastern,390735,megawatthours
2023-03-10,NY,New York,D,Demand,Eastern,Eastern,407218,megawatthours
2023-03-09,NY,New York,D,Demand,Eastern,Eastern,401725,megawatthours
2023-03-08,NY,New York,D,Demand,Eastern,Eastern,409802,megawatthours
2023-03-07,NY,New York,D,Demand,Eastern,Eastern,399747,megawatthours
2023-03-06,NY,New York,D,Demand,Eastern,Eastern,391012,megawatthours
2023-03-05,NY,New York,D,Demand,Eastern,Eastern,370237,megawatthours
2023-03-04,NY,New York,D,Demand,Eastern,Eastern,387061,megawatthours
2023-03-03,NY,New York,D,Demand,Eastern,Eastern,401773,megawatthours
2023-03-02,NY,New York,D,Demand,Eastern,Eastern,405127,megawatthours
2023-03-01,NY,New York,D,Demand,Eastern,Eastern,412869,megawatthours
2023-02-28,NY,New York,D,Demand,Eastern,Eastern,431938,megawatthours
2023-02-27,NY,New York,D,Demand,Eastern,Eastern,411799,megawatthours
2023-02-26,NY,New York,D,Demand,Eastern,Eastern,399977,megawatthours
2023-02-25,NY,New York,D,Demand,Eastern,Eastern,428564,megawatthours
2023-02-24,NY,New York,D,Demand,Eastern,Eastern,413590,megawatthours
2023-02-23,NY,New York,D,Demand,Eastern,Eastern,417667,megawatthours
2023-02-22,NY,New York,D,Demand,Eastern,Eastern,414043,megawatthours
2023-02-21,NY,New York,D,Demand,Eastern,Eastern,400505,megawatthours
2023-02-20,NY,New York,D,Demand,Eastern,Eastern,375218,megawatthours
2023-02-19,NY,New York,D,Demand,Eastern,Eastern,371472,megawatthours
2023-02-18,NY,New York,D,Demand,Eastern,Eastern,380315,megawatthours
2023-02-17,NY,New York,D,Demand,Eastern,Eastern,399012,megawatthours
2023-02-16,NY,New York,D,Demand,Eastern,Eastern,379026,megawatthours
2023-02-15,NY,New York,D,Demand,Eastern,Eastern,373676,megawatthours
2023-02-14,NY,New York,D,Demand,Eastern,Eastern,380814,megawatthours
2023-02-13,NY,New York,D,Demand,Eastern,Eastern,388023,megawatthours
2023-02-12,NY,New York,D,Demand,Eastern,Eastern,375690,megawatthours
2023-02-11,NY,New York,D,Demand,Eastern,Eastern,379637,megawatthours
2023-02-10,NY,New York,D,Demand,Eastern,Eastern,392227,megawatthours
2023-02-09,NY,New York,D,Demand,Eastern,Eastern,417733,megawatthours
2023-02-08,NY,New York,D,Demand,Eastern,Eastern,402113,megawatthours
2023-02-07,NY,New York,D,Demand,Eastern,Eastern,427017,megawatthours
2023-02-06,NY,New York,D,Demand,Eastern,Eastern,423255,megawatthours
2023-02-05,NY,New York,D,Demand,Eastern,Eastern,416754,megawatthours
2023-02-04,NY,New York,D,Demand,Eastern,Eastern,484021,megawatthours
2023-02-03,NY,New York,D,Demand,Eastern,Eastern,474073,megawatthours
2023-02-02,NY,New York,D,Demand,Eastern,Eastern,434689,megawatthours
2023-02-01,NY,New York,D,Demand,Eastern,Eastern,439322,megawatthours
2023-01-31,NY,New York,D,Demand,Eastern,Eastern,432008,megawatthours
2023-01-30,NY,New York,D,Demand,Eastern,Eastern,412378,megawatthours
2023-01-29,NY,New York,D,Demand,Eastern,Eastern,386965,megawatthours
2023-01-28,NY,New York,D,Demand,Eastern,Eastern,385163,megawatthours
2023-01-27,NY,New York,D,Demand,Eastern,Eastern,421747,megawatthours
2023-01-26,NY,New York,D,Demand,Eastern,Eastern,422036,megawatthours
2023-01-25,NY,New York,D,Demand,Eastern,Eastern,433224,megawatthours
2023-01-24,NY,New York,D,Demand,Eastern,Eastern,425993,megawatthours
2023-01-23,NY,New York,D,Demand,Eastern,Eastern,430239,megawatthours
2023-01-22,NY,New York,D,Demand,Eastern,Eastern,396379,megawatthours
2023-01-21,NY,New York,D,Demand,Eastern,Eastern,401239,megawatthours
2023-01-20,NY,New York,D,Demand,Eastern,Eastern,413040,megawatthours
2023-01-19,NY,New York,D,Demand,Eastern,Eastern,421151,megawatthours
2023-01-18,NY,New York,D,Demand,Eastern,Eastern,409281,megawatthours
2023-01-17,NY,New York,D,Demand,Eastern,Eastern,428337,megawatthours
2023-01-16,NY,New York,D,Demand,Eastern,Eastern,424077,megawatthours
2023-01-15,NY,New York,D,Demand,Eastern,Eastern,411256,megawatthours
2023-01-14,NY,New York,D,Demand,Eastern,Eastern,418622,megawatthours
2023-01-13,NY,New York,D,Demand,Eastern,Eastern,411605,megawatthours
2023-01-12,NY,New York,D,Demand,Eastern,Eastern,422209,megawatthours
2023-01-11,NY,New York,D,Demand,Eastern,Eastern,427479,megawatthours
2023-01-10,NY,New York,D,Demand,Eastern,Eastern,427763,megawatthours
2023-01-09,NY,New York,D,Demand,Eastern,Eastern,419995,megawatthours
2023-01-08,NY,New York,D,Demand,Eastern,Eastern,394021,megawatthours
2023-01-07,NY,New York,D,Demand,Eastern,Eastern,392144,megawatthours
2023-01-06,NY,New York,D,Demand,Eastern,Eastern,404341,megawatthours
2023-01-05,NY,New York,D,Demand,Eastern,Eastern,395100,megawatthours
2023-01-04,NY,New York,D,Demand,Eastern,Eastern,392449,megawatthours
2023-01-03,NY,New York,D,Demand,Eastern,Eastern,404670,megawatthours
2023-01-02,NY,New York,D,Demand,Eastern,Eastern,377848,megawatthours
2023-01-01,NY,New York,D,Demand,Eastern,Eastern,357120,megawatthours
2022-12-31,NY,New York,D,Demand,Eastern,Eastern,373979,megawatthours
2022-12-30,NY,New York,D,Demand,Eastern,Eastern,388828,megawatthours
2022-12-29,NY,New York,D,Demand,Eastern,Eastern,406497,megawatthours
2022-12-28,NY,New York,D,Demand,Eastern,Eastern,423600,megawatthours
2022-12-27,NY,New York,D,Demand,Eastern,Eastern,450373,megawatthours
2022-12-26,NY,New York,D,Demand,Eastern,Eastern,445148,megawatthours
2022-12-25,NY,New York,D,Demand,Eastern,Eastern,440051,megawatthours
2022-12-24,NY,New York,D,Demand,Eastern,Eastern,471567,megawatthours
2022-12-23,NY,New York,D,Demand,Eastern,Eastern,433897,megawatthours
2022-12-22,NY,New York,D,Demand,Eastern,Eastern,437369,megawatthours
2022-12-21,NY,New York,D,Demand,Eastern,Eastern,437409,megawatthours
2022-12-20,NY,New York,D,Demand,Eastern,Eastern,439344,megawatthours
2022-12-19,NY,New York,D,Demand,Eastern,Eastern,441335,megawatthours
2022-12-18,NY,New York,D,Demand,Eastern,Eastern,405618,megawatthours
2022-12-17,NY,New York,D,Demand,Eastern,Eastern,401844,megawatthours
2022-12-16,NY,New York,D,Demand,Eastern,Eastern,431541,megawatthours
2022-12-15,NY,New York,D,Demand,Eastern,Eastern,446909,megawatthours
2022-12-14,NY,New York,D,Demand,Eastern,Eastern,445467,megawatthours
2022-12-13,NY,New York,D,Demand,Eastern,Eastern,446120,megawatthours
2022-12-12,NY,New York,D,Demand,Eastern,Eastern,440042,megawatthours
2022-12-11,NY,New York,D,Demand,Eastern,Eastern,406325,megawatthours
2022-12-10,NY,New York,D,Demand,Eastern,Eastern,398472,megawatthours
2022-12-09,NY,New York,D,Demand,Eastern,Eastern,410401,megawatthours
2022-12-08,NY,New York,D,Demand,Eastern,Eastern,395795,megawatthours
2022-12-07,NY,New York,D,Demand,Eastern,Eastern,395569,megawatthours
2022-12-06,NY,New York,D,Demand,Eastern,Eastern,412121,megawatthours
2022-12-05,NY,New York,D,Demand,Eastern,Eastern,414809,megawatthours
2022-12-04,NY,New York,D,Demand,Eastern,Eastern,383809,megawatthours
2022-12-03,NY,New York,D,Demand,Eastern,Eastern,386842,megawatthours
2022-12-02,NY,New York,D,Demand,Eastern,Eastern,414743,megawatthours
2022-12-01,NY,New York,D,Demand,Eastern,Eastern,420331,megawatthours
2022-11-30,NY,New York,D,Demand,Eastern,Eastern,412040,megawatthours
2022-11-29,NY,New York,D,Demand,Eastern,Eastern,409500,megawatthours
2022-11-28,NY,New York,D,Demand,Eastern,Eastern,395059,megawatthours
2022-11-27,NY,New York,D,Demand,Eastern,Eastern,369839,megawatthours
2022-11-26,NY,New York,D,Demand,Eastern,Eastern,355992,megawatthours
2022-11-25,NY,New York,D,Demand,Eastern,Eastern,371896,megawatthours
2022-11-24,NY,New York,D,Demand,Eastern,Eastern,360503,megawatthours
2022-11-23,NY,New York,D,Demand,Eastern,Eastern,395186,megawatthours
2022-11-22,NY,New York,D,Demand,Eastern,Eastern,404262,megawatthours
2022-11-21,NY,New York,D,Demand,Eastern,Eastern,424428,megawatthours
2022-11-20,NY,New York,D,Demand,Eastern,Eastern,399511,megawatthours
2022-11-19,NY,New York,D,Demand,Eastern,Eastern,390704,megawatthours
2022-11-18,NY,New York,D,Demand,Eastern,Eastern,407274,megawatthours
2022-11-17,NY,New York,D,Demand,Eastern,Eastern,406837,megawatthours
2022-11-16,NY,New York,D,Demand,Eastern,Eastern,405670,megawatthours
2022-11-15,NY,New York,D,Demand,Eastern,Eastern,409202,megawatthours
2022-11-14,NY,New York,D,Demand,Eastern,Eastern,393016,megawatthours
2022-11-13,NY,New York,D,Demand,Eastern,Eastern,352217,megawatthours
2022-11-12,NY,New York,D,Demand,Eastern,Eastern,350189,megawatthours
2022-11-11,NY,New York,D,Demand,Eastern,Eastern,375461,megawatthours
2022-11-10,NY,New York,D,Demand,Eastern,Eastern,368441,megawatthours
2022-11-09,NY,New York,D,Demand,Eastern,Eastern,373883,megawatthours
2022-11-08,NY,New York,D,Demand,Eastern,Eastern,364476,megawatthours
2022-11-07,NY,New York,D,Demand,Eastern,Eastern,372260,megawatthours
2022-11-06,NY,New York,D,Demand,Eastern,Eastern,365645,megawatthours
2022-11-05,NY,New York,D,Demand,Eastern,Eastern,348797,megawatthours
2022-11-04,NY,New York,D,Demand,Eastern,Eastern,362783,megawatthours
2022-11-03,NY,New York,D,Demand,Eastern,Eastern,363608,megawatthours
2022-11-02,NY,New York,D,Demand,Eastern,Eastern,363778,megawatthours
2022-11-01,NY,New York,D,Demand,Eastern,Eastern,375433,megawatthours
2022-10-31,NY,New York,D,Demand,Eastern,Eastern,369105,megawatthours
2022-10-30,NY,New York,D,Demand,Eastern,Eastern,338359,megawatthours
2022-10-29,NY,New York,D,Demand,Eastern,Eastern,342245,megawatthours
2022-10-28,NY,New York,D,Demand,Eastern,Eastern,367224,megawatthours
2022-10-27,NY,New York,D,Demand,Eastern,Eastern,362305,megawatthours
2022-10-26,NY,New York,D,Demand,Eastern,Eastern,380186,megawatthours
2022-10-25,NY,New York,D,Demand,Eastern,Eastern,377642,megawatthours
2022-10-24,NY,New York,D,Demand,Eastern,Eastern,369924,megawatthours
2022-10-23,NY,New York,D,Demand,Eastern,Eastern,337044,megawatthours
2022-10-22,NY,New York,D,Demand,Eastern,Eastern,334261,megawatthours
2022-10-21,NY,New York,D,Demand,Eastern,Eastern,363911,megawatthours
2022-10-20,NY,New York,D,Demand,Eastern,Eastern,376629,megawatthours
2022-10-19,NY,New York,D,Demand,Eastern,Eastern,377574,megawatthours
2022-10-18,NY,New York,D,Demand,Eastern,Eastern,366894,megawatthours
2022-10-17,NY,New York,D,Demand,Eastern,Eastern,372337,megawatthours
2022-10-16,NY,New York,D,Demand,Eastern,Eastern,330210,megawatthours
2022-10-15,NY,New York,D,Demand,Eastern,Eastern,332720,megawatthours
2022-10-14,NY,New York,D,Demand,Eastern,Eastern,357356,megawatthours
2022-10-13,NY,New York,D,Demand,Eastern,Eastern,379397,megawatthours
2022-10-12,NY,New York,D,Demand,Eastern,Eastern,362693,megawatthours
2022-10-11,NY,New York,D,Demand,Eastern,Eastern,361815,megawatthours
2022-10-10,NY,New York,D,Demand,Eastern,Eastern,356988,megawatthours
2022-10-09,NY,New York,D,Demand,Eastern,Eastern,331356,megawatthours
2022-10-08,NY,New York,D,Demand,Eastern,Eastern,337114,megawatthours
2022-10-07,NY,New York,D,Demand,Eastern,Eastern,370922,megawatthours
2022-10-06,NY,New York,D,Demand,Eastern,Eastern,366484,megawatthours
2022-10-05,NY,New York,D,Demand,Eastern,Eastern,370598,megawatthours
2022-10-04,NY,New York,D,Demand,Eastern,Eastern,380474,megawatthours
2022-10-03,NY,New York,D,Demand,Eastern,Eastern,371457,megawatthours
2022-10-02,NY,New York,D,Demand,Eastern,Eastern,334579,megawatthours
2022-10-01,NY,New York,D,Demand,Eastern,Eastern,339570,megawatthours
2022-09-30,NY,New York,D,Demand,Eastern,Eastern,358453,megawatthours
2022-09-29,NY,New York,D,Demand,Eastern,Eastern,361651,megawatthours
2022-09-28,NY,New York,D,Demand,Eastern,Eastern,369309,megawatthours
2022-09-27,NY,New York,D,Demand,Eastern,Eastern,372601,megawatthours
2022-09-26,NY,New York,D,Demand,Eastern,Eastern,374670,megawatthours
2022-09-25,NY,New York,D,Demand,Eastern,Eastern,345662,megawatthours
2022-09-24,NY,New York,D,Demand,Eastern,Eastern,331175,megawatthours
2022-09-23,NY,New York,D,Demand,Eastern,Eastern,355382,megawatthours
2022-09-22,NY,New York,D,Demand,Eastern,Eastern,414969,megawatthours
2022-09-21,NY,New York,D,Demand,Eastern,Eastern,430535,megawatthours
2022-09-20,NY,New York,D,Demand,Eastern,Eastern,436421,megawatthours
2022-09-19,NY,New York,D,Demand,Eastern,Eastern,457330,megawatthours
2022-09-18,NY,New York,D,Demand,Eastern,Eastern,408063,megawatthours
2022-09-17,NY,New York,D,Demand,Eastern,Eastern,373341,megawatthours
2022-09-16,NY,New York,D,Demand,Eastern,Eastern,382655,megawatthours
2022-09-15,NY,New York,D,Demand,Eastern,Eastern,397434,megawatthours
2022-09-14,NY,New York,D,Demand,Eastern,Eastern,430059,megawatthours
2022-09-13,NY,New York,D,Demand,Eastern,Eastern,473225,megawatthours
2022-09-12,NY,New York,D,Demand,Eastern,Eastern,463393,megawatthours
2022-09-11,NY,New York,D,Demand,Eastern,Eastern,410176,megawatthours
2022-09-10,NY,New York,D,Demand,Eastern,Eastern,414587,megawatthours
2022-09-09,NY,New York,D,Demand,Eastern,Eastern,430244,megawatthours
2022-09-08,NY,New York,D,Demand,Eastern,Eastern,431963,megawatthours
2022-09-07,NY,New York,D,Demand,Eastern,Eastern,431800,megawatthours
2022-09-06,NY,New York,D,Demand,Eastern,Eastern,462891,megawatthours
2022-09-05,NY,New York,D,Demand,Eastern,Eastern,462389,megawatthours
2022-09-04,NY,New York,D,Demand,Eastern,Eastern,450186,megawatthours
2022-09-03,NY,New York,D,Demand,Eastern,Eastern,421998,megawatthours
2022-09-02,NY,New York,D,Demand,Eastern,Eastern,429684,megawatthours
2022-09-01,NY,New York,D,Demand,Eastern,Eastern,458351,megawatthours
2022-08-31,NY,New York,D,Demand,Eastern,Eastern,494411,megawatthours
2022-08-30,NY,New York,D,Demand,Eastern,Eastern,553334,megawatthours
2022-08-29,NY,New York,D,Demand,Eastern,Eastern,550544,megawatthours
2022-08-28,NY,New York,D,Demand,Eastern,Eastern,468204,megawatthours
2022-08-27,NY,New York,D,Demand,Eastern,Eastern,483418,megawatthours
2022-08-26,NY,New York,D,Demand,Eastern,Eastern,525128,megawatthours
2022-08-25,NY,New York,D,Demand,Eastern,Eastern,523934,megawatthours
2022-08-24,NY,New York,D,Demand,Eastern,Eastern,515251,megawatthours
2022-08-23,NY,New York,D,Demand,Eastern,Eastern,515643,megawatthours
2022-08-22,NY,New York,D,Demand,Eastern,Eastern,503422,megawatthours
2022-08-21,NY,New York,D,Demand,Eastern,Eastern,478724,megawatthours
2022-08-20,NY,New York,D,Demand,Eastern,Eastern,494694,megawatthours
2022-08-19,NY,New York,D,Demand,Eastern,Eastern,490626,megawatthours
2022-08-18,NY,New York,D,Demand,Eastern,Eastern,463151,megawatthours
2022-08-17,NY,New York,D,Demand,Eastern,Eastern,454669,megawatthours
2022-08-16,NY,New York,D,Demand,Eastern,Eastern,467088,megawatthours
2022-08-15,NY,New York,D,Demand,Eastern,Eastern,465434,megawatthours
2022-08-14,NY,New York,D,Demand,Eastern,Eastern,412349,megawatthours
2022-08-13,NY,New York,D,Demand,Eastern,Eastern,411863,megawatthours
2022-08-12,NY,New York,D,Demand,Eastern,Eastern,475127,megawatthours
2022-08-11,NY,New York,D,Demand,Eastern,Eastern,527410,megawatthours
2022-08-10,NY,New York,D,Demand,Eastern,Eastern,543232,megawatthours
2022-08-09,NY,New York,D,Demand,Eastern,Eastern,611972,megawatthours
2022-08-08,NY,New York,D,Demand,Eastern,Eastern,621287,megawatthours
2022-08-07,NY,New York,D,Demand,Eastern,Eastern,573906,megawatthours
2022-08-06,NY,New York,D,Demand,Eastern,Eastern,560940,megawatthours
2022-08-05,NY,New York,D,Demand,Eastern,Eastern,576386,megawatthours
2022-08-04,NY,New York,D,Demand,Eastern,Eastern,581315,megawatthours
2022-08-03,NY,New York,D,Demand,Eastern,Eastern,544856,megawatthours
2022-08-02,NY,New York,D,Demand,Eastern,Eastern,537157,megawatthours
2022-08-01,NY,New York,D,Demand,Eastern,Eastern,498356,megawatthours
2022-07-31,NY,New York,D,Demand,Eastern,Eastern,470435,megawatthours
2022-07-30,NY,New York,D,Demand,Eastern,Eastern,482024,megawatthours
2022-07-29,NY,New York,D,Demand,Eastern,Eastern,532754,megawatthours
2022-07-28,NY,New York,D,Demand,Eastern,Eastern,556273,megawatthours
2022-07-27,NY,New York,D,Demand,Eastern,Eastern,498791,megawatthours
2022-07-26,NY,New York,D,Demand,Eastern,Eastern,496129,megawatthours
2022-07-25,NY,New York,D,Demand,Eastern,Eastern,574545,megawatthours
2022-07-24,NY,New York,D,Demand,Eastern,Eastern,563938,megawatthours
2022-07-23,NY,New York,D,Demand,Eastern,Eastern,559974,megawatthours
2022-07-22,NY,New York,D,Demand,Eastern,Eastern,585707,megawatthours
2022-07-21,NY,New York,D,Demand,Eastern,Eastern,608105,megawatthours
2022-07-20,NY,New York,D,Demand,Eastern,Eastern,605859,megawatthours
2022-07-19,NY,New York,D,Demand,Eastern,Eastern,558981,megawatthours
2022-07-18,NY,New York,D,Demand,Eastern,Eastern,526190,megawatthours
2022-07-17,NY,New York,D,Demand,Eastern,Eastern,480966,megawatthours
2022-07-16,NY,New York,D,Demand,Eastern,Eastern,462208,megawatthours
2022-07-15,NY,New York,D,Demand,Eastern,Eastern,486175,megawatthours
2022-07-14,NY,New York,D,Demand,Eastern,Eastern,516803,megawatthours
2022-07-13,NY,New York,D,Demand,Eastern,Eastern,527084,megawatthours
2022-07-12,NY,New York,D,Demand,Eastern,Eastern,521841,megawatthours
2022-07-11,NY,New York,D,Demand,Eastern,Eastern,472530,megawatthours
2022-07-10,NY,New York,D,Demand,Eastern,Eastern,412997,megawatthours
2022-07-09,NY,New York,D,Demand,Eastern,Eastern,440819,megawatthours
2022-07-08,NY,New York,D,Demand,Eastern,Eastern,482822,megawatthours
2022-07-07,NY,New York,D,Demand,Eastern,Eastern,481602,megawatthours
2022-07-06,NY,New York,D,Demand,Eastern,Eastern,499684,megawatthours
2022-07-05,NY,New York,D,Demand,Eastern,Eastern,475326,megawatthours
2022-07-04,NY,New York,D,Demand,Eastern,Eastern,423686,megawatthours
2022-07-03,NY,New York,D,Demand,Eastern,Eastern,442303,megawatthours
2022-07-02,NY,New York,D,Demand,Eastern,Eastern,492965,megawatthours
2022-07-01,NY,New York,D,Demand,Eastern,Eastern,526072,megawatthours
2022-06-30,NY,New York,D,Demand,Eastern,Eastern,475488,megawatthours
2022-06-29,NY,New York,D,Demand,Eastern,Eastern,443985,megawatthours
2022-06-28,NY,New York,D,Demand,Eastern,Eastern,428090,megawatthours
2022-06-27,NY,New York,D,Demand,Eastern,Eastern,470754,megawatthours
2022-06-26,NY,New York,D,Demand,Eastern,Eastern,478066,megawatthours
2022-06-25,NY,New York,D,Demand,Eastern,Eastern,456234,megawatthours
2022-06-24,NY,New York,D,Demand,Eastern,Eastern,438680,megawatthours
2022-06-23,NY,New York,D,Demand,Eastern,Eastern,418264,megawatthours
2022-06-22,NY,New York,D,Demand,Eastern,Eastern,431426,megawatthours
2022-06-21,NY,New York,D,Demand,Eastern,Eastern,421047,megawatthours
2022-06-20,NY,New York,D,Demand,Eastern,Eastern,382314,megawatthours
2022-06-19,NY,New York,D,Demand,Eastern,Eastern,328801,megawatthours
2022-06-18,NY,New York,D,Demand,Eastern,Eastern,370098,megawatthours
2022-06-17,NY,New York,D,Demand,Eastern,Eastern,478940,megawatthours
2022-06-16,NY,New York,D,Demand,Eastern,Eastern,456388,megawatthours
2022-06-15,NY,New York,D,Demand,Eastern,Eastern,458247,megawatthours
2022-06-14,NY,New York,D,Demand,Eastern,Eastern,439182,megawatthours
2022-06-13,NY,New York,D,Demand,Eastern,Eastern,450830,megawatthours
2022-06-12,NY,New York,D,Demand,Eastern,Eastern,372179,megawatthours
2022-06-11,NY,New York,D,Demand,Eastern,Eastern,380077,megawatthours
2022-06-10,NY,New York,D,Demand,Eastern,Eastern,407263,megawatthours
2022-06-09,NY,New York,D,Demand,Eastern,Eastern,442467,megawatthours
2022-06-08,NY,New York,D,Demand,Eastern,Eastern,437771,megawatthours
2022-06-07,NY,New York,D,Demand,Eastern,Eastern,417263,megawatthours
2022-06-06,NY,New York,D,Demand,Eastern,Eastern,408991,megawatthours
2022-06-05,NY,New York,D,Demand,Eastern,Eastern,354341,megawatthours
2022-06-04,NY,New York,D,Demand,Eastern,Eastern,370229,megawatthours
2022-06-03,NY,New York,D,Demand,Eastern,Eastern,409061,megawatthours
2022-06-02,NY,New York,D,Demand,Eastern,Eastern,419580,megawatthours
2022-06-01,NY,New York,D,Demand,Eastern,Eastern,422070,megawatthours
2022-05-31,NY,New York,D,Demand,Eastern,Eastern,513029,megawatthours
2022-05-30,NY,New York,D,Demand,Eastern,Eastern,407158,megawatthours
2022-05-29,NY,New York,D,Demand,Eastern,Eastern,354089,megawatthours
2022-05-28,NY,New York,D,Demand,Eastern,Eastern,370143,megawatthours
2022-05-27,NY,New York,D,Demand,Eastern,Eastern,405941,megawatthours
2022-05-26,NY,New York,D,Demand,Eastern,Eastern,376922,megawatthours
2022-05-25,NY,New York,D,Demand,Eastern,Eastern,366308,megawatthours
2022-05-24,NY,New York,D,Demand,Eastern,Eastern,368690,megawatthours
2022-05-23,NY,New York,D,Demand,Eastern,Eastern,387040,megawatthours
2022-05-22,NY,New York,D,Demand,Eastern,Eastern,426749,megawatthours
2022-05-21,NY,New York,D,Demand,Eastern,Eastern,408354,megawatthours
2022-05-20,NY,New York,D,Demand,Eastern,Eastern,369533,megawatthours
2022-05-19,NY,New York,D,Demand,Eastern,Eastern,366395,megawatthours
2022-05-18,NY,New York,D,Demand,Eastern,Eastern,354919,megawatthours
2022-05-17,NY,New York,D,Demand,Eastern,Eastern,365360,megawatthours
2022-05-16,NY,New York,D,Demand,Eastern,Eastern,391582,megawatthours
2022-05-15,NY,New York,D,Demand,Eastern,Eastern,363172,megawatthours
2022-05-14,NY,New York,D,Demand,Eastern,Eastern,368342,megawatthours
2022-05-13,NY,New York,D,Demand,Eastern,Eastern,383995,megawatthours
2022-05-12,NY,New York,D,Demand,Eastern,Eastern,367219,megawatthours
2022-05-11,NY,New York,D,Demand,Eastern,Eastern,352804,megawatthours
2022-05-10,NY,New York,D,Demand,Eastern,Eastern,345909,megawatthours
2022-05-09,NY,New York,D,Demand,Eastern,Eastern,344868,megawatthours
2022-05-08,NY,New York,D,Demand,Eastern,Eastern,320761,megawatthours
2022-05-07,NY,New York,D,Demand,Eastern,Eastern,337622,megawatthours
2022-05-06,NY,New York,D,Demand,Eastern,Eastern,357753,megawatthours
2022-05-05,NY,New York,D,Demand,Eastern,Eastern,349202,megawatthours
2022-05-04,NY,New York,D,Demand,Eastern,Eastern,365483,megawatthours
2022-05-03,NY,New York,D,Demand,Eastern,Eastern,355332,megawatthours
2022-05-02,NY,New York,D,Demand,Eastern,Eastern,364459,megawatthours
2022-05-01,NY,New York,D,Demand,Eastern,Eastern,318743,megawatthours
2022-04-30,NY,New York,D,Demand,Eastern,Eastern,324495,megawatthours
2022-04-29,NY,New York,D,Demand,Eastern,Eastern,354137,megawatthours
2022-04-28,NY,New York,D,Demand,Eastern,Eastern,363575,megawatthours
2022-04-27,NY,New York,D,Demand,Eastern,Eastern,366888,megawatthours
2022-04-26,NY,New York,D,Demand,Eastern,Eastern,367151,megawatthours
2022-04-25,NY,New York,D,Demand,Eastern,Eastern,354332,megawatthours
2022-04-24,NY,New York,D,Demand,Eastern,Eastern,317182,megawatthours
2022-04-23,NY,New York,D,Demand,Eastern,Eastern,331229,megawatthours
2022-04-22,NY,New York,D,Demand,Eastern,Eastern,349912,megawatthours
2022-04-21,NY,New York,D,Demand,Eastern,Eastern,371922,megawatthours
2022-04-20,NY,New York,D,Demand,Eastern,Eastern,364751,megawatthours
2022-04-19,NY,New York,D,Demand,Eastern,Eastern,383257,megawatthours
2022-04-18,NY,New York,D,Demand,Eastern,Eastern,371403,megawatthours
2022-04-17,NY,New York,D,Demand,Eastern,Eastern,329959,megawatthours
2022-04-16,NY,New York,D,Demand,Eastern,Eastern,337822,megawatthours
2022-04-15,NY,New York,D,Demand,Eastern,Eastern,342061,megawatthours
2022-04-14,NY,New York,D,Demand,Eastern,Eastern,363493,megawatthours
2022-04-13,NY,New York,D,Demand,Eastern,Eastern,359734,megawatthours
2022-04-12,NY,New York,D,Demand,Eastern,Eastern,356978,megawatthours
2022-04-11,NY,New York,D,Demand,Eastern,Eastern,366013,megawatthours
2022-04-10,NY,New York,D,Demand,Eastern,Eastern,354325,megawatthours
2022-04-09,NY,New York,D,Demand,Eastern,Eastern,346982,megawatthours
2022-04-08,NY,New York,D,Demand,Eastern,Eastern,366369,megawatthours
2022-04-07,NY,New York,D,Demand,Eastern,Eastern,391376,megawatthours
2022-04-06,NY,New York,D,Demand,Eastern,Eastern,379429,megawatthours
2022-04-05,NY,New York,D,Demand,Eastern,Eastern,373680,megawatthours
2022-04-04,NY,New York,D,Demand,Eastern,Eastern,380454,megawatthours
2022-04-03,NY,New York,D,Demand,Eastern,Eastern,366445,megawatthours
2022-04-02,NY,New York,D,Demand,Eastern,Eastern,352549,megawatthours
2022-04-01,NY,New York,D,Demand,Eastern,Eastern,381021,megawatthours
2022-03-31,NY,New York,D,Demand,Eastern,Eastern,387855,megawatthours
2022-03-30,NY,New York,D,Demand,Eastern,Eastern,415453,megawatthours
2022-03-29,NY,New York,D,Demand,Eastern,Eastern,422667,megawatthours
2022-03-28,NY,New York,D,Demand,Eastern,Eastern,432280,megawatthours
2022-03-27,NY,New York,D,Demand,Eastern,Eastern,370833,megawatthours
2022-03-26,NY,New York,D,Demand,Eastern,Eastern,355638,megawatthours
2022-03-25,NY,New York,D,Demand,Eastern,Eastern,376651,megawatthours
2022-03-24,NY,New York,D,Demand,Eastern,Eastern,390837,megawatthours
2022-03-23,NY,New York,D,Demand,Eastern,Eastern,390981,megawatthours
2022-03-22,NY,New York,D,Demand,Eastern,Eastern,369472,megawatthours
2022-03-21,NY,New York,D,Demand,Eastern,Eastern,365711,megawatthours
2022-03-20,NY,New York,D,Demand,Eastern,Eastern,345386,megawatthours
2022-03-19,NY,New York,D,Demand,Eastern,Eastern,340963,megawatthours
2022-03-18,NY,New York,D,Demand,Eastern,Eastern,359371,megawatthours
2022-03-17,NY,New York,D,Demand,Eastern,Eastern,376855,megawatthours
2022-03-16,NY,New York,D,Demand,Eastern,Eastern,368983,megawatthours
2022-03-15,NY,New York,D,Demand,Eastern,Eastern,383112,megawatthours
2022-03-14,NY,New York,D,Demand,Eastern,Eastern,399280,megawatthours
2022-03-13,NY,New York,D,Demand,Eastern,Eastern,391820,megawatthours
2022-03-12,NY,New York,D,Demand,Eastern,Eastern,407073,megawatthours
2022-03-11,NY,New York,D,Demand,Eastern,Eastern,391633,megawatthours
2022-03-10,NY,New York,D,Demand,Eastern,Eastern,403381,megawatthours
2022-03-09,NY,New York,D,Demand,Eastern,Eastern,423633,megawatthours
2022-03-08,NY,New York,D,Demand,Eastern,Eastern,392419,megawatthours
2022-03-07,NY,New York,D,Demand,Eastern,Eastern,390578,megawatthours
2022-03-06,NY,New York,D,Demand,Eastern,Eastern,360191,megawatthours
2022-03-05,NY,New York,D,Demand,Eastern,Eastern,396104,megawatthours
2022-03-04,NY,New York,D,Demand,Eastern,Eastern,430519,megawatthours
2022-03-03,NY,New York,D,Demand,Eastern,Eastern,416973,megawatthours
2022-03-02,NY,New York,D,Demand,Eastern,Eastern,406531,megawatthours
2022-03-01,NY,New York,D,Demand,Eastern,Eastern,432395,megawatthours
2022-02-28,NY,New York,D,Demand,Eastern,Eastern,434624,megawatthours
2022-02-27,NY,New York,D,Demand,Eastern,Eastern,401051,megawatthours
2022-02-26,NY,New York,D,Demand,Eastern,Eastern,418335,megawatthours
2022-02-25,NY,New York,D,Demand,Eastern,Eastern,446363,megawatthours
2022-02-24,NY,New York,D,Demand,Eastern,Eastern,434053,megawatthours
2022-02-23,NY,New York,D,Demand,Eastern,Eastern,398469,megawatthours
2022-02-22,NY,New York,D,Demand,Eastern,Eastern,408506,megawatthours
2022-02-21,NY,New York,D,Demand,Eastern,Eastern,394780,megawatthours
2022-02-20,NY,New York,D,Demand,Eastern,Eastern,415199,megawatthours
2022-02-19,NY,New York,D,Demand,Eastern,Eastern,427191,megawatthours
2022-02-18,NY,New York,D,Demand,Eastern,Eastern,414991,megawatthours
2022-02-17,NY,New York,D,Demand,Eastern,Eastern,409066,megawatthours
2022-02-16,NY,New York,D,Demand,Eastern,Eastern,443515,megawatthours
2022-02-15,NY,New York,D,Demand,Eastern,Eastern,472536,megawatthours
2022-02-14,NY,New York,D,Demand,Eastern,Eastern,470508,megawatthours
2022-02-13,NY,New York,D,Demand,Eastern,Eastern,418603,megawatthours
2022-02-12,NY,New York,D,Demand,Eastern,Eastern,383488,megawatthours
2022-02-11,NY,New York,D,Demand,Eastern,Eastern,405937,megawatthours
2022-02-10,NY,New York,D,Demand,Eastern,Eastern,418997,megawatthours
2022-02-09,NY,New York,D,Demand,Eastern,Eastern,427932,megawatthours
2022-02-08,NY,New York,D,Demand,Eastern,Eastern,436570,megawatthours
2022-02-07,NY,New York,D,Demand,Eastern,Eastern,451630,megawatthours
2022-02-06,NY,New York,D,Demand,Eastern,Eastern,446185,megawatthours
2022-02-05,NY,New York,D,Demand,Eastern,Eastern,448858,megawatthours
2022-02-04,NY,New York,D,Demand,Eastern,Eastern,450497,megawatthours
2022-02-03,NY,New York,D,Demand,Eastern,Eastern,435333,megawatthours
2022-02-02,NY,New York,D,Demand,Eastern,Eastern,435492,megawatthours
2022-02-01,NY,New York,D,Demand,Eastern,Eastern,458322,megawatthours
2022-01-31,NY,New York,D,Demand,Eastern,Eastern,472752,megawatthours
2022-01-30,NY,New York,D,Demand,Eastern,Eastern,464368,megawatthours
2022-01-29,NY,New York,D,Demand,Eastern,Eastern,472203,megawatthours
2022-01-28,NY,New York,D,Demand,Eastern,Eastern,463408,megawatthours
2022-01-27,NY,New York,D,Demand,Eastern,Eastern,477551,megawatthours
2022-01-26,NY,New York,D,Demand,Eastern,Eastern,470414,megawatthours
2022-01-25,NY,New York,D,Demand,Eastern,Eastern,450540,megawatthours
2022-01-24,NY,New York,D,Demand,Eastern,Eastern,459578,megawatthours
2022-01-23,NY,New York,D,Demand,Eastern,Eastern,438048,megawatthours
2022-01-22,NY,New York,D,Demand,Eastern,Eastern,463056,megawatthours
2022-01-21,NY,New York,D,Demand,Eastern,Eastern,483931,megawatthours
2022-01-20,NY,New York,D,Demand,Eastern,Eastern,451197,megawatthours
2022-01-19,NY,New York,D,Demand,Eastern,Eastern,446006,megawatthours
2022-01-18,NY,New York,D,Demand,Eastern,Eastern,455428,megawatthours
2022-01-17,NY,New York,D,Demand,Eastern,Eastern,446764,megawatthours
2022-01-16,NY,New York,D,Demand,Eastern,Eastern,461701,megawatthours
2022-01-15,NY,New York,D,Demand,Eastern,Eastern,472953,megawatthours
2022-01-14,NY,New York,D,Demand,Eastern,Eastern,440947,megawatthours
2022-01-13,NY,New York,D,Demand,Eastern,Eastern,432684,megawatthours
2022-01-12,NY,New York,D,Demand,Eastern,Eastern,465751,megawatthours
2022-01-11,NY,New York,D,Demand,Eastern,Eastern,486958,megawatthours
2022-01-10,NY,New York,D,Demand,Eastern,Eastern,455889,megawatthours
2022-01-09,NY,New York,D,Demand,Eastern,Eastern,422709,megawatthours
2022-01-08,NY,New York,D,Demand,Eastern,Eastern,439824,megawatthours
2022-01-07,NY,New York,D,Demand,Eastern,Eastern,452261,megawatthours
2022-01-06,NY,New York,D,Demand,Eastern,Eastern,435247,megawatthours
2022-01-05,NY,New York,D,Demand,Eastern,Eastern,438027,megawatthours
2022-01-04,NY,New York,D,Demand,Eastern,Eastern,453310,megawatthours
2022-01-03,NY,New York,D,Demand,Eastern,Eastern,448996,megawatthours
2022-01-02,NY,New York,D,Demand,Eastern,Eastern,382944,megawatthours
2022-01-01,NY,New York,D,Demand,Eastern,Eastern,364945,megawatthours
2021-12-31,NY,New York,D,Demand,Eastern,Eastern,380279,megawatthours
2021-12-30,NY,New York,D,Demand,Eastern,Eastern,401376,megawatthours
2021-12-29,NY,New York,D,Demand,Eastern,Eastern,411729,megawatthours
2021-12-28,NY,New York,D,Demand,Eastern,Eastern,411471,megawatthours
2021-12-27,NY,New York,D,Demand,Eastern,Eastern,424491,megawatthours
2021-12-26,NY,New York,D,Demand,Eastern,Eastern,377826,megawatthours
2021-12-25,NY,New York,D,Demand,Eastern,Eastern,381031,megawatthours
2021-12-24,NY,New York,D,Demand,Eastern,Eastern,412041,megawatthours
2021-12-23,NY,New York,D,Demand,Eastern,Eastern,434566,megawatthours
2021-12-22,NY,New York,D,Demand,Eastern,Eastern,427415,megawatthours
2021-12-21,NY,New York,D,Demand,Eastern,Eastern,427748,megawatthours
2021-12-20,NY,New York,D,Demand,Eastern,Eastern,438651,megawatthours
2021-12-19,NY,New York,D,Demand,Eastern,Eastern,402296,megawatthours
2021-12-18,NY,New York,D,Demand,Eastern,Eastern,395970,megawatthours
2021-12-17,NY,New York,D,Demand,Eastern,Eastern,387297,megawatthours
2021-12-16,NY,New York,D,Demand,Eastern,Eastern,393911,megawatthours
2021-12-15,NY,New York,D,Demand,Eastern,Eastern,417533,megawatthours
2021-12-14,NY,New York,D,Demand,Eastern,Eastern,406508,megawatthours
2021-12-13,NY,New York,D,Demand,Eastern,Eastern,407557,megawatthours
2021-12-12,NY,New York,D,Demand,Eastern,Eastern,374538,megawatthours
2021-12-11,NY,New York,D,Demand,Eastern,Eastern,385857,megawatthours
2021-12-10,NY,New York,D,Demand,Eastern,Eastern,421014,megawatthours
2021-12-09,NY,New York,D,Demand,Eastern,Eastern,439318,megawatthours
2021-12-08,NY,New York,D,Demand,Eastern,Eastern,436185,megawatthours
2021-12-07,NY,New York,D,Demand,Eastern,Eastern,424133,megawatthours
2021-12-06,NY,New York,D,Demand,Eastern,Eastern,409530,megawatthours
2021-12-05,NY,New York,D,Demand,Eastern,Eastern,386815,megawatthours
2021-12-04,NY,New York,D,Demand,Eastern,Eastern,393324,megawatthours
2021-12-03,NY,New York,D,Demand,Eastern,Eastern,410901,megawatthours
2021-12-02,NY,New York,D,Demand,Eastern,Eastern,409290,megawatthours
2021-12-01,NY,New York,D,Demand,Eastern,Eastern,414962,megawatthours
2021-11-30,NY,New York,D,Demand,Eastern,Eastern,432433,megawatthours
2021-11-29,NY,New York,D,Demand,Eastern,Eastern,424413,megawatthours
2021-11-28,NY,New York,D,Demand,Eastern,Eastern,397107,megawatthours
2021-11-27,NY,New York,D,Demand,Eastern,Eastern,390358,megawatthours
2021-11-26,NY,New York,D,Demand,Eastern,Eastern,383990,megawatthours
2021-11-25,NY,New York,D,Demand,Eastern,Eastern,368786,megawatthours
2021-11-24,NY,New York,D,Demand,Eastern,Eastern,411563,megawatthours
2021-11-23,NY,New York,D,Demand,Eastern,Eastern,415459,megawatthours
2021-11-22,NY,New York,D,Demand,Eastern,Eastern,400669,megawatthours
2021-11-21,NY,New York,D,Demand,Eastern,Eastern,365167,megawatthours
2021-11-20,NY,New York,D,Demand,Eastern,Eastern,377006,megawatthours
2021-11-19,NY,New York,D,Demand,Eastern,Eastern,395872,megawatthours
2021-11-18,NY,New York,D,Demand,Eastern,Eastern,386099,megawatthours
2021-11-17,NY,New York,D,Demand,Eastern,Eastern,400827,megawatthours
2021-11-16,NY,New York,D,Demand,Eastern,Eastern,401603,megawatthours
2021-11-15,NY,New York,D,Demand,Eastern,Eastern,401029,megawatthours
2021-11-14,NY,New York,D,Demand,Eastern,Eastern,364484,megawatthours
2021-11-13,NY,New York,D,Demand,Eastern,Eastern,363727,megawatthours
2021-11-12,NY,New York,D,Demand,Eastern,Eastern,380179,megawatthours
2021-11-11,NY,New York,D,Demand,Eastern,Eastern,378296,megawatthours
2021-11-10,NY,New York,D,Demand,Eastern,Eastern,371055,megawatthours
2021-11-09,NY,New York,D,Demand,Eastern,Eastern,378210,megawatthours
2021-11-08,NY,New York,D,Demand,Eastern,Eastern,378526,megawatthours
2021-11-07,NY,New York,D,Demand,Eastern,Eastern,370979,megawatthours
2021-11-06,NY,New York,D,Demand,Eastern,Eastern,362899,megawatthours
2021-11-05,NY,New York,D,Demand,Eastern,Eastern,388933,megawatthours
2021-11-04,NY,New York,D,Demand,Eastern,Eastern,392496,megawatthours
2021-11-03,NY,New York,D,Demand,Eastern,Eastern,387462,megawatthours
2021-11-02,NY,New York,D,Demand,Eastern,Eastern,381553,megawatthours
2021-11-01,NY,New York,D,Demand,Eastern,Eastern,368267,megawatthours
2021-10-31,NY,New York,D,Demand,Eastern,Eastern,341288,megawatthours
2021-10-30,NY,New York,D,Demand,Eastern,Eastern,354960,megawatthours
2021-10-29,NY,New York,D,Demand,Eastern,Eastern,373093,megawatthours
2021-10-28,NY,New York,D,Demand,Eastern,Eastern,370213,megawatthours
2021-10-27,NY,New York,D,Demand,Eastern,Eastern,372780,megawatthours
2021-10-26,NY,New York,D,Demand,Eastern,Eastern,386916,megawatthours
2021-10-25,NY,New York,D,Demand,Eastern,Eastern,382666,megawatthours
2021-10-24,NY,New York,D,Demand,Eastern,Eastern,338150,megawatthours
2021-10-23,NY,New York,D,Demand,Eastern,Eastern,343715,megawatthours
2021-10-22,NY,New York,D,Demand,Eastern,Eastern,373467,megawatthours
2021-10-21,NY,New York,D,Demand,Eastern,Eastern,379073,megawatthours
2021-10-20,NY,New York,D,Demand,Eastern,Eastern,372814,megawatthours
2021-10-19,NY,New York,D,Demand,Eastern,Eastern,366013,megawatthours
2021-10-18,NY,New York,D,Demand,Eastern,Eastern,366490,megawatthours
2021-10-17,NY,New York,D,Demand,Eastern,Eastern,338428,megawatthours
2021-10-16,NY,New York,D,Demand,Eastern,Eastern,381062,megawatthours
2021-10-15,NY,New York,D,Demand,Eastern,Eastern,407906,megawatthours
2021-10-14,NY,New York,D,Demand,Eastern,Eastern,398505,megawatthours
2021-10-13,NY,New York,D,Demand,Eastern,Eastern,392677,megawatthours
2021-10-12,NY,New York,D,Demand,Eastern,Eastern,389922,megawatthours
2021-10-11,NY,New York,D,Demand,Eastern,Eastern,380322,megawatthours
2021-10-10,NY,New York,D,Demand,Eastern,Eastern,350618,megawatthours
2021-10-09,NY,New York,D,Demand,Eastern,Eastern,356688,megawatthours
2021-10-08,NY,New York,D,Demand,Eastern,Eastern,396250,megawatthours
2021-10-07,NY,New York,D,Demand,Eastern,Eastern,392990,megawatthours
2021-10-06,NY,New York,D,Demand,Eastern,Eastern,384145,megawatthours
2021-10-05,NY,New York,D,Demand,Eastern,Eastern,385804,megawatthours
2021-10-04,NY,New York,D,Demand,Eastern,Eastern,407602,megawatthours
2021-10-03,NY,New York,D,Demand,Eastern,Eastern,363003,megawatthours
2021-10-02,NY,New York,D,Demand,Eastern,Eastern,345926,megawatthours
2021-10-01,NY,New York,D,Demand,Eastern,Eastern,360615,megawatthours
2021-09-30,NY,New York,D,Demand,Eastern,Eastern,368584,megawatthours
2021-09-29,NY,New York,D,Demand,Eastern,Eastern,371318,megawatthours
2021-09-28,NY,New York,D,Demand,Eastern,Eastern,401475,megawatthours
2021-09-27,NY,New York,D,Demand,Eastern,Eastern,395893,megawatthours
2021-09-26,NY,New York,D,Demand,Eastern,Eastern,349913,megawatthours
2021-09-25,NY,New York,D,Demand,Eastern,Eastern,361999,megawatthours
2021-09-24,NY,New York,D,Demand,Eastern,Eastern,398403,megawatthours
2021-09-23,NY,New York,D,Demand,Eastern,Eastern,472433,megawatthours
2021-09-22,NY,New York,D,Demand,Eastern,Eastern,465200,megawatthours
2021-09-21,NY,New York,D,Demand,Eastern,Eastern,420718,megawatthours
2021-09-20,NY,New York,D,Demand,Eastern,Eastern,414650,megawatthours
2021-09-19,NY,New York,D,Demand,Eastern,Eastern,389462,megawatthours
2021-09-18,NY,New York,D,Demand,Eastern,Eastern,442843,megawatthours
2021-09-17,NY,New York,D,Demand,Eastern,Eastern,457534,megawatthours
2021-09-16,NY,New York,D,Demand,Eastern,Eastern,455728,megawatthours
2021-09-15,NY,New York,D,Demand,Eastern,Eastern,498502,megawatthours
2021-09-14,NY,New York,D,Demand,Eastern,Eastern,466466,megawatthours
2021-09-13,NY,New York,D,Demand,Eastern,Eastern,476225,megawatthours
2021-09-12,NY,New York,D,Demand,Eastern,Eastern,414037,megawatthours
2021-09-11,NY,New York,D,Demand,Eastern,Eastern,379406,megawatthours
2021-09-10,NY,New York,D,Demand,Eastern,Eastern,405248,megawatthours
2021-09-09,NY,New York,D,Demand,Eastern,Eastern,447704,megawatthours
2021-09-08,NY,New York,D,Demand,Eastern,Eastern,469124,megawatthours
2021-09-07,NY,New York,D,Demand,Eastern,Eastern,431277,megawatthours
2021-09-06,NY,New York,D,Demand,Eastern,Eastern,411241,megawatthours
2021-09-05,NY,New York,D,Demand,Eastern,Eastern,390216,megawatthours
2021-09-04,NY,New York,D,Demand,Eastern,Eastern,381463,megawatthours
2021-09-03,NY,New York,D,Demand,Eastern,Eastern,394874,megawatthours
2021-09-02,NY,New York,D,Demand,Eastern,Eastern,404896,megawatthours
2021-09-01,NY,New York,D,Demand,Eastern,Eastern,455094,megawatthours
2021-08-31,NY,New York,D,Demand,Eastern,Eastern,508719,megawatthours
2021-08-30,NY,New York,D,Demand,Eastern,Eastern,528948,megawatthours
2021-08-29,NY,New York,D,Demand,Eastern,Eastern,444715,megawatthours
2021-08-28,NY,New York,D,Demand,Eastern,Eastern,471359,megawatthours
2021-08-27,NY,New York,D,Demand,Eastern,Eastern,583902,megawatthours
2021-08-26,NY,New York,D,Demand,Eastern,Eastern,598650,megawatthours
2021-08-25,NY,New York,D,Demand,Eastern,Eastern,565729,megawatthours
2021-08-24,NY,New York,D,Demand,Eastern,Eastern,545593,megawatthours
2021-08-23,NY,New York,D,Demand,Eastern,Eastern,514700,megawatthours
2021-08-22,NY,New York,D,Demand,Eastern,Eastern,474030,megawatthours
2021-08-21,NY,New York,D,Demand,Eastern,Eastern,500330,megawatthours
2021-08-20,NY,New York,D,Demand,Eastern,Eastern,525709,megawatthours
2021-08-19,NY,New York,D,Demand,Eastern,Eastern,543100,megawatthours
2021-08-18,NY,New York,D,Demand,Eastern,Eastern,516433,megawatthours
2021-08-17,NY,New York,D,Demand,Eastern,Eastern,494718,megawatthours
2021-08-16,NY,New York,D,Demand,Eastern,Eastern,472967,megawatthours
2021-08-15,NY,New York,D,Demand,Eastern,Eastern,440552,megawatthours
2021-08-14,NY,New York,D,Demand,Eastern,Eastern,530336,megawatthours
2021-08-13,NY,New York,D,Demand,Eastern,Eastern,600360,megawatthours
2021-08-12,NY,New York,D,Demand,Eastern,Eastern,591527,megawatthours
2021-08-11,NY,New York,D,Demand,Eastern,Eastern,576272,megawatthours
2021-08-10,NY,New York,D,Demand,Eastern,Eastern,533246,megawatthours
2021-08-09,NY,New York,D,Demand,Eastern,Eastern,506104,megawatthours
2021-08-08,NY,New York,D,Demand,Eastern,Eastern,450707,megawatthours
2021-08-07,NY,New York,D,Demand,Eastern,Eastern,480482,megawatthours
2021-08-06,NY,New York,D,Demand,Eastern,Eastern,495648,megawatthours
2021-08-05,NY,New York,D,Demand,Eastern,Eastern,453627,megawatthours
2021-08-04,NY,New York,D,Demand,Eastern,Eastern,435027,megawatthours
2021-08-03,NY,New York,D,Demand,Eastern,Eastern,428325,megawatthours
2021-08-02,NY,New York,D,Demand,Eastern,Eastern,432120,megawatthours
2021-08-01,NY,New York,D,Demand,Eastern,Eastern,393980,megawatthours
2021-07-31,NY,New York,D,Demand,Eastern,Eastern,384501,megawatthours
2021-07-30,NY,New York,D,Demand,Eastern,Eastern,455163,megawatthours
2021-07-29,NY,New York,D,Demand,Eastern,Eastern,471653,megawatthours
2021-07-28,NY,New York,D,Demand,Eastern,Eastern,490337,megawatthours
2021-07-27,NY,New York,D,Demand,Eastern,Eastern,522558,megawatthours
2021-07-26,NY,New York,D,Demand,Eastern,Eastern,532521,megawatthours
2021-07-25,NY,New York,D,Demand,Eastern,Eastern,463355,megawatthours
2021-07-24,NY,New York,D,Demand,Eastern,Eastern,436459,megawatthours
2021-07-23,NY,New York,D,Demand,Eastern,Eastern,458287,megawatthours
2021-07-22,NY,New York,D,Demand,Eastern,Eastern,459845,megawatthours
2021-07-21,NY,New York,D,Demand,Eastern,Eastern,491012,megawatthours
2021-07-20,NY,New York,D,Demand,Eastern,Eastern,525650,megawatthours
2021-07-19,NY,New York,D,Demand,Eastern,Eastern,495959,megawatthours
2021-07-18,NY,New York,D,Demand,Eastern,Eastern,474043,megawatthours
2021-07-17,NY,New York,D,Demand,Eastern,Eastern,514869,megawatthours
2021-07-16,NY,New York,D,Demand,Eastern,Eastern,570552,megawatthours
2021-07-15,NY,New York,D,Demand,Eastern,Eastern,551789,megawatthours
2021-07-14,NY,New York,D,Demand,Eastern,Eastern,516042,megawatthours
2021-07-13,NY,New York,D,Demand,Eastern,Eastern,484708,megawatthours
2021-07-12,NY,New York,D,Demand,Eastern,Eastern,496398,megawatthours
2021-07-11,NY,New York,D,Demand,Eastern,Eastern,430384,megawatthours
2021-07-10,NY,New York,D,Demand,Eastern,Eastern,448446,megawatthours
2021-07-09,NY,New York,D,Demand,Eastern,Eastern,498113,megawatthours
2021-07-08,NY,New York,D,Demand,Eastern,Eastern,515975,megawatthours
2021-07-07,NY,New York,D,Demand,Eastern,Eastern,550353,megawatthours
2021-07-06,NY,New York,D,Demand,Eastern,Eastern,538613,megawatthours
2021-07-05,NY,New York,D,Demand,Eastern,Eastern,439509,megawatthours
2021-07-04,NY,New York,D,Demand,Eastern,Eastern,372944,megawatthours
2021-07-03,NY,New York,D,Demand,Eastern,Eastern,377791,megawatthours
2021-07-02,NY,New York,D,Demand,Eastern,Eastern,465323,megawatthours
2021-07-01,NY,New York,D,Demand,Eastern,Eastern,529786,megawatthours
2021-06-30,NY,New York,D,Demand,Eastern,Eastern,614517,megawatthours
2021-06-29,NY,New York,D,Demand,Eastern,Eastern,618929,megawatthours
2021-06-28,NY,New York,D,Demand,Eastern,Eastern,594510,megawatthours
2021-06-27,NY,New York,D,Demand,Eastern,Eastern,510104,megawatthours
2021-06-26,NY,New York,D,Demand,Eastern,Eastern,464480,megawatthours
2021-06-25,NY,New York,D,Demand,Eastern,Eastern,435296,megawatthours
2021-06-24,NY,New York,D,Demand,Eastern,Eastern,411361,megawatthours
2021-06-23,NY,New York,D,Demand,Eastern,Eastern,392962,megawatthours
2021-06-22,NY,New York,D,Demand,Eastern,Eastern,446933,megawatthours
2021-06-21,NY,New York,D,Demand,Eastern,Eastern,531239,megawatthours
2021-06-20,NY,New York,D,Demand,Eastern,Eastern,451424,megawatthours
2021-06-19,NY,New York,D,Demand,Eastern,Eastern,450071,megawatthours
2021-06-18,NY,New York,D,Demand,Eastern,Eastern,423960,megawatthours
2021-06-17,NY,New York,D,Demand,Eastern,Eastern,397991,megawatthours
2021-06-16,NY,New York,D,Demand,Eastern,Eastern,401587,megawatthours
2021-06-15,NY,New York,D,Demand,Eastern,Eastern,425076,megawatthours
2021-06-14,NY,New York,D,Demand,Eastern,Eastern,417920,megawatthours
2021-06-13,NY,New York,D,Demand,Eastern,Eastern,384833,megawatthours
2021-06-12,NY,New York,D,Demand,Eastern,Eastern,383299,megawatthours
2021-06-11,NY,New York,D,Demand,Eastern,Eastern,415274,megawatthours
2021-06-10,NY,New York,D,Demand,Eastern,Eastern,482074,megawatthours
2021-06-09,NY,New York,D,Demand,Eastern,Eastern,545958,megawatthours
2021-06-08,NY,New York,D,Demand,Eastern,Eastern,535458,megawatthours
2021-06-07,NY,New York,D,Demand,Eastern,Eastern,538108,megawatthours
2021-06-06,NY,New York,D,Demand,Eastern,Eastern,480108,megawatthours
2021-06-05,NY,New York,D,Demand,Eastern,Eastern,435041,megawatthours
2021-06-04,NY,New York,D,Demand,Eastern,Eastern,417200,megawatthours
2021-06-03,NY,New York,D,Demand,Eastern,Eastern,394875,megawatthours
2021-06-02,NY,New York,D,Demand,Eastern,Eastern,384575,megawatthours
2021-06-01,NY,New York,D,Demand,Eastern,Eastern,368916,megawatthours
2021-05-31,NY,New York,D,Demand,Eastern,Eastern,331594,megawatthours
2021-05-30,NY,New York,D,Demand,Eastern,Eastern,338613,megawatthours
2021-05-29,NY,New York,D,Demand,Eastern,Eastern,344443,megawatthours
2021-05-28,NY,New York,D,Demand,Eastern,Eastern,376794,megawatthours
2021-05-27,NY,New York,D,Demand,Eastern,Eastern,421184,megawatthours
2021-05-26,NY,New York,D,Demand,Eastern,Eastern,444047,megawatthours
2021-05-25,NY,New York,D,Demand,Eastern,Eastern,395964,megawatthours
2021-05-24,NY,New York,D,Demand,Eastern,Eastern,384548,megawatthours
2021-05-23,NY,New York,D,Demand,Eastern,Eastern,425957,megawatthours
2021-05-22,NY,New York,D,Demand,Eastern,Eastern,406830,megawatthours
2021-05-21,NY,New York,D,Demand,Eastern,Eastern,406843,megawatthours
2021-05-20,NY,New York,D,Demand,Eastern,Eastern,401067,megawatthours
2021-05-19,NY,New York,D,Demand,Eastern,Eastern,403734,megawatthours
2021-05-18,NY,New York,D,Demand,Eastern,Eastern,377601,megawatthours
2021-05-17,NY,New York,D,Demand,Eastern,Eastern,362224,megawatthours
2021-05-16,NY,New York,D,Demand,Eastern,Eastern,327384,megawatthours
2021-05-15,NY,New York,D,Demand,Eastern,Eastern,328050,megawatthours
2021-05-14,NY,New York,D,Demand,Eastern,Eastern,351062,megawatthours
2021-05-13,NY,New York,D,Demand,Eastern,Eastern,350029,megawatthours
2021-05-12,NY,New York,D,Demand,Eastern,Eastern,351423,megawatthours
2021-05-11,NY,New York,D,Demand,Eastern,Eastern,353517,megawatthours
2021-05-10,NY,New York,D,Demand,Eastern,Eastern,356421,megawatthours
2021-05-09,NY,New York,D,Demand,Eastern,Eastern,321625,megawatthours
2021-05-08,NY,New York,D,Demand,Eastern,Eastern,333170,megawatthours
2021-05-07,NY,New York,D,Demand,Eastern,Eastern,348856,megawatthours
2021-05-06,NY,New York,D,Demand,Eastern,Eastern,345402,megawatthours
2021-05-05,NY,New York,D,Demand,Eastern,Eastern,360820,megawatthours
2021-05-04,NY,New York,D,Demand,Eastern,Eastern,358866,megawatthours
2021-05-03,NY,New York,D,Demand,Eastern,Eastern,355985,megawatthours
2021-05-02,NY,New York,D,Demand,Eastern,Eastern,324709,megawatthours
2021-05-01,NY,New York,D,Demand,Eastern,Eastern,326083,megawatthours
2021-04-30,NY,New York,D,Demand,Eastern,Eastern,359708,megawatthours
2021-04-29,NY,New York,D,Demand,Eastern,Eastern,369526,megawatthours
2021-04-28,NY,New York,D,Demand,Eastern,Eastern,357300,megawatthours
2021-04-27,NY,New York,D,Demand,Eastern,Eastern,355317,megawatthours
2021-04-26,NY,New York,D,Demand,Eastern,Eastern,354532,megawatthours
2021-04-25,NY,New York,D,Demand,Eastern,Eastern,329845,megawatthours
2021-04-24,NY,New York,D,Demand,Eastern,Eastern,324378,megawatthours
2021-04-23,NY,New York,D,Demand,Eastern,Eastern,360100,megawatthours
2021-04-22,NY,New York,D,Demand,Eastern,Eastern,382974,megawatthours
2021-04-21,NY,New York,D,Demand,Eastern,Eastern,373686,megawatthours
2021-04-20,NY,New York,D,Demand,Eastern,Eastern,357950,megawatthours
2021-04-19,NY,New York,D,Demand,Eastern,Eastern,350865,megawatthours
2021-04-18,NY,New York,D,Demand,Eastern,Eastern,325231,megawatthours
2021-04-17,NY,New York,D,Demand,Eastern,Eastern,341334,megawatthours
2021-04-16,NY,New York,D,Demand,Eastern,Eastern,373125,megawatthours
2021-04-15,NY,New York,D,Demand,Eastern,Eastern,371205,megawatthours
2021-04-14,NY,New York,D,Demand,Eastern,Eastern,351319,megawatthours
2021-04-13,NY,New York,D,Demand,Eastern,Eastern,355382,megawatthours
2021-04-12,NY,New York,D,Demand,Eastern,Eastern,368415,megawatthours
2021-04-11,NY,New York,D,Demand,Eastern,Eastern,331019,megawatthours
2021-04-10,NY,New York,D,Demand,Eastern,Eastern,324769,megawatthours
2021-04-09,NY,New York,D,Demand,Eastern,Eastern,348447,megawatthours
2021-04-08,NY,New York,D,Demand,Eastern,Eastern,347105,megawatthours
2021-04-07,NY,New York,D,Demand,Eastern,Eastern,349595,megawatthours
2021-04-06,NY,New York,D,Demand,Eastern,Eastern,351856,megawatthours
2021-04-05,NY,New York,D,Demand,Eastern,Eastern,352706,megawatthours
2021-04-04,NY,New York,D,Demand,Eastern,Eastern,329017,megawatthours
2021-04-03,NY,New York,D,Demand,Eastern,Eastern,352411,megawatthours
2021-04-02,NY,New York,D,Demand,Eastern,Eastern,382735,megawatthours
2021-04-01,NY,New York,D,Demand,Eastern,Eastern,378817,megawatthours
2021-03-31,NY,New York,D,Demand,Eastern,Eastern,366803,megawatthours
2021-03-30,NY,New York,D,Demand,Eastern,Eastern,358829,megawatthours
2021-03-29,NY,New York,D,Demand,Eastern,Eastern,366955,megawatthours
2021-03-28,NY,New York,D,Demand,Eastern,Eastern,343406,megawatthours
2021-03-27,NY,New York,D,Demand,Eastern,Eastern,330055,megawatthours
2021-03-26,NY,New York,D,Demand,Eastern,Eastern,357933,megawatthours
2021-03-25,NY,New York,D,Demand,Eastern,Eastern,356242,megawatthours
2021-03-24,NY,New York,D,Demand,Eastern,Eastern,370445,megawatthours
2021-03-23,NY,New York,D,Demand,Eastern,Eastern,360592,megawatthours
2021-03-22,NY,New York,D,Demand,Eastern,Eastern,364768,megawatthours
2021-03-21,NY,New York,D,Demand,Eastern,Eastern,346588,megawatthours
2021-03-20,NY,New York,D,Demand,Eastern,Eastern,365911,megawatthours
2021-03-19,NY,New York,D,Demand,Eastern,Eastern,403090,megawatthours
2021-03-18,NY,New York,D,Demand,Eastern,Eastern,410431,megawatthours
2021-03-17,NY,New York,D,Demand,Eastern,Eastern,406417,megawatthours
2021-03-16,NY,New York,D,Demand,Eastern,Eastern,432976,megawatthours
2021-03-15,NY,New York,D,Demand,Eastern,Eastern,422442,megawatthours
2021-03-14,NY,New York,D,Demand,Eastern,Eastern,352123,megawatthours
2021-03-13,NY,New York,D,Demand,Eastern,Eastern,361434,megawatthours
2021-03-12,NY,New York,D,Demand,Eastern,Eastern,363170,megawatthours
2021-03-11,NY,New York,D,Demand,Eastern,Eastern,372488,megawatthours
2021-03-10,NY,New York,D,Demand,Eastern,Eastern,381957,megawatthours
2021-03-09,NY,New York,D,Demand,Eastern,Eastern,390131,megawatthours
2021-03-08,NY,New York,D,Demand,Eastern,Eastern,420040,megawatthours
2021-03-07,NY,New York,D,Demand,Eastern,Eastern,393435,megawatthours
2021-03-06,NY,New York,D,Demand,Eastern,Eastern,412873,megawatthours
2021-03-05,NY,New York,D,Demand,Eastern,Eastern,428893,megawatthours
2021-03-04,NY,New York,D,Demand,Eastern,Eastern,413658,megawatthours
2021-03-03,NY,New York,D,Demand,Eastern,Eastern,410133,megawatthours
2021-03-02,NY,New York,D,Demand,Eastern,Eastern,437235,megawatthours
2021-03-01,NY,New York,D,Demand,Eastern,Eastern,414947,megawatthours
2021-02-28,NY,New York,D,Demand,Eastern,Eastern,381413,megawatthours
2021-02-27,NY,New York,D,Demand,Eastern,Eastern,389255,megawatthours
2021-02-26,NY,New York,D,Demand,Eastern,Eastern,406528,megawatthours
2021-02-25,NY,New York,D,Demand,Eastern,Eastern,404842,megawatthours
2021-02-24,NY,New York,D,Demand,Eastern,Eastern,405350,megawatthours
2021-02-23,NY,New York,D,Demand,Eastern,Eastern,429113,megawatthours
2021-02-22,NY,New York,D,Demand,Eastern,Eastern,446062,megawatthours
2021-02-21,NY,New York,D,Demand,Eastern,Eastern,413940,megawatthours
2021-02-20,NY,New York,D,Demand,Eastern,Eastern,422977,megawatthours
2021-02-19,NY,New York,D,Demand,Eastern,Eastern,452039,megawatthours
2021-02-18,NY,New York,D,Demand,Eastern,Eastern,461188,megawatthours
2021-02-17,NY,New York,D,Demand,Eastern,Eastern,444978,megawatthours
2021-02-16,NY,New York,D,Demand,Eastern,Eastern,431607,megawatthours
2021-02-15,NY,New York,D,Demand,Eastern,Eastern,438248,megawatthours
2021-02-14,NY,New York,D,Demand,Eastern,Eastern,420995,megawatthours
2021-02-13,NY,New York,D,Demand,Eastern,Eastern,441065,megawatthours
2021-02-12,NY,New York,D,Demand,Eastern,Eastern,462071,megawatthours
2021-02-11,NY,New York,D,Demand,Eastern,Eastern,455649,megawatthours
2021-02-10,NY,New York,D,Demand,Eastern,Eastern,451682,megawatthours
2021-02-09,NY,New York,D,Demand,Eastern,Eastern,461958,megawatthours
2021-02-08,NY,New York,D,Demand,Eastern,Eastern,460103,megawatthours
2021-02-07,NY,New York,D,Demand,Eastern,Eastern,425338,megawatthours
2021-02-06,NY,New York,D,Demand,Eastern,Eastern,406996,megawatthours
2021-02-05,NY,New York,D,Demand,Eastern,Eastern,427449,megawatthours
2021-02-04,NY,New York,D,Demand,Eastern,Eastern,435958,megawatthours
2021-02-03,NY,New York,D,Demand,Eastern,Eastern,451157,megawatthours
2021-02-02,NY,New York,D,Demand,Eastern,Eastern,454581,megawatthours
2021-02-01,NY,New York,D,Demand,Eastern,Eastern,464642,megawatthours
2021-01-31,NY,New York,D,Demand,Eastern,Eastern,451538,megawatthours
2021-01-30,NY,New York,D,Demand,Eastern,Eastern,452002,megawatthours
2021-01-29,NY,New York,D,Demand,Eastern,Eastern,481893,megawatthours
2021-01-28,NY,New York,D,Demand,Eastern,Eastern,457481,megawatthours
2021-01-27,NY,New York,D,Demand,Eastern,Eastern,443123,megawatthours
2021-01-26,NY,New York,D,Demand,Eastern,Eastern,449777,megawatthours
2021-01-25,NY,New York,D,Demand,Eastern,Eastern,446285,megawatthours
2021-01-24,NY,New York,D,Demand,Eastern,Eastern,426810,megawatthours
2021-01-23,NY,New York,D,Demand,Eastern,Eastern,423179,megawatthours
2021-01-22,NY,New York,D,Demand,Eastern,Eastern,425015,megawatthours
2021-01-21,NY,New York,D,Demand,Eastern,Eastern,440899,megawatthours
2021-01-20,NY,New York,D,Demand,Eastern,Eastern,434838,megawatthours
2021-01-19,NY,New York,D,Demand,Eastern,Eastern,427503,megawatthours
2021-01-18,NY,New York,D,Demand,Eastern,Eastern,409343,megawatthours
2021-01-17,NY,New York,D,Demand,Eastern,Eastern,388142,megawatthours
2021-01-16,NY,New York,D,Demand,Eastern,Eastern,391838,megawatthours
2021-01-15,NY,New York,D,Demand,Eastern,Eastern,418092,megawatthours
2021-01-14,NY,New York,D,Demand,Eastern,Eastern,417053,megawatthours
2021-01-13,NY,New York,D,Demand,Eastern,Eastern,428535,megawatthours
2021-01-12,NY,New York,D,Demand,Eastern,Eastern,430982,megawatthours
2021-01-11,NY,New York,D,Demand,Eastern,Eastern,439489,megawatthours
2021-01-10,NY,New York,D,Demand,Eastern,Eastern,407166,megawatthours
2021-01-09,NY,New York,D,Demand,Eastern,Eastern,417297,megawatthours
2021-01-08,NY,New York,D,Demand,Eastern,Eastern,437653,megawatthours
2021-01-07,NY,New York,D,Demand,Eastern,Eastern,429691,megawatthours
2021-01-06,NY,New York,D,Demand,Eastern,Eastern,425229,megawatthours
2021-01-05,NY,New York,D,Demand,Eastern,Eastern,421016,megawatthours
2021-01-04,NY,New York,D,Demand,Eastern,Eastern,419854,megawatthours
2021-01-03,NY,New York,D,Demand,Eastern,Eastern,400773,megawatthours
2021-01-02,NY,New York,D,Demand,Eastern,Eastern,386757,megawatthours
2021-01-01,NY,New York,D,Demand,Eastern,Eastern,394458,megawatthours
2020-12-31,NY,New York,D,Demand,Eastern,Eastern,409804,megawatthours
2020-12-30,NY,New York,D,Demand,Eastern,Eastern,431655,megawatthours
2020-12-29,NY,New York,D,Demand,Eastern,Eastern,425497,megawatthours
2020-12-28,NY,New York,D,Demand,Eastern,Eastern,418723,megawatthours
2020-12-27,NY,New York,D,Demand,Eastern,Eastern,409582,megawatthours
2020-12-26,NY,New York,D,Demand,Eastern,Eastern,414776,megawatthours
2020-12-25,NY,New York,D,Demand,Eastern,Eastern,374831,megawatthours
2020-12-24,NY,New York,D,Demand,Eastern,Eastern,395338,megawatthours
2020-12-23,NY,New York,D,Demand,Eastern,Eastern,423610,megawatthours
2020-12-22,NY,New York,D,Demand,Eastern,Eastern,425866,megawatthours
2020-12-21,NY,New York,D,Demand,Eastern,Eastern,429495,megawatthours
2020-12-20,NY,New York,D,Demand,Eastern,Eastern,421354,megawatthours
2020-12-19,NY,New York,D,Demand,Eastern,Eastern,440992,megawatthours
2020-12-18,NY,New York,D,Demand,Eastern,Eastern,459992,megawatthours
2020-12-17,NY,New York,D,Demand,Eastern,Eastern,456506,megawatthours
2020-12-16,NY,New York,D,Demand,Eastern,Eastern,462739,megawatthours
2020-12-15,NY,New York,D,Demand,Eastern,Eastern,433832,megawatthours
2020-12-14,NY,New York,D,Demand,Eastern,Eastern,421772,megawatthours
2020-12-13,NY,New York,D,Demand,Eastern,Eastern,370036,megawatthours
2020-12-12,NY,New York,D,Demand,Eastern,Eastern,384119,megawatthours
2020-12-11,NY,New York,D,Demand,Eastern,Eastern,405539,megawatthours
2020-12-10,NY,New York,D,Demand,Eastern,Eastern,417418,megawatthours
2020-12-09,NY,New York,D,Demand,Eastern,Eastern,437546,megawatthours
2020-12-08,NY,New York,D,Demand,Eastern,Eastern,439286,megawatthours
2020-12-07,NY,New York,D,Demand,Eastern,Eastern,427538,megawatthours
2020-12-06,NY,New York,D,Demand,Eastern,Eastern,393226,megawatthours
2020-12-05,NY,New York,D,Demand,Eastern,Eastern,388790,megawatthours
2020-12-04,NY,New York,D,Demand,Eastern,Eastern,400374,megawatthours
2020-12-03,NY,New York,D,Demand,Eastern,Eastern,405187,megawatthours
2020-12-02,NY,New York,D,Demand,Eastern,Eastern,413585,megawatthours
2020-12-01,NY,New York,D,Demand,Eastern,Eastern,391636,megawatthours
2020-11-30,NY,New York,D,Demand,Eastern,Eastern,397672,megawatthours
2020-11-29,NY,New York,D,Demand,Eastern,Eastern,357775,megawatthours
2020-11-28,NY,New York,D,Demand,Eastern,Eastern,356781,megawatthours
2020-11-27,NY,New York,D,Demand,Eastern,Eastern,353285,megawatthours
2020-11-26,NY,New York,D,Demand,Eastern,Eastern,354877,megawatthours
2020-11-25,NY,New York,D,Demand,Eastern,Eastern,392693,megawatthours
2020-11-24,NY,New York,D,Demand,Eastern,Eastern,396220,megawatthours
2020-11-23,NY,New York,D,Demand,Eastern,Eastern,390956,megawatthours
2020-11-22,NY,New York,D,Demand,Eastern,Eastern,368526,megawatthours
2020-11-21,NY,New York,D,Demand,Eastern,Eastern,354913,megawatthours
2020-11-20,NY,New York,D,Demand,Eastern,Eastern,377500,megawatthours
2020-11-19,NY,New York,D,Demand,Eastern,Eastern,407893,megawatthours
2020-11-18,NY,New York,D,Demand,Eastern,Eastern,417364,megawatthours
2020-11-17,NY,New York,D,Demand,Eastern,Eastern,401069,megawatthours
2020-11-16,NY,New York,D,Demand,Eastern,Eastern,383362,megawatthours
2020-11-15,NY,New York,D,Demand,Eastern,Eastern,360657,megawatthours
2020-11-14,NY,New York,D,Demand,Eastern,Eastern,359465,megawatthours
2020-11-13,NY,New York,D,Demand,Eastern,Eastern,386797,megawatthours
2020-11-12,NY,New York,D,Demand,Eastern,Eastern,381135,megawatthours
2020-11-11,NY,New York,D,Demand,Eastern,Eastern,378257,megawatthours
2020-11-10,NY,New York,D,Demand,Eastern,Eastern,372050,megawatthours
2020-11-09,NY,New York,D,Demand,Eastern,Eastern,368160,megawatthours
2020-11-08,NY,New York,D,Demand,Eastern,Eastern,336662,megawatthours
2020-11-07,NY,New York,D,Demand,Eastern,Eastern,341890,megawatthours
2020-11-06,NY,New York,D,Demand,Eastern,Eastern,367269,megawatthours
2020-11-05,NY,New York,D,Demand,Eastern,Eastern,374554,megawatthours
2020-11-04,NY,New York,D,Demand,Eastern,Eastern,385107,megawatthours
2020-11-03,NY,New York,D,Demand,Eastern,Eastern,398826,megawatthours
2020-11-02,NY,New York,D,Demand,Eastern,Eastern,404530,megawatthours
2020-11-01,NY,New York,D,Demand,Eastern,Eastern,383759,megawatthours
2020-10-31,NY,New York,D,Demand,Eastern,Eastern,368979,megawatthours
2020-10-30,NY,New York,D,Demand,Eastern,Eastern,397989,megawatthours
2020-10-29,NY,New York,D,Demand,Eastern,Eastern,390508,megawatthours
2020-10-28,NY,New York,D,Demand,Eastern,Eastern,382536,megawatthours
2020-10-27,NY,New York,D,Demand,Eastern,Eastern,378156,megawatthours
2020-10-26,NY,New York,D,Demand,Eastern,Eastern,382988,megawatthours
2020-10-25,NY,New York,D,Demand,Eastern,Eastern,343680,megawatthours
2020-10-24,NY,New York,D,Demand,Eastern,Eastern,351243,megawatthours
2020-10-23,NY,New York,D,Demand,Eastern,Eastern,380120,megawatthours
2020-10-22,NY,New York,D,Demand,Eastern,Eastern,384146,megawatthours
2020-10-21,NY,New York,D,Demand,Eastern,Eastern,380997,megawatthours
2020-10-20,NY,New York,D,Demand,Eastern,Eastern,378932,megawatthours
2020-10-19,NY,New York,D,Demand,Eastern,Eastern,371610,megawatthours
2020-10-18,NY,New York,D,Demand,Eastern,Eastern,340508,megawatthours
2020-10-17,NY,New York,D,Demand,Eastern,Eastern,341083,megawatthours
2020-10-16,NY,New York,D,Demand,Eastern,Eastern,376725,megawatthours
2020-10-15,NY,New York,D,Demand,Eastern,Eastern,371138,megawatthours
2020-10-14,NY,New York,D,Demand,Eastern,Eastern,364062,megawatthours
2020-10-13,NY,New York,D,Demand,Eastern,Eastern,372711,megawatthours
2020-10-12,NY,New York,D,Demand,Eastern,Eastern,366810,megawatthours
2020-10-11,NY,New York,D,Demand,Eastern,Eastern,337765,megawatthours
2020-10-10,NY,New York,D,Demand,Eastern,Eastern,346165,megawatthours
2020-10-09,NY,New York,D,Demand,Eastern,Eastern,360226,megawatthours
2020-10-08,NY,New York,D,Demand,Eastern,Eastern,360432,megawatthours
2020-10-07,NY,New York,D,Demand,Eastern,Eastern,373802,megawatthours
2020-10-06,NY,New York,D,Demand,Eastern,Eastern,369584,megawatthours
2020-10-05,NY,New York,D,Demand,Eastern,Eastern,369120,megawatthours
2020-10-04,NY,New York,D,Demand,Eastern,Eastern,337140,megawatthours
2020-10-03,NY,New York,D,Demand,Eastern,Eastern,338230,megawatthours
2020-10-02,NY,New York,D,Demand,Eastern,Eastern,369260,megawatthours
2020-10-01,NY,New York,D,Demand,Eastern,Eastern,377009,megawatthours
2020-09-30,NY,New York,D,Demand,Eastern,Eastern,390493,megawatthours
2020-09-29,NY,New York,D,Demand,Eastern,Eastern,422852,megawatthours
2020-09-28,NY,New York,D,Demand,Eastern,Eastern,435307,megawatthours
2020-09-27,NY,New York,D,Demand,Eastern,Eastern,394631,megawatthours
2020-09-26,NY,New York,D,Demand,Eastern,Eastern,374133,megawatthours
2020-09-25,NY,New York,D,Demand,Eastern,Eastern,395374,megawatthours
2020-09-24,NY,New York,D,Demand,Eastern,Eastern,388222,megawatthours
2020-09-23,NY,New York,D,Demand,Eastern,Eastern,378242,megawatthours
2020-09-22,NY,New York,D,Demand,Eastern,Eastern,362793,megawatthours
2020-09-21,NY,New York,D,Demand,Eastern,Eastern,359453,megawatthours
2020-09-20,NY,New York,D,Demand,Eastern,Eastern,326551,megawatthours
2020-09-19,NY,New York,D,Demand,Eastern,Eastern,330142,megawatthours
2020-09-18,NY,New York,D,Demand,Eastern,Eastern,377325,megawatthours
2020-09-17,NY,New York,D,Demand,Eastern,Eastern,396564,megawatthours
2020-09-16,NY,New York,D,Demand,Eastern,Eastern,374388,megawatthours
2020-09-15,NY,New York,D,Demand,Eastern,Eastern,368274,megawatthours
2020-09-14,NY,New York,D,Demand,Eastern,Eastern,409808,megawatthours
2020-09-13,NY,New York,D,Demand,Eastern,Eastern,381824,megawatthours
2020-09-12,NY,New York,D,Demand,Eastern,Eastern,368403,megawatthours
2020-09-11,NY,New York,D,Demand,Eastern,Eastern,442151,megawatthours
2020-09-10,NY,New York,D,Demand,Eastern,Eastern,498260,megawatthours
2020-09-09,NY,New York,D,Demand,Eastern,Eastern,479793,megawatthours
2020-09-08,NY,New York,D,Demand,Eastern,Eastern,472367,megawatthours
2020-09-07,NY,New York,D,Demand,Eastern,Eastern,416752,megawatthours
2020-09-06,NY,New York,D,Demand,Eastern,Eastern,395508,megawatthours
2020-09-05,NY,New York,D,Demand,Eastern,Eastern,397321,megawatthours
2020-09-04,NY,New York,D,Demand,Eastern,Eastern,474323,megawatthours
2020-09-03,NY,New York,D,Demand,Eastern,Eastern,488441,megawatthours
2020-09-02,NY,New York,D,Demand,Eastern,Eastern,479008,megawatthours
2020-09-01,NY,New York,D,Demand,Eastern,Eastern,450704,megawatthours
2020-08-31,NY,New York,D,Demand,Eastern,Eastern,419440,megawatthours
2020-08-30,NY,New York,D,Demand,Eastern,Eastern,406151,megawatthours
2020-08-29,NY,New York,D,Demand,Eastern,Eastern,467998,megawatthours
2020-08-28,NY,New York,D,Demand,Eastern,Eastern,488871,megawatthours
2020-08-27,NY,New York,D,Demand,Eastern,Eastern,492221,megawatthours
2020-08-26,NY,New York,D,Demand,Eastern,Eastern,445425,megawatthours
2020-08-25,NY,New York,D,Demand,Eastern,Eastern,544676,megawatthours
2020-08-24,NY,New York,D,Demand,Eastern,Eastern,560478,megawatthours
2020-08-23,NY,New York,D,Demand,Eastern,Eastern,494350,megawatthours
2020-08-22,NY,New York,D,Demand,Eastern,Eastern,488545,megawatthours
2020-08-21,NY,New York,D,Demand,Eastern,Eastern,469932,megawatthours
2020-08-20,NY,New York,D,Demand,Eastern,Eastern,430165,megawatthours
2020-08-19,NY,New York,D,Demand,Eastern,Eastern,437148,megawatthours
2020-08-18,NY,New York,D,Demand,Eastern,Eastern,459762,megawatthours
2020-08-17,NY,New York,D,Demand,Eastern,Eastern,452051,megawatthours
2020-08-16,NY,New York,D,Demand,Eastern,Eastern,420784,megawatthours
2020-08-15,NY,New York,D,Demand,Eastern,Eastern,466205,megawatthours
2020-08-14,NY,New York,D,Demand,Eastern,Eastern,524632,megawatthours
2020-08-13,NY,New York,D,Demand,Eastern,Eastern,526121,megawatthours
2020-08-12,NY,New York,D,Demand,Eastern,Eastern,569205,megawatthours
2020-08-11,NY,New York,D,Demand,Eastern,Eastern,586464,megawatthours
2020-08-10,NY,New York,D,Demand,Eastern,Eastern,577610,megawatthours
2020-08-09,NY,New York,D,Demand,Eastern,Eastern,485315,megawatthours
2020-08-08,NY,New York,D,Demand,Eastern,Eastern,459416,megawatthours
2020-08-07,NY,New York,D,Demand,Eastern,Eastern,458152,megawatthours
2020-08-06,NY,New York,D,Demand,Eastern,Eastern,459526,megawatthours
2020-08-05,NY,New York,D,Demand,Eastern,Eastern,476606,megawatthours
2020-08-04,NY,New York,D,Demand,Eastern,Eastern,490292,megawatthours
2020-08-03,NY,New York,D,Demand,Eastern,Eastern,564260,megawatthours
2020-08-02,NY,New York,D,Demand,Eastern,Eastern,532933,megawatthours
2020-08-01,NY,New York,D,Demand,Eastern,Eastern,502101,megawatthours
2020-07-31,NY,New York,D,Demand,Eastern,Eastern,515962,megawatthours
2020-07-30,NY,New York,D,Demand,Eastern,Eastern,564827,megawatthours
2020-07-29,NY,New York,D,Demand,Eastern,Eastern,569606,megawatthours
2020-07-28,NY,New York,D,Demand,Eastern,Eastern,610363,megawatthours
2020-07-27,NY,New York,D,Demand,Eastern,Eastern,606105,megawatthours
2020-07-26,NY,New York,D,Demand,Eastern,Eastern,542869,megawatthours
2020-07-25,NY,New York,D,Demand,Eastern,Eastern,515492,megawatthours
2020-07-24,NY,New York,D,Demand,Eastern,Eastern,524058,megawatthours
2020-07-23,NY,New York,D,Demand,Eastern,Eastern,563358,megawatthours
2020-07-22,NY,New York,D,Demand,Eastern,Eastern,573146,megawatthours
2020-07-21,NY,New York,D,Demand,Eastern,Eastern,569133,megawatthours
2020-07-20,NY,New York,D,Demand,Eastern,Eastern,607949,megawatthours
2020-07-19,NY,New York,D,Demand,Eastern,Eastern,547632,megawatthours
2020-07-18,NY,New York,D,Demand,Eastern,Eastern,510991,megawatthours
2020-07-17,NY,New York,D,Demand,Eastern,Eastern,487883,megawatthours
2020-07-16,NY,New York,D,Demand,Eastern,Eastern,477647,megawatthours
2020-07-15,NY,New York,D,Demand,Eastern,Eastern,500716,megawatthours
2020-07-14,NY,New York,D,Demand,Eastern,Eastern,507747,megawatthours
2020-07-13,NY,New York,D,Demand,Eastern,Eastern,522728,megawatthours
2020-07-12,NY,New York,D,Demand,Eastern,Eastern,490645,megawatthours
2020-07-11,NY,New York,D,Demand,Eastern,Eastern,505563,megawatthours
2020-07-10,NY,New York,D,Demand,Eastern,Eastern,538624,megawatthours
2020-07-09,NY,New York,D,Demand,Eastern,Eastern,568242,megawatthours
2020-07-08,NY,New York,D,Demand,Eastern,Eastern,546111,megawatthours
2020-07-07,NY,New York,D,Demand,Eastern,Eastern,518063,megawatthours
2020-07-06,NY,New York,D,Demand,Eastern,Eastern,534612,megawatthours
2020-07-05,NY,New York,D,Demand,Eastern,Eastern,481033,megawatthours
2020-07-04,NY,New York,D,Demand,Eastern,Eastern,460584,megawatthours
2020-07-03,NY,New York,D,Demand,Eastern,Eastern,506370,megawatthours
2020-07-02,NY,New York,D,Demand,Eastern,Eastern,504550,megawatthours
2020-07-01,NY,New York,D,Demand,Eastern,Eastern,466835,megawatthours
2020-06-30,NY,New York,D,Demand,Eastern,Eastern,462231,megawatthours
2020-06-29,NY,New York,D,Demand,Eastern,Eastern,491415,megawatthours
2020-06-28,NY,New York,D,Demand,Eastern,Eastern,460176,megawatthours
2020-06-27,NY,New York,D,Demand,Eastern,Eastern,435377,megawatthours
2020-06-26,NY,New York,D,Demand,Eastern,Eastern,471196,megawatthours
2020-06-25,NY,New York,D,Demand,Eastern,Eastern,464667,megawatthours
2020-06-24,NY,New York,D,Demand,Eastern,Eastern,493863,megawatthours
2020-06-23,NY,New York,D,Demand,Eastern,Eastern,528120,megawatthours
2020-06-22,NY,New York,D,Demand,Eastern,Eastern,529362,megawatthours
2020-06-21,NY,New York,D,Demand,Eastern,Eastern,467528,megawatthours
2020-06-20,NY,New York,D,Demand,Eastern,Eastern,454682,megawatthours
2020-06-19,NY,New York,D,Demand,Eastern,Eastern,459477,megawatthours
2020-06-18,NY,New York,D,Demand,Eastern,Eastern,437800,megawatthours
2020-06-17,NY,New York,D,Demand,Eastern,Eastern,405260,megawatthours
2020-06-16,NY,New York,D,Demand,Eastern,Eastern,386066,megawatthours
2020-06-15,NY,New York,D,Demand,Eastern,Eastern,373907,megawatthours
2020-06-14,NY,New York,D,Demand,Eastern,Eastern,337827,megawatthours
2020-06-13,NY,New York,D,Demand,Eastern,Eastern,357046,megawatthours
2020-06-12,NY,New York,D,Demand,Eastern,Eastern,428356,megawatthours
2020-06-11,NY,New York,D,Demand,Eastern,Eastern,459278,megawatthours
2020-06-10,NY,New York,D,Demand,Eastern,Eastern,479478,megawatthours
2020-06-09,NY,New York,D,Demand,Eastern,Eastern,435300,megawatthours
2020-06-08,NY,New York,D,Demand,Eastern,Eastern,383467,megawatthours
2020-06-07,NY,New York,D,Demand,Eastern,Eastern,356636,megawatthours
2020-06-06,NY,New York,D,Demand,Eastern,Eastern,422362,megawatthours
2020-06-05,NY,New York,D,Demand,Eastern,Eastern,437673,megawatthours
2020-06-04,NY,New York,D,Demand,Eastern,Eastern,421995,megawatthours
2020-06-03,NY,New York,D,Demand,Eastern,Eastern,387358,megawatthours
2020-06-02,NY,New York,D,Demand,Eastern,Eastern,354817,megawatthours
2020-06-01,NY,New York,D,Demand,Eastern,Eastern,342877,megawatthours
2020-05-31,NY,New York,D,Demand,Eastern,Eastern,325062,megawatthours
2020-05-30,NY,New York,D,Demand,Eastern,Eastern,368260,megawatthours
2020-05-29,NY,New York,D,Demand,Eastern,Eastern,415414,megawatthours
2020-05-28,NY,New York,D,Demand,Eastern,Eastern,406851,megawatthours
2020-05-27,NY,New York,D,Demand,Eastern,Eastern,409021,megawatthours
2020-05-26,NY,New York,D,Demand,Eastern,Eastern,392903,megawatthours
2020-05-25,NY,New York,D,Demand,Eastern,Eastern,339453,megawatthours
2020-05-24,NY,New York,D,Demand,Eastern,Eastern,321627,megawatthours
2020-05-23,NY,New York,D,Demand,Eastern,Eastern,342404,megawatthours
2020-05-22,NY,New York,D,Demand,Eastern,Eastern,347239,megawatthours
2020-05-21,NY,New York,D,Demand,Eastern,Eastern,332967,megawatthours
2020-05-20,NY,New York,D,Demand,Eastern,Eastern,331513,megawatthours
2020-05-19,NY,New York,D,Demand,Eastern,Eastern,332387,megawatthours
2020-05-18,NY,New York,D,Demand,Eastern,Eastern,338796,megawatthours
2020-05-17,NY,New York,D,Demand,Eastern,Eastern,314957,megawatthours
2020-05-16,NY,New York,D,Demand,Eastern,Eastern,329775,megawatthours
2020-05-15,NY,New York,D,Demand,Eastern,Eastern,349492,megawatthours
2020-05-14,NY,New York,D,Demand,Eastern,Eastern,337978,megawatthours
2020-05-13,NY,New York,D,Demand,Eastern,Eastern,339307,megawatthours
2020-05-12,NY,New York,D,Demand,Eastern,Eastern,346632,megawatthours
2020-05-11,NY,New York,D,Demand,Eastern,Eastern,349356,megawatthours
2020-05-10,NY,New York,D,Demand,Eastern,Eastern,322396,megawatthours
2020-05-09,NY,New York,D,Demand,Eastern,Eastern,344123,megawatthours
2020-05-08,NY,New York,D,Demand,Eastern,Eastern,346524,megawatthours
2020-05-07,NY,New York,D,Demand,Eastern,Eastern,335328,megawatthours
2020-05-06,NY,New York,D,Demand,Eastern,Eastern,344727,megawatthours
2020-05-05,NY,New York,D,Demand,Eastern,Eastern,332300,megawatthours
2020-05-04,NY,New York,D,Demand,Eastern,Eastern,337291,megawatthours
2020-05-03,NY,New York,D,Demand,Eastern,Eastern,308151,megawatthours
2020-05-02,NY,New York,D,Demand,Eastern,Eastern,310851,megawatthours
2020-05-01,NY,New York,D,Demand,Eastern,Eastern,339664,megawatthours
2020-04-30,NY,New York,D,Demand,Eastern,Eastern,350924,megawatthours
2020-04-29,NY,New York,D,Demand,Eastern,Eastern,345988,megawatthours
2020-04-28,NY,New York,D,Demand,Eastern,Eastern,337534,megawatthours
2020-04-27,NY,New York,D,Demand,Eastern,Eastern,356112,megawatthours
2020-04-26,NY,New York,D,Demand,Eastern,Eastern,335571,megawatthours
2020-04-25,NY,New York,D,Demand,Eastern,Eastern,317807,megawatthours
2020-04-24,NY,New York,D,Demand,Eastern,Eastern,358646,megawatthours
2020-04-23,NY,New York,D,Demand,Eastern,Eastern,361849,megawatthours
2020-04-22,NY,New York,D,Demand,Eastern,Eastern,359643,megawatthours
2020-04-21,NY,New York,D,Demand,Eastern,Eastern,358177,megawatthours
2020-04-20,NY,New York,D,Demand,Eastern,Eastern,339649,megawatthours
2020-04-19,NY,New York,D,Demand,Eastern,Eastern,325658,megawatthours
2020-04-18,NY,New York,D,Demand,Eastern,Eastern,345884,megawatthours
2020-04-17,NY,New York,D,Demand,Eastern,Eastern,356150,megawatthours
2020-04-16,NY,New York,D,Demand,Eastern,Eastern,353853,megawatthours
2020-04-15,NY,New York,D,Demand,Eastern,Eastern,345929,megawatthours
2020-04-14,NY,New York,D,Demand,Eastern,Eastern,340531,megawatthours
2020-04-13,NY,New York,D,Demand,Eastern,Eastern,348042,megawatthours
2020-04-12,NY,New York,D,Demand,Eastern,Eastern,324822,megawatthours
2020-04-11,NY,New York,D,Demand,Eastern,Eastern,333834,megawatthours
2020-04-10,NY,New York,D,Demand,Eastern,Eastern,357981,megawatthours
2020-04-09,NY,New York,D,Demand,Eastern,Eastern,352504,megawatthours
2020-04-08,NY,New York,D,Demand,Eastern,Eastern,338419,megawatthours
2020-04-07,NY,New York,D,Demand,Eastern,Eastern,331020,megawatthours
2020-04-06,NY,New York,D,Demand,Eastern,Eastern,333526,megawatthours
2020-04-05,NY,New York,D,Demand,Eastern,Eastern,321898,megawatthours
2020-04-04,NY,New York,D,Demand,Eastern,Eastern,328054,megawatthours
2020-04-03,NY,New York,D,Demand,Eastern,Eastern,358318,megawatthours
2020-04-02,NY,New York,D,Demand,Eastern,Eastern,351628,megawatthours
2020-04-01,NY,New York,D,Demand,Eastern,Eastern,349971,megawatthours
2020-03-31,NY,New York,D,Demand,Eastern,Eastern,361358,megawatthours
2020-03-30,NY,New York,D,Demand,Eastern,Eastern,361216,megawatthours
2020-03-29,NY,New York,D,Demand,Eastern,Eastern,344658,megawatthours
2020-03-28,NY,New York,D,Demand,Eastern,Eastern,347609,megawatthours
2020-03-27,NY,New York,D,Demand,Eastern,Eastern,339755,megawatthours
2020-03-26,NY,New York,D,Demand,Eastern,Eastern,355344,megawatthours
2020-03-25,NY,New York,D,Demand,Eastern,Eastern,374212,megawatthours
2020-03-24,NY,New York,D,Demand,Eastern,Eastern,371179,megawatthours
2020-03-23,NY,New York,D,Demand,Eastern,Eastern,395706,megawatthours
2020-03-22,NY,New York,D,Demand,Eastern,Eastern,352376,megawatthours
2020-03-21,NY,New York,D,Demand,Eastern,Eastern,343949,megawatthours
2020-03-20,NY,New York,D,Demand,Eastern,Eastern,367884,megawatthours
2020-03-19,NY,New York,D,Demand,Eastern,Eastern,380107,megawatthours
2020-03-18,NY,New York,D,Demand,Eastern,Eastern,376854,megawatthours
2020-03-17,NY,New York,D,Demand,Eastern,Eastern,394858,megawatthours
2020-03-16,NY,New York,D,Demand,Eastern,Eastern,391246,megawatthours
2020-03-15,NY,New York,D,Demand,Eastern,Eastern,353826,megawatthours
2020-03-14,NY,New York,D,Demand,Eastern,Eastern,362292,megawatthours
2020-03-13,NY,New York,D,Demand,Eastern,Eastern,384709,megawatthours
2020-03-12,NY,New York,D,Demand,Eastern,Eastern,394063,megawatthours
2020-03-11,NY,New York,D,Demand,Eastern,Eastern,384731,megawatthours
2020-03-10,NY,New York,D,Demand,Eastern,Eastern,382426,megawatthours
2020-03-09,NY,New York,D,Demand,Eastern,Eastern,376289,megawatthours
2020-03-08,NY,New York,D,Demand,Eastern,Eastern,350689,megawatthours
2020-03-07,NY,New York,D,Demand,Eastern,Eastern,380774,megawatthours
2020-03-06,NY,New York,D,Demand,Eastern,Eastern,408751,megawatthours
2020-03-05,NY,New York,D,Demand,Eastern,Eastern,393813,megawatthours
2020-03-04,NY,New York,D,Demand,Eastern,Eastern,393351,megawatthours
2020-03-03,NY,New York,D,Demand,Eastern,Eastern,391910,megawatthours
2020-03-02,NY,New York,D,Demand,Eastern,Eastern,404208,megawatthours
2020-03-01,NY,New York,D,Demand,Eastern,Eastern,397138,megawatthours
2020-02-29,NY,New York,D,Demand,Eastern,Eastern,414052,megawatthours
2020-02-28,NY,New York,D,Demand,Eastern,Eastern,434930,megawatthours
2020-02-27,NY,New York,D,Demand,Eastern,Eastern,422754,megawatthours
2020-02-26,NY,New York,D,Demand,Eastern,Eastern,410856,megawatthours
2020-02-25,NY,New York,D,Demand,Eastern,Eastern,403968,megawatthours
2020-02-24,NY,New York,D,Demand,Eastern,Eastern,396988,megawatthours
2020-02-23,NY,New York,D,Demand,Eastern,Eastern,376711,megawatthours
2020-02-22,NY,New York,D,Demand,Eastern,Eastern,397737,megawatthours
2020-02-21,NY,New York,D,Demand,Eastern,Eastern,440743,megawatthours
2020-02-20,NY,New York,D,Demand,Eastern,Eastern,438932,megawatthours
2020-02-19,NY,New York,D,Demand,Eastern,Eastern,416059,megawatthours
2020-02-18,NY,New York,D,Demand,Eastern,Eastern,428817,megawatthours
2020-02-17,NY,New York,D,Demand,Eastern,Eastern,406172,megawatthours
2020-02-16,NY,New York,D,Demand,Eastern,Eastern,402422,megawatthours
2020-02-15,NY,New York,D,Demand,Eastern,Eastern,436670,megawatthours
2020-02-14,NY,New York,D,Demand,Eastern,Eastern,441719,megawatthours
2020-02-13,NY,New York,D,Demand,Eastern,Eastern,428721,megawatthours
2020-02-12,NY,New York,D,Demand,Eastern,Eastern,415697,megawatthours
2020-02-11,NY,New York,D,Demand,Eastern,Eastern,419608,megawatthours
2020-02-10,NY,New York,D,Demand,Eastern,Eastern,425057,megawatthours
2020-02-09,NY,New York,D,Demand,Eastern,Eastern,407441,megawatthours
2020-02-08,NY,New York,D,Demand,Eastern,Eastern,415093,megawatthours
2020-02-07,NY,New York,D,Demand,Eastern,Eastern,431139,megawatthours
2020-02-06,NY,New York,D,Demand,Eastern,Eastern,433669,megawatthours
2020-02-05,NY,New York,D,Demand,Eastern,Eastern,420674,megawatthours
2020-02-04,NY,New York,D,Demand,Eastern,Eastern,415349,megawatthours
2020-02-03,NY,New York,D,Demand,Eastern,Eastern,410942,megawatthours
2020-02-02,NY,New York,D,Demand,Eastern,Eastern,394120,megawatthours
2020-02-01,NY,New York,D,Demand,Eastern,Eastern,402350,megawatthours
2020-01-31,NY,New York,D,Demand,Eastern,Eastern,434227,megawatthours
2020-01-30,NY,New York,D,Demand,Eastern,Eastern,443703,megawatthours
2020-01-29,NY,New York,D,Demand,Eastern,Eastern,432528,megawatthours
2020-01-28,NY,New York,D,Demand,Eastern,Eastern,427454,megawatthours
2020-01-27,NY,New York,D,Demand,Eastern,Eastern,423957,megawatthours
2020-01-26,NY,New York,D,Demand,Eastern,Eastern,389926,megawatthours
2020-01-25,NY,New York,D,Demand,Eastern,Eastern,402991,megawatthours
2020-01-24,NY,New York,D,Demand,Eastern,Eastern,419874,megawatthours
2020-01-23,NY,New York,D,Demand,Eastern,Eastern,439472,megawatthours
2020-01-22,NY,New York,D,Demand,Eastern,Eastern,450860,megawatthours
2020-01-21,NY,New York,D,Demand,Eastern,Eastern,466474,megawatthours
2020-01-20,NY,New York,D,Demand,Eastern,Eastern,455573,megawatthours
2020-01-19,NY,New York,D,Demand,Eastern,Eastern,412874,megawatthours
2020-01-18,NY,New York,D,Demand,Eastern,Eastern,449093,megawatthours
2020-01-17,NY,New York,D,Demand,Eastern,Eastern,457882,megawatthours
2020-01-16,NY,New York,D,Demand,Eastern,Eastern,424414,megawatthours
2020-01-15,NY,New York,D,Demand,Eastern,Eastern,408105,megawatthours
2020-01-14,NY,New York,D,Demand,Eastern,Eastern,418257,megawatthours
2020-01-13,NY,New York,D,Demand,Eastern,Eastern,419733,megawatthours
2020-01-12,NY,New York,D,Demand,Eastern,Eastern,366821,megawatthours
2020-01-11,NY,New York,D,Demand,Eastern,Eastern,374525,megawatthours
2020-01-10,NY,New York,D,Demand,Eastern,Eastern,430162,megawatthours
2020-01-09,NY,New York,D,Demand,Eastern,Eastern,457121,megawatthours
2020-01-08,NY,New York,D,Demand,Eastern,Eastern,441775,megawatthours
2020-01-07,NY,New York,D,Demand,Eastern,Eastern,432730,megawatthours
2020-01-06,NY,New York,D,Demand,Eastern,Eastern,432354,megawatthours
2020-01-05,NY,New York,D,Demand,Eastern,Eastern,396540,megawatthours
2020-01-04,NY,New York,D,Demand,Eastern,Eastern,389879,megawatthours
2020-01-03,NY,New York,D,Demand,Eastern,Eastern,411481,megawatthours
2020-01-02,NY,New York,D,Demand,Eastern,Eastern,416985,megawatthours
2020-01-01,NY,New York,D,Demand,Eastern,Eastern,395316,megawatthours
2019-12-31,NY,New York,D,Demand,Eastern,Eastern,410989,megawatthours
2019-12-30,NY,New York,D,Demand,Eastern,Eastern,420037,megawatthours
2019-12-29,NY,New York,D,Demand,Eastern,Eastern,390901,megawatthours
2019-12-28,NY,New York,D,Demand,Eastern,Eastern,384433,megawatthours
2019-12-27,NY,New York,D,Demand,Eastern,Eastern,406015,megawatthours
2019-12-26,NY,New York,D,Demand,Eastern,Eastern,416436,megawatthours
2019-12-25,NY,New York,D,Demand,Eastern,Eastern,381509,megawatthours
2019-12-24,NY,New York,D,Demand,Eastern,Eastern,401197,megawatthours
2019-12-23,NY,New York,D,Demand,Eastern,Eastern,417803,megawatthours
2019-12-22,NY,New York,D,Demand,Eastern,Eastern,415524,megawatthours
2019-12-21,NY,New York,D,Demand,Eastern,Eastern,445670,megawatthours
2019-12-20,NY,New York,D,Demand,Eastern,Eastern,475219,megawatthours
2019-12-19,NY,New York,D,Demand,Eastern,Eastern,488773,megawatthours
2019-12-18,NY,New York,D,Demand,Eastern,Eastern,458175,megawatthours
2019-12-17,NY,New York,D,Demand,Eastern,Eastern,455122,megawatthours
2019-12-16,NY,New York,D,Demand,Eastern,Eastern,444484,megawatthours
2019-12-15,NY,New York,D,Demand,Eastern,Eastern,401094,megawatthours
2019-12-14,NY,New York,D,Demand,Eastern,Eastern,397589,megawatthours
2019-12-13,NY,New York,D,Demand,Eastern,Eastern,439592,megawatthours
2019-12-12,NY,New York,D,Demand,Eastern,Eastern,453983,megawatthours
2019-12-11,NY,New York,D,Demand,Eastern,Eastern,444287,megawatthours
2019-12-10,NY,New York,D,Demand,Eastern,Eastern,417917,megawatthours
2019-12-09,NY,New York,D,Demand,Eastern,Eastern,426759,megawatthours
2019-12-08,NY,New York,D,Demand,Eastern,Eastern,416972,megawatthours
2019-12-07,NY,New York,D,Demand,Eastern,Eastern,416930,megawatthours
2019-12-06,NY,New York,D,Demand,Eastern,Eastern,436053,megawatthours
2019-12-05,NY,New York,D,Demand,Eastern,Eastern,437644,megawatthours
2019-12-04,NY,New York,D,Demand,Eastern,Eastern,442241,megawatthours
2019-12-03,NY,New York,D,Demand,Eastern,Eastern,444219,megawatthours
2019-12-02,NY,New York,D,Demand,Eastern,Eastern,444670,megawatthours
2019-12-01,NY,New York,D,Demand,Eastern,Eastern,419349,megawatthours
2019-11-30,NY,New York,D,Demand,Eastern,Eastern,395083,megawatthours
2019-11-29,NY,New York,D,Demand,Eastern,Eastern,396538,megawatthours
2019-11-28,NY,New York,D,Demand,Eastern,Eastern,370764,megawatthours
2019-11-27,NY,New York,D,Demand,Eastern,Eastern,401617,megawatthours
2019-11-26,NY,New York,D,Demand,Eastern,Eastern,399668,megawatthours
2019-11-25,NY,New York,D,Demand,Eastern,Eastern,407014,megawatthours
2019-11-24,NY,New York,D,Demand,Eastern,Eastern,389949,megawatthours
2019-11-23,NY,New York,D,Demand,Eastern,Eastern,388442,megawatthours
2019-11-22,NY,New York,D,Demand,Eastern,Eastern,410947,megawatthours
2019-11-21,NY,New York,D,Demand,Eastern,Eastern,409803,megawatthours
2019-11-20,NY,New York,D,Demand,Eastern,Eastern,417518,megawatthours
2019-11-19,NY,New York,D,Demand,Eastern,Eastern,415591,megawatthours
2019-11-18,NY,New York,D,Demand,Eastern,Eastern,422602,megawatthours
2019-11-17,NY,New York,D,Demand,Eastern,Eastern,401676,megawatthours
2019-11-16,NY,New York,D,Demand,Eastern,Eastern,398339,megawatthours
2019-11-15,NY,New York,D,Demand,Eastern,Eastern,417488,megawatthours
2019-11-14,NY,New York,D,Demand,Eastern,Eastern,439091,megawatthours
2019-11-13,NY,New York,D,Demand,Eastern,Eastern,445451,megawatthours
2019-11-12,NY,New York,D,Demand,Eastern,Eastern,428531,megawatthours
2019-11-11,NY,New York,D,Demand,Eastern,Eastern,401249,megawatthours
2019-11-10,NY,New York,D,Demand,Eastern,Eastern,375466,megawatthours
2019-11-09,NY,New York,D,Demand,Eastern,Eastern,391010,megawatthours
2019-11-08,NY,New York,D,Demand,Eastern,Eastern,410561,megawatthours
2019-11-07,NY,New York,D,Demand,Eastern,Eastern,401733,megawatthours
2019-11-06,NY,New York,D,Demand,Eastern,Eastern,388790,megawatthours
2019-11-05,NY,New York,D,Demand,Eastern,Eastern,393352,megawatthours
2019-11-04,NY,New York,D,Demand,Eastern,Eastern,391960,megawatthours
2019-11-03,NY,New York,D,Demand,Eastern,Eastern,372188,megawatthours
2019-11-02,NY,New York,D,Demand,Eastern,Eastern,357401,megawatthours
2019-11-01,NY,New York,D,Demand,Eastern,Eastern,377189,megawatthours
2019-10-31,NY,New York,D,Demand,Eastern,Eastern,393599,megawatthours
2019-10-30,NY,New York,D,Demand,Eastern,Eastern,382339,megawatthours
2019-10-29,NY,New York,D,Demand,Eastern,Eastern,379117,megawatthours
2019-10-28,NY,New York,D,Demand,Eastern,Eastern,375033,megawatthours
2019-10-27,NY,New York,D,Demand,Eastern,Eastern,357475,megawatthours
2019-10-26,NY,New York,D,Demand,Eastern,Eastern,345991,megawatthours
2019-10-25,NY,New York,D,Demand,Eastern,Eastern,377915,megawatthours
2019-10-24,NY,New York,D,Demand,Eastern,Eastern,377616,megawatthours
2019-10-23,NY,New York,D,Demand,Eastern,Eastern,375388,megawatthours
2019-10-22,NY,New York,D,Demand,Eastern,Eastern,383682,megawatthours
2019-10-21,NY,New York,D,Demand,Eastern,Eastern,374033,megawatthours
2019-10-20,NY,New York,D,Demand,Eastern,Eastern,349105,megawatthours
2019-10-19,NY,New York,D,Demand,Eastern,Eastern,345036,megawatthours
2019-10-18,NY,New York,D,Demand,Eastern,Eastern,376861,megawatthours
2019-10-17,NY,New York,D,Demand,Eastern,Eastern,383884,megawatthours
2019-10-16,NY,New York,D,Demand,Eastern,Eastern,387485,megawatthours
2019-10-15,NY,New York,D,Demand,Eastern,Eastern,373121,megawatthours
2019-10-14,NY,New York,D,Demand,Eastern,Eastern,374757,megawatthours
2019-10-13,NY,New York,D,Demand,Eastern,Eastern,337120,megawatthours
2019-10-12,NY,New York,D,Demand,Eastern,Eastern,346871,megawatthours
2019-10-11,NY,New York,D,Demand,Eastern,Eastern,373051,megawatthours
2019-10-10,NY,New York,D,Demand,Eastern,Eastern,374313,megawatthours
2019-10-09,NY,New York,D,Demand,Eastern,Eastern,375706,megawatthours
2019-10-08,NY,New York,D,Demand,Eastern,Eastern,381102,megawatthours
2019-10-07,NY,New York,D,Demand,Eastern,Eastern,404951,megawatthours
2019-10-06,NY,New York,D,Demand,Eastern,Eastern,357494,megawatthours
2019-10-05,NY,New York,D,Demand,Eastern,Eastern,344158,megawatthours
2019-10-04,NY,New York,D,Demand,Eastern,Eastern,380829,megawatthours
2019-10-03,NY,New York,D,Demand,Eastern,Eastern,398683,megawatthours
2019-10-02,NY,New York,D,Demand,Eastern,Eastern,477769,megawatthours
2019-10-01,NY,New York,D,Demand,Eastern,Eastern,436791,megawatthours
2019-09-30,NY,New York,D,Demand,Eastern,Eastern,398565,megawatthours
2019-09-29,NY,New York,D,Demand,Eastern,Eastern,394523,megawatthours
2019-09-28,NY,New York,D,Demand,Eastern,Eastern,403157,megawatthours
2019-09-27,NY,New York,D,Demand,Eastern,Eastern,402049,megawatthours
2019-09-26,NY,New York,D,Demand,Eastern,Eastern,427676,megawatthours
2019-09-25,NY,New York,D,Demand,Eastern,Eastern,417633,megawatthours
2019-09-24,NY,New York,D,Demand,Eastern,Eastern,438845,megawatthours
2019-09-23,NY,New York,D,Demand,Eastern,Eastern,495446,megawatthours
2019-09-22,NY,New York,D,Demand,Eastern,Eastern,423138,megawatthours
2019-09-21,NY,New York,D,Demand,Eastern,Eastern,390800,megawatthours
2019-09-20,NY,New York,D,Demand,Eastern,Eastern,393247,megawatthours
2019-09-19,NY,New York,D,Demand,Eastern,Eastern,384102,megawatthours
2019-09-18,NY,New York,D,Demand,Eastern,Eastern,394704,megawatthours
2019-09-17,NY,New York,D,Demand,Eastern,Eastern,411403,megawatthours
2019-09-16,NY,New York,D,Demand,Eastern,Eastern,436715,megawatthours
2019-09-15,NY,New York,D,Demand,Eastern,Eastern,408141,megawatthours
2019-09-14,NY,New York,D,Demand,Eastern,Eastern,387703,megawatthours
2019-09-13,NY,New York,D,Demand,Eastern,Eastern,400333,megawatthours
2019-09-12,NY,New York,D,Demand,Eastern,Eastern,471662,megawatthours
2019-09-11,NY,New York,D,Demand,Eastern,Eastern,500305,megawatthours
2019-09-10,NY,New York,D,Demand,Eastern,Eastern,439508,megawatthours
2019-09-09,NY,New York,D,Demand,Eastern,Eastern,421923,megawatthours
2019-09-08,NY,New York,D,Demand,Eastern,Eastern,376016,megawatthours
2019-09-07,NY,New York,D,Demand,Eastern,Eastern,368853,megawatthours
2019-09-06,NY,New York,D,Demand,Eastern,Eastern,406304,megawatthours
2019-09-05,NY,New York,D,Demand,Eastern,Eastern,435505,megawatthours
2019-09-04,NY,New York,D,Demand,Eastern,Eastern,486913,megawatthours
2019-09-03,NY,New York,D,Demand,Eastern,Eastern,461425,megawatthours
2019-09-02,NY,New York,D,Demand,Eastern,Eastern,416378,megawatthours
2019-09-01,NY,New York,D,Demand,Eastern,Eastern,391214,megawatthours
2019-08-31,NY,New York,D,Demand,Eastern,Eastern,418030,megawatthours
2019-08-30,NY,New York,D,Demand,Eastern,Eastern,463536,megawatthours
2019-08-29,NY,New York,D,Demand,Eastern,Eastern,454316,megawatthours
2019-08-28,NY,New York,D,Demand,Eastern,Eastern,455077,megawatthours
2019-08-27,NY,New York,D,Demand,Eastern,Eastern,425515,megawatthours
2019-08-26,NY,New York,D,Demand,Eastern,Eastern,419277,megawatthours
2019-08-25,NY,New York,D,Demand,Eastern,Eastern,389630,megawatthours
2019-08-24,NY,New York,D,Demand,Eastern,Eastern,397988,megawatthours
2019-08-23,NY,New York,D,Demand,Eastern,Eastern,463728,megawatthours
2019-08-22,NY,New York,D,Demand,Eastern,Eastern,550494,megawatthours
2019-08-21,NY,New York,D,Demand,Eastern,Eastern,566678,megawatthours
2019-08-20,NY,New York,D,Demand,Eastern,Eastern,553410,megawatthours
2019-08-19,NY,New York,D,Demand,Eastern,Eastern,561179,megawatthours
2019-08-18,NY,New York,D,Demand,Eastern,Eastern,511775,megawatthours
2019-08-17,NY,New York,D,Demand,Eastern,Eastern,493631,megawatthours
2019-08-16,NY,New York,D,Demand,Eastern,Eastern,497246,megawatthours
2019-08-15,NY,New York,D,Demand,Eastern,Eastern,501944,megawatthours
2019-08-14,NY,New York,D,Demand,Eastern,Eastern,508574,megawatthours
2019-08-13,NY,New York,D,Demand,Eastern,Eastern,514012,megawatthours
2019-08-12,NY,New York,D,Demand,Eastern,Eastern,496781,megawatthours
2019-08-11,NY,New York,D,Demand,Eastern,Eastern,418250,megawatthours
2019-08-10,NY,New York,D,Demand,Eastern,Eastern,432456,megawatthours
2019-08-09,NY,New York,D,Demand,Eastern,Eastern,491352,megawatthours
2019-08-08,NY,New York,D,Demand,Eastern,Eastern,518298,megawatthours
2019-08-07,NY,New York,D,Demand,Eastern,Eastern,523769,megawatthours
2019-08-06,NY,New York,D,Demand,Eastern,Eastern,517874,megawatthours
2019-08-05,NY,New York,D,Demand,Eastern,Eastern,506903,megawatthours
2019-08-04,NY,New York,D,Demand,Eastern,Eastern,490162,megawatthours
2019-08-03,NY,New York,D,Demand,Eastern,Eastern,504834,megawatthours
2019-08-02,NY,New York,D,Demand,Eastern,Eastern,520257,megawatthours
2019-08-01,NY,New York,D,Demand,Eastern,Eastern,532177,megawatthours
2019-07-31,NY,New York,D,Demand,Eastern,Eastern,564008,megawatthours
2019-07-30,NY,New York,D,Demand,Eastern,Eastern,610357,megawatthours
2019-07-29,NY,New York,D,Demand,Eastern,Eastern,597530,megawatthours
2019-07-28,NY,New York,D,Demand,Eastern,Eastern,524477,megawatthours
2019-07-27,NY,New York,D,Demand,Eastern,Eastern,499964,megawatthours
2019-07-26,NY,New York,D,Demand,Eastern,Eastern,518082,megawatthours
2019-07-25,NY,New York,D,Demand,Eastern,Eastern,501069,megawatthours
2019-07-24,NY,New York,D,Demand,Eastern,Eastern,491442,megawatthours
2019-07-23,NY,New York,D,Demand,Eastern,Eastern,495549,megawatthours
2019-07-22,NY,New York,D,Demand,Eastern,Eastern,573743,megawatthours
2019-07-21,NY,New York,D,Demand,Eastern,Eastern,619522,megawatthours
2019-07-20,NY,New York,D,Demand,Eastern,Eastern,623345,megawatthours
2019-07-19,NY,New York,D,Demand,Eastern,Eastern,585590,megawatthours
2019-07-18,NY,New York,D,Demand,Eastern,Eastern,557719,megawatthours
2019-07-17,NY,New York,D,Demand,Eastern,Eastern,600695,megawatthours
2019-07-16,NY,New York,D,Demand,Eastern,Eastern,568548,megawatthours
2019-07-15,NY,New York,D,Demand,Eastern,Eastern,529616,megawatthours
2019-07-14,NY,New York,D,Demand,Eastern,Eastern,511471,megawatthours
2019-07-13,NY,New York,D,Demand,Eastern,Eastern,494597,megawatthours
2019-07-12,NY,New York,D,Demand,Eastern,Eastern,532634,megawatthours
2019-07-11,NY,New York,D,Demand,Eastern,Eastern,557833,megawatthours
2019-07-10,NY,New York,D,Demand,Eastern,Eastern,555834,megawatthours
2019-07-09,NY,New York,D,Demand,Eastern,Eastern,514796,megawatthours
2019-07-08,NY,New York,D,Demand,Eastern,Eastern,484622,megawatthours
2019-07-07,NY,New York,D,Demand,Eastern,Eastern,481989,megawatthours
2019-07-06,NY,New York,D,Demand,Eastern,Eastern,535650,megawatthours
2019-07-05,NY,New York,D,Demand,Eastern,Eastern,543277,megawatthours
2019-07-04,NY,New York,D,Demand,Eastern,Eastern,513572,megawatthours
2019-07-03,NY,New York,D,Demand,Eastern,Eastern,543460,megawatthours
2019-07-02,NY,New York,D,Demand,Eastern,Eastern,510042,megawatthours
2019-07-01,NY,New York,D,Demand,Eastern,Eastern,482845,megawatthours
2019-06-30,NY,New York,D,Demand,Eastern,Eastern,453125,megawatthours
2019-06-29,NY,New York,D,Demand,Eastern,Eastern,511425,megawatthours
2019-06-28,NY,New York,D,Demand,Eastern,Eastern,531718,megawatthours
2019-06-27,NY,New York,D,Demand,Eastern,Eastern,528393,megawatthours
2019-06-26,NY,New York,D,Demand,Eastern,Eastern,514580,megawatthours
2019-06-25,NY,New York,D,Demand,Eastern,Eastern,496433,megawatthours
2019-06-24,NY,New York,D,Demand,Eastern,Eastern,468299,megawatthours
2019-06-23,NY,New York,D,Demand,Eastern,Eastern,403423,megawatthours
2019-06-22,NY,New York,D,Demand,Eastern,Eastern,391602,megawatthours
2019-06-21,NY,New York,D,Demand,Eastern,Eastern,431014,megawatthours
2019-06-20,NY,New York,D,Demand,Eastern,Eastern,448406,megawatthours
2019-06-19,NY,New York,D,Demand,Eastern,Eastern,438571,megawatthours
2019-06-18,NY,New York,D,Demand,Eastern,Eastern,440296,megawatthours
2019-06-17,NY,New York,D,Demand,Eastern,Eastern,438278,megawatthours
2019-06-16,NY,New York,D,Demand,Eastern,Eastern,389609,megawatthours
2019-06-15,NY,New York,D,Demand,Eastern,Eastern,375909,megawatthours
2019-06-14,NY,New York,D,Demand,Eastern,Eastern,388608,megawatthours
2019-06-13,NY,New York,D,Demand,Eastern,Eastern,394619,megawatthours
2019-06-12,NY,New York,D,Demand,Eastern,Eastern,403418,megawatthours
2019-06-11,NY,New York,D,Demand,Eastern,Eastern,412942,megawatthours
2019-06-10,NY,New York,D,Demand,Eastern,Eastern,412262,megawatthours
2019-06-09,NY,New York,D,Demand,Eastern,Eastern,378039,megawatthours
2019-06-08,NY,New York,D,Demand,Eastern,Eastern,392216,megawatthours
2019-06-07,NY,New York,D,Demand,Eastern,Eastern,433666,megawatthours
2019-06-06,NY,New York,D,Demand,Eastern,Eastern,451560,megawatthours
2019-06-05,NY,New York,D,Demand,Eastern,Eastern,416778,megawatthours
2019-06-04,NY,New York,D,Demand,Eastern,Eastern,383231,megawatthours
2019-06-03,NY,New York,D,Demand,Eastern,Eastern,388387,megawatthours
2019-06-02,NY,New York,D,Demand,Eastern,Eastern,383548,megawatthours
2019-06-01,NY,New York,D,Demand,Eastern,Eastern,381974,megawatthours
2019-05-31,NY,New York,D,Demand,Eastern,Eastern,405886,megawatthours
2019-05-30,NY,New York,D,Demand,Eastern,Eastern,388162,megawatthours
2019-05-29,NY,New York,D,Demand,Eastern,Eastern,393607,megawatthours
2019-05-28,NY,New York,D,Demand,Eastern,Eastern,403083,megawatthours
2019-05-27,NY,New York,D,Demand,Eastern,Eastern,378610,megawatthours
2019-05-26,NY,New York,D,Demand,Eastern,Eastern,371149,megawatthours
2019-05-25,NY,New York,D,Demand,Eastern,Eastern,347374,megawatthours
2019-05-24,NY,New York,D,Demand,Eastern,Eastern,386320,megawatthours
2019-05-23,NY,New York,D,Demand,Eastern,Eastern,388415,megawatthours
2019-05-22,NY,New York,D,Demand,Eastern,Eastern,376159,megawatthours
2019-05-21,NY,New York,D,Demand,Eastern,Eastern,378589,megawatthours
2019-05-20,NY,New York,D,Demand,Eastern,Eastern,421140,megawatthours
2019-05-19,NY,New York,D,Demand,Eastern,Eastern,354391,megawatthours
2019-05-18,NY,New York,D,Demand,Eastern,Eastern,338167,megawatthours
2019-05-17,NY,New York,D,Demand,Eastern,Eastern,375950,megawatthours
2019-05-16,NY,New York,D,Demand,Eastern,Eastern,368350,megawatthours
2019-05-15,NY,New York,D,Demand,Eastern,Eastern,371303,megawatthours
2019-05-14,NY,New York,D,Demand,Eastern,Eastern,385783,megawatthours
2019-05-13,NY,New York,D,Demand,Eastern,Eastern,386684,megawatthours
2019-05-12,NY,New York,D,Demand,Eastern,Eastern,345036,megawatthours
2019-05-11,NY,New York,D,Demand,Eastern,Eastern,334942,megawatthours
2019-05-10,NY,New York,D,Demand,Eastern,Eastern,376560,megawatthours
2019-05-09,NY,New York,D,Demand,Eastern,Eastern,369421,megawatthours
2019-05-08,NY,New York,D,Demand,Eastern,Eastern,366332,megawatthours
2019-05-07,NY,New York,D,Demand,Eastern,Eastern,369243,megawatthours
2019-05-06,NY,New York,D,Demand,Eastern,Eastern,364361,megawatthours
2019-05-05,NY,New York,D,Demand,Eastern,Eastern,340667,megawatthours
2019-05-04,NY,New York,D,Demand,Eastern,Eastern,342662,megawatthours
2019-05-03,NY,New York,D,Demand,Eastern,Eastern,371225,megawatthours
2019-05-02,NY,New York,D,Demand,Eastern,Eastern,375043,megawatthours
2019-05-01,NY,New York,D,Demand,Eastern,Eastern,378242,megawatthours
2019-04-30,NY,New York,D,Demand,Eastern,Eastern,376362,megawatthours
2019-04-29,NY,New York,D,Demand,Eastern,Eastern,373049,megawatthours
2019-04-28,NY,New York,D,Demand,Eastern,Eastern,347093,megawatthours
2019-04-27,NY,New York,D,Demand,Eastern,Eastern,349211,megawatthours
2019-04-26,NY,New York,D,Demand,Eastern,Eastern,372012,megawatthours
2019-04-25,NY,New York,D,Demand,Eastern,Eastern,360822,megawatthours
2019-04-24,NY,New York,D,Demand,Eastern,Eastern,367934,megawatthours
2019-04-23,NY,New York,D,Demand,Eastern,Eastern,367688,megawatthours
2019-04-22,NY,New York,D,Demand,Eastern,Eastern,365800,megawatthours
2019-04-21,NY,New York,D,Demand,Eastern,Eastern,329326,megawatthours
2019-04-20,NY,New York,D,Demand,Eastern,Eastern,347640,megawatthours
2019-04-19,NY,New York,D,Demand,Eastern,Eastern,366325,megawatthours
2019-04-18,NY,New York,D,Demand,Eastern,Eastern,377087,megawatthours
2019-04-17,NY,New York,D,Demand,Eastern,Eastern,353112,megawatthours
2019-04-16,NY,New York,D,Demand,Eastern,Eastern,378545,megawatthours
2019-04-15,NY,New York,D,Demand,Eastern,Eastern,384732,megawatthours
2019-04-14,NY,New York,D,Demand,Eastern,Eastern,348911,megawatthours
2019-04-13,NY,New York,D,Demand,Eastern,Eastern,345097,megawatthours
2019-04-12,NY,New York,D,Demand,Eastern,Eastern,383076,megawatthours
2019-04-11,NY,New York,D,Demand,Eastern,Eastern,394846,megawatthours
2019-04-10,NY,New York,D,Demand,Eastern,Eastern,383628,megawatthours
2019-04-09,NY,New York,D,Demand,Eastern,Eastern,382374,megawatthours
2019-04-08,NY,New York,D,Demand,Eastern,Eastern,380201,megawatthours
2019-04-07,NY,New York,D,Demand,Eastern,Eastern,342894,megawatthours
2019-04-06,NY,New York,D,Demand,Eastern,Eastern,358681,megawatthours
2019-04-05,NY,New York,D,Demand,Eastern,Eastern,407645,megawatthours
2019-04-04,NY,New York,D,Demand,Eastern,Eastern,389377,megawatthours
2019-04-03,NY,New York,D,Demand,Eastern,Eastern,389110,megawatthours
2019-04-02,NY,New York,D,Demand,Eastern,Eastern,401551,megawatthours
2019-04-01,NY,New York,D,Demand,Eastern,Eastern,404557,megawatthours
2019-03-31,NY,New York,D,Demand,Eastern,Eastern,363898,megawatthours
2019-03-30,NY,New York,D,Demand,Eastern,Eastern,356906,megawatthours
2019-03-29,NY,New York,D,Demand,Eastern,Eastern,395234,megawatthours
2019-03-28,NY,New York,D,Demand,Eastern,Eastern,404631,megawatthours
2019-03-27,NY,New York,D,Demand,Eastern,Eastern,407059,megawatthours
2019-03-26,NY,New York,D,Demand,Eastern,Eastern,407183,megawatthours
2019-03-25,NY,New York,D,Demand,Eastern,Eastern,398399,megawatthours
2019-03-24,NY,New York,D,Demand,Eastern,Eastern,374385,megawatthours
2019-03-23,NY,New York,D,Demand,Eastern,Eastern,393653,megawatthours
2019-03-22,NY,New York,D,Demand,Eastern,Eastern,415350,megawatthours
2019-03-21,NY,New York,D,Demand,Eastern,Eastern,412089,megawatthours
2019-03-20,NY,New York,D,Demand,Eastern,Eastern,405318,megawatthours
2019-03-19,NY,New York,D,Demand,Eastern,Eastern,415063,megawatthours
2019-03-18,NY,New York,D,Demand,Eastern,Eastern,419589,megawatthours
2019-03-17,NY,New York,D,Demand,Eastern,Eastern,385942,megawatthours
2019-03-16,NY,New York,D,Demand,Eastern,Eastern,379843,megawatthours
2019-03-15,NY,New York,D,Demand,Eastern,Eastern,394628,megawatthours
2019-03-14,NY,New York,D,Demand,Eastern,Eastern,403167,megawatthours
2019-03-13,NY,New York,D,Demand,Eastern,Eastern,424655,megawatthours
2019-03-12,NY,New York,D,Demand,Eastern,Eastern,426132,megawatthours
2019-03-11,NY,New York,D,Demand,Eastern,Eastern,419295,megawatthours
2019-03-10,NY,New York,D,Demand,Eastern,Eastern,392016,megawatthours
2019-03-09,NY,New York,D,Demand,Eastern,Eastern,403772,megawatthours
2019-03-08,NY,New York,D,Demand,Eastern,Eastern,450122,megawatthours
2019-03-07,NY,New York,D,Demand,Eastern,Eastern,470917,megawatthours
2019-03-06,NY,New York,D,Demand,Eastern,Eastern,470853,megawatthours
2019-03-05,NY,New York,D,Demand,Eastern,Eastern,456776,megawatthours
2019-03-04,NY,New York,D,Demand,Eastern,Eastern,440819,megawatthours
2019-03-03,NY,New York,D,Demand,Eastern,Eastern,400924,megawatthours
2019-03-02,NY,New York,D,Demand,Eastern,Eastern,413601,megawatthours
2019-03-01,NY,New York,D,Demand,Eastern,Eastern,444787,megawatthours
2019-02-28,NY,New York,D,Demand,Eastern,Eastern,453558,megawatthours
2019-02-27,NY,New York,D,Demand,Eastern,Eastern,468948,megawatthours
2019-02-26,NY,New York,D,Demand,Eastern,Eastern,454746,megawatthours
2019-02-25,NY,New York,D,Demand,Eastern,Eastern,441767,megawatthours
2019-02-24,NY,New York,D,Demand,Eastern,Eastern,394968,megawatthours
2019-02-23,NY,New York,D,Demand,Eastern,Eastern,400131,megawatthours
2019-02-22,NY,New York,D,Demand,Eastern,Eastern,421860,megawatthours
2019-02-21,NY,New York,D,Demand,Eastern,Eastern,427322,megawatthours
2019-02-20,NY,New York,D,Demand,Eastern,Eastern,462907,megawatthours
2019-02-19,NY,New York,D,Demand,Eastern,Eastern,453814,megawatthours
2019-02-18,NY,New York,D,Demand,Eastern,Eastern,435976,megawatthours
2019-02-17,NY,New York,D,Demand,Eastern,Eastern,403316,megawatthours
2019-02-16,NY,New York,D,Demand,Eastern,Eastern,399493,megawatthours
2019-02-15,NY,New York,D,Demand,Eastern,Eastern,423845,megawatthours
2019-02-14,NY,New York,D,Demand,Eastern,Eastern,437086,megawatthours
2019-02-13,NY,New York,D,Demand,Eastern,Eastern,448395,megawatthours
2019-02-12,NY,New York,D,Demand,Eastern,Eastern,467361,megawatthours
2019-02-11,NY,New York,D,Demand,Eastern,Eastern,448233,megawatthours
2019-02-10,NY,New York,D,Demand,Eastern,Eastern,421858,megawatthours
2019-02-09,NY,New York,D,Demand,Eastern,Eastern,433634,megawatthours
2019-02-08,NY,New York,D,Demand,Eastern,Eastern,428577,megawatthours
2019-02-07,NY,New York,D,Demand,Eastern,Eastern,428102,megawatthours
2019-02-06,NY,New York,D,Demand,Eastern,Eastern,429215,megawatthours
2019-02-05,NY,New York,D,Demand,Eastern,Eastern,414351,megawatthours
2019-02-04,NY,New York,D,Demand,Eastern,Eastern,417144,megawatthours
2019-02-03,NY,New York,D,Demand,Eastern,Eastern,411533,megawatthours
2019-02-02,NY,New York,D,Demand,Eastern,Eastern,463806,megawatthours
2019-02-01,NY,New York,D,Demand,Eastern,Eastern,509951,megawatthours
2019-01-31,NY,New York,D,Demand,Eastern,Eastern,524262,megawatthours
2019-01-30,NY,New York,D,Demand,Eastern,Eastern,486581,megawatthours
2019-01-29,NY,New York,D,Demand,Eastern,Eastern,467725,megawatthours
2019-01-28,NY,New York,D,Demand,Eastern,Eastern,459961,megawatthours
2019-01-27,NY,New York,D,Demand,Eastern,Eastern,418584,megawatthours
2019-01-26,NY,New York,D,Demand,Eastern,Eastern,434167,megawatthours
2019-01-25,NY,New York,D,Demand,Eastern,Eastern,446931,megawatthours
2019-01-24,NY,New York,D,Demand,Eastern,Eastern,440886,megawatthours
2019-01-23,NY,New York,D,Demand,Eastern,Eastern,465207,megawatthours
2019-01-22,NY,New York,D,Demand,Eastern,Eastern,500869,megawatthours
2019-01-21,NY,New York,D,Demand,Eastern,Eastern,513742,megawatthours
2019-01-20,NY,New York,D,Demand,Eastern,Eastern,446246,megawatthours
2019-01-19,NY,New York,D,Demand,Eastern,Eastern,435027,megawatthours
2019-01-18,NY,New York,D,Demand,Eastern,Eastern,452381,megawatthours
2019-01-17,NY,New York,D,Demand,Eastern,Eastern,463038,megawatthours
2019-01-16,NY,New York,D,Demand,Eastern,Eastern,454576,megawatthours
2019-01-15,NY,New York,D,Demand,Eastern,Eastern,461729,megawatthours
2019-01-14,NY,New York,D,Demand,Eastern,Eastern,467628,megawatthours
2019-01-13,NY,New York,D,Demand,Eastern,Eastern,435061,megawatthours
2019-01-12,NY,New York,D,Demand,Eastern,Eastern,443034,megawatthours
2019-01-11,NY,New York,D,Demand,Eastern,Eastern,467493,megawatthours
2019-01-10,NY,New York,D,Demand,Eastern,Eastern,454472,megawatthours
2019-01-09,NY,New York,D,Demand,Eastern,Eastern,432395,megawatthours
2019-01-08,NY,New York,D,Demand,Eastern,Eastern,435613,megawatthours
2019-01-07,NY,New York,D,Demand,Eastern,Eastern,454153,megawatthours
2019-01-06,NY,New York,D,Demand,Eastern,Eastern,398117,megawatthours
2019-01-05,NY,New York,D,Demand,Eastern,Eastern,400156,megawatthours
2019-01-04,NY,New York,D,Demand,Eastern,Eastern,424798,megawatthours
2019-01-03,NY,New York,D,Demand,Eastern,Eastern,431709,megawatthours
2019-01-02,NY,New York,D,Demand,Eastern,Eastern,430733,megawatthours
2019-01-01,NY,New York,D,Demand,Eastern,Eastern,380514,megawatthours
