date,rh_mean,rh_max,dew_point,solar_rad,cloud_cover,daylight_hours,sunshine_hours
2019-01-01,75,97,41.3,6.43,89,9.31,5.15
2019-01-02,67,76,25.5,6.22,99,9.32,5.38
2019-01-03,71,85,30.8,7.57,68,9.33,6.68
2019-01-04,77,95,30.1,7.26,72,9.35,6.91
2019-01-05,94,97,40.1,1.41,87,9.36,0.0
2019-01-06,68,89,28.5,7.39,28,9.38,8.11
2019-01-07,48,63,10.9,7.15,64,9.4,7.03
2019-01-08,86,100,35.4,3.87,90,9.42,2.93
2019-01-09,65,100,28.3,6.54,68,9.44,7.32
2019-01-10,52,59,15.9,5.94,75,9.46,6.31
2019-01-11,45,53,6.6,9.7,25,9.48,9.32
2019-01-12,43,53,6.7,9.39,59,9.5,9.11
2019-01-13,49,61,10.5,8.79,70,9.53,7.76
2019-01-14,54,71,10.3,9.97,32,9.55,8.97
2019-01-15,55,83,13.5,9.18,32,9.57,9.16
2019-01-16,65,84,20.3,8.29,47,9.6,9.19
2019-01-17,56,72,13.6,8.75,75,9.63,6.6
2019-01-18,81,91,27.0,5.73,98,9.65,3.85
2019-01-19,77,97,25.1,5.82,76,9.68,4.55
2019-01-20,85,99,27.5,3.36,79,9.71,2.21
2019-01-21,55,62,-5.0,10.75,47,9.74,9.35
2019-01-22,53,66,3.2,11.3,31,9.77,9.56
2019-01-23,63,88,22.9,4.9,95,9.8,3.61
2019-01-24,90,96,44.9,0.76,88,9.83,0.0
2019-01-25,59,81,16.9,8.54,27,9.87,8.25
2019-01-26,53,69,11.5,10.04,41,9.9,9.72
2019-01-27,66,86,25.9,10.41,52,9.93,8.56
2019-01-28,53,69,12.3,9.82,77,9.97,9.75
2019-01-29,81,98,25.7,2.4,83,10.0,0.0
2019-01-30,50,94,4.3,10.85,22,10.04,8.07
2019-01-31,32,40,-15.0,12.75,0,10.08,9.8
2019-02-01,32,47,-9.0,8.45,42,10.11,8.58
2019-02-02,48,76,6.5,11.52,68,10.15,9.83
2019-02-03,76,92,28.0,11.7,15,10.19,9.85
2019-02-04,84,96,34.2,12.05,2,10.23,9.87
2019-02-05,83,96,40.1,9.73,55,10.26,9.59
2019-02-06,81,96,31.8,10.25,74,10.3,7.9
2019-02-07,91,98,38.3,5.45,100,10.34,0.94
2019-02-08,74,99,32.5,5.97,64,10.38,5.0
2019-02-09,41,52,5.9,13.8,4,10.42,9.98
2019-02-10,48,63,10.0,12.62,43,10.46,9.98
2019-02-11,57,69,18.2,7.27,100,10.5,3.55
2019-02-12,72,97,20.7,1.74,100,10.54,0.0
2019-02-13,69,98,25.4,9.58,62,10.58,6.29
2019-02-14,61,72,22.1,14.0,31,10.62,10.06
2019-02-15,68,83,36.3,5.65,91,10.67,6.23
2019-02-16,56,76,21.7,14.66,27,10.71,10.22
2019-02-17,64,78,18.5,14.16,46,10.75,10.03
2019-02-18,78,97,27.3,5.69,66,10.79,3.12
2019-02-19,51,62,11.2,15.27,61,10.84,10.36
2019-02-20,68,95,17.2,2.72,100,10.88,0.0
2019-02-21,77,97,32.1,14.67,68,10.92,10.4
2019-02-22,58,69,24.2,11.56,100,10.97,7.62
2019-02-23,72,91,25.4,9.9,100,11.01,5.75
2019-02-24,87,97,39.2,4.36,78,11.06,0.64
2019-02-25,39,44,12.9,12.25,45,11.1,9.86
2019-02-26,41,48,7.6,16.14,25,11.14,10.65
2019-02-27,52,68,9.8,8.45,96,11.19,3.9
2019-02-28,57,89,15.3,17.11,58,11.23,10.17
2019-03-01,68,82,21.2,8.42,99,11.27,2.01
2019-03-02,83,93,29.7,11.92,98,11.32,7.05
2019-03-03,75,99,27.6,12.86,83,11.36,7.82
2019-03-04,78,98,25.5,16.75,50,11.41,9.05
2019-03-05,64,80,10.1,18.73,6,11.45,11.21
2019-03-06,48,64,4.0,15.19,38,11.5,9.29
2019-03-07,49,66,7.0,17.03,49,11.54,9.46
2019-03-08,61,76,16.1,15.81,88,11.59,10.43
2019-03-09,69,87,24.1,18.97,16,11.64,11.48
2019-03-10,89,98,35.5,5.66,97,11.68,0.0
2019-03-11,61,96,29.8,18.64,30,11.73,11.58
2019-03-12,52,65,19.2,15.02,29,11.77,11.63
2019-03-13,64,84,23.2,17.38,56,11.82,9.74
2019-03-14,70,85,34.5,17.01,73,11.86,11.5
2019-03-15,79,93,52.7,10.07,87,11.91,5.51
2019-03-16,50,79,26.1,14.25,47,11.95,10.91
2019-03-17,46,67,16.0,16.89,27,12.0,11.85
2019-03-18,56,76,19.4,16.44,41,12.05,10.51
2019-03-19,59,82,22.3,15.0,35,12.09,9.66
2019-03-20,66,93,27.7,19.94,44,12.14,11.93
2019-03-21,89,94,39.4,4.14,99,12.18,0.0
2019-03-22,76,96,34.7,7.69,74,12.23,4.04
2019-03-23,47,69,19.2,18.21,52,12.27,9.06
2019-03-24,46,65,23.3,17.29,48,12.32,8.15
2019-03-25,54,75,30.3,6.82,100,12.36,0.91
2019-03-26,38,50,13.0,22.68,6,12.41,12.0
2019-03-27,53,77,19.1,21.81,36,12.45,12.0
2019-03-28,73,89,30.4,21.27,54,12.5,11.47
2019-03-29,80,96,42.2,6.42,98,12.54,0.38
2019-03-30,76,99,44.3,17.42,76,12.59,9.68
2019-03-31,68,90,40.7,7.31,70,12.63,5.71
2019-04-01,45,63,17.6,22.51,11,12.68,12.0
2019-04-02,65,82,28.0,18.62,73,12.73,8.02
2019-04-03,57,94,31.1,22.63,32,12.77,12.0
2019-04-04,41,64,23.1,22.86,38,12.81,12.0
2019-04-05,60,94,24.9,6.11,96,12.86,0.46
2019-04-06,74,96,40.8,18.53,64,12.9,11.0
2019-04-07,74,95,42.1,21.34,65,12.95,10.1
2019-04-08,79,96,53.5,13.69,99,12.99,6.87
2019-04-09,86,97,43.8,16.57,85,13.04,10.11
2019-04-10,61,100,33.8,18.79,39,13.08,12.22
2019-04-11,55,70,27.6,17.29,63,13.12,10.23
2019-04-12,75,93,45.4,14.43,98,13.17,6.19
2019-04-13,81,96,57.1,15.82,96,13.21,6.16
2019-04-14,92,100,57.1,12.42,92,13.25,6.2
2019-04-15,71,98,46.7,14.85,72,13.3,8.24
2019-04-16,41,54,27.6,25.35,19,13.34,12.66
2019-04-17,59,79,36.3,22.03,86,13.38,10.07
2019-04-18,76,87,46.8,9.93,92,13.43,4.0
2019-04-19,80,93,58.6,16.89,94,13.47,9.33
2019-04-20,90,96,57.1,6.84,100,13.51,0.1
2019-04-21,81,93,50.2,16.06,84,13.55,9.89
2019-04-22,86,95,51.8,8.86,95,13.59,4.12
2019-04-23,76,96,52.0,23.91,44,13.64,12.53
2019-04-24,61,90,46.8,25.74,22,13.68,13.48
2019-04-25,73,89,43.8,21.45,81,13.72,9.0
2019-04-26,92,97,53.6,7.99,98,13.76,1.64
2019-04-27,60,86,36.1,17.9,57,13.8,10.83
2019-04-28,73,90,38.9,7.21,66,13.84,3.61
2019-04-29,64,85,34.5,23.96,53,13.88,11.03
2019-04-30,84,95,48.5,10.34,88,13.92,4.02
2019-05-01,82,96,45.4,9.03,86,13.95,0.02
2019-05-02,86,94,54.0,20.12,91,13.99,10.88
2019-05-03,89,95,49.6,7.21,100,14.03,0.0
2019-05-04,89,98,55.1,11.46,94,14.07,5.76
2019-05-05,95,99,52.5,4.58,99,14.11,0.0
2019-05-06,79,93,50.3,19.12,49,14.14,11.94
2019-05-07,82,95,52.3,22.71,51,14.18,13.44
2019-05-08,79,94,50.8,18.39,64,14.22,10.8
2019-05-09,72,95,43.9,13.14,88,14.25,5.41
2019-05-10,83,96,58.3,10.04,95,14.29,4.55
2019-05-11,66,95,48.8,25.75,81,14.32,11.0
2019-05-12,87,90,45.0,3.69,100,14.36,0.0
2019-05-13,86,91,43.1,5.83,99,14.39,1.0
2019-05-14,83,91,43.2,7.34,100,14.42,0.28
2019-05-15,67,94,43.3,20.17,58,14.46,13.16
2019-05-16,66,92,47.8,23.93,44,14.49,14.0
2019-05-17,72,88,55.9,18.38,60,14.52,11.61
2019-05-18,60,79,47.5,28.54,58,14.55,14.0
2019-05-19,80,96,58.0,23.45,83,14.58,13.76
2019-05-20,74,93,64.5,22.93,58,14.61,13.77
2019-05-21,50,67,41.9,28.88,31,14.64,14.0
2019-05-22,50,67,42.3,29.07,43,14.66,13.01
2019-05-23,72,90,55.9,20.89,95,14.69,10.53
2019-05-24,65,89,55.0,23.27,46,14.72,13.62
2019-05-25,73,94,51.3,24.51,46,14.74,14.0
2019-05-26,76,94,62.3,25.03,73,14.77,12.0
2019-05-27,62,91,55.6,26.97,44,14.79,14.0
2019-05-28,81,94,58.8,10.47,97,14.82,4.59
2019-05-29,89,97,61.3,13.57,98,14.84,5.37
2019-05-30,90,98,59.0,13.15,97,14.86,3.79
2019-05-31,75,97,60.9,24.31,25,14.88,14.0
2019-06-01,76,91,59.3,26.6,81,14.9,14.0
2019-06-02,80,97,62.3,23.73,58,14.92,11.9
2019-06-03,55,78,45.0,27.57,14,14.94,14.05
2019-06-04,56,76,44.1,28.31,26,14.96,14.05
2019-06-05,69,95,58.6,22.22,78,14.97,8.06
2019-06-06,78,97,65.8,24.98,50,14.99,14.0
2019-06-07,78,95,61.3,19.34,94,15.0,12.87
2019-06-08,67,97,56.1,28.47,74,15.02,14.0
2019-06-09,62,87,50.5,29.3,63,15.03,14.13
2019-06-10,90,99,60.1,4.73,99,15.04,0.0
2019-06-11,72,99,58.3,24.27,61,15.05,10.12
2019-06-12,63,84,50.6,27.69,73,15.06,14.13
2019-06-13,81,94,56.1,15.82,81,15.07,6.82
2019-06-14,69,95,52.9,24.17,21,15.08,14.03
2019-06-15,58,78,52.7,27.83,57,15.08,12.91
2019-06-16,74,94,63.0,16.3,91,15.09,7.59
2019-06-17,88,97,66.4,10.02,97,15.09,3.13
2019-06-18,94,99,67.9,8.81,99,15.1,0.81
2019-06-19,95,98,66.0,8.1,95,15.1,1.54
2019-06-20,94,99,69.6,12.61,92,15.1,5.88
2019-06-21,79,95,61.7,12.4,67,15.1,7.01
2019-06-22,58,73,53.0,25.21,12,15.1,14.04
2019-06-23,60,78,55.8,29.58,9,15.1,14.05
2019-06-24,70,90,60.9,21.71,79,15.1,10.01
2019-06-25,89,96,70.3,12.13,93,15.1,5.44
2019-06-26,70,95,65.3,28.11,20,15.09,14.0
2019-06-27,64,89,63.5,28.33,22,15.09,14.06
2019-06-28,65,92,63.4,25.87,65,15.08,14.0
2019-06-29,77,94,70.3,22.61,85,15.07,12.56
2019-06-30,65,89,61.3,24.08,24,15.06,14.0
2019-07-01,59,80,57.9,28.03,28,15.05,14.0
2019-07-02,68,84,64.8,20.29,46,15.04,11.86
2019-07-03,75,92,69.6,20.71,68,15.03,14.0
2019-07-04,76,98,69.8,27.26,50,15.02,14.0
2019-07-05,87,98,70.8,16.45,96,15.0,6.87
2019-07-06,86,98,74.4,18.42,93,14.99,8.04
2019-07-07,80,95,69.6,20.73,77,14.97,12.57
2019-07-08,81,91,65.5,12.43,72,14.96,6.0
2019-07-09,66,94,63.3,28.67,34,14.94,14.0
2019-07-10,71,93,67.6,24.07,70,14.92,13.74
2019-07-11,79,97,69.6,17.53,74,14.9,8.7
2019-07-12,75,98,68.0,24.54,39,14.88,14.0
2019-07-13,69,86,64.8,27.84,1,14.86,14.0
2019-07-14,60,81,63.9,26.81,24,14.84,14.0
2019-07-15,57,81,59.0,28.45,57,14.82,13.97
2019-07-16,65,91,65.7,27.11,56,14.79,14.0
2019-07-17,77,96,73.5,19.24,77,14.77,10.64
2019-07-18,88,97,72.8,12.97,85,14.75,7.01
2019-07-19,79,96,72.8,22.28,87,14.72,13.74
2019-07-20,75,93,76.0,24.76,80,14.7,14.0
2019-07-21,72,91,74.7,22.15,36,14.67,13.51
2019-07-22,85,97,74.7,16.27,75,14.64,8.74
2019-07-23,85,96,66.9,10.5,100,14.61,1.28
2019-07-24,75,94,64.5,21.91,61,14.58,13.53
2019-07-25,67,92,61.9,24.03,27,14.55,14.0
2019-07-26,69,91,63.5,24.21,12,14.52,14.0
2019-07-27,74,89,66.8,21.21,22,14.49,14.0
2019-07-28,70,88,67.4,24.8,21,14.46,14.0
2019-07-29,72,91,69.3,23.1,28,14.43,14.0
2019-07-30,77,94,73.0,23.64,29,14.4,14.0
2019-07-31,79,94,70.8,16.59,66,14.36,10.33
2019-08-01,69,97,65.8,22.74,70,14.33,13.33
2019-08-02,72,89,66.7,19.79,65,14.29,13.62
2019-08-03,84,97,70.4,22.63,46,14.26,13.72
2019-08-04,72,96,67.0,23.84,27,14.22,14.0
2019-08-05,70,91,64.2,23.34,82,14.19,13.55
2019-08-06,85,99,69.8,13.99,81,14.15,7.15
2019-08-07,88,96,70.7,13.58,78,14.12,6.29
2019-08-08,78,97,67.1,21.42,34,14.08,13.92
2019-08-09,64,87,61.0,23.62,16,14.04,13.88
2019-08-10,54,76,54.7,24.67,19,14.01,13.84
2019-08-11,60,78,55.2,23.59,26,13.97,13.81
2019-08-12,65,88,60.3,22.94,40,13.93,13.77
2019-08-13,83,96,68.6,8.42,96,13.89,4.21
2019-08-14,89,95,70.5,13.73,67,13.85,10.12
2019-08-15,84,98,68.2,20.15,55,13.81,12.89
2019-08-16,86,98,68.2,14.35,71,13.77,10.21
2019-08-17,91,98,72.6,17.2,80,13.73,12.21
2019-08-18,91,100,73.6,15.58,89,13.69,8.95
2019-08-19,83,96,72.9,19.75,69,13.65,12.08
2019-08-20,75,95,68.3,21.74,65,13.61,12.49
2019-08-21,84,97,73.3,16.98,62,13.57,11.01
2019-08-22,76,95,70.6,21.52,67,13.53,12.34
2019-08-23,82,94,64.7,7.51,84,13.49,1.37
2019-08-24,62,82,54.4,21.64,27,13.44,11.51
2019-08-25,69,82,57.4,19.85,40,13.4,12.41
2019-08-26,73,88,56.2,22.17,38,13.36,11.54
2019-08-27,78,93,59.6,12.17,96,13.32,5.99
2019-08-28,90,96,66.2,9.37,85,13.28,5.49
2019-08-29,68,94,59.8,23.63,10,13.24,12.49
2019-08-30,64,84,59.3,21.73,10,13.19,12.42
2019-08-31,60,85,56.3,21.8,75,13.15,12.0
2019-09-01,68,79,58.0,18.33,75,13.11,11.89
2019-09-02,85,98,66.4,9.6,81,13.06,6.14
2019-09-03,76,98,62.7,22.37,10,13.02,12.17
2019-09-04,81,95,67.4,15.39,24,12.98,10.78
2019-09-05,72,90,58.6,17.0,95,12.93,10.32
2019-09-06,80,92,57.8,8.63,100,12.89,0.6
2019-09-07,70,90,54.3,18.15,49,12.84,12.01
2019-09-08,71,86,57.5,17.26,53,12.8,11.55
2019-09-09,76,95,60.0,15.56,64,12.75,12.0
2019-09-10,86,96,64.8,12.54,48,12.71,9.18
2019-09-11,76,95,67.7,17.97,64,12.67,12.0
2019-09-12,88,97,68.2,11.94,78,12.62,6.26
2019-09-13,71,87,53.0,15.04,69,12.58,11.05
2019-09-14,77,90,60.5,10.92,74,12.53,7.48
2019-09-15,72,97,61.6,20.17,48,12.49,12.0
2019-09-16,77,95,62.5,10.29,64,12.45,8.03
2019-09-17,65,90,52.6,21.02,14,12.4,11.96
2019-09-18,72,94,52.0,14.01,38,12.36,10.88
2019-09-19,66,88,47.0,21.26,1,12.31,11.91
2019-09-20,63,87,49.3,20.34,39,12.27,11.88
2019-09-21,69,91,56.5,19.69,31,12.22,11.85
2019-09-22,75,93,61.8,18.96,21,12.18,11.82
2019-09-23,69,89,65.4,17.73,53,12.13,11.7
2019-09-24,64,88,56.1,15.14,28,12.09,11.76
2019-09-25,70,90,54.6,18.55,5,12.04,11.74
2019-09-26,78,95,60.0,13.96,27,12.0,8.82
2019-09-27,77,97,55.3,19.03,16,11.95,11.68
2019-09-28,82,94,63.4,16.53,41,11.91,11.52
2019-09-29,69,95,57.8,16.99,43,11.86,11.37
2019-09-30,62,73,49.9,9.69,90,11.82,6.38
2019-10-01,76,88,61.7,14.96,69,11.77,10.82
2019-10-02,78,92,68.1,14.64,53,11.73,9.43
2019-10-03,86,96,53.2,2.96,100,11.68,0.0
2019-10-04,73,96,49.7,15.76,34,11.64,11.27
2019-10-05,62,76,38.4,18.28,10,11.59,11.27
2019-10-06,75,85,55.6,4.19,92,11.55,1.0
2019-10-07,77,93,61.3,8.13,96,11.51,5.36
2019-10-08,73,91,51.0,6.87,94,11.46,1.05
2019-10-09,79,90,48.8,3.86,92,11.42,1.49
2019-10-10,63,92,45.2,15.37,59,11.37,10.9
2019-10-11,55,62,41.7,10.18,63,11.33,6.93
2019-10-12,69,81,48.8,13.58,46,11.29,10.15
2019-10-13,75,90,49.3,13.65,55,11.24,10.84
2019-10-14,71,100,50.7,15.05,34,11.2,10.37
2019-10-15,65,86,42.8,15.94,16,11.15,10.81
2019-10-16,85,93,54.6,4.68,69,11.11,1.97
2019-10-17,64,81,41.3,6.65,74,11.06,4.81
2019-10-18,63,73,39.5,12.32,26,11.02,10.75
2019-10-19,71,85,40.7,15.37,41,10.98,10.73
2019-10-20,84,94,48.1,3.66,95,10.93,0.6
2019-10-21,79,95,48.5,14.63,19,10.89,10.7
2019-10-22,87,97,53.1,1.97,99,10.85,0.0
2019-10-23,68,98,47.4,14.09,25,10.81,10.65
2019-10-24,61,79,40.7,14.18,2,10.77,10.61
2019-10-25,78,93,48.1,10.08,77,10.72,7.96
2019-10-26,72,90,46.4,11.6,81,10.68,8.06
2019-10-27,90,97,57.0,2.42,71,10.64,2.65
2019-10-28,79,89,50.5,10.94,46,10.6,8.43
2019-10-29,88,97,53.6,3.64,99,10.56,0.0
2019-10-30,96,99,58.4,3.64,100,10.52,0.0
2019-10-31,93,99,63.5,2.38,99,10.48,0.0
2019-11-01,58,88,36.4,13.21,21,10.44,10.1
2019-11-02,69,86,35.4,10.03,37,10.4,6.22
2019-11-03,60,77,32.0,10.41,22,10.36,7.08
2019-11-04,67,87,35.4,12.02,32,10.32,9.29
2019-11-05,80,92,45.6,4.45,71,10.28,0.97
2019-11-06,65,89,35.2,12.29,5,10.24,9.78
2019-11-07,73,92,39.4,3.96,81,10.2,1.93
2019-11-08,56,85,20.7,11.65,21,10.17,9.67
2019-11-09,63,80,20.9,11.27,41,10.13,9.67
2019-11-10,68,86,30.7,7.8,67,10.09,6.46
2019-11-11,80,93,41.7,10.21,77,10.06,9.25
2019-11-12,66,92,29.5,2.09,78,10.02,0.0
2019-11-13,44,59,8.5,11.9,8,9.99,9.58
2019-11-14,60,76,21.3,8.78,93,9.95,8.55
2019-11-15,63,84,27.4,11.04,48,9.92,9.0
2019-11-16,45,72,14.9,11.48,3,9.89,9.54
2019-11-17,59,71,21.0,3.68,87,9.86,1.51
2019-11-18,83,93,33.7,1.93,100,9.82,0.0
2019-11-19,80,95,37.1,8.36,87,9.79,8.89
2019-11-20,68,88,31.1,5.71,76,9.76,6.44
2019-11-21,71,85,34.1,10.11,39,9.73,8.93
2019-11-22,71,85,35.8,3.02,69,9.7,1.4
2019-11-23,59,76,25.1,9.6,50,9.67,8.39
2019-11-24,89,96,38.5,1.68,78,9.65,0.0
2019-11-25,75,89,34.6,8.25,35,9.62,9.17
2019-11-26,82,94,39.4,9.64,42,9.59,9.16
2019-11-27,86,99,44.3,4.65,75,9.56,3.16
2019-11-28,59,74,31.3,4.53,58,9.54,5.88
2019-11-29,59,74,21.2,9.2,48,9.52,8.94
2019-11-30,59,79,20.6,9.57,49,9.49,9.01
2019-12-01,80,96,25.9,1.25,100,9.47,0.0
2019-12-02,91,96,31.8,0.98,100,9.45,0.0
2019-12-03,68,83,22.1,8.6,49,9.43,8.1
2019-12-04,73,86,26.8,3.99,93,9.41,2.33
2019-12-05,68,94,25.9,6.25,69,9.39,6.01
2019-12-06,64,80,26.8,5.49,71,9.38,7.03
2019-12-07,64,84,21.1,8.62,25,9.36,8.41
2019-12-08,74,88,24.1,8.02,62,9.34,8.35
2019-12-09,93,99,44.4,1.21,100,9.33,0.0
2019-12-10,92,96,50.3,2.37,100,9.32,0.73
2019-12-11,73,96,27.2,4.05,68,9.31,3.47
2019-12-12,53,78,13.8,8.88,34,9.29,8.84
2019-12-13,90,99,36.1,1.34,100,9.28,0.0
2019-12-14,95,99,48.3,2.22,95,9.28,1.0
2019-12-15,59,82,28.3,7.09,42,9.27,7.71
2019-12-16,61,81,21.7,2.41,98,9.26,0.23
2019-12-17,92,94,30.6,1.22,100,9.25,0.0
2019-12-18,68,85,21.9,7.96,23,9.25,8.75
2019-12-19,45,54,3.0,9.0,8,9.25,8.84
2019-12-20,52,70,9.6,9.02,5,9.24,8.83
2019-12-21,68,92,16.7,6.2,75,9.24,6.9
2019-12-22,65,89,21.6,8.68,5,9.24,8.8
2019-12-23,69,84,30.4,8.6,20,9.24,8.89
2019-12-24,66,92,27.2,8.72,14,9.24,8.88
2019-12-25,78,97,26.3,7.71,49,9.25,8.6
2019-12-26,90,96,33.7,6.32,96,9.25,6.59
2019-12-27,90,94,42.6,2.9,96,9.26,2.42
2019-12-28,80,94,36.6,7.71,69,9.27,8.41
2019-12-29,81,95,31.6,3.97,91,9.27,2.6
2019-12-30,94,95,38.0,1.06,100,9.28,0.0
2019-12-31,87,93,35.1,3.19,81,9.29,3.09
2020-01-01,60,78,22.9,5.63,46,9.3,4.02
2020-01-02,69,81,27.0,8.24,45,9.32,7.55
2020-01-03,87,97,40.1,3.33,99,9.33,0.72
2020-01-04,97,100,44.8,1.38,100,9.35,0.0
2020-01-05,61,89,24.1,7.13,61,9.36,7.63
2020-01-06,66,83,26.2,7.14,51,9.38,7.41
2020-01-07,63,94,24.7,6.85,81,9.39,6.01
2020-01-08,64,91,21.1,7.91,32,9.41,8.98
2020-01-09,49,62,10.9,9.57,45,9.43,8.58
2020-01-10,78,91,34.7,4.54,77,9.45,3.24
2020-01-11,79,92,50.3,7.32,93,9.47,6.46
2020-01-12,71,91,48.5,8.59,58,9.5,8.0
2020-01-13,81,97,35.3,2.82,98,9.52,0.46
2020-01-14,91,100,36.8,3.19,100,9.54,0.32
2020-01-15,81,98,36.3,8.2,45,9.57,8.37
2020-01-16,69,94,31.5,7.83,49,9.59,8.09
2020-01-17,42,56,5.9,10.5,30,9.62,9.46
2020-01-18,57,95,11.7,3.08,100,9.64,0.26
2020-01-19,69,95,26.4,6.79,65,9.67,7.38
2020-01-20,45,56,6.2,10.89,11,9.7,9.54
2020-01-21,49,69,8.0,10.5,18,9.73,9.57
2020-01-22,65,83,16.5,10.73,6,9.76,9.6
2020-01-23,62,88,18.5,8.04,87,9.79,7.72
2020-01-24,69,89,27.0,10.61,55,9.83,9.58
2020-01-25,93,99,39.3,0.94,82,9.86,0.0
2020-01-26,75,93,31.4,7.73,33,9.89,8.74
2020-01-27,67,85,27.7,5.6,56,9.93,5.63
2020-01-28,63,82,25.4,6.11,71,9.96,3.26
2020-01-29,59,78,19.7,11.55,22,10.0,9.75
2020-01-30,67,90,18.4,10.61,51,10.03,9.47
2020-01-31,83,95,30.8,5.77,82,10.07,4.19
2020-02-01,94,99,34.8,3.43,86,10.1,0.0
2020-02-02,84,100,31.8,6.28,90,10.14,3.25
2020-02-03,77,100,34.6,11.33,43,10.18,9.79
2020-02-04,90,97,42.2,4.53,96,10.21,2.22
2020-02-05,70,93,30.8,3.42,100,10.25,0.0
2020-02-06,92,98,37.1,2.64,100,10.29,0.0
2020-02-07,80,99,34.1,5.57,91,10.33,4.41
2020-02-08,53,82,17.6,9.73,39,10.37,7.44
2020-02-09,81,96,28.5,8.13,72,10.41,8.68
2020-02-10,87,97,38.1,2.45,100,10.45,0.0
2020-02-11,96,99,42.0,2.4,99,10.49,0.48
2020-02-12,62,82,27.3,11.29,90,10.53,7.56
2020-02-13,91,98,37.0,1.74,100,10.57,0.0
2020-02-14,52,83,12.7,14.48,13,10.62,10.15
2020-02-15,52,74,6.3,14.59,37,10.66,9.68
2020-02-16,66,83,23.8,8.2,86,10.7,6.04
2020-02-17,67,87,27.6,14.32,57,10.74,10.21
2020-02-18,84,99,35.2,2.84,96,10.79,0.0
2020-02-19,61,95,26.8,14.95,39,10.83,10.36
2020-02-20,53,70,15.0,12.39,74,10.87,9.16
2020-02-21,46,61,8.3,15.92,0,10.91,10.51
2020-02-22,46,59,15.7,16.04,5,10.96,10.57
2020-02-23,48,68,20.3,16.1,4,11.0,10.59
2020-02-24,63,84,29.3,15.17,49,11.04,9.47
2020-02-25,84,99,40.6,4.77,100,11.09,0.0
2020-02-26,93,100,42.7,3.83,99,11.13,0.15
2020-02-27,63,97,26.6,14.26,48,11.17,10.67
2020-02-28,42,55,11.6,16.15,29,11.22,10.75
2020-02-29,44,55,10.3,14.63,27,11.26,10.56
2020-03-01,51,72,15.2,17.07,5,11.31,10.85
2020-03-02,64,81,31.2,16.31,48,11.35,10.51
2020-03-03,86,98,45.2,10.17,85,11.4,6.1
2020-03-04,57,83,31.4,16.91,36,11.44,11.12
2020-03-05,62,89,28.5,17.93,35,11.49,10.7
2020-03-06,86,95,35.3,6.23,76,11.53,2.77
2020-03-07,55,91,21.0,18.24,43,11.58,10.09
2020-03-08,45,62,21.8,17.78,20,11.63,11.48
2020-03-09,45,62,31.0,18.53,27,11.67,11.52
2020-03-10,67,88,43.1,5.75,84,11.72,2.24
2020-03-11,64,88,34.7,15.35,66,11.76,10.03
2020-03-12,77,91,35.9,6.4,73,11.81,3.33
2020-03-13,72,98,43.0,10.23,68,11.85,5.31
2020-03-14,44,54,25.6,18.91,48,11.9,10.79
2020-03-15,52,75,26.4,19.45,34,11.94,10.98
2020-03-16,57,71,22.7,17.67,48,11.99,10.02
2020-03-17,82,96,38.7,8.64,82,12.03,4.64
2020-03-18,65,85,31.8,18.87,56,12.08,10.38
2020-03-19,84,94,41.9,9.62,96,12.12,2.89
2020-03-20,80,97,51.1,9.24,94,12.17,4.26
2020-03-21,45,60,26.0,19.46,60,12.21,10.41
2020-03-22,51,70,19.7,14.98,72,12.26,10.16
2020-03-23,85,99,32.5,2.27,98,12.31,0.0
2020-03-24,71,93,33.5,20.01,37,12.35,12.0
2020-03-25,77,83,34.3,5.83,89,12.4,2.0
2020-03-26,74,92,35.6,21.57,25,12.44,12.0
2020-03-27,61,90,38.6,20.31,37,12.49,11.4
2020-03-28,77,96,38.4,3.95,86,12.53,0.46
2020-03-29,93,96,45.1,4.82,100,12.58,0.0
2020-03-30,88,97,42.6,13.5,78,12.62,8.96
2020-03-31,81,95,36.9,7.55,99,12.67,1.98
2020-04-01,60,82,30.2,19.39,80,12.71,11.26
2020-04-02,50,68,28.5,18.82,46,12.76,9.93
2020-04-03,77,88,39.7,5.35,99,12.8,0.07
2020-04-04,75,87,41.5,8.91,96,12.85,2.59
2020-04-05,83,97,45.0,14.34,68,12.89,10.05
2020-04-06,62,95,38.1,23.46,38,12.93,12.0
2020-04-07,51,80,34.9,20.72,74,12.98,11.0
2020-04-08,76,96,47.0,17.88,56,13.02,10.71
2020-04-09,75,93,41.1,10.22,50,13.07,5.62
2020-04-10,53,85,26.3,15.31,63,13.11,11.38
2020-04-11,44,63,22.9,21.88,25,13.16,10.97
2020-04-12,66,86,37.6,16.33,61,13.2,9.86
2020-04-13,85,93,54.1,3.82,77,13.24,1.1
2020-04-14,50,67,32.2,20.79,62,13.29,11.4
2020-04-15,50,83,26.3,20.21,70,13.33,8.73
2020-04-16,44,70,22.0,22.77,52,13.37,12.24
2020-04-17,59,91,26.3,18.87,58,13.42,8.7
2020-04-18,79,94,36.6,8.19,82,13.46,2.59
2020-04-19,55,74,31.8,24.12,38,13.5,10.75
2020-04-20,58,73,33.8,13.49,88,13.54,3.7
2020-04-21,72,87,38.6,14.2,45,13.58,9.48
2020-04-22,41,65,18.3,20.46,28,13.63,13.47
2020-04-23,56,74,27.0,15.28,83,13.67,5.03
2020-04-24,91,96,42.3,5.4,83,13.71,0.0
2020-04-25,73,97,39.8,20.54,53,13.75,11.77
2020-04-26,83,92,41.2,5.54,100,13.79,0.08
2020-04-27,79,90,36.9,5.18,97,13.83,0.0
2020-04-28,67,91,36.5,24.23,30,13.87,12.04
2020-04-29,83,99,42.6,9.58,70,13.91,4.41
2020-04-30,89,96,51.8,9.67,100,13.95,3.05
2020-05-01,87,99,53.4,15.93,82,13.98,9.41
2020-05-02,55,80,42.3,26.25,36,14.02,13.57
2020-05-03,64,88,50.5,21.61,64,14.06,12.79
2020-05-04,58,80,43.8,20.78,50,14.1,12.42
2020-05-05,51,82,32.2,25.59,51,14.14,12.87
2020-05-06,76,92,40.5,7.82,85,14.17,2.93
2020-05-07,55,90,34.9,23.53,47,14.21,13.45
2020-05-08,70,93,37.9,8.67,80,14.25,2.47
2020-05-09,51,91,22.3,25.61,35,14.28,13.94
2020-05-10,48,60,29.8,24.8,35,14.32,13.35
2020-05-11,70,87,40.9,18.33,48,14.35,11.44
2020-05-12,49,75,28.4,27.27,28,14.38,13.94
2020-05-13,48,72,28.6,25.99,16,14.42,13.89
2020-05-14,61,83,38.7,27.16,49,14.45,13.72
2020-05-15,71,92,57.7,22.11,66,14.48,11.17
2020-05-16,66,91,53.9,26.28,94,14.51,14.0
2020-05-17,72,91,47.6,25.03,93,14.54,13.86
2020-05-18,68,84,48.0,20.24,96,14.57,11.67
2020-05-19,53,84,39.5,24.83,95,14.6,12.19
2020-05-20,55,76,38.2,27.33,88,14.63,12.55
2020-05-21,75,94,44.9,29.55,2,14.66,14.01
2020-05-22,80,97,55.2,21.52,58,14.69,10.49
2020-05-23,93,99,59.0,9.37,96,14.71,2.22
2020-05-24,68,88,46.7,25.96,85,14.74,14.0
2020-05-25,85,96,55.0,14.9,80,14.76,6.34
2020-05-26,89,100,59.4,23.26,69,14.79,11.0
2020-05-27,91,99,61.1,18.18,99,14.81,7.4
2020-05-28,94,99,64.3,15.88,96,14.84,6.11
2020-05-29,89,99,68.2,15.86,97,14.86,8.19
2020-05-30,67,97,58.7,26.85,57,14.88,13.77
2020-05-31,48,66,40.7,29.56,6,14.9,14.05
2020-06-01,52,73,40.4,23.23,34,14.92,13.05
2020-06-02,58,79,47.7,18.45,77,14.94,11.78
2020-06-03,77,91,62.1,19.35,71,14.95,11.25
2020-06-04,73,96,62.8,27.11,68,14.97,13.94
2020-06-05,90,97,67.9,7.72,100,14.98,0.0
2020-06-06,72,98,64.7,23.44,67,15.0,12.73
2020-06-07,54,74,49.9,27.17,23,15.01,14.04
2020-06-08,56,84,49.9,29.7,32,15.03,14.13
2020-06-09,61,87,57.3,28.84,15,15.04,14.04
2020-06-10,78,89,65.7,24.89,71,15.05,13.57
2020-06-11,84,94,69.9,11.04,95,15.06,6.98
2020-06-12,60,90,57.8,28.39,42,15.07,14.0
2020-06-13,50,64,46.3,29.83,5,15.08,14.03
2020-06-14,59,79,47.3,29.06,18,15.08,14.03
2020-06-15,69,91,53.6,24.7,72,15.09,14.0
2020-06-16,68,94,53.8,28.93,62,15.09,14.04
2020-06-17,76,93,58.3,27.49,50,15.1,14.04
2020-06-18,88,97,64.8,14.58,85,15.1,6.32
2020-06-19,85,100,65.7,19.3,96,15.1,11.17
2020-06-20,83,100,67.5,22.83,95,15.1,12.76
2020-06-21,80,100,67.5,25.21,54,15.1,14.0
2020-06-22,75,95,68.6,25.81,22,15.1,14.0
2020-06-23,77,90,68.2,24.31,56,15.1,14.0
2020-06-24,63,93,62.0,25.84,53,15.1,12.0
2020-06-25,57,79,57.0,22.7,68,15.09,12.39
2020-06-26,56,86,56.4,24.91,31,15.09,13.8
2020-06-27,75,90,64.9,11.43,86,15.08,5.48
2020-06-28,82,95,69.3,22.12,36,15.07,14.0
2020-06-29,73,93,65.4,23.56,21,15.06,14.0
2020-06-30,76,90,63.9,19.09,52,15.05,11.71
2020-07-01,81,96,66.2,23.08,65,15.04,11.87
2020-07-02,71,95,66.0,24.25,27,15.03,14.0
2020-07-03,70,97,67.9,21.11,46,15.02,13.89
2020-07-04,78,98,67.1,22.99,50,15.01,11.78
2020-07-05,70,92,67.0,27.48,39,14.99,14.0
2020-07-06,65,88,65.4,25.84,41,14.98,14.0
2020-07-07,83,96,69.5,17.58,78,14.96,9.75
2020-07-08,87,96,72.9,13.99,78,14.94,8.21
2020-07-09,82,99,71.5,26.14,35,14.93,13.71
2020-07-10,95,99,72.4,4.99,98,14.91,0.55
2020-07-11,87,94,72.5,14.58,64,14.89,9.7
2020-07-12,64,84,64.2,25.68,24,14.87,14.0
2020-07-13,64,88,64.4,25.17,44,14.85,13.88
2020-07-14,65,83,62.5,24.25,24,14.83,14.0
2020-07-15,78,93,66.2,21.0,48,14.8,14.0
2020-07-16,73,86,62.4,21.58,60,14.78,12.46
2020-07-17,80,95,68.3,14.88,71,14.75,8.26
2020-07-18,70,98,66.6,28.1,45,14.73,14.0
2020-07-19,69,92,70.0,25.38,51,14.7,14.0
2020-07-20,64,92,69.8,23.11,80,14.67,12.6
2020-07-21,64,84,66.4,26.33,18,14.65,14.0
2020-07-22,77,96,72.7,22.18,70,14.62,12.19
2020-07-23,84,96,73.3,17.34,86,14.59,10.51
2020-07-24,87,96,71.4,10.08,94,14.56,3.43
2020-07-25,79,98,70.6,22.47,27,14.53,14.0
2020-07-26,62,90,66.1,25.28,61,14.5,12.93
2020-07-27,52,70,63.5,27.14,73,14.47,14.0
2020-07-28,63,77,70.0,21.39,35,14.44,13.78
2020-07-29,69,90,68.9,24.78,35,14.4,14.0
2020-07-30,61,85,66.6,18.57,93,14.37,10.14
2020-07-31,78,93,68.9,11.48,71,14.34,5.78
2020-08-01,70,89,66.4,23.07,39,14.3,13.17
2020-08-02,83,91,74.0,12.51,83,14.27,6.96
2020-08-03,66,93,68.1,24.62,38,14.24,12.52
2020-08-04,85,95,70.9,8.83,73,14.2,5.57
2020-08-05,68,95,65.5,25.19,16,14.16,13.97
2020-08-06,76,88,64.4,16.02,76,14.13,10.59
2020-08-07,78,91,67.1,17.33,86,14.09,9.57
2020-08-08,86,96,69.5,17.94,61,14.05,13.31
2020-08-09,83,98,70.9,21.8,25,14.02,13.85
2020-08-10,78,97,72.3,23.14,10,13.98,13.82
2020-08-11,82,96,73.7,21.26,39,13.94,13.75
2020-08-12,83,99,74.5,19.53,72,13.9,12.75
2020-08-13,83,94,70.5,9.39,92,13.86,2.33
2020-08-14,71,98,66.9,22.07,64,13.82,12.95
2020-08-15,69,86,63.3,17.22,83,13.78,6.46
2020-08-16,86,93,64.0,7.11,83,13.74,1.03
2020-08-17,82,94,63.6,21.61,25,13.7,12.41
2020-08-18,72,97,62.7,22.49,29,13.66,13.16
2020-08-19,83,94,64.4,12.61,52,13.62,7.86
2020-08-20,70,95,58.6,25.29,25,13.58,13.25
2020-08-21,72,92,63.8,21.76,87,13.54,12.0
2020-08-22,76,93,69.0,19.93,73,13.5,11.2
2020-08-23,82,96,70.3,19.68,64,13.46,12.35
2020-08-24,80,97,71.3,20.39,35,13.42,12.41
2020-08-25,69,93,67.7,21.29,19,13.37,12.51
2020-08-26,51,68,52.6,23.69,34,13.33,12.62
2020-08-27,68,88,64.6,20.75,59,13.29,11.53
2020-08-28,76,94,67.3,19.95,42,13.25,11.3
2020-08-29,90,97,72.0,7.77,76,13.2,5.4
2020-08-30,60,75,56.0,20.53,20,13.16,12.42
2020-08-31,69,84,57.0,14.59,89,13.12,8.94
2020-09-01,79,93,64.4,14.34,74,13.07,8.61
2020-09-02,91,96,70.0,7.09,93,13.03,1.7
2020-09-03,78,97,68.7,19.11,82,12.98,11.06
2020-09-04,72,96,64.7,21.54,20,12.94,12.18
2020-09-05,62,85,55.0,21.94,34,12.9,12.02
2020-09-06,65,79,58.3,19.39,21,12.85,12.11
2020-09-07,78,93,62.8,21.09,19,12.81,12.04
2020-09-08,84,100,65.6,20.67,41,12.77,12.0
2020-09-09,88,100,68.5,11.45,95,12.72,4.02
2020-09-10,92,98,72.7,8.58,100,12.68,2.95
2020-09-11,75,100,62.4,16.04,52,12.63,12.0
2020-09-12,72,89,55.1,15.07,50,12.59,11.59
2020-09-13,80,88,61.9,10.61,76,12.55,6.23
2020-09-14,64,90,55.6,20.33,41,12.5,12.0
2020-09-15,62,81,46.1,21.6,0,12.46,12.01
2020-09-16,74,89,53.9,20.4,6,12.41,11.97
2020-09-17,83,100,61.1,10.36,93,12.37,4.2
2020-09-18,67,95,51.2,13.77,53,12.32,9.84
2020-09-19,47,61,35.0,21.33,0,12.28,11.88
2020-09-20,53,74,36.8,19.59,23,12.23,11.85
2020-09-21,61,81,40.6,20.76,0,12.19,11.83
2020-09-22,55,85,41.0,20.57,0,12.14,11.8
2020-09-23,56,72,49.1,19.62,0,12.1,11.77
2020-09-24,71,90,55.4,12.5,85,12.05,7.03
2020-09-25,80,94,59.0,16.78,73,12.01,11.15
2020-09-26,87,99,62.0,11.29,52,11.96,8.96
2020-09-27,88,100,66.0,12.23,71,11.92,7.99
2020-09-28,89,100,66.8,11.7,64,11.87,9.45
2020-09-29,92,97,66.9,7.07,65,11.83,5.45
2020-09-30,73,96,56.3,15.72,46,11.78,8.62
2020-10-01,63,83,50.4,15.3,39,11.74,11.15
2020-10-02,72,89,50.1,9.12,59,11.7,5.4
2020-10-03,65,83,44.4,17.84,3,11.65,11.26
2020-10-04,74,91,48.2,14.04,38,11.61,10.67
2020-10-05,77,91,51.4,14.91,24,11.56,11.01
2020-10-06,73,99,51.5,17.02,12,11.52,11.09
2020-10-07,64,91,50.8,14.7,36,11.47,9.48
2020-10-08,54,70,40.8,17.08,5,11.43,11.0
2020-10-09,63,77,44.9,15.33,26,11.38,10.5
2020-10-10,70,86,54.5,15.15,58,11.34,10.47
2020-10-11,74,93,54.1,7.51,98,11.29,3.33
2020-10-12,89,93,51.6,2.74,100,11.25,0.0
2020-10-13,91,95,54.2,2.79,87,11.21,0.77
2020-10-14,68,90,46.7,16.04,4,11.16,10.81
2020-10-15,78,88,54.2,15.42,56,11.12,10.79
2020-10-16,88,94,53.8,1.73,92,11.07,0.0
2020-10-17,67,89,40.1,15.95,23,11.03,10.76
2020-10-18,72,86,44.8,12.69,46,10.99,10.74
2020-10-19,83,96,51.9,9.72,80,10.95,9.41
2020-10-20,90,97,58.9,9.22,61,10.9,7.35
2020-10-21,96,100,61.4,6.93,87,10.86,4.24
2020-10-22,94,100,63.1,6.25,81,10.82,2.41
2020-10-23,94,100,62.0,6.4,89,10.78,5.35
2020-10-24,79,98,54.5,6.69,80,10.74,4.91
2020-10-25,66,93,37.4,6.8,100,10.69,3.25
2020-10-26,88,96,52.8,3.73,100,10.65,0.08
2020-10-27,77,97,49.5,9.55,94,10.61,6.33
2020-10-28,84,95,50.5,3.45,96,10.57,1.33
2020-10-29,91,94,48.6,1.11,100,10.53,0.0
2020-10-30,87,99,38.0,2.36,82,10.49,0.44
2020-10-31,70,88,30.1,13.28,26,10.45,10.19
2020-11-01,78,94,42.2,5.96,77,10.41,4.13
2020-11-02,53,79,24.3,11.42,31,10.37,9.76
2020-11-03,53,75,29.4,8.56,50,10.33,7.85
2020-11-04,70,82,39.6,12.2,10,10.29,9.79
2020-11-05,75,90,46.0,11.78,42,10.25,9.65
2020-11-06,76,91,49.2,11.07,44,10.21,8.78
2020-11-07,69,88,47.7,11.78,13,10.18,9.68
2020-11-08,75,88,48.6,11.76,10,10.14,9.67
2020-11-09,81,92,49.7,11.55,0,10.1,9.66
2020-11-10,88,98,56.4,9.95,14,10.07,8.94
2020-11-11,94,98,62.4,3.2,68,10.03,1.06
2020-11-12,88,100,52.0,1.76,100,10.0,0.0
2020-11-13,90,95,45.0,2.2,71,9.96,0.5
2020-11-14,68,87,34.7,11.19,15,9.93,9.47
2020-11-15,76,88,42.1,6.17,58,9.9,5.79
2020-11-16,54,76,31.4,10.86,8,9.86,9.4
2020-11-17,62,74,28.9,5.7,46,9.83,6.11
2020-11-18,50,61,16.3,10.89,19,9.8,9.41
2020-11-19,62,78,24.1,8.93,42,9.77,9.23
2020-11-20,64,74,36.7,10.22,14,9.74,9.24
2020-11-21,62,78,39.0,9.38,31,9.71,9.0
2020-11-22,74,90,38.2,2.46,95,9.68,0.0
2020-11-23,74,96,41.6,6.46,52,9.65,5.26
2020-11-24,66,83,30.2,7.77,46,9.62,8.14
2020-11-25,75,88,38.3,5.89,88,9.6,4.31
2020-11-26,87,95,51.6,4.53,60,9.57,4.83
2020-11-27,77,94,44.0,8.22,25,9.55,8.96
2020-11-28,69,90,37.1,7.21,37,9.52,7.36
2020-11-29,68,85,32.7,9.59,20,9.5,9.11
2020-11-30,88,97,50.3,0.79,95,9.48,0.0
2020-12-01,78,99,41.8,5.8,57,9.46,8.35
2020-12-02,61,68,26.5,5.95,43,9.44,3.91
2020-12-03,57,78,25.8,9.35,40,9.42,8.86
2020-12-04,73,93,36.4,4.33,82,9.4,4.0
2020-12-05,82,96,36.9,2.62,73,9.38,3.1
2020-12-06,56,65,21.8,8.72,21,9.36,8.71
2020-12-07,65,80,22.9,7.65,37,9.35,7.68
2020-12-08,61,78,20.5,7.87,63,9.33,7.32
2020-12-09,70,78,24.9,4.72,72,9.32,3.53
2020-12-10,74,89,31.3,8.25,11,9.31,8.44
2020-12-11,82,93,34.4,8.31,32,9.3,8.59
2020-12-12,94,98,44.7,2.32,77,9.29,0.56
2020-12-13,81,94,43.7,7.36,66,9.28,8.71
2020-12-14,84,97,33.2,1.61,84,9.27,0.0
2020-12-15,56,65,18.9,8.25,45,9.26,8.69
2020-12-16,64,88,17.1,2.84,95,9.25,1.13
2020-12-17,81,91,21.9,3.54,86,9.25,0.85
2020-12-18,75,88,16.4,8.36,41,9.25,7.39
2020-12-19,82,88,15.7,7.64,56,9.24,6.72
2020-12-20,85,98,25.5,4.0,88,9.24,1.4
2020-12-21,93,100,32.4,5.9,82,9.24,7.07
2020-12-22,80,94,30.1,8.02,41,9.24,7.12
2020-12-23,75,87,28.1,8.31,67,9.24,8.59
2020-12-24,84,93,45.9,4.25,93,9.25,4.36
2020-12-25,84,96,44.5,0.91,94,9.25,0.0
2020-12-26,55,61,12.8,8.9,1,9.26,8.77
2020-12-27,64,81,18.5,8.61,31,9.26,8.94
2020-12-28,76,87,32.8,5.31,57,9.27,5.53
2020-12-29,56,77,19.3,8.06,21,9.28,7.1
2020-12-30,64,74,21.2,6.69,91,9.29,5.56
2020-12-31,74,92,34.3,2.68,92,9.3,0.08
2021-01-01,78,94,27.2,5.44,83,9.31,4.47
2021-01-02,81,99,35.9,7.2,65,9.33,7.76
2021-01-03,88,96,31.4,1.36,98,9.34,0.0
2021-01-04,84,97,32.3,6.29,79,9.36,5.05
2021-01-05,77,86,29.7,4.68,84,9.37,4.19
2021-01-06,70,91,25.6,8.54,32,9.39,8.76
2021-01-07,61,70,21.2,9.28,8,9.41,9.24
2021-01-08,64,78,20.4,8.93,56,9.42,7.34
2021-01-09,50,57,14.0,7.62,49,9.44,6.77
2021-01-10,65,82,21.0,9.37,39,9.47,9.3
2021-01-11,75,85,21.9,3.87,69,9.49,0.0
2021-01-12,73,86,24.4,9.6,13,9.51,9.35
2021-01-13,76,88,25.8,7.16,49,9.53,8.49
2021-01-14,80,91,31.6,7.14,77,9.56,7.74
2021-01-15,89,96,35.0,3.81,88,9.59,0.83
2021-01-16,84,97,37.0,3.75,85,9.61,2.73
2021-01-17,59,73,24.9,9.46,27,9.64,9.4
2021-01-18,68,84,27.6,9.52,19,9.67,9.51
2021-01-19,65,82,23.7,6.89,36,9.7,6.31
2021-01-20,59,83,18.6,9.3,37,9.73,8.89
2021-01-21,61,86,18.5,8.87,27,9.76,9.0
2021-01-22,61,87,23.8,8.82,17,9.79,9.63
2021-01-23,48,77,10.1,8.82,34,9.82,8.68
2021-01-24,44,52,6.8,11.03,39,9.85,9.69
2021-01-25,52,65,13.9,9.14,68,9.88,7.88
2021-01-26,71,95,23.1,2.4,95,9.92,0.25
2021-01-27,73,99,25.7,7.94,76,9.95,8.07
2021-01-28,54,69,12.1,10.93,58,9.99,7.74
2021-01-29,43,50,0.6,12.19,11,10.02,9.77
2021-01-30,44,57,3.3,12.33,0,10.06,9.79
2021-01-31,57,75,9.2,5.3,91,10.09,0.84
2021-02-01,86,90,25.1,1.66,100,10.13,0.0
2021-02-02,82,86,27.0,3.06,100,10.17,0.0
2021-02-03,74,84,23.6,6.5,88,10.2,2.1
2021-02-04,72,88,22.8,13.02,14,10.24,9.87
2021-02-05,82,89,29.7,10.05,62,10.28,7.0
2021-02-06,69,86,22.0,12.97,21,10.32,9.91
2021-02-07,85,90,24.9,3.03,83,10.36,0.0
2021-02-08,67,80,9.9,13.87,10,10.4,9.95
2021-02-09,84,89,20.4,4.59,82,10.44,0.63
2021-02-10,71,89,16.3,13.3,60,10.48,9.23
2021-02-11,77,92,20.4,12.74,96,10.52,8.0
2021-02-12,68,83,11.4,11.44,70,10.56,6.89
2021-02-13,68,78,14.4,7.24,98,10.61,4.63
2021-02-14,79,85,25.0,7.07,99,10.65,2.7
2021-02-15,82,92,25.7,3.73,100,10.69,0.0
2021-02-16,83,100,35.3,11.43,59,10.73,7.47
2021-02-17,59,70,12.6,13.96,48,10.77,10.29
2021-02-18,74,90,18.3,2.96,99,10.81,0.0
2021-02-19,89,91,26.1,3.72,100,10.86,0.0
2021-02-20,72,90,19.9,10.56,51,10.9,5.19
2021-02-21,68,83,14.9,16.51,16,10.94,10.56
2021-02-22,85,100,26.3,3.62,91,10.99,0.03
2021-02-23,76,87,29.8,7.6,66,11.03,3.35
2021-02-24,70,89,31.7,15.55,36,11.08,10.64
2021-02-25,54,69,25.7,16.74,12,11.12,10.65
2021-02-26,63,74,22.8,16.35,69,11.16,10.08
2021-02-27,87,96,39.3,4.34,76,11.21,2.68
2021-02-28,82,96,34.8,4.37,99,11.25,0.0
2021-03-01,79,100,34.8,4.91,82,11.3,2.16
2021-03-02,43,59,6.2,18.03,8,11.34,11.02
2021-03-03,52,79,20.9,17.43,10,11.39,11.03
2021-03-04,57,85,20.9,12.43,40,11.43,9.78
2021-03-05,42,54,7.4,18.71,3,11.48,11.21
2021-03-06,53,76,13.8,12.18,61,11.52,8.71
2021-03-07,54,67,15.3,16.94,12,11.57,11.39
2021-03-08,51,63,14.3,19.12,10,11.61,11.47
2021-03-09,50,67,27.9,18.37,22,11.66,10.97
2021-03-10,76,96,33.1,18.67,13,11.7,11.56
2021-03-11,71,100,41.2,17.79,55,11.75,9.91
2021-03-12,52,92,37.2,17.74,48,11.79,10.92
2021-03-13,39,48,16.4,19.92,0,11.84,11.69
2021-03-14,40,51,17.9,16.88,17,11.88,11.74
2021-03-15,34,48,4.0,20.69,23,11.93,11.78
2021-03-16,55,75,16.1,9.0,92,11.98,7.36
2021-03-17,79,91,33.3,10.07,99,12.02,4.27
2021-03-18,94,97,41.0,2.22,100,12.07,0.0
2021-03-19,45,92,14.4,20.23,52,12.11,11.92
2021-03-20,56,85,23.8,21.28,0,12.16,11.94
2021-03-21,63,88,30.1,21.51,2,12.21,11.97
2021-03-22,73,95,34.1,21.49,0,12.25,12.0
2021-03-23,83,97,41.5,20.47,51,12.3,12.0
2021-03-24,92,99,46.4,5.43,90,12.34,0.72
2021-03-25,93,100,52.0,16.21,99,12.39,9.38
2021-03-26,74,99,51.4,14.31,50,12.43,8.05
2021-03-27,64,76,41.3,17.68,44,12.48,10.4
2021-03-28,89,98,50.5,3.57,84,12.52,0.0
2021-03-29,49,81,27.8,21.22,33,12.57,11.9
2021-03-30,68,91,34.6,22.77,17,12.61,12.0
2021-03-31,85,97,48.9,9.6,99,12.66,4.98
2021-04-01,68,100,34.1,11.08,65,12.7,6.0
2021-04-02,44,63,13.7,15.26,43,12.75,7.75
2021-04-03,44,61,18.4,24.13,11,12.79,12.02
2021-04-04,50,74,30.7,19.54,54,12.84,11.36
2021-04-05,42,60,29.4,24.04,5,12.88,12.06
2021-04-06,43,64,28.9,24.55,6,12.92,12.21
2021-04-07,56,71,38.2,20.92,49,12.97,10.87
2021-04-08,69,89,42.6,23.45,5,13.01,12.16
2021-04-09,87,98,44.5,12.21,71,13.06,8.94
2021-04-10,87,99,50.1,16.39,97,13.1,10.0
2021-04-11,97,100,52.6,4.14,100,13.15,0.0
2021-04-12,87,95,42.5,4.24,100,13.19,0.0
2021-04-13,71,94,41.8,20.55,61,13.23,12.23
2021-04-14,77,95,47.0,17.22,61,13.28,8.9
2021-04-15,94,98,50.2,4.22,96,13.32,0.62
2021-04-16,74,93,37.0,17.77,57,13.36,9.96
2021-04-17,71,94,37.6,12.41,89,13.41,6.07
2021-04-18,67,85,39.6,16.05,57,13.45,12.14
2021-04-19,73,92,43.0,18.46,41,13.49,11.53
2021-04-20,63,91,43.6,23.82,26,13.53,13.07
2021-04-21,62,78,40.1,17.85,48,13.57,11.98
2021-04-22,45,63,20.6,17.51,49,13.61,10.03
2021-04-23,45,65,26.9,26.23,17,13.66,13.5
2021-04-24,48,67,35.7,24.58,54,13.7,10.97
2021-04-25,72,94,44.5,10.41,81,13.74,5.34
2021-04-26,47,68,28.0,27.48,11,13.78,13.62
2021-04-27,52,77,32.5,23.16,55,13.82,12.81
2021-04-28,73,93,52.5,21.5,88,13.86,11.93
2021-04-29,83,91,59.2,8.83,98,13.9,1.77
2021-04-30,56,83,43.6,21.83,43,13.94,13.78
2021-05-01,48,63,31.3,27.73,35,13.98,13.8
2021-05-02,48,74,44.2,21.77,73,14.02,12.41
2021-05-03,78,94,50.0,7.15,98,14.05,1.0
2021-05-04,87,97,54.6,15.22,96,14.09,6.11
2021-05-05,92,96,52.2,6.15,94,14.13,0.29
2021-05-06,56,78,38.8,26.57,41,14.16,12.52
2021-05-07,58,80,39.0,23.22,83,14.2,12.74
2021-05-08,78,91,43.1,12.25,80,14.24,6.41
2021-05-09,73,93,41.5,18.15,67,14.27,8.31
2021-05-10,75,94,44.1,12.51,86,14.3,2.9
2021-05-11,56,84,37.3,20.95,64,14.34,13.15
2021-05-12,53,74,36.3,27.86,15,14.37,13.99
2021-05-13,49,68,36.7,26.41,11,14.41,14.0
2021-05-14,52,80,40.1,26.69,17,14.44,14.0
2021-05-15,53,90,42.9,25.86,28,14.47,14.0
2021-05-16,55,77,44.8,21.23,81,14.5,12.1
2021-05-17,60,90,46.9,25.62,21,14.53,14.0
2021-05-18,50,78,46.4,24.8,26,14.56,13.88
2021-05-19,53,77,50.2,28.56,11,14.59,14.0
2021-05-20,60,87,47.1,28.03,58,14.62,14.0
2021-05-21,64,91,50.4,27.95,33,14.65,14.0
2021-05-22,53,71,56.4,19.43,82,14.68,11.0
2021-05-23,58,78,60.8,22.07,69,14.71,14.0
2021-05-24,56,67,45.1,18.94,73,14.73,10.18
2021-05-25,64,75,50.9,24.41,73,14.76,11.02
2021-05-26,73,92,63.9,23.4,52,14.78,13.15
2021-05-27,60,94,55.7,29.29,38,14.81,14.0
2021-05-28,63,91,45.4,13.99,81,14.83,6.89
2021-05-29,85,90,45.5,5.71,100,14.85,0.0
2021-05-30,89,93,46.8,4.65,100,14.87,0.0
2021-05-31,73,93,48.2,15.04,83,14.89,6.45
2021-06-01,72,92,52.5,20.8,88,14.91,10.81
2021-06-02,77,92,56.2,19.52,94,14.93,8.65
2021-06-03,91,96,61.5,12.66,98,14.95,4.73
2021-06-04,87,96,65.3,15.28,79,14.96,5.09
2021-06-05,71,95,64.3,27.29,13,14.98,14.04
2021-06-06,65,79,65.5,25.86,17,15.0,14.04
2021-06-07,77,91,69.9,22.3,54,15.01,12.84
2021-06-08,86,98,72.9,19.36,84,15.02,9.03
2021-06-09,81,97,71.5,24.09,76,15.04,13.49
2021-06-10,64,91,59.2,25.37,59,15.05,14.0
2021-06-11,69,82,53.8,11.24,85,15.06,4.67
2021-06-12,80,96,58.9,14.13,80,15.07,6.33
2021-06-13,77,94,58.5,18.9,61,15.08,10.61
2021-06-14,84,94,61.7,16.06,77,15.08,9.23
2021-06-15,74,98,59.9,24.62,44,15.09,13.0
2021-06-16,56,80,49.7,29.93,11,15.09,14.04
2021-06-17,54,81,46.9,30.29,17,15.1,14.13
2021-06-18,58,80,53.1,27.42,50,15.1,11.2
2021-06-19,66,83,62.4,21.2,96,15.1,9.81
2021-06-20,77,91,65.7,23.68,38,15.1,14.04
2021-06-21,83,93,71.1,22.52,74,15.1,13.17
2021-06-22,85,96,64.4,9.87,91,15.1,4.15
2021-06-23,58,78,47.8,26.35,32,15.1,14.05
2021-06-24,66,90,53.1,28.69,22,15.1,14.05
2021-06-25,77,92,59.2,28.53,76,15.09,13.9
2021-06-26,87,96,68.8,19.55,87,15.09,13.31
2021-06-27,81,92,71.7,19.62,82,15.08,10.79
2021-06-28,72,84,71.6,24.68,66,15.07,13.98
2021-06-29,71,81,73.1,25.12,17,15.07,14.0
2021-06-30,64,86,70.8,24.37,22,15.06,14.0
2021-07-01,79,95,69.9,13.59,71,15.05,7.42
2021-07-02,89,96,68.4,11.53,100,15.04,1.87
2021-07-03,88,96,60.1,11.15,98,15.02,5.04
2021-07-04,77,92,60.6,23.67,42,15.01,14.0
2021-07-05,82,100,66.8,22.28,30,15.0,14.0
2021-07-06,73,93,69.4,24.7,81,14.98,13.88
2021-07-07,80,96,73.2,24.42,24,14.97,14.0
2021-07-08,88,97,72.1,14.96,91,14.95,7.39
2021-07-09,82,97,70.1,17.21,85,14.93,7.81
2021-07-10,83,96,68.2,18.81,47,14.91,14.0
2021-07-11,88,97,69.0,10.85,88,14.89,5.63
2021-07-12,91,98,73.7,13.92,95,14.87,5.1
2021-07-13,91,97,70.0,10.24,100,14.85,1.15
2021-07-14,85,99,71.4,20.1,78,14.83,10.38
2021-07-15,81,97,71.7,23.07,47,14.81,14.0
2021-07-16,73,92,71.5,24.56,43,14.78,13.99
2021-07-17,83,96,74.1,22.27,87,14.76,12.85
2021-07-18,79,96,70.0,21.59,77,14.73,12.57
2021-07-19,74,91,66.1,21.42,52,14.71,13.64
2021-07-20,74,93,68.7,25.12,10,14.68,14.0
2021-07-21,77,92,67.3,20.53,30,14.65,13.0
2021-07-22,67,93,59.6,23.94,39,14.62,13.83
2021-07-23,62,79,57.9,24.76,18,14.6,14.0
2021-07-24,72,95,62.3,24.79,40,14.57,12.0
2021-07-25,78,92,68.1,15.3,71,14.54,8.54
2021-07-26,70,97,66.7,24.38,63,14.51,12.72
2021-07-27,67,88,64.9,23.76,21,14.48,14.0
2021-07-28,73,92,64.1,23.57,25,14.45,14.0
2021-07-29,87,95,68.4,13.47,62,14.41,7.72
2021-07-30,68,94,61.1,25.87,12,14.38,14.0
2021-07-31,62,81,53.4,26.48,8,14.35,14.0
2021-08-01,73,91,60.8,18.15,49,14.31,12.97
2021-08-02,68,95,58.5,24.6,19,14.28,14.0
2021-08-03,65,86,56.3,14.04,85,14.24,3.37
2021-08-04,72,85,60.5,12.75,99,14.21,2.01
2021-08-05,76,92,63.0,13.11,52,14.17,9.7
2021-08-06,69,92,63.8,23.0,26,14.14,13.96
2021-08-07,65,83,63.7,20.57,93,14.1,11.77
2021-08-08,80,90,63.9,10.55,96,14.06,6.88
2021-08-09,84,97,68.0,15.4,85,14.02,10.34
2021-08-10,89,98,71.8,14.93,68,13.99,10.22
2021-08-11,83,98,74.3,21.43,64,13.95,12.78
2021-08-12,72,93,72.1,23.94,45,13.91,13.34
2021-08-13,70,86,72.3,23.53,41,13.87,12.62
2021-08-14,71,88,70.3,18.01,71,13.83,11.78
2021-08-15,56,70,57.7,24.12,69,13.79,13.02
2021-08-16,69,81,62.3,15.79,81,13.75,8.34
2021-08-17,76,88,66.7,12.42,96,13.71,6.64
2021-08-18,88,97,72.0,11.31,94,13.67,5.36
2021-08-19,79,96,72.0,16.44,84,13.63,11.05
2021-08-20,79,89,69.3,9.52,92,13.59,1.99
2021-08-21,86,97,72.2,12.77,87,13.55,5.43
2021-08-22,94,97,72.0,2.5,100,13.51,0.0
2021-08-23,85,96,71.3,14.34,61,13.47,10.22
2021-08-24,76,94,69.4,23.55,4,13.42,12.75
2021-08-25,74,92,69.3,21.51,31,13.38,12.68
2021-08-26,79,91,73.3,21.4,16,13.34,12.53
2021-08-27,81,96,73.9,20.2,33,13.3,11.48
2021-08-28,84,96,68.2,9.84,91,13.25,4.37
2021-08-29,83,96,66.3,7.16,90,13.21,0.0
2021-08-30,88,98,72.4,13.15,69,13.17,8.13
2021-08-31,76,97,67.4,17.87,92,13.12,8.91
2021-09-01,89,97,67.1,3.22,100,13.08,0.0
2021-09-02,67,90,54.6,22.68,35,13.04,12.0
2021-09-03,69,86,54.1,16.91,25,13.0,10.74
2021-09-04,73,91,57.7,21.07,51,12.95,12.0
2021-09-05,83,93,64.1,9.73,86,12.91,5.6
2021-09-06,75,97,62.8,20.62,33,12.87,12.0
2021-09-07,72,93,58.6,22.09,4,12.82,12.12
2021-09-08,77,87,66.0,16.73,39,12.78,11.55
2021-09-09,92,98,67.9,4.24,96,12.73,0.0
2021-09-10,67,89,54.8,21.63,10,12.69,12.06
2021-09-11,66,91,53.9,19.48,20,12.64,12.0
2021-09-12,69,83,62.2,19.31,38,12.6,12.0
2021-09-13,70,88,66.2,17.37,65,12.56,10.48
2021-09-14,80,96,65.0,18.76,80,12.51,12.0
2021-09-15,79,97,69.1,17.22,74,12.47,12.0
2021-09-16,85,96,65.8,11.96,90,12.42,5.68
2021-09-17,90,97,67.9,8.72,89,12.38,3.69
2021-09-18,83,98,67.6,13.96,42,12.33,11.11
2021-09-19,68,87,57.0,20.31,4,12.29,11.89
2021-09-20,79,95,58.7,15.42,23,12.24,11.72
2021-09-21,79,96,61.1,12.94,80,12.2,10.88
2021-09-22,89,97,69.4,12.89,87,12.15,7.1
2021-09-23,84,97,68.5,13.5,95,12.11,9.39
2021-09-24,70,92,54.9,19.04,39,12.06,10.75
2021-09-25,74,91,55.8,19.2,35,12.02,11.4
2021-09-26,61,80,50.3,18.19,12,11.97,11.69
2021-09-27,57,68,51.5,18.14,28,11.93,11.6
2021-09-28,76,88,59.3,7.97,70,11.89,3.16
2021-09-29,62,81,46.5,15.72,44,11.84,10.98
2021-09-30,65,81,47.2,13.56,54,11.8,7.84
2021-10-01,69,87,46.5,18.27,4,11.75,11.4
2021-10-02,71,90,51.6,17.53,48,11.71,11.33
2021-10-03,78,97,58.4,16.65,55,11.66,11.0
2021-10-04,94,98,64.5,4.87,97,11.62,1.54
2021-10-05,86,94,58.1,7.38,100,11.57,2.93
2021-10-06,85,96,59.3,7.01,96,11.53,2.5
2021-10-07,86,99,61.3,10.53,68,11.48,9.54
2021-10-08,85,97,60.9,12.34,61,11.44,10.92
2021-10-09,79,89,56.9,8.28,98,11.39,5.61
2021-10-10,86,91,58.9,4.11,97,11.35,0.0
2021-10-11,82,95,59.2,11.12,80,11.3,7.15
2021-10-12,86,98,59.4,10.57,55,11.26,9.0
2021-10-13,90,100,61.3,7.15,74,11.22,1.84
2021-10-14,79,96,59.6,13.83,51,11.17,10.82
2021-10-15,79,96,60.3,14.21,44,11.13,10.47
2021-10-16,80,88,62.0,11.51,86,11.09,9.0
2021-10-17,67,85,45.6,14.48,13,11.04,10.76
2021-10-18,59,73,39.0,13.69,16,11.0,10.74
2021-10-19,56,72,40.6,14.94,3,10.96,10.72
2021-10-20,55,66,47.7,14.37,32,10.92,9.59
2021-10-21,71,86,53.1,14.04,33,10.87,10.69
2021-10-22,67,87,51.9,11.52,44,10.83,10.13
2021-10-23,67,82,44.3,8.2,86,10.79,5.67
2021-10-24,73,95,44.4,10.97,50,10.74,8.31
2021-10-25,86,96,60.7,8.39,97,10.7,7.08
2021-10-26,90,97,57.4,3.79,100,10.66,0.63
2021-10-27,72,92,47.7,9.35,92,10.62,7.59
2021-10-28,74,89,44.7,12.21,42,10.58,10.31
2021-10-29,75,90,45.1,5.72,91,10.54,1.38
2021-10-30,86,97,55.3,8.76,72,10.5,7.69
2021-10-31,81,98,52.3,11.09,50,10.46,9.83
2021-11-01,64,81,41.0,12.76,19,10.42,10.0
2021-11-02,68,90,38.4,5.48,91,10.38,2.35
2021-11-03,68,91,33.8,12.37,21,10.34,9.89
2021-11-04,67,95,32.4,11.29,67,10.3,8.05
2021-11-05,69,89,33.0,12.51,0,10.26,9.79
2021-11-06,72,88,34.5,12.38,0,10.23,9.78
2021-11-07,74,97,36.0,11.83,64,10.19,9.1
2021-11-08,66,91,39.6,11.67,20,10.15,9.67
2021-11-09,78,95,45.7,11.33,15,10.11,9.64
2021-11-10,67,90,43.2,11.35,45,10.08,9.62
2021-11-11,75,89,42.2,10.03,91,10.04,7.53
2021-11-12,82,95,54.0,3.99,62,10.01,3.55
2021-11-13,76,91,40.8,8.06,26,9.97,6.74
2021-11-14,65,79,31.8,7.55,62,9.94,4.93
2021-11-15,74,94,34.0,6.11,48,9.9,4.27
2021-11-16,60,75,28.3,10.47,9,9.87,9.4
2021-11-17,77,93,38.2,8.14,64,9.84,8.36
2021-11-18,81,94,49.9,10.02,43,9.8,9.22
2021-11-19,58,86,29.4,10.34,26,9.77,9.23
2021-11-20,71,87,30.7,9.66,64,9.74,9.0
2021-11-21,77,94,40.0,9.52,89,9.71,7.27
2021-11-22,72,91,38.1,3.66,91,9.68,0.18
2021-11-23,51,68,19.1,9.62,18,9.66,9.26
2021-11-24,58,72,22.0,10.12,23,9.63,9.16
2021-11-25,64,77,31.4,7.93,79,9.6,9.07
2021-11-26,72,94,33.6,4.68,71,9.58,4.9
2021-11-27,53,61,20.2,9.24,47,9.55,8.29
2021-11-28,76,94,28.8,3.47,92,9.53,3.8
2021-11-29,67,83,26.8,8.49,38,9.51,9.02
2021-11-30,73,86,26.3,4.78,65,9.48,3.25
2021-12-01,70,83,30.2,8.72,81,9.46,8.9
2021-12-02,77,92,43.2,5.79,83,9.44,4.78
2021-12-03,57,72,27.6,7.92,42,9.42,8.96
2021-12-04,67,83,29.5,8.59,55,9.4,8.0
2021-12-05,64,83,27.9,8.34,90,9.38,8.15
2021-12-06,83,97,48.7,5.64,94,9.37,5.75
2021-12-07,54,67,23.0,8.15,84,9.35,8.8
2021-12-08,76,88,30.2,3.3,99,9.34,0.76
2021-12-09,64,79,22.9,6.94,61,9.32,7.56
2021-12-10,71,86,32.4,5.36,82,9.31,6.01
2021-12-11,90,99,50.7,2.11,100,9.3,0.0
2021-12-12,48,73,25.6,8.97,33,9.29,8.83
2021-12-13,50,60,24.5,7.97,36,9.28,8.1
2021-12-14,55,65,27.6,8.65,47,9.27,8.76
2021-12-15,77,96,36.0,7.28,88,9.26,7.69
2021-12-16,76,96,45.6,7.04,100,9.26,6.92
2021-12-17,52,75,35.0,8.1,91,9.25,8.37
2021-12-18,79,99,35.1,1.29,96,9.25,0.0
2021-12-19,68,98,28.2,6.55,70,9.24,6.19
2021-12-20,62,69,18.3,8.79,6,9.24,8.83
2021-12-21,73,87,26.4,6.49,69,9.24,7.02
2021-12-22,70,97,29.7,7.85,54,9.24,7.18
2021-12-23,56,72,17.7,7.05,56,9.25,7.68
2021-12-24,81,98,29.3,7.38,84,9.25,6.0
2021-12-25,95,99,40.4,1.94,92,9.25,0.0
2021-12-26,72,92,34.9,6.49,60,9.26,6.26
2021-12-27,74,95,26.6,2.06,90,9.26,0.0
2021-12-28,84,96,36.4,4.27,96,9.27,3.62
2021-12-29,90,95,39.1,3.16,100,9.28,0.41
2021-12-30,95,99,42.5,2.77,93,9.29,1.09
2021-12-31,96,100,46.6,3.24,100,9.3,0.0
2022-01-01,99,100,49.3,1.66,100,9.31,0.0
2022-01-02,88,100,45.5,2.22,100,9.32,0.0
2022-01-03,50,60,13.4,1.35,87,9.34,0.0
2022-01-04,51,76,10.5,9.21,26,9.35,9.17
2022-01-05,84,94,31.2,3.14,89,9.37,0.0
2022-01-06,65,93,23.8,8.49,83,9.38,7.97
2022-01-07,72,90,21.0,8.92,61,9.4,7.32
2022-01-08,71,80,13.1,10.0,9,9.42,9.26
2022-01-09,85,93,28.5,2.96,96,9.44,1.0
2022-01-10,55,89,14.6,9.92,37,9.46,9.21
2022-01-11,40,50,-1.6,10.0,7,9.48,8.93
2022-01-12,53,71,12.9,8.77,63,9.51,9.33
2022-01-13,74,90,25.7,8.22,92,9.53,6.98
2022-01-14,75,93,27.2,8.2,81,9.56,8.21
2022-01-15,36,60,-5.5,9.95,46,9.58,9.42
2022-01-16,57,95,6.0,5.54,56,9.61,3.82
2022-01-17,81,96,32.9,4.19,95,9.63,1.06
2022-01-18,57,76,16.3,7.9,51,9.66,8.62
2022-01-19,69,91,25.3,6.84,79,9.69,5.05
2022-01-20,69,95,23.9,6.04,85,9.72,4.9
2022-01-21,47,57,0.2,9.56,81,9.75,8.34
2022-01-22,50,73,3.5,11.24,41,9.78,9.62
2022-01-23,45,81,8.8,9.38,66,9.81,7.26
2022-01-24,72,86,21.5,7.56,91,9.84,7.16
2022-01-25,68,81,24.6,8.0,63,9.87,7.31
2022-01-26,50,67,5.7,11.72,0,9.91,9.73
2022-01-27,51,69,6.5,11.35,16,9.94,9.74
2022-01-28,69,87,20.8,4.06,100,9.98,0.0
2022-01-29,71,84,8.5,4.23,98,10.01,0.0
2022-01-30,63,77,3.5,12.68,28,10.05,9.79
2022-01-31,73,85,5.9,11.49,38,10.08,9.8
2022-02-01,76,87,13.5,12.62,31,10.12,9.82
2022-02-02,94,99,29.1,9.85,96,10.16,8.05
2022-02-03,98,100,41.1,2.11,100,10.2,0.0
2022-02-04,91,95,36.8,1.94,100,10.24,0.0
2022-02-05,54,83,9.7,12.8,42,10.27,9.0
2022-02-06,55,87,8.1,11.96,29,10.31,9.91
2022-02-07,87,96,28.7,2.31,96,10.35,0.0
2022-02-08,74,96,28.4,12.79,37,10.39,8.97
2022-02-09,68,87,23.0,13.19,1,10.43,9.99
2022-02-10,68,90,29.5,12.8,28,10.47,10.0
2022-02-11,65,86,28.3,13.69,17,10.51,10.0
2022-02-12,51,62,32.1,11.73,84,10.55,10.0
2022-02-13,72,84,23.9,3.22,100,10.59,0.0
2022-02-14,52,67,4.0,15.07,14,10.63,10.15
2022-02-15,43,59,2.2,14.99,6,10.68,10.22
2022-02-16,68,87,23.6,12.25,66,10.72,7.43
2022-02-17,74,87,44.0,8.6,100,10.76,5.56
2022-02-18,63,91,31.7,13.99,48,10.8,9.37
2022-02-19,53,78,13.5,10.07,29,10.85,7.44
2022-02-20,45,65,8.2,15.01,22,10.89,10.43
2022-02-21,68,91,27.2,14.9,29,10.93,10.51
2022-02-22,88,97,42.6,5.98,95,10.98,3.62
2022-02-23,74,94,46.9,10.6,88,11.02,6.9
2022-02-24,47,57,13.3,6.36,98,11.07,2.27
2022-02-25,77,98,26.8,5.47,82,11.11,3.64
2022-02-26,55,65,14.2,13.02,74,11.16,9.46
2022-02-27,52,70,18.4,16.76,20,11.2,10.75
2022-02-28,48,70,11.5,17.24,37,11.24,10.57
2022-03-01,70,84,26.7,8.03,91,11.29,3.37
2022-03-02,67,90,31.1,16.47,41,11.33,10.76
2022-03-03,55,90,21.3,17.46,50,11.38,10.75
2022-03-04,48,64,10.1,18.19,21,11.42,11.12
2022-03-05,62,76,22.3,12.11,94,11.47,7.78
2022-03-06,83,96,48.5,8.57,99,11.51,2.8
2022-03-07,73,95,54.0,11.78,97,11.56,7.43
2022-03-08,51,75,24.2,17.63,80,11.6,11.45
2022-03-09,87,100,32.0,1.6,100,11.65,0.0
2022-03-10,81,97,31.7,15.77,84,11.69,9.23
2022-03-11,76,97,32.4,18.44,28,11.74,11.59
2022-03-12,80,100,28.3,2.42,91,11.78,0.0
2022-03-13,47,65,9.9,18.75,53,11.83,10.74
2022-03-14,59,78,27.5,19.17,53,11.87,11.73
2022-03-15,62,72,36.6,16.72,78,11.92,10.65
2022-03-16,75,93,41.3,19.34,21,11.97,11.82
2022-03-17,96,99,45.9,5.45,95,12.01,0.43
2022-03-18,89,100,50.2,18.67,54,12.06,11.27
2022-03-19,90,100,51.7,12.93,81,12.1,10.0
2022-03-20,69,96,41.3,11.19,58,12.15,5.71
2022-03-21,46,65,29.1,19.7,30,12.19,11.97
2022-03-22,41,57,23.4,19.86,74,12.24,9.99
2022-03-23,58,86,26.5,11.64,99,12.28,5.87
2022-03-24,91,97,42.2,5.75,100,12.33,0.0
2022-03-25,72,98,39.6,16.92,76,12.37,9.96
2022-03-26,66,78,35.2,13.8,82,12.42,9.54
2022-03-27,55,69,24.2,13.19,56,12.46,6.57
2022-03-28,36,49,3.5,19.04,61,12.51,12.0
2022-03-29,43,54,10.2,21.1,25,12.55,12.0
2022-03-30,54,74,19.4,12.42,66,12.6,8.24
2022-03-31,81,95,49.8,8.9,93,12.65,2.04
2022-04-01,70,98,41.1,12.72,68,12.69,8.0
2022-04-02,54,89,26.4,23.15,50,12.74,12.0
2022-04-03,79,89,36.2,6.93,91,12.78,2.42
2022-04-04,58,75,30.6,17.36,65,12.83,10.26
2022-04-05,73,93,35.3,10.19,72,12.87,4.2
2022-04-06,88,97,44.9,7.86,100,12.92,1.89
2022-04-07,91,97,45.4,3.56,99,12.96,0.0
2022-04-08,68,100,41.3,22.74,40,13.0,12.08
2022-04-09,72,95,39.4,19.4,65,13.05,11.53
2022-04-10,56,76,29.3,15.85,69,13.09,9.29
2022-04-11,61,77,32.7,23.9,49,13.14,12.33
2022-04-12,69,88,44.6,17.92,50,13.18,8.11
2022-04-13,73,88,47.5,19.57,70,13.22,7.84
2022-04-14,70,88,56.5,20.07,89,13.26,9.91
2022-04-15,44,70,33.2,25.35,25,13.31,12.8
2022-04-16,58,82,41.5,14.62,94,13.35,4.23
2022-04-17,56,93,28.1,23.07,29,13.39,13.01
2022-04-18,65,87,31.5,16.1,65,13.44,7.26
2022-04-19,65,98,33.4,19.73,54,13.48,10.4
2022-04-20,52,90,29.5,26.15,23,13.52,13.24
2022-04-21,75,95,40.6,15.83,89,13.56,6.85
2022-04-22,60,92,40.7,26.19,26,13.61,13.19
2022-04-23,62,83,37.5,16.0,86,13.65,6.1
2022-04-24,64,89,39.5,23.41,38,13.69,13.33
2022-04-25,60,83,36.2,22.63,94,13.73,11.33
2022-04-26,85,97,50.4,6.47,100,13.77,0.0
2022-04-27,56,95,33.3,21.2,57,13.81,11.8
2022-04-28,40,61,21.1,26.9,23,13.85,12.97
2022-04-29,33,49,20.0,28.34,0,13.89,13.74
2022-04-30,42,67,27.8,28.02,9,13.93,13.77
2022-05-01,61,89,38.7,25.49,66,13.97,11.18
2022-05-02,86,95,49.5,7.36,90,14.01,1.09
2022-05-03,80,98,47.1,21.23,66,14.04,11.48
2022-05-04,86,97,51.7,11.3,88,14.08,3.2
2022-05-05,68,95,48.7,26.3,74,14.12,13.73
2022-05-06,88,95,51.0,3.87,100,14.15,0.0
2022-05-07,86,94,44.0,3.07,100,14.19,0.0
2022-05-08,57,71,34.5,11.16,98,14.23,3.45
2022-05-09,44,65,32.2,28.71,6,14.26,13.93
2022-05-10,39,50,31.5,27.51,14,14.3,12.0
2022-05-11,57,86,42.8,21.12,37,14.33,12.24
2022-05-12,84,99,55.1,14.13,72,14.37,6.24
2022-05-13,93,99,59.7,8.79,100,14.4,0.7
2022-05-14,95,100,61.4,10.55,100,14.43,1.39
2022-05-15,90,100,61.1,19.65,87,14.47,9.77
2022-05-16,88,98,62.8,19.65,65,14.5,9.01
2022-05-17,58,86,47.4,26.18,7,14.53,14.0
2022-05-18,54,72,43.7,27.2,61,14.56,13.0
2022-05-19,80,94,54.0,12.34,82,14.59,5.35
2022-05-20,88,99,58.2,19.71,78,14.62,9.29
2022-05-21,82,99,67.3,26.67,51,14.65,12.0
2022-05-22,73,89,67.5,25.11,53,14.67,14.0
2022-05-23,53,79,48.0,26.89,100,14.7,13.0
2022-05-24,69,89,50.7,16.88,98,14.73,7.02
2022-05-25,69,87,48.1,23.25,95,14.75,14.0
2022-05-26,77,93,53.1,24.36,89,14.78,13.43
2022-05-27,89,98,64.0,12.82,100,14.8,3.05
2022-05-28,84,98,63.4,18.22,76,14.82,12.09
2022-05-29,70,89,56.0,23.54,38,14.84,13.31
2022-05-30,74,96,62.5,27.66,60,14.87,14.0
2022-05-31,61,83,64.7,27.5,67,14.89,13.92
2022-06-01,79,91,58.2,22.3,99,14.91,10.79
2022-06-02,86,98,64.5,16.81,98,14.93,7.99
2022-06-03,78,97,61.8,21.09,89,14.94,12.0
2022-06-04,63,87,54.1,28.35,4,14.96,14.14
2022-06-05,52,71,46.7,29.35,30,14.98,14.14
2022-06-06,55,81,50.1,28.14,35,14.99,14.04
2022-06-07,67,83,56.2,21.1,87,15.01,10.14
2022-06-08,71,96,61.9,27.91,76,15.02,13.0
2022-06-09,72,98,62.3,23.77,55,15.03,12.0
2022-06-10,56,79,51.4,27.1,63,15.05,12.85
2022-06-11,62,89,54.3,15.4,80,15.06,6.91
2022-06-12,85,93,61.8,12.3,92,15.07,4.98
2022-06-13,76,99,65.1,24.16,60,15.07,14.0
2022-06-14,56,70,55.7,23.55,67,15.08,10.91
2022-06-15,67,90,58.9,27.08,71,15.09,14.0
2022-06-16,77,89,60.7,15.72,92,15.09,5.74
2022-06-17,62,93,61.4,25.08,37,15.1,14.04
2022-06-18,53,64,48.5,22.54,46,15.1,10.64
2022-06-19,42,59,39.2,27.82,24,15.1,14.04
2022-06-20,45,67,44.0,27.91,57,15.1,14.14
2022-06-21,56,75,51.4,14.14,100,15.1,5.37
2022-06-22,83,94,60.0,12.68,99,15.1,4.12
2022-06-23,78,95,59.4,16.71,83,15.1,11.44
2022-06-24,78,100,61.7,24.69,28,15.1,13.94
2022-06-25,66,92,61.7,28.98,12,15.09,14.0
2022-06-26,64,86,62.7,26.54,35,15.09,14.0
2022-06-27,76,90,66.3,11.54,84,15.08,4.06
2022-06-28,54,88,53.0,27.82,61,15.08,13.0
2022-06-29,62,89,58.0,27.54,33,15.07,14.0
2022-06-30,57,79,57.8,28.28,15,15.06,14.0
2022-07-01,67,93,66.0,24.91,43,15.05,14.0
2022-07-02,77,90,70.4,17.49,91,15.04,9.54
2022-07-03,60,98,59.1,23.48,49,15.03,9.0
2022-07-04,43,66,50.0,28.01,26,15.01,12.59
2022-07-05,64,89,61.9,19.15,89,15.0,7.99
2022-07-06,66,96,65.8,23.62,85,14.99,12.18
2022-07-07,66,88,62.3,16.4,87,14.97,9.58
2022-07-08,77,93,66.3,20.8,97,14.95,12.75
2022-07-09,65,98,61.7,25.14,92,14.94,13.43
2022-07-10,56,82,55.4,28.73,13,14.92,14.0
2022-07-11,64,92,59.0,27.17,6,14.9,14.0
2022-07-12,61,83,64.2,24.33,41,14.88,12.0
2022-07-13,60,87,63.8,24.64,51,14.86,13.89
2022-07-14,59,86,62.5,23.0,43,14.83,13.14
2022-07-15,58,94,59.2,23.25,24,14.81,14.0
2022-07-16,80,96,67.7,19.22,87,14.79,9.37
2022-07-17,80,96,68.5,20.37,81,14.76,10.46
2022-07-18,84,94,71.9,14.04,96,14.74,4.96
2022-07-19,65,91,66.6,25.84,44,14.71,13.87
2022-07-20,62,80,68.2,25.19,11,14.69,14.0
2022-07-21,68,88,71.3,21.79,24,14.66,13.99
2022-07-22,63,90,66.6,24.49,12,14.63,14.0
2022-07-23,60,81,66.2,27.19,43,14.61,14.0
2022-07-24,52,89,64.8,24.93,88,14.58,13.88
2022-07-25,74,88,71.9,15.01,73,14.55,8.99
2022-07-26,57,90,59.4,21.54,71,14.52,11.85
2022-07-27,64,87,61.4,22.09,62,14.49,10.87
2022-07-28,78,95,71.6,21.0,64,14.45,12.67
2022-07-29,64,83,65.7,13.33,91,14.42,7.02
2022-07-30,55,90,59.6,25.29,46,14.39,14.0
2022-07-31,64,87,62.4,20.46,67,14.35,10.55
2022-08-01,76,88,66.2,12.52,74,14.32,5.4
2022-08-02,65,86,66.4,23.77,31,14.29,14.0
2022-08-03,64,91,64.4,26.65,18,14.25,14.0
2022-08-04,67,93,68.3,24.54,19,14.21,13.99
2022-08-05,64,79,68.8,16.98,78,14.18,9.67
2022-08-06,71,95,71.0,21.94,58,14.14,13.67
2022-08-07,73,94,72.1,20.7,68,14.11,12.22
2022-08-08,65,87,71.5,22.9,47,14.07,13.91
2022-08-09,69,87,73.8,20.41,54,14.03,12.81
2022-08-10,69,87,67.7,18.42,52,14.0,12.93
2022-08-11,65,93,64.9,20.76,84,13.96,9.96
2022-08-12,47,70,53.5,24.76,42,13.92,13.17
2022-08-13,49,71,50.1,25.16,4,13.88,13.72
2022-08-14,56,78,54.5,22.35,49,13.84,13.66
2022-08-15,60,81,57.4,21.79,55,13.8,13.12
2022-08-16,62,92,57.8,23.5,71,13.76,13.04
2022-08-17,62,87,57.5,15.27,61,13.72,10.75
2022-08-18,56,93,55.0,22.27,13,13.68,13.42
2022-08-19,54,78,57.8,21.47,33,13.64,12.75
2022-08-20,61,80,63.4,21.21,40,13.6,13.1
2022-08-21,75,95,66.9,17.22,79,13.56,9.09
2022-08-22,88,96,69.4,12.18,95,13.52,5.14
2022-08-23,77,96,67.3,21.36,46,13.47,12.12
2022-08-24,60,87,60.8,22.81,10,13.43,12.74
2022-08-25,58,84,60.6,23.06,29,13.39,12.45
2022-08-26,73,83,67.3,18.84,50,13.35,11.37
2022-08-27,71,95,65.9,21.17,10,13.31,12.37
2022-08-28,81,95,68.6,15.17,54,13.26,9.49
2022-08-29,83,97,70.5,19.17,29,13.22,12.15
2022-08-30,81,98,70.9,19.48,47,13.18,11.97
2022-08-31,63,90,60.3,21.92,23,13.14,12.28
2022-09-01,47,66,52.5,23.33,5,13.09,12.3
2022-09-02,63,83,55.2,23.02,16,13.05,12.25
2022-09-03,73,94,61.7,19.51,75,13.01,9.98
2022-09-04,75,94,66.8,16.19,92,12.96,12.0
2022-09-05,80,95,68.8,14.56,100,12.92,6.29
2022-09-06,90,94,67.9,4.39,95,12.88,0.76
2022-09-07,82,93,62.8,7.74,100,12.83,1.59
2022-09-08,76,93,60.9,13.02,54,12.79,7.92
2022-09-09,72,94,58.0,22.1,0,12.74,12.05
2022-09-10,72,94,59.5,21.45,48,12.7,12.06
2022-09-11,81,96,63.4,6.3,100,12.65,0.6
2022-09-12,84,98,68.3,14.15,93,12.61,10.0
2022-09-13,83,97,67.2,12.47,70,12.56,8.82
2022-09-14,68,84,57.7,20.13,7,12.52,12.0
2022-09-15,62,81,52.4,21.45,4,12.48,12.0
2022-09-16,62,90,49.4,21.1,33,12.43,11.98
2022-09-17,73,86,57.8,18.5,54,12.39,11.95
2022-09-18,70,93,61.1,19.8,42,12.34,11.93
2022-09-19,71,90,62.8,17.26,51,12.3,9.75
2022-09-20,72,93,60.3,16.74,19,12.25,11.87
2022-09-21,74,90,59.7,18.78,38,12.21,11.76
2022-09-22,72,84,58.0,6.37,56,12.16,3.84
2022-09-23,54,66,39.0,20.07,4,12.12,11.79
2022-09-24,57,68,42.2,17.61,38,12.08,11.76
2022-09-25,70,86,52.8,9.51,75,12.03,3.57
2022-09-26,65,91,51.4,17.58,12,11.99,11.7
2022-09-27,56,69,45.8,16.79,56,11.94,10.22
2022-09-28,59,79,45.7,14.98,38,11.9,10.35
2022-09-29,63,80,46.0,18.13,48,11.85,10.74
2022-09-30,68,78,46.2,10.63,100,11.8,4.4
2022-10-01,82,90,52.6,6.42,100,11.76,2.04
2022-10-02,65,84,43.9,2.49,100,11.71,0.0
2022-10-03,67,87,40.1,3.39,100,11.67,0.0
2022-10-04,88,93,48.0,3.28,100,11.62,0.0
2022-10-05,90,96,54.2,5.08,88,11.58,0.32
2022-10-06,78,95,53.1,17.16,32,11.54,11.09
2022-10-07,73,92,53.5,16.0,40,11.49,10.94
2022-10-08,61,85,39.4,13.75,41,11.45,10.19
2022-10-09,64,87,39.0,16.6,6,11.4,10.91
2022-10-10,62,82,42.1,15.15,34,11.36,10.24
2022-10-11,75,92,47.9,16.19,0,11.32,10.87
2022-10-12,72,85,48.6,16.08,59,11.27,10.86
2022-10-13,88,96,59.5,6.02,100,11.23,2.57
2022-10-14,74,92,48.5,12.43,36,11.19,9.24
2022-10-15,73,90,47.2,15.72,5,11.14,10.8
2022-10-16,74,92,46.6,13.12,45,11.1,10.51
2022-10-17,79,93,51.4,9.74,97,11.05,8.33
2022-10-18,60,93,37.1,14.92,44,11.01,10.0
2022-10-19,60,81,33.0,12.45,21,10.97,10.13
2022-10-20,59,80,34.8,15.27,2,10.92,10.71
2022-10-21,65,83,38.6,15.01,0,10.88,10.69
2022-10-22,73,90,43.7,14.45,36,10.84,10.13
2022-10-23,82,91,49.9,4.06,100,10.8,0.0
2022-10-24,94,97,55.6,3.34,100,10.75,0.0
2022-10-25,96,100,63.2,6.21,93,10.71,5.5
2022-10-26,92,100,62.7,7.48,79,10.67,5.92
2022-10-27,63,86,44.5,13.66,2,10.63,10.32
2022-10-28,62,85,36.3,11.93,74,10.59,9.54
2022-10-29,72,88,39.5,13.82,8,10.55,10.3
2022-10-30,75,94,40.3,13.63,49,10.51,10.29
2022-10-31,84,95,51.1,7.59,96,10.47,6.52
2022-11-01,90,98,56.9,5.84,73,10.43,5.48
2022-11-02,75,92,50.7,12.59,1,10.39,10.0
2022-11-03,81,94,48.3,12.51,1,10.35,9.9
2022-11-04,89,100,53.4,10.74,59,10.31,9.46
2022-11-05,85,95,59.9,10.43,73,10.27,9.56
2022-11-06,81,88,61.7,6.2,75,10.23,5.0
2022-11-07,64,94,52.4,11.39,18,10.2,9.68
2022-11-08,47,64,30.8,12.02,11,10.16,9.67
2022-11-09,63,89,33.0,11.79,11,10.12,9.67
2022-11-10,82,94,46.6,11.13,19,10.08,9.62
2022-11-11,93,99,58.2,2.15,100,10.05,0.0
2022-11-12,80,96,58.3,9.99,58,10.01,9.36
2022-11-13,68,89,39.7,5.94,64,9.98,5.34
2022-11-14,56,71,25.9,11.25,3,9.94,9.47
2022-11-15,73,96,31.4,5.73,75,9.91,3.01
2022-11-16,77,97,37.9,7.49,88,9.88,6.8
2022-11-17,59,75,26.3,9.01,45,9.84,8.4
2022-11-18,57,80,23.0,10.4,24,9.81,9.32
2022-11-19,55,70,19.6,10.85,10,9.78,9.32
2022-11-20,49,80,14.9,10.58,8,9.75,9.33
2022-11-21,52,66,16.4,10.43,22,9.72,9.34
2022-11-22,59,67,26.5,10.16,1,9.69,9.25
2022-11-23,59,77,28.7,10.04,0,9.67,9.25
2022-11-24,81,88,35.9,9.64,37,9.64,9.16
2022-11-25,81,94,39.7,3.77,73,9.61,4.0
2022-11-26,59,70,31.8,9.66,32,9.59,9.16
2022-11-27,76,95,40.9,2.76,96,9.56,0.64
2022-11-28,69,86,39.4,7.6,41,9.53,6.95
2022-11-29,75,90,30.3,7.51,61,9.51,8.93
2022-11-30,85,93,41.9,0.97,92,9.49,0.0
2022-12-01,51,65,20.7,8.35,21,9.47,8.99
2022-12-02,70,83,25.9,9.32,13,9.44,8.98
2022-12-03,82,91,44.5,1.35,81,9.42,0.08
2022-12-04,60,85,25.8,9.08,20,9.4,7.85
2022-12-05,73,89,26.9,8.55,42,9.39,8.83
2022-12-06,92,100,45.0,1.01,100,9.37,0.0
2022-12-07,96,100,54.0,1.73,89,9.35,0.0
2022-12-08,74,94,39.8,5.83,68,9.34,6.53
2022-12-09,63,81,25.9,9.14,2,9.33,8.88
2022-12-10,63,74,22.8,8.85,35,9.31,8.76
2022-12-11,83,100,32.1,1.2,100,9.3,0.0
2022-12-12,80,93,28.0,7.49,48,9.29,7.83
2022-12-13,68,84,20.3,9.13,0,9.28,8.82
2022-12-14,61,76,20.2,8.95,52,9.27,8.81
2022-12-15,82,92,30.7,1.48,100,9.26,0.0
2022-12-16,92,94,38.5,1.55,100,9.26,0.0
2022-12-17,69,92,28.6,8.08,34,9.25,8.16
2022-12-18,64,80,21.9,7.03,29,9.25,8.56
2022-12-19,59,68,19.5,8.77,6,9.25,8.74
2022-12-20,65,75,21.6,8.77,7,9.24,8.83
2022-12-21,75,87,23.0,8.62,46,9.24,8.57
2022-12-22,89,96,34.4,2.02,100,9.24,0.75
2022-12-23,79,98,31.7,1.88,74,9.24,0.71
2022-12-24,34,41,-11.3,8.69,20,9.25,8.88
2022-12-25,41,53,0.3,8.95,0,9.25,8.97
2022-12-26,43,51,3.9,8.79,49,9.25,8.6
2022-12-27,53,70,14.1,8.66,41,9.26,8.76
2022-12-28,67,83,23.1,8.4,62,9.27,8.66
2022-12-29,76,85,29.9,8.32,69,9.27,8.45
2022-12-30,75,88,36.0,8.18,49,9.28,8.33
2022-12-31,97,100,47.4,1.6,100,9.29,0.0
2023-01-01,83,99,43.1,7.87,46,9.31,8.43
2023-01-02,84,93,41.8,5.77,90,9.32,4.47
2023-01-03,96,98,48.3,1.35,100,9.33,0.0
2023-01-04,94,99,54.3,6.63,97,9.35,6.11
2023-01-05,92,100,47.3,4.44,97,9.36,2.61
2023-01-06,86,97,38.8,3.76,71,9.38,2.78
2023-01-07,69,84,28.7,6.9,49,9.4,4.6
2023-01-08,69,85,25.2,8.87,37,9.42,8.49
2023-01-09,76,98,29.6,7.94,43,9.44,7.8
2023-01-10,67,79,26.8,5.83,80,9.46,5.63
2023-01-11,69,80,24.0,6.74,82,9.48,6.28
2023-01-12,89,96,38.6,1.76,89,9.5,0.0
2023-01-13,79,93,42.3,3.7,100,9.53,2.0
2023-01-14,57,61,19.8,2.15,99,9.55,0.0
2023-01-15,51,63,15.8,9.61,38,9.57,9.27
2023-01-16,42,71,13.4,9.98,13,9.6,9.0
2023-01-17,56,81,22.1,5.49,69,9.63,4.13
2023-01-18,77,95,36.9,7.33,54,9.65,7.93
2023-01-19,91,99,36.9,1.37,99,9.68,0.0
2023-01-20,81,99,35.6,6.3,63,9.71,6.3
2023-01-21,67,86,26.3,7.62,53,9.74,7.03
2023-01-22,80,98,28.2,5.48,85,9.77,4.62
2023-01-23,90,98,33.4,2.12,90,9.8,0.26
2023-01-24,65,78,24.9,10.33,45,9.83,8.18
2023-01-25,85,99,31.5,2.37,100,9.87,0.0
2023-01-26,70,98,35.1,9.23,60,9.9,9.4
2023-01-27,65,88,24.6,9.41,21,9.93,8.74
2023-01-28,61,79,27.0,10.39,65,9.97,8.17
2023-01-29,73,90,33.4,4.84,94,10.0,2.54
2023-01-30,83,94,38.1,9.57,67,10.04,7.89
2023-01-31,68,98,26.8,4.15,99,10.08,1.34
2023-02-01,52,70,14.9,11.61,47,10.11,9.82
2023-02-02,52,72,15.3,11.67,72,10.15,9.33
2023-02-03,41,67,2.4,12.66,39,10.19,9.85
2023-02-04,32,49,-10.8,12.76,21,10.23,9.87
2023-02-05,53,69,17.9,9.58,97,10.26,8.42
2023-02-06,69,87,29.7,10.94,28,10.3,8.56
2023-02-07,70,86,23.7,10.37,64,10.34,7.3
2023-02-08,74,90,32.6,12.1,35,10.38,9.94
2023-02-09,81,91,34.6,3.33,86,10.42,0.1
2023-02-10,67,88,40.6,12.88,43,10.46,9.99
2023-02-11,55,78,23.1,13.62,22,10.5,10.0
2023-02-12,68,83,26.7,7.95,100,10.54,3.76
2023-02-13,48,64,24.6,13.86,51,10.58,10.0
2023-02-14,54,71,27.0,14.13,18,10.62,10.15
2023-02-15,63,76,37.6,12.62,77,10.67,8.43
2023-02-16,72,94,45.4,8.19,90,10.71,5.93
2023-02-17,83,98,43.9,3.14,91,10.75,0.0
2023-02-18,51,66,16.9,15.05,11,10.8,10.28
2023-02-19,70,87,29.8,8.5,91,10.84,4.51
2023-02-20,77,96,39.7,7.92,77,10.88,4.17
2023-02-21,84,97,35.0,5.65,84,10.93,1.55
2023-02-22,78,94,29.8,6.54,77,10.97,3.17
2023-02-23,89,95,36.3,6.76,87,11.01,2.99
2023-02-24,61,96,24.8,14.15,42,11.06,9.61
2023-02-25,63,87,15.0,6.39,70,11.1,0.0
2023-02-26,71,95,25.7,13.48,23,11.14,10.65
2023-02-27,65,88,23.7,13.96,63,11.19,9.3
2023-02-28,93,97,32.1,1.93,81,11.23,0.0
2023-03-01,80,91,29.4,14.74,57,11.28,10.56
2023-03-02,79,99,36.9,10.54,100,11.32,5.37
2023-03-03,70,91,28.2,11.25,85,11.36,6.44
2023-03-04,84,96,36.3,5.78,96,11.41,1.0
2023-03-05,65,86,29.9,14.31,40,11.45,10.87
2023-03-06,57,79,27.0,15.18,46,11.5,11.13
2023-03-07,50,68,21.2,17.68,60,11.55,9.97
2023-03-08,54,63,21.6,17.49,28,11.59,11.31
2023-03-09,61,74,26.5,15.52,36,11.64,10.98
2023-03-10,75,91,30.4,9.66,87,11.68,4.58
2023-03-11,82,100,33.5,8.02,80,11.73,4.29
2023-03-12,67,87,27.0,15.02,59,11.77,8.99
2023-03-13,90,96,37.6,2.41,100,11.82,0.0
2023-03-14,77,100,28.7,4.95,100,11.86,0.0
2023-03-15,52,64,21.4,17.99,59,11.91,9.69
2023-03-16,47,58,22.4,18.44,45,11.96,11.59
2023-03-17,62,79,34.9,12.04,98,12.0,5.46
2023-03-18,58,87,30.3,18.29,70,12.05,11.88
2023-03-19,43,53,13.3,20.44,24,12.09,11.9
2023-03-20,51,70,20.2,21.1,0,12.14,11.93
2023-03-21,48,72,25.0,21.03,29,12.18,11.96
2023-03-22,66,97,34.6,16.76,78,12.23,9.0
2023-03-23,88,99,47.8,8.8,99,12.27,3.5
2023-03-24,59,83,34.1,12.12,97,12.32,5.0
2023-03-25,84,98,36.9,3.13,99,12.36,0.0
2023-03-26,63,100,34.9,21.91,7,12.41,12.0
2023-03-27,63,87,33.2,16.72,50,12.45,9.0
2023-03-28,72,97,34.0,10.72,75,12.5,6.38
2023-03-29,61,85,27.7,22.22,44,12.55,12.0
2023-03-30,47,70,18.3,22.67,21,12.59,12.0
2023-03-31,73,91,33.6,11.76,94,12.64,6.08
2023-04-01,79,94,51.5,8.5,93,12.68,4.2
2023-04-02,47,78,23.7,23.73,20,12.73,12.0
2023-04-03,66,85,33.3,22.8,26,12.77,12.0
2023-04-04,82,96,50.0,19.77,40,12.82,10.99
2023-04-05,89,99,48.8,6.09,96,12.86,0.05
2023-04-06,83,100,55.6,15.69,94,12.9,10.71
2023-04-07,40,71,27.8,9.23,99,12.95,2.26
2023-04-08,47,63,23.7,21.12,97,12.99,9.44
2023-04-09,62,87,30.2,24.07,22,13.04,12.15
2023-04-10,66,93,35.5,24.35,1,13.08,12.22
2023-04-11,40,60,32.5,23.18,70,13.12,11.51
2023-04-12,37,56,41.1,21.16,55,13.17,10.0
2023-04-13,45,69,47.2,24.13,0,13.21,12.58
2023-04-14,44,59,48.3,23.31,72,13.25,12.38
2023-04-15,83,98,58.9,16.68,90,13.3,7.25
2023-04-16,88,100,57.2,15.43,100,13.34,8.16
2023-04-17,75,99,48.0,13.07,73,13.38,5.43
2023-04-18,44,54,30.5,18.78,30,13.43,11.26
2023-04-19,50,68,31.5,21.6,38,13.47,12.89
2023-04-20,64,83,38.3,23.38,59,13.51,13.05
2023-04-21,72,93,46.3,25.09,43,13.55,13.08
2023-04-22,86,98,52.9,19.28,96,13.6,10.81
2023-04-23,76,97,49.4,14.99,69,13.64,7.48
2023-04-24,56,78,34.7,22.39,34,13.68,12.95
2023-04-25,57,82,34.3,19.84,44,13.72,12.75
2023-04-26,72,94,40.5,17.94,50,13.76,10.35
2023-04-27,84,98,46.0,14.29,62,13.8,8.64
2023-04-28,77,96,42.2,9.66,95,13.84,2.13
2023-04-29,92,96,48.9,3.72,100,13.88,0.0
2023-04-30,97,99,53.6,5.18,100,13.92,0.1
2023-05-01,63,99,41.2,21.97,59,13.96,13.67
2023-05-02,67,86,39.4,17.85,86,13.99,8.59
2023-05-03,69,85,38.6,17.15,81,14.03,11.7
2023-05-04,80,96,43.7,17.73,81,14.07,10.46
2023-05-05,77,96,44.7,22.51,28,14.11,13.46
2023-05-06,65,95,44.0,22.92,34,14.15,13.12
2023-05-07,59,79,46.0,26.38,56,14.18,12.01
2023-05-08,63,93,50.1,26.44,55,14.22,13.91
2023-05-09,53,88,39.2,23.09,71,14.25,11.64
2023-05-10,63,94,43.4,28.49,3,14.29,13.95
2023-05-11,55,81,46.2,27.98,10,14.33,13.96
2023-05-12,56,81,52.1,24.42,66,14.36,13.98
2023-05-13,49,69,50.3,16.28,91,14.39,6.42
2023-05-14,44,62,40.1,28.25,73,14.43,13.39
2023-05-15,39,63,36.0,29.53,9,14.46,14.0
2023-05-16,37,62,38.0,27.59,58,14.49,13.49
2023-05-17,41,70,33.8,29.48,24,14.52,14.0
2023-05-18,54,79,35.1,29.59,0,14.55,14.0
2023-05-19,71,90,48.5,23.36,67,14.58,13.46
2023-05-20,92,100,57.9,5.68,100,14.61,0.0
2023-05-21,67,99,51.1,19.37,70,14.64,9.87
2023-05-22,70,86,52.1,23.99,15,14.66,14.0
2023-05-23,73,94,49.3,27.21,48,14.69,14.0
2023-05-24,68,98,49.1,26.3,37,14.72,12.13
2023-05-25,55,71,41.1,29.78,29,14.74,14.0
2023-05-26,55,83,42.3,29.79,2,14.77,14.0
2023-05-27,54,81,45.0,29.26,38,14.79,14.07
2023-05-28,56,81,46.6,28.95,24,14.82,14.0
2023-05-29,56,79,49.1,28.96,15,14.84,14.0
2023-05-30,68,92,49.4,29.83,0,14.86,14.06
2023-05-31,73,97,51.0,29.74,8,14.88,14.0
2023-06-01,70,100,55.5,29.33,13,14.9,14.0
2023-06-02,62,90,58.1,26.87,27,14.92,14.05
2023-06-03,75,94,56.3,12.81,95,14.94,4.98
2023-06-04,58,86,43.5,18.19,45,14.96,12.28
2023-06-05,53,81,45.5,18.82,55,14.98,10.79
2023-06-06,50,68,46.8,25.39,39,14.99,14.04
2023-06-07,45,73,41.1,29.42,5,15.0,14.14
2023-06-08,58,79,45.4,23.88,23,15.02,12.54
2023-06-09,66,88,49.1,22.12,52,15.03,12.53
2023-06-10,62,90,51.1,25.57,38,15.04,13.47
2023-06-11,66,86,57.7,22.23,85,15.05,13.7
2023-06-12,78,94,62.5,15.54,100,15.06,4.77
2023-06-13,63,95,54.7,25.64,41,15.07,14.04
2023-06-14,74,88,56.0,17.28,55,15.08,10.34
2023-06-15,59,80,53.2,21.83,33,15.08,13.03
2023-06-16,74,92,57.4,16.62,63,15.09,7.98
2023-06-17,63,96,52.6,26.06,25,15.09,14.04
2023-06-18,56,74,53.1,18.77,49,15.1,9.85
2023-06-19,72,91,59.3,25.31,42,15.1,13.1
2023-06-20,71,90,57.2,20.88,99,15.1,10.29
2023-06-21,69,92,54.7,20.08,99,15.1,10.34
2023-06-22,72,82,55.2,9.95,99,15.1,0.09
2023-06-23,88,97,63.9,9.84,91,15.1,0.57
2023-06-24,91,98,67.9,17.35,96,15.1,9.43
2023-06-25,84,99,68.2,23.71,51,15.1,13.91
2023-06-26,90,100,68.1,18.0,100,15.09,6.22
2023-06-27,90,99,67.4,14.18,95,15.09,5.89
2023-06-28,80,99,65.5,20.8,74,15.08,10.05
2023-06-29,69,94,60.3,22.09,28,15.07,13.78
2023-06-30,74,100,63.4,25.01,53,15.06,14.0
2023-07-01,70,91,61.5,25.53,63,15.05,13.66
2023-07-02,83,97,69.7,18.9,89,15.04,8.57
2023-07-03,83,95,71.8,20.46,44,15.03,10.31
2023-07-04,84,96,70.8,18.27,56,15.02,11.65
2023-07-05,77,99,70.0,26.33,29,15.0,13.9
2023-07-06,76,96,69.9,27.81,3,14.99,14.0
2023-07-07,84,99,71.6,21.37,87,14.97,10.77
2023-07-08,85,100,72.1,20.04,90,14.96,9.0
2023-07-09,90,97,70.4,10.07,99,14.94,3.65
2023-07-10,79,96,68.0,20.26,72,14.92,12.28
2023-07-11,65,88,62.5,27.41,6,14.9,14.0
2023-07-12,62,83,64.4,26.92,25,14.88,14.0
2023-07-13,68,86,68.1,22.83,62,14.86,14.0
2023-07-14,85,98,70.6,17.63,89,14.84,8.53
2023-07-15,88,98,72.4,19.57,79,14.82,11.46
2023-07-16,93,100,72.8,6.51,93,14.79,1.5
2023-07-17,79,99,70.1,25.66,31,14.77,14.0
2023-07-18,81,94,70.2,22.89,43,14.75,13.57
2023-07-19,83,96,67.8,16.66,54,14.72,8.87
2023-07-20,77,99,66.6,24.31,51,14.7,12.61
2023-07-21,82,96,69.5,21.76,51,14.67,10.77
2023-07-22,65,86,60.8,26.61,32,14.64,14.0
2023-07-23,62,84,60.2,24.84,12,14.61,14.0
2023-07-24,67,88,63.6,23.3,48,14.58,13.94
2023-07-25,86,98,69.1,18.25,46,14.55,11.52
2023-07-26,76,98,66.3,25.14,27,14.52,14.0
2023-07-27,75,95,71.8,22.82,72,14.49,14.0
2023-07-28,73,99,70.8,25.17,14,14.46,14.0
2023-07-29,69,89,69.8,22.03,70,14.43,11.65
2023-07-30,59,76,55.3,22.24,29,14.39,12.75
2023-07-31,57,85,54.8,25.05,18,14.36,14.0
2023-08-01,55,77,52.4,22.87,16,14.33,14.0
2023-08-02,58,86,52.2,22.06,31,14.29,12.08
2023-08-03,63,83,57.1,21.07,52,14.26,13.66
2023-08-04,70,90,62.4,16.27,60,14.22,11.73
2023-08-05,66,97,61.4,22.69,57,14.19,11.64
2023-08-06,61,83,59.9,22.65,37,14.15,13.97
2023-08-07,85,94,70.3,14.18,86,14.12,7.5
2023-08-08,75,96,65.5,17.55,62,14.08,9.84
2023-08-09,56,72,58.3,24.25,13,14.04,13.88
2023-08-10,83,96,66.1,8.81,76,14.01,3.17
2023-08-11,71,92,62.7,24.43,15,13.97,13.81
2023-08-12,79,91,65.8,19.43,66,13.93,11.32
2023-08-13,74,96,67.0,22.58,46,13.89,12.82
2023-08-14,70,93,64.9,20.28,82,13.85,12.49
2023-08-15,85,98,69.3,14.17,85,13.81,6.42
2023-08-16,87,97,68.8,17.1,71,13.77,11.02
2023-08-17,89,98,69.4,16.03,74,13.73,10.07
2023-08-18,71,98,63.3,21.75,38,13.69,11.69
2023-08-19,59,77,53.6,20.64,23,13.65,13.33
2023-08-20,63,90,58.4,24.6,22,13.61,12.82
2023-08-21,68,82,65.2,19.86,81,13.57,12.44
2023-08-22,59,84,55.9,23.59,81,13.53,12.61
2023-08-23,64,81,55.2,21.95,35,13.48,10.98
2023-08-24,76,92,62.0,6.73,93,13.44,0.54
2023-08-25,84,97,68.5,11.79,82,13.4,6.87
2023-08-26,79,100,68.0,19.73,41,13.36,11.78
2023-08-27,74,92,63.5,22.16,15,13.32,12.45
2023-08-28,84,99,65.4,12.81,95,13.28,4.81
2023-08-29,81,97,66.2,15.25,96,13.23,9.66
2023-08-30,73,97,64.8,18.54,74,13.19,9.45
2023-08-31,58,76,52.3,23.63,40,13.15,12.13
2023-09-01,61,80,51.1,23.69,0,13.1,12.38
2023-09-02,71,92,56.7,22.82,43,13.06,11.81
2023-09-03,64,86,62.7,21.34,29,13.02,12.17
2023-09-04,69,95,67.2,19.49,53,12.97,11.58
2023-09-05,73,92,70.4,20.38,72,12.93,12.0
2023-09-06,68,94,69.4,21.79,6,12.89,12.02
2023-09-07,69,92,68.7,17.84,48,12.84,10.98
2023-09-08,85,98,71.5,15.74,89,12.8,9.06
2023-09-09,89,99,70.4,10.79,97,12.75,4.5
2023-09-10,92,99,68.7,7.24,93,12.71,2.48
2023-09-11,85,98,68.0,16.24,73,12.66,9.44
2023-09-12,80,98,65.9,18.03,52,12.62,11.92
2023-09-13,87,97,67.5,11.08,78,12.58,6.84
2023-09-14,68,96,56.1,20.96,13,12.53,12.0
2023-09-15,63,75,49.9,18.51,64,12.49,11.48
2023-09-16,55,70,49.1,17.02,78,12.44,10.62
2023-09-17,67,90,53.2,15.22,49,12.4,7.24
2023-09-18,90,95,63.0,4.85,87,12.35,1.0
2023-09-19,69,90,52.6,20.08,3,12.31,11.91
2023-09-20,68,89,51.4,19.2,31,12.27,11.36
2023-09-21,71,89,51.9,19.61,35,12.22,11.85
2023-09-22,73,95,53.4,14.88,100,12.18,9.78
2023-09-23,87,93,54.9,3.84,100,12.13,0.0
2023-09-24,91,95,59.7,3.03,100,12.08,0.0
2023-09-25,91,96,57.9,2.94,100,12.04,0.0
2023-09-26,80,92,52.8,5.12,84,11.99,0.65
2023-09-27,67,85,45.4,15.42,35,11.95,11.17
2023-09-28,81,92,52.0,6.24,82,11.9,2.14
2023-09-29,92,97,56.8,4.42,99,11.86,1.1
2023-09-30,85,96,56.5,11.6,78,11.81,6.74
2023-10-01,76,92,57.8,17.96,0,11.77,11.48
2023-10-02,77,98,59.4,15.66,24,11.73,11.32
2023-10-03,82,100,60.2,17.14,25,11.68,11.25
2023-10-04,84,99,62.9,16.75,9,11.64,11.27
2023-10-05,88,100,59.7,16.59,58,11.59,10.0
2023-10-06,93,99,65.3,7.69,100,11.55,1.58
2023-10-07,89,98,59.3,5.99,80,11.51,1.57
2023-10-08,60,78,41.1,14.68,35,11.46,11.0
2023-10-09,62,88,39.7,13.2,28,11.42,8.79
2023-10-10,67,93,44.6,13.2,70,11.37,10.84
2023-10-11,70,92,46.2,16.46,17,11.33,10.88
2023-10-12,72,97,46.6,15.51,10,11.28,10.86
2023-10-13,66,83,43.4,16.36,22,11.24,10.84
2023-10-14,83,93,45.9,1.79,97,11.19,0.0
2023-10-15,70,94,43.1,13.4,59,11.15,10.0
2023-10-16,75,86,45.1,13.56,22,11.11,10.79
2023-10-17,78,94,46.5,12.31,47,11.06,10.77
2023-10-18,80,98,47.3,10.86,36,11.02,10.59
2023-10-19,80,100,47.9,13.61,51,10.98,10.52
2023-10-20,92,97,57.0,3.5,99,10.93,0.34
2023-10-21,82,99,52.1,4.94,78,10.89,3.54
2023-10-22,61,77,39.2,9.61,65,10.85,8.03
2023-10-23,66,82,39.9,14.26,19,10.81,10.65
2023-10-24,77,95,44.0,12.84,18,10.76,10.61
2023-10-25,67,85,46.7,13.16,37,10.72,10.44
2023-10-26,65,86,50.8,13.41,44,10.68,10.52
2023-10-27,69,80,53.3,8.15,58,10.64,6.78
2023-10-28,72,87,59.1,12.28,21,10.6,10.23
2023-10-29,80,96,48.4,3.61,99,10.56,0.54
2023-10-30,86,98,52.3,4.94,100,10.52,1.74
2023-10-31,60,77,35.0,9.42,91,10.48,6.06
2023-11-01,68,90,33.2,8.07,58,10.44,6.52
2023-11-02,64,88,28.1,12.7,5,10.4,10.0
2023-11-03,68,90,33.5,12.61,7,10.36,9.9
2023-11-04,71,85,38.6,8.62,89,10.32,6.35
2023-11-05,73,94,41.6,7.29,49,10.28,5.56
2023-11-06,71,89,37.5,10.96,54,10.24,9.7
2023-11-07,76,91,49.0,7.33,64,10.2,5.0
2023-11-08,56,71,30.5,11.94,44,10.16,9.01
2023-11-09,77,97,41.5,4.81,45,10.13,3.96
2023-11-10,76,91,39.5,2.36,70,10.09,0.0
2023-11-11,69,92,34.9,9.76,19,10.06,8.59
2023-11-12,69,90,27.6,10.51,26,10.02,9.54
2023-11-13,69,89,28.4,10.38,23,9.99,8.0
2023-11-14,69,86,33.5,8.52,21,9.95,9.47
2023-11-15,76,96,33.9,9.96,55,9.92,8.77
2023-11-16,71,92,38.8,10.72,15,9.89,9.39
2023-11-17,77,94,45.8,8.97,68,9.85,8.22
2023-11-18,69,95,39.2,8.75,51,9.82,7.39
2023-11-19,59,71,29.4,10.44,5,9.79,9.32
2023-11-20,56,83,22.8,10.69,35,9.76,9.04
2023-11-21,68,89,28.8,3.8,85,9.73,2.11
2023-11-22,84,98,46.9,7.73,74,9.7,6.44
2023-11-23,67,81,35.7,9.96,21,9.67,9.25
2023-11-24,60,83,28.0,9.72,36,9.64,9.06
2023-11-25,63,83,21.3,8.9,44,9.62,9.17
2023-11-26,80,93,33.9,5.7,94,9.59,4.13
2023-11-27,73,95,36.7,7.71,34,9.56,6.98
2023-11-28,43,53,13.6,9.28,5,9.54,9.13
2023-11-29,53,68,14.6,9.31,34,9.51,8.22
2023-11-30,58,65,23.8,9.51,32,9.49,9.01
2023-12-01,82,94,35.9,3.58,83,9.47,2.9
2023-12-02,91,99,45.7,7.06,97,9.45,6.75
2023-12-03,97,99,46.6,1.16,100,9.43,0.0
2023-12-04,77,99,38.1,6.81,56,9.41,6.9
2023-12-05,65,78,28.2,6.23,61,9.39,5.02
2023-12-06,67,90,24.6,6.06,47,9.38,6.82
2023-12-07,72,88,24.8,3.85,75,9.36,3.0
2023-12-08,82,95,32.4,8.43,32,9.34,8.47
2023-12-09,91,100,41.3,8.11,64,9.33,8.62
2023-12-10,93,95,51.7,3.18,84,9.32,2.23
2023-12-11,72,97,33.5,6.87,62,9.3,6.64
2023-12-12,63,78,24.3,8.99,5,9.29,8.84
2023-12-13,60,75,24.4,8.83,2,9.28,8.82
2023-12-14,61,79,21.1,8.4,18,9.27,8.81
2023-12-15,64,70,29.2,8.64,23,9.27,8.8
2023-12-16,67,91,33.8,8.41,46,9.26,8.57
2023-12-17,90,97,46.0,2.13,100,9.25,0.0
2023-12-18,83,97,47.8,2.21,72,9.25,1.19
2023-12-19,58,70,23.7,8.34,26,9.24,8.17
2023-12-20,59,71,21.2,8.63,3,9.24,8.83
2023-12-21,56,78,18.8,8.77,12,9.24,8.82
2023-12-22,59,81,15.4,8.14,62,9.24,8.47
2023-12-23,82,94,28.3,3.59,81,9.24,2.49
2023-12-24,91,97,37.3,3.4,85,9.24,2.13
2023-12-25,90,100,39.3,5.61,78,9.25,6.42
2023-12-26,98,100,39.8,2.93,100,9.25,0.0
2023-12-27,98,100,43.1,1.65,100,9.26,0.0
2023-12-28,94,98,48.1,1.89,100,9.27,0.04
2023-12-29,83,99,43.7,6.78,81,9.27,7.55
2023-12-30,69,81,32.0,4.78,73,9.28,3.99
2023-12-31,67,88,27.4,4.99,63,9.29,4.31
2024-01-01,75,91,30.6,4.78,73,9.3,2.28
2024-01-02,72,88,23.5,8.97,0,9.32,9.09
2024-01-03,72,90,26.7,8.23,56,9.33,8.42
2024-01-04,64,86,23.6,6.36,60,9.35,6.19
2024-01-05,59,76,16.2,9.22,21,9.36,9.2
2024-01-06,85,99,26.3,2.97,90,9.38,0.04
2024-01-07,90,100,32.3,2.43,89,9.39,0.12
2024-01-08,70,90,25.8,9.3,11,9.41,9.18
2024-01-09,87,91,34.5,1.62,92,9.43,0.0
2024-01-10,68,92,37.8,6.25,65,9.45,5.94
2024-01-11,63,79,28.1,8.84,37,9.47,9.02
2024-01-12,76,90,32.1,8.7,66,9.49,8.62
2024-01-13,70,96,37.7,5.62,61,9.52,6.3
2024-01-14,47,61,13.9,7.14,19,9.54,6.35
2024-01-15,47,63,8.1,8.12,70,9.57,6.46
2024-01-16,81,94,21.9,1.2,91,9.59,0.0
2024-01-17,51,70,4.2,10.59,0,9.62,9.46
2024-01-18,53,61,10.6,5.24,89,9.65,0.9
2024-01-19,71,79,19.5,3.86,100,9.67,0.0
2024-01-20,52,64,5.5,10.16,52,9.7,9.08
2024-01-21,52,62,7.5,10.83,20,9.73,9.57
2024-01-22,55,74,12.9,10.31,48,9.76,8.67
2024-01-23,69,94,24.6,2.85,95,9.8,0.0
2024-01-24,95,100,35.7,2.37,100,9.83,0.15
2024-01-25,97,99,46.4,1.99,100,9.86,0.0
2024-01-26,96,100,41.4,2.67,97,9.89,0.0
2024-01-27,85,100,36.8,5.8,98,9.93,2.76
2024-01-28,95,97,36.4,1.55,100,9.96,0.0
2024-01-29,74,93,29.2,6.78,79,10.0,5.96
2024-01-30,72,89,24.1,8.17,58,10.03,5.37
2024-01-31,75,90,28.4,4.51,89,10.07,0.94
2024-02-01,81,96,30.4,8.41,67,10.1,7.91
2024-02-02,84,97,34.1,2.38,77,10.14,0.65
2024-02-03,57,74,19.6,12.09,12,10.18,9.84
2024-02-04,58,70,20.1,12.45,2,10.21,9.86
2024-02-05,51,65,16.4,12.58,2,10.25,9.88
2024-02-06,52,63,15.7,12.62,0,10.29,9.9
2024-02-07,59,78,21.2,12.6,19,10.33,9.92
2024-02-08,70,91,26.4,12.5,44,10.37,9.93
2024-02-09,84,97,36.8,10.59,71,10.41,8.0
2024-02-10,82,92,41.9,8.59,99,10.45,6.14
2024-02-11,72,93,35.5,6.33,99,10.49,0.46
2024-02-12,72,91,30.3,11.84,95,10.53,7.37
2024-02-13,79,93,28.2,6.27,70,10.57,4.07
2024-02-14,61,84,16.3,14.94,14,10.62,10.15
2024-02-15,62,78,17.4,12.79,40,10.66,8.14
2024-02-16,60,79,20.0,14.93,28,10.7,10.22
2024-02-17,71,94,21.5,11.99,61,10.74,7.29
2024-02-18,60,74,15.2,15.28,2,10.79,10.28
2024-02-19,49,73,14.0,15.62,0,10.83,10.45
2024-02-20,53,76,11.5,15.67,4,10.87,10.44
2024-02-21,72,87,21.7,11.52,54,10.91,9.38
2024-02-22,81,95,28.0,13.41,61,10.96,9.0
2024-02-23,92,99,37.1,5.95,100,11.0,1.65
2024-02-24,57,93,19.4,13.59,49,11.04,8.73
2024-02-25,55,85,13.4,16.49,9,11.09,10.64
2024-02-26,75,95,30.6,14.05,67,11.13,10.11
2024-02-27,85,100,40.5,14.34,78,11.18,9.07
2024-02-28,89,95,53.2,5.77,100,11.22,0.79
2024-02-29,43,71,12.9,12.87,26,11.26,9.59
2024-03-01,58,76,19.6,16.76,33,11.31,10.85
2024-03-02,91,99,41.4,2.22,100,11.35,0.0
2024-03-03,79,98,45.8,16.66,23,11.4,10.86
2024-03-04,87,97,43.0,12.69,52,11.45,8.61
2024-03-05,96,100,42.1,2.06,100,11.49,0.0
2024-03-06,95,99,43.7,3.63,97,11.54,0.0
2024-03-07,79,98,42.5,6.41,91,11.58,3.0
2024-03-08,65,85,31.3,18.18,61,11.63,11.48
2024-03-09,84,96,36.8,2.52,100,11.67,0.0
2024-03-10,71,98,34.9,10.2,79,11.72,6.06
2024-03-11,41,55,18.2,17.86,36,11.76,11.58
2024-03-12,50,83,30.3,19.0,27,11.81,11.66
2024-03-13,70,87,38.0,17.72,47,11.85,11.71
2024-03-14,67,92,41.1,18.77,56,11.9,11.75
2024-03-15,61,84,44.5,12.97,97,11.94,8.11
2024-03-16,68,89,37.9,15.96,35,11.99,11.71
2024-03-17,58,80,35.6,17.31,59,12.03,10.87
2024-03-18,44,63,23.0,14.49,72,12.08,10.37
2024-03-19,51,80,20.8,15.74,60,12.12,8.92
2024-03-20,62,87,29.2,12.0,59,12.17,8.01
2024-03-21,41,54,11.0,19.56,20,12.22,11.98
2024-03-22,54,70,18.4,19.79,32,12.26,11.15
2024-03-23,88,97,38.5,1.22,98,12.31,0.0
2024-03-24,42,62,15.2,21.96,0,12.35,12.0
2024-03-25,52,60,22.9,21.77,0,12.4,12.0
2024-03-26,62,81,29.7,11.9,73,12.44,5.91
2024-03-27,80,97,39.1,5.98,100,12.49,0.0
2024-03-28,94,98,45.2,4.36,100,12.54,0.0
2024-03-29,45,84,24.1,21.19,51,12.58,11.0
2024-03-30,52,72,29.1,20.31,74,12.63,9.32
2024-03-31,61,86,36.5,20.31,69,12.67,12.0
2024-04-01,76,88,39.6,6.92,91,12.71,1.08
2024-04-02,92,95,42.4,3.05,100,12.76,0.0
2024-04-03,90,94,39.2,3.9,100,12.8,0.0
2024-04-04,76,95,34.1,11.04,87,12.85,4.64
2024-04-05,61,86,27.9,17.87,56,12.89,12.0
2024-04-06,58,78,29.7,13.93,70,12.94,9.26
2024-04-07,58,79,29.9,17.23,31,12.98,11.73
2024-04-08,63,88,34.7,21.42,59,13.02,11.53
2024-04-09,62,88,43.2,23.04,77,13.07,12.14
2024-04-10,78,94,47.6,14.43,93,13.11,7.58
2024-04-11,90,96,51.0,10.53,100,13.16,3.14
2024-04-12,77,96,51.6,13.68,66,13.2,7.22
2024-04-13,64,73,37.1,5.86,68,13.25,0.04
2024-04-14,51,66,38.8,20.06,74,13.29,11.75
2024-04-15,62,94,49.1,21.25,27,13.33,12.7
2024-04-16,48,65,37.2,25.51,2,13.38,13.01
2024-04-17,70,95,41.5,13.55,75,13.42,6.68
2024-04-18,84,95,42.4,6.93,89,13.46,2.0
2024-04-19,78,92,40.7,20.01,79,13.5,11.06
2024-04-20,66,94,41.7,19.69,58,13.54,9.2
2024-04-21,50,73,27.5,15.89,75,13.59,7.14
2024-04-22,53,71,30.5,26.1,11,13.63,13.46
2024-04-23,60,87,34.2,26.49,23,13.67,13.47
2024-04-24,55,66,39.6,21.28,60,13.71,10.78
2024-04-25,53,80,28.7,24.49,30,13.75,13.59
2024-04-26,65,94,34.6,23.52,14,13.79,13.25
2024-04-27,62,90,34.6,21.35,91,13.83,10.33
2024-04-28,75,92,51.4,24.43,96,13.87,12.1
2024-04-29,81,94,61.3,22.89,60,13.91,13.39
2024-04-30,82,99,53.1,18.76,99,13.95,8.53
2024-05-01,79,96,51.7,21.5,60,13.99,13.47
2024-05-02,67,95,51.1,23.22,49,14.03,10.82
2024-05-03,70,95,46.4,20.15,87,14.06,12.13
2024-05-04,76,97,45.3,16.11,94,14.1,7.56
2024-05-05,87,97,47.2,4.69,100,14.14,0.0
2024-05-06,88,99,57.9,11.67,100,14.18,1.92
2024-05-07,60,94,50.1,27.94,44,14.21,13.91
2024-05-08,63,95,57.5,23.68,76,14.25,11.93
2024-05-09,59,75,48.3,17.01,99,14.28,6.3
2024-05-10,82,92,45.4,5.71,98,14.32,0.09
2024-05-11,72,97,42.8,23.08,71,14.35,12.06
2024-05-12,78,91,44.4,11.82,78,14.38,5.99
2024-05-13,78,97,47.8,19.03,38,14.42,13.05
2024-05-14,81,95,55.0,17.58,88,14.45,8.71
2024-05-15,89,96,56.7,11.28,98,14.48,3.84
2024-05-16,86,92,57.3,7.78,91,14.51,0.49
2024-05-17,76,94,54.8,17.46,73,14.54,6.78
2024-05-18,78,94,54.4,15.96,99,14.57,5.41
2024-05-19,80,99,55.2,17.01,69,14.6,9.42
2024-05-20,81,99,55.2,25.34,53,14.63,13.85
2024-05-21,82,97,60.3,27.71,53,14.66,14.0
2024-05-22,73,91,61.7,27.86,37,14.69,14.0
2024-05-23,75,89,64.1,15.64,82,14.71,7.96
2024-05-24,60,97,54.7,29.02,26,14.74,14.0
2024-05-25,63,89,53.8,27.76,55,14.77,14.0
2024-05-26,86,99,63.5,24.7,74,14.79,13.36
2024-05-27,95,99,64.9,10.75,100,14.81,3.2
2024-05-28,69,98,59.1,28.29,27,14.84,14.0
2024-05-29,71,91,55.4,26.28,32,14.86,13.0
2024-05-30,67,91,50.9,23.64,57,14.88,14.0
2024-05-31,46,66,42.8,25.65,43,14.9,13.86
2024-06-01,44,58,45.5,29.67,19,14.92,14.05
2024-06-02,55,84,52.4,24.98,91,14.94,11.07
2024-06-03,63,89,59.8,27.09,46,14.95,13.38
2024-06-04,75,96,61.1,27.8,56,14.97,14.04
2024-06-05,86,99,63.7,17.14,89,14.99,6.79
2024-06-06,85,98,68.5,18.4,81,15.0,9.74
2024-06-07,63,94,57.5,19.85,41,15.01,10.55
2024-06-08,54,79,50.7,21.68,23,15.03,11.31
2024-06-09,59,79,52.9,20.22,44,15.04,11.44
2024-06-10,55,80,49.3,19.79,44,15.05,11.62
2024-06-11,66,90,53.6,19.36,58,15.06,10.57
2024-06-12,67,87,55.2,19.31,49,15.07,10.31
2024-06-13,66,94,58.0,27.17,33,15.08,14.03
2024-06-14,77,93,65.4,18.98,58,15.08,9.13
2024-06-15,62,93,55.1,28.39,16,15.09,14.04
2024-06-16,61,91,51.7,29.29,68,15.09,14.0
2024-06-17,73,97,62.8,25.84,45,15.1,14.04
2024-06-18,69,85,65.6,27.83,66,15.1,14.0
2024-06-19,64,78,63.2,25.79,72,15.1,14.0
2024-06-20,60,78,64.1,27.87,52,15.1,14.04
2024-06-21,61,80,66.3,23.85,47,15.1,12.78
2024-06-22,74,94,70.6,21.69,68,15.1,13.0
2024-06-23,62,90,67.7,20.71,94,15.1,9.26
2024-06-24,54,72,58.4,24.36,35,15.1,13.41
2024-06-25,42,60,53.0,29.1,41,15.09,14.05
2024-06-26,53,81,62.9,25.24,91,15.09,12.54
2024-06-27,62,92,60.9,26.45,44,15.08,13.0
2024-06-28,50,68,47.7,29.6,43,15.07,14.0
2024-06-29,77,91,65.4,17.77,94,15.06,8.3
2024-06-30,84,96,73.0,17.54,83,15.05,8.87
2024-07-01,60,79,55.7,25.87,16,15.04,14.0
2024-07-02,54,75,54.1,28.72,37,15.03,13.21
2024-07-03,58,80,55.7,28.4,71,15.02,14.0
2024-07-04,69,91,64.7,22.76,90,15.01,13.21
2024-07-05,83,98,73.2,19.19,92,14.99,11.13
2024-07-06,78,94,73.7,22.4,58,14.98,12.83
2024-07-07,71,92,70.6,22.61,47,14.96,14.0
2024-07-08,77,100,71.3,24.99,72,14.94,14.0
2024-07-09,80,98,73.5,23.69,91,14.93,11.6
2024-07-10,77,91,73.7,23.78,70,14.91,14.0
2024-07-11,66,92,67.9,26.06,50,14.89,13.62
2024-07-12,77,94,68.9,16.65,61,14.87,9.78
2024-07-13,83,97,71.1,19.92,56,14.85,10.0
2024-07-14,77,100,71.3,25.15,20,14.82,14.0
2024-07-15,71,96,71.5,23.82,38,14.8,14.0
2024-07-16,65,83,70.2,24.01,37,14.78,14.0
2024-07-17,78,96,73.0,21.71,72,14.75,10.62
2024-07-18,69,94,65.5,19.89,71,14.73,8.81
2024-07-19,56,74,56.9,27.45,9,14.7,14.0
2024-07-20,69,90,63.4,16.5,99,14.67,7.14
2024-07-21,65,92,64.6,25.92,37,14.65,14.0
2024-07-22,78,94,68.6,13.74,98,14.62,3.88
2024-07-23,83,97,69.7,16.95,92,14.59,8.74
2024-07-24,86,98,70.6,12.73,94,14.56,5.31
2024-07-25,72,100,65.2,18.06,81,14.53,6.73
2024-07-26,51,66,54.3,26.39,31,14.5,13.0
2024-07-27,57,81,57.8,22.28,28,14.47,12.9
2024-07-28,61,82,60.2,20.5,52,14.43,9.14
2024-07-29,77,94,68.3,17.68,73,14.4,11.04
2024-07-30,75,97,69.4,23.18,70,14.37,12.64
2024-07-31,81,94,71.6,15.49,73,14.34,10.52
2024-08-01,71,97,69.8,24.36,17,14.3,14.0
2024-08-02,77,95,72.5,18.53,72,14.27,12.19
2024-08-03,81,96,73.3,21.52,80,14.23,13.0
2024-08-04,87,97,72.0,13.36,81,14.2,6.36
2024-08-05,69,92,68.1,24.11,40,14.16,13.97
2024-08-06,80,95,71.1,18.32,57,14.13,10.84
2024-08-07,87,97,65.3,9.79,100,14.09,0.55
2024-08-08,88,96,65.5,6.63,100,14.05,0.0
2024-08-09,89,97,72.7,14.73,99,14.01,5.47
2024-08-10,71,96,66.4,25.02,33,13.98,13.81
2024-08-11,61,82,58.4,22.05,54,13.94,13.35
2024-08-12,64,94,57.6,22.0,23,13.9,13.74
2024-08-13,65,86,57.5,22.09,29,13.86,13.12
2024-08-14,66,88,59.9,22.68,33,13.82,13.46
2024-08-15,66,94,61.2,23.43,14,13.78,13.54
2024-08-16,72,94,64.8,22.71,25,13.74,13.45
2024-08-17,85,98,68.7,14.02,74,13.7,7.44
2024-08-18,89,96,69.5,10.41,95,13.66,3.13
2024-08-19,86,98,68.5,17.22,79,13.62,9.53
2024-08-20,60,83,51.2,23.98,38,13.58,11.61
2024-08-21,59,79,48.9,23.03,9,13.54,13.13
2024-08-22,63,84,52.1,19.72,18,13.5,12.97
2024-08-23,66,95,55.2,23.74,10,13.46,12.99
2024-08-24,65,94,57.4,22.72,30,13.41,12.75
2024-08-25,65,89,60.0,21.72,37,13.37,12.15
2024-08-26,71,95,62.5,20.88,16,13.33,12.36
2024-08-27,76,99,64.4,22.67,22,13.29,12.46
2024-08-28,70,91,68.9,19.65,47,13.24,12.0
2024-08-29,73,91,63.5,13.99,80,13.2,7.26
2024-08-30,74,89,60.0,17.11,78,13.16,8.9
2024-08-31,82,96,64.7,13.05,75,13.11,7.25
2024-09-01,81,96,68.6,13.86,82,13.07,7.75
2024-09-02,58,79,54.5,20.1,36,13.03,9.26
2024-09-03,54,78,45.5,23.49,0,12.98,12.18
2024-09-04,65,93,51.6,22.81,0,12.94,12.18
2024-09-05,69,92,54.4,22.58,0,12.89,12.02
2024-09-06,78,97,60.2,16.34,35,12.85,11.62
2024-09-07,84,98,62.0,11.7,84,12.81,5.93
2024-09-08,59,95,45.3,22.12,3,12.76,12.04
2024-09-09,52,73,45.7,20.91,11,12.72,12.05
2024-09-10,58,73,50.9,21.71,5,12.68,12.0
2024-09-11,66,95,51.8,21.26,59,12.63,12.0
2024-09-12,78,100,58.5,20.31,32,12.59,10.55
2024-09-13,77,100,58.5,20.78,13,12.54,12.0
2024-09-14,74,100,60.9,19.84,14,12.5,12.0
2024-09-15,71,96,58.6,19.49,6,12.45,12.0
2024-09-16,74,96,56.0,19.55,69,12.41,11.97
2024-09-17,77,98,59.2,18.2,94,12.36,11.94
2024-09-18,77,94,60.6,6.88,100,12.32,0.0
2024-09-19,64,87,57.9,19.24,95,12.27,11.74
2024-09-20,72,90,60.5,16.48,27,12.23,11.85
2024-09-21,67,90,55.3,18.04,37,12.18,11.82
2024-09-22,68,94,53.3,17.51,34,12.14,11.8
2024-09-23,66,85,50.5,10.02,82,12.09,4.64
2024-09-24,69,86,51.8,7.45,98,12.05,1.51
2024-09-25,72,82,54.5,5.36,100,12.0,0.03
2024-09-26,90,96,65.1,4.85,100,11.96,0.08
2024-09-27,82,100,62.4,6.67,100,11.92,0.0
2024-09-28,83,90,59.5,3.67,90,11.87,0.0
2024-09-29,84,92,58.0,3.79,99,11.83,0.0
2024-09-30,75,94,55.7,14.55,94,11.78,9.82
2024-10-01,76,91,55.1,11.84,78,11.74,9.88
2024-10-02,76,95,53.2,10.45,68,11.69,7.14
2024-10-03,77,93,56.0,11.19,77,11.65,8.23
2024-10-04,83,100,57.4,13.27,87,11.6,9.99
2024-10-05,68,97,53.3,16.84,18,11.56,11.09
2024-10-06,72,87,51.2,16.69,17,11.52,11.0
2024-10-07,67,91,52.4,14.54,48,11.47,9.21
2024-10-08,56,81,42.1,15.44,28,11.43,10.74
2024-10-09,56,87,41.7,13.06,34,11.38,10.02
2024-10-10,55,74,37.0,16.09,5,11.34,10.9
2024-10-11,58,86,40.1,16.51,1,11.29,10.86
2024-10-12,46,58,41.8,16.39,14,11.25,10.85
2024-10-13,63,93,48.1,14.42,58,11.2,10.02
2024-10-14,70,100,43.8,14.12,42,11.16,10.37
2024-10-15,58,78,34.0,14.19,26,11.12,10.79
2024-10-16,55,75,33.2,12.81,19,11.07,10.77
2024-10-17,58,81,33.4,15.04,23,11.03,10.25
2024-10-18,50,71,33.9,15.33,0,10.99,10.74
2024-10-19,58,86,40.0,15.04,0,10.95,10.72
2024-10-20,57,84,40.3,15.18,3,10.9,10.7
2024-10-21,54,87,44.4,14.43,1,10.86,10.68
2024-10-22,65,84,52.5,13.94,1,10.82,10.66
2024-10-23,65,83,51.3,13.91,7,10.78,10.62
2024-10-24,55,72,44.2,13.96,16,10.73,10.35
2024-10-25,53,79,35.4,14.21,17,10.69,10.54
2024-10-26,47,65,35.3,13.73,19,10.65,10.24
2024-10-27,48,78,27.4,14.05,39,10.61,10.41
2024-10-28,62,93,34.1,13.2,28,10.57,10.22
2024-10-29,81,95,48.8,8.41,67,10.53,7.45
2024-10-30,74,100,52.9,12.17,79,10.49,9.0
2024-10-31,66,95,54.6,12.06,75,10.45,9.12
2024-11-01,51,74,49.1,10.03,48,10.4,6.78
2024-11-02,50,63,35.2,12.66,4,10.37,9.99
2024-11-03,48,68,25.6,12.78,11,10.33,9.89
2024-11-04,70,90,38.4,11.24,69,10.29,8.37
2024-11-05,78,96,52.5,11.16,25,10.25,9.7
2024-11-06,66,87,56.9,11.34,20,10.21,9.49
2024-11-07,66,94,51.3,11.13,39,10.18,9.29
2024-11-08,54,86,37.5,11.8,5,10.14,9.67
2024-11-09,40,52,23.5,11.99,7,10.1,9.66
2024-11-10,63,87,34.9,5.57,89,10.07,3.03
2024-11-11,72,94,49.9,10.4,44,10.03,9.47
2024-11-12,49,68,30.8,11.01,6,10.0,9.59
2024-11-13,42,58,19.5,11.43,3,9.96,9.56
2024-11-14,47,68,21.7,9.15,82,9.93,6.71
2024-11-15,45,62,26.6,9.84,59,9.89,8.32
2024-11-16,37,54,25.4,10.83,0,9.86,9.4
2024-11-17,37,50,26.1,10.42,55,9.83,9.0
2024-11-18,49,59,35.6,10.33,44,9.8,9.32
2024-11-19,51,74,33.2,8.86,62,9.77,7.35
2024-11-20,58,75,38.3,7.33,55,9.74,7.42
2024-11-21,91,97,44.9,1.39,100,9.71,0.0
2024-11-22,90,100,35.3,2.9,100,9.68,0.7
2024-11-23,77,96,35.3,8.62,66,9.65,9.16
2024-11-24,63,73,34.1,7.57,56,9.62,8.41
2024-11-25,69,83,34.5,9.67,49,9.59,9.0
2024-11-26,74,96,43.0,5.53,56,9.57,5.77
2024-11-27,68,81,32.7,9.32,65,9.54,8.96
2024-11-28,84,97,39.7,1.53,84,9.52,0.96
2024-11-29,71,88,30.3,6.03,29,9.5,5.0
2024-11-30,57,69,19.2,9.23,13,9.48,8.55
2024-12-01,55,72,15.8,8.77,30,9.46,8.95
2024-12-02,59,70,18.9,8.83,11,9.44,8.87
2024-12-03,64,78,22.6,8.41,11,9.42,8.86
2024-12-04,63,89,20.8,6.39,61,9.4,5.46
2024-12-05,68,88,26.0,7.74,64,9.38,7.09
2024-12-06,56,63,16.2,5.89,63,9.36,6.43
2024-12-07,58,66,20.0,8.96,48,9.35,8.79
2024-12-08,55,71,26.8,7.85,64,9.33,8.1
2024-12-09,85,100,37.5,3.36,78,9.32,2.79
2024-12-10,96,99,45.3,2.21,100,9.31,0.16
2024-12-11,94,100,53.5,1.45,100,9.29,0.0
2024-12-12,55,78,19.6,7.57,23,9.28,7.83
2024-12-13,52,61,12.5,9.0,3,9.27,8.81
2024-12-14,54,70,12.5,9.02,7,9.27,8.8
2024-12-15,66,82,20.2,5.85,95,9.26,5.03
2024-12-16,95,99,39.6,1.61,100,9.25,0.0
2024-12-17,84,97,45.9,7.12,68,9.25,6.97
2024-12-18,80,96,37.1,8.46,38,9.25,8.66
2024-12-19,71,95,30.7,8.22,70,9.24,7.77
2024-12-20,80,89,28.0,2.15,100,9.24,0.09
2024-12-21,74,92,19.8,8.27,71,9.24,7.0
2024-12-22,60,73,4.7,9.32,8,9.24,8.9
2024-12-23,60,70,2.8,9.14,33,9.25,8.79
2024-12-24,80,87,23.8,5.87,77,9.25,5.07
2024-12-25,80,92,21.9,5.94,57,9.25,6.67
2024-12-26,71,79,15.2,9.1,14,9.26,8.95
2024-12-27,78,90,19.4,8.12,61,9.27,8.66
2024-12-28,96,100,37.8,2.37,100,9.27,1.79
2024-12-29,93,100,46.9,5.55,99,9.28,5.0
2024-12-30,77,97,44.9,7.96,46,9.29,8.44
2024-12-31,77,93,36.3,8.44,43,9.3,8.52
2025-01-01,81,99,39.2,6.16,49,9.31,5.13
2025-01-02,55,66,22.0,7.46,31,9.33,7.51
2025-01-03,58,67,19.6,8.5,37,9.34,8.51
2025-01-04,50,65,12.9,6.44,51,9.36,8.5
2025-01-05,52,61,12.8,6.6,54,9.37,7.77
2025-01-06,75,83,20.8,2.06,100,9.39,0.0
2025-01-07,62,66,11.6,6.59,77,9.41,6.09
2025-01-08,48,57,7.4,7.85,52,9.43,8.89
2025-01-09,52,62,9.5,9.12,57,9.45,9.1
2025-01-10,54,64,15.7,9.27,59,9.47,8.29
2025-01-11,72,85,21.9,5.7,80,9.49,4.08
2025-01-12,65,79,22.1,8.84,34,9.51,9.34
2025-01-13,65,76,23.2,8.1,36,9.54,8.37
2025-01-14,49,63,12.0,10.05,33,9.56,9.4
2025-01-15,49,60,9.0,8.74,35,9.59,9.38
2025-01-16,57,75,12.8,7.84,77,9.61,5.62
2025-01-17,65,80,20.2,9.05,24,9.64,7.78
2025-01-18,81,98,31.4,2.71,85,9.67,0.64
2025-01-19,89,96,30.3,1.85,67,9.7,0.0
2025-01-20,66,83,9.7,10.77,43,9.73,9.57
2025-01-21,62,70,1.4,9.62,65,9.76,7.64
2025-01-22,54,67,-2.8,11.47,28,9.79,9.63
2025-01-23,54,64,3.1,10.41,46,9.82,8.97
2025-01-24,62,79,10.2,11.53,11,9.85,9.69
2025-01-25,66,85,10.1,11.32,30,9.89,9.72
2025-01-26,64,72,19.2,10.18,87,9.92,9.0
2025-01-27,58,72,16.7,11.9,30,9.95,9.75
2025-01-28,54,66,17.6,9.86,67,9.99,7.52
2025-01-29,53,64,22.9,10.75,39,10.02,9.77
2025-01-30,51,65,11.8,11.74,38,10.06,9.79
2025-01-31,91,99,35.0,2.51,100,10.09,0.0
2025-02-01,69,97,22.5,8.4,61,10.13,8.0
2025-02-02,56,93,9.3,7.11,83,10.17,4.62
2025-02-03,85,95,30.8,8.99,87,10.21,8.18
2025-02-04,67,89,27.5,11.23,50,10.24,8.3
2025-02-05,51,65,13.3,11.27,93,10.28,7.73
2025-02-06,88,97,29.8,3.56,87,10.32,0.56
2025-02-07,64,99,21.9,12.15,53,10.36,9.93
2025-02-08,57,95,15.1,8.38,86,10.4,5.0
2025-02-09,86,100,27.9,11.04,85,10.44,7.44
2025-02-10,71,80,19.3,12.3,58,10.48,9.11
2025-02-11,75,87,16.9,9.16,93,10.52,2.26
2025-02-12,87,95,27.3,7.14,100,10.57,0.0
2025-02-13,89,98,34.1,5.99,87,10.61,2.82
2025-02-14,57,67,15.7,14.38,37,10.65,10.05
2025-02-15,67,98,19.5,5.37,100,10.69,1.26
2025-02-16,95,100,35.2,2.08,95,10.73,0.0
2025-02-17,50,67,12.5,10.96,59,10.77,9.52
2025-02-18,35,49,-1.7,15.19,21,10.82,10.36
2025-02-19,46,62,4.7,13.54,61,10.86,10.0
2025-02-20,57,66,10.1,11.39,67,10.9,6.35
2025-02-21,55,63,10.6,15.56,33,10.94,10.42
2025-02-22,57,69,14.4,15.89,35,10.99,10.06
2025-02-23,56,72,21.8,15.11,68,11.03,9.44
2025-02-24,67,85,27.5,15.04,75,11.08,10.12
2025-02-25,67,79,34.0,12.3,77,11.12,7.98
2025-02-26,68,89,33.1,15.26,38,11.17,9.81
2025-02-27,80,87,40.6,6.16,100,11.21,0.85
2025-02-28,58,84,27.4,16.91,46,11.26,10.05
2025-03-01,52,63,27.2,14.01,48,11.3,8.44
2025-03-02,40,50,3.9,17.76,26,11.35,10.85
2025-03-03,44,59,9.3,16.84,26,11.39,10.94
2025-03-04,60,71,27.3,14.15,33,11.44,9.32
2025-03-05,81,97,43.5,4.67,84,11.48,0.23
2025-03-06,70,97,38.9,15.76,72,11.53,9.0
2025-03-07,46,62,18.5,16.35,37,11.57,11.42
2025-03-08,49,71,19.9,15.83,42,11.61,10.24
2025-03-09,53,69,22.4,14.91,24,11.66,11.51
2025-03-10,57,73,34.1,18.65,7,11.7,11.56
2025-03-11,66,84,37.8,18.92,8,11.75,11.6
2025-03-12,52,75,28.2,16.62,52,11.79,11.58
2025-03-13,72,83,33.0,18.34,42,11.84,11.69
2025-03-14,77,92,36.1,18.92,50,11.89,11.74
2025-03-15,92,98,41.7,6.77,100,11.93,0.4
2025-03-16,93,100,52.5,6.72,100,11.98,0.0
2025-03-17,80,98,46.1,5.96,87,12.02,0.08
2025-03-18,53,69,27.6,20.72,7,12.07,11.89
2025-03-19,66,84,35.3,20.27,37,12.12,11.88
2025-03-20,94,98,44.6,8.29,100,12.16,0.49
2025-03-21,56,96,27.4,21.17,29,12.21,11.97
2025-03-22,57,70,31.6,17.74,55,12.25,11.05
2025-03-23,51,71,20.4,21.54,45,12.3,11.25
2025-03-24,88,98,40.9,3.82,86,12.34,0.76
2025-03-25,57,97,31.7,20.55,69,12.39,12.0
2025-03-26,57,76,27.9,15.15,62,12.43,10.03
2025-03-27,52,75,22.4,22.42,0,12.48,12.0
2025-03-28,56,76,34.3,16.25,80,12.52,9.36
2025-03-29,70,91,49.1,18.24,64,12.57,11.32
2025-03-30,86,94,43.0,11.34,93,12.61,3.2
2025-03-31,86,97,56.3,14.64,95,12.66,8.44
2025-04-01,58,94,32.7,23.01,38,12.7,12.0
2025-04-02,60,86,26.8,20.37,81,12.75,9.99
2025-04-03,85,91,53.9,7.56,100,12.79,1.08
2025-04-04,63,87,49.0,16.6,100,12.84,9.69
2025-04-05,73,94,40.2,5.89,97,12.88,0.08
2025-04-06,76,97,41.6,9.63,100,12.93,1.58
2025-04-07,84,91,37.7,3.61,100,12.97,0.0
2025-04-08,58,91,24.7,22.28,47,13.02,12.05
2025-04-09,49,66,19.4,24.81,4,13.06,12.23
2025-04-10,68,83,31.1,14.31,79,13.1,7.08
2025-04-11,86,96,37.8,5.35,100,13.15,0.07
2025-04-12,88,100,35.6,4.62,100,13.19,0.0
2025-04-13,67,85,36.7,14.28,86,13.24,5.96
2025-04-14,64,75,39.0,15.09,78,13.28,8.59
2025-04-15,67,92,43.6,13.91,64,13.32,7.23
2025-04-16,55,67,30.0,13.61,73,13.36,7.37
2025-04-17,54,74,31.4,25.98,2,13.41,13.01
2025-04-18,64,88,40.1,23.76,44,13.45,12.22
2025-04-19,63,75,55.2,16.95,92,13.49,7.45
2025-04-20,53,75,41.4,25.11,89,13.53,12.13
2025-04-21,60,85,36.2,11.47,99,13.57,3.95
2025-04-22,64,97,48.7,25.41,50,13.62,12.75
2025-04-23,44,75,38.9,25.47,62,13.66,13.29
2025-04-24,39,63,39.2,25.73,36,13.7,13.22
2025-04-25,47,76,45.0,22.05,90,13.74,11.38
2025-04-26,84,94,59.5,6.67,94,13.78,0.25
2025-04-27,53,64,35.8,16.1,57,13.82,10.95
2025-04-28,42,60,36.2,27.28,10,13.86,13.71
2025-04-29,44,64,43.9,26.03,57,13.9,13.04
2025-04-30,41,75,41.7,26.54,71,13.94,11.78
2025-05-01,40,57,35.0,26.09,72,13.98,13.75
2025-05-02,62,96,55.4,20.84,81,14.02,12.54
2025-05-03,66,87,59.9,22.3,83,14.06,12.92
2025-05-04,87,97,59.9,10.15,99,14.09,3.71
2025-05-05,95,99,59.0,8.29,100,14.13,0.0
2025-05-06,91,97,58.2,13.02,85,14.17,6.63
2025-05-07,68,87,52.2,20.84,60,14.2,11.12
2025-05-08,77,89,56.7,23.55,63,14.24,13.35
2025-05-09,90,99,54.0,7.08,95,14.27,0.37
2025-05-10,63,85,45.6,22.2,50,14.31,11.95
2025-05-11,61,81,48.6,27.89,29,14.34,13.97
2025-05-12,62,78,46.9,27.79,57,14.37,13.05
2025-05-13,85,95,58.2,8.83,100,14.41,0.4
2025-05-14,91,96,58.4,9.05,99,14.44,2.45
2025-05-15,90,99,61.9,16.57,93,14.47,9.56
2025-05-16,92,100,62.4,14.09,100,14.5,2.83
2025-05-17,79,100,63.2,21.5,65,14.54,11.12
2025-05-18,61,77,51.6,22.21,28,14.57,13.96
2025-05-19,57,72,44.0,27.31,22,14.6,14.0
2025-05-20,58,70,41.0,22.42,37,14.63,12.04
2025-05-21,74,80,45.5,6.31,100,14.65,0.0
2025-05-22,87,94,46.8,6.49,100,14.68,0.0
2025-05-23,78,90,46.3,13.61,78,14.71,7.04
2025-05-24,68,86,44.9,20.0,46,14.73,12.51
2025-05-25,64,82,45.7,19.59,58,14.76,12.66
2025-05-26,62,83,46.9,25.48,17,14.78,14.0
2025-05-27,59,88,48.4,21.94,91,14.81,9.39
2025-05-28,66,95,48.0,9.6,100,14.83,0.49
2025-05-29,85,98,57.4,13.66,98,14.85,3.99
2025-05-30,85,99,61.2,17.13,93,14.87,7.56
2025-05-31,79,99,53.9,19.03,88,14.89,9.71
2025-06-01,59,76,42.9,20.94,56,14.91,12.33
2025-06-02,61,84,46.1,25.5,29,14.93,13.65
2025-06-03,56,88,47.7,29.7,3,14.95,14.05
2025-06-04,56,76,54.4,29.24,32,14.97,14.04
2025-06-05,55,81,62.0,24.23,73,14.98,13.25
2025-06-06,60,81,64.2,24.21,69,15.0,12.79
2025-06-07,77,89,65.5,12.91,92,15.01,4.6
2025-06-08,80,93,60.9,18.51,100,15.02,7.07
2025-06-09,88,94,60.0,9.51,100,15.04,0.81
2025-06-10,85,98,63.1,12.26,89,15.05,6.18
2025-06-11,61,92,57.4,26.69,8,15.06,14.03
2025-06-12,54,74,59.4,27.97,37,15.07,13.77
2025-06-13,43,67,49.7,24.66,99,15.08,12.88
2025-06-14,73,84,55.4,7.76,100,15.08,0.0
2025-06-15,82,93,56.6,7.89,100,15.09,0.03
2025-06-16,85,94,59.6,7.47,100,15.09,2.0
2025-06-17,91,98,63.4,8.21,100,15.1,0.02
2025-06-18,91,98,68.4,13.38,100,15.1,3.79
2025-06-19,82,99,71.5,24.13,50,15.1,13.0
2025-06-20,62,87,59.8,27.14,33,15.1,13.73
2025-06-21,58,83,61.9,27.23,37,15.1,14.04
2025-06-22,63,77,68.9,15.94,92,15.1,8.55
2025-06-23,61,88,73.0,27.52,53,15.1,14.0
2025-06-24,43,65,65.2,28.39,8,15.1,14.05
2025-06-25,47,62,66.9,26.81,33,15.09,13.06
2025-06-26,61,72,62.7,20.89,62,15.09,12.66
2025-06-27,62,78,54.2,12.93,75,15.08,4.77
2025-06-28,75,91,65.9,18.21,89,15.07,9.74
2025-06-29,65,94,67.4,26.71,59,15.07,14.0
2025-06-30,58,79,64.9,24.98,71,15.06,13.86
2025-07-01,79,96,72.9,17.9,97,15.05,8.0
2025-07-02,80,96,70.3,18.37,83,15.03,8.61
2025-07-03,66,90,64.2,26.29,19,15.02,14.0
2025-07-04,55,77,56.1,29.34,2,15.01,14.0
2025-07-05,52,82,57.2,28.18,40,15.0,14.0
2025-07-06,51,76,60.9,28.17,40,14.98,14.0
2025-07-07,75,89,72.2,19.85,60,14.97,9.35
2025-07-08,76,95,72.7,21.77,55,14.95,10.99
2025-07-09,74,94,70.7,25.53,40,14.93,13.54
2025-07-10,82,94,69.9,13.13,98,14.91,5.82
2025-07-11,82,98,70.5,23.92,43,14.89,13.56
2025-07-12,81,97,70.5,22.99,76,14.87,12.0
2025-07-13,76,90,69.1,17.12,82,14.85,9.01
2025-07-14,84,97,72.6,18.39,84,14.83,10.52
2025-07-15,85,98,73.3,23.75,50,14.81,13.68
2025-07-16,82,97,73.7,24.26,43,14.78,12.89
2025-07-17,76,97,73.4,21.12,67,14.76,11.02
2025-07-18,51,71,58.8,24.6,60,14.73,14.0
2025-07-19,58,81,61.3,17.05,52,14.71,10.52
2025-07-20,68,93,69.2,22.82,68,14.68,11.89
2025-07-21,51,79,58.0,25.69,16,14.65,14.0
2025-07-22,47,63,52.7,21.82,36,14.62,12.05
2025-07-23,58,81,58.8,19.99,54,14.6,11.64
2025-07-24,58,74,62.5,20.96,79,14.57,12.65
2025-07-25,66,78,71.1,22.37,37,14.54,12.64
2025-07-26,60,85,63.0,22.98,85,14.51,11.52
2025-07-27,76,87,69.3,11.91,81,14.48,5.68
2025-07-28,60,88,68.1,25.57,3,14.44,14.0
2025-07-29,52,86,67.0,23.84,33,14.41,13.07
2025-07-30,56,80,68.8,21.68,47,14.38,13.81
2025-07-31,74,93,69.7,15.3,75,14.35,8.78
2025-08-01,79,88,61.2,12.06,91,14.31,4.02
2025-08-02,67,92,57.6,23.64,48,14.28,11.71
2025-08-03,62,91,56.9,27.14,4,14.24,14.0
2025-08-04,55,89,57.0,26.67,18,14.21,13.99
2025-08-05,62,80,62.6,19.21,89,14.17,11.01
2025-08-06,64,86,61.2,15.54,100,14.13,5.23
2025-08-07,61,84,58.2,24.38,22,14.1,13.93
2025-08-08,54,82,53.2,26.4,4,14.06,13.9
2025-08-09,51,79,53.5,26.38,6,14.02,13.86
2025-08-10,45,66,53.8,25.71,22,13.98,13.82
2025-08-11,47,70,56.8,25.72,12,13.95,13.79
2025-08-12,60,80,64.6,25.21,13,13.91,13.75
2025-08-13,72,91,70.4,18.62,53,13.87,8.95
2025-08-14,78,96,71.4,19.87,61,13.83,11.33
2025-08-15,63,84,65.0,24.05,9,13.79,13.63
2025-08-16,72,92,67.8,19.93,46,13.75,11.76
2025-08-17,68,87,67.9,19.88,67,13.71,11.4
2025-08-18,66,81,57.2,10.56,71,13.67,3.02
2025-08-19,55,81,51.6,21.15,54,13.63,12.67
2025-08-20,75,90,58.9,5.42,88,13.59,0.0
2025-08-21,76,89,56.9,14.32,77,13.55,7.04
2025-08-22,58,77,53.2,24.74,0,13.51,13.14
2025-08-23,58,76,55.1,24.23,11,13.46,12.73
2025-08-24,72,87,62.0,19.38,40,13.42,12.66
2025-08-25,58,97,57.7,22.24,32,13.38,12.59
2025-08-26,42,61,47.0,19.13,23,13.34,11.76
2025-08-27,48,66,47.7,21.54,21,13.29,12.08
2025-08-28,46,75,46.5,19.64,73,13.25,9.8
2025-08-29,50,70,51.6,20.49,52,13.21,12.16
2025-08-30,42,64,42.3,22.02,18,13.17,12.31
2025-08-31,44,64,45.7,21.39,37,13.12,11.13
2025-09-01,54,74,51.9,21.99,47,13.08,12.16
2025-09-02,59,84,53.5,22.15,13,13.04,12.17
2025-09-03,64,93,55.0,20.96,9,12.99,12.12
2025-09-04,73,92,60.1,19.41,34,12.95,12.1
2025-09-05,73,96,64.4,19.86,37,12.91,12.0
2025-09-06,81,96,68.0,14.32,78,12.86,7.42
2025-09-07,84,95,59.8,7.02,91,12.82,3.3
2025-09-08,62,77,49.6,22.68,13,12.78,12.04
2025-09-09,69,89,52.2,22.07,22,12.73,12.05
2025-09-10,75,92,55.9,7.35,85,12.69,3.03
2025-09-11,56,78,51.6,21.79,12,12.64,12.0
2025-09-12,58,77,53.6,17.37,37,12.6,12.0
2025-09-13,71,94,59.2,17.41,33,12.55,10.81
2025-09-14,62,91,57.4,18.94,32,12.51,12.0
2025-09-15,63,90,57.1,19.94,71,12.46,12.0
2025-09-16,61,89,54.0,13.2,91,12.42,8.52
2025-09-17,74,92,58.2,10.28,91,12.37,5.58
2025-09-18,73,92,61.8,19.73,29,12.33,11.92
2025-09-19,63,79,58.5,19.89,1,12.28,11.89
2025-09-20,55,78,48.3,20.19,15,12.24,11.86
2025-09-21,67,87,51.0,17.94,70,12.19,11.7
2025-09-22,72,91,53.4,14.5,45,12.15,11.37
2025-09-23,74,97,62.5,15.73,68,12.11,11.0
2025-09-24,88,99,67.4,9.81,92,12.06,2.11
2025-09-25,93,98,69.1,4.74,98,12.02,1.58
2025-09-26,78,93,64.2,17.43,61,11.97,10.67
2025-09-27,76,89,61.1,12.47,86,11.93,6.74
2025-09-28,76,94,63.6,18.11,29,11.88,11.61
2025-09-29,70,86,58.2,12.56,93,11.84,6.88
2025-09-30,65,87,55.5,13.4,99,11.79,8.15
2025-10-01,49,64,41.4,18.6,11,11.75,11.49
2025-10-02,56,77,41.0,17.8,35,11.7,11.08
2025-10-03,64,85,47.1,17.9,33,11.66,11.26
2025-10-04,62,85,52.5,17.52,19,11.61,11.18
2025-10-05,62,87,55.5,17.07,2,11.57,11.09
2025-10-06,66,82,56.6,17.25,7,11.52,11.0
2025-10-07,68,90,59.2,13.81,53,11.48,10.47
2025-10-08,69,93,55.1,10.8,57,11.43,6.08
2025-10-09,54,73,35.9,17.38,0,11.39,10.91
2025-10-10,62,79,38.3,14.47,16,11.35,10.33
2025-10-11,78,85,51.0,5.56,80,11.3,1.16
2025-10-12,78,93,51.7,3.66,100,11.26,0.0
2025-10-13,88,93,52.9,2.56,100,11.22,0.0
2025-10-14,81,88,51.2,5.83,100,11.17,1.15
2025-10-15,74,87,51.0,13.05,64,11.13,10.02
2025-10-16,51,68,33.1,15.75,4,11.09,10.78
2025-10-17,52,70,34.5,15.47,15,11.04,10.76
2025-10-18,66,82,41.9,13.29,26,11.0,9.74
2025-10-19,81,87,54.4,14.1,35,10.96,10.72
2025-10-20,73,93,51.3,10.22,60,10.91,7.59
2025-10-21,64,75,43.8,14.77,21,10.87,10.68
2025-10-22,69,96,45.6,13.17,53,10.83,10.54
2025-10-23,62,75,39.5,12.42,18,10.79,9.88
2025-10-24,65,83,38.9,12.81,19,10.74,9.86
2025-10-25,66,83,38.9,11.07,44,10.7,6.72
2025-10-26,63,84,38.0,11.24,32,10.66,8.98
2025-10-27,60,81,33.0,13.8,0,10.62,10.41
2025-10-28,63,81,35.5,9.44,64,10.58,6.44
2025-10-29,65,73,39.3,9.12,86,10.53,7.4
2025-10-30,91,100,54.1,1.64,99,10.49,0.0
2025-10-31,67,95,41.9,7.86,42,10.45,7.42
2025-11-01,54,68,34.1,11.79,38,10.41,10.0
2025-11-02,71,85,38.7,12.53,44,10.38,9.9
2025-11-03,79,91,43.6,6.24,74,10.34,4.72
2025-11-04,49,58,32.4,12.22,7,10.3,9.88
2025-11-05,57,72,35.9,9.59,65,10.26,7.57
2025-11-06,54,74,32.2,10.21,41,10.22,9.22
2025-11-07,63,88,34.5,9.55,89,10.19,8.94
2025-11-08,74,96,48.1,10.99,66,10.15,9.38
2025-11-09,87,100,50.6,5.35,81,10.11,3.86
2025-11-10,84,100,45.0,4.63,70,10.08,3.32
2025-11-11,57,64,22.8,7.59,62,10.04,7.84
2025-11-12,61,68,29.0,4.98,83,10.0,3.0
2025-11-13,64,78,33.6,8.6,25,9.97,8.89
2025-11-14,64,79,31.9,7.89,35,9.93,6.21
2025-11-15,70,86,32.7,9.13,67,9.9,7.44
2025-11-16,61,86,34.9,10.76,34,9.87,8.98
2025-11-17,51,60,22.1,8.15,29,9.83,8.31
2025-11-18,58,76,25.9,9.78,45,9.8,8.29
2025-11-19,76,89,33.3,6.05,68,9.77,4.3
2025-11-20,71,81,28.7,8.71,62,9.74,6.86
2025-11-21,82,89,39.0,5.99,99,9.71,4.79
2025-11-22,80,97,39.7,4.64,65,9.68,3.44
2025-11-23,73,90,30.7,5.3,37,9.66,4.98
2025-11-24,62,74,31.5,9.91,29,9.63,9.16
2025-11-25,80,96,39.5,3.36,100,9.6,0.14
2025-11-26,92,97,53.1,4.96,78,9.58,3.32
2025-11-27,50,68,24.6,9.31,68,9.55,8.97
2025-11-28,50,64,19.3,9.02,14,9.53,8.81
2025-11-29,52,64,19.5,9.66,19,9.51,9.02
2025-11-30,80,95,31.1,1.52,100,9.48,0.14
2025-12-01,56,90,22.7,9.54,53,9.46,8.99
2025-12-02,84,99,29.5,0.78,100,9.44,0.0
2025-12-03,69,83,24.7,9.32,24,9.42,8.86
2025-12-04,65,79,22.2,6.52,34,9.4,5.23
2025-12-05,53,72,10.2,6.73,56,9.38,4.83
2025-12-06,72,86,25.1,6.12,73,9.37,5.54
2025-12-07,68,82,25.3,8.17,51,9.35,8.41
2025-12-08,47,77,9.9,7.15,87,9.33,8.78
2025-12-09,41,66,3.9,9.01,57,9.32,8.77
2025-12-10,77,94,29.7,4.8,98,9.31,3.74
2025-12-11,60,92,19.9,7.9,45,9.3,7.17
2025-12-12,50,61,11.9,9.1,3,9.29,8.83
2025-12-13,66,86,20.4,5.01,88,9.28,3.68
2025-12-14,82,99,22.3,4.72,76,9.27,2.52
2025-12-15,69,81,12.7,8.38,52,9.26,8.69
2025-12-16,74,82,15.6,9.27,56,9.26,8.68
2025-12-17,71,74,22.6,7.65,61,9.25,7.0
2025-12-18,85,99,31.2,8.93,47,9.25,8.66
2025-12-19,81,98,42.3,2.37,83,9.24,1.0
2025-12-20,59,70,19.3,8.2,49,9.24,8.44
2025-12-21,58,78,22.1,8.51,39,9.24,8.71
2025-12-22,56,66,17.0,8.57,34,9.24,8.8
2025-12-23,85,99,29.9,1.96,100,9.25,0.0
2025-12-24,70,93,28.8,7.68,39,9.25,8.77
2025-12-25,63,84,23.7,5.47,76,9.25,5.85
2025-12-26,56,97,10.1,4.93,81,9.26,1.9
2025-12-27,89,97,22.5,3.6,93,9.26,0.0
2025-12-28,88,92,18.6,6.92,83,9.27,5.62
2025-12-29,84,100,32.7,2.66,85,9.28,0.0
2025-12-30,47,59,11.8,5.33,83,9.29,4.68
2025-12-31,49,59,11.2,7.29,77,9.3,6.59
2026-01-01,55,73,11.6,9.36,47,9.31,8.57
2026-01-02,61,72,12.2,8.02,83,9.32,6.3
2026-01-03,49,59,9.1,8.02,71,9.34,8.22
2026-01-04,64,82,17.4,8.41,66,9.35,8.31
2026-01-05,70,77,20.5,4.38,75,9.37,1.68
2026-01-06,82,96,28.8,5.18,97,9.38,3.24
2026-01-07,84,99,35.4,7.33,73,9.4,8.17
2026-01-08,76,88,33.8,8.98,8,9.42,9.18
2026-01-09,85,96,37.1,6.92,69,9.44,5.3
2026-01-10,88,98,38.7,2.78,100,9.46,0.0
2026-01-11,71,98,31.5,7.04,71,9.49,7.62
2026-01-12,57,65,20.5,9.6,30,9.51,9.33
2026-01-13,64,71,25.6,9.35,56,9.53,7.87
2026-01-14,67,77,33.1,3.01,100,9.56,0.0
2026-01-15,62,87,24.0,8.65,49,9.58,6.8
2026-01-16,43,53,7.0,8.75,33,9.61,8.13
2026-01-17,76,98,24.3,1.97,74,9.64,0.65
2026-01-18,96,99,28.5,2.86,95,9.66,0.0
2026-01-19,78,90,19.8,10.44,52,9.69,8.59
2026-01-20,60,68,4.9,11.25,1,9.72,9.56
2026-01-21,63,72,8.2,9.55,48,9.75,9.47
2026-01-22,61,71,24.8,10.4,74,9.78,9.08
2026-01-23,40,57,8.5,9.21,66,9.81,8.39
2026-01-24,35,48,-9.1,10.12,75,9.84,7.74
2026-01-25,68,87,4.2,1.95,100,9.87,0.0
2026-01-26,78,87,15.1,8.08,90,9.91,5.0
2026-01-27,66,73,4.8,10.5,32,9.94,7.81
2026-01-28,68,72,5.1,11.39,36,9.98,8.49
2026-01-29,68,72,2.8,12.58,8,10.01,9.77
2026-01-30,62,68,-0.6,12.98,0,10.05,9.79
2026-01-31,70,84,2.3,12.68,47,10.09,9.8
2026-02-01,66,72,3.7,12.56,97,10.12,9.82
2026-02-02,62,69,9.2,13.29,7,10.16,9.84
2026-02-03,70,79,12.3,11.89,31,10.2,9.85
2026-02-04,68,81,14.0,13.19,50,10.24,9.87
2026-02-05,73,84,10.2,13.56,9,10.28,9.89
2026-02-06,75,87,12.6,11.92,84,10.31,8.02
2026-02-07,69,89,5.0,11.51,90,10.35,8.05
2026-02-08,60,65,-4.6,14.22,2,10.39,9.95
2026-02-09,66,69,5.8,14.31,33,10.43,9.97
2026-02-10,73,81,15.7,10.27,99,10.47,4.49
2026-02-11,74,83,26.0,8.69,75,10.51,4.35
2026-02-12,71,74,21.1,10.0,86,10.55,4.97
2026-02-13,72,79,16.8,14.89,38,10.59,10.07
2026-02-14,77,85,22.9,14.34,34,10.64,10.06
2026-02-15,83,93,24.8,8.09,86,10.68,3.25
2026-02-16,80,91,26.2,12.36,69,10.72,8.71
2026-02-17,86,93,32.6,11.29,60,10.76,6.2
2026-02-18,95,98,33.7,5.01,97,10.81,0.91
2026-02-19,80,95,29.9,5.67,100,10.85,0.48
2026-02-20,92,98,33.0,2.35,100,10.89,0.0
2026-02-21,79,97,32.1,11.2,81,10.94,8.17
2026-02-22,91,100,31.3,3.74,96,10.98,0.0
2026-02-23,78,89,25.3,6.58,100,11.02,0.0
2026-02-24,69,87,15.1,17.29,40,11.07,10.62
2026-02-25,80,90,24.5,13.61,65,11.11,7.16
2026-02-26,73,86,26.2,15.69,64,11.16,9.77
2026-02-27,81,98,21.4,17.56,3,11.2,10.75
2026-02-28,96,100,27.6,14.85,52,11.25,7.18
2026-03-01,77,100,24.7,12.77,52,11.29,6.71
2026-03-02,62,70,10.2,16.54,43,11.33,10.76
2026-03-03,86,99,26.2,3.27,92,11.38,0.0
2026-03-04,91,97,35.3,14.03,86,11.42,10.73
2026-03-05,98,100,37.3,3.29,100,11.47,0.0
2026-03-06,87,97,34.6,5.37,100,11.51,0.0
2026-03-07,91,96,38.7,5.9,100,11.56,0.2
2026-03-08,80,98,49.1,9.5,89,11.6,4.62
2026-03-09,64,80,40.8,18.55,1,11.65,11.5
2026-03-10,66,82,46.8,18.12,3,11.69,11.55
2026-03-11,72,89,51.6,14.62,56,11.74,10.18
2026-03-12,85,98,42.2,3.83,85,11.78,0.0
2026-03-13,58,73,22.4,12.27,51,11.83,7.32
2026-03-14,54,84,25.3,19.1,23,11.88,11.73
2026-03-15,63,80,26.8,12.08,95,11.92,5.95
2026-03-16,93,99,51.9,5.41,100,11.97,1.0
2026-03-17,53,95,21.7,18.47,61,12.01,11.69
2026-03-18,51,72,13.6,16.8,26,12.06,9.86
2026-03-19,67,81,24.8,12.1,65,12.11,6.93
2026-03-20,73,90,36.0,17.88,69,12.15,9.24
2026-03-21,74,97,40.9,18.72,61,12.2,10.88
2026-03-22,79,97,43.8,16.32,94,12.24,9.94
2026-03-23,82,97,36.7,3.9,87,12.29,0.0
2026-03-24,55,70,22.8,21.91,21,12.33,12.0
2026-03-25,62,82,29.8,17.56,90,12.38,12.0
2026-03-26,62,76,44.8,19.49,84,12.42,10.0
2026-03-27,67,95,40.4,11.46,85,12.47,3.12
2026-03-28,47,64,17.3,20.95,31,12.51,11.9
2026-03-29,54,76,24.8,22.1,43,12.56,12.0
2026-03-30,60,77,41.9,19.48,54,12.6,11.0
2026-03-31,58,78,53.2,19.11,84,12.65,12.0
2026-04-01,60,77,53.9,15.95,84,12.69,10.32
2026-04-02,81,97,39.8,6.37,100,12.74,0.0
2026-04-03,78,90,45.7,13.43,97,12.78,6.31
2026-04-04,70,87,48.9,20.46,63,12.83,12.0
2026-04-05,83,96,45.9,6.53,99,12.87,1.01
2026-04-06,50,67,29.1,22.05,35,12.92,11.39
2026-04-07,55,88,28.1,21.69,33,12.96,12.06
2026-04-08,52,73,20.9,24.95,0,13.01,12.17
2026-04-09,70,86,31.5,24.44,22,13.05,12.18
2026-04-10,72,96,39.4,23.56,36,13.09,12.09
2026-04-11,48,76,34.7,24.62,20,13.14,12.27
2026-04-12,47,80,28.4,23.66,48,13.18,12.32
2026-04-13,61,83,49.6,15.54,74,13.22,9.35
2026-04-14,53,85,55.0,23.01,53,13.27,12.21
2026-04-15,53,83,58.7,21.99,84,13.31,12.37
2026-04-16,49,68,58.0,21.73,85,13.35,12.27
2026-04-17,59,83,56.5,21.01,43,13.39,12.24
2026-04-18,75,95,49.8,24.13,51,13.44,12.16
2026-04-19,78,92,41.5,6.19,79,13.48,3.15
2026-04-20,60,90,29.4,20.24,23,13.52,13.0
2026-04-21,48,69,22.6,25.63,32,13.56,12.79
2026-04-22,75,87,40.8,12.75,85,13.61,3.48
2026-04-23,58,96,41.0,24.75,44,13.65,12.2
2026-04-24,42,65,34.7,23.16,69,13.69,11.27
2026-04-25,73,93,37.3,5.21,100,13.73,0.77
2026-04-26,78,96,40.8,14.7,64,13.77,6.74
2026-04-27,65,88,40.8,26.76,1,13.81,13.66
2026-04-28,56,74,38.5,17.31,71,13.85,8.28
2026-04-29,64,94,41.8,19.75,99,13.89,8.97
2026-04-30,79,98,46.3,10.91,84,13.93,4.65
2026-05-01,58,79,37.8,24.65,30,13.97,13.58
2026-05-02,62,89,39.8,18.39,88,14.01,12.0
2026-05-03,45,58,29.8,21.22,61,14.04,12.72
2026-05-04,40,59,34.4,23.31,13,14.08,13.85
2026-05-05,43,65,45.8,25.99,37,14.12,13.86
2026-05-06,68,85,55.9,9.27,85,14.15,4.77
2026-05-07,54,83,38.3,25.13,45,14.19,10.9
2026-05-08,46,76,34.2,24.3,44,14.23,13.92
2026-05-09,76,98,48.7,8.09,81,14.26,2.4
2026-05-10,77,99,53.0,20.1,80,14.3,9.95
2026-05-11,38,80,31.2,15.19,84,14.33,4.8
2026-05-12,41,65,30.5,30.0,19,14.37,13.98
2026-05-13,52,71,43.6,19.0,92,14.4,9.64
2026-05-14,66,94,46.8,15.3,72,14.43,8.69
2026-05-15,55,77,42.8,19.24,53,14.47,10.7
2026-05-16,46,83,44.9,29.12,9,14.5,14.0
2026-05-17,43,69,53.7,27.74,43,14.53,14.0
2026-05-18,51,74,60.4,26.98,42,14.56,14.0
2026-05-19,47,71,61.6,25.44,19,14.59,14.0
2026-05-20,55,84,63.0,25.84,52,14.62,12.6
2026-05-21,66,90,49.3,5.82,98,14.65,0.14
2026-05-22,48,75,39.6,21.52,97,14.67,10.3
2026-05-23,68,90,42.9,3.56,100,14.7,0.0
2026-05-24,91,96,51.9,7.61,100,14.73,0.63
2026-05-25,88,98,59.9,12.06,95,14.75,3.04
2026-05-26,66,94,55.5,28.58,68,14.78,13.91
2026-05-27,71,82,63.4,17.41,87,14.8,8.69
2026-05-28,44,61,47.2,23.82,41,14.82,13.54
2026-05-29,40,62,42.2,26.45,51,14.85,12.06
2026-05-30,47,69,39.2,20.61,48,14.87,12.47
2026-05-31,46,81,40.0,23.64,48,14.89,11.39
2026-06-01,52,73,45.7,26.3,45,14.91,13.0
2026-06-02,47,84,41.8,26.22,35,14.93,10.66
2026-06-03,34,58,40.5,29.73,18,14.95,14.05
2026-06-04,37,57,44.5,29.83,27,14.96,14.14
2026-06-05,42,67,51.1,29.38,65,14.98,14.04
2026-06-06,51,87,58.8,24.77,81,14.99,13.04
2026-06-07,57,83,57.8,26.26,19,15.01,14.14
2026-06-08,48,73,47.5,30.08,45,15.02,13.02
2026-06-09,45,61,47.1,30.44,5,15.03,14.24
2026-06-10,62,76,63.2,22.42,85,15.05,12.05
2026-06-11,67,92,69.9,24.35,77,15.06,12.0
2026-06-12,68,81,69.2,23.73,57,15.07,12.47
2026-06-13,49,75,57.7,28.98,32,15.07,14.23
2026-06-14,51,75,59.4,25.49,85,15.08,12.75
2026-06-15,63,95,55.7,28.92,32,15.09,14.03
2026-06-16,53,72,47.9,29.61,21,15.09,14.23
2026-06-17,66,86,57.2,26.38,57,15.1,14.0
2026-06-18,65,90,63.8,19.94,71,15.1,8.88
2026-06-19,38,52,49.4,25.77,59,15.1,12.87
2026-06-20,38,53,47.0,29.81,6,15.1,14.22
2026-06-21,42,66,49.9,27.6,27,15.1,13.56
2026-06-22,69,96,60.5,8.27,93,15.1,2.15
2026-06-23,91,98,66.6,7.53,96,15.1,0.15
2026-06-24,57,82,55.0,29.55,18,15.1,14.12
2026-06-25,58,82,56.8,26.61,35,15.09,14.0
2026-06-26,75,93,65.4,17.81,95,15.09,8.27
2026-06-27,81,91,66.5,12.65,81,15.08,5.18
2026-06-28,78,98,65.7,25.36,51,15.08,14.0
2026-06-29,64,93,62.5,28.28,33,15.07,14.0
2026-06-30,54,79,63.0,24.92,68,15.06,14.0
2026-07-01,63,91,69.5,25.96,57,15.05,14.0
2026-07-02,57,86,71.9,27.85,12,15.04,14.0
2026-07-03,50,65,69.2,27.44,24,15.03,14.0
2026-07-04,59,78,69.0,26.58,39,15.01,14.0
2026-07-05,87,96,71.3,16.73,97,15.0,8.27
2026-07-06,96,98,67.5,5.79,100,14.99,0.0
2026-07-07,85,96,63.4,11.89,100,14.97,1.55
2026-07-08,73,91,63.8,29.31,15,14.95,14.0
2026-07-09,86,96,70.7,19.44,59,14.93,8.08
2026-07-10,80,99,70.8,21.23,73,14.92,11.74
2026-07-11,80,96,68.4,22.33,80,14.9,12.7
2026-07-12,63,87,60.7,26.59,14,14.88,14.0
2026-07-13,61,84,60.9,25.99,21,14.85,14.0
2026-07-14,59,72,65.2,28.06,26,14.83,14.0
2026-07-15,60,78,68.8,25.94,39,14.81,13.63
2026-07-16,57,72,63.4,24.71,53,14.79,11.43
2026-07-17,49,67,56.1,27.87,42,14.76,14.0
2026-07-18,83,98,68.2,8.02,91,14.74,3.51
2026-07-19,62,96,59.8,29.05,23,14.71,14.0
2026-07-20,48,68,51.1,29.35,13,14.69,14.0
2026-07-21,82,96,69.0,13.54,97,14.66,3.99
2026-07-22,68,90,65.1,26.31,39,14.63,13.1
