lag_0,lag_1,lag_2,lag_3,lag_7,lag_14,lag_21,lag_28,lag_365,lag_366,rolling_7,rolling_30,tmin_fc,tmax_fc,tavg_fc,dew_point_fc,rh_mean_fc,prcp_fc,snow_fc,snwd_fc,solar_rad_fc,cloud_cover_fc,hdd_fc,cdd_fc,tavg_3day_fc,cdd_3day_fc,hdd_3day_fc,is_weekend_next,is_holiday_next,daylight_hours_next
135759,124168.0,131905.0,134843.0,131981.0,155134.0,143877.0,139469.0,136354.0,119601.0,127535.3,134890.4,44.0,49.0,46.5,40.1,87.0,0.15,0.0,0.0,3.33,99.0,3.5,0.0,41.7,0.0,8.3,0.0,0.0,9.33
133483,135759.0,124168.0,131905.0,129502.0,150697.0,140211.0,138082.0,136364.0,136354.0,128075.0,134663.2,41.0,51.0,46.0,44.8,97.0,0.27,0.0,0.0,1.38,100.0,4.0,0.0,44.5,0.0,5.5,1.0,0.0,9.35
122924,133483.0,135759.0,124168.0,119817.0,137208.0,126146.0,129152.0,136034.0,136364.0,128643.7,134407.2,35.0,42.0,38.5,24.1,61.0,0.0,0.0,0.0,7.13,61.0,11.5,0.0,43.7,0.0,6.3,1.0,0.0,9.36
123997,122924.0,133483.0,135759.0,120531.0,128731.0,124792.0,127945.0,124696.0,136034.0,129087.6,133855.7,32.0,45.0,38.5,26.2,66.0,0.04,0.2,0.0,7.14,51.0,11.5,0.0,41.0,0.0,9.0,0.0,0.0,9.38
138154,123997.0,122924.0,133483.0,134843.0,134395.0,142334.0,136920.0,123149.0,124696.0,129582.7,133386.2,36.0,45.0,40.5,24.7,63.0,0.0,0.0,0.0,6.85,81.0,9.5,0.0,39.2,0.0,10.8,0.0,0.0,9.39
136907,138154.0,123997.0,122924.0,131905.0,129477.0,145643.0,133868.0,142770.0,123149.0,130055.7,133686.3,28.0,42.0,35.0,21.1,64.0,0.0,0.0,0.0,7.91,32.0,15.0,0.0,38.0,0.0,12.0,0.0,0.0,9.41
140076,136907.0,138154.0,123997.0,124168.0,119684.0,146073.0,140390.0,138751.0,142770.0,130770.3,133985.0,23.0,34.0,28.5,10.9,49.0,0.0,0.0,0.0,9.57,45.0,21.5,0.0,34.7,0.0,15.3,0.0,0.0,9.43
144582,140076.0,136907.0,138154.0,135759.0,131981.0,155134.0,143877.0,137410.0,138751.0,133042.9,134090.2,33.0,55.0,44.0,34.7,78.0,0.0,0.0,0.0,4.54,77.0,6.0,0.0,35.8,0.0,14.2,0.0,0.0,9.45
137402,144582.0,140076.0,136907.0,133483.0,129502.0,150697.0,140211.0,143223.0,137410.0,134303.3,134447.4,51.0,69.0,60.0,50.3,79.0,0.0,0.0,0.0,7.32,93.0,0.0,0.0,44.2,0.0,9.2,1.0,0.0,9.47
119972,137402.0,144582.0,140076.0,122924.0,119817.0,137208.0,126146.0,147813.0,143223.0,134863.1,134347.8,43.0,68.0,55.5,48.5,71.0,0.05,0.0,0.0,8.59,58.0,0.0,0.0,53.2,0.0,2.0,1.0,0.0,9.5
116201,119972.0,137402.0,144582.0,123997.0,120531.0,128731.0,124792.0,137066.0,147813.0,134441.4,133550.9,37.0,46.0,41.5,35.3,81.0,0.0,0.0,0.0,2.82,98.0,8.5,0.0,52.3,0.0,2.8,0.0,0.0,9.52
132956,116201.0,119972.0,137402.0,138154.0,134843.0,134395.0,142334.0,134196.0,137066.0,133327.7,132750.6,39.0,46.0,42.5,36.8,91.0,0.07,0.0,0.0,3.19,100.0,7.5,0.0,46.5,0.0,5.3,0.0,0.0,9.54
134513,132956.0,116201.0,119972.0,136907.0,131905.0,129477.0,145643.0,148361.0,134196.0,132585.1,132977.6,41.0,50.0,45.5,36.3,81.0,0.0,0.0,0.0,8.2,45.0,4.5,0.0,43.2,0.0,6.8,0.0,0.0,9.57
132082,134513.0,132956.0,116201.0,140076.0,124168.0,119684.0,146073.0,146343.0,148361.0,132243.1,133301.6,33.0,49.0,41.0,31.5,69.0,0.11,0.0,0.0,7.83,49.0,9.0,0.0,43.0,0.0,7.0,0.0,0.0,9.59
134558,132082.0,134513.0,132956.0,144582.0,135759.0,131981.0,155134.0,144923.0,146343.0,131101.1,132959.9,21.0,33.0,27.0,5.9,42.0,0.0,0.0,0.0,10.5,30.0,23.0,0.0,37.8,0.0,12.2,0.0,0.0,9.62
144695,134558.0,132082.0,134513.0,137402.0,133483.0,129502.0,150697.0,145991.0,144923.0,129669.1,132590.4,20.0,37.0,28.5,11.7,57.0,0.37,2.1,0.0,3.08,100.0,21.5,0.0,32.2,0.0,17.8,1.0,0.0,9.64
137365,144695.0,134558.0,132082.0,119972.0,122924.0,119817.0,137208.0,143529.0,145991.0,130711.0,132544.5,27.0,43.0,35.0,26.4,69.0,0.0,0.0,1.2,6.79,65.0,15.0,0.0,30.2,0.0,19.8,1.0,0.0,9.67
126410,137365.0,144695.0,134558.0,116201.0,123997.0,120531.0,128731.0,132279.0,143529.0,133195.7,131952.2,20.0,31.0,25.5,6.2,45.0,0.0,0.0,0.0,10.89,11.0,24.5,0.0,29.7,0.0,20.3,0.0,1.0,9.7
142280,126410.0,137365.0,144695.0,132956.0,138154.0,134843.0,134395.0,133912.0,132279.0,134654.1,131142.6,20.0,33.0,26.5,8.0,49.0,0.0,0.0,0.0,10.5,18.0,23.5,0.0,29.0,0.0,21.0,0.0,0.0,9.73
148015,142280.0,126410.0,137365.0,134513.0,136907.0,131905.0,129477.0,159311.0,133912.0,135986.1,131311.7,25.0,38.0,31.5,16.5,65.0,0.0,0.0,0.0,10.73,6.0,18.5,0.0,27.8,0.0,22.2,0.0,0.0,9.76
143862,148015.0,142280.0,126410.0,132082.0,140076.0,124168.0,119684.0,159198.0,159311.0,137915.0,131954.5,33.0,47.0,40.0,18.5,62.0,0.0,0.0,0.0,8.04,87.0,10.0,0.0,32.7,0.0,17.3,0.0,0.0,9.79
139314,143862.0,148015.0,142280.0,134558.0,144582.0,135759.0,131981.0,148575.0,159198.0,139597.9,132270.0,37.0,51.0,44.0,27.0,69.0,0.0,0.0,0.0,10.61,55.0,6.0,0.0,38.5,0.0,11.5,0.0,0.0,9.83
135154,139314.0,143862.0,148015.0,144695.0,137402.0,133483.0,129502.0,139935.0,148575.0,140277.3,132597.9,38.0,51.0,44.5,39.3,93.0,0.85,0.0,0.0,0.94,82.0,5.5,0.0,42.8,0.0,7.2,1.0,0.0,9.86
126400,135154.0,139314.0,143862.0,137365.0,119972.0,122924.0,119817.0,141638.0,139935.0,138914.3,133113.6,38.0,46.0,42.0,31.4,75.0,0.0,0.0,0.0,7.73,33.0,8.0,0.0,43.5,0.0,6.5,1.0,0.0,9.89
122177,126400.0,135154.0,139314.0,126410.0,116201.0,123997.0,120531.0,134276.0,141638.0,137347.9,132927.6,37.0,45.0,41.0,27.7,67.0,0.0,0.0,0.0,5.6,56.0,9.0,0.0,42.5,0.0,7.5,0.0,0.0,9.93
136627,122177.0,126400.0,135154.0,142280.0,132956.0,138154.0,134843.0,127404.0,134276.0,136743.1,132683.4,37.0,43.0,40.0,25.4,63.0,0.0,0.0,0.0,6.11,71.0,10.0,0.0,41.0,0.0,9.0,0.0,0.0,9.96
136552,136627.0,122177.0,126400.0,148015.0,134513.0,136907.0,131905.0,145347.0,127404.0,135935.6,133243.7,31.0,41.0,36.0,19.7,59.0,0.0,0.0,0.0,11.55,22.0,14.0,0.0,39.0,0.0,11.0,0.0,0.0,10.0
138459,136552.0,136627.0,122177.0,143862.0,132082.0,140076.0,124168.0,146703.0,145347.0,134298.0,133777.8,25.0,38.0,31.5,18.4,67.0,0.0,0.0,0.0,10.61,51.0,18.5,0.0,35.8,0.0,14.2,0.0,0.0,10.03
140924,138459.0,136552.0,136627.0,139314.0,134558.0,144582.0,135759.0,153858.0,146703.0,133526.1,133898.3,33.0,44.0,38.5,30.8,83.0,0.02,0.0,0.0,5.77,82.0,11.5,0.0,35.3,0.0,14.7,0.0,0.0,10.07
137659,140924.0,138459.0,136552.0,135154.0,144695.0,137402.0,133483.0,166578.0,153858.0,133756.1,134198.9,37.0,43.0,40.0,34.8,94.0,0.0,0.0,0.0,3.43,86.0,10.0,0.0,36.7,0.0,13.3,1.0,0.0,10.1
125498,137659.0,140924.0,138459.0,126400.0,137365.0,119972.0,122924.0,163256.0,166578.0,134114.0,134648.6,35.0,45.0,40.0,31.8,84.0,0.07,0.0,0.0,6.28,90.0,10.0,0.0,39.5,0.0,10.5,1.0,0.0,10.14
122930,125498.0,137659.0,140924.0,122177.0,126410.0,116201.0,123997.0,145804.0,163256.0,133985.1,134306.6,37.0,57.0,47.0,34.6,77.0,0.0,0.0,0.0,11.33,43.0,3.0,0.0,42.3,0.0,7.7,0.0,0.0,10.18
133021,122930.0,125498.0,137659.0,136627.0,142280.0,132956.0,138154.0,131390.0,145804.0,134092.7,133954.8,43.0,61.0,52.0,42.2,90.0,0.0,0.0,0.0,4.53,96.0,0.0,0.0,46.3,0.0,4.3,0.0,0.0,10.21
132023,133021.0,122930.0,125498.0,136552.0,148015.0,134513.0,136907.0,137369.0,131390.0,133577.6,134291.4,39.0,55.0,47.0,30.8,70.0,0.0,0.0,0.0,3.42,100.0,3.0,0.0,48.7,0.0,2.0,0.0,0.0,10.25
133837,132023.0,133021.0,122930.0,138459.0,143862.0,132082.0,140076.0,132731.0,137369.0,132930.6,134558.9,35.0,41.0,38.0,37.1,92.0,0.51,0.0,0.0,2.64,100.0,12.0,0.0,45.7,0.0,5.0,0.0,0.0,10.29
136492,133837.0,132023.0,133021.0,140924.0,139314.0,134558.0,144582.0,134941.0,132731.0,132270.3,134415.0,33.0,56.0,44.5,34.1,80.0,0.25,0.0,0.0,5.57,91.0,5.5,0.0,43.2,0.0,6.8,0.0,0.0,10.33
135744,136492.0,133837.0,132023.0,137659.0,135154.0,144695.0,137402.0,137591.0,134941.0,131637.1,134401.2,30.0,41.0,35.5,17.6,53.0,0.0,0.0,0.0,9.73,39.0,14.5,0.0,39.3,0.0,10.7,1.0,0.0,10.37
127588,135744.0,136492.0,133837.0,125498.0,126400.0,137365.0,119972.0,136194.0,137591.0,131363.6,134256.8,31.0,44.0,37.5,28.5,81.0,0.0,0.0,0.0,8.13,72.0,12.5,0.0,39.2,0.0,10.8,1.0,0.0,10.41
124149,127588.0,135744.0,136492.0,122930.0,122177.0,126410.0,116201.0,133854.0,136194.0,131662.1,133690.3,42.0,47.0,44.5,38.1,87.0,0.37,0.0,0.0,2.45,100.0,5.5,0.0,39.2,0.0,10.8,0.0,0.0,10.45
135691,124149.0,127588.0,135744.0,133021.0,136627.0,142280.0,132956.0,132123.0,133854.0,131836.3,133248.6,43.0,48.0,45.5,42.0,96.0,0.28,0.0,0.0,2.4,99.0,4.5,0.0,42.5,0.0,7.5,0.0,0.0,10.49
133740,135691.0,124149.0,127588.0,132023.0,136552.0,148015.0,134513.0,143162.0,132123.0,132217.7,133772.5,37.0,46.0,41.5,27.3,62.0,0.13,0.0,0.0,11.29,90.0,8.5,0.0,43.8,0.0,6.2,0.0,0.0,10.53
133541,133740.0,135691.0,124149.0,133837.0,138459.0,143862.0,132082.0,147267.0,143162.0,132463.0,134357.2,37.0,44.0,40.5,37.0,91.0,0.39,0.0,0.0,1.74,100.0,9.5,0.0,42.5,0.0,7.5,0.0,0.0,10.57
136077,133541.0,133740.0,135691.0,136492.0,140924.0,139314.0,134558.0,141368.0,147267.0,132420.7,134376.7,18.0,40.0,29.0,12.7,52.0,0.0,0.0,0.0,14.48,13.0,21.0,0.0,37.0,0.0,13.0,0.0,0.0,10.62
139289,136077.0,133541.0,133740.0,135744.0,137659.0,135154.0,144695.0,139781.0,141368.0,132361.4,134428.8,14.0,31.0,22.5,6.3,52.0,0.0,0.0,0.0,14.59,37.0,27.5,0.0,30.7,0.0,19.3,1.0,0.0,10.66
134595,139289.0,136077.0,133541.0,127588.0,125498.0,126400.0,137365.0,134017.0,139781.0,132867.9,134669.0,30.0,44.0,37.0,23.8,66.0,0.0,0.0,0.0,8.2,86.0,13.0,0.0,29.5,0.0,20.5,1.0,0.0,10.7
126028,134595.0,139289.0,136077.0,124149.0,122930.0,122177.0,126410.0,122681.0,134017.0,133868.9,134670.3,38.0,51.0,44.5,27.6,67.0,0.0,0.0,0.0,14.32,57.0,5.5,0.0,34.7,0.0,15.3,0.0,1.0,10.74
125814,126028.0,134595.0,139289.0,135691.0,133021.0,136627.0,142280.0,124444.0,122681.0,134137.3,134048.0,38.0,47.0,42.5,35.2,84.0,0.0,0.0,0.0,2.84,96.0,7.5,0.0,41.3,0.0,8.7,0.0,0.0,10.79
134632,125814.0,126028.0,134595.0,133740.0,132023.0,136552.0,148015.0,132375.0,124444.0,132726.3,133663.0,32.0,48.0,40.0,26.8,61.0,0.0,0.0,0.0,14.95,39.0,10.0,0.0,42.3,0.0,7.7,0.0,0.0,10.83
131988,134632.0,125814.0,126028.0,133541.0,133837.0,138459.0,143862.0,143375.0,132375.0,132853.7,133937.1,26.0,35.0,30.5,15.0,53.0,0.0,0.0,0.0,12.39,74.0,19.5,0.0,37.7,0.0,12.3,0.0,0.0,10.87
138646,131988.0,134632.0,125814.0,136077.0,136492.0,140924.0,139314.0,146783.0,143375.0,132631.9,133594.0,20.0,35.0,27.5,8.3,46.0,0.0,0.0,0.0,15.92,0.0,22.5,0.0,32.7,0.0,17.3,0.0,0.0,10.91
141414,138646.0,131988.0,134632.0,139289.0,135744.0,137659.0,135154.0,137778.0,146783.0,132998.9,133281.7,30.0,50.0,40.0,15.7,46.0,0.0,0.0,0.0,16.04,5.0,10.0,0.0,32.7,0.0,17.3,1.0,0.0,10.96
125920,141414.0,138646.0,131988.0,134595.0,127588.0,125498.0,126400.0,134984.0,137778.0,133302.4,133200.1,39.0,56.0,47.5,20.3,48.0,0.0,0.0,0.0,16.1,4.0,2.5,0.0,38.3,0.0,11.7,1.0,0.0,11.0
119214,125920.0,141414.0,138646.0,126028.0,124149.0,122930.0,122177.0,125888.0,134984.0,132063.1,132753.6,41.0,62.0,51.5,29.3,63.0,0.0,0.0,0.0,15.17,49.0,0.0,0.0,46.3,0.0,4.2,0.0,0.0,11.04
129724,119214.0,125920.0,141414.0,125814.0,135691.0,133021.0,136627.0,123497.0,125888.0,131089.7,132222.3,46.0,53.0,49.5,40.6,84.0,0.14,0.0,0.0,4.77,100.0,0.5,0.0,49.5,0.0,1.0,0.0,0.0,11.09
130168,129724.0,119214.0,125920.0,134632.0,133740.0,132023.0,136552.0,139220.0,123497.0,131648.3,132333.1,43.0,48.0,45.5,42.7,93.0,0.0,0.0,0.0,3.83,99.0,4.5,0.0,48.8,0.0,1.7,0.0,0.0,11.13
131364,130168.0,129724.0,119214.0,131988.0,133541.0,133837.0,138459.0,143977.0,139220.0,131010.6,132599.5,31.0,43.0,37.0,26.6,63.0,0.4,0.0,0.0,14.26,48.0,13.0,0.0,44.0,0.0,6.0,0.0,0.0,11.17
133929,131364.0,130168.0,129724.0,138646.0,136077.0,136492.0,140924.0,146740.0,143977.0,130921.4,132424.0,29.0,42.0,35.5,11.6,42.0,0.0,0.0,0.0,16.15,29.0,14.5,0.0,39.3,0.0,10.7,0.0,0.0,11.22
138016,133929.0,131364.0,130168.0,141414.0,139289.0,135744.0,137659.0,143568.0,146740.0,130247.6,132336.6,25.0,35.0,30.0,10.3,44.0,0.0,0.0,0.0,14.63,27.0,20.0,0.0,34.2,0.0,15.8,1.0,0.0,11.26
129490,138016.0,133929.0,131364.0,125920.0,134595.0,127588.0,125498.0,144308.0,143568.0,129762.1,132321.8,25.0,44.0,34.5,15.2,51.0,0.0,0.0,0.0,17.07,5.0,15.5,0.0,33.3,0.0,16.7,1.0,0.0,11.31
126062,129490.0,138016.0,133929.0,119214.0,126028.0,124149.0,122930.0,131932.0,144308.0,130272.1,131940.7,40.0,58.0,49.0,31.2,64.0,0.0,0.0,0.0,16.31,48.0,1.0,0.0,37.8,0.0,12.2,0.0,0.0,11.35
131611,126062.0,129490.0,138016.0,129724.0,125814.0,135691.0,133021.0,127285.0,131932.0,131250.4,131554.1,49.0,59.0,54.0,45.2,86.0,0.26,0.0,0.0,10.17,85.0,0.0,0.0,45.8,0.0,5.5,0.0,0.0,11.4
128988,131611.0,126062.0,129490.0,130168.0,134632.0,133740.0,132023.0,141496.0,127285.0,131520.0,131757.9,45.0,56.0,50.5,31.4,57.0,0.0,0.0,0.0,16.91,36.0,0.0,0.0,51.2,0.0,0.3,0.0,0.0,11.44
128251,128988.0,131611.0,126062.0,131364.0,131988.0,133541.0,133837.0,145819.0,141496.0,131351.4,131959.8,39.0,51.0,45.0,28.5,62.0,0.0,0.0,0.0,17.93,35.0,5.0,0.0,49.8,0.0,1.7,0.0,0.0,11.49
129517,128251.0,128988.0,131611.0,133929.0,138646.0,136077.0,136492.0,151133.0,145819.0,130906.7,131800.8,37.0,45.0,41.0,35.3,86.0,0.37,0.0,0.0,6.23,76.0,9.0,0.0,45.5,0.0,4.7,0.0,0.0,11.53
132096,129517.0,128251.0,128988.0,138016.0,141414.0,139289.0,135744.0,150928.0,151133.0,130276.4,131717.3,36.0,48.0,42.0,21.0,55.0,0.0,0.0,0.0,18.24,43.0,8.0,0.0,42.7,0.0,7.3,1.0,0.0,11.58
122125,132096.0,129517.0,128251.0,129490.0,125920.0,134595.0,127588.0,144237.0,150928.0,129430.7,131659.3,35.0,59.0,47.0,21.8,45.0,0.0,0.0,0.0,17.78,20.0,3.0,0.0,43.3,0.0,6.7,1.0,0.0,11.63
113235,122125.0,132096.0,129517.0,126062.0,119214.0,126028.0,124149.0,127330.0,144237.0,128378.6,131180.4,47.0,72.0,59.5,31.0,45.0,0.0,0.0,0.0,18.53,27.0,0.0,0.0,49.5,0.0,3.7,0.0,0.0,11.67
126959,113235.0,122125.0,132096.0,131611.0,129724.0,125814.0,135691.0,122703.0,127330.0,126546.1,130430.1,54.0,65.0,59.5,43.1,67.0,0.0,0.0,0.0,5.75,84.0,0.0,0.0,55.3,0.0,1.0,0.0,0.0,11.72
125748,126959.0,113235.0,122125.0,128988.0,130168.0,134632.0,133740.0,134548.0,122703.0,125881.6,130409.1,43.0,57.0,50.0,34.7,64.0,0.0,0.0,0.0,15.35,66.0,0.0,0.0,56.3,0.0,0.0,0.0,0.0,11.76
124617,125748.0,126959.0,113235.0,128251.0,131364.0,131988.0,133541.0,137516.0,134548.0,125418.7,130462.4,43.0,50.0,46.5,35.9,77.0,0.03,0.0,0.0,6.4,73.0,3.5,0.0,52.0,0.0,1.2,0.0,0.0,11.81
128016,124617.0,125748.0,126959.0,129517.0,133929.0,138646.0,136077.0,137522.0,137516.0,124899.6,130093.3,45.0,70.0,57.5,43.0,72.0,0.26,0.0,0.0,10.23,68.0,0.0,0.0,51.3,0.0,1.2,0.0,0.0,11.85
126067,128016.0,124617.0,125748.0,132096.0,138016.0,141414.0,139289.0,132981.0,137522.0,124685.1,129902.5,43.0,57.0,50.0,25.6,44.0,0.0,0.0,0.0,18.91,48.0,0.0,0.0,51.3,0.0,1.2,1.0,0.0,11.9
114037,126067.0,128016.0,124617.0,122125.0,129490.0,125920.0,134595.0,130524.0,132981.0,123823.9,129653.3,40.0,54.0,47.0,26.4,52.0,0.0,0.0,0.0,19.45,34.0,3.0,0.0,51.5,0.0,1.0,1.0,0.0,11.94
112339,114037.0,126067.0,128016.0,113235.0,126062.0,119214.0,126028.0,118295.0,130524.0,122668.4,128918.7,33.0,45.0,39.0,22.7,57.0,0.0,0.0,0.0,17.67,48.0,11.0,0.0,45.3,0.0,4.7,0.0,0.0,11.99
125963,112339.0,114037.0,126067.0,126959.0,131611.0,129724.0,125814.0,120153.0,118295.0,122540.4,128020.3,41.0,54.0,47.5,38.7,82.0,0.16,0.0,0.0,8.64,82.0,2.5,0.0,44.5,0.0,5.5,0.0,0.0,12.03
123622,125963.0,112339.0,114037.0,125748.0,128988.0,130168.0,134632.0,134932.0,120153.0,122398.1,127732.6,41.0,54.0,47.5,31.8,65.0,0.0,0.0,0.0,18.87,56.0,2.5,0.0,44.7,0.0,5.3,0.0,0.0,12.08
120106,123622.0,125963.0,112339.0,124617.0,128251.0,131364.0,131988.0,133841.0,134932.0,122094.4,127652.4,41.0,52.0,46.5,41.9,84.0,0.93,0.0,0.0,9.62,96.0,3.5,0.0,47.2,0.0,2.8,0.0,0.0,12.12
121029,120106.0,123622.0,125963.0,128016.0,129517.0,133929.0,138646.0,132471.0,133841.0,121450.0,127462.1,47.0,77.0,62.0,51.1,80.0,0.0,0.0,0.0,9.24,94.0,0.0,0.0,52.0,0.0,2.0,0.0,0.0,12.17
117898,121029.0,120106.0,123622.0,126067.0,132096.0,138016.0,141414.0,133776.0,132471.0,120451.9,127008.7,40.0,65.0,52.5,26.0,45.0,0.0,0.0,0.0,19.46,60.0,0.0,0.0,53.7,0.0,1.2,1.0,0.0,12.21
108006,117898.0,121029.0,120106.0,114037.0,122125.0,129490.0,125920.0,133807.0,133776.0,119284.9,126539.0,33.0,45.0,39.0,19.7,51.0,0.0,0.0,0.0,14.98,72.0,11.0,0.0,51.2,0.0,3.7,1.0,0.0,12.26
110110,108006.0,117898.0,121029.0,112339.0,113235.0,126062.0,119214.0,123832.0,133807.0,118423.3,125517.7,36.0,41.0,38.5,32.5,85.0,1.16,0.0,0.0,2.27,98.0,11.5,0.0,43.3,0.0,7.5,0.0,0.0,12.31
122419,110110.0,108006.0,117898.0,125963.0,126959.0,131611.0,129724.0,117964.0,123832.0,118104.9,124474.2,36.0,55.0,45.5,33.5,71.0,0.0,0.0,0.0,20.01,37.0,4.5,0.0,41.0,0.0,9.0,0.0,0.0,12.35
115575,122419.0,110110.0,108006.0,123622.0,125748.0,128988.0,130168.0,129783.0,117964.0,117598.6,124357.5,40.0,45.0,42.5,34.3,77.0,0.01,0.0,0.0,5.83,89.0,7.5,0.0,42.2,0.0,7.8,0.0,0.0,12.4
116769,115575.0,122419.0,110110.0,120106.0,124617.0,128251.0,131364.0,131720.0,129783.0,116449.0,124236.2,38.0,60.0,49.0,35.6,74.0,0.0,0.0,0.0,21.57,25.0,1.0,0.0,45.7,0.0,4.3,0.0,0.0,12.44
112983,116769.0,115575.0,122419.0,121029.0,128016.0,129517.0,133929.0,132901.0,131720.0,115972.3,123804.4,50.0,69.0,59.5,38.6,61.0,0.0,0.0,0.0,20.31,37.0,0.0,0.0,50.3,0.0,2.8,0.0,0.0,12.49
109059,112983.0,116769.0,115575.0,117898.0,126067.0,132096.0,138016.0,131634.0,132901.0,114822.9,123231.6,44.0,54.0,49.0,38.4,77.0,0.45,0.0,0.0,3.95,86.0,1.0,0.0,52.5,0.0,0.7,1.0,0.0,12.53
106277,109059.0,112983.0,116769.0,108006.0,114037.0,122125.0,129490.0,129664.0,131634.0,113560.1,122488.1,44.0,47.0,45.5,45.1,93.0,0.05,0.0,0.0,4.82,100.0,4.5,0.0,51.3,0.0,1.8,1.0,0.0,12.58
106911,106277.0,109059.0,112983.0,110110.0,112339.0,113235.0,126062.0,115078.0,129664.0,113313.1,121566.3,41.0,52.0,46.5,42.6,88.0,0.04,0.0,0.0,13.5,78.0,3.5,0.0,47.0,0.0,3.0,0.0,0.0,12.62
111212,106911.0,106277.0,109059.0,122419.0,125963.0,126959.0,131611.0,115241.0,115078.0,112856.1,120529.5,41.0,49.0,45.0,36.9,81.0,0.06,0.0,0.0,7.55,99.0,5.0,0.0,45.7,0.0,4.3,0.0,0.0,12.67
111690,111212.0,106911.0,106277.0,115575.0,123622.0,125748.0,128988.0,131674.0,115241.0,111255.1,119920.2,38.0,56.0,47.0,30.2,60.0,0.0,0.0,0.0,19.39,80.0,3.0,0.0,46.2,0.0,3.8,0.0,0.0,12.71
109617,111690.0,111212.0,106911.0,116769.0,120106.0,124617.0,128251.0,131047.0,131674.0,110700.1,119441.2,38.0,58.0,48.0,28.5,50.0,0.0,0.0,0.0,18.82,46.0,2.0,0.0,46.7,0.0,3.3,0.0,0.0,12.76
109109,109617.0,111690.0,111212.0,112983.0,121029.0,128016.0,129517.0,128648.0,131047.0,109678.4,118708.0,45.0,52.0,48.5,39.7,77.0,0.13,0.0,0.0,5.35,99.0,1.5,0.0,47.8,0.0,2.2,0.0,0.0,12.8
109396,109109.0,109617.0,111690.0,109059.0,117898.0,126067.0,132096.0,126966.0,128648.0,109125.0,118045.4,46.0,62.0,54.0,41.5,75.0,0.02,0.0,0.0,8.91,96.0,0.0,0.0,50.2,0.0,1.2,1.0,0.0,12.85
103204,109396.0,109109.0,109617.0,106277.0,108006.0,114037.0,122125.0,130603.0,126966.0,109173.1,117416.9,47.0,65.0,56.0,45.0,83.0,0.0,0.0,0.0,14.34,68.0,0.0,0.0,52.8,0.0,0.5,1.0,0.0,12.89
101605,103204.0,109396.0,109109.0,106911.0,110110.0,112339.0,113235.0,117035.0,130603.0,108734.1,116539.8,49.0,66.0,57.5,38.1,62.0,0.07,0.0,0.0,23.46,38.0,0.0,0.0,55.8,0.0,0.0,0.0,0.0,12.93
105411,101605.0,103204.0,109396.0,111212.0,122419.0,125963.0,126959.0,112880.0,117035.0,107976.1,115523.4,52.0,68.0,60.0,34.9,51.0,0.0,0.0,0.0,20.72,74.0,0.0,0.0,57.8,0.0,0.0,0.0,0.0,12.98
104373,105411.0,101605.0,103204.0,111690.0,115575.0,123622.0,125748.0,128595.0,112880.0,107147.4,114966.3,49.0,64.0,56.5,47.0,76.0,0.2,0.0,0.0,17.88,56.0,0.0,0.0,58.0,0.0,0.0,0.0,0.0,13.02
105413,104373.0,105411.0,101605.0,109617.0,116769.0,120106.0,124617.0,127521.0,128595.0,106102.1,114670.9,43.0,59.0,51.0,41.1,75.0,0.12,0.0,0.0,10.22,50.0,0.0,0.0,55.8,0.0,0.0,0.0,0.0,13.07
106910,105413.0,104373.0,105411.0,109109.0,112983.0,121029.0,128016.0,125957.0,127521.0,105501.6,113952.7,37.0,49.0,43.0,26.3,53.0,0.01,0.0,0.0,15.31,63.0,7.0,0.0,50.2,0.0,2.3,0.0,0.0,13.11
108499,106910.0,105413.0,104373.0,109396.0,109059.0,117898.0,126067.0,128312.0,125957.0,105187.4,113324.8,38.0,56.0,47.0,22.9,44.0,0.0,0.0,0.0,21.88,25.0,3.0,0.0,47.0,0.0,3.3,1.0,0.0,13.16
103586,108499.0,106910.0,105413.0,103204.0,106277.0,108006.0,114037.0,127562.0,128312.0,105059.3,112787.5,44.0,63.0,53.5,37.6,66.0,0.0,0.0,0.0,16.33,61.0,0.0,0.0,47.8,0.0,3.3,1.0,0.0,13.2
100836,103586.0,108499.0,106910.0,101605.0,106911.0,110110.0,112339.0,118357.0,127562.0,105113.9,111973.2,53.0,67.0,60.0,54.1,85.0,1.92,0.0,0.0,3.82,77.0,0.0,0.0,53.5,0.0,1.0,0.0,0.0,13.24
108641,100836.0,103586.0,108499.0,105411.0,111212.0,122419.0,125963.0,116481.0,118357.0,105004.0,111132.1,47.0,60.0,53.5,32.2,50.0,0.0,0.0,0.0,20.79,62.0,0.0,0.0,55.7,0.0,0.0,0.0,0.0,13.29
105963,108641.0,100836.0,103586.0,104373.0,111690.0,115575.0,123622.0,127795.0,116481.0,105465.4,110952.3,42.0,54.0,48.0,26.3,50.0,0.0,0.0,0.0,20.21,70.0,2.0,0.0,53.8,0.0,0.7,0.0,0.0,13.33
106648,105963.0,108641.0,100836.0,105413.0,109617.0,116769.0,120106.0,125906.0,127795.0,105692.6,110739.7,38.0,50.0,44.0,22.0,44.0,0.0,0.0,0.0,22.77,52.0,6.0,0.0,48.5,0.0,2.7,0.0,0.0,13.37
107893,106648.0,105963.0,108641.0,106910.0,109109.0,112983.0,121029.0,120257.0,125906.0,105869.0,110095.9,36.0,51.0,43.5,26.3,59.0,0.07,0.0,0.0,18.87,58.0,6.5,0.0,45.2,0.0,4.8,0.0,0.0,13.42
109478,107893.0,106648.0,105963.0,108499.0,109396.0,109059.0,117898.0,126494.0,120257.0,106009.4,109571.6,41.0,46.0,43.5,36.6,79.0,0.22,0.0,0.0,8.19,82.0,6.5,0.0,43.7,0.0,6.3,1.0,0.0,13.46
106391,109478.0,107893.0,106648.0,103586.0,103204.0,106277.0,108006.0,125896.0,126494.0,106149.3,109217.3,40.0,63.0,51.5,31.8,55.0,0.0,0.0,0.0,24.12,38.0,0.0,0.0,46.2,0.0,4.3,1.0,0.0,13.5
102400,106391.0,109478.0,107893.0,100836.0,101605.0,106911.0,110110.0,115263.0,125896.0,106550.0,108729.4,48.0,57.0,52.5,33.8,58.0,0.0,0.0,0.0,13.49,88.0,0.0,0.0,49.2,0.0,2.2,0.0,0.0,13.54
106144,102400.0,106391.0,109478.0,108641.0,105411.0,111212.0,122419.0,108480.0,115263.0,106773.4,108212.8,39.0,61.0,50.0,38.6,72.0,0.18,0.0,0.0,14.2,45.0,0.0,0.0,51.3,0.0,0.0,0.0,0.0,13.58
107374,106144.0,102400.0,106391.0,105963.0,104373.0,111690.0,115575.0,123212.0,108480.0,106416.7,108150.7,36.0,51.0,43.5,18.3,41.0,0.0,0.0,0.0,20.46,28.0,6.5,0.0,48.7,0.0,2.2,0.0,0.0,13.63
109181,107374.0,106144.0,102400.0,106648.0,105413.0,109617.0,116769.0,125324.0,123212.0,106618.3,108059.5,40.0,52.0,46.0,27.0,56.0,0.13,0.0,0.0,15.28,83.0,4.0,0.0,46.5,0.0,3.5,0.0,0.0,13.67
109799,109181.0,107374.0,106144.0,107893.0,106910.0,109109.0,112983.0,125452.0,125324.0,106980.1,107618.3,42.0,49.0,45.5,42.3,91.0,0.48,0.0,0.0,5.4,83.0,4.5,0.0,45.0,0.0,5.0,0.0,0.0,13.71
110868,109799.0,109181.0,107374.0,109478.0,108499.0,109396.0,109059.0,121982.0,125452.0,107252.4,107425.7,44.0,65.0,54.5,39.8,73.0,0.0,0.0,0.0,20.54,53.0,0.0,0.0,48.7,0.0,2.8,1.0,0.0,13.75
101933,110868.0,109799.0,109181.0,106391.0,103586.0,103204.0,106277.0,123036.0,121982.0,107451.0,107229.0,42.0,51.0,46.5,41.2,83.0,0.22,0.0,0.0,5.54,100.0,3.5,0.0,48.8,0.0,2.7,1.0,0.0,13.79
104175,101933.0,110868.0,109799.0,102400.0,100836.0,101605.0,106911.0,110330.0,123036.0,106814.1,106860.7,39.0,50.0,44.5,36.9,79.0,0.0,0.0,0.0,5.18,97.0,5.5,0.0,48.5,0.0,3.0,0.0,0.0,13.83
110360,104175.0,101933.0,110868.0,106144.0,108641.0,105411.0,111212.0,109986.0,110330.0,107067.7,106697.9,41.0,67.0,54.0,36.5,67.0,0.0,0.0,0.0,24.23,30.0,0.0,0.0,48.3,0.0,3.0,0.0,0.0,13.87
106833,110360.0,104175.0,101933.0,107374.0,105963.0,104373.0,111690.0,122788.0,109986.0,107670.0,106834.0,47.0,59.0,53.0,42.6,83.0,0.01,0.0,0.0,9.58,70.0,0.0,0.0,50.5,0.0,1.8,0.0,0.0,13.91
108896,106833.0,110360.0,104175.0,109181.0,106648.0,105413.0,109617.0,124142.0,122788.0,107592.7,106831.4,49.0,60.0,54.5,51.8,89.0,0.71,0.0,0.0,9.67,100.0,0.0,0.0,53.8,0.0,0.0,0.0,0.0,13.95
109556,108896.0,106833.0,110360.0,109799.0,107893.0,106910.0,109109.0,124392.0,124142.0,107552.0,106754.2,53.0,66.0,59.5,53.4,87.0,0.21,0.0,0.0,15.93,82.0,0.0,0.0,55.7,0.0,0.0,0.0,0.0,13.98
107240,109556.0,108896.0,106833.0,110868.0,109478.0,108499.0,109396.0,125825.0,124392.0,107517.3,106683.1,51.0,73.0,62.0,42.3,55.0,0.0,0.0,0.0,26.25,36.0,0.0,0.0,58.7,0.0,0.0,1.0,0.0,14.02
101092,107240.0,109556.0,108896.0,101933.0,106391.0,103586.0,103204.0,124402.0,125825.0,106999.0,106603.8,54.0,80.0,67.0,50.5,64.0,0.04,0.0,0.0,21.61,64.0,0.0,2.0,62.8,0.7,0.0,1.0,0.0,14.06
101934,101092.0,107240.0,109556.0,104175.0,102400.0,100836.0,101605.0,113412.0,124402.0,106878.9,106336.6,50.0,75.0,62.5,43.8,58.0,0.0,0.0,0.0,20.78,50.0,0.0,0.0,63.8,0.7,0.0,0.0,0.0,14.1
106922,101934.0,101092.0,107240.0,110360.0,106144.0,108641.0,105411.0,112693.0,113412.0,106558.7,106087.9,46.0,63.0,54.5,32.2,51.0,0.0,0.0,0.0,25.59,51.0,0.0,0.0,61.3,0.7,0.0,0.0,0.0,14.14
104493,106922.0,101934.0,101092.0,106833.0,107374.0,105963.0,104373.0,124527.0,112693.0,106067.6,106211.8,45.0,52.0,48.5,40.5,76.0,0.06,0.0,0.0,7.82,85.0,1.5,0.0,55.2,0.0,0.5,0.0,0.0,14.17
106901,104493.0,106922.0,101934.0,108896.0,109181.0,106648.0,105413.0,125335.0,124527.0,105733.3,106308.1,46.0,67.0,56.5,34.9,55.0,0.0,0.0,0.0,23.53,47.0,0.0,0.0,53.2,0.0,0.5,0.0,0.0,14.21
105000,106901.0,104493.0,106922.0,109556.0,109799.0,107893.0,106910.0,125344.0,125335.0,105448.3,106357.7,36.0,57.0,46.5,37.9,70.0,0.45,0.0,0.0,8.67,80.0,3.5,0.0,50.5,0.0,1.7,0.0,0.0,14.25
107045,105000.0,106901.0,104493.0,107240.0,110868.0,109478.0,108499.0,123486.0,125344.0,104797.4,106378.6,34.0,48.0,41.0,22.3,51.0,0.03,0.0,0.0,25.61,35.0,9.0,0.0,48.0,0.0,4.2,1.0,0.0,14.28
105448,107045.0,105000.0,106901.0,101092.0,101933.0,106391.0,103586.0,127630.0,123486.0,104769.6,106433.0,39.0,64.0,51.5,29.8,48.0,0.0,0.0,0.0,24.8,35.0,0.0,0.0,46.3,0.0,4.2,1.0,0.0,14.32
101273,105448.0,107045.0,105000.0,101934.0,104175.0,102400.0,100836.0,114199.0,127630.0,105391.9,106384.3,44.0,61.0,52.5,40.9,70.0,0.05,0.0,0.0,18.33,48.0,0.0,0.0,48.3,0.0,3.0,0.0,0.0,14.35
106548,101273.0,105448.0,107045.0,106922.0,110360.0,106144.0,108641.0,112482.0,114199.0,105297.4,106143.4,43.0,59.0,51.0,28.4,49.0,0.0,0.0,0.0,27.27,28.0,0.0,0.0,51.7,0.0,0.0,0.0,0.0,14.38
106020,106548.0,101273.0,105448.0,104493.0,106833.0,107374.0,105963.0,127578.0,112482.0,105244.0,106242.2,41.0,64.0,52.5,28.6,48.0,0.0,0.0,0.0,25.99,16.0,0.0,0.0,52.0,0.0,0.0,0.0,0.0,14.42
105496,106020.0,106548.0,101273.0,106901.0,108896.0,109181.0,106648.0,127299.0,127578.0,105462.1,106415.0,47.0,67.0,57.0,38.7,61.0,0.0,0.0,0.0,27.16,49.0,0.0,0.0,53.5,0.0,0.0,0.0,0.0,14.45
104813,105496.0,106020.0,106548.0,105000.0,109556.0,109799.0,107893.0,125446.0,127299.0,105261.4,106310.1,60.0,84.0,72.0,57.7,71.0,0.07,0.0,0.0,22.11,66.0,0.0,7.0,60.5,2.3,0.0,0.0,0.0,14.48
112782,104813.0,105496.0,106020.0,107045.0,107240.0,110868.0,109478.0,126102.0,125446.0,105234.7,106271.8,59.0,77.0,68.0,53.9,66.0,0.01,0.0,0.0,26.28,94.0,0.0,3.0,65.7,3.3,0.0,1.0,0.0,14.51
109350,112782.0,104813.0,105496.0,105448.0,101092.0,101933.0,106391.0,131001.0,126102.0,106054.3,106476.3,55.0,69.0,62.0,47.6,72.0,0.0,0.0,0.0,25.03,93.0,0.0,0.0,67.3,3.3,0.0,1.0,0.0,14.54
101478,109350.0,112782.0,104813.0,101273.0,101934.0,104175.0,102400.0,115861.0,131001.0,106611.7,106524.8,54.0,70.0,62.0,48.0,68.0,0.0,0.0,0.0,20.24,96.0,0.0,0.0,64.0,1.0,0.0,0.0,0.0,14.57
106351,101478.0,109350.0,112782.0,106548.0,106922.0,110360.0,106144.0,118365.0,115861.0,106641.0,106258.2,53.0,68.0,60.5,39.5,53.0,0.0,0.0,0.0,24.83,95.0,0.0,0.0,61.5,0.0,0.0,0.0,0.0,14.6
104990,106351.0,101478.0,109350.0,106020.0,104493.0,106833.0,107374.0,152580.0,118365.0,106612.9,106256.8,49.0,66.0,57.5,38.2,55.0,0.0,0.0,0.0,27.33,88.0,0.0,0.0,60.0,0.0,0.0,0.0,0.0,14.63
104160,104990.0,106351.0,101478.0,105496.0,106901.0,108896.0,109181.0,133705.0,152580.0,106465.7,106343.2,46.0,68.0,57.0,44.9,75.0,0.0,0.0,0.0,29.55,2.0,0.0,0.0,58.3,0.0,0.0,0.0,0.0,14.66
104754,104160.0,104990.0,106351.0,104813.0,105000.0,109556.0,109799.0,131494.0,133705.0,106274.9,106277.0,54.0,77.0,65.5,55.2,80.0,0.03,0.0,0.0,21.52,58.0,0.0,0.5,60.0,0.2,0.0,0.0,0.0,14.69
109076,104754.0,104160.0,104990.0,112782.0,107045.0,107240.0,110868.0,133209.0,131494.0,106266.4,106189.7,55.0,67.0,61.0,59.0,93.0,0.65,0.0,0.0,9.37,96.0,0.0,0.0,61.2,0.2,0.0,1.0,0.0,14.71
105665,109076.0,104754.0,104160.0,109350.0,105448.0,101092.0,101933.0,135155.0,133209.0,105737.0,106186.2,52.0,67.0,59.5,46.7,68.0,0.0,0.0,0.0,25.96,85.0,0.0,0.0,62.0,0.2,0.0,1.0,0.0,14.74
98759,105665.0,109076.0,104754.0,101478.0,101273.0,101934.0,104175.0,115120.0,135155.0,105210.6,106048.4,55.0,71.0,63.0,55.0,85.0,0.0,0.0,0.0,14.9,80.0,0.0,0.0,61.2,0.0,0.0,0.0,1.0,14.76
102478,98759.0,105665.0,109076.0,106351.0,106548.0,106922.0,110360.0,124725.0,115120.0,104822.1,105644.8,58.0,78.0,68.0,59.4,89.0,0.0,0.0,0.0,23.26,69.0,0.0,3.0,63.5,1.0,0.0,0.0,0.0,14.79
111744,102478.0,98759.0,105665.0,104990.0,106020.0,104493.0,106833.0,130806.0,124725.0,104268.9,105662.9,60.0,79.0,69.5,61.1,91.0,0.0,0.0,0.0,18.18,99.0,0.0,4.5,66.8,2.5,0.0,0.0,0.0,14.81
114887,111744.0,102478.0,98759.0,104160.0,105496.0,106901.0,108896.0,142568.0,130806.0,105233.7,105915.2,64.0,76.0,70.0,64.3,94.0,0.0,0.0,0.0,15.88,96.0,0.0,5.0,69.2,4.2,0.0,0.0,0.0,14.84
119979,114887.0,111744.0,102478.0,104754.0,104813.0,105000.0,109556.0,138576.0,142568.0,106766.1,106066.1,67.0,81.0,74.0,68.2,89.0,0.03,0.0,0.0,15.86,97.0,0.0,9.0,71.2,6.2,0.0,0.0,0.0,14.86
127358,119979.0,114887.0,111744.0,109076.0,112782.0,107045.0,107240.0,132614.0,138576.0,108941.1,106504.3,67.0,81.0,74.0,58.7,67.0,0.02,0.0,0.0,26.85,57.0,0.0,9.0,72.7,7.7,0.0,1.0,0.0,14.88
120443,127358.0,119979.0,114887.0,105665.0,109350.0,105448.0,101092.0,143687.0,132614.0,111552.9,107119.7,56.0,70.0,63.0,40.7,48.0,0.0,0.0,0.0,29.56,6.0,0.0,0.0,70.3,6.0,0.0,1.0,0.0,14.9
105733,120443.0,127358.0,119979.0,98759.0,101478.0,101273.0,101934.0,130607.0,143687.0,113664.0,107482.6,51.0,70.0,60.5,40.4,52.0,0.0,0.0,0.0,23.23,34.0,0.0,0.0,65.8,3.0,0.0,0.0,0.0,14.92
108395,105733.0,120443.0,127358.0,102478.0,106351.0,106548.0,106922.0,132932.0,130607.0,114660.3,107432.4,59.0,72.0,65.5,47.7,58.0,0.0,0.0,0.0,18.45,77.0,0.0,0.5,63.0,0.2,0.0,0.0,0.0,14.94
111306,108395.0,105733.0,120443.0,111744.0,104990.0,106020.0,104493.0,136132.0,132932.0,115505.6,107675.8,60.0,79.0,69.5,62.1,77.0,0.45,0.0,0.0,19.35,71.0,0.0,4.5,65.2,1.7,0.0,0.0,0.0,14.95
124072,111306.0,108395.0,105733.0,114887.0,104160.0,105496.0,106901.0,130630.0,136132.0,115443.0,107988.2,66.0,84.0,75.0,62.8,73.0,0.16,0.0,0.0,27.11,68.0,0.0,10.0,70.0,5.0,0.0,0.0,0.0,14.97
135911,124072.0,111306.0,108395.0,119979.0,104754.0,104813.0,105000.0,145649.0,130630.0,116755.1,108559.9,69.0,79.0,74.0,67.9,90.0,0.26,0.0,0.0,7.72,100.0,0.0,9.0,72.8,7.8,0.0,0.0,0.0,14.98
138728,135911.0,124072.0,111306.0,127358.0,109076.0,112782.0,107045.0,163065.0,145649.0,119031.1,109607.2,70.0,86.0,78.0,64.7,72.0,0.06,0.0,0.0,23.44,67.0,0.0,13.0,75.7,10.7,0.0,1.0,0.0,15.0
137443,138728.0,135911.0,124072.0,120443.0,105665.0,109350.0,105448.0,155590.0,163065.0,120655.4,110668.1,63.0,76.0,69.5,49.9,54.0,0.0,0.0,0.0,27.17,23.0,0.0,4.5,73.8,8.8,0.0,1.0,0.0,15.01
117827,137443.0,138728.0,135911.0,105733.0,98759.0,101478.0,101273.0,135629.0,155590.0,123084.0,111749.5,59.0,79.0,69.0,49.9,56.0,0.0,0.0,0.0,29.7,32.0,0.0,4.0,72.2,7.2,0.0,0.0,0.0,15.03
126037,117827.0,137443.0,138728.0,108395.0,102478.0,106351.0,106548.0,126640.0,135629.0,124811.7,112108.9,65.0,87.0,76.0,57.3,61.0,0.0,0.0,0.0,28.84,15.0,0.0,11.0,71.5,6.5,0.0,0.0,0.0,15.04
141241,126037.0,117827.0,137443.0,111306.0,111744.0,104990.0,106020.0,139108.0,126640.0,127332.0,112795.2,70.0,85.0,77.5,65.7,78.0,0.0,0.0,0.0,24.89,71.0,0.0,12.5,74.2,9.2,0.0,0.0,0.0,15.05
151018,141241.0,126037.0,117827.0,124072.0,114887.0,104160.0,105496.0,142714.0,139108.0,131608.4,114127.5,70.0,84.0,77.0,69.9,84.0,0.05,0.0,0.0,11.04,95.0,0.0,12.0,76.8,11.8,0.0,0.0,0.0,15.06
149906,151018.0,141241.0,126037.0,135911.0,119979.0,104754.0,104813.0,138851.0,142714.0,135457.9,115609.8,69.0,85.0,77.0,57.8,60.0,0.0,0.0,0.0,28.39,42.0,0.0,12.0,77.2,12.2,0.0,0.0,0.0,15.07
146423,149906.0,151018.0,141241.0,138728.0,127358.0,109076.0,112782.0,133742.0,138851.0,137457.1,117072.7,59.0,75.0,67.0,46.3,50.0,0.0,0.0,0.0,29.83,5.0,0.0,2.0,73.7,8.7,0.0,1.0,0.0,15.08
120480,146423.0,149906.0,151018.0,137443.0,120443.0,105665.0,109350.0,132404.0,133742.0,138556.4,118436.9,54.0,74.0,64.0,47.3,59.0,0.0,0.0,0.0,29.06,18.0,0.0,0.0,69.3,4.7,0.0,1.0,0.0,15.08
109258,120480.0,146423.0,149906.0,117827.0,105733.0,98759.0,101478.0,126902.0,132404.0,136133.1,118959.1,59.0,75.0,67.0,53.6,69.0,0.0,0.0,0.0,24.7,72.0,0.0,2.0,66.0,1.3,0.0,0.0,0.0,15.09
121816,109258.0,120480.0,146423.0,126037.0,108395.0,102478.0,106351.0,136393.0,126902.0,134909.0,118841.7,60.0,78.0,69.0,53.8,68.0,0.0,0.0,0.0,28.93,62.0,0.0,4.0,66.7,2.0,0.0,0.0,0.0,15.09
124252,121816.0,109258.0,120480.0,141241.0,111306.0,111744.0,104990.0,158268.0,136393.0,134306.0,119257.2,60.0,78.0,69.0,58.3,76.0,0.0,0.0,0.0,27.49,50.0,0.0,4.0,68.3,3.3,0.0,0.0,0.0,15.1
127685,124252.0,121816.0,109258.0,151018.0,124072.0,114887.0,104160.0,157077.0,158268.0,131879.0,120016.3,65.0,77.0,71.0,64.8,88.0,0.0,0.0,0.0,14.58,85.0,0.0,6.0,69.7,4.7,0.0,0.0,0.0,15.1
134290,127685.0,124252.0,121816.0,149906.0,135911.0,119979.0,104754.0,150630.0,157077.0,128545.7,120727.5,65.0,83.0,74.0,65.7,85.0,0.0,0.0,0.0,19.3,96.0,0.0,9.0,71.3,6.3,0.0,0.0,0.0,15.1
140428,134290.0,127685.0,124252.0,146423.0,138728.0,127358.0,109076.0,156815.0,150630.0,126314.9,121704.1,70.0,86.0,78.0,67.5,83.0,0.0,0.0,0.0,22.83,95.0,0.0,13.0,74.3,9.3,0.0,1.0,0.0,15.1
139405,140428.0,134290.0,127685.0,120480.0,137443.0,120443.0,105665.0,152143.0,156815.0,125458.4,122913.1,70.0,88.0,79.0,67.5,80.0,0.0,0.0,0.0,25.21,54.0,0.0,14.0,77.0,12.0,0.0,1.0,0.0,15.1
143250,139405.0,140428.0,134290.0,109258.0,117827.0,105733.0,98759.0,132495.0,152143.0,128162.0,124068.1,72.0,90.0,81.0,68.6,75.0,0.0,0.0,0.0,25.81,22.0,0.0,16.0,79.3,14.3,0.0,0.0,0.0,15.1
169030,143250.0,139405.0,140428.0,121816.0,126037.0,108395.0,102478.0,137106.0,132495.0,133018.0,125207.2,74.0,87.0,80.5,68.2,77.0,0.0,0.0,0.0,24.31,56.0,0.0,15.5,80.2,15.2,0.0,0.0,0.0,15.1
171255,169030.0,143250.0,139405.0,124252.0,141241.0,111306.0,111744.0,166482.0,137106.0,139762.9,127319.4,74.0,86.0,80.0,62.0,63.0,0.0,0.0,0.0,25.84,53.0,0.0,15.0,80.5,15.5,0.0,0.0,0.0,15.1
167586,171255.0,169030.0,143250.0,127685.0,151018.0,124072.0,114887.0,178863.0,166482.0,146477.6,129735.9,72.0,87.0,79.5,57.0,57.0,0.0,0.0,0.0,22.7,68.0,0.0,14.5,80.0,15.0,0.0,0.0,0.0,15.09
157504,167586.0,171255.0,169030.0,134290.0,149906.0,135911.0,119979.0,184472.0,178863.0,152177.7,131906.2,69.0,87.0,78.0,56.4,56.0,0.0,0.0,0.0,24.91,31.0,0.0,13.0,79.2,14.2,0.0,0.0,0.0,15.09
157836,157504.0,167586.0,171255.0,140428.0,146423.0,138728.0,127358.0,190510.0,184472.0,155494.0,133431.5,72.0,80.0,76.0,64.9,75.0,0.09,0.0,0.0,11.43,86.0,0.0,11.0,77.8,12.8,0.0,1.0,0.0,15.08
147406,157836.0,157504.0,167586.0,139405.0,120480.0,137443.0,120443.0,190202.0,190510.0,157980.9,134863.2,70.0,90.0,80.0,69.3,82.0,0.11,0.0,0.0,22.12,36.0,0.0,15.0,78.0,13.0,0.0,1.0,0.0,15.07
156108,147406.0,157836.0,157504.0,143250.0,109258.0,117827.0,105733.0,179742.0,190202.0,159123.9,135777.4,65.0,87.0,76.0,65.4,73.0,0.58,0.0,0.0,23.56,21.0,0.0,11.0,77.3,12.3,0.0,0.0,0.0,15.06
166276,156108.0,147406.0,157836.0,169030.0,121816.0,126037.0,108395.0,161779.0,179742.0,160960.7,136735.7,67.0,80.0,73.5,63.9,76.0,0.0,0.0,0.0,19.09,52.0,0.0,8.5,76.5,11.5,0.0,0.0,0.0,15.05
154125,166276.0,156108.0,147406.0,171255.0,124252.0,141241.0,111306.0,172828.0,161779.0,160567.3,138263.5,67.0,80.0,73.5,66.2,81.0,0.03,0.0,0.0,23.08,65.0,0.0,8.5,74.3,9.3,0.0,0.0,0.0,15.04
152004,154125.0,166276.0,156108.0,167586.0,127685.0,151018.0,124072.0,184540.0,172828.0,158120.1,139876.6,68.0,92.0,80.0,66.0,71.0,0.0,0.0,0.0,24.25,27.0,0.0,15.0,75.7,10.7,0.0,0.0,0.0,15.03
163768,152004.0,154125.0,166276.0,157504.0,134290.0,149906.0,135911.0,191174.0,184540.0,155894.1,141330.2,71.0,90.0,80.5,67.9,70.0,0.13,0.0,0.0,21.11,46.0,0.0,15.5,78.0,13.0,0.0,0.0,1.0,15.02
166411,163768.0,152004.0,154125.0,157836.0,140428.0,146423.0,138728.0,173293.0,191174.0,156789.0,143078.9,68.0,87.0,77.5,67.1,78.0,0.0,0.0,0.0,22.99,50.0,0.0,12.5,79.3,14.3,0.0,1.0,1.0,15.01
145710,166411.0,163768.0,152004.0,147406.0,139405.0,120480.0,137443.0,184981.0,173293.0,158014.0,144490.2,72.0,92.0,82.0,67.0,70.0,0.0,0.0,0.0,27.48,39.0,0.0,17.0,80.0,15.0,0.0,1.0,0.0,14.99
155847,145710.0,166411.0,163768.0,156108.0,143250.0,109258.0,117827.0,181680.0,184981.0,157771.7,144816.9,70.0,96.0,83.0,65.4,65.0,0.54,0.0,0.0,25.84,41.0,0.0,18.0,80.8,15.8,0.0,0.0,0.0,14.98
176113,155847.0,145710.0,166411.0,166276.0,169030.0,121816.0,126037.0,169715.0,181680.0,157734.4,145387.5,72.0,82.0,77.0,69.5,83.0,0.0,0.0,0.0,17.58,78.0,0.0,12.0,80.7,15.7,0.0,0.0,0.0,14.96
167938,176113.0,155847.0,145710.0,154125.0,171255.0,124252.0,141241.0,172271.0,169715.0,159139.7,146676.5,75.0,83.0,79.0,72.9,87.0,0.02,0.0,0.0,13.99,78.0,0.0,14.0,79.7,14.7,0.0,0.0,0.0,14.94
175949,167938.0,176113.0,155847.0,152004.0,167586.0,127685.0,151018.0,182587.0,172271.0,161113.0,148346.9,75.0,89.0,82.0,71.5,82.0,0.0,0.0,0.0,26.14,35.0,0.0,17.0,79.3,14.3,0.0,0.0,0.0,14.93
180313,175949.0,167938.0,176113.0,163768.0,157504.0,134290.0,149906.0,195836.0,182587.0,164533.7,150010.6,73.0,77.0,75.0,72.4,95.0,2.54,0.0,0.0,4.99,98.0,0.0,10.0,78.7,13.7,0.0,0.0,0.0,14.91
168873,180313.0,175949.0,167938.0,166411.0,157836.0,140428.0,146423.0,192374.0,195836.0,166897.3,151313.0,72.0,83.0,77.5,72.5,87.0,0.76,0.0,0.0,14.58,64.0,0.0,12.5,78.2,13.2,0.0,1.0,0.0,14.89
161294,168873.0,180313.0,175949.0,145710.0,147406.0,139405.0,120480.0,189586.0,192374.0,167249.0,151908.2,71.0,87.0,79.0,64.2,64.0,0.04,0.0,0.0,25.68,24.0,0.0,14.0,77.2,12.2,0.0,1.0,0.0,14.87
157805,161294.0,168873.0,180313.0,155847.0,156108.0,143250.0,109258.0,168975.0,189586.0,169475.3,152287.8,70.0,86.0,78.0,64.4,64.0,0.02,0.0,0.0,25.17,44.0,0.0,13.0,78.2,13.2,0.0,0.0,0.0,14.85
176295,157805.0,161294.0,168873.0,176113.0,166276.0,169030.0,121816.0,177278.0,168975.0,169755.0,152667.2,70.0,85.0,77.5,62.5,65.0,0.0,0.0,0.0,24.25,24.0,0.0,12.5,78.2,13.2,0.0,0.0,0.0,14.83
170243,176295.0,157805.0,161294.0,167938.0,154125.0,171255.0,124252.0,189142.0,177278.0,169781.0,154527.7,70.0,82.0,76.0,66.2,78.0,0.0,0.0,0.0,21.0,48.0,0.0,11.0,77.2,12.2,0.0,0.0,0.0,14.8
164706,170243.0,176295.0,157805.0,175949.0,152004.0,167586.0,127685.0,200849.0,189142.0,170110.3,156560.5,69.0,78.0,73.5,62.4,73.0,0.0,0.0,0.0,21.58,60.0,0.0,8.5,75.7,10.7,0.0,0.0,0.0,14.78
153193,164706.0,170243.0,176295.0,180313.0,163768.0,157504.0,134290.0,219115.0,200849.0,168504.1,157990.2,69.0,84.0,76.5,68.3,80.0,0.03,0.0,0.0,14.88,71.0,0.0,11.5,75.3,10.3,0.0,0.0,0.0,14.75
159279,153193.0,164706.0,170243.0,168873.0,166411.0,157836.0,140428.0,198383.0,219115.0,164629.9,158954.9,72.0,91.0,81.5,66.6,70.0,0.0,0.0,0.0,28.1,45.0,0.0,16.5,77.2,12.2,0.0,1.0,0.0,14.73
164104,159279.0,153193.0,164706.0,161294.0,145710.0,147406.0,139405.0,201920.0,198383.0,163259.3,160008.0,77.0,94.0,85.5,70.0,69.0,0.0,0.0,0.0,25.38,51.0,0.0,20.5,81.2,16.2,0.0,1.0,0.0,14.7
177705,164104.0,159279.0,153193.0,157805.0,155847.0,156108.0,143250.0,214771.0,201920.0,163660.7,161001.8,81.0,93.0,87.0,69.8,64.0,0.0,0.0,0.0,23.11,80.0,0.0,22.0,84.7,19.7,0.0,0.0,0.0,14.67
206726,177705.0,164104.0,159279.0,176295.0,176113.0,166276.0,169030.0,220298.0,214771.0,166503.6,162244.4,77.0,91.0,84.0,66.4,64.0,0.0,0.0,0.0,26.33,18.0,0.0,19.0,85.5,20.5,0.0,0.0,0.0,14.65
197281,206726.0,177705.0,164104.0,170243.0,167938.0,154125.0,171255.0,218830.0,220298.0,170850.9,164488.4,72.0,92.0,82.0,72.7,77.0,1.42,0.0,0.0,22.18,70.0,0.0,17.0,84.3,19.3,0.0,0.0,0.0,14.62
199626,197281.0,206726.0,177705.0,164706.0,175949.0,152004.0,167586.0,178801.0,218830.0,174713.4,166289.4,73.0,86.0,79.5,73.3,84.0,0.0,0.0,0.0,17.34,86.0,0.0,14.5,81.8,16.8,0.0,0.0,0.0,14.59
189744,199626.0,197281.0,206726.0,153193.0,180313.0,163768.0,157504.0,174985.0,178801.0,179702.0,167309.3,72.0,80.0,76.0,71.4,87.0,0.19,0.0,0.0,10.08,94.0,0.0,11.0,79.2,14.2,0.0,0.0,0.0,14.56
174543,189744.0,199626.0,197281.0,159279.0,168873.0,166411.0,157836.0,177454.0,174985.0,184923.6,167925.6,72.0,88.0,80.0,70.6,79.0,0.0,0.0,0.0,22.47,27.0,0.0,15.0,78.5,13.5,0.0,1.0,0.0,14.53
168864,174543.0,189744.0,199626.0,164104.0,161294.0,145710.0,147406.0,180046.0,177454.0,187104.1,168157.5,77.0,92.0,84.5,66.1,62.0,0.0,0.0,0.0,25.28,61.0,0.0,19.5,80.2,15.2,0.0,1.0,0.0,14.5
178655,168864.0,174543.0,189744.0,177705.0,157805.0,155847.0,156108.0,169518.0,180046.0,187784.1,168536.2,76.0,93.0,84.5,63.5,52.0,0.0,0.0,0.0,27.14,73.0,0.0,19.5,83.0,18.0,0.0,0.0,0.0,14.47
201034,178655.0,168864.0,174543.0,206726.0,176295.0,176113.0,166276.0,177709.0,169518.0,187919.9,169230.1,80.0,93.0,86.5,70.0,63.0,0.0,0.0,0.0,21.39,35.0,0.0,21.5,85.2,20.2,0.0,0.0,0.0,14.44
208612,201034.0,178655.0,168864.0,197281.0,170243.0,167938.0,154125.0,208617.0,177709.0,187106.7,171017.7,77.0,90.0,83.5,68.9,69.0,0.0,0.0,0.0,24.78,35.0,0.0,18.5,84.8,19.8,0.0,0.0,0.0,14.4
200098,208612.0,201034.0,178655.0,199626.0,164706.0,175949.0,152004.0,217177.0,208617.0,188725.4,172767.9,74.0,92.0,83.0,66.6,61.0,0.08,0.0,0.0,18.57,93.0,0.0,18.0,84.3,19.3,0.0,0.0,0.0,14.37
196658,200098.0,208612.0,201034.0,189744.0,153193.0,180313.0,163768.0,200904.0,217177.0,188792.9,173895.3,70.0,82.0,76.0,68.9,78.0,0.78,0.0,0.0,11.48,71.0,0.0,11.0,80.8,15.8,0.0,0.0,0.0,14.34
174916,196658.0,200098.0,208612.0,174543.0,159279.0,168873.0,166411.0,189107.0,200904.0,189780.6,175313.0,71.0,88.0,79.5,66.4,70.0,0.0,0.0,0.0,23.07,39.0,0.0,14.5,79.5,14.5,0.0,1.0,0.0,14.3
166262,174916.0,196658.0,200098.0,168864.0,164104.0,161294.0,145710.0,185439.0,189107.0,189833.9,176076.8,77.0,89.0,83.0,74.0,83.0,0.0,0.0,0.0,12.51,83.0,0.0,18.0,79.5,14.5,0.0,1.0,0.0,14.27
178006,166262.0,174916.0,196658.0,178655.0,177705.0,157805.0,155847.0,175506.0,185439.0,189462.1,176159.9,70.0,88.0,79.0,68.1,66.0,0.54,0.0,0.0,24.62,38.0,0.0,14.0,80.5,15.5,0.0,0.0,0.0,14.24
192243,178006.0,166262.0,174916.0,201034.0,206726.0,176295.0,176113.0,171092.0,175506.0,189369.4,176546.4,70.0,79.0,74.5,70.9,85.0,0.55,0.0,0.0,8.83,73.0,0.0,9.5,78.8,13.8,0.0,0.0,0.0,14.2
173030,192243.0,178006.0,166262.0,208612.0,197281.0,170243.0,167938.0,180987.0,171092.0,188113.6,178097.5,73.0,86.0,79.5,65.5,68.0,0.0,0.0,0.0,25.19,16.0,0.0,14.5,77.7,12.7,0.0,0.0,0.0,14.16
175850,173030.0,192243.0,178006.0,200098.0,199626.0,164706.0,175949.0,183041.0,180987.0,183030.4,178670.3,71.0,82.0,76.5,64.4,76.0,0.0,0.0,0.0,16.02,76.0,0.0,11.5,76.8,11.8,0.0,0.0,0.0,14.13
165168,175850.0,173030.0,192243.0,196658.0,189744.0,153193.0,180313.0,184904.0,183041.0,179566.4,178661.5,66.0,81.0,73.5,67.1,78.0,0.46,0.0,0.0,17.33,86.0,0.0,8.5,76.5,11.5,0.0,0.0,0.0,14.09
156931,165168.0,175850.0,173030.0,174916.0,174543.0,159279.0,168873.0,180273.0,184904.0,175067.9,178569.2,68.0,83.0,75.5,69.5,86.0,0.0,0.0,0.0,17.94,61.0,0.0,10.5,75.2,10.2,0.0,1.0,0.0,14.05
149407,156931.0,165168.0,175850.0,166262.0,168864.0,164104.0,161294.0,173232.0,180273.0,172498.6,177935.2,72.0,87.0,79.5,70.9,83.0,0.0,0.0,0.0,21.8,25.0,0.0,14.5,76.2,11.2,0.0,1.0,0.0,14.02
158993,149407.0,156931.0,165168.0,178006.0,178655.0,177705.0,157805.0,150390.0,173232.0,170090.7,176905.0,76.0,92.0,84.0,72.3,78.0,0.0,0.0,0.0,23.14,10.0,0.0,19.0,79.7,14.7,0.0,0.0,0.0,13.98
192624,158993.0,149407.0,156931.0,192243.0,201034.0,206726.0,176295.0,143910.0,150390.0,167374.6,176575.7,78.0,88.0,83.0,73.7,82.0,0.0,0.0,0.0,21.26,39.0,0.0,18.0,82.2,17.2,0.0,0.0,0.0,13.94
196654,192624.0,158993.0,149407.0,173030.0,208612.0,197281.0,170243.0,173637.0,143910.0,167429.0,177620.0,72.0,90.0,81.0,74.5,83.0,1.76,0.0,0.0,19.53,72.0,0.0,16.0,82.7,17.7,0.0,0.0,0.0,13.9
194976,196654.0,192624.0,158993.0,175850.0,200098.0,199626.0,164706.0,180280.0,173637.0,170803.9,178915.0,72.0,79.0,75.5,70.5,83.0,0.24,0.0,0.0,9.39,92.0,0.0,10.5,79.8,14.8,0.0,0.0,0.0,13.86
176561,194976.0,196654.0,192624.0,165168.0,196658.0,189744.0,153193.0,180655.0,180280.0,173536.1,179537.7,73.0,86.0,79.5,66.9,71.0,0.0,0.0,0.0,22.07,64.0,0.0,14.5,78.7,13.7,0.0,0.0,0.0,13.82
173737,176561.0,194976.0,196654.0,156931.0,174916.0,174543.0,159279.0,176305.0,180655.0,175163.7,179748.3,71.0,84.0,77.5,63.3,69.0,0.0,0.0,0.0,17.22,83.0,0.0,12.5,77.5,12.5,0.0,1.0,0.0,13.78
149644,173737.0,176561.0,194976.0,149407.0,166262.0,168864.0,164104.0,171237.0,176305.0,177564.6,180049.3,67.0,72.0,69.5,64.0,86.0,0.21,0.0,0.0,7.11,83.0,0.0,4.5,75.5,10.5,0.0,1.0,0.0,13.74
132458,149644.0,173737.0,176561.0,158993.0,178006.0,178655.0,177705.0,170360.0,171237.0,177598.4,179931.0,64.0,81.0,72.5,63.6,82.0,0.14,0.0,0.0,21.61,25.0,0.0,7.5,73.2,8.2,0.0,0.0,0.0,13.7
146349,132458.0,149644.0,173737.0,192624.0,192243.0,201034.0,206726.0,179439.0,170360.0,173807.7,179037.0,63.0,82.0,72.5,62.7,72.0,0.2,0.0,0.0,22.49,29.0,0.0,7.5,71.5,6.5,0.0,0.0,0.0,13.66
151335,146349.0,132458.0,149644.0,196654.0,173030.0,208612.0,197281.0,198538.0,179439.0,167197.0,178445.2,66.0,75.0,70.5,64.4,83.0,0.14,0.0,0.0,12.61,52.0,0.0,5.5,71.8,6.8,0.0,0.0,0.0,13.62
148208,151335.0,146349.0,132458.0,194976.0,175850.0,200098.0,199626.0,195864.0,198538.0,160722.9,177566.2,62.0,80.0,71.0,58.6,70.0,0.0,0.0,0.0,25.29,25.0,0.0,6.0,71.3,6.3,0.0,0.0,0.0,13.58
143655,148208.0,151335.0,146349.0,176561.0,165168.0,196658.0,189744.0,202881.0,195864.0,154041.7,175615.6,68.0,83.0,75.5,63.8,72.0,0.0,0.0,0.0,21.76,87.0,0.0,10.5,72.3,7.3,0.0,0.0,0.0,13.54
155925,143655.0,148208.0,151335.0,173737.0,156931.0,174916.0,174543.0,201112.0,202881.0,149340.9,173828.0,73.0,88.0,80.5,69.0,76.0,0.0,0.0,0.0,19.93,73.0,0.0,15.5,75.7,10.7,0.0,1.0,0.0,13.5
159428,155925.0,143655.0,148208.0,149644.0,149407.0,166262.0,168864.0,166673.0,201112.0,146796.3,172371.3,74.0,86.0,80.0,70.3,82.0,0.0,0.0,0.0,19.68,64.0,0.0,15.0,78.7,13.7,0.0,1.0,0.0,13.46
161737,159428.0,155925.0,143655.0,132458.0,158993.0,178006.0,178655.0,137008.0,166673.0,148194.0,171360.8,75.0,90.0,82.5,71.3,80.0,0.0,0.0,0.0,20.39,35.0,0.0,17.5,81.0,16.0,0.0,0.0,0.0,13.42
187477,161737.0,159428.0,155925.0,146349.0,192624.0,192243.0,201034.0,131680.0,137008.0,152376.7,170933.9,71.0,89.0,80.0,67.7,69.0,0.36,0.0,0.0,21.29,19.0,0.0,15.0,80.8,15.8,0.0,0.0,0.0,13.37
186000,187477.0,161737.0,159428.0,151335.0,196654.0,173030.0,208612.0,142416.0,131680.0,158252.1,171554.4,67.0,77.0,72.0,52.6,51.0,0.0,0.0,0.0,23.69,34.0,0.0,7.0,78.2,13.2,0.0,0.0,0.0,13.33
152877,186000.0,187477.0,161737.0,148208.0,194976.0,175850.0,200098.0,144355.0,142416.0,163204.3,171799.2,66.0,90.0,78.0,64.6,68.0,0.42,0.0,0.0,20.75,59.0,0.0,13.0,76.7,11.7,0.0,0.0,0.0,13.29
169235,152877.0,186000.0,187477.0,143655.0,176561.0,165168.0,196658.0,154019.0,144355.0,163871.3,170194.0,71.0,85.0,78.0,67.3,76.0,0.0,0.0,0.0,19.95,42.0,0.0,13.0,76.0,11.0,0.0,0.0,0.0,13.25
169728,169235.0,152877.0,186000.0,155925.0,173737.0,156931.0,174916.0,155919.0,154019.0,167525.6,168881.4,72.0,81.0,76.5,72.0,90.0,0.01,0.0,0.0,7.77,76.0,0.0,11.5,77.5,12.5,0.0,1.0,0.0,13.2
157366,169728.0,169235.0,152877.0,159428.0,149644.0,149407.0,166262.0,162992.0,155919.0,169497.4,167869.1,67.0,79.0,73.0,56.0,60.0,0.0,0.0,0.0,20.53,20.0,0.0,8.0,75.8,10.8,0.0,1.0,0.0,13.16
136586,157366.0,169728.0,169235.0,161737.0,132458.0,158993.0,178006.0,147902.0,162992.0,169202.9,166559.3,63.0,77.0,70.0,57.0,69.0,0.0,0.0,0.0,14.59,89.0,0.0,5.0,73.2,8.2,0.0,0.0,0.0,13.12
142345,136586.0,157366.0,169728.0,187477.0,146349.0,192624.0,192243.0,135953.0,147902.0,165609.9,165281.7,66.0,77.0,71.5,64.4,79.0,0.23,0.0,0.0,14.34,74.0,0.0,6.5,71.5,6.5,0.0,0.0,0.0,13.07
148628,142345.0,136586.0,157366.0,186000.0,151335.0,196654.0,173030.0,145653.0,135953.0,159162.4,164484.4,69.0,79.0,74.0,70.0,91.0,0.14,0.0,0.0,7.09,93.0,0.0,9.0,71.8,6.8,0.0,0.0,0.0,13.03
159644,148628.0,142345.0,136586.0,152877.0,148208.0,194976.0,175850.0,165032.0,145653.0,153823.6,163505.2,70.0,85.0,77.5,68.7,78.0,0.71,0.0,0.0,19.11,82.0,0.0,12.5,74.3,9.3,0.0,0.0,0.0,12.98
165090,159644.0,148628.0,142345.0,169235.0,143655.0,176561.0,165168.0,178071.0,165032.0,154790.3,162418.5,69.0,85.0,77.0,64.7,72.0,0.0,0.0,0.0,21.54,20.0,0.0,12.0,76.2,11.2,0.0,0.0,0.0,12.94
164625,165090.0,159644.0,148628.0,169728.0,155925.0,173737.0,156931.0,156467.0,178071.0,154198.1,162153.9,65.0,80.0,72.5,55.0,62.0,0.0,0.0,0.0,21.94,34.0,0.0,7.5,75.7,10.7,0.0,1.0,0.0,12.9
135671,164625.0,165090.0,159644.0,157366.0,159428.0,149644.0,149407.0,141617.0,156467.0,153469.1,161779.7,66.0,82.0,74.0,58.3,65.0,0.0,0.0,0.0,19.39,21.0,0.0,9.0,74.5,9.5,0.0,1.0,0.0,12.85
134051,135671.0,164625.0,165090.0,136586.0,161737.0,132458.0,158993.0,123258.0,141617.0,150369.9,160796.5,66.0,79.0,72.5,62.8,78.0,0.0,0.0,0.0,21.09,19.0,0.0,7.5,73.0,8.0,0.0,0.0,1.0,12.81
139862,134051.0,135671.0,164625.0,142345.0,187477.0,146349.0,192624.0,128175.0,123258.0,150007.7,160033.8,68.0,84.0,76.0,65.6,84.0,0.0,0.0,0.0,20.67,41.0,0.0,11.0,74.2,9.2,0.0,0.0,0.0,12.77
160943,139862.0,134051.0,135671.0,148628.0,186000.0,151335.0,196654.0,150285.0,128175.0,149653.0,159715.6,69.0,81.0,75.0,68.5,88.0,0.0,0.0,0.0,11.45,95.0,0.0,10.0,74.5,9.5,0.0,0.0,0.0,12.72
163131,160943.0,139862.0,134051.0,159644.0,152877.0,148208.0,194976.0,156309.0,150285.0,151412.3,159780.6,73.0,82.0,77.5,72.7,92.0,1.2,0.0,0.0,8.58,100.0,0.0,12.5,76.2,11.2,0.0,0.0,0.0,12.68
173525,163131.0,160943.0,139862.0,165090.0,169235.0,143655.0,176561.0,175087.0,156309.0,151910.4,158797.5,64.0,76.0,70.0,62.4,75.0,0.0,0.0,0.0,16.04,52.0,0.0,5.0,74.2,9.2,0.0,0.0,0.0,12.63
156396,173525.0,163131.0,160943.0,164625.0,169728.0,155925.0,173737.0,175320.0,175087.0,153115.4,158026.6,61.0,74.0,67.5,55.1,72.0,0.0,0.0,0.0,15.07,50.0,0.0,2.5,71.7,6.7,0.0,1.0,0.0,12.59
123692,156396.0,173525.0,163131.0,135671.0,157366.0,159428.0,149644.0,140284.0,175320.0,151939.9,156740.6,61.0,74.0,67.5,61.9,80.0,0.0,0.0,0.0,10.61,76.0,0.0,2.5,68.3,3.3,0.0,1.0,0.0,12.55
125168,123692.0,156396.0,173525.0,134051.0,136586.0,161737.0,132458.0,131628.0,140284.0,150228.6,154978.3,59.0,75.0,67.0,55.6,64.0,0.0,0.0,0.0,20.33,41.0,0.0,2.0,67.3,2.3,0.0,0.0,0.0,12.5
140333,125168.0,123692.0,156396.0,139862.0,142345.0,187477.0,146349.0,142795.0,131628.0,148959.6,153359.3,54.0,66.0,60.0,46.1,62.0,0.0,0.0,0.0,21.6,0.0,0.0,0.0,64.8,1.5,0.0,0.0,0.0,12.46
120318,140333.0,125168.0,123692.0,160943.0,148628.0,186000.0,151335.0,158631.0,142795.0,149026.9,153048.9,56.0,71.0,63.5,53.9,74.0,0.0,0.0,0.0,20.4,6.0,0.0,0.0,63.5,0.7,0.0,0.0,0.0,12.41
122745,120318.0,140333.0,125168.0,163131.0,159644.0,152877.0,148208.0,146321.0,158631.0,143223.3,152644.3,64.0,75.0,69.5,61.1,83.0,0.0,0.0,0.0,10.36,93.0,0.0,4.5,64.3,1.5,0.0,0.0,0.0,12.37
132433,122745.0,120318.0,140333.0,173525.0,165090.0,169235.0,143655.0,137217.0,146321.0,137453.9,151857.5,55.0,70.0,62.5,51.2,67.0,0.0,0.0,0.0,13.77,53.0,0.0,0.0,65.2,1.5,0.0,0.0,0.0,12.32
126466,132433.0,122745.0,120318.0,156396.0,164625.0,169728.0,155925.0,129578.0,137217.0,131583.6,151227.4,50.0,63.0,56.5,35.0,47.0,0.0,0.0,0.0,21.33,0.0,0.0,0.0,62.8,1.5,0.0,1.0,0.0,12.28
104631,126466.0,132433.0,122745.0,123692.0,135671.0,157366.0,159428.0,134240.0,129578.0,127307.9,150502.7,50.0,65.0,57.5,36.8,53.0,0.0,0.0,0.0,19.59,23.0,0.0,0.0,58.8,0.0,0.0,1.0,0.0,12.23
102087,104631.0,126466.0,132433.0,125168.0,134051.0,136586.0,161737.0,132112.0,134240.0,124584.9,149201.9,49.0,65.0,57.0,40.6,61.0,0.0,0.0,0.0,20.76,0.0,0.0,0.0,57.0,0.0,0.0,0.0,0.0,12.19
113299,102087.0,104631.0,126466.0,140333.0,139862.0,142345.0,187477.0,144358.0,132112.0,121287.6,147407.3,48.0,71.0,59.5,41.0,55.0,0.0,0.0,0.0,20.57,0.0,0.0,0.0,58.0,0.0,0.0,0.0,0.0,12.14
115339,113299.0,102087.0,104631.0,120318.0,160943.0,148628.0,186000.0,177502.0,144358.0,117425.6,145869.6,57.0,79.0,68.0,49.1,56.0,0.0,0.0,0.0,19.62,0.0,0.0,3.0,61.5,1.0,0.0,0.0,0.0,12.1
122567,115339.0,113299.0,102087.0,122745.0,163131.0,159644.0,152877.0,158095.0,177502.0,116714.3,144323.0,62.0,75.0,68.5,55.4,71.0,0.0,0.0,0.0,12.5,85.0,0.0,3.5,65.3,2.2,0.0,0.0,0.0,12.05
126418,122567.0,115339.0,113299.0,132433.0,173525.0,165090.0,169235.0,147724.0,158095.0,116688.9,142159.4,62.0,77.0,69.5,59.0,80.0,0.0,0.0,0.0,16.78,73.0,0.0,4.5,68.7,3.7,0.0,0.0,0.0,12.01
130336,126418.0,122567.0,115339.0,126466.0,156396.0,164625.0,169728.0,152827.0,147724.0,115829.6,140173.3,65.0,74.0,69.5,62.0,87.0,0.0,0.0,0.0,11.29,52.0,0.0,4.5,69.2,4.2,0.0,1.0,0.0,11.96
121738,130336.0,126418.0,122567.0,104631.0,123692.0,135671.0,157366.0,142426.0,152827.0,116382.4,139421.9,67.0,79.0,73.0,66.0,88.0,0.03,0.0,0.0,12.23,71.0,0.0,8.0,70.7,5.7,0.0,1.0,0.0,11.92
128592,121738.0,130336.0,126418.0,102087.0,125168.0,134051.0,136586.0,140615.0,142426.0,118826.3,137838.7,69.0,77.0,73.0,66.8,89.0,0.02,0.0,0.0,11.7,64.0,0.0,8.0,71.8,6.8,0.0,0.0,0.0,11.87
143996,128592.0,121738.0,130336.0,113299.0,140333.0,139862.0,142345.0,141173.0,140615.0,122612.7,136467.5,67.0,74.0,70.5,66.9,92.0,0.47,0.0,0.0,7.07,65.0,0.0,5.5,72.2,7.2,0.0,0.0,0.0,11.83
144392,143996.0,128592.0,121738.0,115339.0,120318.0,160943.0,148628.0,138386.0,141173.0,126998.0,136021.8,60.0,71.0,65.5,56.3,73.0,1.14,0.0,0.0,15.72,46.0,0.0,0.5,69.7,4.7,0.0,0.0,0.0,11.78
130746,144392.0,143996.0,128592.0,122567.0,122745.0,163131.0,159644.0,149338.0,138386.0,131148.4,136282.0,60.0,72.0,66.0,50.4,63.0,0.0,0.0,0.0,15.3,39.0,0.0,1.0,67.3,2.3,0.0,0.0,0.0,11.74
124448,130746.0,144392.0,143996.0,126418.0,132433.0,173525.0,165090.0,175819.0,149338.0,132316.9,135895.4,53.0,65.0,59.0,50.1,72.0,0.04,0.0,0.0,9.12,59.0,0.0,0.0,63.5,0.5,0.0,0.0,0.0,11.7
119364,124448.0,130746.0,144392.0,130336.0,126466.0,156396.0,164625.0,136374.0,175819.0,132035.4,135089.4,52.0,66.0,59.0,44.4,65.0,0.0,0.0,0.0,17.84,3.0,0.0,0.0,61.3,0.3,0.0,1.0,0.0,11.65
106734,119364.0,124448.0,130746.0,121738.0,104631.0,123692.0,135671.0,127648.0,136374.0,130468.0,133746.7,51.0,67.0,59.0,48.2,74.0,0.0,0.0,0.0,14.04,38.0,0.0,0.0,59.0,0.0,0.0,1.0,0.0,11.61
105318,106734.0,119364.0,124448.0,128592.0,102087.0,125168.0,134051.0,111215.0,127648.0,128324.6,131801.5,53.0,70.0,61.5,51.4,77.0,0.0,0.0,0.0,14.91,24.0,0.0,0.0,59.8,0.0,0.0,0.0,0.0,11.56
117408,105318.0,106734.0,119364.0,143996.0,113299.0,140333.0,139862.0,115438.0,111215.0,124999.7,129824.6,57.0,69.0,63.0,51.5,73.0,0.0,0.0,0.0,17.02,12.0,0.0,0.0,61.2,0.0,0.0,0.0,0.0,11.52
118881,117408.0,105318.0,106734.0,144392.0,115339.0,120318.0,160943.0,140154.0,115438.0,121201.4,129215.9,60.0,74.0,67.0,50.8,64.0,0.02,0.0,0.0,14.7,36.0,0.0,2.0,63.8,0.7,0.0,0.0,0.0,11.47
121276,118881.0,117408.0,105318.0,130746.0,122567.0,122745.0,163131.0,128499.0,140154.0,117557.0,128710.2,53.0,64.0,58.5,40.8,54.0,0.0,0.0,0.0,17.08,5.0,0.0,0.0,62.8,0.7,0.0,0.0,0.0,11.43
115797,121276.0,118881.0,117408.0,124448.0,126418.0,132433.0,173525.0,124031.0,128499.0,116204.1,128090.7,50.0,69.0,59.5,44.9,63.0,0.0,0.0,0.0,15.33,26.0,0.0,0.0,61.7,0.7,0.0,0.0,0.0,11.38
115621,115797.0,121276.0,118881.0,119364.0,130336.0,126466.0,156396.0,124796.0,124031.0,114968.3,126585.8,58.0,71.0,64.5,54.5,70.0,0.0,0.0,0.0,15.15,58.0,0.0,0.0,60.8,0.0,0.0,1.0,0.0,11.34
109591,115621.0,115797.0,121276.0,106734.0,121738.0,104631.0,123692.0,123347.0,124796.0,114433.6,125002.1,57.0,67.0,62.0,54.1,74.0,0.0,0.0,0.0,7.51,98.0,0.0,0.0,62.0,0.0,0.0,1.0,0.0,11.29
109203,109591.0,115621.0,115797.0,105318.0,128592.0,102087.0,125168.0,112699.0,123347.0,114841.7,122871.0,49.0,57.0,53.0,51.6,89.0,0.96,0.0,0.0,2.74,100.0,0.0,0.0,59.8,0.0,0.0,0.0,1.0,11.25
115034,109203.0,109591.0,115621.0,117408.0,143996.0,113299.0,140333.0,111027.0,112699.0,115396.7,121297.9,53.0,58.0,55.5,54.2,91.0,0.34,0.0,0.0,2.79,87.0,0.0,0.0,56.8,0.0,0.0,0.0,0.0,11.21
117329,115034.0,109203.0,109591.0,118881.0,144392.0,115339.0,120318.0,124046.0,111027.0,115057.6,121009.3,50.0,67.0,58.5,46.7,68.0,0.0,0.0,0.0,16.04,4.0,0.0,0.0,55.7,0.0,0.0,0.0,0.0,11.16
116042,117329.0,115034.0,109203.0,121276.0,130746.0,122567.0,122745.0,124453.0,124046.0,114835.9,120748.0,57.0,71.0,64.0,54.2,78.0,0.0,0.0,0.0,15.42,56.0,0.0,0.0,59.3,0.0,0.0,0.0,0.0,11.12
118942,116042.0,117329.0,115034.0,115797.0,124448.0,126418.0,132433.0,127824.0,124453.0,114088.1,119938.3,47.0,66.0,56.5,53.8,88.0,1.36,0.0,0.0,1.73,92.0,0.0,0.0,59.7,0.0,0.0,0.0,0.0,11.07
119472,118942.0,116042.0,117329.0,115621.0,119364.0,130336.0,126466.0,124308.0,127824.0,114537.4,119892.4,44.0,59.0,51.5,40.1,67.0,0.01,0.0,0.0,15.95,23.0,0.0,0.0,57.3,0.0,0.0,1.0,0.0,11.03
106085,119472.0,118942.0,116042.0,109591.0,106734.0,121738.0,104631.0,123510.0,124308.0,115087.6,119783.3,46.0,62.0,54.0,44.8,72.0,0.0,0.0,0.0,12.69,46.0,0.0,0.0,54.0,0.0,0.0,1.0,0.0,10.99
104650,106085.0,119472.0,118942.0,109203.0,105318.0,128592.0,102087.0,112395.0,123510.0,114586.7,118905.1,51.0,65.0,58.0,51.9,83.0,0.0,0.0,0.0,9.72,80.0,0.0,0.0,54.5,0.0,0.0,0.0,0.0,10.95
116323,104650.0,106085.0,119472.0,115034.0,117408.0,143996.0,113299.0,112976.0,112395.0,113936.3,118177.9,57.0,71.0,64.0,58.9,90.0,0.0,0.0,0.0,9.22,61.0,0.0,0.0,58.7,0.0,0.0,0.0,0.0,10.9
120125,116323.0,104650.0,106085.0,117329.0,118881.0,144392.0,115339.0,125350.0,112976.0,114120.4,118567.6,59.0,68.0,63.5,61.4,96.0,0.0,0.0,0.0,6.93,87.0,0.0,0.0,61.8,0.0,0.0,0.0,0.0,10.86
122147,120125.0,116323.0,104650.0,116042.0,121276.0,130746.0,122567.0,127288.0,125350.0,114519.9,119168.9,64.0,68.0,66.0,63.1,94.0,0.0,0.0,0.0,6.25,81.0,0.0,1.0,64.5,0.3,0.0,0.0,0.0,10.82
125364,122147.0,120125.0,116323.0,118942.0,115797.0,124448.0,126418.0,126354.0,127288.0,115392.0,119463.8,63.0,69.0,66.0,62.0,94.0,0.0,0.0,0.0,6.4,89.0,0.0,1.0,65.2,0.7,0.0,0.0,0.0,10.78
123335,125364.0,122147.0,120125.0,119472.0,115621.0,119364.0,130336.0,125188.0,126354.0,116309.4,119798.0,48.0,69.0,58.5,54.5,79.0,0.0,0.0,0.0,6.69,80.0,0.0,0.0,63.5,0.7,0.0,1.0,0.0,10.74
110835,123335.0,125364.0,122147.0,106085.0,109591.0,106734.0,121738.0,125217.0,125188.0,116861.3,119823.6,45.0,53.0,49.0,37.4,66.0,0.02,0.0,0.0,6.8,100.0,1.0,0.0,57.8,0.3,0.3,1.0,0.0,10.69
105630,110835.0,123335.0,125364.0,104650.0,109203.0,105318.0,128592.0,113463.0,125217.0,117539.9,119304.1,51.0,59.0,55.0,52.8,88.0,0.02,0.0,0.0,3.73,100.0,0.0,0.0,54.2,0.0,0.3,0.0,0.0,10.65
118637,105630.0,110835.0,123335.0,116323.0,115034.0,117408.0,143996.0,115405.0,113463.0,117679.9,118480.6,52.0,59.0,55.5,49.5,77.0,0.0,0.0,0.0,9.55,94.0,0.0,0.0,53.2,0.0,0.3,0.0,0.0,10.61
117580,118637.0,105630.0,110835.0,120125.0,117329.0,118881.0,144392.0,125913.0,115405.0,118010.4,118377.2,52.0,57.0,54.5,50.5,84.0,0.11,0.0,0.0,3.45,96.0,0.0,0.0,55.0,0.0,0.0,0.0,0.0,10.57
118593,117580.0,118637.0,105630.0,122147.0,116042.0,121276.0,130746.0,126989.0,125913.0,117646.9,118010.2,46.0,56.0,51.0,48.6,91.0,1.53,0.0,0.0,1.11,100.0,0.0,0.0,53.7,0.0,0.0,0.0,0.0,10.53
120202,118593.0,117580.0,118637.0,125364.0,118942.0,115797.0,124448.0,129033.0,126989.0,117139.1,117163.4,37.0,47.0,42.0,38.0,87.0,0.64,0.0,0.0,2.36,82.0,8.0,0.0,49.2,0.0,2.7,0.0,0.0,10.49
122224,120202.0,118593.0,117580.0,123335.0,119472.0,115621.0,119364.0,133604.0,129033.0,116401.7,116357.1,32.0,46.0,39.0,30.1,70.0,0.0,0.0,0.0,13.28,26.0,11.0,0.0,44.0,0.0,6.3,1.0,0.0,10.45
112805,122224.0,120202.0,118593.0,110835.0,106085.0,109591.0,106734.0,125014.0,133604.0,116243.0,116073.0,43.0,55.0,49.0,42.2,78.0,0.4,0.0,0.0,5.96,77.0,1.0,0.0,43.3,0.0,6.7,1.0,0.0,10.41
114855,112805.0,122224.0,120202.0,105630.0,104650.0,109203.0,105318.0,114591.0,125014.0,116524.4,115684.9,38.0,44.0,41.0,24.3,53.0,0.0,0.0,0.0,11.42,31.0,9.0,0.0,43.0,0.0,7.0,0.0,0.0,10.37
123419,114855.0,112805.0,122224.0,118637.0,116323.0,115034.0,117408.0,117766.0,114591.0,117842.3,115534.6,40.0,53.0,46.5,29.4,53.0,0.0,0.0,0.0,8.56,50.0,3.5,0.0,45.5,0.0,4.5,0.0,0.0,10.33
122065,123419.0,114855.0,112805.0,117580.0,120125.0,117329.0,118881.0,127118.0,117766.0,118525.4,116090.8,40.0,62.0,51.0,39.6,70.0,0.0,0.0,0.0,12.2,10.0,0.0,0.0,46.2,0.0,4.2,0.0,0.0,10.29
120534,122065.0,123419.0,114855.0,118593.0,122147.0,116042.0,121276.0,127372.0,127118.0,119166.1,116649.0,52.0,67.0,59.5,46.0,75.0,0.0,0.0,0.0,11.78,42.0,0.0,0.0,52.3,0.0,1.2,0.0,0.0,10.25
118616,120534.0,122065.0,123419.0,120202.0,125364.0,118942.0,115797.0,127199.0,127372.0,119443.4,116753.2,56.0,70.0,63.0,49.2,76.0,0.0,0.0,0.0,11.07,44.0,0.0,0.0,57.8,0.0,0.0,0.0,0.0,10.21
117652,118616.0,120534.0,122065.0,122224.0,123335.0,119472.0,115621.0,128255.0,127199.0,119216.9,116744.4,56.0,74.0,65.0,47.7,69.0,0.0,0.0,0.0,11.78,13.0,0.0,0.0,62.5,0.0,0.0,1.0,0.0,10.18
108576,117652.0,118616.0,120534.0,112805.0,110835.0,106085.0,109591.0,131662.0,128255.0,118563.7,116623.6,56.0,75.0,65.5,48.6,75.0,0.0,0.0,0.0,11.76,10.0,0.0,0.5,64.5,0.2,0.0,1.0,0.0,10.14
107166,108576.0,117652.0,118616.0,114855.0,105630.0,104650.0,109203.0,123213.0,131662.0,117959.6,116382.9,54.0,75.0,64.5,49.7,81.0,0.0,0.0,0.0,11.55,0.0,0.0,0.0,65.0,0.2,0.0,0.0,0.0,10.1
119150,107166.0,108576.0,117652.0,123419.0,118637.0,116323.0,115034.0,118125.0,123213.0,116861.1,116101.0,60.0,74.0,67.0,56.4,88.0,0.0,0.0,0.0,9.95,14.0,0.0,2.0,65.7,0.8,0.0,0.0,0.0,10.07
121202,119150.0,107166.0,108576.0,122065.0,117580.0,120125.0,117329.0,126543.0,118125.0,116251.3,116419.7,64.0,72.0,68.0,62.4,94.0,0.78,0.0,0.0,3.2,68.0,0.0,3.0,66.5,1.7,0.0,0.0,1.0,10.03
122832,121202.0,119150.0,107166.0,120534.0,118593.0,122147.0,116042.0,133748.0,126543.0,116128.0,116819.6,46.0,68.0,57.0,52.0,88.0,0.24,0.0,0.0,1.76,100.0,0.0,0.0,64.0,1.7,0.0,0.0,0.0,10.0
121526,122832.0,121202.0,119150.0,118616.0,120202.0,125364.0,118942.0,142020.0,133748.0,116456.3,117079.6,47.0,50.0,48.5,45.0,90.0,0.19,0.0,0.0,2.2,71.0,1.5,0.0,57.8,1.0,0.5,0.0,0.0,9.96
119467,121526.0,122832.0,121202.0,117652.0,122224.0,123335.0,119472.0,138742.0,142020.0,116872.0,117219.5,42.0,52.0,47.0,34.7,68.0,0.0,0.0,0.0,11.19,15.0,3.0,0.0,50.8,0.0,1.5,1.0,0.0,9.93
109822,119467.0,121526.0,122832.0,108576.0,112805.0,110835.0,106085.0,133823.0,138742.0,117131.3,117333.6,41.0,64.0,52.5,42.1,76.0,0.07,0.0,0.0,6.17,58.0,0.0,0.0,49.3,0.0,1.5,1.0,0.0,9.9
109321,109822.0,119467.0,121526.0,107166.0,114855.0,105630.0,104650.0,125179.0,133823.0,117309.3,117029.6,44.0,55.0,49.5,31.4,54.0,0.0,0.0,0.0,10.86,8.0,0.5,0.0,49.7,0.0,1.2,0.0,0.0,9.86
118680,109321.0,109822.0,119467.0,119150.0,123419.0,118637.0,116323.0,125216.0,125179.0,117617.1,116691.3,36.0,50.0,43.0,28.9,62.0,0.0,0.0,0.0,5.7,46.0,7.0,0.0,48.3,0.0,2.5,0.0,0.0,9.83
122273,118680.0,109321.0,109822.0,121202.0,122065.0,117580.0,120125.0,136383.0,125216.0,117550.0,117111.1,30.0,36.0,33.0,16.3,50.0,0.0,0.0,0.0,10.89,19.0,17.0,0.0,41.8,0.0,8.2,0.0,0.0,9.8
128163,122273.0,118680.0,109321.0,122832.0,120534.0,118593.0,122147.0,133618.0,136383.0,117703.0,117698.5,30.0,48.0,39.0,24.1,62.0,0.0,0.0,0.0,8.93,42.0,11.0,0.0,38.3,0.0,11.7,0.0,0.0,9.77
126776,128163.0,122273.0,118680.0,121526.0,118616.0,120202.0,125364.0,134216.0,133618.0,118464.6,118093.2,45.0,63.0,54.0,36.7,64.0,0.0,0.0,0.0,10.22,14.0,0.0,0.0,42.0,0.0,9.3,0.0,0.0,9.74
120227,126776.0,128163.0,122273.0,119467.0,117652.0,122224.0,123335.0,132941.0,134216.0,119214.6,118314.9,49.0,64.0,56.5,39.0,62.0,0.0,0.0,0.0,9.38,31.0,0.0,0.0,49.8,0.0,3.7,1.0,0.0,9.71
108928,120227.0,126776.0,128163.0,109822.0,108576.0,112805.0,110835.0,132644.0,132941.0,119323.1,118250.9,44.0,59.0,51.5,38.2,74.0,0.0,0.0,0.0,2.46,95.0,0.0,0.0,54.0,0.0,0.0,1.0,0.0,9.68
109824,108928.0,120227.0,126776.0,109321.0,107166.0,114855.0,105630.0,122927.0,132644.0,119195.4,117703.0,42.0,60.0,51.0,41.6,74.0,0.54,0.0,0.0,6.46,52.0,0.0,0.0,53.0,0.0,0.0,0.0,0.0,9.65
119483,109824.0,108928.0,120227.0,118680.0,119150.0,123419.0,118637.0,122128.0,122927.0,119267.3,117252.7,41.0,48.0,44.5,30.2,66.0,0.0,0.0,0.0,7.77,46.0,5.5,0.0,49.0,0.0,1.8,0.0,0.0,9.62
121288,119483.0,109824.0,108928.0,122273.0,121202.0,122065.0,117580.0,132542.0,122128.0,119382.0,117540.9,45.0,56.0,50.5,38.3,75.0,0.0,0.0,0.0,5.89,88.0,0.0,0.0,48.7,0.0,1.8,0.0,0.0,9.6
119281,121288.0,119483.0,109824.0,128163.0,122832.0,120534.0,118593.0,130426.0,132542.0,119241.3,118062.9,55.0,65.0,60.0,51.6,87.0,0.79,0.0,0.0,4.53,60.0,0.0,0.0,51.7,0.0,1.8,0.0,1.0,9.57
109892,119281.0,121288.0,119483.0,126776.0,121526.0,118616.0,120202.0,128403.0,130426.0,117972.4,118084.3,51.0,63.0,57.0,44.0,77.0,0.0,0.0,0.0,8.22,25.0,0.0,0.0,55.8,0.0,0.0,0.0,0.0,9.55
112019,109892.0,119281.0,121288.0,120227.0,119467.0,117652.0,122224.0,115759.0,128403.0,115560.4,117828.1,44.0,56.0,50.0,37.1,69.0,0.0,0.0,0.0,7.21,37.0,0.0,0.0,55.7,0.0,0.0,1.0,0.0,9.52
108414,112019.0,109892.0,119281.0,108928.0,109822.0,108576.0,112805.0,126365.0,115759.0,114387.9,117608.9,41.0,54.0,47.5,32.7,68.0,0.0,0.0,0.0,9.59,20.0,2.5,0.0,51.5,0.0,0.8,1.0,0.0,9.5
108279,108414.0,112019.0,109892.0,109824.0,109321.0,107166.0,114855.0,122415.0,126365.0,114314.4,117216.0,50.0,63.0,56.5,50.3,88.0,0.98,0.0,0.0,0.79,95.0,0.0,0.0,51.3,0.0,0.8,0.0,0.0,9.48
121164,108279.0,108414.0,112019.0,119483.0,118680.0,119150.0,123419.0,127480.0,122415.0,114093.7,116751.2,37.0,62.0,49.5,41.8,78.0,0.0,0.0,0.0,5.8,57.0,0.5,0.0,51.2,0.0,1.0,0.0,0.0,9.46
120096,121164.0,108279.0,108414.0,121288.0,122273.0,121202.0,122065.0,141752.0,127480.0,114333.9,117029.8,36.0,43.0,39.5,26.5,61.0,0.0,0.0,0.0,5.95,43.0,10.5,0.0,48.5,0.0,3.7,0.0,0.0,9.44
125808,120096.0,121164.0,108279.0,119281.0,128163.0,122832.0,120534.0,142575.0,141752.0,114163.6,117204.5,35.0,50.0,42.5,25.8,57.0,0.0,0.0,0.0,9.35,40.0,7.5,0.0,43.8,0.0,6.2,0.0,0.0,9.42
125099,125808.0,120096.0,121164.0,109892.0,126776.0,121526.0,118616.0,141162.0,142575.0,115096.0,117284.1,44.0,52.0,48.0,36.4,73.0,0.11,0.0,0.0,4.33,82.0,2.0,0.0,43.3,0.0,6.7,0.0,0.0,9.4
123623,125099.0,125808.0,120096.0,112019.0,120227.0,119467.0,117652.0,139469.0,141162.0,117268.4,117385.3,39.0,47.0,43.0,36.9,82.0,1.02,0.0,0.0,2.62,73.0,7.0,0.0,44.5,0.0,5.5,1.0,0.0,9.38
116918,123623.0,125099.0,125808.0,108414.0,108928.0,109822.0,108576.0,138082.0,139469.0,118926.1,117488.2,33.0,40.0,36.5,21.8,56.0,0.0,0.0,0.0,8.72,21.0,13.5,0.0,42.5,0.0,7.5,1.0,0.0,9.36
117329,116918.0,123623.0,125099.0,108279.0,109824.0,109321.0,107166.0,129152.0,138082.0,120141.0,117431.6,32.0,40.0,36.0,22.9,65.0,0.0,0.0,0.0,7.65,37.0,14.0,0.0,38.5,0.0,11.5,0.0,0.0,9.35
129894,117329.0,116918.0,123623.0,121164.0,119483.0,118680.0,119150.0,127945.0,129152.0,121433.9,117420.9,30.0,36.0,33.0,20.5,61.0,0.0,0.0,0.0,7.87,63.0,17.0,0.0,35.2,0.0,14.8,0.0,0.0,9.33
133566,129894.0,117329.0,116918.0,120096.0,121288.0,122273.0,121202.0,136920.0,127945.0,122681.0,118131.5,31.0,38.0,34.5,24.9,70.0,0.05,0.0,0.0,4.72,72.0,15.5,0.0,34.5,0.0,15.5,0.0,0.0,9.32
133914,133566.0,129894.0,117329.0,125808.0,119281.0,128163.0,122832.0,133868.0,136920.0,124605.3,119011.5,36.0,49.0,42.5,31.3,74.0,0.0,0.0,0.0,8.25,11.0,7.5,0.0,36.7,0.0,13.3,0.0,0.0,9.31
128387,133914.0,133566.0,129894.0,125099.0,109892.0,126776.0,121526.0,140390.0,133868.0,125763.3,119503.6,39.0,57.0,48.0,34.4,82.0,0.0,0.0,0.0,8.31,32.0,2.0,0.0,41.7,0.0,8.3,0.0,0.0,9.3
125083,128387.0,133914.0,133566.0,123623.0,112019.0,120227.0,119467.0,143877.0,140390.0,126233.0,119743.1,46.0,58.0,52.0,44.7,94.0,0.0,0.0,0.0,2.32,77.0,0.0,0.0,47.5,0.0,3.2,1.0,0.0,9.29
115626,125083.0,128387.0,133914.0,116918.0,108414.0,108928.0,109822.0,140211.0,143877.0,126441.6,119818.1,47.0,62.0,54.5,43.7,81.0,0.0,0.0,0.0,7.36,66.0,0.0,0.0,51.5,0.0,0.7,1.0,0.0,9.28
111408,115626.0,125083.0,128387.0,117329.0,108279.0,109824.0,109321.0,126146.0,140211.0,126257.0,119621.5,35.0,47.0,41.0,33.2,84.0,0.26,0.0,0.0,1.61,84.0,9.0,0.0,49.2,0.0,3.0,0.0,0.0,9.27
127287,111408.0,115626.0,125083.0,129894.0,121164.0,119483.0,118680.0,124792.0,126146.0,125411.1,119352.8,30.0,39.0,34.5,18.9,56.0,0.0,0.0,0.0,8.25,45.0,15.5,0.0,43.3,0.0,8.2,0.0,0.0,9.26
131009,127287.0,111408.0,115626.0,133566.0,120096.0,121288.0,122273.0,142334.0,124792.0,125038.7,119935.0,24.0,31.0,27.5,17.1,64.0,0.86,6.5,0.0,2.84,95.0,22.5,0.0,34.3,0.0,15.7,0.0,0.0,9.25
137711,131009.0,127287.0,111408.0,133914.0,125808.0,119281.0,128163.0,145643.0,142334.0,124673.4,120657.9,24.0,33.0,28.5,21.9,81.0,0.66,4.0,9.1,3.54,86.0,21.5,0.0,30.2,0.0,19.8,0.0,0.0,9.25
137467,137711.0,131009.0,127287.0,128387.0,125099.0,109892.0,126776.0,146073.0,145643.0,125215.9,121292.3,24.0,32.0,28.0,16.4,75.0,0.0,0.0,7.9,8.36,41.0,22.0,0.0,28.0,0.0,22.0,0.0,0.0,9.25
139444,137467.0,137711.0,131009.0,125083.0,123623.0,112019.0,120227.0,155134.0,146073.0,126513.0,121798.8,20.0,32.0,26.0,15.7,82.0,0.0,0.0,7.1,7.64,56.0,24.0,0.0,27.5,0.0,22.5,1.0,0.0,9.24
130836,139444.0,137467.0,137711.0,115626.0,116918.0,108414.0,108928.0,150697.0,155134.0,128564.6,122174.8,31.0,40.0,35.5,25.5,85.0,0.01,0.0,5.9,4.0,88.0,14.5,0.0,29.8,0.0,20.2,1.0,0.0,9.24
125645,130836.0,139444.0,137467.0,111408.0,117329.0,108279.0,109824.0,137208.0,150697.0,130737.4,122310.1,37.0,46.0,41.5,32.4,93.0,0.0,0.0,5.1,5.9,82.0,8.5,0.0,34.3,0.0,15.7,0.0,0.0,9.24
130958,125645.0,130836.0,139444.0,127287.0,129894.0,121164.0,119483.0,128731.0,137208.0,132771.3,122490.7,38.0,46.0,42.0,30.1,80.0,0.0,0.0,3.1,8.02,41.0,8.0,0.0,39.7,0.0,10.3,0.0,0.0,9.24
129218,130958.0,125645.0,130836.0,131009.0,133566.0,120096.0,121288.0,134395.0,128731.0,133295.7,123225.1,36.0,45.0,40.5,28.1,75.0,0.0,0.0,2.0,8.31,67.0,9.5,0.0,41.3,0.0,8.7,0.0,0.0,9.24
128292,129218.0,130958.0,125645.0,137711.0,133914.0,125808.0,119281.0,129477.0,134395.0,133039.9,123871.5,43.0,59.0,51.0,45.9,84.0,0.24,0.0,1.2,4.25,93.0,0.0,0.0,44.5,0.0,5.8,0.0,0.0,9.25
121602,128292.0,129218.0,130958.0,137467.0,128387.0,125099.0,109892.0,119684.0,129477.0,131694.3,124165.2,29.0,61.0,45.0,44.5,84.0,0.92,0.0,0.0,0.91,94.0,5.0,0.0,45.5,0.0,4.8,0.0,1.0,9.25
113711,121602.0,128292.0,129218.0,139444.0,125083.0,123623.0,112019.0,131981.0,119684.0,129427.9,124175.6,24.0,32.0,28.0,12.8,55.0,0.0,0.0,0.0,8.9,1.0,22.0,0.0,41.3,0.0,9.0,1.0,0.0,9.26
123588,113711.0,121602.0,128292.0,130836.0,115626.0,116918.0,108414.0,129502.0,131981.0,125751.7,123990.0,24.0,37.0,30.5,18.5,64.0,0.0,0.0,0.0,8.61,31.0,19.5,0.0,34.5,0.0,15.5,1.0,0.0,9.26
122776,123588.0,113711.0,121602.0,125645.0,111408.0,117329.0,108279.0,119817.0,129502.0,124716.3,124446.5,35.0,50.0,42.5,32.8,76.0,0.0,0.0,0.0,5.31,57.0,7.5,0.0,33.7,0.0,16.3,0.0,0.0,9.27
126574,122776.0,123588.0,113711.0,130958.0,127287.0,129894.0,121164.0,120531.0,119817.0,124306.4,124805.1,30.0,43.0,36.5,19.3,56.0,0.0,0.0,0.0,8.06,21.0,13.5,0.0,36.5,0.0,13.5,0.0,0.0,9.28
128663,126574.0,122776.0,123588.0,129218.0,131009.0,133566.0,120096.0,134843.0,120531.0,123680.1,125410.4,28.0,43.0,35.5,21.2,64.0,0.0,0.0,0.0,6.69,91.0,14.5,0.0,38.2,0.0,11.8,0.0,0.0,9.29
130838,128663.0,126574.0,122776.0,128292.0,137711.0,133914.0,125808.0,131905.0,134843.0,123600.9,126089.9,36.0,48.0,42.0,34.3,74.0,0.48,0.0,0.0,2.68,92.0,8.0,0.0,38.0,0.0,12.0,0.0,0.0,9.3
125533,130838.0,128663.0,126574.0,121602.0,137467.0,128387.0,125099.0,124168.0,131905.0,123964.6,126412.3,33.0,40.0,36.5,27.2,78.0,0.62,0.0,0.0,5.44,83.0,13.5,0.0,38.0,0.0,12.0,0.0,1.0,9.31
119140,125533.0,130838.0,128663.0,113711.0,139444.0,125083.0,123623.0,135759.0,124168.0,124526.1,126593.6,36.0,51.0,43.5,35.9,81.0,0.05,0.0,0.0,7.2,65.0,6.5,0.0,40.7,0.0,9.3,1.0,0.0,9.33
117017,119140.0,125533.0,130838.0,123588.0,130836.0,115626.0,116918.0,133483.0,135759.0,125301.7,126371.3,34.0,38.0,36.0,31.4,88.0,0.22,0.0,0.0,1.36,98.0,14.0,0.0,38.7,0.0,11.3,1.0,0.0,9.34
120616,117017.0,119140.0,125533.0,122776.0,125645.0,111408.0,117329.0,122924.0,133483.0,124363.0,126101.9,35.0,43.0,39.0,32.3,84.0,0.02,0.0,0.0,6.29,79.0,11.0,0.0,39.5,0.0,10.5,0.0,0.0,9.36
128719,120616.0,117017.0,119140.0,126574.0,130958.0,127287.0,129894.0,123997.0,122924.0,124054.4,126001.7,36.0,42.0,39.0,29.7,77.0,0.0,0.0,0.0,4.68,84.0,11.0,0.0,38.0,0.0,12.0,0.0,0.0,9.37
128968,128719.0,120616.0,117017.0,128663.0,129218.0,131009.0,133566.0,138154.0,123997.0,124360.9,126395.0,34.0,41.0,37.5,25.6,70.0,0.0,0.0,0.0,8.54,32.0,12.5,0.0,38.5,0.0,11.5,0.0,0.0,9.39
129542,128968.0,128719.0,120616.0,130838.0,128292.0,137711.0,133914.0,136907.0,138154.0,124404.4,126783.0,30.0,41.0,35.5,21.2,61.0,0.0,0.0,0.0,9.28,8.0,14.5,0.0,37.3,0.0,12.7,0.0,0.0,9.41
130964,129542.0,128968.0,128719.0,125533.0,121602.0,137467.0,128387.0,140076.0,136907.0,124219.3,126771.3,27.0,37.0,32.0,20.4,64.0,0.0,0.0,0.0,8.93,56.0,18.0,0.0,35.0,0.0,15.0,0.0,0.0,9.42
132855,130964.0,129542.0,128968.0,119140.0,113711.0,139444.0,125083.0,144582.0,140076.0,124995.1,126684.5,24.0,37.0,30.5,14.0,50.0,0.0,0.0,0.0,7.62,49.0,19.5,0.0,32.7,0.0,17.3,1.0,0.0,9.44
125392,132855.0,130964.0,129542.0,117017.0,123588.0,130836.0,115626.0,137402.0,144582.0,126954.4,126649.2,29.0,41.0,35.0,21.0,65.0,0.0,0.0,0.0,9.37,39.0,15.0,0.0,32.5,0.0,17.5,1.0,0.0,9.47
121856,125392.0,132855.0,130964.0,120616.0,122776.0,125645.0,111408.0,119972.0,137402.0,128150.9,126549.4,28.0,37.0,32.5,21.9,75.0,0.0,0.0,0.0,3.87,69.0,17.5,0.0,32.7,0.0,17.3,0.0,0.0,9.49
133886,121856.0,125392.0,132855.0,128719.0,126574.0,130958.0,127287.0,116201.0,119972.0,128328.0,126441.8,33.0,44.0,38.5,24.4,73.0,0.0,0.0,0.0,9.6,13.0,11.5,0.0,35.3,0.0,14.7,0.0,0.0,9.51
130237,133886.0,121856.0,125392.0,128968.0,128663.0,129218.0,131009.0,132956.0,116201.0,129066.1,127050.5,35.0,43.0,39.0,25.8,76.0,0.0,0.0,0.0,7.16,49.0,11.0,0.0,36.7,0.0,13.3,0.0,0.0,9.53
128863,130237.0,133886.0,121856.0,129542.0,130838.0,128292.0,137711.0,134513.0,132956.0,129247.4,127678.1,39.0,49.0,44.0,31.6,80.0,0.0,0.0,0.0,7.14,77.0,6.0,0.0,40.5,0.0,9.5,0.0,0.0,9.56
126268,128863.0,130237.0,133886.0,130964.0,125533.0,121602.0,137467.0,132082.0,134513.0,129150.4,127730.7,38.0,46.0,42.0,35.0,89.0,0.38,0.0,0.0,3.81,88.0,8.0,0.0,41.7,0.0,8.3,0.0,0.0,9.59
127490,126268.0,128863.0,130237.0,132855.0,119140.0,113711.0,139444.0,134558.0,132082.0,128479.6,127572.6,37.0,47.0,42.0,37.0,84.0,0.78,0.0,0.0,3.75,85.0,8.0,0.0,42.7,0.0,7.3,1.0,0.0,9.61
118102,127490.0,126268.0,128863.0,125392.0,117017.0,123588.0,130836.0,144695.0,134558.0,127713.1,127231.9,35.0,44.0,39.5,24.9,59.0,0.0,0.0,0.0,9.46,27.0,10.5,0.0,41.2,0.0,8.8,1.0,0.0,9.64
117057,118102.0,127490.0,126268.0,121856.0,120616.0,122776.0,125645.0,137365.0,144695.0,126671.7,126586.4,37.0,45.0,41.0,27.6,68.0,0.0,0.0,0.0,9.52,19.0,9.0,0.0,40.8,0.0,9.2,0.0,1.0,9.67
122824,117057.0,118102.0,127490.0,133886.0,128719.0,126574.0,130958.0,126410.0,137365.0,125986.1,125840.2,35.0,43.0,39.0,23.7,65.0,0.0,0.0,0.0,6.89,36.0,11.0,0.0,39.8,0.0,10.2,0.0,0.0,9.7
129324,122824.0,117057.0,118102.0,130237.0,128968.0,128663.0,129218.0,142280.0,126410.0,124405.9,125573.1,27.0,40.0,33.5,18.6,59.0,0.02,0.0,0.0,9.3,37.0,16.5,0.0,37.8,0.0,12.2,0.0,0.0,9.73
131120,129324.0,122824.0,117057.0,128863.0,129542.0,130838.0,128292.0,148015.0,142280.0,124275.4,125695.8,25.0,43.0,34.0,18.5,61.0,0.0,0.0,0.0,8.87,27.0,16.0,0.0,35.5,0.0,14.5,0.0,0.0,9.76
132003,131120.0,129324.0,122824.0,126268.0,130964.0,125533.0,121602.0,143862.0,148015.0,124597.9,125701.2,36.0,45.0,40.5,23.8,61.0,0.0,0.0,0.0,8.82,17.0,9.5,0.0,36.0,0.0,14.0,0.0,0.0,9.79
128305,132003.0,131120.0,129324.0,127490.0,132855.0,119140.0,113711.0,139314.0,143862.0,125417.1,125794.0,24.0,36.0,30.0,10.1,48.0,0.0,0.0,0.0,8.82,34.0,20.0,0.0,34.8,0.0,15.2,1.0,0.0,9.82
125923,128305.0,132003.0,131120.0,118102.0,125392.0,117017.0,123588.0,135154.0,139314.0,125533.6,125794.4,22.0,32.0,27.0,6.8,44.0,0.0,0.0,0.0,11.03,39.0,23.0,0.0,32.5,0.0,17.5,1.0,0.0,9.85
128382,125923.0,128305.0,132003.0,117057.0,121856.0,120616.0,122776.0,126400.0,135154.0,126650.9,125938.5,23.0,37.0,30.0,13.9,52.0,0.0,0.0,0.0,9.14,68.0,20.0,0.0,29.0,0.0,21.0,0.0,0.0,9.88
136576,128382.0,125923.0,128305.0,122824.0,133886.0,128719.0,126574.0,122177.0,126400.0,128268.7,126427.5,31.0,34.0,32.5,23.1,71.0,0.1,0.1,0.0,2.4,95.0,17.5,0.0,29.8,0.0,20.2,0.0,0.0,9.92
135932,136576.0,128382.0,125923.0,129324.0,130237.0,128968.0,128663.0,136627.0,122177.0,130233.3,126860.4,31.0,37.0,34.0,25.7,73.0,0.0,0.0,0.0,7.94,76.0,16.0,0.0,32.2,0.0,17.8,0.0,0.0,9.95
134036,135932.0,136576.0,128382.0,131120.0,128863.0,129542.0,130838.0,136552.0,136627.0,131177.3,127299.0,20.0,34.0,27.0,12.1,54.0,0.0,0.0,0.0,10.93,58.0,23.0,0.0,31.2,0.0,18.8,0.0,0.0,9.99
138145,134036.0,135932.0,136576.0,132003.0,126268.0,130964.0,125533.0,138459.0,136552.0,131593.9,127547.7,14.0,25.0,19.5,0.6,43.0,0.0,0.0,0.0,12.19,11.0,30.5,0.0,26.8,0.0,23.2,0.0,0.0,10.02
146437,138145.0,134036.0,135932.0,128305.0,127490.0,132855.0,119140.0,140924.0,138459.0,132471.3,127863.8,17.0,32.0,24.5,3.3,44.0,0.0,0.0,0.0,12.33,0.0,25.5,0.0,23.7,0.0,26.3,1.0,0.0,10.06
136292,146437.0,138145.0,134036.0,125923.0,118102.0,125392.0,117017.0,137659.0,140924.0,135061.6,128383.7,20.0,26.0,23.0,9.2,57.0,0.12,2.0,0.0,5.3,91.0,27.0,0.0,22.3,0.0,27.7,1.0,0.0,10.09
135216,136292.0,146437.0,138145.0,128382.0,117057.0,121856.0,120616.0,125498.0,137659.0,136542.9,128742.4,22.0,34.0,28.0,25.1,86.0,1.85,14.8,5.1,1.66,100.0,22.0,0.0,25.2,0.0,24.8,0.0,0.0,10.13
140057,135216.0,136292.0,146437.0,136576.0,122824.0,133886.0,128719.0,122930.0,125498.0,137519.1,129278.2,30.0,33.0,31.5,27.0,82.0,0.13,0.4,14.2,3.06,100.0,18.5,0.0,27.5,0.0,22.5,0.0,0.0,10.17
137952,140057.0,135216.0,136292.0,135932.0,129324.0,130237.0,128968.0,133021.0,122930.0,138016.4,130046.2,29.0,37.0,33.0,23.6,74.0,0.01,0.2,13.0,6.5,88.0,17.0,0.0,30.8,0.0,19.2,0.0,0.0,10.2
138779,137952.0,140057.0,135216.0,134036.0,131120.0,128863.0,129542.0,132023.0,133021.0,138305.0,130624.1,31.0,43.0,37.0,22.8,72.0,0.0,0.0,11.0,13.02,14.0,13.0,0.0,33.8,0.0,16.2,0.0,0.0,10.24
135223,138779.0,137952.0,140057.0,138145.0,132003.0,126268.0,130964.0,133837.0,132023.0,138982.6,130959.4,37.0,47.0,42.0,29.7,82.0,0.07,0.0,9.1,10.05,62.0,8.0,0.0,37.3,0.0,12.7,0.0,0.0,10.28
130750,135223.0,138779.0,137952.0,146437.0,128305.0,127490.0,132855.0,136492.0,133837.0,138565.1,131167.9,34.0,44.0,39.0,22.0,69.0,0.0,0.0,7.1,12.97,21.0,11.0,0.0,39.3,0.0,10.7,1.0,0.0,10.32
122034,130750.0,135223.0,138779.0,136292.0,125923.0,118102.0,125392.0,135744.0,136492.0,136324.1,131208.2,24.0,40.0,32.0,24.9,85.0,0.39,4.5,5.9,3.03,83.0,18.0,0.0,37.7,0.0,12.3,1.0,0.0,10.36
125601,122034.0,130750.0,135223.0,135216.0,128382.0,117057.0,121856.0,127588.0,135744.0,134287.3,130910.5,17.0,29.0,23.0,9.9,67.0,0.0,0.0,9.8,13.87,10.0,27.0,0.0,31.3,0.0,18.7,0.0,0.0,10.4
141172,125601.0,122034.0,130750.0,140057.0,136576.0,122824.0,133886.0,124149.0,127588.0,132913.7,130668.7,27.0,33.0,30.0,20.4,84.0,0.0,0.0,9.1,4.59,82.0,20.0,0.0,28.3,0.0,21.7,0.0,0.0,10.44
140180,141172.0,125601.0,122034.0,137952.0,135932.0,129324.0,130237.0,135691.0,124149.0,133073.0,131194.7,26.0,35.0,30.5,16.3,71.0,0.01,0.0,9.1,13.3,60.0,19.5,0.0,27.8,0.0,22.2,0.0,0.0,10.48
138469,140180.0,141172.0,125601.0,138779.0,134036.0,131120.0,128863.0,133740.0,135691.0,133391.3,131805.5,26.0,33.0,29.5,20.4,77.0,0.1,1.3,9.1,12.74,96.0,20.5,0.0,30.0,0.0,20.0,0.0,0.0,10.52
139773,138469.0,140180.0,141172.0,135223.0,138145.0,132003.0,126268.0,133541.0,133740.0,133347.0,131958.3,20.0,30.0,25.0,11.4,68.0,0.0,0.0,7.9,11.44,70.0,25.0,0.0,28.3,0.0,21.7,0.0,0.0,10.56
140363,139773.0,138469.0,140180.0,130750.0,146437.0,128305.0,127490.0,136077.0,133541.0,133997.0,132276.2,25.0,30.0,27.5,14.4,68.0,0.0,0.0,7.9,7.24,98.0,22.5,0.0,27.3,0.0,22.7,1.0,0.0,10.61
132183,140363.0,139773.0,138469.0,122034.0,136292.0,125923.0,118102.0,139289.0,136077.0,135370.3,132659.5,27.0,38.0,32.5,25.0,79.0,0.0,0.0,7.9,7.07,99.0,17.5,0.0,28.3,0.0,21.7,1.0,0.0,10.65
126416,132183.0,140363.0,139773.0,125601.0,135216.0,128382.0,117057.0,134595.0,139289.0,136820.1,132856.7,31.0,36.0,33.5,25.7,82.0,0.02,0.0,7.1,3.73,100.0,16.5,0.0,31.2,0.0,18.8,0.0,1.0,10.69
130360,126416.0,132183.0,140363.0,141172.0,140057.0,136576.0,122824.0,126028.0,134595.0,136936.6,132820.9,34.0,51.0,42.5,35.3,83.0,0.82,0.0,5.9,11.43,59.0,7.5,0.0,36.2,0.0,13.8,0.0,0.0,10.73
129738,130360.0,126416.0,132183.0,140180.0,137952.0,135932.0,129324.0,125814.0,126028.0,135392.0,133229.5,22.0,34.0,28.0,12.6,59.0,0.0,0.0,3.1,13.96,48.0,22.0,0.0,34.7,0.0,15.3,0.0,0.0,10.77
135983,129738.0,130360.0,126416.0,138469.0,138779.0,134036.0,131120.0,134632.0,125814.0,133900.3,133652.2,24.0,30.0,27.0,18.3,74.0,0.45,3.2,2.0,2.96,99.0,23.0,0.0,32.5,0.0,17.5,0.0,0.0,10.81
140048,135983.0,129738.0,130360.0,139773.0,135223.0,138145.0,132003.0,131988.0,134632.0,133545.1,134090.8,28.0,33.0,30.5,26.1,89.0,0.14,1.2,5.1,3.72,100.0,19.5,0.0,28.5,0.0,21.5,0.0,0.0,10.86
138927,140048.0,135983.0,129738.0,140363.0,130750.0,146437.0,128305.0,138646.0,131988.0,133584.4,134448.3,26.0,35.0,30.5,19.9,72.0,0.0,0.0,5.9,10.56,51.0,19.5,0.0,29.3,0.0,20.7,1.0,0.0,10.9
128536,138927.0,140048.0,135983.0,132183.0,122034.0,136292.0,125923.0,141414.0,138646.0,133379.3,134708.5,24.0,37.0,30.5,14.9,68.0,0.0,0.0,5.1,16.51,16.0,19.5,0.0,30.5,0.0,19.5,1.0,0.0,10.94
126574,128536.0,138927.0,140048.0,126416.0,125601.0,135216.0,128382.0,125920.0,141414.0,132858.3,134592.9,32.0,39.0,35.5,26.3,85.0,0.52,0.4,3.1,3.62,91.0,14.5,0.0,32.2,0.0,17.8,0.0,0.0,10.99
136545,126574.0,128536.0,138927.0,130360.0,141172.0,140057.0,136576.0,119214.0,125920.0,132880.9,134535.2,36.0,45.0,40.5,29.8,76.0,0.01,0.0,3.1,7.6,66.0,9.5,0.0,35.5,0.0,14.5,0.0,0.0,11.03
131994,136545.0,126574.0,128536.0,129738.0,140180.0,137952.0,135932.0,129724.0,119214.0,133764.4,134889.3,39.0,54.0,46.5,31.7,70.0,0.0,0.0,2.0,15.55,36.0,3.5,0.0,40.8,0.0,9.2,0.0,0.0,11.08
126791,131994.0,136545.0,126574.0,135983.0,138469.0,138779.0,134036.0,130168.0,129724.0,134086.7,135009.7,40.0,50.0,45.0,25.7,54.0,0.0,0.0,0.0,16.74,12.0,5.0,0.0,44.0,0.0,6.0,0.0,0.0,11.12
125507,126791.0,131994.0,136545.0,140048.0,139773.0,135223.0,138145.0,131364.0,130168.0,132773.6,134683.5,33.0,45.0,39.0,22.8,63.0,0.0,0.0,0.0,16.35,69.0,11.0,0.0,43.5,0.0,6.5,0.0,0.0,11.16
126063,125507.0,126791.0,131994.0,138927.0,140363.0,130750.0,146437.0,133929.0,131364.0,130696.3,134336.0,38.0,50.0,44.0,39.3,87.0,0.39,0.0,0.0,4.34,76.0,6.0,0.0,42.7,0.0,7.3,1.0,0.0,11.21
118029,126063.0,125507.0,126791.0,128536.0,132183.0,122034.0,136292.0,138016.0,133929.0,128858.6,134070.3,41.0,45.0,43.0,34.8,82.0,0.22,0.0,0.0,4.37,99.0,7.0,0.0,42.0,0.0,8.0,1.0,0.0,11.25
116302,118029.0,126063.0,125507.0,126574.0,126416.0,125601.0,135216.0,129490.0,138016.0,127357.6,133399.7,31.0,49.0,40.0,34.8,79.0,0.16,0.0,0.0,4.91,82.0,10.0,0.0,42.3,0.0,7.7,0.0,0.0,11.3
127058,116302.0,118029.0,126063.0,136545.0,130360.0,141172.0,140057.0,126062.0,129490.0,125890.1,132395.2,21.0,33.0,27.0,6.2,43.0,0.0,0.0,0.0,18.03,8.0,23.0,0.0,36.7,0.0,13.3,0.0,0.0,11.34
135634,127058.0,116302.0,118029.0,131994.0,129738.0,140180.0,137952.0,131611.0,126062.0,124534.9,132087.4,32.0,52.0,42.0,20.9,52.0,0.0,0.0,0.0,17.43,10.0,8.0,0.0,36.3,0.0,13.7,0.0,0.0,11.39
128236,135634.0,127058.0,116302.0,126791.0,135983.0,138469.0,138779.0,128988.0,131611.0,125054.9,132101.4,27.0,45.0,36.0,20.9,57.0,0.0,0.0,0.0,12.43,40.0,14.0,0.0,35.0,0.0,15.0,0.0,0.0,11.43
128077,128236.0,135634.0,127058.0,125507.0,140048.0,139773.0,135223.0,128251.0,128988.0,125261.3,131707.3,23.0,37.0,30.0,7.4,42.0,0.0,0.0,0.0,18.71,3.0,20.0,0.0,36.0,0.0,14.0,0.0,0.0,11.48
133762,128077.0,128236.0,135634.0,126063.0,138927.0,140363.0,130750.0,129517.0,128251.0,125628.4,131378.2,29.0,34.0,31.5,13.8,53.0,0.0,0.0,0.0,12.18,61.0,18.5,0.0,32.5,0.0,17.5,1.0,0.0,11.52
124363,133762.0,128077.0,128236.0,118029.0,128536.0,132183.0,122034.0,132096.0,129517.0,126728.3,131210.9,29.0,41.0,35.0,15.3,54.0,0.0,0.0,0.0,16.94,12.0,15.0,0.0,32.2,0.0,17.8,1.0,0.0,11.57
121035,124363.0,133762.0,128077.0,116302.0,126574.0,126416.0,125601.0,122125.0,132096.0,127633.1,130848.9,26.0,43.0,34.5,14.3,51.0,0.0,0.0,0.0,19.12,10.0,15.5,0.0,33.7,0.0,16.3,0.0,0.0,11.61
130321,121035.0,124363.0,133762.0,127058.0,136545.0,130360.0,141172.0,113235.0,122125.0,128309.3,130525.1,42.0,64.0,53.0,27.9,50.0,0.0,0.0,0.0,18.37,22.0,0.0,0.0,40.8,0.0,10.2,0.0,0.0,11.66
122402,130321.0,121035.0,124363.0,135634.0,131994.0,129738.0,140180.0,126959.0,113235.0,128775.4,130801.3,41.0,54.0,47.5,33.1,76.0,0.0,0.0,0.0,18.67,13.0,2.5,0.0,45.0,0.0,6.0,0.0,0.0,11.7
120607,122402.0,130321.0,121035.0,128236.0,126791.0,135983.0,138469.0,125748.0,126959.0,126885.1,130694.7,44.0,71.0,57.5,41.2,71.0,0.0,0.0,0.0,17.79,55.0,0.0,0.0,52.7,0.0,0.8,0.0,0.0,11.75
118569,120607.0,122402.0,130321.0,128077.0,125507.0,140048.0,139773.0,124617.0,125748.0,125795.3,130009.2,52.0,68.0,60.0,37.2,52.0,0.0,0.0,0.0,17.74,48.0,0.0,0.0,55.0,0.0,0.8,0.0,0.0,11.79
115813,118569.0,120607.0,122402.0,133762.0,126063.0,138927.0,140363.0,128016.0,124617.0,124437.0,129288.8,33.0,52.0,42.5,16.4,39.0,0.0,0.0,0.0,19.92,0.0,7.5,0.0,53.3,0.0,2.5,1.0,0.0,11.84
110810,115813.0,118569.0,120607.0,124363.0,118029.0,128536.0,132183.0,126067.0,128016.0,121872.9,128533.6,31.0,54.0,42.5,17.9,40.0,0.0,0.0,0.0,16.88,17.0,7.5,0.0,48.3,0.0,5.0,1.0,0.0,11.88
106228,110810.0,115813.0,118569.0,121035.0,116302.0,126574.0,126416.0,114037.0,126067.0,119936.7,127568.2,24.0,39.0,31.5,4.0,34.0,0.0,0.0,0.0,20.69,23.0,18.5,0.0,38.8,0.0,11.2,0.0,0.0,11.93
130016,106228.0,110810.0,115813.0,130321.0,127058.0,136545.0,130360.0,112339.0,114037.0,117821.4,126430.4,29.0,37.0,33.0,16.1,55.0,0.0,0.0,0.0,9.0,92.0,17.0,0.0,35.7,0.0,14.3,0.0,0.0,11.98
132268,130016.0,106228.0,110810.0,122402.0,135634.0,131994.0,129738.0,125963.0,112339.0,117777.9,126358.1,34.0,47.0,40.5,33.3,79.0,0.0,0.0,0.0,10.07,99.0,9.5,0.0,35.0,0.0,15.0,0.0,0.0,12.02
127813,132268.0,130016.0,106228.0,120607.0,128236.0,126791.0,135983.0,123622.0,125963.0,119187.3,126553.2,41.0,47.0,44.0,41.0,94.0,0.6,0.0,0.0,2.22,100.0,6.0,0.0,39.2,0.0,10.8,0.0,0.0,12.07
125791,127813.0,132268.0,130016.0,118569.0,128077.0,125507.0,140048.0,120106.0,123622.0,120216.7,126468.3,31.0,43.0,37.0,14.4,45.0,0.07,0.0,0.0,20.23,52.0,13.0,0.0,40.5,0.0,9.5,0.0,0.0,12.11
126141,125791.0,127813.0,132268.0,115813.0,133762.0,126063.0,138927.0,121029.0,120106.0,121248.4,126336.7,33.0,59.0,46.0,23.8,56.0,0.0,0.0,0.0,21.28,0.0,4.0,0.0,42.3,0.0,7.7,1.0,0.0,12.16
114326,126141.0,125791.0,127813.0,110810.0,124363.0,118029.0,128536.0,117898.0,121029.0,122723.9,126008.7,42.0,63.0,52.5,30.1,63.0,0.0,0.0,0.0,21.51,2.0,0.0,0.0,45.2,0.0,5.7,1.0,0.0,12.21
108863,114326.0,126141.0,125791.0,106228.0,121035.0,116302.0,126574.0,108006.0,117898.0,123226.1,125151.3,42.0,62.0,52.0,34.1,73.0,0.0,0.0,0.0,21.49,0.0,0.0,0.0,50.2,0.0,1.3,0.0,0.0,12.25
118163,108863.0,114326.0,126141.0,130016.0,130321.0,127058.0,136545.0,110110.0,108006.0,123602.6,124149.1,43.0,66.0,54.5,41.5,83.0,0.0,0.0,0.0,20.47,51.0,0.0,0.0,53.0,0.0,0.0,0.0,0.0,12.3
117592,118163.0,108863.0,114326.0,132268.0,122402.0,135634.0,131994.0,122419.0,110110.0,121909.3,123803.4,47.0,56.0,51.5,46.4,92.0,1.27,0.0,0.0,5.43,90.0,0.0,0.0,52.7,0.0,0.0,0.0,0.0,12.34
119037,117592.0,118163.0,108863.0,127813.0,120607.0,128236.0,126791.0,115575.0,122419.0,119812.7,123504.0,49.0,68.0,58.5,52.0,93.0,0.01,0.0,0.0,16.21,99.0,0.0,0.0,54.8,0.0,0.0,0.0,0.0,12.39
117259,119037.0,117592.0,118163.0,125791.0,118569.0,128077.0,125507.0,116769.0,115575.0,118559.0,122920.4,52.0,82.0,67.0,51.4,74.0,0.19,0.0,0.0,14.31,50.0,0.0,2.0,59.0,0.7,0.0,0.0,0.0,12.43
116519,117259.0,119037.0,117592.0,126141.0,115813.0,133762.0,126063.0,112983.0,116769.0,117340.1,122429.2,50.0,69.0,59.5,41.3,64.0,0.0,0.0,0.0,17.68,44.0,0.0,0.0,61.7,0.7,0.0,1.0,0.0,12.48
104347,116519.0,117259.0,119037.0,114326.0,110810.0,124363.0,118029.0,109059.0,112983.0,115965.6,122086.8,48.0,60.0,54.0,50.5,89.0,0.76,0.0,0.0,3.57,84.0,0.0,0.0,60.2,0.7,0.0,1.0,0.0,12.52
105956,104347.0,116519.0,117259.0,108863.0,106228.0,121035.0,116302.0,106277.0,109059.0,114540.0,121381.5,45.0,55.0,50.0,27.8,49.0,0.0,0.0,0.0,21.22,33.0,0.0,0.0,54.5,0.0,0.0,0.0,0.0,12.57
114360,105956.0,104347.0,116519.0,118163.0,130016.0,130321.0,127058.0,106911.0,106277.0,114124.7,120711.2,42.0,61.0,51.5,34.6,68.0,0.0,0.0,0.0,22.77,17.0,0.0,0.0,51.8,0.0,0.0,0.0,0.0,12.61
114118,114360.0,105956.0,104347.0,117592.0,132268.0,122402.0,135634.0,111212.0,106911.0,113581.4,120588.9,50.0,67.0,58.5,48.9,85.0,0.35,0.0,0.0,9.6,99.0,0.0,0.0,53.3,0.0,0.0,0.0,0.0,12.66
114786,114118.0,114360.0,105956.0,119037.0,127813.0,120607.0,128236.0,111690.0,111212.0,113085.1,120516.1,38.0,58.0,48.0,34.1,68.0,0.03,0.0,0.0,11.08,65.0,2.0,0.0,52.7,0.0,0.7,0.0,0.0,12.7
116292,114786.0,114118.0,114360.0,117259.0,125791.0,118569.0,128077.0,109617.0,111690.0,112477.9,120107.1,28.0,39.0,33.5,13.7,44.0,0.0,0.0,0.0,15.26,43.0,16.5,0.0,46.7,0.0,6.2,0.0,0.0,12.75
120447,116292.0,114786.0,114118.0,116519.0,126141.0,115813.0,133762.0,109109.0,109617.0,112339.7,119462.3,32.0,53.0,42.5,18.4,44.0,0.0,0.0,0.0,24.13,11.0,7.5,0.0,41.3,0.0,8.7,1.0,0.0,12.79
111331,120447.0,116292.0,114786.0,104347.0,114326.0,110810.0,124363.0,109396.0,109109.0,112900.9,119202.7,45.0,65.0,55.0,30.7,50.0,0.0,0.0,0.0,19.54,54.0,0.0,0.0,43.7,0.0,8.0,1.0,0.0,12.84
104967,111331.0,120447.0,116292.0,105956.0,108863.0,106228.0,121035.0,103204.0,109396.0,113898.6,118644.5,48.0,68.0,58.0,29.4,42.0,0.0,0.0,0.0,24.04,5.0,0.0,0.0,51.8,0.0,2.5,0.0,0.0,12.88
114036,104967.0,111331.0,120447.0,114360.0,118163.0,130016.0,130321.0,101605.0,103204.0,113757.3,117684.7,47.0,70.0,58.5,28.9,43.0,0.0,0.0,0.0,24.55,6.0,0.0,0.0,57.2,0.0,0.0,0.0,0.0,12.92
113346,114036.0,104967.0,111331.0,114118.0,117592.0,132268.0,122402.0,105411.0,101605.0,113711.0,117340.4,51.0,72.0,61.5,38.2,56.0,0.0,0.0,0.0,20.92,49.0,0.0,0.0,59.3,0.0,0.0,0.0,0.0,12.97
113367,113346.0,114036.0,104967.0,114786.0,119037.0,127813.0,120607.0,104373.0,105411.0,113600.7,117084.1,49.0,70.0,59.5,42.6,69.0,0.0,0.0,0.0,23.45,5.0,0.0,0.0,59.8,0.0,0.0,0.0,0.0,13.01
113231,113367.0,113346.0,114036.0,116292.0,117259.0,125791.0,118569.0,105413.0,104373.0,113398.0,116519.0,49.0,59.0,54.0,44.5,87.0,0.01,0.0,0.0,12.21,71.0,0.0,0.0,58.3,0.0,0.0,0.0,0.0,13.06
113740,113231.0,113367.0,113346.0,120447.0,116519.0,126141.0,115813.0,106910.0,105413.0,112960.7,116213.3,51.0,70.0,60.5,50.1,87.0,0.01,0.0,0.0,16.39,97.0,0.0,0.0,58.0,0.0,0.0,1.0,0.0,13.1
105504,113740.0,113231.0,113367.0,111331.0,104347.0,114326.0,110810.0,108499.0,106910.0,112002.6,115984.4,47.0,57.0,52.0,52.6,97.0,0.42,0.0,0.0,4.14,100.0,0.0,0.0,55.5,0.0,0.0,1.0,0.0,13.15
105602,105504.0,113740.0,113231.0,104967.0,105956.0,108863.0,106228.0,103586.0,108499.0,111170.1,115548.9,45.0,51.0,48.0,42.5,87.0,0.49,0.0,0.0,4.24,100.0,2.0,0.0,53.5,0.0,0.7,0.0,0.0,13.19
117678,105602.0,105504.0,113740.0,114036.0,114360.0,118163.0,130016.0,100836.0,103586.0,111260.9,115208.5,44.0,65.0,54.5,41.8,71.0,0.06,0.0,0.0,20.55,61.0,0.0,0.0,51.5,0.0,0.7,0.0,0.0,13.23
115146,117678.0,105602.0,105504.0,113346.0,114118.0,117592.0,132268.0,108641.0,100836.0,111781.1,115437.5,48.0,72.0,60.0,47.0,77.0,0.0,0.0,0.0,17.22,61.0,0.0,0.0,54.2,0.0,0.7,0.0,0.0,13.28
114547,115146.0,117678.0,105602.0,113367.0,114786.0,119037.0,127813.0,105963.0,108641.0,112038.3,115734.7,45.0,58.0,51.5,50.2,94.0,0.83,0.0,0.0,4.22,96.0,0.0,0.0,55.3,0.0,0.0,0.0,0.0,13.32
116273,114547.0,115146.0,117678.0,113231.0,116292.0,117259.0,125791.0,106648.0,105963.0,112206.9,115219.1,41.0,53.0,47.0,37.0,74.0,0.04,0.0,0.0,17.77,57.0,3.0,0.0,52.8,0.0,1.0,0.0,0.0,13.36
115586,116273.0,114547.0,115146.0,113740.0,120447.0,116519.0,126141.0,107893.0,106648.0,112641.4,114685.9,43.0,56.0,49.5,37.6,71.0,0.0,0.0,0.0,12.41,89.0,0.5,0.0,49.3,0.0,1.2,1.0,0.0,13.41
106596,115586.0,116273.0,114547.0,105504.0,111331.0,104347.0,114326.0,109478.0,107893.0,112905.1,114278.4,49.0,64.0,56.5,39.6,67.0,0.0,0.0,0.0,16.05,57.0,0.0,0.0,51.0,0.0,1.2,1.0,0.0,13.45
103432,106596.0,115586.0,116273.0,105602.0,104967.0,105956.0,108863.0,106391.0,109478.0,113061.1,113638.5,52.0,65.0,58.5,43.0,73.0,0.0,0.0,0.0,18.46,41.0,0.0,0.0,54.8,0.0,0.2,0.0,0.0,13.49
113034,103432.0,106596.0,115586.0,117678.0,114036.0,114360.0,118163.0,102400.0,106391.0,112751.1,112881.6,53.0,76.0,64.5,43.6,63.0,0.0,0.0,0.0,23.82,26.0,0.0,0.0,59.8,0.0,0.0,0.0,0.0,13.53
113496,113034.0,103432.0,106596.0,115146.0,113346.0,114118.0,117592.0,106144.0,102400.0,112087.7,112838.5,39.0,68.0,53.5,40.1,62.0,0.11,0.0,0.0,17.85,48.0,0.0,0.0,58.8,0.0,0.0,0.0,0.0,13.57
113972,113496.0,113034.0,103432.0,114547.0,113367.0,114786.0,119037.0,107374.0,106144.0,111852.0,112992.9,36.0,48.0,42.0,20.6,45.0,0.0,0.0,0.0,17.51,49.0,8.0,0.0,53.3,0.0,2.7,0.0,0.0,13.61
117557,113972.0,113496.0,113034.0,116273.0,113231.0,116292.0,117259.0,109181.0,107374.0,111769.9,112853.2,39.0,64.0,51.5,26.9,45.0,0.0,0.0,0.0,26.23,17.0,0.0,0.0,49.0,0.0,2.7,0.0,0.0,13.66
114808,117557.0,113972.0,113496.0,115586.0,113740.0,120447.0,116519.0,109799.0,109181.0,111953.3,112852.1,52.0,72.0,62.0,35.7,48.0,0.0,0.0,0.0,24.58,54.0,0.0,0.0,51.8,0.0,2.7,1.0,0.0,13.7
103866,114808.0,117557.0,113972.0,106596.0,105504.0,111331.0,104347.0,110868.0,109799.0,111842.1,112711.1,49.0,63.0,56.0,44.5,72.0,0.59,0.0,0.0,10.41,81.0,0.0,0.0,56.5,0.0,0.0,1.0,0.0,13.74
103336,103866.0,114808.0,117557.0,103432.0,105602.0,104967.0,105956.0,101933.0,110868.0,111452.1,112264.7,41.0,60.0,50.5,28.0,47.0,0.0,0.0,0.0,27.48,11.0,0.0,0.0,56.2,0.0,0.0,0.0,0.0,13.78
113175,103336.0,103866.0,114808.0,113034.0,117678.0,114036.0,114360.0,104175.0,101933.0,111438.4,111825.2,46.0,64.0,55.0,32.5,52.0,0.0,0.0,0.0,23.16,55.0,0.0,0.0,53.8,0.0,0.0,0.0,0.0,13.82
113664,113175.0,103336.0,103866.0,113496.0,115146.0,113346.0,114118.0,110360.0,104175.0,111458.6,112119.5,52.0,85.0,68.5,52.5,73.0,0.05,0.0,0.0,21.5,88.0,0.0,3.5,58.0,1.2,0.0,0.0,0.0,13.86
116211,113664.0,113175.0,103336.0,113972.0,114547.0,113367.0,114786.0,106833.0,110360.0,111482.6,112376.4,59.0,75.0,67.0,59.2,83.0,0.02,0.0,0.0,8.83,98.0,0.0,2.0,63.5,1.8,0.0,0.0,0.0,13.9
119535,116211.0,113664.0,113175.0,117557.0,116273.0,113231.0,116292.0,108896.0,106833.0,111802.4,112438.1,46.0,71.0,58.5,43.6,56.0,0.03,0.0,0.0,21.83,43.0,0.0,0.0,64.7,1.8,0.0,0.0,0.0,13.94
115848,119535.0,116211.0,113664.0,114808.0,115586.0,113740.0,120447.0,109556.0,108896.0,112085.0,112618.7,42.0,65.0,53.5,31.3,48.0,0.0,0.0,0.0,27.73,35.0,0.0,0.0,59.7,0.7,0.0,1.0,0.0,13.98
103765,115848.0,119535.0,116211.0,103866.0,106596.0,105504.0,111331.0,107240.0,109556.0,112233.6,112654.1,56.0,82.0,69.0,44.2,48.0,0.0,0.0,0.0,21.77,73.0,0.0,4.0,60.3,1.3,0.0,1.0,0.0,14.02
104744,103765.0,115848.0,119535.0,103336.0,103432.0,105602.0,104967.0,101092.0,107240.0,112219.1,112236.5,52.0,66.0,59.0,50.0,78.0,0.58,0.0,0.0,7.15,98.0,0.0,0.0,60.5,1.3,0.0,0.0,0.0,14.05
116045,104744.0,103765.0,115848.0,113175.0,113034.0,117678.0,114036.0,101934.0,101092.0,112420.3,111713.1,52.0,73.0,62.5,54.6,87.0,0.23,0.0,0.0,15.22,96.0,0.0,0.0,63.5,1.3,0.0,0.0,0.0,14.09
115824,116045.0,104744.0,103765.0,113664.0,113496.0,115146.0,113346.0,106922.0,101934.0,112830.3,111870.2,52.0,62.0,57.0,52.2,92.0,0.31,0.0,0.0,6.15,94.0,0.0,0.0,59.5,0.0,0.0,0.0,0.0,14.13
115496,115824.0,116045.0,104744.0,116211.0,113972.0,114547.0,113367.0,104493.0,106922.0,113138.9,112232.1,50.0,66.0,58.0,38.8,56.0,0.0,0.0,0.0,26.57,41.0,0.0,0.0,59.2,0.0,0.0,0.0,0.0,14.16
112628,115496.0,115824.0,116045.0,119535.0,117557.0,116273.0,113231.0,106901.0,104493.0,113036.7,112280.8,49.0,66.0,57.5,39.0,58.0,0.0,0.0,0.0,23.22,83.0,0.0,0.0,57.5,0.0,0.0,0.0,0.0,14.2
111869,112628.0,115496.0,115824.0,115848.0,114808.0,115586.0,113740.0,105000.0,106901.0,112050.0,112256.9,48.0,55.0,51.5,43.1,78.0,0.05,0.0,0.0,12.25,80.0,0.0,0.0,55.7,0.0,0.0,1.0,0.0,14.24
104435,111869.0,112628.0,115496.0,103765.0,103866.0,106596.0,105504.0,107045.0,105000.0,111481.6,112206.9,46.0,65.0,55.5,41.5,73.0,0.47,0.0,0.0,18.15,67.0,0.0,0.0,54.8,0.0,0.0,1.0,0.0,14.27
101730,104435.0,111869.0,112628.0,104744.0,103336.0,103432.0,105602.0,105448.0,107045.0,111577.3,111913.7,47.0,60.0,53.5,44.1,75.0,0.03,0.0,0.0,12.51,86.0,0.0,0.0,53.5,0.0,0.0,0.0,0.0,14.3
113642,101730.0,104435.0,111869.0,116045.0,113175.0,113034.0,117678.0,101273.0,105448.0,111146.7,111513.4,49.0,67.0,58.0,37.3,56.0,0.0,0.0,0.0,20.95,64.0,0.0,0.0,55.7,0.0,0.0,0.0,0.0,14.34
112533,113642.0,101730.0,104435.0,115824.0,113664.0,113496.0,115146.0,106548.0,101273.0,110803.4,111784.7,46.0,68.0,57.0,36.3,53.0,0.0,0.0,0.0,27.86,15.0,0.0,0.0,56.2,0.0,0.0,0.0,0.0,14.37
112466,112533.0,113642.0,101730.0,115496.0,116211.0,113972.0,114547.0,106020.0,106548.0,110333.3,112015.7,50.0,72.0,61.0,36.7,49.0,0.0,0.0,0.0,26.41,11.0,0.0,0.0,58.7,0.0,0.0,0.0,0.0,14.41
112234,112466.0,112533.0,113642.0,112628.0,119535.0,117557.0,116273.0,105496.0,106020.0,109900.4,111842.0,52.0,76.0,64.0,40.1,52.0,0.0,0.0,0.0,26.69,17.0,0.0,0.0,60.7,0.0,0.0,0.0,0.0,14.44
114713,112234.0,112466.0,112533.0,111869.0,115848.0,114808.0,115586.0,104813.0,105496.0,109844.1,111744.9,55.0,79.0,67.0,42.9,53.0,0.0,0.0,0.0,25.86,28.0,0.0,2.0,64.0,0.7,0.0,1.0,0.0,14.47
106969,114713.0,112234.0,112466.0,104435.0,103765.0,103866.0,106596.0,112782.0,104813.0,110250.4,111750.4,59.0,75.0,67.0,44.8,55.0,0.01,0.0,0.0,21.23,81.0,0.0,2.0,66.0,1.3,0.0,1.0,0.0,14.5
106379,106969.0,114713.0,112234.0,101730.0,104744.0,103336.0,103432.0,109350.0,112782.0,110612.4,111440.3,56.0,78.0,67.0,46.9,60.0,0.0,0.0,0.0,25.62,21.0,0.0,2.0,67.0,2.0,0.0,0.0,0.0,14.53
119562,106379.0,106969.0,114713.0,113642.0,116045.0,113175.0,113034.0,101478.0,109350.0,111276.6,111133.4,60.0,82.0,71.0,46.4,50.0,0.0,0.0,0.0,24.8,26.0,0.0,6.0,68.3,3.3,0.0,0.0,0.0,14.56
125449,119562.0,106379.0,106969.0,112533.0,115824.0,113664.0,113496.0,106351.0,101478.0,112122.3,111565.6,65.0,86.0,75.5,50.2,53.0,0.0,0.0,0.0,28.56,11.0,0.0,10.5,71.2,6.2,0.0,0.0,0.0,14.59
135636,125449.0,119562.0,106379.0,112466.0,115496.0,116211.0,113972.0,104990.0,106351.0,113967.4,112299.5,59.0,76.0,67.5,47.1,60.0,0.0,0.0,0.0,28.03,58.0,0.0,2.5,71.3,6.3,0.0,0.0,0.0,14.62
127285,135636.0,125449.0,119562.0,112234.0,112628.0,119535.0,117557.0,104160.0,104990.0,117277.4,113052.9,58.0,79.0,68.5,50.4,64.0,0.0,0.0,0.0,27.95,33.0,0.0,3.5,70.5,5.5,0.0,0.0,0.0,14.65
125978,127285.0,135636.0,125449.0,114713.0,111869.0,115848.0,114808.0,104754.0,104160.0,119427.6,113512.5,65.0,89.0,77.0,56.4,53.0,0.0,0.0,0.0,19.43,82.0,0.0,12.0,71.0,6.0,0.0,1.0,0.0,14.68
131007,125978.0,127285.0,135636.0,106969.0,104435.0,103765.0,103866.0,109076.0,104754.0,121036.9,113912.7,68.0,88.0,78.0,60.8,58.0,0.0,0.0,0.0,22.07,69.0,0.0,13.0,74.5,9.5,0.0,1.0,0.0,14.71
143933,131007.0,125978.0,127285.0,106379.0,101730.0,104744.0,103336.0,105665.0,109076.0,124470.9,114361.1,59.0,68.0,63.5,45.1,56.0,0.0,0.0,0.0,18.94,73.0,0.0,0.0,72.8,8.3,0.0,0.0,0.0,14.73
128641,143933.0,131007.0,125978.0,119562.0,113642.0,116045.0,113175.0,98759.0,105665.0,129835.7,115331.9,58.0,73.0,65.5,50.9,64.0,0.0,0.0,0.0,24.41,73.0,0.0,0.5,69.0,4.5,0.0,0.0,0.0,14.76
124219,128641.0,143933.0,131007.0,125449.0,112533.0,115824.0,113664.0,102478.0,98759.0,131132.7,116157.7,65.0,86.0,75.5,63.9,73.0,0.07,0.0,0.0,23.4,52.0,0.0,10.5,68.2,3.7,0.0,0.0,0.0,14.78
143580,124219.0,128641.0,143933.0,135636.0,112466.0,115496.0,116211.0,111744.0,102478.0,130957.0,116853.8,65.0,81.0,73.0,55.7,60.0,0.02,0.0,0.0,29.29,38.0,0.0,8.0,71.3,6.3,0.0,0.0,0.0,14.81
144678,143580.0,124219.0,128641.0,127285.0,112234.0,112628.0,119535.0,114887.0,111744.0,132091.9,117867.3,49.0,69.0,59.0,45.4,63.0,1.22,0.0,0.0,13.99,81.0,0.0,0.0,69.2,6.2,0.0,0.0,0.0,14.83
121714,144678.0,143580.0,124219.0,125978.0,114713.0,111869.0,115848.0,119979.0,114887.0,134576.6,118901.1,47.0,51.0,49.0,45.5,85.0,0.46,0.0,0.0,5.71,100.0,1.0,0.0,60.3,2.7,0.3,1.0,0.0,14.85
105407,121714.0,144678.0,143580.0,131007.0,106969.0,104435.0,103765.0,127358.0,119979.0,133967.4,119084.6,47.0,51.0,49.0,46.8,89.0,0.89,0.0,0.0,4.65,100.0,1.0,0.0,52.3,0.0,0.7,1.0,0.0,14.87
104357,105407.0,121714.0,144678.0,143933.0,106379.0,101730.0,104744.0,120443.0,127358.0,130310.3,118613.6,49.0,70.0,59.5,48.2,73.0,0.02,0.0,0.0,15.04,83.0,0.0,0.0,52.5,0.0,0.7,0.0,1.0,14.89
104281,104357.0,105407.0,121714.0,128641.0,119562.0,113642.0,116045.0,105733.0,120443.0,124656.6,118230.6,57.0,76.0,66.5,52.5,72.0,0.0,0.0,0.0,20.8,88.0,0.0,1.5,58.3,0.5,0.3,0.0,0.0,14.91
118089,104281.0,104357.0,105407.0,124219.0,125449.0,112533.0,115824.0,108395.0,105733.0,121176.6,118247.8,62.0,75.0,68.5,56.2,77.0,0.0,0.0,0.0,19.52,94.0,0.0,3.5,64.8,1.7,0.0,0.0,0.0,14.93
122150,118089.0,104281.0,104357.0,143580.0,135636.0,112466.0,115496.0,111306.0,108395.0,120300.9,118692.6,60.0,74.0,67.0,61.5,91.0,0.38,0.0,0.0,12.66,98.0,0.0,2.0,67.3,2.3,0.0,0.0,0.0,14.95
125374,122150.0,118089.0,104281.0,144678.0,127285.0,112234.0,112628.0,124072.0,111306.0,117239.4,118896.1,63.0,78.0,70.5,65.3,87.0,0.39,0.0,0.0,15.28,79.0,0.0,5.5,68.7,3.7,0.0,0.0,0.0,14.96
134942,125374.0,122150.0,118089.0,121714.0,125978.0,114713.0,111869.0,135911.0,124072.0,114481.7,119214.5,66.0,89.0,77.5,64.3,71.0,0.0,0.0,0.0,27.29,13.0,0.0,12.5,71.7,6.7,0.0,1.0,0.0,14.98
139282,134942.0,125374.0,122150.0,105407.0,131007.0,106969.0,104435.0,138728.0,135911.0,116371.4,119862.7,76.0,92.0,84.0,65.5,65.0,0.0,0.0,0.0,25.86,17.0,0.0,19.0,77.3,12.3,0.0,1.0,0.0,15.0
157383,139282.0,134942.0,125374.0,104357.0,143933.0,106379.0,101730.0,137443.0,138728.0,121210.7,120751.1,76.0,91.0,83.5,69.9,77.0,0.07,0.0,0.0,22.3,54.0,0.0,18.5,81.7,16.7,0.0,0.0,0.0,15.01
182078,157383.0,139282.0,134942.0,104281.0,128641.0,119562.0,113642.0,117827.0,137443.0,128785.9,122268.3,72.0,90.0,81.0,72.9,86.0,0.47,0.0,0.0,19.36,84.0,0.0,16.0,82.8,17.8,0.0,0.0,0.0,15.02
183066,182078.0,157383.0,139282.0,118089.0,124219.0,125449.0,112533.0,126037.0,117827.0,139899.7,124856.4,72.0,90.0,81.0,71.5,81.0,0.01,0.0,0.0,24.09,76.0,0.0,16.0,81.8,16.8,0.0,0.0,0.0,15.04
185200,183066.0,182078.0,157383.0,122150.0,143580.0,135636.0,112466.0,141241.0,126037.0,149182.1,127567.6,65.0,84.0,74.5,59.2,64.0,0.0,0.0,0.0,25.37,59.0,0.0,9.5,78.8,13.8,0.0,0.0,0.0,15.05
164490,185200.0,183066.0,182078.0,125374.0,144678.0,127285.0,112234.0,151018.0,141241.0,158189.3,129952.8,62.0,69.0,65.5,53.8,69.0,0.0,0.0,0.0,11.24,85.0,0.0,0.5,73.7,8.7,0.0,0.0,0.0,15.06
133401,164490.0,185200.0,183066.0,134942.0,121714.0,125978.0,114713.0,149906.0,151018.0,163777.3,131684.7,62.0,69.0,65.5,58.9,80.0,0.0,0.0,0.0,14.13,80.0,0.0,0.5,68.5,3.5,0.0,1.0,0.0,15.07
118807,133401.0,164490.0,185200.0,139282.0,105407.0,131007.0,106969.0,146423.0,149906.0,163557.1,132382.6,62.0,76.0,69.0,58.5,77.0,0.01,0.0,0.0,18.9,61.0,0.0,4.0,66.7,1.7,0.0,1.0,0.0,15.08
117076,118807.0,133401.0,164490.0,157383.0,104357.0,143933.0,106379.0,120480.0,146423.0,160632.1,132601.7,64.0,73.0,68.5,61.7,84.0,0.22,0.0,0.0,16.06,77.0,0.0,3.5,67.7,2.7,0.0,0.0,0.0,15.08
134552,117076.0,118807.0,133401.0,182078.0,104281.0,128641.0,119562.0,109258.0,120480.0,154874.0,132680.4,66.0,80.0,73.0,59.9,74.0,0.0,0.0,0.0,24.62,44.0,0.0,8.0,70.2,5.2,0.0,0.0,0.0,15.09
142937,134552.0,117076.0,118807.0,183066.0,118089.0,124219.0,125449.0,121816.0,109258.0,148084.6,133599.9,62.0,77.0,69.5,49.7,56.0,0.0,0.0,0.0,29.93,11.0,0.0,4.5,70.3,5.3,0.0,0.0,0.0,15.09
135297,142937.0,134552.0,117076.0,185200.0,122150.0,143580.0,135636.0,124252.0,121816.0,142351.9,134818.5,57.0,78.0,67.5,46.9,54.0,0.0,0.0,0.0,30.29,17.0,0.0,2.5,70.0,5.0,0.0,0.0,0.0,15.1
132504,135297.0,142937.0,134552.0,164490.0,125374.0,144678.0,127285.0,127685.0,124252.0,135222.9,135343.0,63.0,84.0,73.5,53.1,58.0,0.0,0.0,0.0,27.42,50.0,0.0,8.5,70.2,5.2,0.0,0.0,1.0,15.1
141117,132504.0,135297.0,142937.0,133401.0,134942.0,121714.0,125978.0,134290.0,127685.0,130653.4,135578.1,65.0,88.0,76.5,62.4,66.0,0.14,0.0,0.0,21.2,96.0,0.0,11.5,72.5,7.5,0.0,1.0,1.0,15.1
144873,141117.0,132504.0,135297.0,118807.0,139282.0,105407.0,131007.0,140428.0,134290.0,131755.7,135760.8,66.0,86.0,76.0,65.7,77.0,0.0,0.0,0.0,23.68,38.0,0.0,11.0,75.3,10.3,0.0,1.0,0.0,15.1
147051,144873.0,141117.0,132504.0,117076.0,157383.0,104357.0,143933.0,139405.0,140428.0,135479.4,136347.1,75.0,86.0,80.5,71.1,83.0,0.0,0.0,0.0,22.52,74.0,0.0,15.5,77.7,12.7,0.0,0.0,0.0,15.1
180010,147051.0,144873.0,141117.0,134552.0,182078.0,104281.0,128641.0,143250.0,139405.0,139761.6,137049.5,59.0,78.0,68.5,64.4,85.0,0.24,0.0,0.0,9.87,91.0,0.0,3.5,75.0,10.0,0.0,0.0,0.0,15.1
155375,180010.0,147051.0,144873.0,142937.0,183066.0,118089.0,124219.0,169030.0,143250.0,146255.6,138683.0,55.0,76.0,65.5,47.8,58.0,0.0,0.0,0.0,26.35,32.0,0.0,0.5,71.5,6.5,0.0,0.0,0.0,15.1
129862,155375.0,180010.0,147051.0,135297.0,185200.0,122150.0,143580.0,171255.0,169030.0,148032.4,139064.4,61.0,77.0,69.0,53.1,66.0,0.0,0.0,0.0,28.69,22.0,0.0,4.0,67.7,2.7,0.0,0.0,0.0,15.1
133803,129862.0,155375.0,180010.0,132504.0,164490.0,125374.0,144678.0,167586.0,171255.0,147256.0,139105.1,64.0,81.0,72.5,59.2,77.0,0.0,0.0,0.0,28.53,76.0,0.0,7.5,69.0,4.0,0.0,0.0,0.0,15.09
138370,133803.0,129862.0,155375.0,141117.0,133401.0,134942.0,121714.0,157504.0,167586.0,147441.6,139424.5,68.0,83.0,75.5,68.8,87.0,0.04,0.0,0.0,19.55,87.0,0.0,10.5,72.3,7.3,0.0,1.0,0.0,15.09
147001,138370.0,133803.0,129862.0,144873.0,118807.0,139282.0,105407.0,157836.0,157504.0,147049.1,139250.9,73.0,90.0,81.5,71.7,81.0,0.0,0.0,0.0,19.62,82.0,0.0,16.5,76.5,11.5,0.0,1.0,0.0,15.08
159179,147001.0,138370.0,133803.0,147051.0,117076.0,157383.0,104357.0,147406.0,157836.0,147353.1,139328.3,76.0,92.0,84.0,71.6,72.0,0.0,0.0,0.0,24.68,66.0,0.0,19.0,80.3,15.3,0.0,0.0,0.0,15.07
194131,159179.0,147001.0,138370.0,180010.0,134552.0,182078.0,104281.0,156108.0,147406.0,149085.7,140577.1,78.0,95.0,86.5,73.1,71.0,0.0,0.0,0.0,25.12,17.0,0.0,21.5,84.0,19.0,0.0,0.0,0.0,15.07
206885,194131.0,159179.0,147001.0,155375.0,142937.0,183066.0,118089.0,166276.0,156108.0,151103.0,143534.6,73.0,98.0,85.5,70.8,64.0,0.65,0.0,0.0,24.37,22.0,0.0,20.5,85.3,20.3,0.0,0.0,0.0,15.06
212086,206885.0,194131.0,159179.0,129862.0,135297.0,185200.0,122150.0,154125.0,166276.0,158461.6,146952.2,72.0,84.0,78.0,69.9,79.0,0.9,0.0,0.0,13.59,71.0,0.0,13.0,83.3,18.3,0.0,0.0,0.0,15.05
185946,212086.0,206885.0,194131.0,133803.0,132504.0,164490.0,125374.0,152004.0,154125.0,170207.9,150545.7,62.0,79.0,70.5,68.4,89.0,0.67,0.0,0.0,11.53,100.0,0.0,5.5,78.0,13.0,0.0,0.0,0.0,15.04
161877,185946.0,212086.0,206885.0,138370.0,141117.0,133401.0,134942.0,163768.0,152004.0,177656.9,152807.6,59.0,66.0,62.5,60.1,88.0,0.34,0.0,0.0,11.15,98.0,0.0,0.0,70.3,6.2,0.0,1.0,0.0,15.02
120541,161877.0,185946.0,212086.0,147001.0,144873.0,118807.0,139282.0,166411.0,163768.0,181015.0,154131.8,60.0,79.0,69.5,60.6,77.0,0.0,0.0,0.0,23.67,42.0,0.0,4.5,67.5,3.3,0.0,1.0,1.0,15.01
118334,120541.0,161877.0,185946.0,159179.0,147051.0,117076.0,157383.0,145710.0,166411.0,177235.0,153970.7,67.0,83.0,75.0,66.8,82.0,0.0,0.0,0.0,22.28,30.0,0.0,10.0,69.0,4.8,0.0,0.0,1.0,15.0
141039,118334.0,120541.0,161877.0,194131.0,180010.0,134552.0,182078.0,155847.0,145710.0,171400.0,153417.1,71.0,92.0,81.5,69.4,73.0,0.55,0.0,0.0,24.7,81.0,0.0,16.5,75.3,10.3,0.0,0.0,0.0,14.98
178255,141039.0,118334.0,120541.0,206885.0,155375.0,142937.0,183066.0,176113.0,155847.0,163815.4,153475.7,71.0,91.0,81.0,73.2,80.0,0.0,0.0,0.0,24.42,24.0,0.0,16.0,79.2,14.2,0.0,0.0,0.0,14.97
190084,178255.0,141039.0,118334.0,212086.0,129862.0,135297.0,185200.0,167938.0,176113.0,159725.4,154171.4,71.0,84.0,77.5,72.1,88.0,2.27,0.0,0.0,14.96,91.0,0.0,12.5,80.0,15.0,0.0,0.0,0.0,14.95
184239,190084.0,178255.0,141039.0,185946.0,133803.0,132504.0,164490.0,175949.0,167938.0,156582.3,154438.3,70.0,85.0,77.5,70.1,82.0,2.06,0.0,0.0,17.21,85.0,0.0,12.5,78.7,13.7,0.0,0.0,0.0,14.93
172232,184239.0,190084.0,178255.0,161877.0,138370.0,141117.0,133401.0,180313.0,175949.0,156338.4,154477.4,68.0,81.0,74.5,68.2,83.0,0.27,0.0,0.0,18.81,47.0,0.0,9.5,76.5,11.5,0.0,1.0,0.0,14.91
152105,172232.0,184239.0,190084.0,120541.0,147001.0,144873.0,118807.0,168873.0,180313.0,157817.7,154045.1,70.0,78.0,74.0,69.0,88.0,0.01,0.0,0.0,10.85,88.0,0.0,9.0,75.3,10.3,0.0,1.0,0.0,14.89
146754,152105.0,172232.0,184239.0,118334.0,159179.0,147051.0,117076.0,161294.0,168873.0,162326.9,153632.3,72.0,86.0,79.0,73.7,91.0,1.42,0.0,0.0,13.92,95.0,0.0,14.0,75.8,10.8,0.0,0.0,0.0,14.87
176422,146754.0,152105.0,172232.0,141039.0,194131.0,180010.0,134552.0,157805.0,161294.0,166386.9,154077.4,69.0,72.0,70.5,70.0,91.0,0.0,0.0,0.0,10.24,100.0,0.0,5.5,74.5,9.5,0.0,0.0,0.0,14.85
157758,176422.0,146754.0,152105.0,178255.0,206885.0,155375.0,142937.0,176295.0,157805.0,171441.6,155997.9,69.0,87.0,78.0,71.4,85.0,0.0,0.0,0.0,20.1,78.0,0.0,13.0,75.8,10.8,0.0,0.0,0.0,14.83
169728,157758.0,176422.0,146754.0,190084.0,212086.0,129862.0,135297.0,170243.0,176295.0,168513.4,157354.0,74.0,89.0,81.5,71.7,81.0,0.0,0.0,0.0,23.07,47.0,0.0,16.5,76.7,11.7,0.0,0.0,0.0,14.81
183799,169728.0,157758.0,176422.0,184239.0,185946.0,133803.0,132504.0,164706.0,170243.0,165605.4,158526.5,79.0,91.0,85.0,71.5,73.0,0.0,0.0,0.0,24.56,43.0,0.0,20.0,81.5,16.5,0.0,0.0,0.0,14.78
198095,183799.0,169728.0,157758.0,172232.0,161877.0,138370.0,141117.0,153193.0,164706.0,165542.6,159888.6,73.0,91.0,82.0,74.1,83.0,0.62,0.0,0.0,22.27,87.0,0.0,17.0,82.8,17.8,0.0,1.0,0.0,14.76
181974,198095.0,183799.0,169728.0,152105.0,120541.0,147001.0,144873.0,159279.0,153193.0,169237.3,161981.8,72.0,84.0,78.0,70.0,79.0,0.03,0.0,0.0,21.59,77.0,0.0,13.0,81.7,16.7,0.0,1.0,0.0,14.73
163541,181974.0,198095.0,183799.0,146754.0,118334.0,159179.0,147051.0,164104.0,159279.0,173504.3,163630.8,71.0,81.0,76.0,66.1,74.0,0.01,0.0,0.0,21.42,52.0,0.0,11.0,78.7,13.7,0.0,0.0,0.0,14.71
167678,163541.0,181974.0,198095.0,176422.0,141039.0,194131.0,180010.0,177705.0,164104.0,175902.4,164378.3,73.0,86.0,79.5,68.7,74.0,0.0,0.0,0.0,25.12,10.0,0.0,14.5,77.8,12.8,0.0,0.0,0.0,14.68
178188,167678.0,163541.0,181974.0,157758.0,178255.0,206885.0,155375.0,206726.0,177705.0,174653.3,165138.5,70.0,80.0,75.0,67.3,77.0,0.05,0.0,0.0,20.53,30.0,0.0,10.0,76.8,11.8,0.0,0.0,0.0,14.65
172786,178188.0,167678.0,163541.0,169728.0,190084.0,212086.0,129862.0,197281.0,206726.0,177571.9,166176.4,67.0,81.0,74.0,59.6,67.0,0.0,0.0,0.0,23.94,39.0,0.0,9.0,76.2,11.2,0.0,0.0,0.0,14.62
157731,172786.0,178188.0,167678.0,183799.0,184239.0,185946.0,133803.0,199626.0,197281.0,178008.7,165935.6,67.0,83.0,75.0,57.9,62.0,0.01,0.0,0.0,24.76,18.0,0.0,10.0,74.7,9.7,0.0,0.0,0.0,14.6
153539,157731.0,172786.0,178188.0,198095.0,172232.0,161877.0,138370.0,189744.0,199626.0,174284.7,166014.1,67.0,84.0,75.5,62.3,72.0,0.0,0.0,0.0,24.79,40.0,0.0,10.5,74.8,9.8,0.0,1.0,0.0,14.57
144541,153539.0,157731.0,172786.0,181974.0,152105.0,120541.0,147001.0,174543.0,189744.0,167919.6,166803.3,66.0,83.0,74.5,68.1,78.0,0.49,0.0,0.0,15.3,71.0,0.0,9.5,75.0,10.0,0.0,1.0,0.0,14.54
150491,144541.0,153539.0,157731.0,163541.0,146754.0,118334.0,159179.0,168864.0,174543.0,162572.0,167161.3,72.0,88.0,80.0,66.7,70.0,0.78,0.0,0.0,24.38,63.0,0.0,15.0,76.7,11.7,0.0,0.0,0.0,14.51
181389,150491.0,144541.0,153539.0,167678.0,176422.0,141039.0,194131.0,178655.0,168864.0,160707.7,167565.3,73.0,89.0,81.0,64.9,67.0,0.0,0.0,0.0,23.76,21.0,0.0,16.0,78.5,13.5,0.0,0.0,0.0,14.48
181143,181389.0,150491.0,144541.0,178188.0,157758.0,178255.0,206885.0,201034.0,178655.0,162666.4,168711.6,69.0,81.0,75.0,64.1,73.0,0.14,0.0,0.0,23.57,25.0,0.0,10.0,78.7,13.7,0.0,0.0,0.0,14.45
170345,181143.0,181389.0,150491.0,172786.0,169728.0,190084.0,212086.0,208612.0,201034.0,163088.6,169443.7,69.0,77.0,73.0,68.4,87.0,0.47,0.0,0.0,13.47,62.0,0.0,8.0,76.3,11.3,0.0,0.0,0.0,14.41
164946,170345.0,181143.0,181389.0,157731.0,183799.0,184239.0,185946.0,200098.0,208612.0,162739.9,168650.8,67.0,82.0,74.5,61.1,68.0,0.0,0.0,0.0,25.87,12.0,0.0,9.5,74.2,9.2,0.0,0.0,0.0,14.38
157158,164946.0,170345.0,181143.0,153539.0,198095.0,172232.0,161877.0,196658.0,200098.0,163770.6,167252.9,60.0,77.0,68.5,53.4,62.0,0.0,0.0,0.0,26.48,8.0,0.0,3.5,72.0,7.0,0.0,1.0,0.0,14.35
129226,157158.0,164946.0,170345.0,144541.0,181974.0,152105.0,120541.0,174916.0,196658.0,164287.6,165421.9,66.0,77.0,71.5,60.8,73.0,0.04,0.0,0.0,18.15,49.0,0.0,6.5,71.5,6.5,0.0,1.0,0.0,14.31
132174,129226.0,157158.0,164946.0,150491.0,163541.0,146754.0,118334.0,166262.0,174916.0,162099.7,163531.3,63.0,80.0,71.5,58.5,68.0,0.0,0.0,0.0,24.6,19.0,0.0,6.5,70.5,5.5,0.0,0.0,0.0,14.28
145959,132174.0,129226.0,157158.0,181389.0,167678.0,176422.0,141039.0,178006.0,166262.0,159483.0,162541.2,65.0,79.0,72.0,56.3,65.0,0.0,0.0,0.0,14.04,85.0,0.0,7.0,71.7,6.7,0.0,0.0,0.0,14.24
143955,145959.0,132174.0,129226.0,181143.0,178188.0,157758.0,178255.0,192243.0,178006.0,154421.6,163388.4,67.0,76.0,71.5,60.5,72.0,0.0,0.0,0.0,12.75,99.0,0.0,6.5,71.7,6.7,0.0,0.0,0.0,14.21
144567,143955.0,145959.0,132174.0,170345.0,172786.0,169728.0,190084.0,173030.0,192243.0,149109.0,164242.5,69.0,81.0,75.0,63.0,76.0,0.0,0.0,0.0,13.11,52.0,0.0,10.0,72.8,7.8,0.0,0.0,0.0,14.17
149371,144567.0,143955.0,145959.0,164946.0,157731.0,183799.0,184239.0,175850.0,173030.0,145426.4,164360.1,70.0,88.0,79.0,63.8,69.0,0.0,0.0,0.0,23.0,26.0,0.0,14.0,75.2,10.2,0.0,0.0,0.0,14.14
163006,149371.0,144567.0,143955.0,157158.0,153539.0,198095.0,172232.0,165168.0,175850.0,143201.4,163397.3,73.0,87.0,80.0,63.7,65.0,0.0,0.0,0.0,20.57,93.0,0.0,15.0,78.0,13.0,0.0,1.0,0.0,14.1
154929,163006.0,149371.0,144567.0,129226.0,144541.0,181974.0,152105.0,156931.0,165168.0,144036.9,162494.7,66.0,77.0,71.5,63.9,80.0,0.21,0.0,0.0,10.55,96.0,0.0,6.5,76.8,11.8,0.0,1.0,0.0,14.06
139597,154929.0,163006.0,149371.0,132174.0,150491.0,163541.0,146754.0,149407.0,156931.0,147708.7,161517.7,69.0,81.0,75.0,68.0,84.0,0.0,0.0,0.0,15.4,85.0,0.0,10.0,75.5,10.5,0.0,0.0,0.0,14.02
158928,139597.0,154929.0,163006.0,145959.0,181389.0,167678.0,176422.0,158993.0,149407.0,148769.1,160429.8,71.0,84.0,77.5,71.8,89.0,0.83,0.0,0.0,14.93,68.0,0.0,12.5,74.7,9.7,0.0,0.0,0.0,13.99
171450,158928.0,139597.0,154929.0,143955.0,181143.0,178188.0,157758.0,192624.0,158993.0,150621.9,160657.3,73.0,89.0,81.0,74.3,83.0,0.18,0.0,0.0,21.43,64.0,0.0,16.0,77.8,12.8,0.0,0.0,0.0,13.95
187093,171450.0,158928.0,139597.0,144567.0,170345.0,172786.0,169728.0,196654.0,192624.0,154549.7,161480.5,74.0,93.0,83.5,72.1,72.0,0.0,0.0,0.0,23.94,45.0,0.0,18.5,80.7,15.7,0.0,0.0,0.0,13.91
195957,187093.0,171450.0,158928.0,149371.0,164946.0,157731.0,183799.0,194976.0,196654.0,160624.9,161836.2,78.0,94.0,86.0,72.3,70.0,0.0,0.0,0.0,23.53,41.0,0.0,21.0,83.5,18.5,0.0,0.0,0.0,13.87
202936,195957.0,187093.0,171450.0,163006.0,157158.0,153539.0,198095.0,176561.0,194976.0,167280.0,163109.5,76.0,88.0,82.0,70.3,71.0,0.0,0.0,0.0,18.01,71.0,0.0,17.0,83.8,18.8,0.0,1.0,0.0,13.83
185433,202936.0,195957.0,187093.0,154929.0,129226.0,144541.0,181974.0,173737.0,176561.0,172984.3,164216.4,70.0,83.0,76.5,57.7,56.0,0.0,0.0,0.0,24.12,69.0,0.0,11.5,81.5,16.5,0.0,1.0,0.0,13.79
153218,185433.0,202936.0,195957.0,139597.0,132174.0,150491.0,163541.0,149644.0,173737.0,177342.0,164270.9,69.0,83.0,76.0,62.3,69.0,0.0,0.0,0.0,15.79,81.0,0.0,11.0,78.2,13.2,0.0,0.0,0.0,13.75
165007,153218.0,185433.0,202936.0,158928.0,145959.0,181389.0,167678.0,132458.0,149644.0,179287.9,162775.0,73.0,81.0,77.0,66.7,76.0,0.0,0.0,0.0,12.42,96.0,0.0,12.0,76.5,11.5,0.0,0.0,0.0,13.71
166593,165007.0,153218.0,185433.0,171450.0,143955.0,181143.0,178188.0,146349.0,132458.0,180156.3,162209.4,74.0,83.0,78.5,72.0,88.0,0.0,0.0,0.0,11.31,94.0,0.0,13.5,77.2,12.2,0.0,0.0,0.0,13.67
177119,166593.0,165007.0,153218.0,187093.0,144567.0,170345.0,172786.0,151335.0,146349.0,179462.4,162311.1,75.0,85.0,80.0,72.0,79.0,0.2,0.0,0.0,16.44,84.0,0.0,15.0,78.5,13.5,0.0,0.0,0.0,13.63
186082,177119.0,166593.0,165007.0,195957.0,149371.0,164946.0,157731.0,148208.0,151335.0,178037.6,162625.8,75.0,82.0,78.5,69.3,79.0,0.0,0.0,0.0,9.52,92.0,0.0,13.5,79.0,14.0,0.0,0.0,0.0,13.59
175365,186082.0,177119.0,166593.0,202936.0,163006.0,157158.0,153539.0,143655.0,148208.0,176626.9,162889.0,73.0,82.0,77.5,72.2,86.0,4.45,0.0,0.0,12.77,87.0,0.0,12.5,78.7,13.7,0.0,1.0,0.0,13.55
162279,175365.0,186082.0,177119.0,185433.0,154929.0,129226.0,144541.0,155925.0,143655.0,172688.1,162974.9,70.0,76.0,73.0,72.0,94.0,2.67,0.0,0.0,2.5,100.0,0.0,8.0,76.3,11.3,0.0,1.0,0.0,13.51
151885,162279.0,175365.0,186082.0,153218.0,139597.0,132174.0,150491.0,159428.0,155925.0,169380.4,163126.5,71.0,83.0,77.0,71.3,85.0,1.07,0.0,0.0,14.34,61.0,0.0,12.0,75.8,10.8,0.0,0.0,0.0,13.47
168032,151885.0,162279.0,175365.0,165007.0,158928.0,145959.0,181389.0,161737.0,159428.0,169190.0,163071.4,72.0,89.0,80.5,69.4,76.0,0.0,0.0,0.0,23.55,4.0,0.0,15.5,76.8,11.8,0.0,0.0,0.0,13.42
181545,168032.0,151885.0,162279.0,166593.0,171450.0,143955.0,181143.0,187477.0,161737.0,169622.1,163854.4,72.0,91.0,81.5,69.3,74.0,0.0,0.0,0.0,21.51,31.0,0.0,16.5,79.7,14.7,0.0,0.0,0.0,13.38
189996,181545.0,168032.0,151885.0,177119.0,187093.0,144567.0,170345.0,186000.0,187477.0,171758.1,164889.6,78.0,91.0,84.5,73.3,79.0,0.0,0.0,0.0,21.4,16.0,0.0,19.5,82.2,17.2,0.0,0.0,0.0,13.34
202186,189996.0,181545.0,168032.0,186082.0,195957.0,149371.0,164946.0,152877.0,186000.0,173597.7,165176.5,75.0,93.0,84.0,73.9,81.0,0.67,0.0,0.0,20.2,33.0,0.0,19.0,83.3,18.3,0.0,0.0,0.0,13.3
201023,202186.0,189996.0,181545.0,175365.0,202936.0,163006.0,157158.0,169235.0,152877.0,175898.3,165877.9,68.0,80.0,74.0,68.2,84.0,0.0,0.0,0.0,9.84,91.0,0.0,9.0,80.8,15.8,0.0,1.0,0.0,13.25
154176,201023.0,202186.0,189996.0,162279.0,185433.0,154929.0,129226.0,169728.0,169235.0,179563.7,166900.5,67.0,76.0,71.5,66.3,83.0,0.0,0.0,0.0,7.16,90.0,0.0,6.5,76.5,11.5,0.0,1.0,0.0,13.21
136489,154176.0,201023.0,202186.0,151885.0,153218.0,139597.0,132174.0,157366.0,169728.0,178406.1,166541.5,73.0,85.0,79.0,72.4,88.0,0.0,0.0,0.0,13.15,69.0,0.0,14.0,74.8,9.8,0.0,0.0,0.0,13.17
175220,136489.0,154176.0,201023.0,168032.0,165007.0,158928.0,145959.0,136586.0,157366.0,176206.7,165852.5,73.0,83.0,78.0,67.4,76.0,0.0,0.0,0.0,17.87,92.0,0.0,13.0,76.2,11.2,0.0,0.0,0.0,13.12
176635,175220.0,136489.0,154176.0,181545.0,166593.0,171450.0,143955.0,142345.0,136586.0,177233.6,167385.7,63.0,78.0,70.5,67.1,89.0,7.13,0.0,0.0,3.22,100.0,0.0,5.5,75.8,10.8,0.0,0.0,0.0,13.08
159108,176635.0,175220.0,136489.0,189996.0,177119.0,187093.0,144567.0,148628.0,142345.0,176532.1,168867.7,61.0,77.0,69.0,54.6,67.0,0.1,0.0,0.0,22.68,35.0,0.0,4.0,72.5,7.5,0.0,0.0,0.0,13.04
135740,159108.0,176635.0,175220.0,202186.0,186082.0,195957.0,149371.0,159644.0,148628.0,172119.6,169306.0,59.0,74.0,66.5,54.1,69.0,0.0,0.0,0.0,16.91,25.0,0.0,1.5,68.7,3.7,0.0,0.0,0.0,13.0
131258,135740.0,159108.0,176635.0,201023.0,175365.0,202936.0,163006.0,165090.0,159644.0,162627.3,169032.2,61.0,79.0,70.0,57.7,73.0,0.0,0.0,0.0,21.07,51.0,0.0,5.0,68.5,3.5,0.0,1.0,0.0,12.95
125285,131258.0,135740.0,159108.0,154176.0,162279.0,185433.0,154929.0,164625.0,165090.0,152660.9,168588.5,67.0,74.0,70.5,64.1,83.0,0.02,0.0,0.0,9.73,86.0,0.0,5.5,69.0,4.0,0.0,1.0,0.0,12.91
128107,125285.0,131258.0,135740.0,136489.0,151885.0,153218.0,139597.0,135671.0,164625.0,148533.6,167785.7,69.0,81.0,75.0,62.8,75.0,0.0,0.0,0.0,20.62,33.0,0.0,10.0,71.8,6.8,0.0,0.0,1.0,12.87
138924,128107.0,125285.0,131258.0,175220.0,168032.0,165007.0,158928.0,134051.0,135671.0,147336.1,166622.4,65.0,79.0,72.0,58.6,72.0,0.0,0.0,0.0,22.09,4.0,0.0,7.0,72.5,7.5,0.0,0.0,0.0,12.82
149054,138924.0,128107.0,125285.0,176635.0,181545.0,166593.0,171450.0,139862.0,134051.0,142151.0,166088.9,70.0,82.0,76.0,66.0,77.0,0.0,0.0,0.0,16.73,39.0,0.0,11.0,74.3,9.3,0.0,0.0,0.0,12.78
163652,149054.0,138924.0,128107.0,159108.0,189996.0,177119.0,187093.0,160943.0,139862.0,138210.9,166404.1,68.0,76.0,72.0,67.9,92.0,0.26,0.0,0.0,4.24,96.0,0.0,7.0,73.3,8.3,0.0,0.0,0.0,12.73
156434,163652.0,149054.0,138924.0,135740.0,202186.0,186082.0,195957.0,163131.0,160943.0,138860.0,166561.6,63.0,74.0,68.5,54.8,67.0,0.0,0.0,0.0,21.63,10.0,0.0,3.5,72.2,7.2,0.0,0.0,0.0,12.69
139917,156434.0,163652.0,149054.0,131258.0,201023.0,175365.0,202936.0,173525.0,163131.0,141816.3,166061.0,60.0,76.0,68.0,53.9,66.0,0.0,0.0,0.0,19.48,20.0,0.0,3.0,69.5,4.5,0.0,1.0,0.0,12.64
127733,139917.0,156434.0,163652.0,125285.0,154176.0,162279.0,185433.0,156396.0,173525.0,143053.3,164488.5,66.0,81.0,73.5,62.2,69.0,0.0,0.0,0.0,19.31,38.0,0.0,8.5,70.0,5.0,0.0,1.0,0.0,12.6
138482,127733.0,139917.0,156434.0,128107.0,136489.0,151885.0,153218.0,123692.0,156396.0,143403.0,162214.4,67.0,83.0,75.0,66.2,70.0,0.12,0.0,0.0,17.37,65.0,0.0,10.0,72.2,7.2,0.0,0.0,0.0,12.56
170347,138482.0,127733.0,139917.0,138924.0,175220.0,168032.0,165007.0,125168.0,123692.0,144885.1,160065.9,67.0,80.0,73.5,65.0,80.0,0.0,0.0,0.0,18.76,80.0,0.0,8.5,74.0,9.0,0.0,0.0,0.0,12.51
162684,170347.0,138482.0,127733.0,149054.0,176635.0,181545.0,166593.0,140333.0,125168.0,149374.1,159563.0,71.0,85.0,78.0,69.1,79.0,0.0,0.0,0.0,17.22,74.0,0.0,13.0,75.5,10.5,0.0,0.0,0.0,12.47
176961,162684.0,170347.0,138482.0,163652.0,159108.0,189996.0,177119.0,120318.0,140333.0,151321.3,159878.6,71.0,76.0,73.5,65.8,85.0,0.0,0.0,0.0,11.96,90.0,0.0,8.5,75.0,10.0,0.0,0.0,0.0,12.42
160157,176961.0,162684.0,170347.0,156434.0,135740.0,202186.0,186082.0,122745.0,120318.0,153222.6,160277.0,69.0,75.0,72.0,67.9,90.0,0.0,0.0,0.0,8.72,89.0,0.0,7.0,74.5,9.5,0.0,0.0,0.0,12.38
156474,160157.0,176961.0,162684.0,139917.0,131258.0,201023.0,175365.0,132433.0,122745.0,153754.4,160062.5,69.0,84.0,76.5,67.6,83.0,0.0,0.0,0.0,13.96,42.0,0.0,11.5,74.0,9.0,0.0,1.0,0.0,12.33
149956,156474.0,160157.0,176961.0,127733.0,125285.0,154176.0,162279.0,126466.0,132433.0,156119.7,159374.3,64.0,76.0,70.0,57.0,68.0,0.0,0.0,0.0,20.31,4.0,0.0,5.0,72.8,7.8,0.0,1.0,0.0,12.29
134734,149956.0,156474.0,160157.0,138482.0,128107.0,136489.0,151885.0,104631.0,126466.0,159294.4,158170.1,63.0,75.0,69.0,58.7,79.0,0.0,0.0,0.0,15.42,23.0,0.0,4.0,71.8,6.8,0.0,0.0,0.0,12.24
143830,134734.0,149956.0,156474.0,170347.0,138924.0,175220.0,168032.0,102087.0,104631.0,158759.0,156815.8,63.0,76.0,69.5,61.1,79.0,0.09,0.0,0.0,12.94,80.0,0.0,4.5,69.5,4.5,0.0,0.0,0.0,12.2
144080,143830.0,134734.0,149956.0,162684.0,149054.0,176635.0,181545.0,113299.0,102087.0,154970.9,156200.8,72.0,79.0,75.5,69.4,89.0,0.01,0.0,0.0,12.89,87.0,0.0,10.5,71.3,6.3,0.0,0.0,0.0,12.15
161347,144080.0,143830.0,134734.0,176961.0,163652.0,159108.0,189996.0,115339.0,113299.0,152313.1,155940.6,64.0,79.0,71.5,68.5,84.0,1.37,0.0,0.0,13.5,95.0,0.0,6.5,72.2,7.2,0.0,0.0,0.0,12.11
163865,161347.0,144080.0,143830.0,160157.0,156434.0,135740.0,202186.0,122567.0,115339.0,150082.6,155717.8,57.0,72.0,64.5,54.9,70.0,0.66,0.0,0.0,19.04,39.0,0.0,0.0,70.5,5.7,0.0,0.0,0.0,12.06
136329,163865.0,161347.0,144080.0,156474.0,139917.0,131258.0,201023.0,126418.0,122567.0,150612.3,155128.5,57.0,75.0,66.0,55.8,74.0,0.0,0.0,0.0,19.2,35.0,0.0,1.0,67.3,2.5,0.0,1.0,0.0,12.02
122402,136329.0,163865.0,161347.0,149956.0,127733.0,125285.0,154176.0,130336.0,126418.0,147734.4,153339.6,61.0,71.0,66.0,50.3,61.0,0.0,0.0,0.0,18.19,12.0,0.0,1.0,65.5,0.7,0.0,1.0,0.0,11.97
117189,122402.0,136329.0,163865.0,134734.0,138482.0,128107.0,136489.0,121738.0,130336.0,143798.1,150680.1,62.0,78.0,70.0,51.5,57.0,0.0,0.0,0.0,18.14,28.0,0.0,5.0,67.3,2.3,0.0,0.0,0.0,11.93
133727,117189.0,122402.0,136329.0,143830.0,170347.0,138924.0,175220.0,128592.0,121738.0,141291.7,147885.6,61.0,71.0,66.0,59.3,76.0,0.27,0.0,0.0,7.97,70.0,0.0,1.0,67.3,2.3,0.0,0.0,0.0,11.89
136749,133727.0,117189.0,122402.0,144080.0,162684.0,149054.0,176635.0,143996.0,128592.0,139848.4,147204.0,54.0,68.0,61.0,46.5,62.0,0.0,0.0,0.0,15.72,44.0,0.0,0.0,65.7,2.0,0.0,0.0,0.0,11.84
123112,136749.0,133727.0,117189.0,161347.0,176961.0,163652.0,159108.0,144392.0,143996.0,138801.1,147212.7,55.0,65.0,60.0,47.2,65.0,0.0,0.0,0.0,13.56,54.0,0.0,0.0,62.3,0.3,0.0,0.0,0.0,11.8
120583,123112.0,136749.0,133727.0,163865.0,160157.0,156434.0,135740.0,130746.0,144392.0,133339.0,145475.7,51.0,67.0,59.0,46.5,69.0,0.0,0.0,0.0,18.27,4.0,0.0,0.0,60.0,0.0,0.0,0.0,0.0,11.75
118461,120583.0,123112.0,136749.0,136329.0,156474.0,139917.0,131258.0,124448.0,130746.0,127155.9,143607.3,57.0,74.0,65.5,51.6,71.0,0.0,0.0,0.0,17.53,48.0,0.0,0.5,61.5,0.2,0.0,1.0,0.0,11.71
113157,118461.0,120583.0,123112.0,122402.0,149956.0,127733.0,125285.0,119364.0,124448.0,124603.3,142252.4,61.0,77.0,69.0,58.4,78.0,0.0,0.0,0.0,16.65,55.0,0.0,4.0,64.5,1.5,0.0,1.0,0.0,11.66
120008,113157.0,118461.0,120583.0,117189.0,134734.0,138482.0,128107.0,106734.0,119364.0,123282.6,141499.7,62.0,73.0,67.5,64.5,94.0,0.15,0.0,0.0,4.87,97.0,0.0,2.5,67.3,2.3,0.0,0.0,0.0,11.62
138989,120008.0,113157.0,118461.0,133727.0,143830.0,170347.0,138924.0,105318.0,106734.0,123685.3,141124.7,60.0,65.0,62.5,58.1,86.0,0.0,0.0,0.0,7.38,100.0,0.0,0.0,66.3,2.2,0.0,0.0,0.0,11.57
126645,138989.0,120008.0,113157.0,136749.0,144080.0,162684.0,149054.0,117408.0,105318.0,124437.0,141581.5,61.0,69.0,65.0,59.3,85.0,0.0,0.0,0.0,7.01,96.0,0.0,0.0,65.0,0.8,0.0,0.0,0.0,11.53
127627,126645.0,138989.0,120008.0,123112.0,161347.0,176961.0,163652.0,118881.0,117408.0,122993.6,141532.7,62.0,73.0,67.5,61.3,86.0,0.0,0.0,0.0,10.53,68.0,0.0,2.5,65.0,0.8,0.0,0.0,0.0,11.48
132754,127627.0,126645.0,138989.0,120583.0,163865.0,160157.0,156434.0,121276.0,118881.0,123638.6,141156.2,61.0,76.0,68.5,60.9,85.0,0.0,0.0,0.0,12.34,61.0,0.0,3.5,67.0,2.0,0.0,0.0,0.0,11.44
134616,132754.0,127627.0,126645.0,118461.0,136329.0,156474.0,139917.0,115797.0,121276.0,125377.3,140612.8,60.0,67.0,63.5,56.9,79.0,0.0,0.0,0.0,8.28,98.0,0.0,0.0,66.5,2.0,0.0,1.0,0.0,11.39
116687,134616.0,132754.0,127627.0,113157.0,122402.0,149956.0,127733.0,115621.0,115797.0,127685.1,139645.0,61.0,66.0,63.5,58.9,86.0,0.11,0.0,0.0,4.11,97.0,0.0,0.0,65.2,1.2,0.0,1.0,0.0,11.35
113337,116687.0,134616.0,132754.0,120008.0,117189.0,134734.0,138482.0,109591.0,115621.0,128189.4,138320.1,61.0,71.0,66.0,59.2,82.0,0.0,0.0,0.0,11.12,80.0,0.0,1.0,64.3,0.3,0.0,0.0,1.0,11.3
123650,113337.0,116687.0,134616.0,138989.0,133727.0,143830.0,170347.0,109203.0,109591.0,127236.4,137434.1,61.0,69.0,65.0,59.4,86.0,0.0,0.0,0.0,10.57,55.0,0.0,0.0,64.8,0.3,0.0,0.0,0.0,11.26
128455,123650.0,113337.0,116687.0,126645.0,136749.0,144080.0,162684.0,115034.0,109203.0,125045.1,137298.0,61.0,69.0,65.0,61.3,90.0,0.0,0.0,0.0,7.15,74.0,0.0,0.0,65.3,0.3,0.0,0.0,0.0,11.22
130421,128455.0,123650.0,113337.0,127627.0,123112.0,161347.0,176961.0,117329.0,115034.0,125303.7,136963.7,62.0,76.0,69.0,59.6,79.0,0.0,0.0,0.0,13.83,51.0,0.0,4.0,66.3,1.3,0.0,0.0,0.0,11.17
134765,130421.0,128455.0,123650.0,132754.0,120583.0,163865.0,160157.0,116042.0,117329.0,125702.9,135632.9,63.0,79.0,71.0,60.3,79.0,0.0,0.0,0.0,14.21,44.0,0.0,6.0,68.3,3.3,0.0,0.0,0.0,11.13
138700,134765.0,130421.0,128455.0,134616.0,118461.0,136329.0,156474.0,118942.0,116042.0,125990.1,134702.2,56.0,76.0,66.0,62.0,80.0,0.25,0.0,0.0,11.51,86.0,0.0,1.0,68.7,3.7,0.0,1.0,0.0,11.09
127522,138700.0,134765.0,130421.0,116687.0,113157.0,122402.0,149956.0,119472.0,118942.0,126573.6,133426.9,51.0,61.0,56.0,45.6,67.0,0.0,0.0,0.0,14.48,13.0,0.0,0.0,64.3,2.3,0.0,1.0,0.0,11.04
109050,127522.0,138700.0,134765.0,113337.0,120008.0,117189.0,134734.0,106085.0,119472.0,128121.4,132339.0,49.0,58.0,53.5,39.0,59.0,0.0,0.0,0.0,13.69,16.0,0.0,0.0,58.5,0.3,0.0,0.0,0.0,11.0
117306,109050.0,127522.0,138700.0,123650.0,138989.0,133727.0,143830.0,104650.0,106085.0,127509.0,130758.2,47.0,66.0,56.5,40.6,56.0,0.0,0.0,0.0,14.94,3.0,0.0,0.0,55.3,0.0,0.0,0.0,0.0,10.96
118891,117306.0,109050.0,127522.0,128455.0,126645.0,136749.0,144080.0,116323.0,104650.0,126602.7,129669.9,56.0,75.0,65.5,47.7,55.0,0.0,0.0,0.0,14.37,32.0,0.0,0.5,58.5,0.2,0.0,0.0,0.0,10.92
122707,118891.0,117306.0,109050.0,130421.0,127627.0,123112.0,161347.0,120125.0,116323.0,125236.4,129141.8,59.0,73.0,66.0,53.1,71.0,0.0,0.0,0.0,14.04,33.0,0.0,1.0,62.7,0.5,0.0,0.0,0.0,10.87
126201,122707.0,118891.0,117306.0,134765.0,132754.0,120583.0,163865.0,122147.0,120125.0,124134.4,128437.7,57.0,69.0,63.0,51.9,67.0,0.0,0.0,0.0,11.52,44.0,0.0,0.0,64.8,0.5,0.0,0.0,0.0,10.83
124472,126201.0,122707.0,118891.0,138700.0,134616.0,118461.0,136329.0,125364.0,122147.0,122911.0,127841.7,48.0,59.0,53.5,44.3,67.0,0.01,0.0,0.0,8.2,86.0,0.0,0.0,60.8,0.3,0.0,1.0,0.0,10.79
108488,124472.0,126201.0,122707.0,127522.0,116687.0,113157.0,122402.0,123335.0,125364.0,120878.4,126612.6,47.0,59.0,53.0,44.4,73.0,0.03,0.0,0.0,10.97,50.0,0.0,0.0,56.5,0.0,0.0,1.0,0.0,10.74
105809,108488.0,124472.0,126201.0,109050.0,113337.0,120008.0,117189.0,110835.0,123335.0,118159.3,124766.7,55.0,73.0,64.0,60.7,86.0,0.23,0.0,0.0,8.39,97.0,0.0,0.0,56.8,0.0,0.0,0.0,0.0,10.7
124399,105809.0,108488.0,124472.0,117306.0,123650.0,138989.0,133727.0,105630.0,110835.0,117696.3,123749.3,54.0,63.0,58.5,57.4,90.0,3.3,0.0,0.0,3.79,100.0,0.0,0.0,58.5,0.0,0.0,0.0,0.0,10.66
122736,124399.0,105809.0,108488.0,118891.0,128455.0,126645.0,136749.0,118637.0,105630.0,118709.6,123815.9,53.0,61.0,57.0,47.7,72.0,0.16,0.0,0.0,9.35,92.0,0.0,0.0,59.8,0.0,0.0,0.0,0.0,10.62
119791,122736.0,124399.0,105809.0,122707.0,130421.0,127627.0,123112.0,117580.0,118637.0,119258.9,124000.8,49.0,57.0,53.0,44.7,74.0,0.0,0.0,0.0,12.21,42.0,0.0,0.0,56.2,0.0,0.0,0.0,0.0,10.58
118554,119791.0,122736.0,124399.0,126201.0,134765.0,132754.0,120583.0,118593.0,117580.0,118842.3,123536.3,47.0,56.0,51.5,45.1,75.0,0.41,0.0,0.0,5.72,91.0,0.0,0.0,53.8,0.0,0.0,0.0,0.0,10.54
117986,118554.0,119791.0,122736.0,124472.0,138700.0,134616.0,118461.0,120202.0,118593.0,117749.9,122929.8,53.0,64.0,58.5,55.3,86.0,0.57,0.0,0.0,8.76,72.0,0.0,0.0,54.3,0.0,0.0,1.0,0.0,10.5
111022,117986.0,118554.0,119791.0,108488.0,127522.0,116687.0,113157.0,122224.0,120202.0,116823.3,122758.9,55.0,63.0,59.0,52.3,81.0,0.04,0.0,0.0,11.09,50.0,0.0,0.0,56.3,0.0,0.0,1.0,0.0,10.46
107613,111022.0,117986.0,118554.0,105809.0,109050.0,113337.0,120008.0,112805.0,122224.0,117185.3,122440.2,50.0,58.0,54.0,41.0,64.0,0.0,0.0,0.0,12.76,19.0,0.0,0.0,57.2,0.0,0.0,0.0,0.0,10.42
116568,107613.0,111022.0,117986.0,124399.0,117306.0,123650.0,138989.0,114855.0,112805.0,117443.0,122078.6,44.0,53.0,48.5,38.4,68.0,0.0,0.0,0.0,5.48,91.0,1.5,0.0,53.8,0.0,0.5,0.0,0.0,10.38
118536,116568.0,107613.0,111022.0,122736.0,118891.0,128455.0,126645.0,123419.0,114855.0,116324.3,122192.3,41.0,51.0,46.0,33.8,68.0,0.0,0.0,0.0,12.37,21.0,4.0,0.0,49.5,0.0,1.8,0.0,0.0,10.34
120557,118536.0,116568.0,107613.0,119791.0,122707.0,130421.0,127627.0,122065.0,123419.0,115724.3,122143.2,39.0,50.0,44.5,32.4,67.0,0.0,0.0,0.0,11.29,67.0,5.5,0.0,46.3,0.0,3.7,0.0,0.0,10.3
122026,120557.0,118536.0,116568.0,118554.0,126201.0,134765.0,132754.0,120534.0,122065.0,115833.7,121528.8,39.0,51.0,45.0,33.0,69.0,0.0,0.0,0.0,12.51,0.0,5.0,0.0,45.2,0.0,4.8,0.0,0.0,10.26
122425,122026.0,120557.0,118536.0,117986.0,124472.0,138700.0,134616.0,118616.0,120534.0,116329.7,121374.9,40.0,52.0,46.0,34.5,72.0,0.0,0.0,0.0,12.38,0.0,4.0,0.0,45.2,0.0,4.8,1.0,0.0,10.23
111253,122425.0,122026.0,120557.0,111022.0,108488.0,127522.0,116687.0,117652.0,118616.0,116963.9,121201.5,40.0,53.0,46.5,36.0,74.0,0.0,0.0,0.0,11.83,64.0,3.5,0.0,45.8,0.0,4.2,1.0,0.0,10.19
115399,111253.0,122425.0,122026.0,107613.0,105809.0,109050.0,113337.0,108576.0,117652.0,116996.9,120484.8,44.0,63.0,53.5,39.6,66.0,0.0,0.0,0.0,11.67,20.0,0.0,0.0,48.7,0.0,2.5,0.0,0.0,10.15
119783,115399.0,111253.0,122425.0,116568.0,124399.0,117306.0,123650.0,107166.0,108576.0,118109.1,119844.2,50.0,68.0,59.0,45.7,78.0,0.0,0.0,0.0,11.33,15.0,0.0,0.0,53.0,0.0,1.2,0.0,0.0,10.11
121457,119783.0,115399.0,111253.0,118536.0,122736.0,118891.0,128455.0,119150.0,107166.0,118568.4,119947.4,49.0,64.0,56.5,43.2,67.0,0.0,0.0,0.0,11.35,45.0,0.0,0.0,56.3,0.0,0.0,0.0,0.0,10.08
120398,121457.0,119783.0,115399.0,120557.0,119791.0,122707.0,130421.0,121202.0,119150.0,118985.7,120218.1,45.0,61.0,53.0,42.2,75.0,0.01,0.0,0.0,10.03,91.0,0.0,0.0,56.2,0.0,0.0,0.0,1.0,10.04
118862,120398.0,121457.0,119783.0,122026.0,118554.0,126201.0,134765.0,122832.0,121202.0,118963.0,120109.7,51.0,65.0,58.0,54.0,82.0,0.48,0.0,0.0,3.99,62.0,0.0,0.0,55.8,0.0,0.0,0.0,0.0,10.01
122015,118862.0,120398.0,121457.0,122425.0,117986.0,124472.0,138700.0,121526.0,122832.0,118511.0,119789.9,40.0,62.0,51.0,40.8,76.0,0.33,0.0,0.0,8.06,26.0,0.0,0.0,54.0,0.0,0.0,1.0,0.0,9.97
111370,122015.0,118862.0,120398.0,111253.0,111022.0,108488.0,127522.0,119467.0,121526.0,118452.4,119509.7,38.0,48.0,43.0,31.8,65.0,0.02,0.0,0.0,7.55,62.0,7.0,0.0,50.7,0.0,2.3,1.0,0.0,9.94
111389,111370.0,122015.0,118862.0,115399.0,107613.0,105809.0,109050.0,109822.0,119467.0,118469.1,118729.9,39.0,47.0,43.0,34.0,74.0,0.0,0.0,0.0,6.11,48.0,7.0,0.0,45.7,0.0,4.7,0.0,0.0,9.9
125413,111389.0,111370.0,122015.0,119783.0,116568.0,124399.0,117306.0,109321.0,109822.0,117896.3,117819.5,36.0,49.0,42.5,28.3,60.0,0.0,0.0,0.0,10.47,9.0,7.5,0.0,42.8,0.0,7.2,0.0,0.0,9.87
126053,125413.0,111389.0,111370.0,121457.0,118536.0,122736.0,118891.0,118680.0,109321.0,118700.6,117749.2,38.0,57.0,47.5,38.2,77.0,0.0,0.0,0.0,8.14,64.0,2.5,0.0,44.3,0.0,5.7,0.0,0.0,9.84
124707,126053.0,125413.0,111389.0,120398.0,120557.0,119791.0,122707.0,122273.0,118680.0,119357.1,118316.0,46.0,69.0,57.5,49.9,81.0,0.09,0.0,0.0,10.02,43.0,0.0,0.0,49.2,0.0,3.3,0.0,0.0,9.8
122628,124707.0,126053.0,125413.0,118862.0,122026.0,118554.0,126201.0,128163.0,122273.0,119972.7,118562.7,39.0,48.0,43.5,29.4,58.0,0.01,0.0,0.0,10.34,26.0,6.5,0.0,49.5,0.0,3.0,0.0,0.0,9.77
123628,122628.0,124707.0,126053.0,122015.0,122425.0,117986.0,124472.0,126776.0,128163.0,120510.7,118687.2,35.0,47.0,41.0,30.7,71.0,0.0,0.0,0.0,9.66,64.0,9.0,0.0,47.3,0.0,5.2,1.0,0.0,9.74
115831,123628.0,122628.0,124707.0,111370.0,111253.0,111022.0,108488.0,120227.0,126776.0,120741.1,118717.9,44.0,56.0,50.0,40.0,77.0,0.01,0.0,0.0,9.52,89.0,0.0,0.0,44.8,0.0,5.2,1.0,0.0,9.71
112537,115831.0,123628.0,122628.0,111389.0,115399.0,107613.0,105809.0,108928.0,120227.0,121378.4,118372.3,35.0,55.0,45.0,38.1,72.0,0.04,0.0,0.0,3.66,91.0,5.0,0.0,45.3,0.0,4.7,0.0,0.0,9.68
124473,112537.0,115831.0,123628.0,125413.0,119783.0,116568.0,124399.0,109824.0,108928.0,121542.4,117974.4,32.0,42.0,37.0,19.1,51.0,0.0,0.0,0.0,9.62,18.0,13.0,0.0,44.0,0.0,6.0,0.0,0.0,9.66
129289,124473.0,112537.0,115831.0,126053.0,121457.0,118536.0,122736.0,119483.0,109824.0,121408.1,118507.3,30.0,45.0,37.5,22.0,58.0,0.0,0.0,0.0,10.12,23.0,12.5,0.0,39.8,0.0,10.2,0.0,0.0,9.63
128530,129289.0,124473.0,112537.0,124707.0,120398.0,120557.0,119791.0,121288.0,119483.0,121870.4,119289.9,39.0,56.0,47.5,31.4,64.0,0.01,0.0,0.0,7.93,79.0,2.5,0.0,40.7,0.0,9.3,0.0,1.0,9.6
112937,128530.0,129289.0,124473.0,122628.0,118862.0,122026.0,118554.0,119281.0,121288.0,122416.6,119427.6,37.0,47.0,42.0,33.6,72.0,0.12,0.0,0.0,4.68,71.0,8.0,0.0,42.3,0.0,7.7,0.0,0.0,9.58
119173,112937.0,128530.0,129289.0,123628.0,122015.0,122425.0,117986.0,109892.0,119281.0,121032.1,119101.0,34.0,39.0,36.5,20.2,53.0,0.0,0.0,0.0,9.24,47.0,13.5,0.0,42.0,0.0,8.0,1.0,0.0,9.55
119286,119173.0,112937.0,128530.0,115831.0,111370.0,111253.0,111022.0,112019.0,109892.0,120395.7,119080.4,33.0,41.0,37.0,28.8,76.0,0.0,0.0,0.0,3.47,92.0,13.0,0.0,38.5,0.0,11.5,1.0,0.0,9.53
119589,119286.0,119173.0,112937.0,112537.0,111389.0,115399.0,107613.0,108414.0,112019.0,120889.3,119104.8,33.0,45.0,39.0,26.8,67.0,0.0,0.0,0.0,8.49,38.0,11.0,0.0,37.5,0.0,12.5,0.0,0.0,9.51
130792,119589.0,119286.0,119173.0,124473.0,125413.0,119783.0,116568.0,108279.0,108414.0,121896.7,119158.2,31.0,41.0,36.0,26.3,73.0,0.0,0.0,0.0,4.78,65.0,14.0,0.0,37.3,0.0,12.7,0.0,0.0,9.48
133370,130792.0,119589.0,119286.0,129289.0,126053.0,121457.0,118536.0,121164.0,108279.0,122799.4,119817.2,40.0,49.0,44.5,30.2,70.0,0.0,0.0,0.0,8.72,81.0,5.5,0.0,39.8,0.0,10.2,0.0,0.0,9.46
129347,133370.0,130792.0,119589.0,128530.0,124707.0,120398.0,120557.0,120096.0,121164.0,123382.4,120675.8,45.0,58.0,51.5,43.2,77.0,0.04,0.0,0.0,5.79,83.0,0.0,0.0,44.0,0.0,6.5,0.0,0.0,9.44
126233,129347.0,133370.0,130792.0,112937.0,122628.0,118862.0,122026.0,125808.0,120096.0,123499.1,121101.8,37.0,48.0,42.5,27.6,57.0,0.0,0.0,0.0,7.92,42.0,7.5,0.0,46.2,0.0,4.3,0.0,0.0,9.42
125159,126233.0,129347.0,133370.0,119173.0,123628.0,122015.0,122425.0,125099.0,125808.0,125398.6,121358.3,36.0,48.0,42.0,29.5,67.0,0.0,0.0,0.0,8.59,55.0,8.0,0.0,45.3,0.0,5.2,1.0,0.0,9.4
119139,125159.0,126233.0,129347.0,119286.0,115831.0,111370.0,111253.0,123623.0,125099.0,126253.7,121511.7,39.0,49.0,44.0,27.9,64.0,0.0,0.0,0.0,8.34,90.0,6.0,0.0,42.8,0.0,7.2,1.0,0.0,9.38
115555,119139.0,125159.0,126233.0,119589.0,112537.0,111389.0,115399.0,116918.0,123623.0,126232.7,121415.5,43.0,61.0,52.0,48.7,83.0,0.42,0.0,0.0,5.64,94.0,0.0,0.0,46.0,0.0,4.7,0.0,0.0,9.37
125874,115555.0,119139.0,125159.0,130792.0,124473.0,125413.0,119783.0,117329.0,116918.0,125656.4,121186.5,36.0,43.0,39.5,23.0,54.0,0.0,0.0,0.0,8.15,84.0,10.5,0.0,45.2,0.0,5.5,0.0,0.0,9.35
128524,125874.0,115555.0,119139.0,133370.0,129289.0,126053.0,121457.0,129894.0,117329.0,124953.9,121673.9,34.0,42.0,38.0,30.2,76.0,0.04,0.0,0.0,3.3,99.0,12.0,0.0,43.2,0.0,7.5,0.0,0.0,9.34
131138,128524.0,125874.0,115555.0,129347.0,128530.0,124707.0,120398.0,133566.0,129894.0,124261.6,122111.4,31.0,39.0,35.0,22.9,64.0,0.0,0.0,0.0,6.94,61.0,15.0,0.0,37.5,0.0,12.5,0.0,0.0,9.32
132700,131138.0,128524.0,125874.0,126233.0,112937.0,122628.0,118862.0,133914.0,133566.0,124517.4,122489.9,38.0,50.0,44.0,32.4,71.0,0.0,0.0,0.0,5.36,82.0,6.0,0.0,39.0,0.0,11.0,0.0,0.0,9.31
128072,132700.0,131138.0,128524.0,125159.0,119173.0,123628.0,122015.0,128387.0,133914.0,125441.3,122864.6,45.0,66.0,55.5,50.7,90.0,0.17,0.0,0.0,2.11,100.0,0.0,0.0,44.8,0.0,7.0,1.0,0.0,9.3
116338,128072.0,132700.0,131138.0,119139.0,119286.0,115831.0,111370.0,125083.0,128387.0,125857.4,123120.4,42.0,56.0,49.0,25.6,48.0,0.0,0.0,0.0,8.97,33.0,1.0,0.0,49.5,0.0,2.3,1.0,0.0,9.29
115082,116338.0,128072.0,132700.0,115555.0,119589.0,112537.0,111389.0,115626.0,125083.0,125457.3,123036.3,40.0,53.0,46.5,24.5,50.0,0.0,0.0,0.0,7.97,36.0,3.5,0.0,50.3,0.0,1.5,0.0,0.0,9.28
125997,115082.0,116338.0,128072.0,125874.0,130792.0,124473.0,125413.0,111408.0,115626.0,125389.7,122805.2,44.0,53.0,48.5,27.6,55.0,0.0,0.0,0.0,8.65,47.0,1.5,0.0,48.0,0.0,2.0,0.0,0.0,9.27
126500,125997.0,115082.0,116338.0,128524.0,133370.0,129289.0,126053.0,127287.0,111408.0,125407.3,123292.8,40.0,57.0,48.5,36.0,77.0,0.0,0.0,0.0,7.28,88.0,1.5,0.0,47.8,0.0,2.2,0.0,0.0,9.26
126642,126500.0,125997.0,115082.0,131138.0,129347.0,128530.0,124707.0,131009.0,127287.0,125118.1,123796.5,54.0,62.0,58.0,45.6,76.0,0.0,0.0,0.0,7.04,100.0,0.0,0.0,51.7,0.0,1.0,0.0,0.0,9.26
124172,126642.0,126500.0,125997.0,132700.0,126233.0,112937.0,122628.0,137711.0,131009.0,124475.9,123837.4,48.0,60.0,54.0,35.0,52.0,0.0,0.0,0.0,8.1,91.0,0.0,0.0,53.5,0.0,0.5,0.0,0.0,9.25
120573,124172.0,126642.0,126500.0,128072.0,125159.0,119173.0,123628.0,137467.0,137711.0,123257.6,123774.7,39.0,48.0,43.5,35.1,79.0,0.06,0.0,0.0,1.29,96.0,6.5,0.0,51.8,0.0,2.2,1.0,0.0,9.25
117721,120573.0,124172.0,126642.0,116338.0,119139.0,119286.0,115831.0,139444.0,137467.0,122186.3,123636.9,28.0,45.0,36.5,28.2,68.0,0.02,0.0,0.0,6.55,70.0,13.5,0.0,44.7,0.0,6.7,1.0,0.0,9.24
118663,117721.0,120573.0,124172.0,115082.0,115555.0,119589.0,112537.0,130836.0,139444.0,122383.9,123473.4,25.0,37.0,31.0,18.3,62.0,0.0,0.0,0.0,8.79,6.0,19.0,0.0,37.0,0.0,13.0,0.0,0.0,9.24
133775,118663.0,117721.0,120573.0,125997.0,125874.0,130792.0,124473.0,125645.0,130836.0,122895.4,123307.9,31.0,43.0,37.0,26.4,73.0,0.0,0.0,0.0,6.49,69.0,13.0,0.0,34.8,0.0,15.2,0.0,0.0,9.24
132331,133775.0,118663.0,117721.0,126500.0,128524.0,133370.0,129289.0,130958.0,125645.0,124006.6,123906.0,33.0,47.0,40.0,29.7,70.0,0.12,0.0,0.0,7.85,54.0,10.0,0.0,36.0,0.0,14.0,0.0,0.0,9.24
128868,132331.0,133775.0,118663.0,126642.0,131138.0,129347.0,128530.0,129218.0,130958.0,124839.6,124565.8,31.0,36.0,33.5,17.7,56.0,0.0,0.0,0.0,7.05,56.0,16.5,0.0,36.8,0.0,13.2,0.0,0.0,9.25
132307,128868.0,132331.0,133775.0,124172.0,132700.0,126233.0,112937.0,128292.0,129218.0,125157.6,124712.3,30.0,40.0,35.0,29.3,81.0,0.03,0.2,0.0,7.38,84.0,15.0,0.0,36.2,0.0,13.8,0.0,1.0,9.25
124106,132307.0,128868.0,132331.0,120573.0,128072.0,125159.0,119173.0,121602.0,128292.0,126319.7,124812.9,36.0,52.0,44.0,40.4,95.0,0.16,0.0,0.0,1.94,92.0,6.0,0.0,37.5,0.0,12.5,1.0,1.0,9.25
115095,124106.0,132307.0,128868.0,117721.0,116338.0,119139.0,119286.0,113711.0,121602.0,126824.4,124665.4,39.0,51.0,45.0,34.9,72.0,0.0,0.0,0.0,6.49,60.0,5.0,0.0,41.3,0.0,8.7,1.0,0.0,9.26
113618,115095.0,124106.0,132307.0,118663.0,115082.0,115555.0,119589.0,123588.0,113711.0,126449.3,124737.4,34.0,39.0,36.5,26.6,74.0,0.09,0.0,0.0,2.06,90.0,13.5,0.0,41.8,0.0,8.2,0.0,0.0,9.26
127916,113618.0,115095.0,124106.0,133775.0,125997.0,125874.0,130792.0,122776.0,123588.0,125728.6,124552.2,36.0,47.0,41.5,36.4,84.0,0.05,0.0,0.0,4.27,96.0,8.5,0.0,41.0,0.0,9.0,0.0,0.0,9.27
125714,127916.0,113618.0,115095.0,132331.0,126500.0,128524.0,133370.0,126574.0,122776.0,124891.6,124839.9,41.0,44.0,42.5,39.1,90.0,0.14,0.0,0.0,3.16,100.0,7.5,0.0,40.2,0.0,9.8,0.0,0.0,9.28
125574,125714.0,127916.0,113618.0,128868.0,126642.0,131138.0,129347.0,128663.0,126574.0,123946.3,125044.0,43.0,49.0,46.0,42.5,95.0,0.05,0.0,0.0,2.77,93.0,4.0,0.0,43.3,0.0,6.7,0.0,0.0,9.29
123116,125574.0,125714.0,127916.0,132307.0,124172.0,132700.0,126233.0,130838.0,128663.0,123475.7,124870.1,48.0,55.0,51.5,46.6,96.0,0.0,0.0,0.0,3.24,100.0,0.0,0.0,46.7,0.0,3.8,0.0,1.0,9.3
117546,123116.0,125574.0,125714.0,124106.0,120573.0,128072.0,125159.0,125533.0,130838.0,122162.7,124528.3,50.0,56.0,53.0,49.3,99.0,0.79,0.0,0.0,1.66,100.0,0.0,0.0,50.2,0.0,1.3,1.0,1.0,9.31
111503,117546.0,123116.0,125574.0,115095.0,117721.0,116338.0,119139.0,119140.0,125533.0,121225.6,124134.9,37.0,59.0,48.0,45.5,88.0,0.04,0.0,0.0,2.22,100.0,2.0,0.0,50.8,0.0,0.7,1.0,0.0,9.32
112459,111503.0,117546.0,123116.0,113618.0,118663.0,115082.0,115555.0,117017.0,119140.0,120712.4,123643.9,22.0,37.0,29.5,13.4,50.0,0.0,0.0,0.0,1.35,87.0,20.5,0.0,43.5,0.0,7.5,0.0,0.0,9.34
134716,112459.0,111503.0,117546.0,127916.0,133775.0,125997.0,125874.0,120616.0,117017.0,120546.9,123220.6,19.0,34.0,26.5,10.5,51.0,0.0,0.0,0.0,9.21,26.0,23.5,0.0,34.7,0.0,15.3,0.0,0.0,9.35
139254,134716.0,112459.0,111503.0,125714.0,132331.0,126500.0,128524.0,128719.0,120616.0,121518.3,123739.8,31.0,47.0,39.0,31.2,84.0,0.23,0.0,0.0,3.14,89.0,11.0,0.0,31.7,0.0,18.3,0.0,0.0,9.37
134358,139254.0,134716.0,112459.0,125574.0,128868.0,126642.0,131138.0,128968.0,128719.0,123452.6,124529.8,34.0,41.0,37.5,23.8,65.0,0.0,0.0,0.0,8.49,83.0,12.5,0.0,34.3,0.0,15.7,0.0,0.0,9.38
132221,134358.0,139254.0,134716.0,123116.0,132307.0,124172.0,132700.0,129542.0,128968.0,124707.4,124812.6,25.0,34.0,29.5,21.0,72.0,0.38,5.8,5.9,8.92,61.0,20.5,0.0,35.3,0.0,14.7,0.0,0.0,9.4
137445,132221.0,134358.0,139254.0,117546.0,124106.0,120573.0,128072.0,130964.0,129542.0,126008.1,124935.8,20.0,30.0,25.0,13.1,71.0,0.0,0.0,3.1,10.0,9.0,25.0,0.0,30.7,0.0,19.3,1.0,0.0,9.42
133150,137445.0,132221.0,134358.0,111503.0,115095.0,117721.0,116338.0,132855.0,130964.0,128850.9,125146.1,29.0,40.0,34.5,28.5,85.0,0.1,0.0,3.1,2.96,96.0,15.5,0.0,29.7,0.0,20.3,1.0,0.0,9.44
127534,133150.0,137445.0,132221.0,112459.0,113618.0,118663.0,115082.0,125392.0,132855.0,131943.3,125161.1,24.0,40.0,32.0,14.6,55.0,0.0,0.0,0.0,9.92,37.0,18.0,0.0,30.5,0.0,19.5,0.0,0.0,9.46
138829,127534.0,133150.0,137445.0,134716.0,127916.0,133775.0,125997.0,121856.0,125392.0,134096.9,125143.1,15.0,24.0,19.5,-1.6,40.0,0.0,0.0,0.0,10.0,7.0,30.5,0.0,28.7,0.0,21.3,0.0,0.0,9.48
148481,138829.0,127534.0,133150.0,139254.0,125714.0,132331.0,126500.0,133886.0,121856.0,134684.4,125892.8,20.0,40.0,30.0,12.9,53.0,0.0,0.0,0.0,8.77,63.0,20.0,0.0,27.2,0.0,22.8,0.0,0.0,9.51
142547,148481.0,138829.0,127534.0,134358.0,125574.0,128868.0,126642.0,130237.0,133886.0,136002.6,127006.1,34.0,48.0,41.0,25.7,74.0,0.0,0.0,0.0,8.22,92.0,9.0,0.0,30.2,0.0,19.8,0.0,0.0,9.53
133542,142547.0,148481.0,138829.0,132221.0,123116.0,132307.0,124172.0,128863.0,130237.0,137172.4,127557.8,21.0,43.0,32.0,27.2,75.0,0.0,0.0,0.0,8.2,81.0,18.0,0.0,34.3,0.0,15.7,0.0,0.0,9.56
133409,133542.0,142547.0,148481.0,137445.0,117546.0,124106.0,120573.0,126268.0,128863.0,137361.1,127792.5,10.0,21.0,15.5,-5.5,36.0,0.0,0.0,0.0,9.95,46.0,34.5,0.0,29.5,0.0,20.5,1.0,0.0,9.58
140347,133409.0,133542.0,142547.0,133150.0,111503.0,115095.0,117721.0,127490.0,126268.0,136784.6,128018.1,10.0,37.0,23.5,6.0,57.0,0.37,0.8,0.0,5.54,56.0,26.5,0.0,23.7,0.0,26.3,1.0,0.0,9.61
139718,140347.0,133409.0,133542.0,127534.0,112459.0,113618.0,118663.0,118102.0,127490.0,137812.7,128557.3,34.0,44.0,39.0,32.9,81.0,1.16,0.0,0.0,4.19,95.0,11.0,0.0,26.0,0.0,24.0,0.0,1.0,9.63
135330,139718.0,140347.0,133409.0,138829.0,134716.0,127916.0,133775.0,117057.0,118102.0,139553.3,129195.4,29.0,36.0,32.5,16.3,57.0,0.0,0.0,0.0,7.9,51.0,17.5,0.0,31.7,0.0,18.3,0.0,0.0,9.66
139668,135330.0,139718.0,140347.0,148481.0,139254.0,125714.0,132331.0,122824.0,117057.0,139053.4,129782.4,28.0,49.0,38.5,25.3,69.0,0.0,0.0,0.0,6.84,79.0,11.5,0.0,36.7,0.0,13.3,0.0,0.0,9.69
135598,139668.0,135330.0,139718.0,142547.0,134358.0,125574.0,128868.0,129324.0,122824.0,137794.4,130482.6,22.0,46.0,34.0,23.9,69.0,0.3,0.0,0.0,6.04,85.0,16.0,0.0,35.0,0.0,15.0,0.0,0.0,9.72
137146,135598.0,139668.0,135330.0,133542.0,132221.0,123116.0,132307.0,131120.0,129324.0,136801.7,130543.3,14.0,22.0,18.0,0.2,47.0,0.0,0.0,0.0,9.56,81.0,32.0,0.0,30.2,0.0,19.8,0.0,0.0,9.75
149322,137146.0,135598.0,139668.0,133409.0,137445.0,117546.0,124106.0,132003.0,131120.0,137316.6,130703.8,13.0,29.0,21.0,3.5,50.0,0.0,0.0,0.0,11.24,41.0,29.0,0.0,24.3,0.0,25.7,1.0,0.0,9.78
139874,149322.0,137146.0,135598.0,140347.0,133150.0,111503.0,115095.0,128305.0,132003.0,139589.9,131385.6,24.0,37.0,30.5,8.8,45.0,0.02,0.2,0.0,9.38,66.0,19.5,0.0,23.2,0.0,26.8,1.0,0.0,9.81
132244,139874.0,149322.0,137146.0,139718.0,127534.0,112459.0,113618.0,125923.0,128305.0,139522.3,131637.9,26.0,36.0,31.0,21.5,72.0,0.0,0.0,0.0,7.56,91.0,19.0,0.0,27.5,0.0,22.5,0.0,0.0,9.84
140301,132244.0,139874.0,149322.0,135330.0,138829.0,134716.0,127916.0,128382.0,125923.0,138454.6,131909.1,28.0,42.0,35.0,24.6,68.0,0.0,0.0,0.0,8.0,63.0,15.0,0.0,32.2,0.0,17.8,0.0,0.0,9.87
137320,140301.0,132244.0,139874.0,139668.0,148481.0,139254.0,125714.0,136576.0,128382.0,139164.7,132749.3,20.0,28.0,24.0,5.7,50.0,0.0,0.0,0.0,11.72,0.0,26.0,0.0,30.0,0.0,20.0,0.0,0.0,9.91
144575,137320.0,140301.0,132244.0,135598.0,142547.0,134358.0,125574.0,135932.0,136576.0,138829.3,133539.4,17.0,32.0,24.5,6.5,51.0,0.0,0.0,0.0,11.35,16.0,25.5,0.0,27.8,0.0,22.2,0.0,0.0,9.94
145739,144575.0,137320.0,140301.0,137146.0,133542.0,132221.0,123116.0,134036.0,135932.0,140111.7,134094.7,29.0,32.0,30.5,20.8,69.0,0.13,1.2,0.0,4.06,100.0,19.5,0.0,26.3,0.0,23.7,0.0,0.0,9.98
142816,145739.0,144575.0,137320.0,149322.0,133409.0,137445.0,117546.0,138145.0,134036.0,141339.3,134762.2,12.0,29.0,20.5,8.5,71.0,0.77,7.3,5.9,4.23,98.0,29.5,0.0,25.2,0.0,24.8,1.0,0.0,10.01
142200,142816.0,145739.0,144575.0,139874.0,140347.0,133150.0,111503.0,146437.0,138145.0,140409.9,135336.9,12.0,26.0,19.0,3.5,63.0,0.0,0.0,7.1,12.68,28.0,31.0,0.0,23.3,0.0,26.7,1.0,0.0,10.05
142253,142200.0,142816.0,145739.0,132244.0,139718.0,127534.0,112459.0,136292.0,146437.0,140742.1,135973.1,21.0,31.0,26.0,5.9,73.0,0.0,0.0,5.9,11.49,38.0,24.0,0.0,21.8,0.0,28.2,0.0,0.0,10.08
147344,142253.0,142200.0,142816.0,140301.0,135330.0,138829.0,134716.0,135216.0,136292.0,142172.0,136796.6,23.0,36.0,29.5,13.5,76.0,0.0,0.0,5.9,12.62,31.0,20.5,0.0,24.8,0.0,25.2,0.0,0.0,10.12
142802,147344.0,142253.0,142200.0,137320.0,139668.0,148481.0,139254.0,140057.0,135216.0,143178.1,137991.3,32.0,47.0,39.5,29.1,94.0,0.0,0.0,3.9,9.85,96.0,10.5,0.0,31.7,0.0,18.3,0.0,0.0,10.16
137071,142802.0,147344.0,142253.0,144575.0,135598.0,142547.0,134358.0,137952.0,140057.0,143961.3,139002.8,42.0,52.0,47.0,41.1,98.0,0.42,0.0,2.0,2.11,100.0,3.0,0.0,38.7,0.0,11.3,0.0,0.0,10.2
133348,137071.0,142802.0,147344.0,145739.0,137146.0,133542.0,132221.0,138779.0,137952.0,142889.3,139081.3,26.0,57.0,41.5,36.8,91.0,0.72,0.0,0.0,1.94,100.0,8.5,0.0,42.7,0.0,7.3,0.0,0.0,10.24
135853,133348.0,137071.0,142802.0,142816.0,149322.0,133409.0,137445.0,135223.0,138779.0,141119.1,138884.4,19.0,27.0,23.0,9.7,54.0,0.0,0.0,0.0,12.8,42.0,27.0,0.0,37.2,0.0,12.8,1.0,0.0,10.27
135098,135853.0,133348.0,137071.0,142200.0,139874.0,140347.0,133150.0,130750.0,135223.0,140124.4,138934.2,17.0,30.0,23.5,8.1,55.0,0.0,0.0,0.0,11.96,29.0,26.5,0.0,29.3,0.0,20.7,1.0,0.0,10.31
134794,135098.0,135853.0,133348.0,142253.0,132244.0,139718.0,127534.0,122034.0,130750.0,139109.9,139030.1,30.0,37.0,33.5,28.7,87.0,0.15,0.0,0.0,2.31,96.0,16.5,0.0,26.7,0.0,23.3,0.0,0.0,10.35
140534,134794.0,135098.0,135853.0,147344.0,140301.0,135330.0,138829.0,125601.0,122034.0,138044.3,138941.8,32.0,45.0,38.5,28.4,74.0,0.07,0.0,0.0,12.79,37.0,11.5,0.0,31.8,0.0,18.2,0.0,0.0,10.39
134807,140534.0,134794.0,135098.0,142802.0,137320.0,139668.0,148481.0,141172.0,125601.0,137071.4,139187.9,29.0,46.0,37.5,23.0,68.0,0.0,0.0,0.0,13.19,1.0,12.5,0.0,36.5,0.0,13.5,0.0,0.0,10.43
134151,134807.0,140534.0,134794.0,137071.0,144575.0,135598.0,142547.0,140180.0,141172.0,135929.3,139430.3,37.0,54.0,45.5,29.5,68.0,0.0,0.0,0.0,12.8,28.0,4.5,0.0,40.5,0.0,9.5,0.0,0.0,10.47
129433,134151.0,134807.0,140534.0,133348.0,145739.0,137146.0,133542.0,138469.0,140180.0,135512.1,139274.4,38.0,57.0,47.5,28.3,65.0,0.0,0.0,0.0,13.69,17.0,2.5,0.0,43.5,0.0,6.5,0.0,0.0,10.51
126087,129433.0,134151.0,134807.0,135853.0,142816.0,149322.0,133409.0,139773.0,138469.0,134952.9,138639.5,42.0,59.0,50.5,32.1,51.0,0.0,0.0,0.0,11.73,84.0,0.0,0.0,47.8,0.0,2.3,1.0,0.0,10.55
114792,126087.0,129433.0,134151.0,135098.0,142200.0,139874.0,140347.0,140363.0,139773.0,133557.7,138090.8,25.0,42.0,33.5,23.9,72.0,0.23,1.6,1.2,3.22,100.0,16.5,0.0,43.8,0.0,6.3,1.0,0.0,10.59
123675,114792.0,126087.0,129433.0,134794.0,142253.0,132244.0,139718.0,132183.0,140363.0,130656.9,137465.8,16.0,25.0,20.5,4.0,52.0,0.0,0.0,1.2,15.07,14.0,29.5,0.0,34.8,0.0,15.3,0.0,0.0,10.63
145185,123675.0,114792.0,126087.0,140534.0,147344.0,140301.0,135330.0,126416.0,132183.0,129068.4,137141.3,16.0,30.0,23.0,2.2,43.0,0.0,0.0,0.0,14.99,6.0,27.0,0.0,25.7,0.0,24.3,0.0,0.0,10.68
146849,145185.0,123675.0,114792.0,134807.0,142802.0,137320.0,139668.0,130360.0,126416.0,129732.9,137302.6,28.0,49.0,38.5,23.6,68.0,0.0,0.0,0.0,12.25,66.0,11.5,0.0,27.3,0.0,22.7,0.0,0.0,10.72
137341,146849.0,145185.0,123675.0,134151.0,137071.0,144575.0,135598.0,129738.0,130360.0,131453.1,137540.3,49.0,68.0,58.5,44.0,74.0,0.31,0.0,0.0,8.6,100.0,0.0,0.0,40.0,0.0,12.8,0.0,0.0,10.76
125473,137341.0,146849.0,145185.0,129433.0,133348.0,145739.0,137146.0,135983.0,129738.0,131908.9,137607.3,27.0,63.0,45.0,31.7,63.0,0.33,0.0,0.0,13.99,48.0,5.0,0.0,47.3,0.0,5.5,0.0,0.0,10.8
126067,125473.0,137341.0,146849.0,126087.0,135853.0,142816.0,149322.0,140048.0,135983.0,131343.1,137134.2,23.0,40.0,31.5,13.5,53.0,0.0,0.0,0.0,10.07,29.0,18.5,0.0,45.0,0.0,7.8,1.0,0.0,10.85
125608,126067.0,125473.0,137341.0,114792.0,135098.0,142200.0,139874.0,138927.0,140048.0,131340.3,136816.5,21.0,36.0,28.5,8.2,45.0,0.0,0.0,0.0,15.01,22.0,21.5,0.0,35.0,0.0,15.0,1.0,0.0,10.89
126100,125608.0,126067.0,125473.0,123675.0,134794.0,142253.0,132244.0,128536.0,138927.0,132885.4,136431.9,32.0,55.0,43.5,27.2,68.0,0.0,0.0,0.0,14.9,29.0,6.5,0.0,34.5,0.0,15.5,0.0,1.0,10.93
123351,126100.0,125608.0,126067.0,145185.0,140534.0,147344.0,140301.0,126574.0,128536.0,133231.9,135657.8,37.0,61.0,49.0,42.6,88.0,0.26,0.0,0.0,5.98,95.0,1.0,0.0,40.3,0.0,9.7,0.0,0.0,10.98
126094,123351.0,126100.0,125608.0,146849.0,134807.0,142802.0,137320.0,136545.0,126574.0,130112.7,135107.0,35.0,68.0,51.5,46.9,74.0,0.0,0.0,0.0,10.6,88.0,0.0,0.0,48.0,0.0,2.5,0.0,0.0,11.02
122394,126094.0,123351.0,126100.0,137341.0,134151.0,137071.0,144575.0,131994.0,136545.0,127147.7,134902.0,29.0,35.0,32.0,13.3,47.0,0.0,0.0,0.0,6.36,98.0,18.0,0.0,44.2,0.0,6.3,0.0,0.0,11.07
132698,122394.0,126094.0,123351.0,125473.0,129433.0,133348.0,145739.0,126791.0,131994.0,125012.4,134305.1,26.0,41.0,33.5,26.8,77.0,0.74,0.4,0.0,5.47,82.0,16.5,0.0,39.0,0.0,11.5,0.0,0.0,11.11
135833,132698.0,122394.0,126094.0,126067.0,126087.0,135853.0,142816.0,125507.0,126791.0,126044.6,134151.1,24.0,37.0,30.5,14.2,55.0,0.0,0.0,0.0,13.02,74.0,19.5,0.0,32.0,0.0,18.0,1.0,0.0,11.16
127373,135833.0,132698.0,122394.0,125608.0,114792.0,135098.0,142200.0,126063.0,125507.0,127439.7,133859.7,28.0,48.0,38.0,18.4,52.0,0.0,0.0,0.0,16.76,20.0,12.0,0.0,34.0,0.0,16.0,1.0,0.0,11.2
121680,127373.0,135833.0,132698.0,126100.0,123675.0,134794.0,142253.0,118029.0,126063.0,127691.9,133247.5,26.0,36.0,31.0,11.5,48.0,0.0,0.0,0.0,17.24,37.0,19.0,0.0,33.2,0.0,16.8,0.0,0.0,11.24
135424,121680.0,127373.0,135833.0,123351.0,145185.0,140534.0,147344.0,116302.0,118029.0,127060.4,132542.9,31.0,48.0,39.5,26.7,70.0,0.0,0.0,0.0,8.03,91.0,10.5,0.0,36.2,0.0,13.8,0.0,0.0,11.29
133820,135424.0,121680.0,127373.0,126094.0,146849.0,134807.0,142802.0,127058.0,116302.0,128785.1,132317.1,40.0,52.0,46.0,31.1,67.0,0.0,0.0,0.0,16.47,41.0,4.0,0.0,38.8,0.0,11.2,0.0,0.0,11.33
126844,133820.0,135424.0,121680.0,122394.0,137341.0,134151.0,137071.0,135634.0,127058.0,129888.9,132036.0,24.0,48.0,36.0,21.3,55.0,0.03,0.0,0.0,17.46,50.0,14.0,0.0,40.5,0.0,9.5,0.0,0.0,11.38
128567,126844.0,133820.0,135424.0,132698.0,125473.0,129433.0,133348.0,128236.0,135634.0,130524.6,131352.6,21.0,37.0,29.0,10.1,48.0,0.0,0.0,0.0,18.19,21.0,21.0,0.0,37.0,0.0,13.0,0.0,0.0,11.42
134410,128567.0,126844.0,133820.0,135833.0,126067.0,126087.0,135853.0,128077.0,128236.0,129934.4,130878.1,32.0,46.0,39.0,22.3,62.0,0.0,0.0,0.0,12.11,94.0,11.0,0.0,34.7,0.0,15.3,1.0,0.0,11.47
120758,134410.0,128567.0,126844.0,127373.0,125608.0,114792.0,135098.0,133762.0,128077.0,129731.1,130789.4,43.0,68.0,55.5,48.5,83.0,0.06,0.0,0.0,8.57,99.0,0.0,0.0,41.2,0.0,10.7,1.0,0.0,11.51
113970,120758.0,134410.0,128567.0,121680.0,126100.0,123675.0,134794.0,124363.0,133762.0,128786.1,130369.8,50.0,74.0,62.0,54.0,73.0,0.03,0.0,0.0,11.78,97.0,0.0,0.0,52.2,0.0,3.7,0.0,0.0,11.56
121327,113970.0,120758.0,134410.0,135424.0,123351.0,145185.0,140534.0,121035.0,124363.0,127684.7,129640.3,39.0,50.0,44.5,24.2,51.0,0.0,0.0,0.0,17.63,80.0,5.5,0.0,54.0,0.0,1.8,0.0,0.0,11.6
122942,121327.0,113970.0,120758.0,133820.0,126094.0,146849.0,134807.0,130321.0,121035.0,125670.9,129181.3,33.0,41.0,37.0,32.0,87.0,0.56,0.4,0.0,1.6,100.0,13.0,0.0,47.8,0.0,6.2,0.0,0.0,11.65
130529,122942.0,121327.0,113970.0,126844.0,122394.0,137341.0,134151.0,122402.0,130321.0,124116.9,128786.2,33.0,51.0,42.0,31.7,81.0,0.0,0.0,0.0,15.77,84.0,8.0,0.0,41.2,0.0,8.8,0.0,0.0,11.69
127333,130529.0,122942.0,121327.0,128567.0,132698.0,125473.0,129433.0,120607.0,122402.0,124643.3,128452.7,40.0,55.0,47.5,32.4,76.0,0.0,0.0,0.0,18.44,28.0,2.5,0.0,42.2,0.0,7.8,0.0,0.0,11.74
123577,127333.0,130529.0,122942.0,134410.0,135833.0,126067.0,126087.0,118569.0,120607.0,124467.0,128203.6,24.0,48.0,36.0,28.3,80.0,0.5,0.0,0.0,2.42,91.0,14.0,0.0,41.8,0.0,8.2,1.0,0.0,11.78
122876,123577.0,127333.0,130529.0,120758.0,127373.0,125608.0,114792.0,115813.0,118569.0,122919.4,127851.1,22.0,35.0,28.5,9.9,47.0,0.0,0.0,0.0,18.75,53.0,21.5,0.0,37.3,0.0,12.7,1.0,0.0,11.83
121006,122876.0,123577.0,127333.0,113970.0,121680.0,126100.0,123675.0,110810.0,115813.0,123222.0,127632.6,33.0,56.0,44.5,27.5,59.0,0.0,0.0,0.0,19.17,53.0,5.5,0.0,36.3,0.0,13.7,0.0,0.0,11.87
128418,121006.0,122876.0,123577.0,121327.0,135424.0,123351.0,145185.0,106228.0,110810.0,124227.1,127463.2,46.0,68.0,57.0,36.6,62.0,0.0,0.0,0.0,16.72,78.0,0.0,0.0,43.3,0.0,9.0,0.0,0.0,11.92
121734,128418.0,121006.0,122876.0,122942.0,133820.0,126094.0,146849.0,130016.0,106228.0,125240.1,127917.4,48.0,67.0,57.5,41.3,75.0,0.0,0.0,0.0,19.34,21.0,0.0,0.0,53.0,0.0,1.8,0.0,0.0,11.97
119402,121734.0,128418.0,121006.0,130529.0,126844.0,122394.0,137341.0,132268.0,130016.0,125067.6,127852.7,45.0,53.0,49.0,45.9,96.0,0.08,0.0,0.0,5.45,95.0,1.0,0.0,54.5,0.0,0.3,0.0,0.0,12.01
122410,119402.0,121734.0,128418.0,127333.0,128567.0,132698.0,125473.0,127813.0,132268.0,123478.0,126993.3,50.0,74.0,62.0,50.2,89.0,0.0,0.0,0.0,18.67,54.0,0.0,0.0,56.2,0.0,0.3,0.0,0.0,12.06
119331,122410.0,119402.0,121734.0,123577.0,134410.0,135833.0,126067.0,125791.0,127813.0,122774.7,126178.6,49.0,70.0,59.5,51.7,90.0,0.05,0.0,0.0,12.93,81.0,0.0,0.0,56.8,0.0,0.3,1.0,0.0,12.1
110001,119331.0,122410.0,119402.0,122876.0,120758.0,127373.0,125608.0,126141.0,125791.0,122168.1,125578.3,46.0,61.0,53.5,41.3,69.0,0.0,0.0,0.0,11.19,58.0,0.0,0.0,58.3,0.0,0.0,1.0,0.0,12.15
107618,110001.0,119331.0,122410.0,121006.0,113970.0,121680.0,126100.0,114326.0,126141.0,120328.9,125062.6,44.0,62.0,53.0,29.1,46.0,0.0,0.0,0.0,19.7,30.0,0.0,0.0,55.3,0.0,0.0,0.0,0.0,12.19
118396,107618.0,110001.0,119331.0,128418.0,121327.0,135424.0,123351.0,108863.0,114326.0,118416.3,124447.6,43.0,58.0,50.5,23.4,41.0,0.0,0.0,0.0,19.86,74.0,0.0,0.0,52.3,0.0,0.0,0.0,0.0,12.24
118589,118396.0,107618.0,110001.0,121734.0,122942.0,133820.0,126094.0,118163.0,108863.0,116984.6,124207.2,38.0,49.0,43.5,26.5,58.0,0.06,0.0,0.0,11.64,99.0,6.5,0.0,49.0,0.0,2.2,0.0,0.0,12.28
122808,118589.0,118396.0,107618.0,119402.0,130529.0,126844.0,122394.0,117592.0,118163.0,116535.3,123956.8,38.0,47.0,42.5,42.2,91.0,0.93,0.0,0.0,5.75,100.0,7.5,0.0,45.5,0.0,4.7,0.0,0.0,12.33
126310,122808.0,118589.0,118396.0,122410.0,127333.0,128567.0,132698.0,119037.0,117592.0,117021.9,123938.7,44.0,60.0,52.0,39.6,72.0,0.02,0.0,0.0,16.92,76.0,0.0,0.0,46.0,0.0,4.7,0.0,0.0,12.37
121464,126310.0,122808.0,118589.0,119331.0,123577.0,134410.0,135833.0,117259.0,119037.0,117579.0,123945.9,42.0,53.0,47.5,35.2,66.0,0.0,0.0,0.0,13.8,82.0,2.5,0.0,47.3,0.0,3.3,1.0,0.0,12.42
111324,121464.0,126310.0,122808.0,110001.0,122876.0,120758.0,127373.0,116519.0,117259.0,117883.7,123914.9,28.0,46.0,37.0,24.2,55.0,0.0,0.0,0.0,13.19,56.0,13.0,0.0,45.5,0.0,5.2,1.0,0.0,12.46
113300,111324.0,121464.0,126310.0,107618.0,121006.0,113970.0,121680.0,104347.0,116519.0,118072.7,123202.5,23.0,33.0,28.0,3.5,36.0,0.0,0.0,0.0,19.04,61.0,22.0,0.0,37.5,0.0,12.5,0.0,0.0,12.51
135881,113300.0,111324.0,121464.0,118396.0,128418.0,121327.0,135424.0,105956.0,104347.0,118884.4,122451.4,24.0,38.0,31.0,10.2,43.0,0.0,0.0,0.0,21.1,25.0,19.0,0.0,32.0,0.0,18.0,0.0,0.0,12.55
137056,135881.0,113300.0,111324.0,118589.0,121734.0,122942.0,133820.0,114360.0,105956.0,121382.3,122735.0,29.0,47.0,38.0,19.4,54.0,0.0,0.0,0.0,12.42,66.0,12.0,0.0,32.3,0.0,17.7,0.0,0.0,12.6
131818,137056.0,135881.0,113300.0,122808.0,119402.0,130529.0,126844.0,114118.0,114360.0,124020.4,123247.5,45.0,66.0,55.5,49.8,81.0,0.07,0.0,0.0,8.9,93.0,0.0,0.0,41.5,0.0,10.3,0.0,0.0,12.65
124378,131818.0,137056.0,135881.0,126310.0,122410.0,127333.0,128567.0,114786.0,114118.0,125307.6,123127.3,43.0,61.0,52.0,41.1,70.0,0.28,0.0,0.0,12.72,68.0,0.0,0.0,48.5,0.0,4.0,0.0,0.0,12.69
120710,124378.0,131818.0,137056.0,121464.0,119331.0,123577.0,134410.0,116292.0,114786.0,125031.6,122812.6,38.0,54.0,46.0,26.4,54.0,0.0,0.0,0.0,23.15,50.0,4.0,0.0,51.2,0.0,1.3,1.0,0.0,12.74
111925,120710.0,124378.0,131818.0,111324.0,110001.0,122876.0,120758.0,120447.0,116292.0,124923.9,122608.1,40.0,48.0,44.0,36.2,79.0,0.12,0.0,0.0,6.93,91.0,6.0,0.0,47.3,0.0,3.3,1.0,0.0,12.78
112753,111925.0,120710.0,124378.0,113300.0,107618.0,121006.0,113970.0,111331.0,120447.0,125009.7,122053.4,39.0,54.0,46.5,30.6,58.0,0.0,0.0,0.0,17.36,65.0,3.5,0.0,45.5,0.0,4.5,0.0,0.0,12.83
122503,112753.0,111925.0,120710.0,135881.0,118396.0,128418.0,121327.0,104967.0,111331.0,124931.6,121331.5,45.0,57.0,51.0,35.3,73.0,0.04,0.0,0.0,10.19,72.0,0.0,0.0,47.2,0.0,3.2,0.0,0.0,12.87
122367,122503.0,112753.0,111925.0,137056.0,118589.0,121734.0,122942.0,114036.0,104967.0,123020.4,121389.6,44.0,53.0,48.5,44.9,88.0,0.45,0.0,0.0,7.86,100.0,1.5,0.0,48.7,0.0,1.7,0.0,0.0,12.92
124394,122367.0,122503.0,112753.0,131818.0,122808.0,119402.0,130529.0,113346.0,114036.0,120922.0,121669.5,45.0,54.0,49.5,45.4,91.0,1.12,0.0,0.0,3.56,99.0,0.5,0.0,49.7,0.0,0.7,0.0,0.0,12.96
125764,124394.0,122367.0,122503.0,124378.0,126310.0,122410.0,127333.0,113367.0,113346.0,119861.4,121771.8,49.0,65.0,57.0,41.3,68.0,0.03,0.0,0.0,22.74,40.0,0.0,0.0,51.7,0.0,0.7,0.0,0.0,13.0
119287,125764.0,124394.0,122367.0,120710.0,121464.0,119331.0,123577.0,113231.0,113367.0,120059.4,121865.8,47.0,55.0,51.0,39.4,72.0,0.05,0.0,0.0,19.4,65.0,0.0,0.0,52.5,0.0,0.2,1.0,0.0,13.05
109426,119287.0,125764.0,124394.0,111925.0,111324.0,110001.0,122876.0,113740.0,113231.0,119856.1,121491.1,42.0,50.0,46.0,29.3,56.0,0.0,0.0,0.0,15.85,69.0,4.0,0.0,51.3,0.0,1.3,1.0,0.0,13.09
109935,109426.0,119287.0,125764.0,112753.0,113300.0,107618.0,121006.0,105504.0,113740.0,119499.1,120894.2,40.0,61.0,50.5,32.7,61.0,0.0,0.0,0.0,23.9,49.0,0.0,0.0,49.2,0.0,1.3,0.0,0.0,13.14
120604,109935.0,109426.0,119287.0,122503.0,135881.0,118396.0,128418.0,105602.0,105504.0,119096.6,120439.5,50.0,72.0,61.0,44.6,69.0,0.07,0.0,0.0,17.92,50.0,0.0,0.0,52.5,0.0,1.3,0.0,0.0,13.18
120024,120604.0,109935.0,109426.0,122367.0,137056.0,118589.0,121734.0,117678.0,105602.0,118825.3,120363.7,55.0,71.0,63.0,47.5,73.0,0.0,0.0,0.0,19.57,70.0,0.0,0.0,58.2,0.0,0.0,0.0,0.0,13.22
119341,120024.0,120604.0,109935.0,124394.0,131818.0,122808.0,119402.0,115146.0,117678.0,118490.6,120331.0,57.0,79.0,68.0,56.5,70.0,0.06,0.0,0.0,20.07,89.0,0.0,3.0,64.0,1.0,0.0,0.0,0.0,13.26
124219,119341.0,120024.0,120604.0,125764.0,124378.0,126310.0,122410.0,114547.0,115146.0,117768.7,120028.4,52.0,70.0,61.0,33.2,44.0,0.0,0.0,0.0,25.35,25.0,0.0,0.0,64.0,1.0,0.0,0.0,0.0,13.31
114675,124219.0,119341.0,120024.0,119287.0,120710.0,121464.0,119331.0,116273.0,114547.0,117548.0,120111.3,44.0,73.0,58.5,41.5,58.0,0.2,0.0,0.0,14.62,94.0,0.0,0.0,62.5,1.0,0.0,1.0,0.0,13.35
106763,114675.0,124219.0,119341.0,109426.0,111925.0,111324.0,110001.0,115586.0,116273.0,116889.1,119953.7,41.0,51.0,46.0,28.1,56.0,0.0,0.0,0.0,23.07,29.0,4.0,0.0,55.2,0.0,1.3,1.0,0.0,13.39
104143,106763.0,114675.0,124219.0,109935.0,112753.0,113300.0,107618.0,106596.0,115586.0,116508.7,119432.1,39.0,54.0,46.5,31.5,65.0,0.85,0.0,0.0,16.1,65.0,3.5,0.0,50.3,0.0,2.5,0.0,0.0,13.44
118648,104143.0,106763.0,114675.0,120604.0,122503.0,135881.0,118396.0,103432.0,106596.0,115681.3,118925.9,39.0,50.0,44.5,33.4,65.0,1.24,0.0,0.0,19.73,54.0,5.5,0.0,45.7,0.0,4.3,0.0,0.0,13.48
121388,118648.0,104143.0,106763.0,120024.0,122367.0,137056.0,118589.0,113034.0,103432.0,115401.9,119214.1,42.0,60.0,51.0,29.5,52.0,0.0,0.0,0.0,26.15,23.0,0.0,0.0,47.3,0.0,3.0,0.0,0.0,13.52
118785,121388.0,118648.0,104143.0,119341.0,124394.0,131818.0,122808.0,113496.0,113034.0,115596.7,119673.1,44.0,59.0,51.5,40.6,75.0,0.0,0.0,0.0,15.83,89.0,0.0,0.0,49.0,0.0,1.8,0.0,0.0,13.56
117962,118785.0,121388.0,118648.0,124219.0,125764.0,124378.0,126310.0,113972.0,113496.0,115517.3,119686.1,53.0,70.0,61.5,40.7,60.0,0.0,0.0,0.0,26.19,26.0,0.0,0.0,54.7,0.0,0.0,0.0,0.0,13.61
115266,117962.0,118785.0,121388.0,114675.0,119287.0,120710.0,121464.0,117557.0,113972.0,114623.4,119665.2,51.0,65.0,58.0,37.5,62.0,0.0,0.0,0.0,16.0,86.0,0.0,0.0,57.0,0.0,0.0,1.0,0.0,13.65
104963,115266.0,117962.0,118785.0,106763.0,109426.0,111925.0,111324.0,114808.0,117557.0,114707.9,119413.8,48.0,63.0,55.5,39.5,64.0,0.0,0.0,0.0,23.41,38.0,0.0,0.0,58.3,0.0,0.0,1.0,0.0,13.69
103141,104963.0,115266.0,117962.0,104143.0,109935.0,112753.0,113300.0,103866.0,114808.0,114450.7,118702.2,46.0,58.0,52.0,36.2,60.0,0.0,0.0,0.0,22.63,94.0,0.0,0.0,55.2,0.0,0.0,0.0,0.0,13.73
116707,103141.0,104963.0,115266.0,118648.0,120604.0,122503.0,135881.0,103336.0,103866.0,114307.6,118091.4,52.0,60.0,56.0,50.4,85.0,0.02,0.0,0.0,6.47,100.0,0.0,0.0,54.5,0.0,0.0,0.0,0.0,13.77
117936,116707.0,103141.0,104963.0,121388.0,120024.0,122367.0,137056.0,113175.0,103336.0,114030.3,118270.9,41.0,58.0,49.5,33.3,56.0,0.0,0.0,0.0,21.2,57.0,0.5,0.0,52.5,0.0,0.2,0.0,0.0,13.81
117033,117936.0,116707.0,103141.0,118785.0,119341.0,124394.0,131818.0,113664.0,113175.0,113537.1,118425.4,40.0,58.0,49.0,21.1,40.0,0.0,0.0,0.0,26.9,23.0,1.0,0.0,51.5,0.0,0.5,0.0,0.0,13.85
118417,117033.0,117936.0,116707.0,117962.0,124219.0,125764.0,124378.0,116211.0,113664.0,113286.9,117797.1,41.0,63.0,52.0,20.0,33.0,0.0,0.0,0.0,28.34,0.0,0.0,0.0,50.2,0.0,0.5,0.0,0.0,13.89
116328,118417.0,117033.0,117936.0,115266.0,114675.0,119287.0,120710.0,119535.0,116211.0,113351.9,117175.8,44.0,68.0,56.0,27.8,42.0,0.0,0.0,0.0,28.02,9.0,0.0,0.0,52.3,0.0,0.3,1.0,0.0,13.93
105598,116328.0,118417.0,117033.0,104963.0,106763.0,109426.0,111925.0,115848.0,119535.0,113503.6,116659.5,47.0,69.0,58.0,38.7,61.0,0.0,0.0,0.0,25.49,66.0,0.0,0.0,55.3,0.0,0.0,1.0,0.0,13.97
103273,105598.0,116328.0,118417.0,103141.0,104143.0,109935.0,112753.0,103765.0,115848.0,113594.3,116033.5,51.0,56.0,53.5,49.5,86.0,0.23,0.0,0.0,7.36,90.0,0.0,0.0,55.8,0.0,0.0,0.0,0.0,14.01
116909,103273.0,105598.0,116328.0,116707.0,118648.0,120604.0,122503.0,104744.0,103765.0,113613.1,115452.3,51.0,62.0,56.5,47.1,80.0,0.0,0.0,0.0,21.23,66.0,0.0,0.0,56.0,0.0,0.0,0.0,0.0,14.04
116246,116909.0,103273.0,105598.0,117936.0,121388.0,120024.0,122367.0,116045.0,104744.0,113642.0,115618.4,50.0,65.0,57.5,51.7,86.0,0.08,0.0,0.0,11.3,88.0,0.0,0.0,55.8,0.0,0.0,0.0,0.0,14.08
118020,116246.0,116909.0,103273.0,117033.0,118785.0,119341.0,124394.0,115824.0,116045.0,113400.6,115734.8,56.0,74.0,65.0,48.7,68.0,0.0,0.0,0.0,26.3,74.0,0.0,0.0,59.7,0.0,0.0,0.0,0.0,14.12
117381,118020.0,116246.0,116909.0,118417.0,117962.0,124219.0,125764.0,115496.0,115824.0,113541.6,115585.4,49.0,61.0,55.0,51.0,88.0,0.69,0.0,0.0,3.87,100.0,0.0,0.0,59.2,0.0,0.0,0.0,0.0,14.15
117185,117381.0,118020.0,116246.0,116328.0,115266.0,114675.0,119287.0,112628.0,115496.0,113393.6,115419.2,45.0,50.0,47.5,44.0,86.0,0.92,0.0,0.0,3.07,100.0,2.5,0.0,55.8,0.0,0.8,1.0,0.0,14.19
110153,117185.0,117381.0,118020.0,105598.0,104963.0,106763.0,109426.0,111869.0,112628.0,113516.0,115178.9,45.0,58.0,51.5,34.5,57.0,0.0,0.0,0.0,11.16,98.0,0.0,0.0,51.3,0.0,0.8,1.0,0.0,14.23
105750,110153.0,117185.0,117381.0,103273.0,103141.0,104143.0,109935.0,104435.0,111869.0,114166.7,114658.5,47.0,70.0,58.5,32.2,44.0,0.0,0.0,0.0,28.71,6.0,0.0,0.0,52.5,0.0,0.8,0.0,0.0,14.26
115489,105750.0,110153.0,117185.0,116909.0,116707.0,118648.0,120604.0,101730.0,104435.0,114520.6,114207.3,51.0,73.0,62.0,31.5,39.0,0.0,0.0,0.0,27.51,14.0,0.0,0.0,57.3,0.0,0.0,0.0,0.0,14.3
115833,115489.0,105750.0,110153.0,116246.0,117936.0,121388.0,120024.0,113642.0,101730.0,114317.7,114409.4,53.0,75.0,64.0,42.8,57.0,0.0,0.0,0.0,21.12,37.0,0.0,0.0,61.5,0.0,0.0,0.0,0.0,14.33
116769,115833.0,115489.0,105750.0,118020.0,117033.0,118785.0,119341.0,112533.0,113642.0,114258.7,114606.0,58.0,75.0,66.5,55.1,84.0,0.0,0.0,0.0,14.13,72.0,0.0,1.5,64.2,0.5,0.0,0.0,0.0,14.37
120169,116769.0,115833.0,115489.0,117381.0,118417.0,117962.0,124219.0,112466.0,112533.0,114080.0,114478.2,57.0,72.0,64.5,59.7,93.0,0.03,0.0,0.0,8.79,100.0,0.0,0.0,65.0,0.5,0.0,0.0,0.0,14.4
122073,120169.0,116769.0,115833.0,117185.0,116328.0,115266.0,114675.0,112234.0,112466.0,114478.3,114483.0,60.0,72.0,66.0,61.4,95.0,0.22,0.0,0.0,10.55,100.0,0.0,1.0,65.7,0.8,0.0,1.0,0.0,14.43
113959,122073.0,120169.0,116769.0,110153.0,105598.0,104963.0,106763.0,114713.0,112234.0,115176.6,114574.1,60.0,76.0,68.0,61.1,90.0,0.1,0.0,0.0,19.65,87.0,0.0,3.0,66.2,1.3,0.0,1.0,0.0,14.47
113589,113959.0,122073.0,120169.0,105750.0,103273.0,103141.0,104143.0,106969.0,114713.0,115720.3,114232.1,61.0,75.0,68.0,62.8,88.0,0.12,0.0,0.0,19.65,65.0,0.0,3.0,67.3,2.3,0.0,0.0,0.0,14.5
132166,113589.0,113959.0,122073.0,115489.0,116909.0,116707.0,118648.0,106379.0,106969.0,116840.1,114195.9,57.0,77.0,67.0,47.4,58.0,0.0,0.0,0.0,26.18,7.0,0.0,2.0,67.7,2.7,0.0,0.0,0.0,14.53
125326,132166.0,113589.0,113959.0,115833.0,116246.0,117936.0,121388.0,119562.0,106379.0,119222.6,115042.6,55.0,72.0,63.5,43.7,54.0,0.01,0.0,0.0,27.2,61.0,0.0,0.0,66.2,1.7,0.0,0.0,0.0,14.56
121073,125326.0,132166.0,113589.0,116769.0,118020.0,117033.0,118785.0,125449.0,119562.0,120578.7,115748.7,54.0,66.0,60.0,54.0,80.0,0.73,0.0,0.0,12.34,82.0,0.0,0.0,63.5,0.7,0.0,0.0,0.0,14.59
120697,121073.0,125326.0,132166.0,120169.0,117381.0,118417.0,117962.0,135636.0,125449.0,121193.6,115829.6,55.0,69.0,62.0,58.2,88.0,0.4,0.0,0.0,19.71,78.0,0.0,0.0,61.8,0.0,0.0,0.0,0.0,14.62
121752,120697.0,121073.0,125326.0,122073.0,117185.0,116328.0,115266.0,127285.0,135636.0,121269.0,115806.5,62.0,90.0,76.0,67.3,82.0,0.0,0.0,0.0,26.67,51.0,0.0,11.0,66.0,3.7,0.0,1.0,0.0,14.65
129498,121752.0,120697.0,121073.0,113959.0,110153.0,105598.0,104963.0,125978.0,127285.0,121223.1,115905.4,72.0,89.0,80.5,67.5,73.0,0.0,0.0,0.0,25.11,53.0,0.0,15.5,72.8,8.8,0.0,1.0,0.0,14.67
147492,129498.0,121752.0,120697.0,113589.0,105750.0,103273.0,103141.0,131007.0,125978.0,123443.0,116290.0,61.0,73.0,67.0,48.0,53.0,0.0,0.0,0.0,26.89,100.0,0.0,2.0,74.5,9.5,0.0,0.0,0.0,14.7
137095,147492.0,129498.0,121752.0,132166.0,115489.0,116909.0,116707.0,143933.0,131007.0,128286.3,117364.2,57.0,67.0,62.0,50.7,69.0,0.0,0.0,0.0,16.88,98.0,0.0,0.0,69.8,5.8,0.0,0.0,0.0,14.73
125399,137095.0,147492.0,129498.0,125326.0,115833.0,116246.0,117936.0,128641.0,143933.0,128990.4,118435.2,53.0,70.0,61.5,48.1,69.0,0.0,0.0,0.0,23.25,95.0,0.0,0.0,63.5,0.7,0.0,0.0,0.0,14.75
121071,125399.0,137095.0,147492.0,121073.0,116769.0,118020.0,117033.0,124219.0,128641.0,129000.9,119177.2,54.0,70.0,62.0,53.1,77.0,0.0,0.0,0.0,24.36,89.0,0.0,0.0,61.8,0.0,0.0,0.0,0.0,14.78
121600,121071.0,125399.0,137095.0,120697.0,120169.0,117381.0,118417.0,143580.0,124219.0,129000.6,119322.6,65.0,80.0,72.5,64.0,89.0,0.27,0.0,0.0,12.82,100.0,0.0,7.5,65.3,2.5,0.0,0.0,0.0,14.8
133313,121600.0,121071.0,125399.0,121752.0,122073.0,117185.0,116328.0,144678.0,143580.0,129129.6,119444.8,63.0,74.0,68.5,63.4,84.0,0.72,0.0,0.0,18.22,76.0,0.0,3.5,67.7,3.7,0.0,1.0,0.0,14.82
122247,133313.0,121600.0,121071.0,129498.0,113959.0,110153.0,105598.0,121714.0,144678.0,130781.1,119987.4,59.0,77.0,68.0,56.0,70.0,0.0,0.0,0.0,23.54,38.0,0.0,3.0,69.7,4.7,0.0,1.0,0.0,14.84
116688,122247.0,133313.0,121600.0,147492.0,113589.0,105750.0,103273.0,105407.0,121714.0,129745.3,120115.1,63.0,84.0,73.5,62.5,74.0,0.0,0.0,0.0,27.66,60.0,0.0,8.5,70.0,5.0,0.0,0.0,1.0,14.87
133272,116688.0,122247.0,133313.0,137095.0,132166.0,115489.0,116909.0,104357.0,105407.0,125344.7,120127.1,65.0,93.0,79.0,64.7,61.0,0.0,0.0,0.0,27.5,67.0,0.0,14.0,73.5,8.5,0.0,0.0,0.0,14.89
175375,133272.0,116688.0,122247.0,125399.0,125326.0,115833.0,116246.0,104281.0,104357.0,124798.6,121049.6,60.0,72.0,66.0,58.2,79.0,0.71,0.0,0.0,22.3,99.0,0.0,1.0,72.8,7.8,0.0,0.0,0.0,14.91
138381,175375.0,133272.0,116688.0,121071.0,121073.0,116769.0,118020.0,118089.0,104281.0,131938.0,123453.0,62.0,79.0,70.5,64.5,86.0,0.45,0.0,0.0,16.81,98.0,0.0,5.5,71.8,6.8,0.0,0.0,0.0,14.93
144168,138381.0,175375.0,133272.0,121600.0,120697.0,120169.0,117381.0,122150.0,118089.0,134410.9,124168.7,62.0,76.0,69.0,61.8,78.0,0.0,0.0,0.0,21.09,89.0,0.0,4.0,68.5,3.5,0.0,0.0,0.0,14.94
140673,144168.0,138381.0,175375.0,133313.0,121752.0,122073.0,117185.0,125374.0,122150.0,137634.9,125099.4,61.0,80.0,70.5,54.1,63.0,0.0,0.0,0.0,28.35,4.0,0.0,5.5,70.0,5.0,0.0,1.0,0.0,14.96
127057,140673.0,144168.0,138381.0,122247.0,129498.0,113959.0,110153.0,134942.0,125374.0,138686.3,125854.5,57.0,77.0,67.0,46.7,52.0,0.0,0.0,0.0,29.35,30.0,0.0,2.0,68.8,3.8,0.0,1.0,0.0,14.98
119538,127057.0,140673.0,144168.0,116688.0,147492.0,113589.0,105750.0,139282.0,134942.0,139373.4,126177.1,63.0,80.0,71.5,50.1,55.0,0.0,0.0,0.0,28.14,35.0,0.0,6.5,69.7,4.7,0.0,0.0,0.0,14.99
137896,119538.0,127057.0,140673.0,133272.0,137095.0,132166.0,115489.0,157383.0,139282.0,139780.6,126255.5,63.0,78.0,70.5,56.2,67.0,0.08,0.0,0.0,21.1,87.0,0.0,5.5,69.7,4.7,0.0,0.0,0.0,15.01
140917,137896.0,119538.0,127057.0,175375.0,125399.0,125326.0,115833.0,182078.0,157383.0,140441.1,127180.3,66.0,82.0,74.0,61.9,71.0,0.03,0.0,0.0,27.91,76.0,0.0,9.0,72.0,7.0,0.0,0.0,0.0,15.02
155202,140917.0,137896.0,119538.0,138381.0,121071.0,121073.0,116769.0,183066.0,182078.0,135518.6,128352.5,65.0,81.0,73.0,62.3,72.0,0.83,0.0,0.0,23.77,55.0,0.0,8.0,72.5,7.5,0.0,0.0,0.0,15.03
158163,155202.0,140917.0,137896.0,144168.0,121600.0,120697.0,120169.0,185200.0,183066.0,137921.6,129676.3,63.0,77.0,70.0,51.4,56.0,0.0,0.0,0.0,27.1,63.0,0.0,5.0,72.3,7.3,0.0,0.0,0.0,15.05
143138,158163.0,155202.0,140917.0,140673.0,133313.0,121752.0,122073.0,164490.0,185200.0,139920.9,131087.3,66.0,74.0,70.0,54.3,62.0,0.0,0.0,0.0,15.4,80.0,0.0,5.0,71.0,6.0,0.0,1.0,0.0,15.06
129673,143138.0,158163.0,155202.0,127057.0,122247.0,129498.0,113959.0,133401.0,164490.0,140273.0,131966.2,63.0,72.0,67.5,61.8,85.0,0.05,0.0,0.0,12.3,92.0,0.0,2.5,69.2,4.2,0.0,1.0,0.0,15.07
124392,129673.0,143138.0,158163.0,119538.0,116688.0,147492.0,113589.0,118807.0,133401.0,140646.7,132283.0,68.0,85.0,76.5,65.1,76.0,0.0,0.0,0.0,24.16,60.0,0.0,11.5,71.3,6.3,0.0,0.0,0.0,15.07
160107,124392.0,129673.0,143138.0,137896.0,133272.0,137095.0,132166.0,117076.0,118807.0,141340.1,132360.3,68.0,81.0,74.5,55.7,56.0,0.0,0.0,0.0,23.55,67.0,0.0,9.5,72.8,7.8,0.0,0.0,0.0,15.08
152013,160107.0,124392.0,129673.0,140917.0,175375.0,125399.0,125326.0,134552.0,117076.0,144513.1,133898.6,66.0,83.0,74.5,58.9,67.0,0.0,0.0,0.0,27.08,71.0,0.0,9.5,75.2,10.2,0.0,0.0,0.0,15.09
154053,152013.0,160107.0,124392.0,155202.0,138381.0,121071.0,121073.0,142937.0,134552.0,146098.3,135179.4,61.0,71.0,66.0,60.7,77.0,0.32,0.0,0.0,15.72,92.0,0.0,1.0,71.7,6.7,0.0,0.0,0.0,15.09
142516,154053.0,152013.0,160107.0,158163.0,144168.0,121600.0,120697.0,135297.0,142937.0,145934.1,135909.0,69.0,88.0,78.5,61.4,62.0,0.0,0.0,0.0,25.08,37.0,0.0,13.5,73.0,8.0,0.0,0.0,0.0,15.1
161751,142516.0,154053.0,152013.0,143138.0,140673.0,133313.0,121752.0,132504.0,135297.0,143698.9,136482.0,58.0,75.0,66.5,48.5,53.0,0.0,0.0,0.0,22.54,46.0,0.0,1.5,70.3,5.3,0.0,1.0,0.0,15.1
125441,161751.0,142516.0,154053.0,129673.0,127057.0,122247.0,129498.0,141117.0,132504.0,146357.9,137837.9,54.0,73.0,63.5,39.2,42.0,0.0,0.0,0.0,27.82,24.0,0.0,0.0,69.5,5.0,0.0,1.0,1.0,15.1
109016,125441.0,161751.0,142516.0,124392.0,119538.0,116688.0,147492.0,144873.0,141117.0,145753.3,137996.0,57.0,78.0,67.5,44.0,45.0,0.0,0.0,0.0,27.91,57.0,0.0,2.5,65.8,1.3,0.0,0.0,1.0,15.1
126826,109016.0,125441.0,161751.0,160107.0,137896.0,133272.0,137095.0,147051.0,144873.0,143556.7,137571.5,63.0,80.0,71.5,51.4,56.0,0.06,0.0,0.0,14.14,100.0,0.0,6.5,67.5,3.0,0.0,0.0,0.0,15.1
139512,126826.0,109016.0,125441.0,152013.0,140917.0,175375.0,125399.0,180010.0,147051.0,138802.3,137482.4,62.0,67.0,64.5,60.0,83.0,0.02,0.0,0.0,12.68,99.0,0.0,0.0,67.8,3.0,0.0,0.0,0.0,15.1
134420,139512.0,126826.0,109016.0,154053.0,155202.0,138381.0,121071.0,155375.0,180010.0,137016.4,137216.4,61.0,74.0,67.5,59.4,78.0,0.08,0.0,0.0,16.71,83.0,0.0,2.5,67.8,3.0,0.0,0.0,0.0,15.1
133783,134420.0,139512.0,126826.0,142516.0,158163.0,144168.0,121600.0,129862.0,155375.0,134211.7,137127.3,63.0,81.0,72.0,61.7,78.0,0.0,0.0,0.0,24.69,28.0,0.0,7.0,68.0,3.2,0.0,0.0,0.0,15.1
143764,133783.0,134420.0,139512.0,161751.0,143138.0,140673.0,133313.0,133803.0,129862.0,132964.1,137406.7,69.0,90.0,79.5,61.7,66.0,0.0,0.0,0.0,28.98,12.0,0.0,14.5,73.0,8.0,0.0,1.0,0.0,15.09
149562,143764.0,133783.0,134420.0,125441.0,129673.0,127057.0,122247.0,138370.0,133803.0,130394.6,138163.2,74.0,89.0,81.5,62.7,64.0,0.0,0.0,0.0,26.54,35.0,0.0,16.5,77.7,12.7,0.0,1.0,0.0,15.09
155264,149562.0,143764.0,133783.0,109016.0,124392.0,119538.0,116688.0,147001.0,138370.0,133840.4,139095.2,69.0,77.0,73.0,66.3,76.0,0.29,0.0,0.0,11.54,84.0,0.0,8.0,78.0,13.0,0.0,0.0,0.0,15.08
164152,155264.0,149562.0,143764.0,126826.0,160107.0,137896.0,133272.0,159179.0,147001.0,140447.3,139826.9,66.0,79.0,72.5,53.0,54.0,0.0,0.0,0.0,27.82,61.0,0.0,7.5,75.7,10.7,0.0,0.0,0.0,15.08
148109,164152.0,155264.0,149562.0,139512.0,152013.0,140917.0,175375.0,194131.0,159179.0,145779.6,141223.8,66.0,84.0,75.0,58.0,62.0,0.0,0.0,0.0,27.54,33.0,0.0,10.0,73.5,8.5,0.0,0.0,0.0,15.07
153946,148109.0,164152.0,155264.0,134420.0,154053.0,155202.0,138381.0,206885.0,194131.0,147007.7,142271.1,69.0,86.0,77.5,57.8,57.0,0.0,0.0,0.0,28.28,15.0,0.0,12.5,75.0,10.0,0.0,0.0,0.0,15.06
162912,153946.0,148109.0,164152.0,133783.0,142516.0,158163.0,144168.0,212086.0,206885.0,149797.1,142960.3,73.0,91.0,82.0,66.0,67.0,0.0,0.0,0.0,24.91,43.0,0.0,17.0,78.2,13.2,0.0,0.0,0.0,15.05
179043,162912.0,153946.0,148109.0,143764.0,161751.0,143138.0,140673.0,185946.0,212086.0,153958.4,142544.8,73.0,87.0,80.0,70.4,77.0,0.0,0.0,0.0,17.49,91.0,0.0,15.0,79.8,14.8,0.0,1.0,0.0,15.04
170430,179043.0,162912.0,153946.0,149562.0,125441.0,129673.0,127057.0,161877.0,185946.0,158998.3,143900.2,73.0,88.0,80.5,59.1,60.0,0.0,0.0,0.0,23.48,49.0,0.0,15.5,80.8,15.8,0.0,1.0,0.0,15.03
154052,170430.0,179043.0,162912.0,155264.0,109016.0,124392.0,119538.0,120541.0,161877.0,161979.4,144775.6,65.0,85.0,75.0,50.0,43.0,0.0,0.0,0.0,28.01,26.0,0.0,10.0,78.5,13.5,0.0,0.0,1.0,15.01
144918,154052.0,170430.0,179043.0,164152.0,126826.0,160107.0,137896.0,118334.0,120541.0,161806.3,145221.6,70.0,87.0,78.5,61.9,64.0,0.09,0.0,0.0,19.15,89.0,0.0,13.5,78.0,13.0,0.0,0.0,0.0,15.0
166529,144918.0,154052.0,170430.0,148109.0,139512.0,152013.0,140917.0,141039.0,118334.0,159058.6,145817.0,71.0,85.0,78.0,65.8,66.0,0.0,0.0,0.0,23.62,85.0,0.0,13.0,77.2,12.2,0.0,0.0,0.0,14.99
177523,166529.0,144918.0,154052.0,153946.0,134420.0,154053.0,155202.0,178255.0,141039.0,161690.0,147383.3,69.0,84.0,76.5,62.3,66.0,0.0,0.0,0.0,16.4,87.0,0.0,11.5,77.7,12.7,0.0,0.0,0.0,14.97
167089,177523.0,166529.0,144918.0,162912.0,133783.0,142516.0,158163.0,190084.0,178255.0,165058.1,148704.2,68.0,83.0,75.5,66.3,77.0,0.24,0.0,0.0,20.8,97.0,0.0,10.5,76.7,11.7,0.0,0.0,0.0,14.95
163633,167089.0,177523.0,166529.0,179043.0,143764.0,161751.0,143138.0,184239.0,190084.0,165654.9,149576.6,71.0,85.0,78.0,61.7,65.0,0.0,0.0,0.0,25.14,92.0,0.0,13.0,76.7,11.7,0.0,1.0,0.0,14.94
150168,163633.0,167089.0,177523.0,170430.0,149562.0,125441.0,129673.0,172232.0,184239.0,163453.4,149857.7,67.0,83.0,75.0,55.4,56.0,0.0,0.0,0.0,28.73,13.0,0.0,10.0,76.2,11.2,0.0,1.0,0.0,14.92
139373,150168.0,163633.0,167089.0,154052.0,155264.0,109016.0,124392.0,152105.0,172232.0,160558.9,149591.2,67.0,85.0,76.0,59.0,64.0,0.0,0.0,0.0,27.17,6.0,0.0,11.0,76.3,11.3,0.0,0.0,0.0,14.9
157769,139373.0,150168.0,163633.0,144918.0,164152.0,126826.0,160107.0,146754.0,152105.0,158461.9,149465.7,70.0,90.0,80.0,64.2,61.0,0.0,0.0,0.0,24.33,41.0,0.0,15.0,77.0,12.0,0.0,0.0,0.0,14.88
174348,157769.0,139373.0,150168.0,166529.0,148109.0,139512.0,152013.0,176422.0,146754.0,160297.7,150402.2,74.0,91.0,82.5,63.8,60.0,0.0,0.0,0.0,24.64,51.0,0.0,17.5,79.5,14.5,0.0,0.0,0.0,14.86
184608,174348.0,157769.0,139373.0,177523.0,153946.0,134420.0,154053.0,157758.0,176422.0,161414.7,152067.4,72.0,90.0,81.0,62.5,59.0,0.0,0.0,0.0,23.0,43.0,0.0,16.0,81.2,16.2,0.0,0.0,0.0,14.83
183502,184608.0,174348.0,157769.0,167089.0,162912.0,133783.0,142516.0,169728.0,157758.0,162426.9,152884.1,73.0,86.0,79.5,59.2,58.0,0.0,0.0,0.0,23.25,24.0,0.0,14.5,81.0,16.0,0.0,0.0,0.0,14.81
171094,183502.0,184608.0,174348.0,163633.0,179043.0,143764.0,161751.0,183799.0,169728.0,164771.6,153933.7,66.0,85.0,75.5,67.7,80.0,1.11,0.0,0.0,19.22,87.0,0.0,10.5,78.7,13.7,0.0,1.0,0.0,14.79
158680,171094.0,183502.0,184608.0,150168.0,170430.0,149562.0,125441.0,198095.0,183799.0,165837.4,154501.8,71.0,83.0,77.0,68.5,80.0,0.0,0.0,0.0,20.37,81.0,0.0,12.0,77.3,12.3,0.0,1.0,0.0,14.76
159519,158680.0,171094.0,183502.0,139373.0,154052.0,155264.0,109016.0,181974.0,198095.0,167053.4,155040.6,69.0,81.0,75.0,71.9,84.0,1.85,0.0,0.0,14.04,96.0,0.0,10.0,75.8,10.8,0.0,0.0,0.0,14.74
184640,159519.0,158680.0,171094.0,157769.0,144918.0,164152.0,126826.0,163541.0,181974.0,169931.4,154966.2,73.0,90.0,81.5,66.6,65.0,0.0,0.0,0.0,25.84,44.0,0.0,16.5,77.8,12.8,0.0,0.0,0.0,14.71
190594,184640.0,159519.0,158680.0,174348.0,166529.0,148109.0,139512.0,167678.0,163541.0,173770.1,156939.5,78.0,95.0,86.5,68.2,62.0,0.0,0.0,0.0,25.19,11.0,0.0,21.5,81.0,16.0,0.0,0.0,0.0,14.69
204640,190594.0,184640.0,159519.0,184608.0,177523.0,153946.0,134420.0,178188.0,167678.0,176091.0,159658.7,74.0,92.0,83.0,71.3,68.0,0.16,0.0,0.0,21.79,24.0,0.0,18.0,83.7,18.7,0.0,0.0,0.0,14.66
210299,204640.0,190594.0,184640.0,183502.0,167089.0,162912.0,133783.0,172786.0,178188.0,178952.7,162252.5,78.0,94.0,86.0,66.6,63.0,0.0,0.0,0.0,24.49,12.0,0.0,21.0,85.2,20.2,0.0,0.0,0.0,14.63
203448,210299.0,204640.0,190594.0,171094.0,163633.0,179043.0,143764.0,157731.0,172786.0,182780.9,164612.1,78.0,95.0,86.5,66.2,60.0,0.0,0.0,0.0,27.19,43.0,0.0,21.5,85.2,20.2,0.0,1.0,0.0,14.61
190168,203448.0,210299.0,204640.0,158680.0,150168.0,170430.0,149562.0,153539.0,157731.0,187402.9,166913.0,79.0,95.0,87.0,64.8,52.0,0.0,0.0,0.0,24.93,88.0,0.0,22.0,86.5,21.5,0.0,1.0,0.0,14.58
194414,190168.0,203448.0,210299.0,159519.0,139373.0,154052.0,155264.0,144541.0,153539.0,191901.1,168792.5,73.0,86.0,79.5,71.9,74.0,0.98,0.0,0.0,15.01,73.0,0.0,14.5,84.3,19.3,0.0,0.0,0.0,14.55
211703,194414.0,190168.0,203448.0,184640.0,157769.0,144918.0,164152.0,150491.0,144541.0,196886.1,170480.9,71.0,81.0,76.0,59.4,57.0,0.0,0.0,0.0,21.54,71.0,0.0,11.0,80.8,15.8,0.0,0.0,0.0,14.52
179363,211703.0,194414.0,190168.0,190594.0,174348.0,166529.0,148109.0,181389.0,150491.0,200752.3,172552.2,70.0,85.0,77.5,61.4,64.0,0.0,0.0,0.0,22.09,62.0,0.0,12.5,77.7,12.7,0.0,0.0,0.0,14.49
174823,179363.0,211703.0,194414.0,204640.0,184608.0,177523.0,153946.0,181143.0,181389.0,199147.9,173355.5,73.0,87.0,80.0,71.6,78.0,0.02,0.0,0.0,21.0,64.0,0.0,15.0,77.8,12.8,0.0,0.0,0.0,14.45
193239,174823.0,179363.0,211703.0,210299.0,183502.0,167089.0,162912.0,170345.0,181143.0,194888.3,173711.2,72.0,85.0,78.5,65.7,64.0,0.1,0.0,0.0,13.33,91.0,0.0,13.5,78.7,13.7,0.0,0.0,0.0,14.42
185361,193239.0,174823.0,179363.0,203448.0,171094.0,163633.0,179043.0,164946.0,170345.0,192451.1,175215.6,73.0,87.0,80.0,59.6,55.0,0.0,0.0,0.0,25.29,46.0,0.0,15.0,79.5,14.5,0.0,1.0,0.0,14.39
165175,185361.0,193239.0,174823.0,190168.0,158680.0,150168.0,170430.0,157158.0,164946.0,189867.3,176262.7,71.0,86.0,78.5,62.4,64.0,0.0,0.0,0.0,20.46,67.0,0.0,13.5,79.0,14.0,0.0,1.0,0.0,14.35
160843,165175.0,185361.0,193239.0,194414.0,159519.0,139373.0,154052.0,129226.0,157158.0,186296.9,176338.2,68.0,77.0,72.5,66.2,76.0,0.48,0.0,0.0,12.52,74.0,0.0,7.5,77.0,12.0,0.0,0.0,0.0,14.32
165984,160843.0,165175.0,185361.0,211703.0,184640.0,157769.0,144918.0,132174.0,129226.0,181501.0,175731.5,72.0,90.0,81.0,66.4,65.0,0.0,0.0,0.0,23.77,31.0,0.0,16.0,77.3,12.3,0.0,0.0,0.0,14.29
184097,165984.0,160843.0,165175.0,179363.0,190594.0,174348.0,166529.0,145959.0,132174.0,174969.7,175583.3,71.0,89.0,80.0,64.4,64.0,0.0,0.0,0.0,26.65,18.0,0.0,15.0,77.8,12.8,0.0,0.0,0.0,14.25
188058,184097.0,165984.0,160843.0,174823.0,204640.0,184608.0,177523.0,143955.0,145959.0,175646.0,176584.8,76.0,93.0,84.5,68.3,67.0,0.0,0.0,0.0,24.54,19.0,0.0,19.5,81.8,16.8,0.0,0.0,0.0,14.21
198706,188058.0,184097.0,165984.0,193239.0,210299.0,183502.0,167089.0,144567.0,143955.0,177536.7,178022.8,78.0,89.0,83.5,68.8,64.0,0.0,0.0,0.0,16.98,78.0,0.0,18.5,82.7,17.7,0.0,0.0,0.0,14.18
194961,198706.0,188058.0,184097.0,185361.0,203448.0,171094.0,163633.0,149371.0,144567.0,178317.7,179095.4,77.0,92.0,84.5,71.0,71.0,0.0,0.0,0.0,21.94,58.0,0.0,19.5,84.2,19.2,0.0,1.0,0.0,14.14
186868,194961.0,198706.0,188058.0,165175.0,190168.0,158680.0,150168.0,163006.0,149371.0,179689.1,179676.6,76.0,92.0,84.0,72.1,73.0,0.16,0.0,0.0,20.7,68.0,0.0,19.0,84.0,19.0,0.0,1.0,0.0,14.11
190719,186868.0,194961.0,198706.0,160843.0,194414.0,159519.0,139373.0,154929.0,163006.0,182788.1,180335.9,79.0,93.0,86.0,71.5,65.0,0.0,0.0,0.0,22.9,47.0,0.0,21.0,84.8,19.8,0.0,0.0,0.0,14.07
213959,190719.0,186868.0,194961.0,165984.0,211703.0,184640.0,157769.0,139597.0,154929.0,187056.1,181238.8,78.0,97.0,87.5,73.8,69.0,0.03,0.0,0.0,20.41,54.0,0.0,22.5,85.8,20.8,0.0,0.0,0.0,14.03
222979,213959.0,190719.0,186868.0,184097.0,179363.0,190594.0,174348.0,158928.0,139597.0,193909.7,183365.2,75.0,87.0,81.0,67.7,69.0,0.0,0.0,0.0,18.42,52.0,0.0,16.0,84.8,19.8,0.0,0.0,0.0,14.0
197816,222979.0,213959.0,190719.0,188058.0,174823.0,204640.0,184608.0,171450.0,158928.0,199464.3,186152.0,72.0,89.0,80.5,64.9,65.0,0.11,0.0,0.0,20.76,84.0,0.0,15.5,83.0,18.0,0.0,0.0,0.0,13.96
189338,197816.0,222979.0,213959.0,198706.0,193239.0,210299.0,183502.0,187093.0,171450.0,200858.3,187486.9,71.0,85.0,78.0,53.5,47.0,0.0,0.0,0.0,24.76,42.0,0.0,13.0,79.8,14.8,0.0,0.0,0.0,13.92
167983,189338.0,197816.0,222979.0,194961.0,185361.0,203448.0,171094.0,195957.0,187093.0,199520.0,187986.6,65.0,79.0,72.0,50.1,49.0,0.0,0.0,0.0,25.16,4.0,0.0,7.0,76.8,11.8,0.0,1.0,0.0,13.88
140266,167983.0,189338.0,197816.0,186868.0,165175.0,190168.0,158680.0,202936.0,195957.0,195666.0,187432.4,66.0,82.0,74.0,54.5,56.0,0.0,0.0,0.0,22.35,49.0,0.0,9.0,74.7,9.7,0.0,1.0,0.0,13.84
138641,140266.0,167983.0,189338.0,190719.0,160843.0,194414.0,159519.0,185433.0,202936.0,189008.6,185991.2,68.0,83.0,75.5,57.4,60.0,0.0,0.0,0.0,21.79,55.0,0.0,10.5,73.8,8.8,0.0,0.0,0.0,13.8
157926,138641.0,140266.0,167983.0,213959.0,165984.0,211703.0,184640.0,153218.0,185433.0,181568.9,184909.5,66.0,83.0,74.5,57.8,62.0,0.0,0.0,0.0,23.5,71.0,0.0,9.5,74.7,9.7,0.0,0.0,0.0,13.76
157429,157926.0,138641.0,140266.0,222979.0,184097.0,179363.0,190594.0,165007.0,153218.0,173564.1,184884.3,63.0,81.0,72.0,57.5,62.0,0.34,0.0,0.0,15.27,61.0,0.0,7.0,74.0,9.0,0.0,0.0,0.0,13.72
153379,157429.0,157926.0,138641.0,197816.0,188058.0,174823.0,204640.0,166593.0,165007.0,164199.9,184814.7,62.0,87.0,74.5,55.0,56.0,0.0,0.0,0.0,22.27,13.0,0.0,9.5,73.7,8.7,0.0,0.0,0.0,13.68
155905,153379.0,157429.0,157926.0,189338.0,198706.0,193239.0,210299.0,177119.0,166593.0,157851.7,183772.6,69.0,90.0,79.5,57.8,54.0,0.0,0.0,0.0,21.47,33.0,0.0,14.5,75.3,10.3,0.0,0.0,0.0,13.64
164738,155905.0,153379.0,157429.0,167983.0,194961.0,185361.0,203448.0,186082.0,177119.0,153075.6,182616.3,74.0,90.0,82.0,63.4,61.0,0.0,0.0,0.0,21.21,40.0,0.0,17.0,78.7,13.7,0.0,1.0,0.0,13.6
163800,164738.0,155905.0,153379.0,140266.0,186868.0,165175.0,190168.0,175365.0,186082.0,152612.0,181286.3,72.0,82.0,77.0,66.9,75.0,0.0,0.0,0.0,17.22,79.0,0.0,12.0,79.5,14.5,0.0,1.0,0.0,13.56
158274,163800.0,164738.0,155905.0,138641.0,190719.0,160843.0,194414.0,162279.0,175365.0,155974.0,179736.3,73.0,79.0,76.0,69.4,88.0,0.23,0.0,0.0,12.18,95.0,0.0,11.0,78.3,13.3,0.0,0.0,0.0,13.52
173383,158274.0,163800.0,164738.0,157926.0,213959.0,165984.0,211703.0,151885.0,162279.0,158778.7,178230.5,72.0,86.0,79.0,67.3,77.0,0.0,0.0,0.0,21.36,46.0,0.0,14.0,77.3,12.3,0.0,0.0,0.0,13.47
177772,173383.0,158274.0,163800.0,157429.0,222979.0,184097.0,179363.0,168032.0,151885.0,160986.9,177671.0,71.0,90.0,80.5,60.8,60.0,0.0,0.0,0.0,22.81,10.0,0.0,15.5,78.5,13.5,0.0,0.0,0.0,13.43
176396,177772.0,173383.0,158274.0,153379.0,197816.0,188058.0,174823.0,181545.0,168032.0,163893.0,177116.3,72.0,91.0,81.5,60.6,58.0,0.0,0.0,0.0,23.06,29.0,0.0,16.5,80.3,15.3,0.0,0.0,0.0,13.39
179804,176396.0,177772.0,173383.0,155905.0,189338.0,198706.0,193239.0,189996.0,181545.0,167181.1,175939.4,74.0,87.0,80.5,67.3,73.0,0.24,0.0,0.0,18.84,50.0,0.0,15.5,80.8,15.8,0.0,0.0,0.0,13.35
183405,179804.0,176396.0,177772.0,164738.0,167983.0,194961.0,185361.0,202186.0,189996.0,170595.3,175954.1,74.0,90.0,82.0,65.9,71.0,0.0,0.0,0.0,21.17,10.0,0.0,17.0,81.3,16.3,0.0,1.0,0.0,13.31
168017,183405.0,179804.0,176396.0,163800.0,140266.0,186868.0,165175.0,201023.0,202186.0,173262.0,176240.1,73.0,82.0,77.5,68.6,81.0,0.0,0.0,0.0,15.17,54.0,0.0,12.5,80.0,15.0,0.0,1.0,0.0,13.26
159404,168017.0,183405.0,179804.0,158274.0,138641.0,190719.0,160843.0,154176.0,201023.0,173864.4,175399.4,75.0,85.0,80.0,70.5,83.0,0.0,0.0,0.0,19.17,29.0,0.0,15.0,79.8,14.8,0.0,0.0,0.0,13.22
185384,159404.0,168017.0,183405.0,173383.0,157926.0,213959.0,165984.0,136489.0,154176.0,174025.9,174534.2,73.0,89.0,81.0,70.9,81.0,0.12,0.0,0.0,19.48,47.0,0.0,16.0,79.5,14.5,0.0,0.0,0.0,13.18
190278,185384.0,159404.0,168017.0,177772.0,157429.0,222979.0,184097.0,175220.0,136489.0,175740.3,175207.8,69.0,85.0,77.0,60.3,63.0,0.0,0.0,0.0,21.92,23.0,0.0,12.0,79.3,14.3,0.0,0.0,0.0,13.14
173537,190278.0,185384.0,159404.0,176396.0,153379.0,197816.0,188058.0,176635.0,175220.0,177526.9,176189.0,69.0,86.0,77.5,52.5,47.0,0.0,0.0,0.0,23.33,5.0,0.0,12.5,78.5,13.5,0.0,0.0,0.0,13.09
162975,173537.0,190278.0,185384.0,179804.0,155905.0,189338.0,198706.0,159108.0,176635.0,177118.4,176440.7,62.0,79.0,70.5,55.2,63.0,0.0,0.0,0.0,23.02,16.0,0.0,5.5,75.0,10.0,0.0,0.0,0.0,13.05
146970,162975.0,173537.0,190278.0,183405.0,164738.0,167983.0,194961.0,135740.0,159108.0,174714.3,175736.7,65.0,82.0,73.5,61.7,73.0,0.0,0.0,0.0,19.51,75.0,0.0,8.5,73.8,8.8,0.0,1.0,0.0,13.01
138975,146970.0,162975.0,173537.0,168017.0,163800.0,140266.0,186868.0,131258.0,135740.0,169509.3,174367.1,71.0,90.0,80.5,66.8,75.0,0.0,0.0,0.0,16.19,92.0,0.0,15.5,74.8,9.8,0.0,1.0,0.0,12.96
151378,138975.0,146970.0,162975.0,159404.0,158274.0,138641.0,190719.0,125285.0,131258.0,165360.4,172376.0,73.0,88.0,80.5,68.8,80.0,0.06,0.0,0.0,14.56,100.0,0.0,15.5,78.2,13.2,0.0,0.0,1.0,12.92
163790,151378.0,138975.0,146970.0,185384.0,173383.0,157926.0,213959.0,128107.0,125285.0,164213.9,170923.3,67.0,74.0,70.5,67.9,90.0,0.78,0.0,0.0,4.39,95.0,0.0,5.5,77.2,12.2,0.0,0.0,0.0,12.88
165915,163790.0,151378.0,138975.0,190278.0,177772.0,157429.0,222979.0,138924.0,128107.0,161129.0,170154.0,65.0,72.0,68.5,62.8,82.0,0.0,0.0,0.0,7.74,100.0,0.0,3.5,73.2,8.2,0.0,0.0,0.0,12.83
147130,165915.0,163790.0,151378.0,173537.0,176396.0,153379.0,197816.0,149054.0,138924.0,157648.6,169327.2,65.0,78.0,71.5,60.9,76.0,0.0,0.0,0.0,13.02,54.0,0.0,6.5,70.2,5.2,0.0,0.0,0.0,12.79
145739,147130.0,165915.0,163790.0,162975.0,179804.0,155905.0,189338.0,163652.0,149054.0,153876.1,167099.6,62.0,80.0,71.0,58.0,72.0,0.0,0.0,0.0,22.1,0.0,0.0,6.0,70.3,5.3,0.0,0.0,0.0,12.74
145064,145739.0,147130.0,165915.0,146970.0,183405.0,164738.0,167983.0,156434.0,163652.0,151413.9,164524.9,64.0,86.0,75.0,59.5,72.0,0.0,0.0,0.0,21.45,48.0,0.0,10.0,72.5,7.5,0.0,1.0,0.0,12.7
138750,145064.0,145739.0,147130.0,138975.0,168017.0,163800.0,140266.0,139917.0,156434.0,151141.6,162766.5,67.0,76.0,71.5,63.4,81.0,0.32,0.0,0.0,6.3,100.0,0.0,6.5,72.5,7.5,0.0,1.0,0.0,12.65
138190,138750.0,145064.0,145739.0,151378.0,159404.0,158274.0,138641.0,127733.0,139917.0,151109.4,161080.2,68.0,81.0,74.5,68.3,84.0,0.81,0.0,0.0,14.15,93.0,0.0,9.5,73.7,8.7,0.0,0.0,0.0,12.61
162078,138190.0,138750.0,145064.0,163790.0,185384.0,173383.0,157926.0,138482.0,127733.0,149225.4,160087.1,68.0,82.0,75.0,67.2,83.0,0.41,0.0,0.0,12.47,70.0,0.0,10.0,73.7,8.7,0.0,0.0,0.0,12.56
168566,162078.0,138190.0,138750.0,165915.0,190278.0,177772.0,157429.0,170347.0,138482.0,148980.9,160814.2,62.0,80.0,71.0,57.7,68.0,0.0,0.0,0.0,20.13,7.0,0.0,6.0,73.5,8.5,0.0,0.0,0.0,12.52
150871,168566.0,162078.0,138190.0,147130.0,173537.0,176396.0,153379.0,162684.0,170347.0,149359.6,161811.7,62.0,74.0,68.0,52.4,62.0,0.0,0.0,0.0,21.45,4.0,0.0,3.0,71.3,6.3,0.0,0.0,0.0,12.48
141132,150871.0,168566.0,162078.0,145739.0,162975.0,179804.0,155905.0,176961.0,162684.0,149894.0,161576.5,57.0,75.0,66.0,49.4,62.0,0.0,0.0,0.0,21.1,33.0,0.0,1.0,68.3,3.3,0.0,0.0,0.0,12.43
131992,141132.0,150871.0,168566.0,145064.0,146970.0,183405.0,164738.0,160157.0,176961.0,149235.9,161033.3,64.0,76.0,70.0,57.8,73.0,0.0,0.0,0.0,18.5,54.0,0.0,5.0,68.0,3.0,0.0,1.0,0.0,12.39
126203,131992.0,141132.0,150871.0,138750.0,138975.0,168017.0,163800.0,156474.0,160157.0,147368.4,160320.4,67.0,83.0,75.0,61.1,70.0,0.0,0.0,0.0,19.8,42.0,0.0,10.0,70.3,5.3,0.0,1.0,0.0,12.34
136914,126203.0,131992.0,141132.0,138190.0,151378.0,159404.0,158274.0,149956.0,156474.0,145576.0,159330.3,68.0,85.0,76.5,62.8,71.0,0.14,0.0,0.0,17.26,51.0,0.0,11.5,73.8,8.8,0.0,0.0,0.0,12.3
159023,136914.0,126203.0,131992.0,162078.0,163790.0,185384.0,173383.0,134734.0,149956.0,145393.7,158402.9,67.0,79.0,73.0,60.3,72.0,0.0,0.0,0.0,16.74,19.0,0.0,8.0,74.8,9.8,0.0,0.0,0.0,12.25
153148,159023.0,136914.0,126203.0,168566.0,165915.0,190278.0,177772.0,143830.0,134734.0,144957.3,158243.6,62.0,80.0,71.0,59.7,74.0,0.0,0.0,0.0,18.78,38.0,0.0,6.0,73.5,8.5,0.0,0.0,0.0,12.21
149092,153148.0,159023.0,136914.0,150871.0,147130.0,173537.0,176396.0,144080.0,143830.0,142754.7,158072.8,57.0,75.0,66.0,58.0,72.0,0.47,0.0,0.0,6.37,56.0,0.0,1.0,70.0,5.0,0.0,0.0,0.0,12.16
144449,149092.0,153148.0,159023.0,141132.0,145739.0,162975.0,179804.0,161347.0,144080.0,142500.6,157263.1,51.0,63.0,57.0,39.0,54.0,0.0,0.0,0.0,20.07,4.0,0.0,0.0,64.7,2.3,0.0,0.0,0.0,12.12
117836,144449.0,149092.0,153148.0,131992.0,145064.0,146970.0,183405.0,163865.0,161347.0,142974.4,156152.3,49.0,69.0,59.0,42.2,57.0,0.0,0.0,0.0,17.61,38.0,0.0,0.0,60.7,0.3,0.0,1.0,0.0,12.08
106856,117836.0,144449.0,149092.0,126203.0,138750.0,138975.0,168017.0,136329.0,163865.0,140952.1,154200.3,59.0,72.0,65.5,52.8,70.0,1.11,0.0,0.0,9.51,75.0,0.0,0.5,60.5,0.2,0.0,1.0,0.0,12.03
110245,106856.0,117836.0,144449.0,136914.0,138190.0,151378.0,159404.0,122402.0,136329.0,138188.3,151768.7,58.0,74.0,66.0,51.4,65.0,0.0,0.0,0.0,17.58,12.0,0.0,1.0,63.5,0.5,0.0,0.0,0.0,11.99
123806,110245.0,106856.0,117836.0,159023.0,162078.0,163790.0,185384.0,117189.0,122402.0,134378.4,149330.0,59.0,70.0,64.5,45.8,56.0,0.0,0.0,0.0,16.79,56.0,0.0,0.0,65.3,0.5,0.0,0.0,0.0,11.94
122666,123806.0,110245.0,106856.0,153148.0,168566.0,165915.0,190278.0,133727.0,117189.0,129347.4,147856.3,53.0,69.0,61.0,45.7,59.0,0.0,0.0,0.0,14.98,38.0,0.0,0.0,63.8,0.3,0.0,0.0,0.0,11.9
121113,122666.0,123806.0,110245.0,149092.0,150871.0,147130.0,173537.0,136749.0,133727.0,124992.9,146631.7,53.0,66.0,59.5,46.0,63.0,0.0,0.0,0.0,18.13,48.0,0.0,0.0,61.7,0.0,0.0,0.0,0.0,11.85
119435,121113.0,122666.0,123806.0,144449.0,141132.0,145739.0,162975.0,123112.0,136749.0,120995.9,144489.4,52.0,62.0,57.0,46.2,68.0,0.0,0.0,0.0,10.63,100.0,0.0,0.0,59.2,0.0,0.0,0.0,0.0,11.8
116138,119435.0,121113.0,122666.0,117836.0,131992.0,145064.0,146970.0,120583.0,123112.0,117422.4,142127.9,51.0,61.0,56.0,52.6,82.0,0.59,0.0,0.0,6.42,100.0,0.0,0.0,57.5,0.0,0.0,1.0,0.0,11.76
108767,116138.0,119435.0,121113.0,106856.0,126203.0,138750.0,138975.0,118461.0,120583.0,117179.9,140214.6,50.0,60.0,55.0,43.9,65.0,0.0,0.0,0.0,2.49,100.0,0.0,0.0,56.0,0.0,0.0,1.0,0.0,11.71
106977,108767.0,116138.0,119435.0,110245.0,136914.0,138190.0,151378.0,113157.0,118461.0,117452.9,138407.7,47.0,53.0,50.0,40.1,67.0,0.47,0.0,0.0,3.39,100.0,0.0,0.0,53.7,0.0,0.0,0.0,0.0,11.67
119768,106977.0,108767.0,116138.0,123806.0,159023.0,162078.0,163790.0,120008.0,113157.0,116986.0,137074.6,46.0,55.0,50.5,48.0,88.0,1.85,0.0,0.0,3.28,100.0,0.0,0.0,51.8,0.0,0.0,0.0,0.0,11.62
122825,119768.0,106977.0,108767.0,122666.0,153148.0,168566.0,165915.0,138989.0,120008.0,116409.1,136434.4,54.0,59.0,56.5,54.2,90.0,0.37,0.0,0.0,5.08,88.0,0.0,0.0,52.3,0.0,0.0,0.0,0.0,11.58
119801,122825.0,119768.0,106977.0,121113.0,149092.0,150871.0,147130.0,126645.0,138989.0,116431.9,135482.6,53.0,74.0,63.5,53.1,78.0,0.0,0.0,0.0,17.16,32.0,0.0,0.0,56.8,0.0,0.0,0.0,0.0,11.54
121185,119801.0,122825.0,119768.0,119435.0,144449.0,141132.0,145739.0,127627.0,126645.0,116244.4,134016.3,58.0,76.0,67.0,53.5,73.0,0.0,0.0,0.0,16.0,40.0,0.0,2.0,62.3,0.7,0.0,0.0,0.0,11.49
123565,121185.0,119801.0,122825.0,116138.0,117836.0,131992.0,145064.0,132754.0,127627.0,116494.4,132525.3,47.0,58.0,52.5,39.4,61.0,0.03,0.0,0.0,13.75,41.0,0.0,0.0,61.0,0.7,0.0,1.0,0.0,11.45
106905,123565.0,121185.0,119801.0,108767.0,106856.0,126203.0,138750.0,134616.0,132754.0,117555.4,131739.8,44.0,61.0,52.5,39.0,64.0,0.0,0.0,0.0,16.6,6.0,0.0,0.0,57.3,0.7,0.0,1.0,0.0,11.4
104858,106905.0,123565.0,121185.0,106977.0,110245.0,136914.0,138190.0,116687.0,134616.0,117289.4,130445.3,52.0,67.0,59.5,42.1,62.0,0.0,0.0,0.0,15.15,34.0,0.0,0.0,54.8,0.0,0.0,0.0,1.0,11.36
114403,104858.0,106905.0,123565.0,119768.0,123806.0,159023.0,162078.0,113337.0,116687.0,116986.7,129105.1,51.0,70.0,60.5,47.9,75.0,0.0,0.0,0.0,16.19,0.0,0.0,0.0,57.5,0.0,0.0,0.0,0.0,11.32
119315,114403.0,104858.0,106905.0,122825.0,122666.0,153148.0,168566.0,123650.0,113337.0,116220.3,128293.6,57.0,70.0,63.5,48.6,72.0,0.0,0.0,0.0,16.08,59.0,0.0,0.0,61.2,0.0,0.0,0.0,0.0,11.27
120438,119315.0,114403.0,104858.0,119801.0,121113.0,149092.0,150871.0,128455.0,123650.0,115718.9,127664.4,54.0,69.0,61.5,59.5,88.0,0.8,0.0,0.0,6.02,100.0,0.0,0.0,61.8,0.0,0.0,0.0,0.0,11.23
125333,120438.0,119315.0,114403.0,121185.0,119435.0,144449.0,141132.0,130421.0,128455.0,115809.9,126276.4,52.0,67.0,59.5,48.5,74.0,0.19,0.0,0.0,12.43,36.0,0.0,0.0,61.5,0.0,0.0,0.0,0.0,11.19
118562,125333.0,120438.0,119315.0,123565.0,116138.0,117836.0,131992.0,134765.0,130421.0,116402.4,124835.3,50.0,68.0,59.0,47.2,73.0,0.0,0.0,0.0,15.72,5.0,0.0,0.0,60.0,0.0,0.0,1.0,0.0,11.14
108069,118562.0,125333.0,120438.0,106905.0,108767.0,106856.0,126203.0,138700.0,134765.0,115687.7,123758.3,52.0,64.0,58.0,46.6,74.0,0.0,0.0,0.0,13.12,45.0,0.0,0.0,58.8,0.0,0.0,1.0,0.0,11.1
106318,108069.0,118562.0,125333.0,104858.0,106977.0,110245.0,136914.0,127522.0,138700.0,115854.0,122656.2,53.0,66.0,59.5,51.4,79.0,0.14,0.0,0.0,9.74,97.0,0.0,0.0,58.8,0.0,0.0,0.0,0.0,11.05
119413,106318.0,108069.0,118562.0,114403.0,119768.0,123806.0,159023.0,109050.0,127522.0,116062.6,121800.4,46.0,56.0,51.0,37.1,60.0,0.0,0.0,0.0,14.92,44.0,0.0,0.0,56.2,0.0,0.0,0.0,0.0,11.01
117200,119413.0,106318.0,108069.0,119315.0,122825.0,122666.0,153148.0,117306.0,109050.0,116778.3,121574.1,42.0,54.0,48.0,33.0,60.0,0.0,0.0,0.0,12.45,21.0,2.0,0.0,52.8,0.0,0.7,0.0,0.0,10.97
119012,117200.0,119413.0,106318.0,120438.0,119801.0,121113.0,149092.0,118891.0,117306.0,116476.1,120917.0,44.0,58.0,51.0,34.8,59.0,0.0,0.0,0.0,15.27,2.0,0.0,0.0,50.0,0.0,0.7,0.0,0.0,10.92
119482,119012.0,117200.0,119413.0,125333.0,121185.0,119435.0,144449.0,122707.0,118891.0,116272.4,119583.3,46.0,62.0,54.0,38.6,65.0,0.0,0.0,0.0,15.01,0.0,0.0,0.0,51.0,0.0,0.7,0.0,0.0,10.88
118483,119482.0,119012.0,117200.0,118562.0,123565.0,116138.0,117836.0,126201.0,122707.0,115436.6,118461.1,49.0,66.0,57.5,43.7,73.0,0.0,0.0,0.0,14.45,36.0,0.0,0.0,54.2,0.0,0.0,1.0,0.0,10.84
108405,118483.0,119482.0,119012.0,108069.0,106905.0,108767.0,106856.0,124472.0,126201.0,115425.3,117440.8,54.0,61.0,57.5,49.9,82.0,0.02,0.0,0.0,4.06,100.0,0.0,0.0,56.3,0.0,0.0,1.0,0.0,10.8
108050,108405.0,118483.0,119482.0,106318.0,104858.0,106977.0,110245.0,108488.0,124472.0,115473.3,116239.3,55.0,61.0,58.0,55.6,94.0,0.52,0.0,0.0,3.34,100.0,0.0,0.0,57.7,0.0,0.0,0.0,0.0,10.75
120832,108050.0,108405.0,118483.0,119413.0,114403.0,119768.0,123806.0,105809.0,108488.0,115720.7,115913.1,61.0,70.0,65.5,63.2,96.0,0.0,0.0,0.0,6.21,93.0,0.0,0.5,60.3,0.2,0.0,0.0,0.0,10.71
125770,120832.0,108050.0,108405.0,117200.0,119315.0,122825.0,122666.0,124399.0,105809.0,115923.4,116379.0,60.0,72.0,66.0,62.7,92.0,0.0,0.0,0.0,7.48,79.0,0.0,1.0,63.2,0.5,0.0,0.0,0.0,10.67
127535,125770.0,120832.0,108050.0,119012.0,120438.0,119801.0,121113.0,122736.0,124399.0,117147.7,116896.5,52.0,65.0,58.5,44.5,63.0,0.0,0.0,0.0,13.66,2.0,0.0,0.0,63.3,0.5,0.0,0.0,0.0,10.63
120506,127535.0,125770.0,120832.0,119482.0,125333.0,121185.0,119435.0,119791.0,122736.0,118365.3,117020.8,45.0,56.0,50.5,36.3,62.0,0.0,0.0,0.0,11.93,74.0,0.0,0.0,58.3,0.3,0.0,0.0,0.0,10.59
118282,120506.0,127535.0,125770.0,118483.0,118562.0,123565.0,116138.0,118554.0,119791.0,118511.6,116948.8,43.0,58.0,50.5,39.5,72.0,0.0,0.0,0.0,13.82,8.0,0.0,0.0,53.2,0.0,0.0,1.0,0.0,10.55
109029,118282.0,120506.0,127535.0,108405.0,108069.0,106905.0,108767.0,117986.0,118554.0,118482.9,116854.4,43.0,63.0,53.0,40.3,75.0,0.0,0.0,0.0,13.63,49.0,0.0,0.0,51.3,0.0,0.0,1.0,0.0,10.51
107416,109029.0,118282.0,120506.0,108050.0,106318.0,104858.0,106977.0,111022.0,117986.0,118572.0,116507.5,51.0,65.0,58.0,51.1,84.0,0.1,0.0,0.0,7.59,96.0,0.0,0.0,53.8,0.0,0.0,0.0,0.0,10.47
119039,107416.0,109029.0,118282.0,120832.0,119413.0,114403.0,119768.0,107613.0,111022.0,118481.4,116216.8,59.0,67.0,63.0,56.9,90.0,0.08,0.0,0.0,5.84,73.0,0.0,0.0,58.0,0.0,0.0,0.0,0.0,10.43
122214,119039.0,107416.0,109029.0,125770.0,117200.0,119315.0,122825.0,116568.0,107613.0,118225.3,116559.2,54.0,70.0,62.0,50.7,75.0,0.0,0.0,0.0,12.59,1.0,0.0,0.0,61.0,0.0,0.0,0.0,0.0,10.39
120546,122214.0,119039.0,107416.0,127535.0,119012.0,120438.0,119801.0,118536.0,116568.0,117717.3,117067.1,52.0,67.0,59.5,48.3,81.0,0.0,0.0,0.0,12.51,1.0,0.0,0.0,61.5,0.0,0.0,0.0,0.0,10.35
120005,120546.0,122214.0,119039.0,120506.0,119482.0,125333.0,121185.0,120557.0,118536.0,116718.9,117093.0,53.0,70.0,61.5,53.4,89.0,0.0,0.0,0.0,10.74,59.0,0.0,0.0,61.0,0.0,0.0,0.0,0.0,10.31
121075,120005.0,120546.0,122214.0,118282.0,118483.0,118562.0,123565.0,122026.0,120557.0,116647.3,116999.0,64.0,76.0,70.0,59.9,85.0,0.0,0.0,0.0,10.43,73.0,0.0,5.0,63.7,1.7,0.0,1.0,0.0,10.27
115378,121075.0,120005.0,120546.0,109029.0,108405.0,108069.0,106905.0,122425.0,122026.0,117046.3,117041.5,66.0,75.0,70.5,61.7,81.0,0.0,0.0,0.0,6.2,75.0,0.0,5.5,67.3,3.5,0.0,1.0,0.0,10.23
120723,115378.0,121075.0,120005.0,107416.0,108050.0,106318.0,104858.0,111253.0,122425.0,117953.3,116847.9,54.0,77.0,65.5,52.4,64.0,0.0,0.0,0.0,11.39,18.0,0.0,0.5,68.7,3.7,0.0,0.0,0.0,10.2
129388,120723.0,115378.0,121075.0,119039.0,120832.0,119413.0,114403.0,115399.0,111253.0,119854.3,116753.2,47.0,58.0,52.5,30.8,47.0,0.0,0.0,0.0,12.02,11.0,0.0,0.0,62.8,2.0,0.0,0.0,0.0,10.16
118595,129388.0,120723.0,115378.0,122214.0,125770.0,117200.0,119315.0,119783.0,115399.0,121332.7,117502.6,40.0,53.0,46.5,33.0,63.0,0.0,0.0,0.0,11.79,11.0,3.5,0.0,54.8,0.2,1.2,0.0,0.0,10.12
120670,118595.0,129388.0,120723.0,120546.0,127535.0,119012.0,120438.0,121457.0,119783.0,120815.7,117960.5,47.0,66.0,56.5,46.6,82.0,0.0,0.0,0.0,11.13,19.0,0.0,0.0,51.8,0.0,1.2,0.0,0.0,10.08
120580,120670.0,118595.0,129388.0,120005.0,120506.0,119482.0,125333.0,120398.0,121457.0,120833.4,118169.4,59.0,68.0,63.5,58.2,93.0,0.89,0.0,0.0,2.15,100.0,0.0,0.0,55.5,0.0,1.2,0.0,1.0,10.05
122084,120580.0,120670.0,118595.0,121075.0,118282.0,118483.0,118562.0,118862.0,120398.0,120915.6,118211.6,60.0,69.0,64.5,58.3,80.0,0.08,0.0,0.0,9.99,58.0,0.0,0.0,61.5,0.0,0.0,1.0,0.0,10.01
113611,122084.0,120580.0,120670.0,115378.0,109029.0,108405.0,108069.0,122015.0,118862.0,121059.7,118266.5,41.0,61.0,51.0,39.7,68.0,0.04,0.0,0.0,5.94,64.0,0.0,0.0,59.7,0.0,0.0,1.0,0.0,9.98
108614,113611.0,122084.0,120580.0,120723.0,107416.0,108050.0,106318.0,111370.0,122015.0,120807.3,117875.7,37.0,45.0,41.0,25.9,56.0,0.0,0.0,0.0,11.25,3.0,9.0,0.0,52.2,0.0,3.0,0.0,0.0,9.94
122342,108614.0,113611.0,122084.0,129388.0,119039.0,120832.0,119413.0,111389.0,111370.0,119077.4,117544.1,35.0,46.0,40.5,31.4,73.0,0.56,0.0,0.0,5.73,75.0,9.5,0.0,44.2,0.0,6.2,0.0,0.0,9.91
126704,122342.0,108614.0,113611.0,118595.0,122214.0,125770.0,117200.0,125413.0,111389.0,118070.9,118019.9,39.0,50.0,44.5,37.9,77.0,0.28,0.0,0.0,7.49,88.0,5.5,0.0,42.0,0.0,8.0,0.0,0.0,9.88
125824,126704.0,122342.0,108614.0,120670.0,120546.0,127535.0,119012.0,126053.0,125413.0,119229.3,118699.4,37.0,46.0,41.5,26.3,59.0,0.0,0.0,0.0,9.01,45.0,8.5,0.0,42.2,0.0,7.8,0.0,0.0,9.84
127120,125824.0,126704.0,122342.0,120580.0,120005.0,120506.0,119482.0,124707.0,126053.0,119965.6,118913.1,34.0,44.0,39.0,23.0,57.0,0.0,0.0,0.0,10.4,24.0,11.0,0.0,41.7,0.0,8.3,0.0,0.0,9.81
127603,127120.0,125824.0,126704.0,122084.0,121075.0,118282.0,118483.0,122628.0,124707.0,120899.9,119243.8,31.0,40.0,35.5,19.6,55.0,0.0,0.0,0.0,10.85,10.0,14.5,0.0,38.7,0.0,11.3,1.0,0.0,9.78
119887,127603.0,127120.0,125824.0,113611.0,115378.0,109029.0,108405.0,123628.0,122628.0,121688.3,119530.2,30.0,40.0,35.0,14.9,49.0,0.0,0.0,0.0,10.58,8.0,15.0,0.0,36.5,0.0,13.5,1.0,0.0,9.75
121080,119887.0,127603.0,127120.0,108614.0,120723.0,107416.0,108050.0,115831.0,123628.0,122584.9,119543.7,27.0,41.0,34.0,16.4,52.0,0.0,0.0,0.0,10.43,22.0,16.0,0.0,34.8,0.0,15.2,0.0,0.0,9.72
133852,121080.0,119887.0,127603.0,122342.0,129388.0,119039.0,120832.0,112537.0,115831.0,124365.7,119630.2,37.0,51.0,44.0,26.5,59.0,0.0,0.0,0.0,10.16,1.0,6.0,0.0,37.7,0.0,12.3,0.0,0.0,9.69
128798,133852.0,121080.0,119887.0,126704.0,118595.0,122214.0,125770.0,124473.0,112537.0,126010.0,120478.5,42.0,55.0,48.5,28.7,59.0,0.0,0.0,0.0,10.04,0.0,1.5,0.0,42.2,0.0,7.8,0.0,0.0,9.67
124175,128798.0,133852.0,121080.0,125824.0,120670.0,120546.0,127535.0,129289.0,124473.0,126309.1,121170.1,40.0,54.0,47.0,35.9,81.0,0.0,0.0,0.0,9.64,37.0,3.0,0.0,46.5,0.0,3.5,0.0,1.0,9.64
111890,124175.0,128798.0,133852.0,127120.0,120580.0,120005.0,120506.0,128530.0,129289.0,126073.6,121281.5,46.0,55.0,50.5,39.7,81.0,0.02,0.0,0.0,3.77,73.0,0.0,0.0,48.7,0.0,1.5,0.0,0.0,9.61
117118,111890.0,124175.0,128798.0,127603.0,122084.0,121075.0,118282.0,112937.0,128530.0,123897.9,120818.8,42.0,57.0,49.5,31.8,59.0,0.0,0.0,0.0,9.66,32.0,0.5,0.0,49.0,0.0,1.2,1.0,0.0,9.59
112375,117118.0,111890.0,124175.0,119887.0,113611.0,115378.0,109029.0,119173.0,112937.0,122400.0,120471.6,48.0,60.0,54.0,40.9,76.0,0.7,0.0,0.0,2.76,96.0,0.0,0.0,51.3,0.0,0.2,1.0,0.0,9.56
113056,112375.0,117118.0,111890.0,121080.0,108614.0,120723.0,107416.0,119286.0,119173.0,121326.9,120200.6,41.0,54.0,47.5,39.4,69.0,0.0,0.0,0.0,7.6,41.0,2.5,0.0,50.3,0.0,1.0,0.0,0.0,9.53
123523,113056.0,112375.0,117118.0,133852.0,122342.0,129388.0,119039.0,119589.0,119286.0,120180.6,120026.4,36.0,44.0,40.0,30.3,75.0,0.0,0.0,0.0,7.51,61.0,10.0,0.0,47.2,0.0,4.2,0.0,0.0,9.51
128130,123523.0,113056.0,112375.0,128798.0,126704.0,118595.0,122214.0,130792.0,119589.0,118705.0,120509.5,40.0,58.0,49.0,41.9,85.0,0.5,0.0,0.0,0.97,92.0,1.0,0.0,45.5,0.0,4.5,0.0,0.0,9.49
128004,128130.0,123523.0,113056.0,124175.0,125824.0,120670.0,120546.0,133370.0,130792.0,118609.6,121200.0,35.0,43.0,39.0,20.7,51.0,0.0,0.0,0.0,8.35,21.0,11.0,0.0,42.7,0.0,7.3,0.0,0.0,9.47
129814,128004.0,128130.0,123523.0,111890.0,127120.0,120580.0,120005.0,129347.0,133370.0,119156.6,121498.8,32.0,47.0,39.5,25.9,70.0,0.0,0.0,0.0,9.32,13.0,10.5,0.0,42.5,0.0,7.5,0.0,0.0,9.44
130336,129814.0,128004.0,128130.0,117118.0,127603.0,122084.0,121075.0,126233.0,129347.0,121717.1,121752.1,45.0,58.0,51.5,44.5,82.0,0.49,0.0,0.0,1.35,81.0,0.0,0.0,43.3,0.0,7.2,1.0,0.0,9.42
118313,130336.0,129814.0,128004.0,112375.0,119887.0,113611.0,115378.0,125159.0,126233.0,123605.4,122078.5,38.0,45.0,41.5,25.8,60.0,0.0,0.0,0.0,9.08,20.0,8.5,0.0,44.2,0.0,6.3,1.0,0.0,9.4
116521,118313.0,130336.0,129814.0,113056.0,121080.0,108614.0,120723.0,119139.0,125159.0,124453.7,122022.1,36.0,48.0,42.0,26.9,73.0,0.0,0.0,0.0,8.55,42.0,8.0,0.0,45.0,0.0,5.5,0.0,0.0,9.39
129350,116521.0,118313.0,130336.0,123523.0,133852.0,122342.0,129388.0,115555.0,119139.0,124948.7,121870.3,42.0,58.0,50.0,45.0,92.0,1.05,0.0,0.0,1.01,100.0,0.0,0.0,44.5,0.0,5.5,0.0,0.0,9.37
129080,129350.0,116521.0,118313.0,128130.0,128798.0,126704.0,118595.0,125874.0,115555.0,125781.1,122336.0,54.0,59.0,56.5,54.0,96.0,0.26,0.0,0.0,1.73,89.0,0.0,0.0,49.5,0.0,2.7,0.0,0.0,9.35
126511,129080.0,129350.0,116521.0,128004.0,124175.0,125824.0,120670.0,128524.0,125874.0,125916.9,122614.6,42.0,55.0,48.5,39.8,74.0,0.0,0.0,0.0,5.83,68.0,1.5,0.0,51.7,0.0,0.5,0.0,0.0,9.34
125365,126511.0,129080.0,129350.0,129814.0,111890.0,127120.0,120580.0,131138.0,128524.0,125703.6,122518.7,36.0,45.0,40.5,25.9,63.0,0.0,0.0,0.0,9.14,2.0,9.5,0.0,48.5,0.0,3.7,0.0,0.0,9.33
128232,125365.0,126511.0,129080.0,130336.0,117118.0,127603.0,122084.0,132700.0,131138.0,125068.0,122744.3,32.0,39.0,35.5,22.8,63.0,0.0,0.0,0.0,8.85,35.0,14.5,0.0,41.5,0.0,8.5,1.0,0.0,9.31
123064,128232.0,125365.0,126511.0,118313.0,112375.0,119887.0,113611.0,128072.0,132700.0,124767.4,122996.4,33.0,40.0,36.5,32.1,83.0,0.32,0.0,0.0,1.2,100.0,13.5,0.0,37.5,0.0,12.5,1.0,0.0,9.3
122660,123064.0,128232.0,125365.0,116521.0,113056.0,121080.0,108614.0,116338.0,128072.0,125446.1,123079.2,28.0,38.0,33.0,28.0,80.0,0.01,0.0,0.0,7.49,48.0,17.0,0.0,35.0,0.0,15.0,0.0,0.0,9.29
135900,122660.0,123064.0,128232.0,129350.0,123523.0,133852.0,122342.0,115082.0,116338.0,126323.1,123098.4,25.0,40.0,32.5,20.3,68.0,0.0,0.0,0.0,9.13,0.0,17.5,0.0,34.0,0.0,16.0,0.0,0.0,9.28
138164,135900.0,122660.0,123064.0,129080.0,128130.0,128798.0,126704.0,125997.0,115082.0,127258.9,123841.4,31.0,39.0,35.0,20.2,61.0,0.0,0.0,0.0,8.95,52.0,15.0,0.0,33.5,0.0,16.5,0.0,0.0,9.27
137623,138164.0,135900.0,122660.0,126511.0,128004.0,124175.0,125824.0,126500.0,125997.0,128556.6,124826.4,33.0,42.0,37.5,30.7,82.0,0.51,0.0,0.0,1.48,100.0,12.5,0.0,35.0,0.0,15.0,0.0,0.0,9.26
137442,137623.0,138164.0,135900.0,125365.0,129814.0,111890.0,127120.0,126642.0,126500.0,130144.0,125335.7,38.0,44.0,41.0,38.5,92.0,0.85,0.0,0.0,1.55,100.0,9.0,0.0,37.8,0.0,12.2,0.0,0.0,9.26
133487,137442.0,137623.0,138164.0,128232.0,130336.0,117118.0,127603.0,124172.0,126642.0,131869.3,125693.7,36.0,44.0,40.0,28.6,69.0,0.0,0.0,0.0,8.08,34.0,10.0,0.0,39.5,0.0,10.5,1.0,0.0,9.25
122638,133487.0,137442.0,137623.0,123064.0,118313.0,112375.0,119887.0,120573.0,124172.0,132620.0,125949.1,32.0,40.0,36.0,21.9,64.0,0.0,0.0,0.0,7.03,29.0,14.0,0.0,39.0,0.0,11.0,1.0,0.0,9.25
122612,122638.0,133487.0,137442.0,122660.0,116521.0,113056.0,121080.0,117721.0,120573.0,132559.1,125799.7,31.0,39.0,35.0,19.5,59.0,0.0,0.0,0.0,8.77,6.0,15.0,0.0,37.0,0.0,13.0,0.0,0.0,9.25
136653,122612.0,122638.0,133487.0,135900.0,129350.0,123523.0,133852.0,118663.0,117721.0,132552.3,125633.3,30.0,39.0,34.5,21.6,65.0,0.0,0.0,0.0,8.77,7.0,15.5,0.0,35.2,0.0,14.8,0.0,0.0,9.24
136279,136653.0,122612.0,122638.0,138164.0,129080.0,128130.0,128798.0,133775.0,118663.0,132659.9,126192.2,27.0,40.0,33.5,23.0,75.0,0.0,0.0,0.0,8.62,46.0,16.5,0.0,34.3,0.0,15.7,0.0,0.0,9.24
136074,136279.0,136653.0,122612.0,137623.0,126511.0,128004.0,124175.0,132331.0,133775.0,132390.6,126698.8,35.0,47.0,41.0,34.4,89.0,0.23,0.0,0.0,2.02,100.0,9.0,0.0,36.3,0.0,13.7,0.0,0.0,9.24
133835,136074.0,136279.0,136653.0,137442.0,125365.0,129814.0,111890.0,128868.0,132331.0,132169.3,126772.9,8.0,58.0,33.0,31.7,79.0,1.83,0.0,0.0,1.88,74.0,17.0,0.0,35.8,0.0,14.2,0.0,0.0,9.24
134353,133835.0,136074.0,136279.0,133487.0,128232.0,130336.0,117118.0,132307.0,128868.0,131654.0,126940.8,7.0,15.0,11.0,-11.3,34.0,0.0,0.0,0.0,8.69,20.0,39.0,0.0,28.3,0.0,21.7,1.0,0.0,9.25
145577,134353.0,133835.0,136074.0,122638.0,123064.0,118313.0,112375.0,124106.0,132307.0,131777.7,127280.1,14.0,28.0,21.0,0.3,41.0,0.0,0.0,0.0,8.95,0.0,29.0,0.0,21.7,0.0,28.3,1.0,1.0,9.25
137906,145577.0,134353.0,133835.0,122612.0,122660.0,116521.0,113056.0,115095.0,124106.0,135054.7,128403.0,18.0,29.0,23.5,3.9,43.0,0.0,0.0,0.0,8.79,49.0,26.5,0.0,18.5,0.0,31.5,0.0,1.0,9.25
140298,137906.0,145577.0,134353.0,136653.0,135900.0,129350.0,123523.0,113618.0,115095.0,137239.6,129095.9,29.0,35.0,32.0,14.1,53.0,0.0,0.0,0.0,8.66,41.0,18.0,0.0,25.5,0.0,24.5,0.0,0.0,9.26
141967,140298.0,137906.0,145577.0,136279.0,138164.0,129080.0,128130.0,127916.0,113618.0,137760.3,130026.7,33.0,47.0,40.0,23.1,67.0,0.0,0.0,0.0,8.4,62.0,10.0,0.0,31.8,0.0,18.2,0.0,0.0,9.27
134018,141967.0,140298.0,137906.0,136074.0,137623.0,126511.0,128004.0,125714.0,127916.0,138572.9,130990.4,40.0,51.0,45.5,29.9,76.0,0.0,0.0,0.0,8.32,69.0,4.5,0.0,39.2,0.0,10.8,0.0,0.0,9.27
129523,134018.0,141967.0,140298.0,133835.0,137442.0,125365.0,129814.0,125574.0,125714.0,138279.1,131340.2,46.0,62.0,54.0,36.0,75.0,0.0,0.0,0.0,8.18,49.0,0.0,0.0,46.5,0.0,4.8,0.0,0.0,9.28
124166,129523.0,134018.0,141967.0,134353.0,133487.0,128232.0,130336.0,123116.0,125574.0,137663.1,131386.6,50.0,55.0,52.5,47.4,97.0,0.28,0.0,0.0,1.6,100.0,0.0,0.0,50.7,0.0,1.5,1.0,0.0,9.29
117173,124166.0,129523.0,134018.0,145577.0,122638.0,123064.0,118313.0,117546.0,123116.0,136207.9,131258.7,49.0,55.0,52.0,43.1,83.0,0.0,0.0,0.0,7.87,46.0,0.0,0.0,52.8,0.0,0.0,1.0,1.0,9.31
110714,117173.0,124166.0,129523.0,137906.0,122612.0,122660.0,116521.0,111503.0,117546.0,132150.1,130837.3,49.0,56.0,52.5,41.8,84.0,0.02,0.0,0.0,5.77,90.0,0.0,0.0,52.3,0.0,0.0,0.0,1.0,9.32
115759,110714.0,117173.0,124166.0,140298.0,136653.0,135900.0,129350.0,112459.0,111503.0,128265.6,130183.3,47.0,58.0,52.5,48.3,96.0,0.42,0.0,0.0,1.35,100.0,0.0,0.0,52.3,0.0,0.0,0.0,0.0,9.33
125253,115759.0,110714.0,117173.0,141967.0,136279.0,138164.0,129080.0,134716.0,112459.0,124760.0,130098.1,49.0,66.0,57.5,54.3,94.0,0.02,0.0,0.0,6.63,97.0,0.0,0.0,54.2,0.0,0.0,0.0,0.0,9.35
122698,125253.0,115759.0,110714.0,134018.0,136074.0,137623.0,126511.0,139254.0,134716.0,122372.3,130389.2,44.0,50.0,47.0,47.3,92.0,0.01,0.0,0.0,4.44,97.0,3.0,0.0,52.3,0.0,1.0,0.0,0.0,9.36
124238,122698.0,125253.0,115759.0,129523.0,133835.0,137442.0,125365.0,134358.0,139254.0,120755.1,130167.5,39.0,49.0,44.0,38.8,86.0,0.27,0.0,0.0,3.76,71.0,6.0,0.0,49.5,0.0,3.0,0.0,0.0,9.38
126034,124238.0,122698.0,125253.0,124166.0,134353.0,133487.0,128232.0,132221.0,134358.0,120000.1,130006.1,37.0,45.0,41.0,28.7,69.0,0.0,0.0,0.0,6.9,49.0,9.0,0.0,44.0,0.0,6.0,1.0,0.0,9.4
119605,126034.0,124238.0,122698.0,117173.0,145577.0,122638.0,123064.0,137445.0,132221.0,120267.0,129990.2,33.0,41.0,37.0,25.2,69.0,0.0,0.0,0.0,8.87,37.0,13.0,0.0,40.7,0.0,9.3,1.0,0.0,9.42
119410,119605.0,126034.0,124238.0,110714.0,137906.0,122612.0,122660.0,133150.0,137445.0,120614.4,129798.2,37.0,44.0,40.5,29.6,76.0,0.01,0.0,0.0,7.94,43.0,9.5,0.0,39.5,0.0,10.5,0.0,0.0,9.44
129903,119410.0,119605.0,126034.0,115759.0,140298.0,136653.0,135900.0,127534.0,133150.0,121856.7,129504.1,38.0,41.0,39.5,26.8,67.0,0.0,0.0,0.0,5.83,80.0,10.5,0.0,39.0,0.0,11.0,0.0,0.0,9.46
132382,129903.0,119410.0,119605.0,125253.0,141967.0,136279.0,138164.0,138829.0,127534.0,123877.3,129732.1,35.0,39.0,37.0,24.0,69.0,0.0,0.0,0.0,6.74,82.0,13.0,0.0,39.0,0.0,11.0,0.0,0.0,9.48
133149,132382.0,129903.0,119410.0,122698.0,134018.0,136074.0,137623.0,148481.0,138829.0,124895.7,130056.1,37.0,55.0,46.0,38.6,89.0,0.3,0.0,0.0,1.76,89.0,4.0,0.0,40.8,0.0,9.2,0.0,0.0,9.5
130978,133149.0,132382.0,129903.0,124238.0,129523.0,133835.0,137442.0,142547.0,148481.0,126388.7,129964.4,38.0,57.0,47.5,42.3,79.0,0.09,0.0,0.0,3.7,100.0,2.5,0.0,43.5,0.0,6.5,0.0,0.0,9.53
125833,130978.0,133149.0,132382.0,126034.0,124166.0,134353.0,133487.0,133542.0,142547.0,127351.6,129724.9,31.0,38.0,34.5,19.8,57.0,0.0,0.0,0.0,2.15,99.0,15.5,0.0,42.7,0.0,7.3,1.0,0.0,9.55
124317,125833.0,130978.0,133149.0,119605.0,117173.0,145577.0,122638.0,133409.0,133542.0,127322.9,129331.9,30.0,41.0,35.5,15.8,51.0,0.0,0.0,0.0,9.61,38.0,14.5,0.0,39.2,0.0,10.8,1.0,0.0,9.57
123983,124317.0,125833.0,130978.0,119410.0,110714.0,137906.0,122612.0,140347.0,133409.0,127996.0,128894.4,28.0,48.0,38.0,13.4,42.0,0.0,0.0,0.0,9.98,13.0,12.0,0.0,36.0,0.0,14.0,0.0,1.0,9.6
129779,123983.0,124317.0,125833.0,129903.0,115759.0,140298.0,136653.0,139718.0,140347.0,128649.3,128577.6,35.0,47.0,41.0,22.1,56.0,0.0,0.0,0.0,5.49,69.0,9.0,0.0,38.2,0.0,11.8,0.0,0.0,9.63
132506,129779.0,123983.0,124317.0,132382.0,125253.0,141967.0,136279.0,135330.0,139718.0,128631.6,128815.6,42.0,53.0,47.5,36.9,77.0,0.05,0.0,0.0,7.33,54.0,2.5,0.0,42.2,0.0,7.8,0.0,0.0,9.65
127929,132506.0,129779.0,123983.0,133149.0,122698.0,134018.0,136074.0,139668.0,135330.0,128649.3,129145.4,40.0,44.0,42.0,36.9,91.0,0.87,0.0,0.0,1.37,99.0,8.0,0.0,43.5,0.0,6.5,0.0,0.0,9.68
129925,127929.0,132506.0,129779.0,130978.0,124238.0,129523.0,133835.0,135598.0,139668.0,127903.6,128854.6,40.0,49.0,44.5,35.6,81.0,0.0,0.0,0.0,6.3,63.0,5.5,0.0,44.7,0.0,5.3,0.0,0.0,9.71
128047,129925.0,127929.0,132506.0,125833.0,126034.0,124166.0,134353.0,137146.0,135598.0,127753.1,128642.8,37.0,42.0,39.5,26.3,67.0,0.0,0.0,0.0,7.62,53.0,10.5,0.0,42.0,0.0,8.0,1.0,0.0,9.74
121740,128047.0,129925.0,127929.0,124317.0,119605.0,117173.0,145577.0,149322.0,137146.0,128069.4,128375.3,36.0,42.0,39.0,28.2,80.0,0.51,0.0,0.0,5.48,85.0,11.0,0.0,41.0,0.0,9.0,1.0,0.0,9.77
120381,121740.0,128047.0,129925.0,123983.0,119410.0,110714.0,137906.0,139874.0,149322.0,127701.3,127972.1,36.0,39.0,37.5,33.4,90.0,0.41,0.0,0.0,2.12,90.0,12.5,0.0,38.7,0.0,11.3,0.0,0.0,9.8
134041,120381.0,121740.0,128047.0,129779.0,129903.0,115759.0,140298.0,132244.0,139874.0,127186.7,127506.4,35.0,46.0,40.5,24.9,65.0,0.0,0.0,0.0,10.33,45.0,9.5,0.0,39.0,0.0,11.0,0.0,0.0,9.83
132393,134041.0,120381.0,121740.0,132506.0,132382.0,125253.0,141967.0,140301.0,132244.0,127795.6,127121.8,35.0,54.0,44.5,31.5,85.0,0.9,0.0,0.0,2.37,100.0,5.5,0.0,40.8,0.0,9.2,0.0,0.0,9.87
133865,132393.0,134041.0,120381.0,127929.0,133149.0,122698.0,134018.0,137320.0,140301.0,127779.4,126938.1,41.0,57.0,49.0,35.1,70.0,0.44,0.0,0.0,9.23,60.0,1.0,0.0,44.7,0.0,5.3,0.0,0.0,9.9
130359,133865.0,132393.0,134041.0,129925.0,130978.0,124238.0,129523.0,144575.0,137320.0,128627.4,126723.6,35.0,44.0,39.5,24.6,65.0,0.0,0.0,0.0,9.41,21.0,10.5,0.0,44.3,0.0,5.7,0.0,0.0,9.93
130038,130359.0,133865.0,132393.0,128047.0,125833.0,126034.0,124166.0,145739.0,144575.0,128689.4,126336.7,36.0,52.0,44.0,27.0,61.0,0.0,0.0,0.0,10.39,65.0,6.0,0.0,44.2,0.0,5.8,1.0,0.0,9.97
118723,130038.0,130359.0,133865.0,121740.0,124317.0,119605.0,117173.0,142816.0,145739.0,128973.9,126204.0,42.0,53.0,47.5,33.4,73.0,0.0,0.0,0.0,4.84,94.0,2.5,0.0,43.7,0.0,6.3,1.0,0.0,10.0
115804,118723.0,130038.0,130359.0,120381.0,123983.0,119410.0,110714.0,142200.0,142816.0,128542.9,125844.0,43.0,55.0,49.0,38.1,83.0,0.0,0.0,0.0,9.57,67.0,1.0,0.0,46.8,0.0,3.2,0.0,0.0,10.04
125165,115804.0,118723.0,130038.0,134041.0,129779.0,129903.0,115759.0,142253.0,142200.0,127889.0,125565.3,31.0,50.0,40.5,26.8,68.0,0.06,0.0,0.0,4.15,99.0,9.5,0.0,45.7,0.0,4.3,0.0,0.0,10.08
130743,125165.0,115804.0,118723.0,132393.0,132506.0,132382.0,125253.0,147344.0,142253.0,126621.0,125831.7,26.0,38.0,32.0,14.9,52.0,0.02,0.4,0.0,11.61,47.0,18.0,0.0,40.5,0.0,9.5,0.0,0.0,10.11
135393,130743.0,125165.0,115804.0,133865.0,127929.0,133149.0,122698.0,142802.0,147344.0,126385.3,126499.3,29.0,40.0,34.5,15.3,52.0,0.0,0.0,0.0,11.67,72.0,15.5,0.0,35.7,0.0,14.3,0.0,0.0,10.15
135473,135393.0,130743.0,125165.0,130359.0,129925.0,130978.0,124238.0,137071.0,142802.0,126603.6,127153.8,11.0,35.0,23.0,2.4,41.0,0.0,0.0,0.0,12.66,39.0,27.0,0.0,29.8,0.0,20.2,0.0,0.0,10.19
145270,135473.0,135393.0,130743.0,130038.0,128047.0,125833.0,126034.0,133348.0,137071.0,127334.1,127494.5,3.0,27.0,15.0,-10.8,32.0,0.0,0.0,0.0,12.76,21.0,35.0,0.0,24.2,0.0,25.8,1.0,0.0,10.23
147495,145270.0,135473.0,135393.0,118723.0,121740.0,124317.0,119605.0,135853.0,133348.0,129510.1,128246.9,27.0,49.0,38.0,17.9,53.0,0.0,0.0,0.0,9.58,97.0,12.0,0.0,25.3,0.0,24.7,1.0,0.0,10.26
129341,147495.0,145270.0,135473.0,115804.0,120381.0,123983.0,119410.0,135098.0,135853.0,133620.4,129022.1,34.0,52.0,43.0,29.7,69.0,0.0,0.0,0.0,10.94,28.0,7.0,0.0,32.0,0.0,18.0,0.0,0.0,10.3
131645,129341.0,147495.0,145270.0,125165.0,134041.0,129779.0,129903.0,134794.0,135098.0,135554.3,129132.3,30.0,43.0,36.5,23.7,70.0,0.02,0.0,0.0,10.37,64.0,13.5,0.0,39.2,0.0,10.8,0.0,0.0,10.34
134177,131645.0,129341.0,147495.0,130743.0,132393.0,132506.0,132382.0,140534.0,134794.0,136480.0,129533.7,39.0,53.0,46.0,32.6,74.0,0.0,0.0,0.0,12.1,35.0,4.0,0.0,41.8,0.0,8.2,0.0,0.0,10.38
128501,134177.0,131645.0,129341.0,135393.0,133865.0,127929.0,133149.0,134807.0,140534.0,136970.6,130025.9,42.0,55.0,48.5,34.6,81.0,0.0,0.0,0.0,3.33,86.0,1.5,0.0,43.7,0.0,6.3,0.0,0.0,10.42
128685,128501.0,134177.0,131645.0,135473.0,130359.0,129925.0,130978.0,134151.0,134807.0,135986.0,129979.2,45.0,61.0,53.0,40.6,67.0,0.0,0.0,0.0,12.88,43.0,0.0,0.0,49.2,0.0,1.8,0.0,0.0,10.46
122360,128685.0,128501.0,134177.0,145270.0,130038.0,128047.0,125833.0,129433.0,134151.0,135016.3,129855.9,36.0,46.0,41.0,23.1,55.0,0.0,0.0,0.0,13.62,22.0,9.0,0.0,47.5,0.0,3.5,1.0,0.0,10.5
116598,122360.0,128685.0,128501.0,147495.0,118723.0,121740.0,124317.0,126087.0,129433.0,131743.4,129496.3,38.0,48.0,43.0,26.7,68.0,0.01,0.0,0.0,7.95,100.0,7.0,0.0,45.7,0.0,5.3,1.0,0.0,10.54
116261,116598.0,122360.0,128685.0,129341.0,115804.0,120381.0,123983.0,114792.0,126087.0,127329.6,129017.0,41.0,57.0,49.0,24.6,48.0,0.0,0.0,0.0,13.86,51.0,1.0,0.0,44.3,0.0,5.7,0.0,0.0,10.58
124713,116261.0,116598.0,122360.0,131645.0,125165.0,134041.0,129779.0,123675.0,114792.0,125461.0,128697.9,40.0,54.0,47.0,27.0,54.0,0.0,0.0,0.0,14.13,18.0,3.0,0.0,46.3,0.0,3.7,0.0,0.0,10.62
124168,124713.0,116261.0,116598.0,134177.0,130743.0,132393.0,132506.0,145185.0,123675.0,124470.7,128711.1,47.0,67.0,57.0,37.6,63.0,0.0,0.0,0.0,12.62,77.0,0.0,0.0,51.0,0.0,1.3,0.0,0.0,10.67
122571,124168.0,124713.0,116261.0,128501.0,135393.0,133865.0,127929.0,146849.0,145185.0,123040.9,128717.3,56.0,70.0,63.0,45.4,72.0,0.07,0.0,0.0,8.19,90.0,0.0,0.0,55.7,0.0,1.0,0.0,0.0,10.71
120734,122571.0,124168.0,124713.0,128685.0,135473.0,130359.0,129925.0,137341.0,146849.0,122193.7,128477.0,32.0,61.0,46.5,43.9,83.0,0.18,0.0,0.0,3.14,91.0,3.5,0.0,55.5,0.0,1.2,0.0,0.0,10.75
123029,120734.0,122571.0,124168.0,122360.0,145270.0,130038.0,128047.0,125473.0,137341.0,121057.9,128084.6,27.0,43.0,35.0,16.9,51.0,0.0,0.0,0.0,15.05,11.0,15.0,0.0,48.2,0.0,6.2,1.0,0.0,10.8
118794,123029.0,120734.0,122571.0,116598.0,147495.0,118723.0,121740.0,126067.0,125473.0,121153.4,127921.3,37.0,50.0,43.5,29.8,70.0,0.0,0.0,0.0,8.5,91.0,6.5,0.0,41.7,0.0,8.3,1.0,0.0,10.84
114515,118794.0,123029.0,120734.0,116261.0,129341.0,115804.0,120381.0,125608.0,126067.0,121467.1,127550.2,47.0,61.0,54.0,39.7,77.0,0.0,0.0,0.0,7.92,77.0,0.0,0.0,44.2,0.0,7.2,0.0,1.0,10.88
115965,114515.0,118794.0,123029.0,124713.0,131645.0,125165.0,134041.0,126100.0,125608.0,121217.7,127099.2,37.0,50.0,43.5,35.0,84.0,0.27,0.0,0.0,5.65,84.0,6.5,0.0,47.0,0.0,4.3,0.0,0.0,10.93
125622,115965.0,114515.0,118794.0,124168.0,134177.0,130743.0,132393.0,123351.0,126100.0,119968.0,126906.7,37.0,44.0,40.5,29.8,78.0,0.14,0.0,0.0,6.54,77.0,9.5,0.0,46.0,0.0,5.3,0.0,0.0,10.97
127740,125622.0,115965.0,114515.0,122571.0,128501.0,135393.0,133865.0,126094.0,123351.0,120175.7,127081.4,38.0,44.0,41.0,36.3,89.0,0.02,0.0,0.0,6.76,87.0,9.0,0.0,41.7,0.0,8.3,0.0,0.0,11.01
129068,127740.0,125622.0,115965.0,120734.0,128685.0,135473.0,130359.0,122394.0,126094.0,120914.1,126871.3,25.0,45.0,35.0,24.8,61.0,0.0,0.0,0.0,14.15,42.0,15.0,0.0,38.8,0.0,11.2,0.0,0.0,11.06
127964,129068.0,127740.0,125622.0,123029.0,122360.0,145270.0,130038.0,132698.0,122394.0,122104.7,126760.5,23.0,33.0,28.0,15.0,63.0,0.0,0.0,0.0,6.39,70.0,22.0,0.0,34.7,0.0,15.3,1.0,0.0,11.1
128870,127964.0,129068.0,127740.0,118794.0,116598.0,147495.0,118723.0,135833.0,132698.0,122809.7,126563.8,30.0,50.0,40.0,25.7,71.0,0.0,0.0,0.0,13.48,23.0,10.0,0.0,34.3,0.0,15.7,1.0,0.0,11.14
121861,128870.0,127964.0,129068.0,114515.0,116261.0,129341.0,115804.0,127373.0,135833.0,124249.1,126514.2,33.0,46.0,39.5,23.7,65.0,0.21,0.9,0.0,13.96,63.0,10.5,0.0,35.8,0.0,14.2,0.0,0.0,11.19
131002,121861.0,128870.0,127964.0,115965.0,124713.0,131645.0,125165.0,121680.0,127373.0,125298.6,126241.6,32.0,38.0,35.0,32.1,93.0,0.34,0.9,2.0,1.93,81.0,15.0,0.0,38.2,0.0,11.8,0.0,0.0,11.23
136314,131002.0,121861.0,128870.0,125622.0,124168.0,134177.0,130743.0,135424.0,121680.0,127446.7,126650.9,33.0,44.0,38.5,29.4,80.0,0.0,0.0,1.2,14.74,57.0,11.5,0.0,37.7,0.0,12.3,0.0,0.0,11.28
132040,136314.0,131002.0,121861.0,127740.0,122571.0,128501.0,135393.0,133820.0,135424.0,128974.1,127334.6,39.0,54.0,46.5,36.9,79.0,0.0,0.0,0.0,10.54,100.0,3.5,0.0,40.0,0.0,10.0,0.0,0.0,11.32
128799,132040.0,136314.0,131002.0,129068.0,120734.0,128685.0,135473.0,126844.0,133820.0,129588.4,127563.7,37.0,47.0,42.0,28.2,70.0,0.15,0.0,0.0,11.25,85.0,8.0,0.0,42.3,0.0,7.7,0.0,0.0,11.36
128658,128799.0,132040.0,136314.0,127964.0,123029.0,122360.0,145270.0,128567.0,126844.0,129550.0,127498.9,38.0,45.0,41.5,36.3,84.0,0.99,0.0,0.0,5.78,96.0,8.5,0.0,43.3,0.0,6.7,1.0,0.0,11.41
119799,128658.0,128799.0,132040.0,128870.0,118794.0,116598.0,147495.0,134410.0,128567.0,129649.1,127274.4,38.0,53.0,45.5,29.9,65.0,0.0,0.0,0.0,14.31,40.0,4.5,0.0,43.0,0.0,7.0,1.0,0.0,11.45
115276,119799.0,128658.0,128799.0,121861.0,114515.0,116261.0,129341.0,120758.0,134410.0,128353.3,126752.0,40.0,52.0,46.0,27.0,57.0,0.0,0.0,0.0,15.18,46.0,4.0,0.0,44.3,0.0,5.7,0.0,0.0,11.5
125030,115276.0,119799.0,128658.0,131002.0,115965.0,124713.0,131645.0,113970.0,120758.0,127412.6,125752.2,33.0,47.0,40.0,21.2,50.0,0.06,0.1,0.0,17.68,60.0,10.0,0.0,43.8,0.0,6.2,0.0,0.0,11.55
128147,125030.0,115276.0,119799.0,136314.0,125622.0,124168.0,134177.0,121327.0,113970.0,126559.4,125003.3,31.0,48.0,39.5,21.6,54.0,0.0,0.0,0.0,17.49,28.0,10.5,0.0,41.8,0.0,8.2,0.0,0.0,11.59
130246,128147.0,125030.0,115276.0,132040.0,127740.0,122571.0,128501.0,122942.0,121327.0,125392.7,124963.5,33.0,51.0,42.0,26.5,61.0,0.0,0.0,0.0,15.52,36.0,8.0,0.0,40.5,0.0,9.5,0.0,0.0,11.64
127820,130246.0,128147.0,125030.0,128799.0,129068.0,120734.0,128685.0,130529.0,122942.0,125136.4,124916.9,35.0,46.0,40.5,30.4,75.0,0.36,0.0,0.0,9.66,87.0,9.5,0.0,40.7,0.0,9.3,0.0,0.0,11.68
127940,127820.0,130246.0,128147.0,128658.0,127964.0,123029.0,122360.0,127333.0,130529.0,124996.6,124705.0,35.0,45.0,40.0,33.5,82.0,0.4,0.0,0.0,8.02,80.0,10.0,0.0,40.8,0.0,9.2,1.0,0.0,11.73
119894,127940.0,127820.0,130246.0,119799.0,128870.0,118794.0,116598.0,123577.0,127333.0,124894.0,124686.3,34.0,48.0,41.0,27.0,67.0,0.0,0.0,0.0,15.02,59.0,9.0,0.0,40.5,0.0,9.5,1.0,0.0,11.77
112114,119894.0,127940.0,127820.0,115276.0,121861.0,114515.0,116261.0,122876.0,123577.0,124907.6,124393.3,38.0,45.0,41.5,37.6,90.0,0.67,0.0,0.0,2.41,100.0,8.5,0.0,40.8,0.0,9.2,0.0,0.0,11.82
129401,112114.0,119894.0,127940.0,125030.0,131002.0,115965.0,124713.0,121006.0,122876.0,124455.9,124051.7,33.0,38.0,35.5,28.7,77.0,0.13,0.0,0.0,4.95,100.0,14.5,0.0,39.3,0.0,10.7,0.0,0.0,11.86
134348,129401.0,112114.0,119894.0,128147.0,136314.0,125622.0,124168.0,128418.0,121006.0,125080.3,124478.5,34.0,45.0,39.5,21.4,52.0,0.0,0.0,0.0,17.99,59.0,10.5,0.0,38.8,0.0,11.2,0.0,0.0,11.91
132305,134348.0,129401.0,112114.0,130246.0,132040.0,127740.0,122571.0,121734.0,128418.0,125966.1,125081.4,34.0,59.0,46.5,22.4,47.0,0.0,0.0,0.0,18.44,45.0,3.5,0.0,40.5,0.0,9.5,0.0,0.0,11.96
127824,132305.0,134348.0,129401.0,127820.0,128799.0,129068.0,120734.0,119402.0,121734.0,126260.3,125334.5,47.0,60.0,53.5,34.9,62.0,0.0,0.0,0.0,12.04,98.0,0.0,0.0,46.5,0.0,4.7,0.0,0.0,12.0
121723,127824.0,132305.0,134348.0,127940.0,128658.0,127964.0,123029.0,122410.0,119402.0,126260.9,125456.3,40.0,56.0,48.0,30.3,58.0,0.02,0.0,0.0,18.29,70.0,2.0,0.0,49.3,0.0,1.8,1.0,0.0,12.05
111745,121723.0,127824.0,132305.0,119894.0,119799.0,128870.0,118794.0,119331.0,122410.0,125372.7,125428.1,29.0,40.0,34.5,13.3,43.0,0.0,0.0,0.0,20.44,24.0,15.5,0.0,45.3,0.0,5.8,1.0,0.0,12.09
115955,111745.0,121723.0,127824.0,112114.0,115276.0,121861.0,114515.0,110001.0,119331.0,124208.6,125128.4,31.0,51.0,41.0,20.2,51.0,0.0,0.0,0.0,21.1,0.0,9.0,0.0,41.2,0.0,8.8,0.0,0.0,12.14
126654,115955.0,111745.0,121723.0,129401.0,125030.0,131002.0,115965.0,107618.0,110001.0,124757.3,124892.6,40.0,63.0,51.5,25.0,48.0,0.0,0.0,0.0,21.03,29.0,0.0,0.0,42.3,0.0,8.2,0.0,0.0,12.18
122805,126654.0,115955.0,111745.0,134348.0,128147.0,136314.0,125622.0,118396.0,107618.0,124364.9,125154.6,48.0,62.0,55.0,34.6,66.0,0.0,0.0,0.0,16.76,78.0,0.0,0.0,49.2,0.0,3.0,0.0,0.0,12.23
120961,122805.0,126654.0,115955.0,132305.0,130246.0,132040.0,127740.0,118589.0,118396.0,122715.9,125431.0,48.0,60.0,54.0,47.8,88.0,0.09,0.0,0.0,8.8,99.0,0.0,0.0,53.5,0.0,0.0,0.0,0.0,12.27
121618,120961.0,122805.0,126654.0,127824.0,127820.0,128799.0,129068.0,122808.0,118589.0,121095.3,125597.5,44.0,55.0,49.5,34.1,59.0,0.0,0.0,0.0,12.12,97.0,0.5,0.0,52.8,0.0,0.2,0.0,0.0,12.32
120547,121618.0,120961.0,122805.0,121723.0,127940.0,128658.0,127964.0,126310.0,122808.0,120208.7,125464.0,42.0,47.0,44.5,36.9,84.0,0.15,0.0,0.0,3.13,99.0,5.5,0.0,49.3,0.0,2.0,1.0,0.0,12.36
115772,120547.0,121618.0,120961.0,111745.0,119894.0,119799.0,128870.0,121464.0,126310.0,120040.7,125224.3,44.0,63.0,53.5,34.9,63.0,0.0,0.0,0.0,21.91,7.0,0.0,0.0,49.2,0.0,2.0,1.0,0.0,12.41
108253,115772.0,120547.0,121618.0,115955.0,112114.0,115276.0,121861.0,111324.0,121464.0,120616.0,124781.1,43.0,62.0,52.5,33.2,63.0,0.29,0.0,0.0,16.72,50.0,0.0,0.0,50.2,0.0,1.8,0.0,0.0,12.45
119452,108253.0,115772.0,120547.0,126654.0,129401.0,125030.0,131002.0,113300.0,111324.0,119515.7,124124.0,42.0,52.0,47.0,34.0,72.0,0.0,0.0,0.0,10.72,75.0,3.0,0.0,51.0,0.0,1.0,0.0,0.0,12.5
121920,119452.0,108253.0,115772.0,122805.0,134348.0,128147.0,136314.0,135881.0,113300.0,118486.9,123810.1,39.0,55.0,47.0,27.7,61.0,0.0,0.0,0.0,22.22,44.0,3.0,0.0,48.8,0.0,2.0,0.0,0.0,12.55
120932,121920.0,119452.0,108253.0,120961.0,132305.0,130246.0,132040.0,137056.0,135881.0,118360.4,123812.1,31.0,46.0,38.5,18.3,47.0,0.01,0.0,0.0,22.67,21.0,11.5,0.0,44.2,0.0,5.8,0.0,0.0,12.59
124644,120932.0,121920.0,119452.0,121618.0,127824.0,127820.0,128799.0,131818.0,137056.0,118356.3,123476.4,38.0,57.0,47.5,33.6,73.0,0.0,0.0,0.0,11.76,94.0,2.5,0.0,44.3,0.0,5.7,0.0,0.0,12.64
123140,124644.0,120932.0,121920.0,120547.0,121723.0,127940.0,128658.0,124378.0,131818.0,118788.6,123087.4,51.0,72.0,61.5,51.5,79.0,0.38,0.0,0.0,8.5,93.0,0.0,0.0,49.2,0.0,4.7,1.0,0.0,12.68
111631,123140.0,124644.0,120932.0,115772.0,111745.0,119894.0,119799.0,120710.0,124378.0,119159.0,122790.7,40.0,51.0,45.5,23.7,47.0,0.0,0.0,0.0,23.73,20.0,4.5,0.0,51.5,0.0,2.3,1.0,0.0,12.73
108953,111631.0,123140.0,124644.0,108253.0,115955.0,112114.0,115276.0,111925.0,120710.0,118567.4,122218.5,39.0,59.0,49.0,33.3,66.0,0.0,0.0,0.0,22.8,26.0,1.0,0.0,52.0,0.0,1.8,0.0,0.0,12.77
120873,108953.0,111631.0,123140.0,119452.0,126654.0,129401.0,125030.0,112753.0,111925.0,118667.4,121561.6,48.0,73.0,60.5,50.0,82.0,0.0,0.0,0.0,19.77,40.0,0.0,0.0,51.7,0.0,1.8,0.0,0.0,12.82
119870,120873.0,108953.0,111631.0,121920.0,122805.0,134348.0,128147.0,122503.0,112753.0,118870.4,121597.4,46.0,57.0,51.5,48.8,89.0,0.0,0.0,0.0,6.09,96.0,0.0,0.0,53.7,0.0,0.3,0.0,0.0,12.86
121088,119870.0,120873.0,108953.0,120932.0,120961.0,132305.0,130246.0,122367.0,122503.0,118577.6,121750.6,47.0,80.0,63.5,55.6,83.0,0.0,0.0,0.0,15.69,94.0,0.0,0.0,58.5,0.0,0.0,0.0,0.0,12.9
119719,121088.0,119870.0,120873.0,124644.0,121618.0,127824.0,127820.0,124394.0,122367.0,118599.9,121619.2,42.0,60.0,51.0,27.8,40.0,0.0,0.0,0.0,9.23,99.0,0.0,0.0,55.3,0.0,0.0,0.0,0.0,12.95
115204,119719.0,121088.0,119870.0,123140.0,120547.0,121723.0,127940.0,125764.0,124394.0,117896.3,121338.2,37.0,54.0,45.5,23.7,47.0,0.0,0.0,0.0,21.12,97.0,4.5,0.0,53.3,0.0,1.5,1.0,0.0,12.99
108997,115204.0,119719.0,121088.0,111631.0,115772.0,111745.0,119894.0,119287.0,125764.0,116762.6,120836.8,40.0,57.0,48.5,30.2,62.0,0.0,0.0,0.0,24.07,22.0,1.5,0.0,48.3,0.0,2.0,1.0,0.0,13.04
105897,108997.0,115204.0,119719.0,108953.0,108253.0,115955.0,112114.0,109426.0,119287.0,116386.3,120209.4,42.0,68.0,55.0,35.5,66.0,0.0,0.0,0.0,24.35,1.0,0.0,0.0,49.7,0.0,2.0,0.0,0.0,13.08
116583,105897.0,108997.0,115204.0,120873.0,119452.0,126654.0,129401.0,109935.0,109426.0,115949.7,119474.6,51.0,75.0,63.0,32.5,40.0,0.0,0.0,0.0,23.18,70.0,0.0,0.0,55.5,0.0,0.5,0.0,0.0,13.12
117194,116583.0,105897.0,108997.0,119870.0,121920.0,122805.0,134348.0,120604.0,109935.0,115336.9,119364.3,64.0,84.0,74.0,41.1,37.0,0.0,0.0,0.0,21.16,55.0,0.0,9.0,64.0,3.0,0.0,0.0,0.0,13.17
122341,117194.0,116583.0,105897.0,121088.0,120932.0,120961.0,132305.0,120024.0,120604.0,114954.6,119533.6,67.0,90.0,78.5,47.2,45.0,0.0,0.0,0.0,24.13,0.0,0.0,13.5,71.8,7.5,0.0,0.0,0.0,13.21
133743,122341.0,117194.0,116583.0,119719.0,124644.0,121618.0,127824.0,119341.0,120024.0,115133.6,119298.3,70.0,91.0,80.5,48.3,44.0,0.0,0.0,0.0,23.31,72.0,0.0,15.5,77.7,12.7,0.0,0.0,0.0,13.25
140767,133743.0,122341.0,117194.0,115204.0,123140.0,120547.0,121723.0,124219.0,119341.0,117137.0,119278.1,59.0,75.0,67.0,58.9,83.0,0.02,0.0,0.0,16.68,90.0,0.0,2.0,75.3,10.3,0.0,1.0,0.0,13.3
122941,140767.0,133743.0,122341.0,108997.0,111631.0,115772.0,111745.0,114675.0,124219.0,120788.9,119560.2,57.0,71.0,64.0,57.2,88.0,0.0,0.0,0.0,15.43,100.0,0.0,0.0,70.5,5.8,0.0,1.0,0.0,13.34
113609,122941.0,140767.0,133743.0,105897.0,108953.0,108253.0,115955.0,106763.0,114675.0,122780.9,119397.4,53.0,68.0,60.5,48.0,75.0,0.0,0.0,0.0,13.07,73.0,0.0,0.0,63.8,0.7,0.0,0.0,0.0,13.38
120738,113609.0,122941.0,140767.0,116583.0,120873.0,119452.0,126654.0,104143.0,106763.0,123882.6,119126.9,45.0,57.0,51.0,30.5,44.0,0.0,0.0,0.0,18.78,30.0,0.0,0.0,58.5,0.0,0.0,0.0,0.0,13.43
116766,120738.0,113609.0,122941.0,117194.0,119870.0,121920.0,122805.0,118648.0,104143.0,124476.1,119426.7,45.0,64.0,54.5,31.5,50.0,0.0,0.0,0.0,21.6,38.0,0.0,0.0,55.3,0.0,0.0,0.0,0.0,13.47
117228,116766.0,120738.0,113609.0,122341.0,121088.0,120932.0,120961.0,121388.0,118648.0,124415.0,119453.7,45.0,66.0,55.5,38.3,64.0,0.0,0.0,0.0,23.38,59.0,0.0,0.0,53.7,0.0,0.0,0.0,0.0,13.51
116594,117228.0,116766.0,120738.0,133743.0,119719.0,124644.0,121618.0,118785.0,121388.0,123684.6,119139.5,51.0,71.0,61.0,46.3,72.0,0.0,0.0,0.0,25.09,43.0,0.0,0.0,57.0,0.0,0.0,0.0,0.0,13.55
116193,116594.0,117228.0,116766.0,140767.0,115204.0,123140.0,120547.0,117962.0,118785.0,121234.7,118932.5,51.0,67.0,59.0,52.9,86.0,0.68,0.0,0.0,19.28,96.0,0.0,0.0,58.5,0.0,0.0,1.0,0.0,13.6
108000,116193.0,116594.0,117228.0,122941.0,108997.0,111631.0,115772.0,115266.0,117962.0,117724.1,118773.6,50.0,69.0,59.5,49.4,76.0,1.51,0.0,0.0,14.99,69.0,0.0,0.0,59.8,0.0,0.0,1.0,0.0,13.64
106680,108000.0,116193.0,116594.0,113609.0,105897.0,108953.0,108253.0,104963.0,115266.0,115589.7,118319.6,44.0,62.0,53.0,34.7,56.0,0.0,0.0,0.0,22.39,34.0,0.0,0.0,57.2,0.0,0.0,0.0,0.0,13.68
115464,106680.0,108000.0,116193.0,120738.0,116583.0,120873.0,119452.0,103141.0,104963.0,114599.9,117857.4,46.0,60.0,53.0,34.3,57.0,0.0,0.0,0.0,19.84,44.0,0.0,0.0,55.2,0.0,0.0,0.0,0.0,13.72
116571,115464.0,106680.0,108000.0,116766.0,117194.0,119870.0,121920.0,116707.0,103141.0,113846.4,117847.1,46.0,60.0,53.0,40.5,72.0,0.0,0.0,0.0,17.94,50.0,0.0,0.0,53.0,0.0,0.0,0.0,0.0,13.76
116469,116571.0,115464.0,106680.0,117228.0,122341.0,121088.0,120932.0,117936.0,116707.0,113818.6,118124.4,49.0,57.0,53.0,46.0,84.0,0.0,0.0,0.0,14.29,62.0,0.0,0.0,53.0,0.0,0.0,0.0,0.0,13.8
117867,116469.0,116571.0,115464.0,116594.0,133743.0,119719.0,124644.0,117033.0,117936.0,113710.1,118025.0,47.0,56.0,51.5,42.2,77.0,0.33,0.0,0.0,9.66,95.0,0.0,0.0,52.5,0.0,0.0,0.0,0.0,13.84
117958,117867.0,116469.0,116571.0,116193.0,140767.0,115204.0,123140.0,118417.0,117033.0,113892.0,117889.9,47.0,53.0,50.0,48.9,92.0,2.46,0.0,0.0,3.72,100.0,0.0,0.0,51.5,0.0,0.0,1.0,0.0,13.88
112265,117958.0,117867.0,116469.0,108000.0,122941.0,108997.0,111631.0,116328.0,118417.0,114144.1,117790.7,50.0,60.0,55.0,53.6,97.0,2.32,0.0,0.0,5.18,100.0,0.0,0.0,52.2,0.0,0.0,1.0,0.0,13.92
109877,112265.0,117958.0,117867.0,106680.0,113609.0,105897.0,108953.0,105598.0,116328.0,114753.4,117378.1,49.0,61.0,55.0,41.2,63.0,0.09,0.0,0.0,21.97,59.0,0.0,0.0,53.3,0.0,0.0,0.0,0.0,13.96
116373,109877.0,112265.0,117958.0,115464.0,120738.0,116583.0,120873.0,103273.0,105598.0,115210.1,116936.0,44.0,56.0,50.0,39.4,67.0,0.25,0.0,0.0,17.85,86.0,0.0,0.0,53.3,0.0,0.0,0.0,0.0,13.99
117408,116373.0,109877.0,112265.0,116571.0,116766.0,117194.0,119870.0,116909.0,103273.0,115340.0,117094.1,47.0,57.0,52.0,38.6,69.0,0.0,0.0,0.0,17.15,81.0,0.0,0.0,52.3,0.0,0.0,0.0,0.0,14.03
117134,117408.0,116373.0,109877.0,116469.0,117228.0,122341.0,121088.0,116246.0,116909.0,115459.6,117375.9,48.0,55.0,51.5,43.7,80.0,0.05,0.0,0.0,17.73,81.0,0.0,0.0,51.2,0.0,0.0,0.0,0.0,14.07
118783,117134.0,117408.0,116373.0,117867.0,116594.0,133743.0,119719.0,118020.0,116246.0,115554.6,117251.3,48.0,66.0,57.0,44.7,77.0,0.0,0.0,0.0,22.51,28.0,0.0,0.0,53.5,0.0,0.0,0.0,0.0,14.11
116116,118783.0,117134.0,117408.0,117958.0,116193.0,140767.0,115204.0,117381.0,118020.0,115685.4,117215.0,48.0,73.0,60.5,44.0,65.0,0.0,0.0,0.0,22.92,34.0,0.0,0.0,56.3,0.0,0.0,1.0,0.0,14.15
106884,116116.0,118783.0,117134.0,112265.0,108000.0,122941.0,108997.0,117185.0,117381.0,115422.3,117049.3,54.0,78.0,66.0,46.0,59.0,0.02,0.0,0.0,26.38,56.0,0.0,1.0,61.2,0.3,0.0,1.0,0.0,14.18
106708,106884.0,116116.0,118783.0,109877.0,106680.0,113609.0,105897.0,110153.0,117185.0,114653.6,116621.5,58.0,77.0,67.5,50.1,63.0,0.0,0.0,0.0,26.44,55.0,0.0,2.5,64.7,1.2,0.0,0.0,0.0,14.22
123086,106708.0,106884.0,116116.0,116373.0,115464.0,120738.0,116583.0,105750.0,110153.0,114200.9,116338.3,54.0,71.0,62.5,39.2,53.0,0.0,0.0,0.0,23.09,71.0,0.0,0.0,65.3,1.2,0.0,0.0,0.0,14.25
117625,123086.0,106708.0,106884.0,117408.0,116571.0,116766.0,117194.0,115489.0,105750.0,115159.9,116807.9,50.0,73.0,61.5,43.4,63.0,0.0,0.0,0.0,28.49,3.0,0.0,0.0,63.8,0.8,0.0,0.0,0.0,14.29
117570,117625.0,123086.0,106708.0,117134.0,116469.0,117228.0,122341.0,115833.0,115489.0,115190.9,117198.8,57.0,80.0,68.5,46.2,55.0,0.0,0.0,0.0,27.98,10.0,0.0,3.5,64.2,1.2,0.0,0.0,0.0,14.33
123681,117570.0,117625.0,123086.0,118783.0,117867.0,116594.0,133743.0,116769.0,115833.0,115253.1,117231.7,65.0,87.0,76.0,52.1,56.0,0.0,0.0,0.0,24.42,66.0,0.0,11.0,68.7,4.8,0.0,0.0,0.0,14.36
135997,123681.0,117570.0,117625.0,116116.0,117958.0,116193.0,140767.0,120169.0,116769.0,115952.9,117448.0,66.0,82.0,74.0,50.3,49.0,0.0,0.0,0.0,16.28,91.0,0.0,9.0,72.8,7.8,0.0,1.0,0.0,14.39
129143,135997.0,123681.0,117570.0,106884.0,112265.0,108000.0,122941.0,122073.0,120169.0,118793.0,117903.2,59.0,74.0,66.5,40.1,44.0,0.0,0.0,0.0,28.25,73.0,0.0,1.5,72.2,7.2,0.0,1.0,0.0,14.43
113232,129143.0,135997.0,123681.0,106708.0,109877.0,106680.0,113609.0,113959.0,122073.0,121972.9,117749.8,52.0,74.0,63.0,36.0,39.0,0.0,0.0,0.0,29.53,9.0,0.0,0.0,67.8,3.5,0.0,0.0,0.0,14.46
123378,113232.0,129143.0,135997.0,123086.0,116373.0,115464.0,120738.0,113589.0,113959.0,122904.9,116832.0,58.0,79.0,68.5,38.0,37.0,0.0,0.0,0.0,27.59,58.0,0.0,3.5,66.0,1.7,0.0,0.0,0.0,14.49
128952,123378.0,113232.0,129143.0,117625.0,117408.0,116571.0,116766.0,132166.0,113589.0,122946.6,116846.6,50.0,69.0,59.5,33.8,41.0,0.0,0.0,0.0,29.48,24.0,0.0,0.0,63.7,1.2,0.0,0.0,0.0,14.52
121160,128952.0,123378.0,113232.0,117570.0,117134.0,116469.0,117228.0,125326.0,132166.0,124564.7,117358.0,43.0,61.0,52.0,35.1,54.0,0.0,0.0,0.0,29.59,0.0,0.0,0.0,60.0,1.2,0.0,0.0,0.0,14.55
114549,121160.0,128952.0,123378.0,123681.0,118783.0,117867.0,116594.0,121073.0,125326.0,125077.6,117372.1,52.0,70.0,61.0,48.5,71.0,0.0,0.0,0.0,23.36,67.0,0.0,0.0,57.5,0.0,0.0,0.0,0.0,14.58
116482,114549.0,121160.0,128952.0,135997.0,116116.0,117958.0,116193.0,120697.0,121073.0,123773.0,117298.2,57.0,65.0,61.0,57.9,92.0,0.77,0.0,0.0,5.68,100.0,0.0,0.0,58.0,0.0,0.0,1.0,0.0,14.61
110684,116482.0,114549.0,121160.0,129143.0,106884.0,112265.0,108000.0,121752.0,120697.0,120985.1,117273.3,55.0,70.0,62.5,51.1,67.0,0.02,0.0,0.0,19.37,70.0,0.0,0.0,61.5,0.0,0.0,1.0,0.0,14.64
107194,110684.0,116482.0,114549.0,113232.0,106708.0,109877.0,106680.0,129498.0,121752.0,118348.1,117076.3,57.0,75.0,66.0,52.1,70.0,0.0,0.0,0.0,23.99,15.0,0.0,1.0,63.2,0.3,0.0,0.0,0.0,14.66
121819,107194.0,110684.0,116482.0,123378.0,123086.0,116373.0,115464.0,147492.0,129498.0,117485.6,116776.3,54.0,70.0,62.0,49.3,73.0,0.0,0.0,0.0,27.21,48.0,0.0,0.0,63.5,0.3,0.0,0.0,0.0,14.69
118631,121819.0,107194.0,110684.0,128952.0,117625.0,117408.0,116571.0,137095.0,147492.0,117262.9,117237.0,53.0,77.0,65.0,49.1,68.0,0.08,0.0,0.0,26.3,37.0,0.0,0.0,64.3,0.3,0.0,0.0,0.0,14.72
119115,118631.0,121819.0,107194.0,121160.0,117570.0,117134.0,116469.0,125399.0,137095.0,115788.4,117635.3,50.0,68.0,59.0,41.1,55.0,0.0,0.0,0.0,29.78,29.0,0.0,0.0,62.0,0.0,0.0,0.0,0.0,14.74
115600,119115.0,118631.0,121819.0,114549.0,123681.0,118783.0,117867.0,121071.0,125399.0,115496.3,117757.0,53.0,72.0,62.5,42.3,55.0,0.0,0.0,0.0,29.79,2.0,0.0,0.0,62.2,0.0,0.0,0.0,0.0,14.77
116326,115600.0,119115.0,118631.0,116482.0,135997.0,116116.0,117958.0,121600.0,121071.0,115646.4,117724.7,56.0,78.0,67.0,45.0,54.0,0.0,0.0,0.0,29.26,38.0,0.0,2.0,62.8,0.7,0.0,1.0,0.0,14.79
108601,116326.0,115600.0,119115.0,110684.0,129143.0,106884.0,112265.0,133313.0,121600.0,115624.1,117719.9,59.0,79.0,69.0,46.6,56.0,0.0,0.0,0.0,28.95,24.0,0.0,4.0,66.2,2.0,0.0,1.0,0.0,14.82
107474,108601.0,116326.0,115600.0,107194.0,113232.0,106708.0,109877.0,122247.0,133313.0,115326.6,117411.0,59.0,79.0,69.0,49.1,56.0,0.0,0.0,0.0,28.96,15.0,0.0,4.0,68.3,3.3,0.0,0.0,1.0,14.84
114978,107474.0,108601.0,116326.0,121819.0,123378.0,123086.0,116373.0,116688.0,122247.0,115366.6,117061.6,55.0,72.0,63.5,49.4,68.0,0.0,0.0,0.0,29.83,0.0,0.0,0.0,67.2,2.7,0.0,0.0,0.0,14.86
120976,114978.0,107474.0,108601.0,118631.0,128952.0,117625.0,117408.0,133272.0,116688.0,114389.3,117152.0,51.0,77.0,64.0,51.0,73.0,0.0,0.0,0.0,29.74,8.0,0.0,0.0,65.5,1.3,0.0,0.0,0.0,14.88
123000,120976.0,114978.0,107474.0,119115.0,121160.0,117570.0,117134.0,175375.0,133272.0,114724.3,117522.0,59.0,87.0,73.0,55.5,70.0,0.0,0.0,0.0,29.33,13.0,0.0,8.0,66.8,2.7,0.0,0.0,0.0,14.9
134730,123000.0,120976.0,114978.0,115600.0,114549.0,123681.0,118783.0,138381.0,175375.0,115279.3,117742.9,66.0,91.0,78.5,58.1,62.0,0.24,0.0,0.0,26.87,27.0,0.0,13.5,71.8,7.2,0.0,0.0,0.0,14.92
146225,134730.0,123000.0,120976.0,116326.0,116482.0,135997.0,116116.0,144168.0,138381.0,118012.1,118320.3,54.0,69.0,61.5,56.3,75.0,0.0,0.0,0.0,12.81,95.0,0.0,0.0,71.0,7.2,0.0,1.0,0.0,14.94
121764,146225.0,134730.0,123000.0,108601.0,110684.0,129143.0,106884.0,140673.0,144168.0,122283.4,119290.0,49.0,69.0,59.0,43.5,58.0,0.0,0.0,0.0,18.19,45.0,0.0,0.0,66.3,4.5,0.0,1.0,0.0,14.96
106737,121764.0,146225.0,134730.0,107474.0,107194.0,113232.0,106708.0,127057.0,140673.0,124163.9,119389.3,56.0,76.0,66.0,45.5,53.0,0.0,0.0,0.0,18.82,55.0,0.0,1.0,62.2,0.3,0.0,0.0,0.0,14.98
122591,106737.0,121764.0,146225.0,114978.0,121819.0,123378.0,123086.0,119538.0,127057.0,124058.6,119076.7,60.0,79.0,69.5,46.8,50.0,0.0,0.0,0.0,25.39,39.0,0.0,4.5,64.8,1.8,0.0,0.0,0.0,14.99
126482,122591.0,106737.0,121764.0,120976.0,118631.0,128952.0,117625.0,137896.0,119538.0,125146.1,119600.3,57.0,69.0,63.0,41.1,45.0,0.0,0.0,0.0,29.42,5.0,0.0,0.0,66.2,1.8,0.0,0.0,0.0,15.0
122219,126482.0,122591.0,106737.0,123000.0,119115.0,121160.0,117570.0,140917.0,137896.0,125932.7,120259.4,55.0,72.0,63.5,45.4,58.0,0.0,0.0,0.0,23.88,23.0,0.0,0.0,65.3,1.5,0.0,0.0,0.0,15.02
122396,122219.0,126482.0,122591.0,134730.0,115600.0,114549.0,123681.0,155202.0,140917.0,125821.1,120230.5,58.0,72.0,65.0,49.1,66.0,0.0,0.0,0.0,22.12,52.0,0.0,0.0,63.8,0.0,0.0,0.0,0.0,15.03
122782,122396.0,122219.0,126482.0,146225.0,116326.0,116482.0,135997.0,158163.0,155202.0,124059.1,120389.5,58.0,78.0,68.0,51.1,62.0,0.0,0.0,0.0,25.57,38.0,0.0,3.0,65.5,1.0,0.0,1.0,0.0,15.04
116495,122782.0,122396.0,122219.0,121764.0,108601.0,110684.0,129143.0,143138.0,158163.0,120710.1,120563.3,64.0,82.0,73.0,57.7,66.0,0.01,0.0,0.0,22.23,85.0,0.0,8.0,68.7,3.7,0.0,1.0,0.0,15.05
123644,116495.0,122782.0,122396.0,106737.0,107474.0,107194.0,113232.0,129673.0,143138.0,119957.4,120323.7,66.0,78.0,72.0,62.5,78.0,0.3,0.0,0.0,15.54,100.0,0.0,7.0,71.0,6.0,0.0,0.0,0.0,15.06
143428,123644.0,116495.0,122782.0,122591.0,114978.0,121819.0,123378.0,124392.0,129673.0,122372.7,119912.0,64.0,78.0,71.0,54.7,63.0,0.0,0.0,0.0,25.64,41.0,0.0,6.0,72.0,7.0,0.0,0.0,0.0,15.07
139956,143428.0,123644.0,116495.0,126482.0,120976.0,118631.0,128952.0,160107.0,124392.0,125349.4,120388.1,63.0,76.0,69.5,56.0,74.0,0.14,0.0,0.0,17.28,55.0,0.0,4.5,70.8,5.8,0.0,0.0,0.0,15.08
138201,139956.0,143428.0,123644.0,122219.0,123000.0,119115.0,121160.0,152013.0,160107.0,127274.3,121278.9,61.0,77.0,69.0,53.2,59.0,0.0,0.0,0.0,21.83,33.0,0.0,4.0,69.8,4.8,0.0,0.0,0.0,15.08
135517,138201.0,139956.0,143428.0,122396.0,134730.0,115600.0,114549.0,154053.0,152013.0,129557.4,121773.0,63.0,79.0,71.0,57.4,74.0,0.23,0.0,0.0,16.62,63.0,0.0,6.0,69.8,4.8,0.0,0.0,0.0,15.09
136365,135517.0,138201.0,139956.0,122782.0,146225.0,116326.0,116482.0,142516.0,154053.0,131431.9,121991.9,62.0,77.0,69.5,52.6,63.0,0.0,0.0,0.0,26.06,25.0,0.0,4.5,69.8,4.8,0.0,1.0,0.0,15.09
120499,136365.0,135517.0,138201.0,116495.0,121764.0,108601.0,110684.0,161751.0,142516.0,133372.3,122498.7,62.0,80.0,71.0,53.1,56.0,0.0,0.0,0.0,18.77,49.0,0.0,6.0,70.5,5.5,0.0,1.0,0.0,15.1
120873,120499.0,136365.0,135517.0,123644.0,106737.0,107474.0,107194.0,125441.0,161751.0,133944.3,122697.0,65.0,81.0,73.0,59.3,72.0,0.0,0.0,0.0,25.31,42.0,0.0,8.0,71.2,6.2,0.0,0.0,1.0,15.1
137633,120873.0,120499.0,136365.0,143428.0,122591.0,114978.0,121819.0,109016.0,125441.0,133548.4,122843.4,64.0,78.0,71.0,57.2,71.0,0.0,0.0,0.0,20.88,99.0,0.0,6.0,71.7,6.7,0.0,0.0,0.0,15.1
138888,137633.0,120873.0,120499.0,139956.0,126482.0,120976.0,118631.0,126826.0,109016.0,132720.6,123741.7,62.0,73.0,67.5,54.7,69.0,0.0,0.0,0.0,20.08,99.0,0.0,2.5,70.5,5.5,0.0,0.0,0.0,15.1
130314,138888.0,137633.0,120873.0,138201.0,122219.0,123000.0,119115.0,139512.0,126826.0,132568.0,124798.2,60.0,72.0,66.0,55.2,72.0,0.0,0.0,0.0,9.95,99.0,0.0,1.0,68.2,3.2,0.0,0.0,0.0,15.1
126600,130314.0,138888.0,137633.0,135517.0,122396.0,134730.0,115600.0,134420.0,139512.0,131441.3,125081.3,65.0,71.0,68.0,63.9,88.0,0.04,0.0,0.0,9.84,91.0,0.0,3.0,67.2,2.2,0.0,0.0,0.0,15.1
131825,126600.0,130314.0,138888.0,136365.0,122782.0,146225.0,116326.0,133783.0,134420.0,130167.4,125347.0,69.0,78.0,73.5,67.9,91.0,0.07,0.0,0.0,17.35,96.0,0.0,8.5,69.2,4.2,0.0,1.0,0.0,15.1
132294,131825.0,126600.0,130314.0,120499.0,116495.0,121764.0,108601.0,143764.0,133783.0,129518.9,125770.6,71.0,85.0,78.0,68.2,84.0,0.0,0.0,0.0,23.71,51.0,0.0,13.0,73.2,8.2,0.0,1.0,0.0,15.1
141384,132294.0,131825.0,126600.0,120873.0,123644.0,106737.0,107474.0,149562.0,143764.0,131203.9,126327.1,68.0,78.0,73.0,68.1,90.0,0.51,0.0,0.0,18.0,100.0,0.0,8.0,74.8,9.8,0.0,0.0,0.0,15.09
157188,141384.0,132294.0,131825.0,137633.0,143428.0,122591.0,114978.0,155264.0,149562.0,134134.0,127162.4,66.0,79.0,72.5,67.4,90.0,0.08,0.0,0.0,14.18,95.0,0.0,7.5,74.5,9.5,0.0,0.0,0.0,15.09
152718,157188.0,141384.0,132294.0,138888.0,139956.0,126482.0,120976.0,164152.0,155264.0,136927.6,128781.9,66.0,82.0,74.0,65.5,80.0,0.0,0.0,0.0,20.8,74.0,0.0,9.0,73.2,8.2,0.0,0.0,0.0,15.08
153004,152718.0,157188.0,141384.0,130314.0,138201.0,122219.0,123000.0,148109.0,164152.0,138903.3,130290.1,65.0,82.0,73.5,60.3,69.0,0.0,0.0,0.0,22.09,28.0,0.0,8.5,73.3,8.3,0.0,0.0,0.0,15.07
151886,153004.0,152718.0,157188.0,126600.0,135517.0,122396.0,134730.0,153946.0,148109.0,142144.7,131557.6,70.0,84.0,77.0,63.4,74.0,0.0,0.0,0.0,25.01,53.0,0.0,12.0,74.8,9.8,0.0,0.0,0.0,15.06
156264,151886.0,153004.0,152718.0,131825.0,136365.0,122782.0,146225.0,162912.0,153946.0,145757.0,132587.9,69.0,82.0,75.5,61.5,70.0,0.0,0.0,0.0,25.53,63.0,0.0,10.5,75.3,10.3,0.0,1.0,0.0,15.05
139773,156264.0,151886.0,153004.0,132294.0,120499.0,116495.0,121764.0,179043.0,162912.0,149248.3,133696.7,70.0,88.0,79.0,69.7,83.0,0.58,0.0,0.0,18.9,89.0,0.0,14.0,77.2,12.2,0.0,1.0,0.0,15.04
148585,139773.0,156264.0,151886.0,141384.0,120873.0,123644.0,106737.0,170430.0,179043.0,150316.7,133864.8,72.0,89.0,80.5,71.8,83.0,0.45,0.0,0.0,20.46,44.0,0.0,15.5,78.3,13.3,0.0,0.0,0.0,15.03
173124,148585.0,139773.0,156264.0,157188.0,137633.0,143428.0,122591.0,154052.0,170430.0,151345.4,133943.5,73.0,83.0,78.0,70.8,84.0,0.63,0.0,0.0,18.27,56.0,0.0,13.0,79.2,14.2,0.0,0.0,1.0,15.02
159388,173124.0,148585.0,139773.0,152718.0,138888.0,139956.0,126482.0,144918.0,154052.0,153622.0,135655.5,72.0,93.0,82.5,70.0,77.0,0.0,0.0,0.0,26.33,29.0,0.0,17.5,80.3,15.3,0.0,0.0,0.0,15.0
183313,159388.0,173124.0,148585.0,153004.0,130314.0,138201.0,122219.0,166529.0,144918.0,154574.9,137410.5,75.0,90.0,82.5,69.9,76.0,0.0,0.0,0.0,27.81,3.0,0.0,17.5,81.0,16.0,0.0,0.0,0.0,14.99
192213,183313.0,159388.0,173124.0,151886.0,126600.0,135517.0,122396.0,177523.0,166529.0,158904.7,139434.6,74.0,87.0,80.5,71.6,84.0,0.0,0.0,0.0,21.37,87.0,0.0,15.5,81.8,16.8,0.0,0.0,0.0,14.97
186932,192213.0,183313.0,159388.0,156264.0,131825.0,136365.0,122782.0,167089.0,177523.0,164665.7,141625.6,76.0,88.0,82.0,72.1,85.0,0.0,0.0,0.0,20.04,90.0,0.0,17.0,81.7,16.7,0.0,1.0,0.0,14.96
172361,186932.0,192213.0,183313.0,139773.0,132294.0,120499.0,116495.0,163633.0,167089.0,169046.9,143782.7,72.0,82.0,77.0,70.4,90.0,0.98,0.0,0.0,10.07,99.0,0.0,12.0,79.8,14.8,0.0,1.0,0.0,14.94
165418,172361.0,186932.0,192213.0,148585.0,141384.0,120873.0,123644.0,150168.0,163633.0,173702.3,145448.2,71.0,84.0,77.5,68.0,79.0,0.0,0.0,0.0,20.26,72.0,0.0,12.5,78.8,13.8,0.0,0.0,0.0,14.92
177182,165418.0,172361.0,186932.0,173124.0,157188.0,137633.0,143428.0,139373.0,150168.0,176107.0,146869.4,68.0,89.0,78.5,62.5,65.0,0.0,0.0,0.0,27.41,6.0,0.0,13.5,77.7,12.7,0.0,0.0,0.0,14.9
175241,177182.0,165418.0,172361.0,159388.0,152718.0,138888.0,139956.0,157769.0,139373.0,176686.7,148892.3,76.0,91.0,83.5,64.4,62.0,0.0,0.0,0.0,26.92,25.0,0.0,18.5,79.8,14.8,0.0,0.0,0.0,14.88
188026,175241.0,177182.0,165418.0,183313.0,153004.0,130314.0,138201.0,174348.0,157769.0,178951.4,150612.2,77.0,88.0,82.5,68.1,68.0,0.0,0.0,0.0,22.83,62.0,0.0,17.5,81.5,16.5,0.0,0.0,0.0,14.86
197353,188026.0,175241.0,177182.0,192213.0,151886.0,126600.0,135517.0,184608.0,174348.0,179624.7,152098.8,71.0,84.0,77.5,70.6,85.0,0.48,0.0,0.0,17.63,89.0,0.0,12.5,81.2,16.2,0.0,0.0,0.0,14.84
185355,197353.0,188026.0,175241.0,186932.0,156264.0,131825.0,136365.0,183502.0,184608.0,180359.0,154012.1,71.0,88.0,79.5,72.4,88.0,0.04,0.0,0.0,19.57,79.0,0.0,14.5,79.8,14.8,0.0,1.0,0.0,14.82
172948,185355.0,197353.0,188026.0,172361.0,139773.0,132294.0,120499.0,171094.0,183502.0,180133.7,155583.9,74.0,78.0,76.0,72.8,93.0,1.32,0.0,0.0,6.51,93.0,0.0,11.0,77.7,12.7,0.0,1.0,0.0,14.79
168825,172948.0,185355.0,197353.0,165418.0,148585.0,141384.0,120873.0,158680.0,171094.0,180217.6,156831.6,74.0,88.0,81.0,70.1,79.0,0.0,0.0,0.0,25.66,31.0,0.0,16.0,78.8,13.8,0.0,0.0,0.0,14.77
189668,168825.0,172948.0,185355.0,177182.0,173124.0,157188.0,137633.0,159519.0,158680.0,180704.3,157913.6,73.0,84.0,78.5,70.2,81.0,0.22,0.0,0.0,22.89,43.0,0.0,13.5,78.5,13.5,0.0,0.0,0.0,14.75
184855,189668.0,168825.0,172948.0,175241.0,159388.0,152718.0,138888.0,184640.0,159519.0,182488.0,160219.2,72.0,80.0,76.0,67.8,83.0,0.0,0.0,0.0,16.66,54.0,0.0,11.0,78.5,13.5,0.0,0.0,0.0,14.72
171327,184855.0,189668.0,168825.0,188026.0,183313.0,153004.0,130314.0,190594.0,184640.0,183861.4,162351.9,72.0,88.0,80.0,66.6,77.0,0.0,0.0,0.0,24.31,51.0,0.0,15.0,78.2,13.2,0.0,0.0,0.0,14.7
173788,171327.0,184855.0,189668.0,197353.0,192213.0,151886.0,126600.0,204640.0,190594.0,181475.9,163475.1,71.0,84.0,77.5,69.5,82.0,0.15,0.0,0.0,21.76,51.0,0.0,12.5,77.8,12.8,0.0,0.0,0.0,14.67
176318,173788.0,171327.0,184855.0,185355.0,186932.0,156264.0,131825.0,210299.0,204640.0,178109.4,164638.4,70.0,85.0,77.5,60.8,65.0,0.0,0.0,0.0,26.61,32.0,0.0,12.5,78.3,13.3,0.0,1.0,0.0,14.64
153460,176318.0,173788.0,171327.0,172948.0,172361.0,139773.0,132294.0,203448.0,210299.0,176818.4,166171.9,69.0,88.0,78.5,60.2,62.0,0.0,0.0,0.0,24.84,12.0,0.0,13.5,77.8,12.8,0.0,1.0,0.0,14.61
155587,153460.0,176318.0,173788.0,168825.0,165418.0,148585.0,141384.0,190168.0,203448.0,174034.4,167067.2,74.0,85.0,79.5,63.6,67.0,0.0,0.0,0.0,23.3,48.0,0.0,14.5,78.5,13.5,0.0,0.0,0.0,14.58
177190,155587.0,153460.0,176318.0,189668.0,177182.0,173124.0,157188.0,194414.0,190168.0,172143.3,167859.3,68.0,86.0,77.0,69.1,86.0,0.28,0.0,0.0,18.25,46.0,0.0,12.0,78.3,13.3,0.0,0.0,0.0,14.55
177090,177190.0,155587.0,153460.0,184855.0,175241.0,159388.0,152718.0,211703.0,194414.0,170360.7,169355.8,68.0,87.0,77.5,66.3,76.0,0.0,0.0,0.0,25.14,27.0,0.0,12.5,78.0,13.0,0.0,0.0,0.0,14.52
176680,177090.0,177190.0,155587.0,171327.0,188026.0,183313.0,153004.0,179363.0,211703.0,169251.4,170546.0,75.0,92.0,83.5,71.8,75.0,0.15,0.0,0.0,22.82,72.0,0.0,18.5,79.3,14.3,0.0,0.0,0.0,14.49
199463,176680.0,177090.0,177190.0,173788.0,197353.0,192213.0,151886.0,174823.0,179363.0,170016.1,171195.7,75.0,92.0,83.5,70.8,73.0,0.0,0.0,0.0,25.17,14.0,0.0,18.5,81.5,16.5,0.0,0.0,0.0,14.46
200485,199463.0,176680.0,177090.0,176318.0,185355.0,186932.0,156264.0,193239.0,174823.0,173684.0,172753.9,70.0,89.0,79.5,69.8,69.0,0.06,0.0,0.0,22.03,70.0,0.0,14.5,82.2,17.2,0.0,1.0,0.0,14.43
184565,200485.0,199463.0,176680.0,153460.0,172948.0,172361.0,139773.0,185361.0,193239.0,177136.4,174336.6,66.0,80.0,73.0,55.3,59.0,0.0,0.0,0.0,22.24,29.0,0.0,8.0,78.7,13.7,0.0,1.0,0.0,14.39
147065,184565.0,200485.0,199463.0,155587.0,168825.0,165418.0,148585.0,165175.0,185361.0,181580.0,175425.9,66.0,85.0,75.5,54.8,57.0,0.0,0.0,0.0,25.05,18.0,0.0,10.5,76.0,11.0,0.0,0.0,0.0,14.36
160528,147065.0,184565.0,200485.0,177190.0,189668.0,177182.0,173124.0,160843.0,165175.0,180362.6,175119.3,65.0,82.0,73.5,52.4,55.0,0.0,0.0,0.0,22.87,16.0,0.0,8.5,74.0,9.0,0.0,0.0,0.0,14.33
155070,160528.0,147065.0,184565.0,177090.0,184855.0,175241.0,159388.0,165984.0,160843.0,177982.3,175811.1,64.0,81.0,72.5,52.2,58.0,0.0,0.0,0.0,22.06,31.0,0.0,7.5,73.8,8.8,0.0,0.0,0.0,14.29
149519,155070.0,160528.0,147065.0,176680.0,171327.0,188026.0,183313.0,184097.0,165984.0,174836.6,176027.3,66.0,80.0,73.0,57.1,63.0,0.0,0.0,0.0,21.07,52.0,0.0,8.0,73.0,8.0,0.0,0.0,0.0,14.26
149443,149519.0,155070.0,160528.0,199463.0,173788.0,197353.0,192213.0,188058.0,184097.0,170956.4,175240.4,71.0,77.0,74.0,62.4,70.0,0.0,0.0,0.0,16.27,60.0,0.0,9.0,73.2,8.2,0.0,0.0,0.0,14.22
152326,149443.0,149519.0,155070.0,200485.0,176318.0,185355.0,186932.0,198706.0,188058.0,163810.7,174908.9,71.0,87.0,79.0,61.4,66.0,0.0,0.0,0.0,22.69,57.0,0.0,14.0,75.3,10.3,0.0,1.0,0.0,14.19
148344,152326.0,149443.0,149519.0,184565.0,153460.0,172948.0,172361.0,194961.0,198706.0,156930.9,173876.0,69.0,87.0,78.0,59.9,61.0,0.0,0.0,0.0,22.65,37.0,0.0,13.0,77.0,12.0,0.0,1.0,0.0,14.15
148409,148344.0,152326.0,149443.0,147065.0,155587.0,168825.0,165418.0,186868.0,194961.0,151756.4,172413.7,68.0,81.0,74.5,70.3,85.0,1.12,0.0,0.0,14.18,86.0,0.0,9.5,77.2,12.2,0.0,0.0,0.0,14.12
170112,148409.0,148344.0,152326.0,160528.0,177190.0,189668.0,177182.0,190719.0,186868.0,151948.4,171129.6,70.0,80.0,75.0,65.5,75.0,0.01,0.0,0.0,17.55,62.0,0.0,10.0,75.8,10.8,0.0,0.0,0.0,14.08
161977,170112.0,148409.0,148344.0,155070.0,177090.0,184855.0,175241.0,213959.0,190719.0,153317.6,171054.7,69.0,86.0,77.5,58.3,56.0,0.0,0.0,0.0,24.25,13.0,0.0,12.5,75.7,10.7,0.0,0.0,0.0,14.04
160401,161977.0,170112.0,148409.0,149519.0,176680.0,171327.0,188026.0,222979.0,213959.0,154304.3,170940.0,70.0,81.0,75.5,66.1,83.0,0.48,0.0,0.0,8.81,76.0,0.0,10.5,76.0,11.0,0.0,0.0,0.0,14.01
161314,160401.0,161977.0,170112.0,149443.0,199463.0,173788.0,197353.0,197816.0,222979.0,155858.9,170380.6,67.0,85.0,76.0,62.7,71.0,0.0,0.0,0.0,24.43,15.0,0.0,11.0,76.3,11.3,0.0,0.0,0.0,13.97
159595,161314.0,160401.0,161977.0,152326.0,200485.0,176318.0,185355.0,189338.0,197816.0,157554.7,169916.4,69.0,85.0,77.0,65.8,79.0,0.0,0.0,0.0,19.43,66.0,0.0,12.0,76.2,11.2,0.0,1.0,0.0,13.93
154660,159595.0,161314.0,160401.0,148344.0,184565.0,153460.0,172948.0,167983.0,189338.0,158593.1,168968.7,69.0,88.0,78.5,67.0,74.0,0.69,0.0,0.0,22.58,46.0,0.0,13.5,77.2,12.2,0.0,1.0,0.0,13.89
159493,154660.0,159595.0,161314.0,148409.0,147065.0,155587.0,168825.0,140266.0,167983.0,159495.4,167545.6,72.0,87.0,79.5,64.9,70.0,0.02,0.0,0.0,20.28,82.0,0.0,14.5,78.3,13.3,0.0,0.0,0.0,13.85
174733,159493.0,154660.0,159595.0,170112.0,160528.0,177190.0,189668.0,138641.0,140266.0,161078.9,166683.5,70.0,80.0,75.0,69.3,85.0,0.77,0.0,0.0,14.17,85.0,0.0,10.0,77.7,12.7,0.0,0.0,0.0,13.81
171763,174733.0,159493.0,154660.0,161977.0,155070.0,177090.0,184855.0,157926.0,138641.0,161739.0,166743.0,69.0,82.0,75.5,68.8,87.0,1.33,0.0,0.0,17.1,71.0,0.0,10.5,76.7,11.7,0.0,0.0,0.0,13.77
167680,171763.0,174733.0,159493.0,160401.0,149519.0,176680.0,171327.0,157429.0,157926.0,163137.0,166840.9,72.0,79.0,75.5,69.4,89.0,0.0,0.0,0.0,16.03,74.0,0.0,10.5,75.3,10.3,0.0,0.0,0.0,13.73
166180,167680.0,171763.0,174733.0,161314.0,149443.0,199463.0,173788.0,153379.0,157429.0,164176.9,166108.0,65.0,80.0,72.5,63.3,71.0,0.77,0.0,0.0,21.75,38.0,0.0,7.5,74.5,9.5,0.0,0.0,0.0,13.69
158982,166180.0,167680.0,171763.0,159595.0,152326.0,200485.0,176318.0,155905.0,153379.0,164872.0,165485.5,63.0,78.0,70.5,53.6,59.0,0.0,0.0,0.0,20.64,23.0,0.0,5.5,72.8,7.8,0.0,1.0,0.0,13.65
131413,158982.0,166180.0,167680.0,154660.0,148344.0,184565.0,153460.0,164738.0,155905.0,164784.4,165074.0,66.0,85.0,75.5,58.4,63.0,0.0,0.0,0.0,24.6,22.0,0.0,10.5,72.8,7.8,0.0,1.0,0.0,13.61
139489,131413.0,158982.0,166180.0,159493.0,148409.0,147065.0,155587.0,163800.0,164738.0,161463.4,163661.5,73.0,88.0,80.5,65.2,68.0,0.0,0.0,0.0,19.86,81.0,0.0,15.5,75.5,10.5,0.0,0.0,0.0,13.57
173937,139489.0,131413.0,158982.0,174733.0,170112.0,160528.0,177190.0,158274.0,163800.0,158605.7,162433.9,67.0,79.0,73.0,55.9,59.0,0.0,0.0,0.0,23.59,81.0,0.0,8.0,76.3,11.3,0.0,0.0,0.0,13.53
156451,173937.0,139489.0,131413.0,171763.0,161977.0,155070.0,177090.0,173383.0,158274.0,158492.0,163116.4,64.0,80.0,72.0,55.2,64.0,0.0,0.0,0.0,21.95,35.0,0.0,7.0,75.2,10.2,0.0,0.0,0.0,13.48
146265,156451.0,173937.0,139489.0,167680.0,160401.0,149519.0,176680.0,177772.0,173383.0,156304.6,163145.2,67.0,73.0,70.0,62.0,76.0,0.14,0.0,0.0,6.73,93.0,0.0,5.0,71.7,6.7,0.0,0.0,0.0,13.44
146167,146265.0,156451.0,173937.0,166180.0,161314.0,149443.0,199463.0,176396.0,177772.0,153245.3,162114.4,69.0,78.0,73.5,68.5,84.0,0.44,0.0,0.0,11.79,82.0,0.0,8.5,71.8,6.8,0.0,0.0,0.0,13.4
153327,146167.0,146265.0,156451.0,158982.0,159595.0,152326.0,200485.0,179804.0,176396.0,150386.3,161083.6,73.0,84.0,78.5,68.0,79.0,0.52,0.0,0.0,19.73,41.0,0.0,13.5,74.0,9.0,0.0,1.0,0.0,13.36
151494,153327.0,146167.0,146265.0,131413.0,154660.0,148344.0,184565.0,183405.0,179804.0,149578.4,160305.2,70.0,84.0,77.0,63.5,74.0,0.0,0.0,0.0,22.16,15.0,0.0,12.0,76.3,11.3,0.0,1.0,0.0,13.32
145212,151494.0,153327.0,146167.0,139489.0,159493.0,148409.0,147065.0,168017.0,183405.0,152447.1,158706.2,69.0,76.0,72.5,65.4,84.0,0.0,0.0,0.0,12.81,95.0,0.0,7.5,76.0,11.0,0.0,0.0,0.0,13.28
156228,145212.0,151494.0,153327.0,173937.0,174733.0,170112.0,160528.0,159404.0,168017.0,153264.7,156863.8,68.0,80.0,74.0,66.2,81.0,0.0,0.0,0.0,15.25,96.0,0.0,9.0,74.5,9.5,0.0,0.0,0.0,13.23
156057,156228.0,145212.0,151494.0,156451.0,171763.0,161977.0,155070.0,185384.0,159404.0,150734.9,155919.2,68.0,83.0,75.5,64.8,73.0,0.27,0.0,0.0,18.54,74.0,0.0,10.5,74.0,9.0,0.0,0.0,0.0,13.19
161848,156057.0,156228.0,145212.0,146265.0,167680.0,160401.0,149519.0,190278.0,185384.0,150678.6,156219.0,64.0,77.0,70.5,52.3,58.0,0.0,0.0,0.0,23.63,40.0,0.0,5.5,73.3,8.3,0.0,0.0,0.0,13.15
141734,161848.0,156057.0,156228.0,146167.0,166180.0,161314.0,149443.0,173537.0,190278.0,152904.7,156263.0,61.0,76.0,68.5,51.1,61.0,0.0,0.0,0.0,23.69,0.0,0.0,3.5,71.5,6.5,0.0,0.0,0.0,13.1
133059,141734.0,161848.0,156057.0,153327.0,158982.0,159595.0,152326.0,162975.0,173537.0,152271.4,155818.4,62.0,79.0,70.5,56.7,71.0,0.0,0.0,0.0,22.82,43.0,0.0,5.5,69.8,4.8,0.0,1.0,0.0,13.06
126027,133059.0,141734.0,161848.0,151494.0,131413.0,154660.0,148344.0,146970.0,162975.0,149376.0,155269.8,68.0,88.0,78.0,62.7,64.0,0.0,0.0,0.0,21.34,29.0,0.0,13.0,72.3,7.3,0.0,1.0,0.0,13.02
143874,126027.0,133059.0,141734.0,145212.0,139489.0,159493.0,148409.0,138975.0,146970.0,145737.9,154489.2,73.0,89.0,81.0,67.2,69.0,0.0,0.0,0.0,19.49,53.0,0.0,16.0,76.5,11.5,0.0,0.0,1.0,12.97
166274,143874.0,126027.0,133059.0,156228.0,173937.0,174733.0,170112.0,151378.0,138975.0,145546.7,154207.5,75.0,92.0,83.5,70.4,73.0,0.0,0.0,0.0,20.38,72.0,0.0,18.5,80.8,15.8,0.0,0.0,0.0,12.93
199408,166274.0,143874.0,126027.0,156057.0,156451.0,171763.0,161977.0,163790.0,151378.0,146981.9,154805.2,77.0,93.0,85.0,69.4,68.0,0.0,0.0,0.0,21.79,6.0,0.0,20.0,83.2,18.2,0.0,0.0,0.0,12.89
210280,199408.0,166274.0,143874.0,161848.0,146265.0,167680.0,160401.0,165915.0,163790.0,153174.9,156505.1,76.0,93.0,84.5,68.7,69.0,0.0,0.0,0.0,17.84,48.0,0.0,19.5,84.3,19.3,0.0,0.0,0.0,12.84
211392,210280.0,199408.0,166274.0,141734.0,146167.0,166180.0,161314.0,147130.0,165915.0,160093.7,157844.1,71.0,90.0,80.5,71.5,85.0,0.1,0.0,0.0,15.74,89.0,0.0,15.5,83.3,18.3,0.0,0.0,0.0,12.8
194958,211392.0,210280.0,199408.0,133059.0,153327.0,158982.0,159595.0,145739.0,147130.0,170044.9,159491.2,70.0,84.0,77.0,70.4,89.0,0.02,0.0,0.0,10.79,97.0,0.0,12.0,80.7,15.7,0.0,1.0,0.0,12.75
176989,194958.0,211392.0,210280.0,126027.0,151494.0,131413.0,154660.0,145064.0,145739.0,178887.6,160643.1,69.0,77.0,73.0,68.7,92.0,1.8,0.0,0.0,7.24,93.0,0.0,8.0,76.8,11.8,0.0,1.0,0.0,12.71
158922,176989.0,194958.0,211392.0,143874.0,145212.0,139489.0,159493.0,138750.0,145064.0,186167.9,161165.6,69.0,82.0,75.5,68.0,85.0,1.66,0.0,0.0,16.24,73.0,0.0,10.5,75.2,10.2,0.0,0.0,0.0,12.66
174284,158922.0,176989.0,194958.0,166274.0,156228.0,173937.0,174733.0,138190.0,138750.0,188317.6,161143.2,68.0,82.0,75.0,65.9,80.0,0.0,0.0,0.0,18.03,52.0,0.0,10.0,74.5,9.5,0.0,0.0,0.0,12.62
169231,174284.0,158922.0,176989.0,199408.0,156057.0,156451.0,171763.0,162078.0,138190.0,189461.9,161797.3,70.0,79.0,74.5,67.5,87.0,0.22,0.0,0.0,11.08,78.0,0.0,9.5,75.0,10.0,0.0,0.0,0.0,12.58
169923,169231.0,174284.0,158922.0,210280.0,161848.0,146265.0,167680.0,168566.0,162078.0,185150.9,162121.9,63.0,77.0,70.0,56.1,68.0,0.0,0.0,0.0,20.96,13.0,0.0,5.0,73.2,8.2,0.0,0.0,0.0,12.53
150451,169923.0,169231.0,174284.0,211392.0,141734.0,146167.0,166180.0,150871.0,168566.0,179385.6,161961.6,58.0,69.0,63.5,49.9,63.0,0.0,0.0,0.0,18.51,64.0,0.0,0.0,69.3,4.8,0.0,0.0,0.0,12.49
129053,150451.0,169923.0,169231.0,194958.0,133059.0,153327.0,158982.0,141132.0,150871.0,170679.7,161251.2,60.0,75.0,67.5,49.1,55.0,0.0,0.0,0.0,17.02,78.0,0.0,2.5,67.0,2.5,0.0,1.0,0.0,12.44
117733,129053.0,150451.0,169923.0,176989.0,126027.0,151494.0,131413.0,131992.0,141132.0,161264.7,159963.6,59.0,77.0,68.0,53.2,67.0,0.21,0.0,0.0,15.22,49.0,0.0,3.0,66.3,1.8,0.0,1.0,0.0,12.4
120128,117733.0,129053.0,150451.0,158922.0,143874.0,145212.0,139489.0,126203.0,131992.0,152799.6,158348.7,60.0,68.0,64.0,63.0,90.0,1.34,0.0,0.0,4.85,87.0,0.0,0.0,66.5,1.8,0.0,0.0,0.0,12.35
138006,120128.0,117733.0,129053.0,174284.0,166274.0,156228.0,173937.0,136914.0,126203.0,147257.6,157053.6,58.0,72.0,65.0,52.6,69.0,0.0,0.0,0.0,20.08,3.0,0.0,0.0,65.7,1.0,0.0,0.0,0.0,12.31
129571,138006.0,120128.0,117733.0,169231.0,199408.0,156057.0,156451.0,159023.0,136914.0,142075.0,157273.4,58.0,74.0,66.0,51.4,68.0,0.0,0.0,0.0,19.2,31.0,0.0,1.0,65.0,0.3,0.0,0.0,0.0,12.27
129008,129571.0,138006.0,120128.0,169923.0,210280.0,161848.0,146265.0,153148.0,159023.0,136409.3,156942.8,57.0,71.0,64.0,51.9,71.0,0.0,0.0,0.0,19.61,35.0,0.0,0.0,65.0,0.3,0.0,0.0,0.0,12.22
127832,129008.0,129571.0,138006.0,150451.0,211392.0,141734.0,146167.0,149092.0,153148.0,130564.3,155445.1,59.0,71.0,65.0,53.4,73.0,0.0,0.0,0.0,14.88,100.0,0.0,0.0,65.0,0.3,0.0,0.0,0.0,12.18
126415,127832.0,129008.0,129571.0,129053.0,194958.0,133059.0,153327.0,144449.0,149092.0,127333.0,154491.2,57.0,63.0,60.0,54.9,87.0,0.96,0.0,0.0,3.84,100.0,0.0,0.0,63.0,0.0,0.0,1.0,0.0,12.13
112035,126415.0,127832.0,129008.0,117733.0,176989.0,126027.0,151494.0,117836.0,144449.0,126956.1,153829.5,62.0,66.0,64.0,59.7,91.0,1.25,0.0,0.0,3.03,100.0,0.0,0.0,63.0,0.0,0.0,1.0,0.0,12.08
111536,112035.0,126415.0,127832.0,120128.0,158922.0,143874.0,145212.0,106856.0,117836.0,126142.1,152691.8,57.0,66.0,61.5,57.9,91.0,0.59,0.0,0.0,2.94,100.0,0.0,0.0,61.8,0.0,0.0,0.0,0.0,12.04
119464,111536.0,112035.0,126415.0,138006.0,174284.0,166274.0,156228.0,110245.0,106856.0,124914.7,151298.7,54.0,60.0,57.0,52.8,80.0,0.2,0.0,0.0,5.12,84.0,0.0,0.0,60.8,0.0,0.0,0.0,0.0,11.99
118941,119464.0,111536.0,112035.0,129571.0,169231.0,199408.0,156057.0,123806.0,110245.0,122265.9,150231.1,50.0,64.0,57.0,45.4,67.0,0.0,0.0,0.0,15.42,35.0,0.0,0.0,58.5,0.0,0.0,0.0,0.0,11.95
116517,118941.0,119464.0,111536.0,129008.0,169923.0,210280.0,161848.0,122666.0,123806.0,120747.3,149355.4,56.0,65.0,60.5,52.0,81.0,0.38,0.0,0.0,6.24,82.0,0.0,0.0,58.2,0.0,0.0,0.0,0.0,11.9
118210,116517.0,118941.0,119464.0,127832.0,150451.0,211392.0,141734.0,121113.0,122666.0,118962.9,148031.7,59.0,63.0,61.0,56.8,92.0,5.48,0.0,0.0,4.42,99.0,0.0,0.0,59.5,0.0,0.0,0.0,0.0,11.86
119674,118210.0,116517.0,118941.0,126415.0,129053.0,194958.0,133059.0,119435.0,121113.0,117588.3,146770.1,57.0,66.0,61.5,56.5,85.0,0.04,0.0,0.0,11.6,78.0,0.0,0.0,61.0,0.0,0.0,1.0,0.0,11.81
110128,119674.0,118210.0,116517.0,112035.0,117733.0,176989.0,126027.0,116138.0,119435.0,116625.3,145364.3,59.0,76.0,67.5,57.8,76.0,0.0,0.0,0.0,17.96,0.0,0.0,2.5,63.3,0.8,0.0,1.0,0.0,11.77
112569,110128.0,119674.0,118210.0,111536.0,120128.0,158922.0,143874.0,108767.0,116138.0,116352.9,144310.8,63.0,77.0,70.0,59.4,77.0,0.0,0.0,0.0,15.66,24.0,0.0,5.0,66.3,2.5,0.0,0.0,0.0,11.73
131147,112569.0,110128.0,119674.0,119464.0,138006.0,174284.0,166274.0,106977.0,108767.0,116500.4,143627.8,61.0,80.0,70.5,60.2,82.0,0.0,0.0,0.0,17.14,25.0,0.0,5.5,69.3,4.3,0.0,0.0,0.0,11.68
135387,131147.0,112569.0,110128.0,118941.0,129571.0,169231.0,199408.0,119768.0,106977.0,118169.4,143798.4,66.0,83.0,74.5,62.9,84.0,0.0,0.0,0.0,16.75,9.0,0.0,9.5,71.7,6.7,0.0,0.0,0.0,11.64
144405,135387.0,131147.0,112569.0,116517.0,129008.0,169923.0,210280.0,122825.0,119768.0,120518.9,143515.5,62.0,77.0,69.5,59.7,88.0,0.0,0.0,0.0,16.59,58.0,0.0,4.5,71.5,6.5,0.0,0.0,0.0,11.59
139260,144405.0,135387.0,131147.0,118210.0,127832.0,150451.0,211392.0,119801.0,122825.0,124502.9,142786.6,67.0,71.0,69.0,65.3,93.0,0.14,0.0,0.0,7.69,100.0,0.0,4.0,71.0,6.0,0.0,0.0,0.0,11.55
140078,139260.0,144405.0,135387.0,119674.0,126415.0,129053.0,194958.0,121185.0,119801.0,127510.0,140781.6,53.0,69.0,61.0,59.3,89.0,0.35,0.0,0.0,5.99,80.0,0.0,0.0,66.5,2.8,0.0,1.0,0.0,11.51
121171,140078.0,139260.0,144405.0,110128.0,112035.0,117733.0,176989.0,123565.0,121185.0,130424.9,138441.6,50.0,59.0,54.5,41.1,60.0,0.0,0.0,0.0,14.68,35.0,0.0,0.0,61.5,1.3,0.0,1.0,0.0,11.46
105416,121171.0,140078.0,139260.0,112569.0,111536.0,120128.0,158922.0,106905.0,123565.0,132002.4,135434.2,49.0,60.0,54.5,39.7,62.0,0.0,0.0,0.0,13.2,28.0,0.0,0.0,56.7,0.0,0.0,0.0,1.0,11.42
113692,105416.0,121171.0,140078.0,131147.0,119464.0,138006.0,174284.0,104858.0,106905.0,130980.6,132449.5,52.0,63.0,57.5,44.6,67.0,0.02,0.0,0.0,13.2,70.0,0.0,0.0,55.5,0.0,0.0,0.0,0.0,11.37
118024,113692.0,105416.0,121171.0,135387.0,118941.0,129571.0,169231.0,114403.0,104858.0,128487.0,130339.6,55.0,69.0,62.0,46.2,70.0,0.0,0.0,0.0,16.46,17.0,0.0,0.0,58.0,0.0,0.0,0.0,0.0,11.33
119533,118024.0,113692.0,105416.0,144405.0,116517.0,129008.0,169923.0,119315.0,114403.0,126006.6,128976.3,53.0,69.0,61.0,46.6,72.0,0.0,0.0,0.0,15.51,10.0,0.0,0.0,60.2,0.0,0.0,0.0,0.0,11.28
120482,119533.0,118024.0,113692.0,139260.0,118210.0,127832.0,150451.0,120438.0,119315.0,122453.4,127151.3,51.0,63.0,57.0,43.4,66.0,0.0,0.0,0.0,16.36,22.0,0.0,0.0,60.0,0.0,0.0,0.0,0.0,11.24
116908,120482.0,119533.0,118024.0,140078.0,119674.0,126415.0,129053.0,125333.0,120438.0,119770.9,125526.3,49.0,56.0,52.5,45.9,83.0,0.81,0.0,0.0,1.79,97.0,0.0,0.0,56.8,0.0,0.0,1.0,0.0,11.19
109382,116908.0,120482.0,119533.0,121171.0,110128.0,112035.0,117733.0,118562.0,125333.0,116460.9,123759.1,50.0,60.0,55.0,43.1,70.0,0.01,0.0,0.0,13.4,59.0,0.0,0.0,54.8,0.0,0.0,1.0,0.0,11.15
106009,109382.0,116908.0,120482.0,105416.0,112569.0,111536.0,120128.0,108069.0,118562.0,114776.7,122390.2,48.0,63.0,55.5,45.1,75.0,0.0,0.0,0.0,13.56,22.0,0.0,0.0,54.3,0.0,0.0,0.0,0.0,11.11
117592,106009.0,109382.0,116908.0,113692.0,131147.0,119464.0,138006.0,106318.0,108069.0,114861.4,121622.0,51.0,61.0,56.0,46.5,78.0,0.0,0.0,0.0,12.31,47.0,0.0,0.0,55.5,0.0,0.0,0.0,0.0,11.06
118154,117592.0,106009.0,109382.0,118024.0,135387.0,118941.0,129571.0,119413.0,106318.0,115418.6,121617.3,52.0,63.0,57.5,47.3,80.0,0.0,0.0,0.0,10.86,36.0,0.0,0.0,56.3,0.0,0.0,0.0,0.0,11.02
118973,118154.0,117592.0,106009.0,119533.0,144405.0,116517.0,129008.0,117200.0,119413.0,115437.1,121551.5,52.0,64.0,58.0,47.9,80.0,0.0,0.0,0.0,13.61,51.0,0.0,0.0,57.2,0.0,0.0,0.0,0.0,10.98
118566,118973.0,118154.0,117592.0,120482.0,139260.0,118210.0,127832.0,119012.0,117200.0,115357.1,120917.1,59.0,63.0,61.0,57.0,92.0,0.84,0.0,0.0,3.5,99.0,0.0,0.0,58.8,0.0,0.0,0.0,0.0,10.93
121383,118566.0,118973.0,118154.0,116908.0,140078.0,119674.0,126415.0,119482.0,119012.0,115083.4,120550.3,56.0,63.0,59.5,52.1,82.0,0.67,0.0,0.0,4.94,78.0,0.0,0.0,59.5,0.0,0.0,1.0,0.0,10.89
110022,121383.0,118566.0,118973.0,109382.0,121171.0,110128.0,112035.0,118483.0,119482.0,115722.7,120296.1,48.0,57.0,52.5,39.2,61.0,0.0,0.0,0.0,9.61,65.0,0.0,0.0,57.7,0.0,0.0,1.0,0.0,10.85
106653,110022.0,121383.0,118566.0,106009.0,105416.0,112569.0,111536.0,108405.0,118483.0,115814.1,119702.4,47.0,60.0,53.5,39.9,66.0,0.0,0.0,0.0,14.26,19.0,0.0,0.0,55.2,0.0,0.0,0.0,0.0,10.81
118597,106653.0,110022.0,121383.0,117592.0,113692.0,131147.0,119464.0,108050.0,108405.0,115906.1,119043.7,47.0,65.0,56.0,44.0,77.0,0.0,0.0,0.0,12.84,18.0,0.0,0.0,54.0,0.0,0.0,0.0,0.0,10.76
119347,118597.0,106653.0,110022.0,118154.0,118024.0,135387.0,118941.0,120832.0,108050.0,116049.7,119262.4,53.0,72.0,62.5,46.7,67.0,0.0,0.0,0.0,13.16,37.0,0.0,0.0,57.3,0.0,0.0,0.0,0.0,10.72
120653,119347.0,118597.0,106653.0,118973.0,119533.0,144405.0,116517.0,125770.0,120832.0,116220.1,119522.8,58.0,77.0,67.5,50.8,65.0,0.0,0.0,0.0,13.41,44.0,0.0,2.5,62.0,0.8,0.0,0.0,0.0,10.68
124318,120653.0,119347.0,118597.0,118566.0,120482.0,139260.0,118210.0,127535.0,125770.0,116460.1,119562.4,63.0,74.0,68.5,53.3,69.0,0.0,0.0,0.0,8.15,58.0,0.0,3.5,66.2,2.0,0.0,0.0,0.0,10.64
124624,124318.0,120653.0,119347.0,121383.0,116908.0,140078.0,119674.0,120506.0,127535.0,117281.9,119741.7,63.0,80.0,71.5,59.1,72.0,0.0,0.0,0.0,12.28,21.0,0.0,6.5,69.2,4.2,0.0,1.0,0.0,10.6
120491,124624.0,124318.0,120653.0,110022.0,109382.0,121171.0,110128.0,118282.0,120506.0,117744.9,120011.9,51.0,63.0,57.0,48.4,80.0,0.47,0.0,0.0,3.61,99.0,0.0,0.0,65.7,3.3,0.0,1.0,0.0,10.56
110558,120491.0,124624.0,124318.0,106653.0,106009.0,105416.0,112569.0,109029.0,118282.0,119240.4,120087.9,50.0,60.0,55.0,52.3,86.0,0.59,0.0,0.0,4.94,100.0,0.0,0.0,61.2,2.2,0.0,0.0,0.0,10.52
120772,110558.0,120491.0,124624.0,118597.0,117592.0,113692.0,131147.0,107416.0,109029.0,119798.3,119784.1,45.0,51.0,48.0,35.0,60.0,0.0,0.0,0.0,9.42,91.0,2.0,0.0,53.3,0.0,0.7,0.0,0.0,10.48
119303,120772.0,110558.0,120491.0,119347.0,118154.0,118024.0,135387.0,119039.0,107416.0,120109.0,120138.9,39.0,49.0,44.0,33.2,68.0,0.01,0.0,0.0,8.07,58.0,6.0,0.0,49.0,0.0,2.7,0.0,0.0,10.44
122581,119303.0,120772.0,110558.0,120653.0,118973.0,119533.0,144405.0,122214.0,119039.0,120102.7,120363.3,35.0,48.0,41.5,28.1,64.0,0.0,0.0,0.0,12.7,5.0,8.5,0.0,44.5,0.0,5.5,0.0,0.0,10.4
124118,122581.0,119303.0,120772.0,124318.0,118566.0,120482.0,139260.0,120546.0,122214.0,120378.1,120077.8,42.0,55.0,48.5,33.5,68.0,0.0,0.0,0.0,12.61,7.0,1.5,0.0,44.7,0.0,5.3,0.0,0.0,10.36
122528,124118.0,122581.0,119303.0,124624.0,121383.0,116908.0,140078.0,120005.0,120546.0,120349.6,119702.2,47.0,61.0,54.0,38.6,71.0,0.0,0.0,0.0,8.62,89.0,0.0,0.0,48.0,0.0,3.3,1.0,0.0,10.32
111305,122528.0,124118.0,122581.0,120491.0,110022.0,109382.0,121171.0,121075.0,120005.0,120050.1,118972.9,49.0,65.0,57.0,41.6,73.0,0.0,0.0,0.0,7.29,49.0,0.0,0.0,53.2,0.0,0.5,1.0,0.0,10.28
112550,111305.0,122528.0,124118.0,110558.0,106653.0,106009.0,105416.0,115378.0,121075.0,118737.9,118041.1,44.0,56.0,50.0,37.5,71.0,0.0,0.0,0.0,10.96,54.0,0.0,0.0,53.7,0.0,0.0,0.0,0.0,10.24
120662,112550.0,111305.0,122528.0,120772.0,118597.0,117592.0,113692.0,120723.0,115378.0,119022.4,117123.5,53.0,64.0,58.5,49.0,76.0,0.06,0.0,0.0,7.33,64.0,0.0,0.0,55.2,0.0,0.0,0.0,0.0,10.2
120787,120662.0,112550.0,111305.0,119303.0,119347.0,118154.0,118024.0,129388.0,120723.0,119006.7,117106.5,43.0,54.0,48.5,30.5,56.0,0.0,0.0,0.0,11.94,44.0,1.5,0.0,52.3,0.0,0.5,0.0,0.0,10.16
121050,120787.0,120662.0,112550.0,122581.0,120653.0,118973.0,119533.0,118595.0,129388.0,119218.7,117618.9,42.0,57.0,49.5,41.5,77.0,0.0,0.0,0.0,4.81,45.0,0.5,0.0,52.2,0.0,0.7,0.0,0.0,10.13
123230,121050.0,120787.0,120662.0,124118.0,124318.0,118566.0,120482.0,120670.0,118595.0,119000.0,117864.2,45.0,53.0,49.0,39.5,76.0,0.0,0.0,0.0,2.36,70.0,1.0,0.0,49.0,0.0,1.0,0.0,1.0,10.09
122144,123230.0,121050.0,120787.0,122528.0,124624.0,121383.0,116908.0,120580.0,120670.0,118873.1,118037.7,42.0,55.0,48.5,34.9,69.0,0.0,0.0,0.0,9.76,19.0,1.5,0.0,49.0,0.0,1.0,1.0,1.0,10.06
112613,122144.0,123230.0,121050.0,111305.0,120491.0,110022.0,109382.0,122084.0,120580.0,118818.3,118124.7,36.0,44.0,40.0,27.6,69.0,0.0,0.0,0.0,10.51,26.0,10.0,0.0,45.8,0.0,4.2,1.0,0.0,10.02
113688,112613.0,122144.0,123230.0,112550.0,110558.0,106653.0,106009.0,113611.0,122084.0,119005.1,117862.4,35.0,49.0,42.0,28.4,69.0,0.0,0.0,0.0,10.38,23.0,8.0,0.0,43.5,0.0,6.5,0.0,0.0,9.99
125943,113688.0,112613.0,122144.0,120662.0,120772.0,118597.0,117592.0,108614.0,113611.0,119167.7,117755.1,42.0,53.0,47.5,33.5,69.0,0.0,0.0,0.0,8.52,21.0,2.5,0.0,43.2,0.0,6.8,0.0,0.0,9.95
124777,125943.0,113688.0,112613.0,120787.0,119303.0,119347.0,118154.0,122342.0,108614.0,119922.1,118307.1,39.0,53.0,46.0,33.9,76.0,0.0,0.0,0.0,9.96,55.0,4.0,0.0,45.2,0.0,4.8,0.0,0.0,9.92
124974,124777.0,125943.0,113688.0,121050.0,122581.0,120653.0,118973.0,126704.0,122342.0,120492.1,118932.7,46.0,65.0,55.5,38.8,71.0,0.0,0.0,0.0,10.72,15.0,0.0,0.0,49.7,0.0,2.2,0.0,0.0,9.89
122839,124974.0,124777.0,125943.0,123230.0,124118.0,124318.0,118566.0,125824.0,126704.0,121052.7,119178.8,52.0,67.0,59.5,45.8,77.0,0.0,0.0,0.0,8.97,68.0,0.0,0.0,53.7,0.0,1.3,0.0,0.0,9.85
120947,122839.0,124974.0,124777.0,122144.0,122528.0,124624.0,121383.0,127120.0,125824.0,120996.9,119335.0,41.0,63.0,52.0,39.2,69.0,0.0,0.0,0.0,8.75,51.0,0.0,0.0,55.7,0.0,0.0,1.0,0.0,9.82
112159,120947.0,122839.0,124974.0,112613.0,111305.0,120491.0,110022.0,127603.0,127120.0,120825.9,119400.8,40.0,55.0,47.5,29.4,59.0,0.0,0.0,0.0,10.44,5.0,2.5,0.0,53.0,0.0,0.8,1.0,0.0,9.79
111852,112159.0,120947.0,122839.0,113688.0,112550.0,110558.0,106653.0,119887.0,127603.0,120761.0,119187.2,37.0,46.0,41.5,22.8,56.0,0.0,0.0,0.0,10.69,35.0,8.5,0.0,47.0,0.0,3.7,0.0,0.0,9.76
125357,111852.0,112159.0,120947.0,125943.0,120662.0,120772.0,118597.0,121080.0,119887.0,120498.7,118869.5,33.0,48.0,40.5,28.8,68.0,0.59,0.0,0.0,3.8,85.0,9.5,0.0,43.2,0.0,6.8,0.0,0.0,9.73
128957,125357.0,111852.0,112159.0,124777.0,120787.0,119303.0,119347.0,133852.0,121080.0,120415.0,119380.7,48.0,54.0,51.0,46.9,84.0,1.93,0.0,0.0,7.73,74.0,0.0,0.0,44.3,0.0,6.0,0.0,0.0,9.7
123065,128957.0,125357.0,111852.0,124974.0,121050.0,122581.0,120653.0,128798.0,133852.0,121012.1,120124.1,44.0,52.0,48.0,35.7,67.0,0.0,0.0,0.0,9.96,21.0,2.0,0.0,46.5,0.0,3.8,0.0,1.0,9.67
110921,123065.0,128957.0,125357.0,122839.0,123230.0,124118.0,124318.0,124175.0,128798.0,120739.4,120273.1,33.0,51.0,42.0,28.0,60.0,0.0,0.0,0.0,9.72,36.0,8.0,0.0,47.0,0.0,3.3,0.0,0.0,9.64
117390,110921.0,123065.0,128957.0,120947.0,122144.0,122528.0,124624.0,111890.0,124175.0,119036.9,119992.2,30.0,40.0,35.0,21.3,63.0,0.0,0.0,0.0,8.9,44.0,15.0,0.0,41.7,0.0,8.3,1.0,0.0,9.62
118177,117390.0,110921.0,123065.0,112159.0,112613.0,111305.0,120491.0,117118.0,111890.0,118528.7,119883.4,35.0,56.0,45.5,33.9,80.0,0.28,0.0,0.0,5.7,94.0,4.5,0.0,40.8,0.0,9.2,1.0,0.0,9.59
116888,118177.0,117390.0,110921.0,111852.0,113688.0,112550.0,110558.0,112375.0,117118.0,119388.4,119678.7,36.0,56.0,46.0,36.7,73.0,0.08,0.0,0.0,7.71,34.0,4.0,0.0,42.2,0.0,7.8,0.0,0.0,9.56
125960,116888.0,118177.0,117390.0,125357.0,125943.0,120662.0,120772.0,113056.0,112375.0,120107.9,119420.9,32.0,41.0,36.5,13.6,43.0,0.0,0.0,0.0,9.28,5.0,13.5,0.0,42.7,0.0,7.3,0.0,0.0,9.54
133727,125960.0,116888.0,118177.0,128957.0,124777.0,120787.0,119303.0,123523.0,113056.0,120194.0,119603.2,27.0,38.0,32.5,14.6,53.0,0.0,0.0,0.0,9.31,34.0,17.5,0.0,38.3,0.0,11.7,0.0,0.0,9.51
137367,133727.0,125960.0,116888.0,123065.0,124974.0,121050.0,122581.0,128130.0,123523.0,120875.4,120375.5,34.0,51.0,42.5,23.8,58.0,0.0,0.0,0.0,9.51,32.0,7.5,0.0,37.2,0.0,12.8,0.0,0.0,9.49
132457,137367.0,133727.0,125960.0,110921.0,122839.0,123230.0,124118.0,128004.0,128130.0,122918.6,120928.6,43.0,51.0,47.0,35.9,82.0,0.41,0.0,0.0,3.58,83.0,3.0,0.0,40.7,0.0,9.3,0.0,0.0,9.47
129712,132457.0,137367.0,133727.0,117390.0,120947.0,122144.0,122528.0,129814.0,128004.0,125995.1,121367.1,47.0,60.0,53.5,45.7,91.0,0.0,0.0,0.0,7.06,97.0,0.0,0.0,47.7,0.0,3.5,1.0,0.0,9.45
116476,129712.0,132457.0,137367.0,118177.0,112159.0,112613.0,111305.0,130336.0,129814.0,127755.4,121604.8,48.0,53.0,50.5,46.6,97.0,0.55,0.0,0.0,1.16,100.0,0.0,0.0,50.3,0.0,1.0,1.0,0.0,9.43
116813,116476.0,129712.0,132457.0,116888.0,111852.0,113688.0,112550.0,118313.0,130336.0,127512.4,121350.1,42.0,54.0,48.0,38.1,77.0,0.0,0.0,0.0,6.81,56.0,2.0,0.0,50.7,0.0,0.7,0.0,0.0,9.41
125930,116813.0,116476.0,129712.0,125960.0,125357.0,125943.0,120662.0,116521.0,118313.0,127501.7,121159.6,38.0,43.0,40.5,28.2,65.0,0.0,0.0,0.0,6.23,61.0,9.5,0.0,46.3,0.0,3.8,0.0,0.0,9.39
130322,125930.0,116813.0,116476.0,133727.0,128957.0,124777.0,120787.0,129350.0,116521.0,127497.4,121647.1,33.0,43.0,38.0,24.6,67.0,0.0,0.0,0.0,6.06,47.0,12.0,0.0,42.2,0.0,7.8,0.0,0.0,9.38
132923,130322.0,125930.0,116813.0,137367.0,123065.0,124974.0,121050.0,129080.0,129350.0,127011.0,122239.5,32.0,39.0,35.5,24.8,72.0,0.0,0.0,0.0,3.85,75.0,14.5,0.0,38.0,0.0,12.0,0.0,0.0,9.36
135960,132923.0,130322.0,125930.0,132457.0,110921.0,122839.0,123230.0,126511.0,129080.0,126376.1,122648.2,38.0,51.0,44.5,32.4,82.0,0.0,0.0,0.0,8.43,32.0,5.5,0.0,39.3,0.0,10.7,0.0,0.0,9.34
129946,135960.0,132923.0,130322.0,129712.0,117390.0,120947.0,122144.0,125365.0,126511.0,126876.6,123153.9,44.0,59.0,51.5,41.3,91.0,0.0,0.0,0.0,8.11,64.0,0.0,0.0,43.8,0.0,6.7,1.0,0.0,9.33
118195,129946.0,135960.0,132923.0,116476.0,118177.0,112159.0,112613.0,128232.0,125365.0,126910.0,123450.5,50.0,61.0,55.5,51.7,93.0,1.12,0.0,0.0,3.18,84.0,0.0,0.0,50.5,0.0,1.8,1.0,0.0,9.32
116724,118195.0,129946.0,135960.0,116813.0,116888.0,111852.0,113688.0,123064.0,128232.0,127155.6,123282.6,38.0,50.0,44.0,33.5,72.0,0.55,0.0,0.0,6.87,62.0,6.0,0.0,50.3,0.0,2.0,0.0,0.0,9.3
130480,116724.0,118195.0,129946.0,125930.0,125960.0,125357.0,125943.0,122660.0,123064.0,127142.9,123102.0,36.0,44.0,40.0,24.3,63.0,0.0,0.0,0.0,8.99,5.0,10.0,0.0,46.5,0.0,5.3,0.0,0.0,9.29
132472,130480.0,116724.0,118195.0,130322.0,133727.0,128957.0,124777.0,135900.0,122660.0,127792.9,123697.5,36.0,47.0,41.5,24.4,60.0,0.0,0.0,0.0,8.83,2.0,8.5,0.0,41.8,0.0,8.2,0.0,0.0,9.28
131986,132472.0,130480.0,116724.0,132923.0,137367.0,123065.0,124974.0,138164.0,135900.0,128100.0,124323.7,33.0,41.0,37.0,21.1,61.0,0.0,0.0,0.0,8.4,18.0,13.0,0.0,39.5,0.0,10.5,0.0,0.0,9.27
135106,131986.0,132472.0,130480.0,135960.0,132457.0,110921.0,122839.0,137623.0,138164.0,127966.1,124525.1,37.0,58.0,47.5,29.2,64.0,0.0,0.0,0.0,8.64,23.0,2.5,0.0,42.0,0.0,8.0,0.0,0.0,9.27
130201,135106.0,131986.0,132472.0,129946.0,129712.0,117390.0,120947.0,137442.0,137623.0,127844.1,124869.4,46.0,54.0,50.0,33.8,67.0,0.0,0.0,0.0,8.41,46.0,0.0,0.0,44.8,0.0,5.2,1.0,0.0,9.26
117621,130201.0,135106.0,131986.0,118195.0,116476.0,118177.0,112159.0,133487.0,137442.0,127880.6,125043.6,47.0,59.0,53.0,46.0,90.0,0.26,0.0,0.0,2.13,100.0,0.0,0.0,50.2,0.0,0.8,1.0,0.0,9.25
116845,117621.0,130201.0,135106.0,116724.0,116813.0,116888.0,111852.0,122638.0,133487.0,127798.6,124869.7,42.0,62.0,52.0,47.8,83.0,2.21,0.0,0.0,2.21,72.0,0.0,0.0,51.7,0.0,0.0,0.0,0.0,9.25
126652,116845.0,117621.0,130201.0,130480.0,125930.0,125960.0,125357.0,122612.0,122638.0,127815.9,124733.0,32.0,44.0,38.0,23.7,58.0,0.0,0.0,0.0,8.34,26.0,12.0,0.0,47.7,0.0,4.0,0.0,0.0,9.24
130034,126652.0,116845.0,117621.0,132472.0,130322.0,133727.0,128957.0,136653.0,122612.0,127269.0,125216.1,30.0,46.0,38.0,21.2,59.0,0.0,0.0,0.0,8.63,3.0,12.0,0.0,42.7,0.0,8.0,0.0,0.0,9.24
133889,130034.0,126652.0,116845.0,131986.0,132923.0,137367.0,123065.0,136279.0,136653.0,126920.7,125822.1,30.0,42.0,36.0,18.8,56.0,0.0,0.0,0.0,8.77,12.0,14.0,0.0,37.3,0.0,12.7,0.0,0.0,9.24
133332,133889.0,130034.0,126652.0,135106.0,135960.0,132457.0,110921.0,136074.0,136279.0,127192.6,126106.5,25.0,37.0,31.0,15.4,59.0,0.0,0.0,0.0,8.14,62.0,19.0,0.0,35.0,0.0,15.0,0.0,0.0,9.24
134648,133332.0,133889.0,130034.0,130201.0,129946.0,129712.0,117390.0,133835.0,136074.0,126939.1,126252.4,34.0,44.0,39.0,28.3,82.0,0.0,0.0,0.0,3.59,81.0,11.0,0.0,35.3,0.0,14.7,1.0,0.0,9.24
123547,134648.0,133332.0,133889.0,117621.0,118195.0,116476.0,118177.0,134353.0,133835.0,127574.4,126638.5,40.0,49.0,44.5,37.3,91.0,0.02,0.0,0.0,3.4,85.0,5.5,0.0,38.2,0.0,11.8,1.0,0.0,9.24
116465,123547.0,134648.0,133332.0,116845.0,116724.0,116813.0,116888.0,145577.0,134353.0,128421.0,127059.3,43.0,49.0,46.0,39.3,90.0,0.0,0.0,0.0,5.61,78.0,4.0,0.0,43.2,0.0,6.8,0.0,1.0,9.25
113544,116465.0,123547.0,134648.0,126652.0,130480.0,125930.0,125960.0,137906.0,145577.0,128366.7,127028.5,44.0,51.0,47.5,39.8,98.0,0.0,0.0,0.0,2.93,100.0,2.5,0.0,46.0,0.0,4.0,0.0,0.0,9.25
122987,113544.0,116465.0,123547.0,130034.0,132472.0,130322.0,133727.0,140298.0,137906.0,126494.1,126874.1,45.0,50.0,47.5,43.1,98.0,0.32,0.0,0.0,1.65,100.0,2.5,0.0,47.0,0.0,3.0,0.0,0.0,9.26
124121,122987.0,113544.0,116465.0,133889.0,131986.0,132923.0,137367.0,141967.0,140298.0,125487.4,127077.4,49.0,55.0,52.0,48.1,94.0,1.22,0.0,0.0,1.89,100.0,0.0,0.0,49.0,0.0,1.7,0.0,0.0,9.27
123326,124121.0,122987.0,113544.0,133332.0,135106.0,135960.0,132457.0,134018.0,141967.0,124092.0,127016.1,46.0,55.0,50.5,43.7,83.0,0.05,0.0,0.0,6.78,81.0,0.0,0.0,50.0,0.0,0.8,0.0,0.0,9.27
120162,123326.0,124121.0,122987.0,134648.0,130201.0,129946.0,129712.0,129523.0,134018.0,122662.6,126669.4,39.0,46.0,42.5,32.0,69.0,0.0,0.0,0.0,4.78,73.0,7.5,0.0,48.3,0.0,2.5,1.0,0.0,9.28
117117,120162.0,123326.0,124121.0,123547.0,117621.0,118195.0,116476.0,124166.0,129523.0,120593.1,126095.9,39.0,43.0,41.0,27.4,67.0,0.0,0.0,0.0,4.99,63.0,9.0,0.0,44.7,0.0,5.5,1.0,0.0,9.29
117793,117117.0,120162.0,123326.0,116465.0,116845.0,116724.0,116813.0,117173.0,124166.0,119674.6,125584.5,35.0,47.0,41.0,30.6,75.0,0.03,0.0,0.0,4.78,73.0,9.0,0.0,41.5,0.0,8.5,0.0,1.0,9.3
116590,117793.0,117117.0,120162.0,113544.0,126652.0,130480.0,125930.0,110714.0,117173.0,119864.3,125187.2,29.0,42.0,35.5,23.5,72.0,0.0,0.0,0.0,8.97,0.0,14.5,0.0,39.2,0.0,10.8,0.0,0.0,9.32
131525,116590.0,117793.0,117117.0,122987.0,130034.0,132472.0,130322.0,115759.0,110714.0,120299.4,125191.0,34.0,43.0,38.5,26.7,72.0,0.0,0.0,0.0,8.23,56.0,11.5,0.0,38.3,0.0,11.7,0.0,0.0,9.33
131802,131525.0,116590.0,117793.0,124121.0,133889.0,131986.0,132923.0,125253.0,115759.0,121519.1,125681.4,28.0,45.0,36.5,23.6,64.0,0.0,0.0,0.0,6.36,60.0,13.5,0.0,36.8,0.0,13.2,0.0,0.0,9.35
132779,131802.0,131525.0,116590.0,123326.0,133332.0,135106.0,135960.0,122698.0,125253.0,122616.4,125877.2,26.0,37.0,31.5,16.2,59.0,0.0,0.0,0.0,9.22,21.0,18.5,0.0,35.5,0.0,14.5,0.0,0.0,9.36
136792,132779.0,131802.0,131525.0,120162.0,134648.0,130201.0,129946.0,124238.0,122698.0,123966.9,125959.1,31.0,38.0,34.5,26.3,85.0,0.41,0.2,0.0,2.97,90.0,15.5,0.0,34.2,0.0,15.8,1.0,0.0,9.38
129492,136792.0,132779.0,131802.0,117117.0,123547.0,117621.0,118195.0,126034.0,124238.0,126342.6,126088.0,34.0,38.0,36.0,32.3,90.0,0.24,0.0,0.0,2.43,89.0,14.0,0.0,34.0,0.0,16.0,1.0,0.0,9.39
126295,129492.0,136792.0,132779.0,117793.0,116465.0,116845.0,116724.0,119605.0,126034.0,128110.4,125872.4,36.0,45.0,40.5,25.8,70.0,0.0,0.0,0.0,9.3,11.0,9.5,0.0,37.0,0.0,13.0,0.0,0.0,9.41
133372,126295.0,129492.0,136792.0,116590.0,113544.0,126652.0,130480.0,119410.0,119605.0,129325.0,125750.7,36.0,57.0,46.5,34.5,87.0,1.73,0.0,0.0,1.62,92.0,3.5,0.0,41.0,0.0,9.0,0.0,0.0,9.43
133803,133372.0,126295.0,129492.0,131525.0,122987.0,130034.0,132472.0,129903.0,119410.0,131722.4,126256.6,44.0,57.0,50.5,37.8,68.0,0.22,0.0,0.0,6.25,65.0,0.0,0.0,45.8,0.0,4.3,0.0,0.0,9.45
128884,133803.0,133372.0,126295.0,131802.0,124121.0,133889.0,131986.0,132382.0,129903.0,132047.9,126825.9,41.0,47.0,44.0,28.1,63.0,0.0,0.0,0.0,8.84,37.0,6.0,0.0,47.0,0.0,3.2,0.0,0.0,9.47
129251,128884.0,133803.0,133372.0,132779.0,123326.0,133332.0,135106.0,133149.0,132382.0,131631.0,126772.7,40.0,50.0,45.0,32.1,76.0,0.08,0.0,0.0,8.7,66.0,5.0,0.0,46.5,0.0,3.7,0.0,0.0,9.49
127989,129251.0,128884.0,133803.0,136792.0,120162.0,134648.0,130201.0,130978.0,133149.0,131127.0,126665.4,35.0,60.0,47.5,37.7,70.0,0.81,0.0,0.0,5.62,61.0,2.5,0.0,45.5,0.0,4.5,1.0,0.0,9.52
118200,127989.0,129251.0,128884.0,129492.0,117117.0,123547.0,117621.0,125833.0,130978.0,129869.4,126532.1,26.0,44.0,35.0,13.9,47.0,0.0,0.0,0.0,7.14,19.0,15.0,0.0,42.5,0.0,7.5,1.0,0.0,9.54
123617,118200.0,127989.0,129251.0,126295.0,117793.0,116465.0,116845.0,124317.0,125833.0,128256.3,125968.6,23.0,29.0,26.0,8.1,47.0,0.04,0.4,0.0,8.12,70.0,24.0,0.0,36.2,0.0,13.8,0.0,1.0,9.57
139462,123617.0,118200.0,127989.0,133372.0,116590.0,113544.0,126652.0,123983.0,124317.0,127873.7,125749.1,22.0,32.0,27.0,21.9,81.0,0.28,1.3,1.2,1.2,91.0,23.0,0.0,29.3,0.0,20.7,0.0,0.0,9.59
147227,139462.0,123617.0,118200.0,133803.0,131525.0,122987.0,130034.0,129779.0,123983.0,128743.7,126477.2,17.0,24.0,20.5,4.2,51.0,0.0,0.0,1.2,10.59,0.0,29.5,0.0,24.5,0.0,25.5,0.0,0.0,9.62
145708,147227.0,139462.0,123617.0,128884.0,131802.0,124121.0,133889.0,132506.0,129779.0,130661.4,127489.9,22.0,34.0,28.0,10.6,53.0,0.0,0.0,1.2,5.24,89.0,22.0,0.0,25.2,0.0,24.8,0.0,0.0,9.65
151482,145708.0,147227.0,139462.0,129251.0,132779.0,123326.0,133332.0,127929.0,132506.0,133064.9,128125.1,26.0,32.0,29.0,19.5,71.0,0.04,0.4,1.2,3.86,100.0,21.0,0.0,25.8,0.0,24.2,0.0,0.0,9.67
147502,151482.0,145708.0,147227.0,127989.0,136792.0,120162.0,134648.0,129925.0,127929.0,136240.7,128840.0,18.0,26.0,22.0,5.5,52.0,0.0,0.0,1.2,10.16,52.0,28.0,0.0,26.3,0.0,23.7,1.0,0.0,9.7
144908,147502.0,151482.0,145708.0,118200.0,129492.0,117117.0,123547.0,128047.0,129925.0,139028.3,129293.8,20.0,31.0,25.5,7.5,52.0,0.0,0.0,1.2,10.83,20.0,24.5,0.0,25.5,0.0,24.5,1.0,0.0,9.73
142814,144908.0,147502.0,151482.0,123617.0,126295.0,117793.0,116465.0,121740.0,128047.0,142843.7,129679.7,25.0,38.0,31.5,12.9,55.0,0.0,0.0,1.2,10.31,48.0,18.5,0.0,26.3,0.0,23.7,0.0,0.0,9.76
147514,142814.0,144908.0,147502.0,139462.0,133372.0,116590.0,113544.0,120381.0,121740.0,145586.1,129951.9,34.0,40.0,37.0,24.6,69.0,0.05,0.0,1.2,2.85,95.0,13.0,0.0,31.3,0.0,18.7,0.0,0.0,9.8
141187,147514.0,142814.0,144908.0,147227.0,133803.0,131525.0,122987.0,134041.0,120381.0,146736.4,130750.8,38.0,48.0,43.0,35.7,95.0,0.05,0.0,0.0,2.37,100.0,7.0,0.0,37.2,0.0,12.8,0.0,0.0,9.83
136245,141187.0,147514.0,142814.0,145708.0,128884.0,131802.0,124121.0,132393.0,134041.0,145873.6,131574.8,46.0,59.0,52.5,46.4,97.0,0.24,0.0,0.0,1.99,100.0,0.0,0.0,44.2,0.0,6.7,0.0,0.0,9.86
129309,136245.0,141187.0,147514.0,151482.0,129251.0,132779.0,123326.0,133865.0,132393.0,144521.7,132331.5,42.0,46.0,44.0,41.4,96.0,0.19,0.0,0.0,2.67,97.0,6.0,0.0,46.5,0.0,4.3,0.0,0.0,9.89
129946,129309.0,136245.0,141187.0,147502.0,127989.0,136792.0,120162.0,130359.0,133865.0,141354.1,132542.3,43.0,49.0,46.0,36.8,85.0,0.0,0.0,0.0,5.8,98.0,4.0,0.0,47.5,0.0,3.3,1.0,0.0,9.93
119818,129946.0,129309.0,136245.0,144908.0,118200.0,129492.0,117117.0,130038.0,130359.0,138846.1,132736.4,37.0,44.0,40.5,36.4,95.0,0.82,0.0,0.0,1.55,100.0,9.5,0.0,43.5,0.0,6.5,1.0,0.0,9.96
122603,119818.0,129946.0,129309.0,142814.0,123617.0,126295.0,117793.0,118723.0,130038.0,135261.9,132619.5,36.0,40.0,38.0,29.2,74.0,0.05,0.0,0.0,6.78,79.0,12.0,0.0,41.5,0.0,8.5,0.0,0.0,10.0
135881,122603.0,119818.0,129946.0,147514.0,139462.0,133372.0,116590.0,115804.0,118723.0,132374.6,132700.9,35.0,38.0,36.5,24.1,72.0,0.0,0.0,0.0,8.17,58.0,13.5,0.0,38.3,0.0,11.7,0.0,0.0,10.03
137309,135881.0,122603.0,119818.0,141187.0,147227.0,133803.0,131525.0,125165.0,115804.0,130712.7,133326.3,34.0,40.0,37.0,28.4,75.0,0.0,0.0,0.0,4.51,89.0,13.0,0.0,37.2,0.0,12.8,0.0,0.0,10.07
137092,137309.0,135881.0,122603.0,136245.0,145708.0,128884.0,131802.0,130743.0,125165.0,130158.7,133976.9,37.0,46.0,41.5,30.4,81.0,0.0,0.0,0.0,8.41,67.0,8.5,0.0,38.3,0.0,11.7,0.0,0.0,10.1
133653,137092.0,137309.0,135881.0,129309.0,151482.0,129251.0,132779.0,135393.0,130743.0,130279.7,134660.3,38.0,46.0,42.0,34.1,84.0,0.32,0.0,0.0,2.38,77.0,8.0,0.0,40.2,0.0,9.8,0.0,0.0,10.14
132441,133653.0,137092.0,137309.0,129946.0,147502.0,127989.0,136792.0,135473.0,135393.0,130900.3,134731.2,32.0,43.0,37.5,19.6,57.0,0.0,0.0,0.0,12.09,12.0,12.5,0.0,40.3,0.0,9.7,1.0,0.0,10.18
123515,132441.0,133653.0,137092.0,119818.0,144908.0,118200.0,129492.0,145270.0,135473.0,131256.7,134752.5,31.0,46.0,38.5,20.1,58.0,0.0,0.0,0.0,12.45,2.0,11.5,0.0,39.3,0.0,10.7,1.0,0.0,10.21
121576,123515.0,132441.0,133653.0,122603.0,142814.0,123617.0,126295.0,147495.0,145270.0,131784.9,134443.7,32.0,45.0,38.5,16.4,51.0,0.0,0.0,0.0,12.58,2.0,11.5,0.0,38.2,0.0,11.8,0.0,0.0,10.25
133529,121576.0,123515.0,132441.0,135881.0,147514.0,139462.0,133372.0,129341.0,147495.0,131638.1,133936.5,29.0,42.0,35.5,15.7,52.0,0.0,0.0,0.0,12.62,0.0,14.5,0.0,37.5,0.0,12.5,0.0,0.0,10.29
135668,133529.0,121576.0,123515.0,137309.0,141187.0,147227.0,133803.0,131645.0,129341.0,131302.1,134071.1,33.0,48.0,40.5,21.2,59.0,0.0,0.0,0.0,12.6,19.0,9.5,0.0,38.2,0.0,11.8,0.0,0.0,10.33
132692,135668.0,133529.0,121576.0,137092.0,136245.0,145708.0,128884.0,134177.0,131645.0,131067.7,134383.5,37.0,53.0,45.0,26.4,70.0,0.0,0.0,0.0,12.5,44.0,5.0,0.0,40.3,0.0,9.7,0.0,0.0,10.37
129478,132692.0,135668.0,133529.0,133653.0,129309.0,151482.0,129251.0,128501.0,134177.0,130439.1,134360.8,43.0,55.0,49.0,36.8,84.0,0.0,0.0,0.0,10.59,71.0,1.0,0.0,44.8,0.0,5.2,0.0,0.0,10.41
126725,129478.0,132692.0,135668.0,132441.0,129946.0,147502.0,127989.0,128685.0,128501.0,129842.7,134216.7,47.0,60.0,53.5,41.9,82.0,0.0,0.0,0.0,8.59,99.0,0.0,0.0,49.2,0.0,2.0,1.0,0.0,10.45
115762,126725.0,129478.0,132692.0,123515.0,119818.0,144908.0,118200.0,122360.0,128685.0,129026.1,134144.7,43.0,56.0,49.5,35.5,72.0,0.0,0.0,0.0,6.33,99.0,0.5,0.0,50.7,0.0,0.5,1.0,0.0,10.49
114929,115762.0,126725.0,129478.0,121576.0,122603.0,142814.0,123617.0,116598.0,122360.0,127918.6,133695.1,37.0,48.0,42.5,30.3,72.0,0.0,0.0,0.0,11.84,95.0,7.5,0.0,48.5,0.0,2.7,0.0,0.0,10.53
127136,114929.0,115762.0,126725.0,133529.0,135881.0,147514.0,139462.0,116261.0,116598.0,126969.0,133259.7,33.0,41.0,37.0,28.2,79.0,0.77,3.2,1.2,6.27,70.0,13.0,0.0,43.0,0.0,7.0,0.0,0.0,10.57
134103,127136.0,114929.0,115762.0,135668.0,137309.0,141187.0,147227.0,124713.0,116261.0,126055.7,133557.6,29.0,38.0,33.5,16.3,61.0,0.0,0.0,2.0,14.94,14.0,16.5,0.0,37.7,0.0,12.3,0.0,0.0,10.62
138449,134103.0,127136.0,114929.0,132692.0,137092.0,136245.0,145708.0,124168.0,124713.0,125832.1,133907.1,27.0,39.0,33.0,17.4,62.0,0.0,0.0,0.0,12.79,40.0,17.0,0.0,34.5,0.0,15.5,0.0,0.0,10.66
138777,138449.0,134103.0,127136.0,129478.0,133653.0,129309.0,151482.0,122571.0,124168.0,126654.6,133873.4,36.0,43.0,39.5,20.0,60.0,0.0,0.0,0.0,14.93,28.0,10.5,0.0,35.3,0.0,14.7,0.0,0.0,10.7
133279,138777.0,138449.0,134103.0,126725.0,132441.0,129946.0,147502.0,120734.0,122571.0,127983.0,133591.7,27.0,36.0,31.5,21.5,71.0,0.18,2.0,2.0,11.99,61.0,18.5,0.0,34.7,0.0,15.3,1.0,0.0,10.74
129046,133279.0,138777.0,138449.0,115762.0,123515.0,119818.0,144908.0,123029.0,120734.0,128919.3,133177.4,26.0,40.0,33.0,15.2,60.0,0.0,0.0,0.0,15.28,2.0,17.0,0.0,34.7,0.0,15.3,1.0,0.0,10.79
126553,129046.0,133279.0,138777.0,114929.0,121576.0,122603.0,142814.0,118794.0,123029.0,130817.0,132429.5,31.0,41.0,36.0,14.0,49.0,0.0,0.0,0.0,15.62,0.0,14.0,0.0,33.5,0.0,16.5,0.0,1.0,10.83
128372,126553.0,129046.0,133279.0,127136.0,133529.0,135881.0,147514.0,114515.0,118794.0,132477.6,131731.2,26.0,40.0,33.0,11.5,53.0,0.0,0.0,0.0,15.67,4.0,17.0,0.0,34.0,0.0,16.0,0.0,0.0,10.87
136682,128372.0,126553.0,129046.0,134103.0,135668.0,137309.0,141187.0,115965.0,114515.0,132654.1,131180.0,30.0,43.0,36.5,21.7,72.0,0.0,0.0,0.0,11.52,54.0,13.5,0.0,35.2,0.0,14.8,0.0,0.0,10.91
136259,136682.0,128372.0,126553.0,138449.0,132692.0,137092.0,136245.0,125622.0,115965.0,133022.6,130975.6,35.0,45.0,40.0,28.0,81.0,0.04,0.0,0.0,13.41,61.0,10.0,0.0,36.5,0.0,13.5,0.0,0.0,10.96
132618,136259.0,136682.0,128372.0,138777.0,129478.0,133653.0,129309.0,127740.0,125622.0,132709.7,130600.5,42.0,47.0,44.5,37.1,92.0,0.04,0.0,0.0,5.95,100.0,5.5,0.0,40.3,0.0,9.7,0.0,0.0,11.0
128785,132618.0,136259.0,136682.0,133279.0,126725.0,132441.0,129946.0,129068.0,127740.0,131829.9,130314.8,28.0,44.0,36.0,19.4,57.0,0.0,0.0,0.0,13.59,49.0,14.0,0.0,40.2,0.0,9.8,1.0,0.0,11.04
120238,128785.0,132618.0,136259.0,129046.0,115762.0,123515.0,119818.0,127964.0,129068.0,131187.9,130066.2,23.0,41.0,32.0,13.4,55.0,0.0,0.0,0.0,16.49,9.0,18.0,0.0,37.5,0.0,12.5,1.0,0.0,11.09
124037,120238.0,128785.0,132618.0,126553.0,114929.0,121576.0,122603.0,128870.0,127964.0,129929.6,129763.8,35.0,55.0,45.0,30.6,75.0,0.01,0.0,0.0,14.05,67.0,5.0,0.0,37.7,0.0,12.3,0.0,0.0,11.13
130249,124037.0,120238.0,128785.0,128372.0,127136.0,133529.0,135881.0,121861.0,128870.0,129570.1,129566.8,40.0,55.0,47.5,40.5,85.0,0.52,0.0,0.0,14.34,78.0,2.5,0.0,41.5,0.0,8.5,0.0,0.0,11.18
127050,130249.0,124037.0,120238.0,136682.0,134103.0,135668.0,137309.0,131002.0,121861.0,129838.3,129914.5,44.0,62.0,53.0,53.2,89.0,0.17,0.0,0.0,5.77,100.0,0.0,0.0,48.5,0.0,2.5,0.0,0.0,11.22
126789,127050.0,130249.0,124037.0,136259.0,138449.0,132692.0,137092.0,136314.0,131002.0,128462.3,130062.8,31.0,43.0,37.0,12.9,43.0,0.0,0.0,0.0,12.87,26.0,13.0,0.0,45.8,0.0,5.2,0.0,0.0,11.26
131221,126789.0,127050.0,130249.0,132618.0,138777.0,129478.0,133653.0,132040.0,136314.0,127109.4,129759.7,30.0,48.0,39.0,19.6,58.0,0.0,0.0,0.0,16.76,33.0,11.0,0.0,43.0,0.0,8.0,0.0,0.0,11.31
130494,131221.0,126789.0,127050.0,128785.0,133279.0,126725.0,132441.0,128799.0,132040.0,126909.9,129556.8,42.0,55.0,48.5,41.4,91.0,1.27,0.0,0.0,2.22,100.0,1.5,0.0,41.5,0.0,8.5,1.0,0.0,11.35
120590,130494.0,131221.0,126789.0,120238.0,129046.0,115762.0,123515.0,128658.0,128799.0,127154.0,129336.8,48.0,68.0,58.0,45.8,79.0,0.0,0.0,0.0,16.66,23.0,0.0,0.0,48.5,0.0,4.2,1.0,0.0,11.4
111074,120590.0,130494.0,131221.0,124037.0,126553.0,114929.0,121576.0,119799.0,128658.0,127204.3,128901.4,46.0,59.0,52.5,43.0,87.0,0.0,0.0,0.0,12.69,52.0,0.0,0.0,53.0,0.0,0.5,0.0,0.0,11.45
122004,111074.0,120590.0,130494.0,130249.0,128372.0,127136.0,133529.0,115276.0,119799.0,125352.4,128189.2,42.0,49.0,45.5,42.1,96.0,0.43,0.0,0.0,2.06,100.0,4.5,0.0,52.0,0.0,1.5,0.0,0.0,11.49
127282,122004.0,111074.0,120590.0,127050.0,136682.0,134103.0,135668.0,125030.0,115276.0,124174.6,128138.8,47.0,53.0,50.0,43.7,95.0,1.2,0.0,0.0,3.63,97.0,0.0,0.0,49.3,0.0,1.5,0.0,0.0,11.54
126572,127282.0,122004.0,111074.0,126789.0,136259.0,138449.0,132692.0,128147.0,125030.0,124207.7,128329.0,44.0,54.0,49.0,42.5,79.0,0.11,0.0,0.0,6.41,91.0,1.0,0.0,48.2,0.0,1.8,0.0,0.0,11.58
125068,126572.0,127282.0,122004.0,131221.0,132618.0,138777.0,129478.0,130246.0,128147.0,124176.7,128097.1,40.0,57.0,48.5,31.3,65.0,0.0,0.0,0.0,18.18,61.0,1.5,0.0,49.2,0.0,0.8,0.0,0.0,11.63
122908,125068.0,126572.0,127282.0,130494.0,128785.0,133279.0,126725.0,127820.0,130246.0,123297.7,127743.8,41.0,49.0,45.0,36.8,84.0,1.53,0.0,0.0,2.52,100.0,5.0,0.0,47.5,0.0,2.5,1.0,0.0,11.67
119558,122908.0,125068.0,126572.0,120590.0,120238.0,129046.0,115762.0,127940.0,127820.0,122214.0,127417.6,37.0,51.0,44.0,34.9,71.0,0.03,0.0,0.0,10.2,79.0,6.0,0.0,45.8,0.0,4.2,1.0,0.0,11.72
111660,119558.0,122908.0,125068.0,111074.0,124037.0,126553.0,114929.0,119894.0,127940.0,122066.6,127087.0,35.0,52.0,43.5,18.2,41.0,0.0,0.0,0.0,17.86,36.0,6.5,0.0,44.2,0.0,5.8,0.0,0.0,11.76
128298,111660.0,119558.0,122908.0,122004.0,130249.0,128372.0,127136.0,112114.0,119894.0,122150.3,126584.8,43.0,66.0,54.5,30.3,50.0,0.0,0.0,0.0,19.0,27.0,0.0,0.0,47.3,0.0,4.2,0.0,0.0,11.81
122829,128298.0,111660.0,119558.0,127282.0,127050.0,136682.0,134103.0,129401.0,112114.0,123049.4,127002.7,48.0,62.0,55.0,38.0,70.0,0.0,0.0,0.0,17.72,47.0,0.0,0.0,51.0,0.0,2.2,0.0,0.0,11.85
120078,122829.0,128298.0,111660.0,126572.0,126789.0,136259.0,138449.0,134348.0,129401.0,122413.3,127266.0,46.0,74.0,60.0,41.1,67.0,0.0,0.0,0.0,18.77,56.0,0.0,0.0,56.5,0.0,0.0,0.0,0.0,11.9
119855,120078.0,122829.0,128298.0,125068.0,131221.0,132618.0,138777.0,132305.0,134348.0,121485.6,127030.7,51.0,73.0,62.0,44.5,61.0,0.0,0.0,0.0,12.97,97.0,0.0,0.0,59.0,0.0,0.0,0.0,0.0,11.94
119220,119855.0,120078.0,122829.0,122908.0,130494.0,128785.0,133279.0,127824.0,132305.0,120740.9,126555.8,47.0,61.0,54.0,37.9,68.0,0.0,0.0,0.0,15.96,35.0,0.0,0.0,58.7,0.0,0.0,1.0,0.0,11.99
108979,119220.0,119855.0,120078.0,119558.0,120590.0,120238.0,129046.0,121723.0,127824.0,120214.0,125914.8,48.0,63.0,55.5,35.6,58.0,0.0,0.0,0.0,17.31,59.0,0.0,0.0,57.2,0.0,0.0,1.0,0.0,12.03
107601,108979.0,119220.0,119855.0,111660.0,111074.0,124037.0,126553.0,111745.0,121723.0,118702.7,124921.6,38.0,51.0,44.5,23.0,44.0,0.0,0.0,0.0,14.49,72.0,5.5,0.0,51.3,0.0,1.8,0.0,0.0,12.08
120876,107601.0,108979.0,119220.0,128298.0,122004.0,130249.0,128372.0,115955.0,111745.0,118122.9,124065.6,36.0,48.0,42.0,20.8,51.0,0.0,0.0,0.0,15.74,60.0,8.0,0.0,47.3,0.0,4.5,0.0,0.0,12.12
125439,120876.0,107601.0,108979.0,122829.0,127282.0,127050.0,136682.0,126654.0,115955.0,117062.6,123793.3,34.0,57.0,45.5,29.2,62.0,0.01,0.0,0.0,12.0,59.0,4.5,0.0,44.0,0.0,6.0,0.0,0.0,12.17
125095,125439.0,120876.0,107601.0,120078.0,126572.0,126789.0,136259.0,122805.0,126654.0,117435.4,123756.2,30.0,43.0,36.5,11.0,41.0,0.0,0.0,0.0,19.56,20.0,13.5,0.0,41.3,0.0,8.7,0.0,0.0,12.22
130067,125095.0,125439.0,120876.0,119855.0,125068.0,131221.0,132618.0,120961.0,122805.0,118152.1,123646.9,29.0,46.0,37.5,18.4,54.0,0.0,0.0,0.0,19.79,32.0,12.5,0.0,39.8,0.0,10.2,0.0,0.0,12.26
130301,130067.0,125095.0,125439.0,119220.0,122908.0,130494.0,128785.0,121618.0,120961.0,119611.0,123426.4,35.0,50.0,42.5,38.5,88.0,3.66,0.0,0.0,1.22,98.0,7.5,0.0,38.8,0.0,11.2,1.0,0.0,12.31
121500,130301.0,130067.0,125095.0,108979.0,119558.0,120590.0,120238.0,120547.0,121618.0,121194.0,123227.8,31.0,48.0,39.5,15.2,42.0,0.0,0.0,0.0,21.96,0.0,10.5,0.0,39.8,0.0,10.2,1.0,0.0,12.35
117889,121500.0,130301.0,130067.0,107601.0,111660.0,111074.0,124037.0,115772.0,120547.0,122982.7,122857.2,35.0,53.0,44.0,22.9,52.0,0.0,0.0,0.0,21.77,0.0,6.0,0.0,42.0,0.0,8.0,0.0,0.0,12.4
126694,117889.0,121500.0,130301.0,120876.0,128298.0,122004.0,130249.0,108253.0,115772.0,124452.4,122494.0,39.0,53.0,46.0,29.7,62.0,0.0,0.0,0.0,11.9,73.0,4.0,0.0,43.2,0.0,6.8,0.0,0.0,12.44
125305,126694.0,117889.0,121500.0,125439.0,122829.0,127282.0,127050.0,119452.0,108253.0,125283.6,122709.2,42.0,52.0,47.0,39.1,80.0,0.06,0.0,0.0,5.98,100.0,3.0,0.0,45.7,0.0,4.3,0.0,0.0,12.49
125707,125305.0,126694.0,117889.0,125095.0,120078.0,126572.0,126789.0,121920.0,119452.0,125264.4,122751.5,44.0,51.0,47.5,45.2,94.0,0.7,0.0,0.0,4.36,100.0,2.5,0.0,46.8,0.0,3.2,0.0,0.0,12.54
125729,125707.0,125305.0,126694.0,130067.0,119855.0,125068.0,131221.0,120932.0,121920.0,125351.9,122600.1,42.0,56.0,49.0,24.1,45.0,0.0,0.0,0.0,21.19,51.0,1.0,0.0,47.8,0.0,2.2,0.0,0.0,12.58
120355,125729.0,125707.0,125305.0,130301.0,119220.0,122908.0,130494.0,124644.0,120932.0,124732.1,122556.1,41.0,62.0,51.5,29.1,52.0,0.04,0.0,0.0,20.31,74.0,0.0,0.0,49.3,0.0,1.2,1.0,0.0,12.63
112331,120355.0,125729.0,125707.0,121500.0,108979.0,119558.0,120590.0,123140.0,124644.0,123311.3,122341.6,47.0,62.0,54.5,36.5,61.0,0.02,0.0,0.0,20.31,69.0,0.0,0.0,51.7,0.0,0.3,1.0,0.0,12.67
107220,112331.0,120355.0,125729.0,117889.0,107601.0,111660.0,111074.0,111631.0,123140.0,122001.4,121711.9,49.0,54.0,51.5,39.6,76.0,0.01,0.0,0.0,6.92,91.0,0.0,0.0,52.5,0.0,0.0,0.0,0.0,12.71
120871,107220.0,112331.0,120355.0,126694.0,120876.0,128298.0,122004.0,108953.0,111631.0,120477.3,120936.1,44.0,51.0,47.5,42.4,92.0,0.87,0.0,0.0,3.05,100.0,2.5,0.0,51.2,0.0,0.8,0.0,0.0,12.76
125007,120871.0,107220.0,112331.0,125305.0,125439.0,122829.0,127282.0,120873.0,108953.0,119645.4,120945.5,41.0,45.0,43.0,39.2,90.0,1.55,0.0,0.0,3.9,100.0,7.0,0.0,47.3,0.0,3.2,0.0,0.0,12.8
129954,125007.0,120871.0,107220.0,125707.0,125095.0,120078.0,126572.0,119870.0,120873.0,119602.9,121409.9,37.0,53.0,45.0,34.1,76.0,0.21,0.0,0.0,11.04,87.0,5.0,0.0,45.2,0.0,4.8,0.0,0.0,12.85
126600,129954.0,125007.0,120871.0,125729.0,130067.0,119855.0,125068.0,121088.0,119870.0,120209.6,121674.9,38.0,50.0,44.0,27.9,61.0,0.0,0.0,0.0,17.87,56.0,6.0,0.0,44.0,0.0,6.0,0.0,0.0,12.89
124447,126600.0,129954.0,125007.0,120355.0,130301.0,119220.0,122908.0,119719.0,121088.0,120334.0,121652.2,42.0,54.0,48.0,29.7,58.0,0.0,0.0,0.0,13.93,70.0,2.0,0.0,45.7,0.0,4.3,1.0,0.0,12.94
114228,124447.0,126600.0,129954.0,112331.0,121500.0,108979.0,119558.0,115204.0,119719.0,120918.6,121581.4,43.0,60.0,51.5,29.9,58.0,0.0,0.0,0.0,17.23,31.0,0.0,0.0,47.8,0.0,2.7,1.0,0.0,12.98
110062,114228.0,124447.0,126600.0,107220.0,117889.0,107601.0,111660.0,108997.0,115204.0,121189.6,121220.0,43.0,69.0,56.0,34.7,63.0,0.0,0.0,0.0,21.42,59.0,0.0,0.0,51.8,0.0,0.7,0.0,0.0,13.02
118910,110062.0,114228.0,124447.0,120871.0,126694.0,120876.0,128298.0,105897.0,108997.0,121595.6,120791.8,55.0,80.0,67.5,43.2,62.0,0.0,0.0,0.0,23.04,77.0,0.0,2.5,58.3,0.8,0.0,0.0,0.0,13.07
118395,118910.0,110062.0,114228.0,125007.0,125305.0,125439.0,122829.0,116583.0,105897.0,121315.4,120770.2,51.0,67.0,59.0,47.6,78.0,0.0,0.0,0.0,14.43,93.0,0.0,0.0,60.8,0.8,0.0,0.0,0.0,13.11
116601,118395.0,118910.0,110062.0,129954.0,125707.0,125095.0,120078.0,117194.0,116583.0,120370.9,120994.7,50.0,61.0,55.5,51.0,90.0,0.24,0.0,0.0,10.53,100.0,0.0,0.0,60.7,0.8,0.0,0.0,0.0,13.16
119467,116601.0,118395.0,118910.0,126600.0,125729.0,130067.0,119855.0,122341.0,117194.0,118463.3,120604.8,56.0,63.0,59.5,51.6,77.0,0.34,0.0,0.0,13.68,66.0,0.0,0.0,58.0,0.0,0.0,0.0,0.0,13.2
118513,119467.0,116601.0,118395.0,124447.0,120355.0,130301.0,119220.0,133743.0,122341.0,117444.3,120492.8,47.0,56.0,51.5,37.1,64.0,0.01,0.0,0.0,5.86,68.0,0.0,0.0,55.5,0.0,0.0,1.0,0.0,13.25
109372,118513.0,119467.0,116601.0,114228.0,112331.0,121500.0,108979.0,140767.0,133743.0,116596.6,120440.6,48.0,75.0,61.5,38.8,51.0,0.1,0.0,0.0,20.06,74.0,0.0,0.0,57.5,0.0,0.0,1.0,0.0,13.29
106230,109372.0,118513.0,119467.0,110062.0,107220.0,117889.0,107601.0,122941.0,140767.0,115902.9,120091.2,58.0,82.0,70.0,49.1,62.0,0.0,0.0,0.0,21.25,27.0,0.0,5.0,61.0,1.7,0.0,0.0,0.0,13.33
120463,106230.0,109372.0,118513.0,118910.0,120871.0,126694.0,120876.0,113609.0,122941.0,115355.4,119658.2,54.0,73.0,63.5,37.2,48.0,0.0,0.0,0.0,25.51,2.0,0.0,0.0,65.0,1.7,0.0,0.0,0.0,13.38
117633,120463.0,106230.0,109372.0,118395.0,125007.0,125305.0,125439.0,120738.0,113609.0,115577.3,120041.0,50.0,62.0,56.0,41.5,70.0,0.02,0.0,0.0,13.55,75.0,0.0,0.0,63.2,1.7,0.0,0.0,0.0,13.42
117699,117633.0,120463.0,106230.0,116601.0,129954.0,125707.0,125095.0,116766.0,120738.0,115468.4,120375.4,45.0,50.0,47.5,42.4,84.0,0.01,0.0,0.0,6.93,89.0,2.5,0.0,55.7,0.0,0.8,0.0,0.0,13.46
120726,117699.0,117633.0,120463.0,119467.0,126600.0,125729.0,130067.0,117228.0,116766.0,115625.3,120269.5,46.0,60.0,53.0,40.7,78.0,0.0,0.0,0.0,20.01,79.0,0.0,0.0,52.2,0.0,0.8,0.0,0.0,13.5
117552,120726.0,117699.0,117633.0,118513.0,124447.0,120355.0,130301.0,116594.0,117228.0,115805.1,120112.4,47.0,71.0,59.0,41.7,66.0,0.05,0.0,0.0,19.69,58.0,0.0,0.0,53.2,0.0,0.8,1.0,0.0,13.54
107311,117552.0,120726.0,117699.0,109372.0,114228.0,112331.0,121500.0,116193.0,116594.0,115667.9,119860.9,42.0,54.0,48.0,27.5,50.0,0.0,0.0,0.0,15.89,75.0,2.0,0.0,53.3,0.0,0.7,1.0,0.0,13.59
106176,107311.0,117552.0,120726.0,106230.0,110062.0,107220.0,117889.0,108000.0,116193.0,115373.4,119102.4,42.0,64.0,53.0,30.5,53.0,0.0,0.0,0.0,26.1,11.0,0.0,0.0,53.3,0.0,0.7,0.0,0.0,13.63
114826,106176.0,107311.0,117552.0,120463.0,118910.0,120871.0,126694.0,106680.0,108000.0,115365.7,118298.2,46.0,65.0,55.5,34.2,60.0,0.0,0.0,0.0,26.49,23.0,0.0,0.0,52.2,0.0,0.7,0.0,0.0,13.67
114220,114826.0,106176.0,107311.0,117633.0,118395.0,125007.0,125305.0,115464.0,106680.0,114560.4,118075.8,50.0,74.0,62.0,39.6,55.0,0.0,0.0,0.0,21.28,60.0,0.0,0.0,56.8,0.0,0.0,0.0,0.0,13.71
115397,114220.0,114826.0,106176.0,117699.0,116601.0,129954.0,125707.0,116571.0,115464.0,114072.9,117953.5,43.0,60.0,51.5,28.7,53.0,0.0,0.0,0.0,24.49,30.0,0.0,0.0,56.3,0.0,0.0,0.0,0.0,13.75
114582,115397.0,114220.0,114826.0,120726.0,119467.0,126600.0,125729.0,116469.0,116571.0,113744.0,117576.9,43.0,65.0,54.0,34.6,65.0,0.0,0.0,0.0,23.52,14.0,0.0,0.0,55.8,0.0,0.0,0.0,0.0,13.79
113958,114582.0,115397.0,114220.0,117552.0,118513.0,124447.0,120355.0,117867.0,116469.0,112866.3,117219.5,46.0,64.0,55.0,34.6,62.0,0.0,0.0,0.0,21.35,91.0,0.0,0.0,53.5,0.0,0.0,1.0,0.0,13.83
105435,113958.0,114582.0,115397.0,107311.0,109372.0,114228.0,112331.0,117958.0,117867.0,112352.9,116827.8,52.0,79.0,65.5,51.4,75.0,0.01,0.0,0.0,24.43,96.0,0.0,0.5,58.2,0.2,0.0,1.0,0.0,13.87
105353,105435.0,113958.0,114582.0,106176.0,106230.0,110062.0,107220.0,112265.0,117958.0,112084.9,116151.4,63.0,87.0,75.0,61.3,81.0,0.02,0.0,0.0,22.89,60.0,0.0,10.0,65.2,3.5,0.0,0.0,0.0,13.91
127381,105353.0,105435.0,113958.0,114826.0,120463.0,118910.0,120871.0,109877.0,112265.0,111967.3,115651.3,52.0,66.0,59.0,53.1,82.0,0.03,0.0,0.0,18.76,99.0,0.0,0.0,66.5,3.5,0.0,0.0,0.0,13.95
118586,127381.0,105353.0,105435.0,114220.0,117633.0,118395.0,125007.0,116373.0,109877.0,113760.9,116153.0,53.0,80.0,66.5,51.7,79.0,0.02,0.0,0.0,21.5,60.0,0.0,1.5,66.8,3.8,0.0,0.0,0.0,13.99
119518,118586.0,127381.0,105353.0,115397.0,117699.0,116601.0,129954.0,117408.0,116373.0,114384.6,116531.8,53.0,79.0,66.0,51.1,67.0,0.0,0.0,0.0,23.22,49.0,0.0,1.0,63.8,0.8,0.0,0.0,0.0,14.03
121813,119518.0,118586.0,127381.0,114582.0,120726.0,119467.0,126600.0,117134.0,117408.0,114973.3,116486.7,52.0,65.0,58.5,46.4,70.0,0.0,0.0,0.0,20.15,87.0,0.0,0.0,63.7,0.8,0.0,0.0,0.0,14.06
116646,121813.0,119518.0,118586.0,113958.0,117552.0,118513.0,124447.0,118783.0,117134.0,116006.3,116380.3,49.0,63.0,56.0,45.3,76.0,0.0,0.0,0.0,16.11,94.0,0.0,0.0,60.2,0.3,0.0,1.0,0.0,14.1
106231,116646.0,121813.0,119518.0,105435.0,107311.0,109372.0,114228.0,116116.0,118783.0,116390.3,115936.7,49.0,54.0,51.5,47.2,87.0,0.31,0.0,0.0,4.69,100.0,0.0,0.0,55.3,0.0,0.0,1.0,0.0,14.14
107601,106231.0,116646.0,121813.0,105353.0,106176.0,106230.0,110062.0,106884.0,116116.0,116504.0,115257.7,53.0,74.0,63.5,57.9,88.0,0.0,0.0,0.0,11.67,100.0,0.0,0.0,57.0,0.0,0.0,0.0,0.0,14.18
120093,107601.0,106231.0,116646.0,127381.0,114826.0,120463.0,118910.0,106708.0,106884.0,116825.1,114696.2,59.0,80.0,69.5,50.1,60.0,0.0,0.0,0.0,27.94,44.0,0.0,4.5,61.5,1.5,0.0,0.0,0.0,14.21
123916,120093.0,107601.0,106231.0,118586.0,114220.0,117633.0,118395.0,123086.0,106708.0,115784.0,114891.7,65.0,84.0,74.5,57.5,63.0,0.21,0.0,0.0,23.68,76.0,0.0,9.5,69.2,4.7,0.0,0.0,0.0,14.25
135931,123916.0,120093.0,107601.0,119518.0,115397.0,117699.0,116601.0,117625.0,123086.0,116545.4,115353.5,56.0,70.0,63.0,48.3,59.0,0.0,0.0,0.0,17.01,99.0,0.0,0.0,69.0,4.7,0.0,0.0,0.0,14.28
126567,135931.0,123916.0,120093.0,121813.0,114582.0,120726.0,119467.0,117570.0,117625.0,118890.1,115920.8,48.0,56.0,52.0,45.4,82.0,0.23,0.0,0.0,5.71,98.0,0.0,0.0,63.2,3.2,0.0,0.0,0.0,14.32
118080,126567.0,135931.0,123916.0,116646.0,113958.0,117552.0,118513.0,123681.0,117570.0,119569.3,116193.2,47.0,64.0,55.5,42.8,72.0,0.0,0.0,0.0,23.08,71.0,0.0,0.0,56.8,0.0,0.0,1.0,0.0,14.35
105208,118080.0,126567.0,135931.0,106231.0,105435.0,107311.0,109372.0,135997.0,123681.0,119774.1,116242.5,48.0,57.0,52.5,44.4,78.0,0.15,0.0,0.0,11.82,78.0,0.0,0.0,53.3,0.0,0.0,1.0,0.0,14.38
105238,105208.0,118080.0,126567.0,107601.0,105353.0,106176.0,106230.0,129143.0,135997.0,119628.0,115767.2,49.0,65.0,57.0,47.8,78.0,0.0,0.0,0.0,19.03,38.0,0.0,0.0,55.0,0.0,0.0,0.0,0.0,14.42
116599,105238.0,105208.0,118080.0,120093.0,127381.0,114826.0,120463.0,113232.0,129143.0,119290.4,115324.7,55.0,72.0,63.5,55.0,81.0,0.03,0.0,0.0,17.58,88.0,0.0,0.0,57.7,0.0,0.0,0.0,0.0,14.45
120146,116599.0,105238.0,105208.0,123916.0,118586.0,114220.0,117633.0,123378.0,113232.0,118791.3,115565.6,59.0,64.0,61.5,56.7,89.0,0.28,0.0,0.0,11.28,98.0,0.0,0.0,60.7,0.0,0.0,0.0,0.0,14.48
120976,120146.0,116599.0,105238.0,135931.0,119518.0,115397.0,117699.0,128952.0,123378.0,118252.7,116029.5,59.0,64.0,61.5,57.3,86.0,0.27,0.0,0.0,7.78,91.0,0.0,0.0,62.2,0.0,0.0,0.0,0.0,14.51
120608,120976.0,120146.0,116599.0,126567.0,121813.0,114582.0,120726.0,121160.0,128952.0,116116.3,116046.6,58.0,72.0,65.0,54.8,76.0,0.0,0.0,0.0,17.46,73.0,0.0,0.0,62.7,0.0,0.0,0.0,0.0,14.54
120128,120608.0,120976.0,120146.0,118080.0,116646.0,113958.0,117552.0,114549.0,121160.0,115265.0,116145.8,59.0,69.0,64.0,54.4,78.0,0.04,0.0,0.0,15.96,99.0,0.0,0.0,63.5,0.0,0.0,1.0,0.0,14.57
110332,120128.0,120608.0,120976.0,105208.0,106231.0,105435.0,107311.0,116482.0,114549.0,115557.6,116226.7,56.0,75.0,65.5,55.2,80.0,0.0,0.0,0.0,17.01,69.0,0.0,0.5,64.8,0.2,0.0,1.0,0.0,14.6
109853,110332.0,120128.0,120608.0,105238.0,107601.0,105353.0,106176.0,110684.0,116482.0,116289.6,115880.3,55.0,74.0,64.5,55.2,81.0,0.0,0.0,0.0,25.34,53.0,0.0,0.0,64.7,0.2,0.0,0.0,0.0,14.63
122257,109853.0,110332.0,120128.0,116599.0,120093.0,127381.0,114826.0,107194.0,110684.0,116948.9,115623.6,58.0,83.0,70.5,60.3,82.0,0.0,0.0,0.0,27.71,53.0,0.0,5.5,66.8,2.0,0.0,0.0,0.0,14.66
131765,122257.0,109853.0,110332.0,120146.0,123916.0,118586.0,114220.0,121819.0,107194.0,117757.1,116121.8,67.0,84.0,75.5,61.7,73.0,0.0,0.0,0.0,27.86,37.0,0.0,10.5,70.2,5.3,0.0,0.0,0.0,14.69
142724,131765.0,122257.0,109853.0,120976.0,135931.0,119518.0,115397.0,118631.0,121819.0,119417.0,116974.8,67.0,79.0,73.0,64.1,75.0,0.78,0.0,0.0,15.64,82.0,0.0,8.0,73.0,8.0,0.0,0.0,0.0,14.71
146380,142724.0,131765.0,122257.0,120608.0,126567.0,121813.0,114582.0,119115.0,118631.0,122523.9,117904.7,68.0,84.0,76.0,54.7,60.0,0.0,0.0,0.0,29.02,26.0,0.0,11.0,74.8,9.8,0.0,0.0,0.0,14.74
146863,146380.0,142724.0,131765.0,120128.0,118080.0,116646.0,113958.0,115600.0,119115.0,126205.6,118976.7,66.0,81.0,73.5,53.8,63.0,0.0,0.0,0.0,27.76,55.0,0.0,8.5,74.2,9.2,0.0,1.0,0.0,14.77
128941,146863.0,146380.0,142724.0,110332.0,105208.0,106231.0,105435.0,116326.0,115600.0,130024.9,120025.6,65.0,82.0,73.5,63.5,86.0,0.0,0.0,0.0,24.7,74.0,0.0,8.5,74.3,9.3,0.0,1.0,0.0,14.79
129499,128941.0,146863.0,146380.0,109853.0,105238.0,107601.0,105353.0,108601.0,116326.0,132683.3,120504.2,66.0,73.0,69.5,64.9,95.0,0.96,0.0,0.0,10.75,100.0,0.0,4.5,72.2,7.2,0.0,0.0,1.0,14.81
131790,129499.0,128941.0,146863.0,122257.0,116599.0,120093.0,127381.0,107474.0,108601.0,135489.9,121022.3,65.0,79.0,72.0,59.1,69.0,0.0,0.0,0.0,28.29,27.0,0.0,7.0,71.7,6.7,0.0,0.0,0.0,14.84
145299,131790.0,129499.0,128941.0,131765.0,120146.0,123916.0,118586.0,114978.0,107474.0,136851.7,121900.8,60.0,76.0,68.0,55.4,71.0,0.65,0.0,0.0,26.28,32.0,0.0,3.0,69.8,4.8,0.0,0.0,0.0,14.86
138253,145299.0,131790.0,129499.0,142724.0,120976.0,135931.0,119518.0,120976.0,114978.0,138785.1,123232.3,57.0,71.0,64.0,50.9,67.0,0.18,0.0,0.0,23.64,57.0,0.0,0.0,68.0,3.3,0.0,0.0,0.0,14.88
129147,138253.0,145299.0,131790.0,146380.0,120608.0,126567.0,121813.0,123000.0,120976.0,138146.4,123594.7,59.0,75.0,67.0,42.8,46.0,0.0,0.0,0.0,25.65,43.0,0.0,2.0,66.3,1.7,0.0,0.0,0.0,14.9
128329,129147.0,138253.0,145299.0,146863.0,120128.0,118080.0,116646.0,134730.0,123000.0,135684.6,123946.7,60.0,83.0,71.5,45.5,44.0,0.0,0.0,0.0,29.67,19.0,0.0,6.5,67.5,2.8,0.0,1.0,0.0,14.92
124462,128329.0,129147.0,138253.0,128941.0,110332.0,105208.0,106231.0,146225.0,134730.0,133036.9,124240.4,67.0,81.0,74.0,52.4,55.0,0.0,0.0,0.0,24.98,91.0,0.0,9.0,70.8,5.8,0.0,1.0,0.0,14.94
129455,124462.0,128329.0,129147.0,129499.0,109853.0,105238.0,107601.0,121764.0,146225.0,132397.0,124328.7,72.0,86.0,79.0,59.8,63.0,0.0,0.0,0.0,27.09,46.0,0.0,14.0,74.8,9.8,0.0,0.0,0.0,14.95
157104,129455.0,124462.0,128329.0,131790.0,122257.0,116599.0,120093.0,106737.0,121764.0,132390.7,124755.7,65.0,79.0,72.0,61.1,75.0,0.0,0.0,0.0,27.8,56.0,0.0,7.0,75.0,10.0,0.0,0.0,0.0,14.97
156095,157104.0,129455.0,124462.0,145299.0,131765.0,120146.0,123916.0,122591.0,106737.0,136007.0,126451.5,65.0,79.0,72.0,63.7,86.0,0.0,0.0,0.0,17.14,89.0,0.0,7.0,74.3,9.3,0.0,0.0,0.0,14.99
155169,156095.0,157104.0,129455.0,138253.0,142724.0,120976.0,135931.0,126482.0,122591.0,137549.3,128067.9,68.0,81.0,74.5,68.5,85.0,0.77,0.0,0.0,18.4,81.0,0.0,9.5,72.8,7.8,0.0,0.0,0.0,15.0
164580,155169.0,156095.0,157104.0,129147.0,146380.0,120608.0,126567.0,122219.0,126482.0,139965.9,129237.1,66.0,82.0,74.0,57.5,63.0,0.0,0.0,0.0,19.85,41.0,0.0,9.0,73.5,8.5,0.0,0.0,0.0,15.01
155967,164580.0,155169.0,156095.0,128329.0,146863.0,120128.0,118080.0,122396.0,122219.0,145027.7,130592.6,63.0,76.0,69.5,50.7,54.0,0.0,0.0,0.0,21.68,23.0,0.0,4.5,72.7,7.7,0.0,1.0,0.0,15.03
132181,155967.0,164580.0,155169.0,124462.0,128941.0,110332.0,105208.0,122782.0,122396.0,148976.0,131260.5,65.0,74.0,69.5,52.9,59.0,0.0,0.0,0.0,20.22,44.0,0.0,4.5,71.0,6.0,0.0,1.0,0.0,15.04
130033,132181.0,155967.0,164580.0,129455.0,129499.0,109853.0,105238.0,116495.0,122782.0,150078.7,131447.6,62.0,75.0,68.5,49.3,55.0,0.0,0.0,0.0,19.79,44.0,0.0,3.5,69.2,4.2,0.0,0.0,0.0,15.05
139579,130033.0,132181.0,155967.0,157104.0,131790.0,122257.0,116599.0,123644.0,116495.0,150161.3,131846.0,59.0,73.0,66.0,53.6,66.0,0.0,0.0,0.0,19.36,58.0,0.0,1.0,68.0,3.0,0.0,0.0,0.0,15.06
137507,139579.0,130033.0,132181.0,156095.0,145299.0,131765.0,120146.0,143428.0,123644.0,147657.7,132991.7,61.0,76.0,68.5,55.2,67.0,0.0,0.0,0.0,19.31,49.0,0.0,3.5,67.7,2.7,0.0,0.0,0.0,15.07
139481,137507.0,139579.0,130033.0,155169.0,138253.0,142724.0,120976.0,139956.0,143428.0,145002.3,134067.4,65.0,84.0,74.5,58.0,66.0,0.0,0.0,0.0,27.17,33.0,0.0,9.5,69.7,4.7,0.0,0.0,0.0,15.08
151014,139481.0,137507.0,139579.0,164580.0,129147.0,146380.0,120608.0,138201.0,139956.0,142761.1,134830.1,65.0,85.0,75.0,65.4,77.0,0.28,0.0,0.0,18.98,58.0,0.0,10.0,72.7,7.7,0.0,0.0,0.0,15.08
159899,151014.0,139481.0,137507.0,155967.0,128329.0,146863.0,120128.0,135517.0,138201.0,140823.1,135859.0,65.0,80.0,72.5,55.1,62.0,0.0,0.0,0.0,28.39,16.0,0.0,7.5,74.0,9.0,0.0,1.0,0.0,15.09
137519,159899.0,151014.0,139481.0,132181.0,124462.0,128941.0,110332.0,136365.0,135517.0,141384.9,137156.5,63.0,78.0,70.5,51.7,61.0,0.0,0.0,0.0,29.29,68.0,0.0,5.5,72.7,7.7,0.0,1.0,0.0,15.09
126847,137519.0,159899.0,151014.0,130033.0,129455.0,129499.0,109853.0,120499.0,136365.0,142147.4,137720.2,65.0,83.0,74.0,62.8,73.0,0.0,0.0,0.0,25.84,45.0,0.0,9.0,72.3,7.3,0.0,0.0,0.0,15.1
156036,126847.0,137519.0,159899.0,139579.0,157104.0,131790.0,122257.0,120873.0,120499.0,141692.3,137944.1,71.0,86.0,78.5,65.6,69.0,0.0,0.0,0.0,27.83,66.0,0.0,13.5,74.3,9.3,0.0,0.0,0.0,15.1
172070,156036.0,126847.0,137519.0,137507.0,156095.0,145299.0,131765.0,137633.0,120873.0,144043.3,139467.6,72.0,89.0,80.5,63.2,64.0,0.0,0.0,0.0,25.79,72.0,0.0,15.5,77.7,12.7,0.0,0.0,1.0,15.1
170946,172070.0,156036.0,126847.0,139481.0,155169.0,138253.0,142724.0,138888.0,137633.0,148980.9,141541.5,72.0,91.0,81.5,64.1,60.0,0.0,0.0,0.0,27.87,52.0,0.0,16.5,80.2,15.2,0.0,0.0,0.0,15.1
184117,170946.0,172070.0,156036.0,151014.0,164580.0,129147.0,146380.0,130314.0,138888.0,153475.9,143164.5,76.0,94.0,85.0,66.3,61.0,0.0,0.0,0.0,23.85,47.0,0.0,20.0,82.3,17.3,0.0,0.0,0.0,15.1
195991,184117.0,170946.0,172070.0,159899.0,155967.0,128329.0,146863.0,126600.0,130314.0,158204.9,144909.5,75.0,93.0,84.0,70.6,74.0,0.11,0.0,0.0,21.69,68.0,0.0,19.0,83.5,18.5,0.0,1.0,0.0,15.1
181513,195991.0,184117.0,170946.0,137519.0,132181.0,124462.0,128941.0,131825.0,126600.0,163360.9,146685.1,73.0,92.0,82.5,67.7,62.0,0.0,0.0,0.0,20.71,94.0,0.0,17.5,83.8,18.8,0.0,1.0,0.0,15.1
181459,181513.0,195991.0,184117.0,126847.0,130033.0,129455.0,129499.0,132294.0,131825.0,169645.7,147856.2,72.0,80.0,76.0,58.4,54.0,0.0,0.0,0.0,24.36,35.0,0.0,11.0,80.8,15.8,0.0,0.0,0.0,15.1
176674,181459.0,181513.0,195991.0,156036.0,139579.0,157104.0,131790.0,141384.0,132294.0,177447.4,149009.4,69.0,90.0,79.5,53.0,42.0,0.0,0.0,0.0,29.1,41.0,0.0,14.5,79.3,14.3,0.0,0.0,0.0,15.09
172647,176674.0,181459.0,181513.0,172070.0,137507.0,156095.0,145299.0,157188.0,141384.0,180395.7,150600.5,70.0,93.0,81.5,62.9,53.0,0.08,0.0,0.0,25.24,91.0,0.0,16.5,79.0,14.0,0.0,0.0,0.0,15.09
187697,172647.0,176674.0,181459.0,170946.0,139481.0,155169.0,138253.0,152718.0,157188.0,180478.1,152038.8,67.0,84.0,75.5,60.9,62.0,0.23,0.0,0.0,26.45,44.0,0.0,10.5,78.8,13.8,0.0,0.0,0.0,15.08
172540,187697.0,172647.0,176674.0,184117.0,151014.0,164580.0,129147.0,153004.0,152718.0,182871.1,153902.3,64.0,79.0,71.5,47.7,50.0,0.0,0.0,0.0,29.6,43.0,0.0,6.5,76.2,11.2,0.0,0.0,0.0,15.07
145789,172540.0,187697.0,172647.0,195991.0,159899.0,155967.0,128329.0,151886.0,153004.0,181217.3,154810.4,66.0,79.0,72.5,65.4,77.0,0.06,0.0,0.0,17.77,94.0,0.0,7.5,73.2,8.2,0.0,1.0,0.0,15.06
142824,145789.0,172540.0,187697.0,181513.0,137519.0,132181.0,124462.0,156264.0,151886.0,174045.6,155061.6,70.0,85.0,77.5,73.0,84.0,0.18,0.0,0.0,17.54,83.0,0.0,12.5,73.8,8.8,0.0,1.0,0.0,15.05
159288,142824.0,145789.0,172540.0,181459.0,126847.0,130033.0,129455.0,139773.0,156264.0,168518.6,155517.5,64.0,81.0,72.5,55.7,60.0,0.0,0.0,0.0,25.87,16.0,0.0,7.5,74.2,9.2,0.0,0.0,0.0,15.04
151971,159288.0,142824.0,145789.0,176674.0,156036.0,139579.0,157104.0,148585.0,139773.0,165351.3,156549.4,66.0,86.0,76.0,54.1,54.0,0.0,0.0,0.0,28.72,37.0,0.0,11.0,75.3,10.3,0.0,0.0,0.0,15.03
153121,151971.0,159288.0,142824.0,172647.0,172070.0,137507.0,156095.0,173124.0,148585.0,161822.3,157466.4,69.0,83.0,76.0,55.7,58.0,0.0,0.0,0.0,28.4,71.0,0.0,11.0,74.8,9.8,0.0,0.0,0.0,15.02
153074,153121.0,151971.0,159288.0,187697.0,170946.0,139481.0,155169.0,159388.0,173124.0,159032.9,158255.3,70.0,89.0,79.5,64.7,69.0,0.04,0.0,0.0,22.76,90.0,0.0,14.5,77.2,12.2,0.0,0.0,1.0,15.01
148986,153074.0,153121.0,151971.0,172540.0,184117.0,151014.0,164580.0,183313.0,159388.0,154086.7,158120.9,74.0,90.0,82.0,73.2,83.0,0.1,0.0,0.0,19.19,92.0,0.0,17.0,79.2,14.2,0.0,0.0,0.0,14.99
179003,148986.0,153074.0,153121.0,145789.0,195991.0,159899.0,155967.0,192213.0,183313.0,150721.9,157884.0,73.0,92.0,82.5,73.7,78.0,0.05,0.0,0.0,22.4,58.0,0.0,17.5,81.3,16.3,0.0,1.0,0.0,14.98
174587,179003.0,148986.0,153074.0,142824.0,181513.0,137519.0,132181.0,186932.0,192213.0,155466.7,158678.4,79.0,93.0,86.0,70.6,71.0,0.0,0.0,0.0,22.61,47.0,0.0,21.0,83.5,18.5,0.0,1.0,0.0,14.96
179856,174587.0,179003.0,148986.0,159288.0,181459.0,126847.0,130033.0,172361.0,186932.0,160004.3,159012.0,77.0,95.0,86.0,71.3,77.0,0.0,0.0,0.0,24.99,72.0,0.0,21.0,84.8,19.8,0.0,0.0,0.0,14.94
204801,179856.0,174587.0,179003.0,151971.0,176674.0,156036.0,139579.0,165418.0,172361.0,162942.6,159808.3,75.0,89.0,82.0,73.5,80.0,0.0,0.0,0.0,23.69,91.0,0.0,17.0,84.7,19.7,0.0,0.0,0.0,14.93
204212,204801.0,179856.0,174587.0,153121.0,172647.0,172070.0,137507.0,177182.0,165418.0,170489.7,162229.0,78.0,91.0,84.5,73.7,77.0,0.0,0.0,0.0,23.78,70.0,0.0,19.5,84.2,19.2,0.0,0.0,0.0,14.91
207772,204212.0,204801.0,179856.0,153074.0,187697.0,170946.0,139481.0,175241.0,177182.0,177788.4,164701.6,75.0,89.0,82.0,67.9,66.0,0.11,0.0,0.0,26.06,50.0,0.0,17.0,82.8,17.8,0.0,0.0,0.0,14.89
197069,207772.0,204212.0,204801.0,148986.0,172540.0,184117.0,151014.0,188026.0,175241.0,185602.4,166974.7,72.0,84.0,78.0,68.9,77.0,0.06,0.0,0.0,16.65,61.0,0.0,13.0,81.5,16.5,0.0,0.0,0.0,14.87
188001,197069.0,207772.0,204212.0,179003.0,145789.0,195991.0,159899.0,197353.0,188026.0,192471.4,168960.1,72.0,87.0,79.5,71.1,83.0,2.06,0.0,0.0,19.92,56.0,0.0,14.5,79.8,14.8,0.0,1.0,0.0,14.85
174380,188001.0,197069.0,207772.0,174587.0,142824.0,181513.0,137519.0,185355.0,197353.0,193756.9,170577.4,75.0,90.0,82.5,71.3,77.0,0.0,0.0,0.0,25.15,20.0,0.0,17.5,80.0,15.0,0.0,1.0,0.0,14.82
177664,174380.0,188001.0,197069.0,179856.0,159288.0,181459.0,126847.0,172948.0,185355.0,193727.3,171356.3,73.0,91.0,82.0,71.5,71.0,0.12,0.0,0.0,23.82,38.0,0.0,17.0,81.3,16.3,0.0,0.0,0.0,14.8
203823,177664.0,174380.0,188001.0,204801.0,151971.0,176674.0,156036.0,168825.0,172948.0,193414.1,171948.5,78.0,94.0,86.0,70.2,65.0,0.0,0.0,0.0,24.01,37.0,0.0,21.0,83.5,18.5,0.0,0.0,0.0,14.78
214127,203823.0,177664.0,174380.0,204212.0,153121.0,172647.0,172070.0,189668.0,168825.0,193274.4,174158.6,72.0,90.0,81.0,73.0,78.0,1.46,0.0,0.0,21.71,72.0,0.0,16.0,83.0,18.0,0.0,0.0,0.0,14.75
204545,214127.0,203823.0,177664.0,207772.0,153074.0,187697.0,170946.0,184855.0,189668.0,194690.9,177067.9,72.0,86.0,79.0,65.5,69.0,0.0,0.0,0.0,19.89,71.0,0.0,14.0,82.0,17.0,0.0,0.0,0.0,14.73
189710,204545.0,214127.0,203823.0,197069.0,148986.0,172540.0,184117.0,171327.0,184855.0,194229.9,178684.9,67.0,83.0,75.0,56.9,56.0,0.0,0.0,0.0,27.45,9.0,0.0,10.0,78.3,13.3,0.0,0.0,0.0,14.7
168652,189710.0,204545.0,214127.0,188001.0,179003.0,145789.0,195991.0,173788.0,171327.0,193178.6,179272.9,71.0,83.0,77.0,63.4,69.0,0.0,0.0,0.0,16.5,99.0,0.0,12.0,77.0,12.0,0.0,1.0,0.0,14.67
158502,168652.0,189710.0,204545.0,174380.0,174587.0,142824.0,181513.0,176318.0,173788.0,190414.4,179196.4,73.0,88.0,80.5,64.6,65.0,0.0,0.0,0.0,25.92,37.0,0.0,15.5,77.5,12.5,0.0,1.0,0.0,14.65
166582,158502.0,168652.0,189710.0,177664.0,179856.0,159288.0,181459.0,153460.0,176318.0,188146.1,178342.6,71.0,84.0,77.5,68.6,78.0,0.01,0.0,0.0,13.74,98.0,0.0,12.5,78.3,13.3,0.0,0.0,0.0,14.62
185179,166582.0,158502.0,168652.0,203823.0,204801.0,151971.0,176674.0,155587.0,153460.0,186563.0,177362.3,71.0,81.0,76.0,69.7,83.0,0.11,0.0,0.0,16.95,92.0,0.0,11.0,78.0,13.0,0.0,0.0,0.0,14.59
178638,185179.0,166582.0,158502.0,214127.0,204212.0,153121.0,172647.0,177190.0,155587.0,183899.6,177484.5,73.0,81.0,77.0,70.6,86.0,0.0,0.0,0.0,12.73,94.0,0.0,12.0,76.8,11.8,0.0,0.0,0.0,14.56
179604,178638.0,185179.0,166582.0,204545.0,207772.0,153074.0,187697.0,177090.0,177190.0,178829.7,177390.5,72.0,83.0,77.5,65.2,72.0,0.0,0.0,0.0,18.06,81.0,0.0,12.5,76.8,11.8,0.0,0.0,0.0,14.53
176626,179604.0,178638.0,185179.0,189710.0,197069.0,148986.0,172540.0,176680.0,177090.0,175266.7,177488.1,67.0,84.0,75.5,54.3,51.0,0.0,0.0,0.0,26.39,31.0,0.0,10.5,76.7,11.7,0.0,0.0,0.0,14.5
158078,176626.0,179604.0,178638.0,168652.0,188001.0,179003.0,145789.0,199463.0,176680.0,173397.6,177620.8,69.0,87.0,78.0,57.8,57.0,0.0,0.0,0.0,22.28,28.0,0.0,13.0,77.0,12.0,0.0,1.0,0.0,14.47
151956,158078.0,176626.0,179604.0,158502.0,174380.0,174587.0,142824.0,200485.0,199463.0,171887.0,176633.5,70.0,89.0,79.5,60.2,61.0,0.0,0.0,0.0,20.5,52.0,0.0,14.5,77.7,12.7,0.0,1.0,0.0,14.43
153172,151956.0,158078.0,176626.0,166582.0,177664.0,179856.0,159288.0,184565.0,200485.0,170951.9,175947.3,68.0,84.0,76.0,68.3,77.0,0.05,0.0,0.0,17.68,73.0,0.0,11.0,77.8,12.8,0.0,0.0,0.0,14.4
176265,153172.0,151956.0,158078.0,185179.0,203823.0,204801.0,151971.0,147065.0,184565.0,169036.1,176193.4,75.0,88.0,81.5,69.4,75.0,0.0,0.0,0.0,23.18,70.0,0.0,16.5,79.0,14.0,0.0,0.0,0.0,14.37
186401,176265.0,153172.0,151956.0,178638.0,214127.0,204212.0,153121.0,160528.0,147065.0,167762.7,177308.1,73.0,89.0,81.0,71.6,81.0,0.03,0.0,0.0,15.49,73.0,0.0,16.0,79.5,14.5,0.0,0.0,0.0,14.34
193186,186401.0,176265.0,153172.0,179604.0,204545.0,207772.0,153074.0,155070.0,160528.0,168871.7,178211.9,76.0,95.0,85.5,69.8,71.0,0.0,0.0,0.0,24.36,17.0,0.0,20.5,82.7,17.7,0.0,0.0,0.0,14.3
199184,193186.0,186401.0,176265.0,176626.0,189710.0,197069.0,148986.0,149519.0,155070.0,170812.0,179585.7,74.0,92.0,83.0,72.5,77.0,0.52,0.0,0.0,18.53,72.0,0.0,18.0,83.2,18.2,0.0,0.0,0.0,14.27
205346,199184.0,193186.0,186401.0,158078.0,168652.0,188001.0,179003.0,149443.0,149519.0,174034.6,181121.2,73.0,93.0,83.0,73.3,81.0,0.73,0.0,0.0,21.52,80.0,0.0,18.0,83.8,18.8,0.0,1.0,0.0,14.23
185206,205346.0,199184.0,193186.0,151956.0,158502.0,174380.0,174587.0,152326.0,149443.0,180787.1,182863.6,71.0,83.0,77.0,72.0,87.0,0.17,0.0,0.0,13.36,81.0,0.0,12.0,81.0,16.0,0.0,1.0,0.0,14.2
167499,185206.0,205346.0,199184.0,153172.0,166582.0,177664.0,179856.0,148344.0,152326.0,185537.1,184070.9,73.0,90.0,81.5,68.1,69.0,0.0,0.0,0.0,24.11,40.0,0.0,16.5,80.5,15.5,0.0,0.0,0.0,14.16
190114,167499.0,185206.0,205346.0,176265.0,185179.0,203823.0,204801.0,148409.0,148344.0,187583.9,183687.4,72.0,90.0,81.0,71.1,80.0,2.08,0.0,0.0,18.32,57.0,0.0,16.0,79.8,14.8,0.0,0.0,0.0,14.13
195634,190114.0,167499.0,185206.0,186401.0,178638.0,214127.0,204212.0,170112.0,148409.0,189562.3,184205.0,64.0,72.0,68.0,65.3,87.0,0.13,0.0,0.0,9.79,100.0,0.0,3.0,76.8,11.8,0.0,0.0,0.0,14.09
157871,195634.0,190114.0,167499.0,193186.0,179604.0,204545.0,207772.0,161977.0,170112.0,190881.3,184730.9,65.0,70.0,67.5,65.5,88.0,0.36,0.0,0.0,6.63,100.0,0.0,2.5,72.2,7.2,0.0,0.0,0.0,14.05
145053,157871.0,195634.0,190114.0,199184.0,176626.0,189710.0,197069.0,160401.0,161977.0,185836.3,183166.6,70.0,80.0,75.0,72.7,89.0,0.11,0.0,0.0,14.73,99.0,0.0,10.0,70.2,5.2,0.0,0.0,0.0,14.01
168798,145053.0,157871.0,195634.0,205346.0,158078.0,168652.0,188001.0,161314.0,160401.0,178103.3,181194.6,73.0,85.0,79.0,66.4,71.0,0.0,0.0,0.0,25.02,33.0,0.0,14.0,73.8,8.8,0.0,1.0,0.0,13.98
157538,168798.0,145053.0,157871.0,185206.0,151956.0,158502.0,174380.0,159595.0,161314.0,172882.1,179895.5,69.0,80.0,74.5,58.4,61.0,0.0,0.0,0.0,22.05,54.0,0.0,9.5,76.2,11.2,0.0,1.0,0.0,13.94
146280,157538.0,168798.0,145053.0,167499.0,153172.0,166582.0,177664.0,154660.0,159595.0,168929.6,178577.8,66.0,81.0,73.5,57.6,64.0,0.0,0.0,0.0,22.0,23.0,0.0,8.5,75.7,10.7,0.0,0.0,0.0,13.9
155444,146280.0,157538.0,168798.0,190114.0,176265.0,185179.0,203823.0,159493.0,154660.0,165898.3,177187.1,64.0,81.0,72.5,57.5,65.0,0.0,0.0,0.0,22.09,29.0,0.0,7.5,73.5,8.5,0.0,0.0,0.0,13.86
152297,155444.0,146280.0,157538.0,195634.0,186401.0,178638.0,214127.0,174733.0,159493.0,160945.4,176555.9,67.0,85.0,76.0,59.9,66.0,0.0,0.0,0.0,22.68,33.0,0.0,11.0,74.0,9.0,0.0,0.0,0.0,13.82
162930,152297.0,155444.0,146280.0,157871.0,193186.0,179604.0,204545.0,171763.0,174733.0,154754.4,175710.3,68.0,86.0,77.0,61.2,66.0,0.0,0.0,0.0,23.43,14.0,0.0,12.0,75.2,10.2,0.0,0.0,0.0,13.78
167985,162930.0,152297.0,155444.0,145053.0,199184.0,176626.0,189710.0,167680.0,171763.0,155477.1,174347.2,70.0,87.0,78.5,64.8,72.0,0.0,0.0,0.0,22.71,25.0,0.0,13.5,77.2,12.2,0.0,0.0,0.0,13.74
172256,167985.0,162930.0,152297.0,168798.0,205346.0,158078.0,168652.0,166180.0,167680.0,158753.1,172809.2,67.0,79.0,73.0,68.7,85.0,0.04,0.0,0.0,14.02,74.0,0.0,8.0,76.2,11.2,0.0,1.0,0.0,13.7
153441,172256.0,167985.0,162930.0,157538.0,185206.0,151956.0,158502.0,158982.0,166180.0,159247.1,171732.9,69.0,81.0,75.0,69.5,89.0,2.29,0.0,0.0,10.41,95.0,0.0,10.0,75.5,10.5,0.0,1.0,0.0,13.66
153602,153441.0,172256.0,167985.0,146280.0,167499.0,153172.0,166582.0,131413.0,158982.0,158661.9,170523.9,68.0,84.0,76.0,68.5,86.0,0.25,0.0,0.0,17.22,79.0,0.0,11.0,74.7,9.7,0.0,0.0,0.0,13.62
168842,153602.0,153441.0,172256.0,155444.0,190114.0,176265.0,185179.0,139489.0,131413.0,159707.9,170022.2,61.0,72.0,66.5,51.2,60.0,0.0,0.0,0.0,23.98,38.0,0.0,1.5,72.5,7.5,0.0,0.0,0.0,13.58
139701,168842.0,153602.0,153441.0,152297.0,195634.0,186401.0,178638.0,173937.0,139489.0,161621.9,170366.9,57.0,73.0,65.0,48.9,59.0,0.0,0.0,0.0,23.03,9.0,0.0,0.0,69.2,4.2,0.0,0.0,0.0,13.54
129605,139701.0,168842.0,153602.0,162930.0,157871.0,193186.0,179604.0,156451.0,173937.0,159822.4,169470.9,59.0,76.0,67.5,52.1,63.0,0.0,0.0,0.0,19.72,18.0,0.0,2.5,66.3,1.3,0.0,0.0,0.0,13.5
131399,129605.0,139701.0,168842.0,167985.0,145053.0,199184.0,176626.0,146265.0,156451.0,155061.7,167618.4,62.0,80.0,71.0,55.2,66.0,0.0,0.0,0.0,23.74,10.0,0.0,6.0,67.8,2.8,0.0,0.0,0.0,13.46
138449,131399.0,129605.0,139701.0,172256.0,168798.0,205346.0,158078.0,146167.0,146265.0,149835.1,166043.8,65.0,83.0,74.0,57.4,65.0,0.0,0.0,0.0,22.72,30.0,0.0,9.0,70.8,5.8,0.0,1.0,0.0,13.41
136540,138449.0,131399.0,129605.0,153441.0,157538.0,185206.0,151956.0,153327.0,146167.0,145005.6,164671.9,68.0,85.0,76.5,60.0,65.0,0.0,0.0,0.0,21.72,37.0,0.0,11.5,73.8,8.8,0.0,1.0,0.0,13.37
143315,136540.0,138449.0,131399.0,153602.0,146280.0,167499.0,153172.0,151494.0,153327.0,142591.1,163335.7,69.0,85.0,77.0,62.5,71.0,0.04,0.0,0.0,20.88,16.0,0.0,12.0,75.8,10.8,0.0,0.0,0.0,13.33
163961,143315.0,136540.0,138449.0,168842.0,155444.0,190114.0,176265.0,145212.0,151494.0,141121.6,162843.6,67.0,86.0,76.5,64.4,76.0,0.0,0.0,0.0,22.67,22.0,0.0,11.5,76.7,11.7,0.0,0.0,0.0,13.29
167050,163961.0,143315.0,136540.0,139701.0,152297.0,195634.0,186401.0,156228.0,145212.0,140424.3,163243.8,74.0,91.0,82.5,68.9,70.0,0.0,0.0,0.0,19.65,47.0,0.0,17.5,78.7,13.7,0.0,0.0,0.0,13.24
187044,167050.0,163961.0,143315.0,129605.0,162930.0,157871.0,193186.0,156057.0,156228.0,144331.3,163706.4,70.0,82.0,76.0,63.5,73.0,0.0,0.0,0.0,13.99,80.0,0.0,11.0,78.3,13.3,0.0,0.0,0.0,13.2
168461,187044.0,167050.0,163961.0,131399.0,167985.0,145053.0,199184.0,161848.0,156057.0,152536.9,164065.7,61.0,74.0,67.5,60.0,74.0,0.3,0.0,0.0,17.11,78.0,0.0,2.5,75.3,10.3,0.0,0.0,0.0,13.16
144337,168461.0,187044.0,167050.0,138449.0,172256.0,168798.0,205346.0,141734.0,161848.0,157831.4,163467.7,67.0,77.0,72.0,64.7,82.0,0.0,0.0,0.0,13.05,75.0,0.0,7.0,71.8,6.8,0.0,1.0,0.0,13.11
137976,144337.0,168461.0,187044.0,136540.0,153441.0,157538.0,185206.0,133059.0,141734.0,158672.6,161839.4,73.0,81.0,77.0,68.6,81.0,0.0,0.0,0.0,13.86,82.0,0.0,12.0,72.2,7.2,0.0,1.0,0.0,13.07
147525,137976.0,144337.0,168461.0,143315.0,153602.0,146280.0,167499.0,126027.0,133059.0,158877.7,159799.1,63.0,79.0,71.0,54.5,58.0,0.0,0.0,0.0,20.1,36.0,0.0,6.0,73.3,8.3,0.0,0.0,1.0,13.03
137338,147525.0,137976.0,144337.0,163961.0,168842.0,155444.0,190114.0,143874.0,126027.0,159479.1,157871.8,58.0,74.0,66.0,45.5,54.0,0.0,0.0,0.0,23.49,0.0,0.0,1.0,71.3,6.3,0.0,0.0,0.0,12.98
134126,137338.0,147525.0,137976.0,167050.0,139701.0,152297.0,195634.0,166274.0,143874.0,155675.9,156276.2,59.0,77.0,68.0,51.6,65.0,0.0,0.0,0.0,22.81,0.0,0.0,3.0,68.3,3.3,0.0,0.0,0.0,12.94
136235,134126.0,137338.0,147525.0,187044.0,129605.0,162930.0,157871.0,199408.0,166274.0,150972.4,155163.7,61.0,77.0,69.0,54.4,69.0,0.0,0.0,0.0,22.58,0.0,0.0,4.0,67.7,2.7,0.0,0.0,0.0,12.89
139231,136235.0,134126.0,137338.0,168461.0,131399.0,167985.0,145053.0,210280.0,199408.0,143714.0,153367.8,63.0,78.0,70.5,60.2,78.0,0.0,0.0,0.0,16.34,35.0,0.0,5.5,69.2,4.2,0.0,0.0,0.0,12.85
143379,139231.0,136235.0,134126.0,144337.0,138449.0,172256.0,168798.0,211392.0,210280.0,139538.3,151487.7,59.0,76.0,67.5,62.0,84.0,0.24,0.0,0.0,11.7,84.0,0.0,2.5,69.0,4.0,0.0,1.0,0.0,12.81
131255,143379.0,139231.0,136235.0,137976.0,136540.0,153441.0,157538.0,194958.0,211392.0,139401.4,151004.6,55.0,69.0,62.0,45.3,59.0,0.0,0.0,0.0,22.12,3.0,0.0,0.0,66.7,2.7,0.0,1.0,0.0,12.76
113001,131255.0,143379.0,139231.0,147525.0,143315.0,153602.0,146280.0,176989.0,194958.0,138441.3,150544.7,55.0,75.0,65.0,45.7,52.0,0.0,0.0,0.0,20.91,11.0,0.0,0.0,64.8,0.8,0.0,0.0,0.0,12.72
127783,113001.0,131255.0,143379.0,137338.0,163961.0,168842.0,155444.0,158922.0,176989.0,133509.3,148684.8,62.0,78.0,70.0,50.9,58.0,0.0,0.0,0.0,21.71,5.0,0.0,5.0,65.7,1.7,0.0,0.0,0.0,12.68
135667,127783.0,113001.0,131255.0,134126.0,167050.0,139701.0,152297.0,174284.0,158922.0,132144.3,147692.9,59.0,79.0,69.0,51.8,66.0,0.0,0.0,0.0,21.26,59.0,0.0,4.0,68.0,3.0,0.0,0.0,0.0,12.63
136531,135667.0,127783.0,113001.0,136235.0,187044.0,129605.0,162930.0,169231.0,174284.0,132364.4,147339.2,62.0,80.0,71.0,58.5,78.0,0.0,0.0,0.0,20.31,32.0,0.0,6.0,70.0,5.0,0.0,0.0,0.0,12.59
141943,136531.0,135667.0,127783.0,139231.0,168461.0,131399.0,167985.0,169923.0,169231.0,132406.7,146708.7,63.0,82.0,72.5,58.5,77.0,0.0,0.0,0.0,20.78,13.0,0.0,7.5,70.8,5.8,0.0,0.0,0.0,12.54
145330,141943.0,136531.0,135667.0,143379.0,144337.0,138449.0,172256.0,150451.0,169923.0,132794.1,146363.6,65.0,83.0,74.0,60.9,74.0,0.0,0.0,0.0,19.84,14.0,0.0,9.0,72.5,7.5,0.0,1.0,0.0,12.5
140427,145330.0,141943.0,136531.0,131255.0,137976.0,136540.0,153441.0,129053.0,150451.0,133072.9,145776.9,63.0,80.0,71.5,58.6,71.0,0.0,0.0,0.0,19.49,6.0,0.0,6.5,72.7,7.7,0.0,1.0,0.0,12.45
135068,140427.0,145330.0,141943.0,113001.0,147525.0,143315.0,153602.0,117733.0,129053.0,134383.1,144858.3,60.0,77.0,68.5,56.0,74.0,0.0,0.0,0.0,19.55,69.0,0.0,3.5,71.3,6.3,0.0,0.0,0.0,12.41
140323,135068.0,140427.0,145330.0,127783.0,137338.0,163961.0,168842.0,120128.0,117733.0,137535.6,143618.7,65.0,79.0,72.0,59.2,77.0,0.0,0.0,0.0,18.2,94.0,0.0,7.0,70.7,5.7,0.0,0.0,0.0,12.36
145236,140323.0,135068.0,140427.0,135667.0,134126.0,167050.0,139701.0,138006.0,120128.0,139327.0,143181.5,67.0,75.0,71.0,60.6,77.0,0.0,0.0,0.0,6.88,100.0,0.0,6.0,70.5,5.5,0.0,0.0,0.0,12.32
143808,145236.0,140323.0,135068.0,136531.0,136235.0,187044.0,129605.0,129571.0,138006.0,140694.0,142902.6,67.0,84.0,75.5,57.9,64.0,0.0,0.0,0.0,19.24,95.0,0.0,10.5,72.8,7.8,0.0,0.0,0.0,12.27
149657,143808.0,145236.0,140323.0,141943.0,139231.0,168461.0,131399.0,129008.0,129571.0,141733.6,142068.1,67.0,81.0,74.0,60.5,72.0,0.0,0.0,0.0,16.48,27.0,0.0,9.0,73.5,8.5,0.0,0.0,0.0,12.23
149992,149657.0,143808.0,145236.0,145330.0,143379.0,144337.0,138449.0,127832.0,129008.0,142835.6,142400.0,63.0,79.0,71.0,55.3,67.0,0.0,0.0,0.0,18.04,37.0,0.0,6.0,73.5,8.5,0.0,1.0,0.0,12.18
129828,149992.0,149657.0,143808.0,140427.0,131255.0,137976.0,136540.0,126415.0,127832.0,143501.6,143079.6,61.0,74.0,67.5,53.3,68.0,0.0,0.0,0.0,17.51,34.0,0.0,2.5,70.8,5.8,0.0,1.0,0.0,12.14
121974,129828.0,149992.0,149657.0,135068.0,113001.0,147525.0,143315.0,112035.0,126415.0,141987.4,143027.2,59.0,67.0,63.0,50.5,66.0,0.04,0.0,0.0,10.02,82.0,0.0,0.0,67.2,2.8,0.0,0.0,0.0,12.09
127892,121974.0,129828.0,149992.0,140323.0,127783.0,137338.0,163961.0,111536.0,112035.0,140116.9,142478.0,59.0,68.0,63.5,51.8,69.0,0.0,0.0,0.0,7.45,98.0,0.0,0.0,64.7,0.8,0.0,0.0,0.0,12.05
124821,127892.0,121974.0,129828.0,145236.0,135667.0,134126.0,167050.0,119464.0,111536.0,138341.0,142189.8,62.0,68.0,65.0,54.5,72.0,0.0,0.0,0.0,5.36,100.0,0.0,0.0,63.8,0.0,0.0,0.0,0.0,12.0
125294,124821.0,127892.0,121974.0,143808.0,136531.0,136235.0,187044.0,118941.0,119464.0,135424.6,141573.3,64.0,74.0,69.0,65.1,90.0,0.08,0.0,0.0,4.85,100.0,0.0,4.0,65.8,1.3,0.0,0.0,0.0,11.96
137319,125294.0,124821.0,127892.0,149657.0,141943.0,139231.0,168461.0,116517.0,118941.0,132779.7,140284.4,63.0,74.0,68.5,62.4,82.0,0.18,0.0,0.0,6.67,100.0,0.0,3.5,67.5,2.5,0.0,0.0,0.0,11.92
136445,137319.0,125294.0,124821.0,149992.0,145330.0,143379.0,144337.0,118210.0,116517.0,131017.1,139293.4,61.0,68.0,64.5,59.5,83.0,0.26,0.0,0.0,3.67,90.0,0.0,0.0,67.3,2.5,0.0,1.0,0.0,11.87
120398,136445.0,137319.0,125294.0,129828.0,140427.0,131255.0,137976.0,119674.0,118210.0,129081.9,137606.7,60.0,63.0,61.5,58.0,84.0,0.78,0.0,0.0,3.79,99.0,0.0,0.0,64.8,1.2,0.0,1.0,0.0,11.83
113364,120398.0,136445.0,137319.0,121974.0,135068.0,113001.0,147525.0,110128.0,119674.0,127734.7,136004.6,60.0,72.0,66.0,55.7,75.0,0.0,0.0,0.0,14.55,94.0,0.0,1.0,64.0,0.3,0.0,0.0,0.0,11.78
125686,113364.0,120398.0,136445.0,127892.0,140323.0,127783.0,137338.0,112569.0,110128.0,126504.7,134972.2,60.0,69.0,64.5,55.1,76.0,0.0,0.0,0.0,11.84,78.0,0.0,0.0,64.0,0.3,0.0,0.0,0.0,11.74
125460,125686.0,113364.0,120398.0,124821.0,145236.0,135667.0,134126.0,131147.0,112569.0,126189.6,134562.5,58.0,68.0,63.0,53.2,76.0,0.0,0.0,0.0,10.45,68.0,0.0,0.0,64.5,0.3,0.0,0.0,0.0,11.69
123448,125460.0,125686.0,113364.0,125294.0,143808.0,136531.0,136235.0,135387.0,131147.0,126280.9,133827.0,62.0,72.0,67.0,56.0,77.0,0.0,0.0,0.0,11.19,77.0,0.0,2.0,64.8,0.7,0.0,0.0,0.0,11.65
124414,123448.0,125460.0,125686.0,137319.0,149657.0,141943.0,139231.0,144405.0,135387.0,126017.1,133364.0,60.0,73.0,66.5,57.4,83.0,0.0,0.0,0.0,13.27,87.0,0.0,1.5,65.5,1.2,0.0,0.0,0.0,11.6
126270,124414.0,123448.0,125460.0,136445.0,149992.0,145330.0,143379.0,139260.0,144405.0,124173.6,133040.3,61.0,75.0,68.0,53.3,68.0,0.0,0.0,0.0,16.84,18.0,0.0,3.0,67.2,2.2,0.0,1.0,0.0,11.56
117152,126270.0,124414.0,123448.0,120398.0,129828.0,140427.0,131255.0,140078.0,139260.0,122720.0,132708.1,55.0,71.0,63.0,51.2,72.0,0.0,0.0,0.0,16.69,17.0,0.0,0.0,65.8,1.5,0.0,1.0,0.0,11.52
112694,117152.0,126270.0,124414.0,113364.0,121974.0,135068.0,113001.0,121171.0,140078.0,122256.3,131972.2,58.0,75.0,66.5,52.4,67.0,0.0,0.0,0.0,14.54,48.0,0.0,1.5,65.8,1.5,0.0,0.0,0.0,11.47
127718,112694.0,117152.0,126270.0,125686.0,127892.0,140323.0,127783.0,105416.0,121171.0,122160.6,130949.3,53.0,68.0,60.5,42.1,56.0,0.0,0.0,0.0,15.44,28.0,0.0,0.0,63.3,0.5,0.0,0.0,0.0,11.43
120224,127718.0,112694.0,117152.0,125460.0,124821.0,145236.0,135667.0,113692.0,105416.0,122450.9,130831.4,54.0,68.0,61.0,41.7,56.0,0.0,0.0,0.0,13.06,34.0,0.0,0.0,62.7,0.5,0.0,0.0,0.0,11.38
107876,120224.0,127718.0,112694.0,123448.0,125294.0,143808.0,136531.0,118024.0,113692.0,121702.9,131072.2,49.0,62.0,55.5,37.0,55.0,0.0,0.0,0.0,16.09,5.0,0.0,0.0,59.0,0.0,0.0,0.0,0.0,11.34
116684,107876.0,120224.0,127718.0,124414.0,137319.0,149657.0,141943.0,119533.0,118024.0,119478.3,130408.6,46.0,68.0,57.0,40.1,58.0,0.0,0.0,0.0,16.51,1.0,0.0,0.0,57.8,0.0,0.0,0.0,0.0,11.29
116491,116684.0,107876.0,120224.0,126270.0,136445.0,149992.0,145330.0,120482.0,119533.0,118374.0,129775.9,56.0,74.0,65.0,41.8,46.0,0.0,0.0,0.0,16.39,14.0,0.0,0.0,59.2,0.0,0.0,1.0,0.0,11.25
108615,116491.0,116684.0,107876.0,117152.0,120398.0,129828.0,140427.0,116908.0,120482.0,116977.0,129107.9,55.0,69.0,62.0,48.1,63.0,0.0,0.0,0.0,14.42,58.0,0.0,0.0,61.3,0.0,0.0,1.0,0.0,11.2
108860,108615.0,116491.0,116684.0,112694.0,113364.0,121974.0,135068.0,109382.0,116908.0,115757.4,127996.9,48.0,66.0,57.0,43.8,70.0,0.0,0.0,0.0,14.12,42.0,0.0,0.0,61.3,0.0,0.0,0.0,1.0,11.16
116554,108860.0,108615.0,116491.0,127718.0,125686.0,127892.0,140323.0,106009.0,109382.0,115209.7,126781.3,45.0,57.0,51.0,34.0,58.0,0.0,0.0,0.0,14.19,26.0,0.0,0.0,56.7,0.0,0.0,0.0,0.0,11.12
117978,116554.0,108860.0,108615.0,120224.0,125460.0,124821.0,145236.0,117592.0,106009.0,113614.9,125985.5,44.0,59.0,51.5,33.2,55.0,0.0,0.0,0.0,12.81,19.0,0.0,0.0,53.2,0.0,0.0,0.0,0.0,11.07
119030,117978.0,116554.0,108860.0,107876.0,123448.0,125294.0,143808.0,118154.0,117592.0,113294.0,125415.8,43.0,58.0,50.5,33.4,58.0,0.0,0.0,0.0,15.04,23.0,0.0,0.0,51.0,0.0,0.0,0.0,0.0,11.03
119322,119030.0,117978.0,116554.0,116684.0,124414.0,137319.0,149657.0,118973.0,118154.0,114887.4,124706.1,48.0,66.0,57.0,33.9,50.0,0.0,0.0,0.0,15.33,0.0,0.0,0.0,53.0,0.0,0.0,0.0,0.0,10.99
118577,119322.0,119030.0,117978.0,116491.0,126270.0,136445.0,149992.0,118566.0,118973.0,115264.3,123842.3,50.0,71.0,60.5,40.0,58.0,0.0,0.0,0.0,15.04,0.0,0.0,0.0,56.0,0.0,0.0,1.0,0.0,10.95
109688,118577.0,119322.0,119030.0,108615.0,117152.0,120398.0,129828.0,121383.0,118566.0,115562.3,123001.2,52.0,73.0,62.5,40.3,57.0,0.0,0.0,0.0,15.18,3.0,0.0,0.0,60.0,0.0,0.0,1.0,0.0,10.9
108899,109688.0,118577.0,119322.0,108860.0,112694.0,113364.0,121974.0,110022.0,121383.0,115715.6,121668.9,57.0,79.0,68.0,44.4,54.0,0.0,0.0,0.0,14.43,1.0,0.0,3.0,63.7,1.0,0.0,0.0,0.0,10.86
123563,108899.0,109688.0,118577.0,116554.0,127718.0,125686.0,127892.0,106653.0,110022.0,115721.1,120299.2,62.0,81.0,71.5,52.5,65.0,0.0,0.0,0.0,13.94,1.0,0.0,6.5,67.3,3.2,0.0,0.0,0.0,10.82
129531,123563.0,108899.0,109688.0,117978.0,120224.0,125460.0,124821.0,118597.0,106653.0,116722.4,120090.3,59.0,75.0,67.0,51.3,65.0,0.0,0.0,0.0,13.91,7.0,0.0,2.0,68.8,3.8,0.0,0.0,0.0,10.78
129630,129531.0,123563.0,108899.0,119030.0,107876.0,123448.0,125294.0,119347.0,118597.0,118372.9,120342.2,53.0,69.0,61.0,44.2,55.0,0.0,0.0,0.0,13.96,16.0,0.0,0.0,66.5,2.8,0.0,0.0,0.0,10.73
124464,129630.0,129531.0,123563.0,119322.0,116684.0,124414.0,137319.0,120653.0,119347.0,119887.1,120400.2,46.0,62.0,54.0,35.4,53.0,0.0,0.0,0.0,14.21,17.0,0.0,0.0,60.7,0.7,0.0,0.0,0.0,10.69
118586,124464.0,129630.0,129531.0,118577.0,116491.0,126270.0,136445.0,124318.0,120653.0,120621.7,120388.3,51.0,64.0,57.5,35.3,47.0,0.0,0.0,0.0,13.73,19.0,0.0,0.0,57.5,0.0,0.0,1.0,0.0,10.65
109032,118586.0,124464.0,129630.0,109688.0,108615.0,117152.0,120398.0,124624.0,124318.0,120623.0,120164.7,45.0,57.0,51.0,27.4,48.0,0.0,0.0,0.0,14.05,39.0,0.0,0.0,54.2,0.0,0.0,1.0,0.0,10.61
107391,109032.0,118586.0,124464.0,108899.0,108860.0,112694.0,113364.0,120491.0,124624.0,120529.3,119221.8,46.0,61.0,53.5,34.1,62.0,0.0,0.0,0.0,13.2,28.0,0.0,0.0,54.0,0.0,0.0,0.0,0.0,10.57
119401,107391.0,109032.0,118586.0,123563.0,116554.0,127718.0,125686.0,110558.0,120491.0,120313.9,118253.3,52.0,63.0,57.5,48.8,81.0,0.01,0.0,0.0,8.41,67.0,0.0,0.0,54.0,0.0,0.0,0.0,0.0,10.53
121090,119401.0,107391.0,109032.0,129531.0,117978.0,120224.0,125460.0,120772.0,110558.0,119719.3,118220.1,58.0,76.0,67.0,52.9,74.0,0.0,0.0,0.0,12.17,79.0,0.0,2.0,59.3,0.7,0.0,0.0,0.0,10.49
124290,121090.0,119401.0,107391.0,129630.0,119030.0,107876.0,123448.0,119303.0,120772.0,118513.4,118477.6,61.0,81.0,71.0,54.6,66.0,0.0,0.0,0.0,12.06,75.0,0.0,6.0,65.2,2.7,0.0,0.0,0.0,10.45
128965,124290.0,121090.0,119401.0,124464.0,119322.0,116684.0,124414.0,122581.0,119303.0,117750.6,118431.1,57.0,79.0,68.0,49.1,51.0,0.0,0.0,0.0,10.03,48.0,0.0,3.0,68.7,3.7,0.0,0.0,0.0,10.4
128037,128965.0,124290.0,121090.0,118586.0,118577.0,116491.0,126270.0,124118.0,122581.0,118393.6,118547.9,47.0,60.0,53.5,35.2,50.0,0.0,0.0,0.0,12.66,4.0,0.0,0.0,64.2,3.0,0.0,1.0,0.0,10.37
108516,128037.0,128965.0,124290.0,109032.0,109688.0,108615.0,117152.0,122528.0,124118.0,119743.7,118700.9,41.0,54.0,47.5,25.6,48.0,0.0,0.0,0.0,12.78,11.0,2.5,0.0,56.3,1.0,0.8,1.0,0.0,10.33
111893,108516.0,128037.0,128965.0,107391.0,108899.0,108860.0,112694.0,111305.0,122528.0,119670.0,118170.9,44.0,58.0,51.0,38.4,70.0,0.0,0.0,0.0,11.24,69.0,0.0,0.0,50.7,0.0,0.8,0.0,0.0,10.29
120112,111893.0,108516.0,128037.0,119401.0,123563.0,116554.0,127718.0,112550.0,111305.0,120313.1,117691.7,54.0,73.0,63.5,52.5,78.0,0.0,0.0,0.0,11.16,25.0,0.0,0.0,54.0,0.0,0.8,0.0,0.0,10.25
121638,120112.0,111893.0,108516.0,121090.0,129531.0,117978.0,120224.0,120662.0,112550.0,120414.7,117790.4,64.0,80.0,72.0,56.9,66.0,0.0,0.0,0.0,11.34,20.0,0.0,7.0,62.2,2.3,0.0,0.0,0.0,10.21
129572,121638.0,120112.0,111893.0,124290.0,129630.0,119030.0,107876.0,120787.0,120662.0,120493.0,118088.5,54.0,73.0,63.5,51.3,66.0,0.0,0.0,0.0,11.13,39.0,0.0,0.0,66.3,2.3,0.0,0.0,0.0,10.18
128061,129572.0,121638.0,120112.0,128965.0,124464.0,119322.0,116684.0,121050.0,120787.0,121247.6,118150.3,50.0,69.0,59.5,37.5,54.0,0.0,0.0,0.0,11.8,5.0,0.0,0.0,65.0,2.3,0.0,0.0,0.0,10.14
119146,128061.0,129572.0,121638.0,128037.0,118586.0,118577.0,116491.0,123230.0,121050.0,121118.4,118411.5,43.0,54.0,48.5,23.5,40.0,0.0,0.0,0.0,11.99,7.0,1.5,0.0,57.2,0.0,0.5,1.0,0.0,10.1
109447,119146.0,128061.0,129572.0,108516.0,109032.0,109688.0,108615.0,122144.0,123230.0,119848.3,118787.2,45.0,58.0,51.5,34.9,63.0,0.08,0.0,0.0,5.57,89.0,0.0,0.0,53.2,0.0,0.5,1.0,0.0,10.07
109482,109447.0,119146.0,128061.0,111893.0,107391.0,108899.0,108860.0,112613.0,122144.0,119981.3,118546.0,55.0,68.0,61.5,49.9,72.0,0.1,0.0,0.0,10.4,44.0,0.0,0.0,53.8,0.0,0.5,0.0,1.0,10.03
118800,109482.0,109447.0,119146.0,120112.0,119401.0,123563.0,116554.0,113688.0,112613.0,119636.9,118312.3,41.0,59.0,50.0,30.8,49.0,0.0,0.0,0.0,11.01,6.0,0.0,0.0,54.3,0.0,0.0,0.0,0.0,10.0
120409,118800.0,109482.0,109447.0,121638.0,121090.0,129531.0,117978.0,125943.0,113688.0,119449.4,118651.8,37.0,50.0,43.5,19.5,42.0,0.0,0.0,0.0,11.43,3.0,6.5,0.0,51.7,0.0,2.2,0.0,0.0,9.96
124244,120409.0,118800.0,109482.0,129572.0,124290.0,129630.0,119030.0,124777.0,125943.0,119273.9,119036.8,37.0,47.0,42.0,21.7,47.0,0.0,0.0,0.0,9.15,82.0,8.0,0.0,45.2,0.0,4.8,0.0,0.0,9.93
126011,124244.0,120409.0,118800.0,128061.0,128965.0,124464.0,119322.0,124974.0,124777.0,118512.7,119293.1,41.0,58.0,49.5,26.6,45.0,0.0,0.0,0.0,9.84,59.0,0.5,0.0,45.0,0.0,5.0,0.0,0.0,9.89
123587,126011.0,124244.0,120409.0,119146.0,128037.0,118586.0,118577.0,122839.0,124974.0,118219.9,119560.9,45.0,62.0,53.5,25.4,37.0,0.0,0.0,0.0,10.83,0.0,0.0,0.0,48.3,0.0,2.8,1.0,0.0,9.86
113482,123587.0,126011.0,124244.0,109447.0,108516.0,109032.0,109688.0,120947.0,122839.0,118854.3,119712.8,44.0,63.0,53.5,26.1,37.0,0.0,0.0,0.0,10.42,55.0,0.0,0.0,52.2,0.0,0.2,1.0,0.0,9.83
111310,113482.0,123587.0,126011.0,109482.0,111893.0,107391.0,108899.0,112159.0,120947.0,119430.7,119518.1,49.0,66.0,57.5,35.6,49.0,0.0,0.0,0.0,10.33,44.0,0.0,0.0,54.8,0.0,0.0,0.0,0.0,9.8
121498,111310.0,113482.0,123587.0,118800.0,120112.0,119401.0,123563.0,111852.0,112159.0,119691.9,119275.9,47.0,60.0,53.5,33.2,51.0,0.0,0.0,0.0,8.86,62.0,0.0,0.0,54.8,0.0,0.0,0.0,0.0,9.77
121355,121498.0,111310.0,113482.0,120409.0,121638.0,121090.0,129531.0,125357.0,111852.0,120077.3,119669.6,53.0,60.0,56.5,38.3,58.0,0.0,0.0,0.0,7.33,55.0,0.0,0.0,55.8,0.0,0.0,0.0,0.0,9.74
121871,121355.0,121498.0,111310.0,124244.0,129572.0,124290.0,129630.0,128957.0,125357.0,120212.4,120084.8,37.0,54.0,45.5,44.9,91.0,1.57,0.0,0.0,1.39,100.0,4.5,0.0,51.8,0.0,1.5,0.0,0.0,9.71
124692,121871.0,121355.0,121498.0,126011.0,128061.0,128965.0,124464.0,123065.0,128957.0,119873.4,120028.4,37.0,40.0,38.5,35.3,90.0,0.53,0.0,0.0,2.9,100.0,11.5,0.0,46.8,0.0,5.3,0.0,0.0,9.68
128644,124692.0,121871.0,121355.0,123587.0,119146.0,128037.0,118586.0,110921.0,123065.0,119685.0,119867.1,37.0,49.0,43.0,35.3,77.0,0.02,0.0,0.0,8.62,66.0,7.0,0.0,42.3,0.0,7.7,1.0,0.0,9.65
117929,128644.0,124692.0,121871.0,113482.0,109447.0,108516.0,109032.0,117390.0,110921.0,120407.4,119834.2,44.0,53.0,48.5,34.1,63.0,0.0,0.0,0.0,7.57,56.0,1.5,0.0,43.3,0.0,6.7,1.0,0.0,9.62
114571,117929.0,128644.0,124692.0,111310.0,109482.0,111893.0,107391.0,118177.0,117390.0,121042.7,119616.4,41.0,54.0,47.5,34.5,69.0,0.0,0.0,0.0,9.67,49.0,2.5,0.0,46.3,0.0,3.7,0.0,0.0,9.59
124130,114571.0,117929.0,128644.0,121498.0,118800.0,120112.0,119401.0,116888.0,118177.0,121508.6,119482.5,46.0,58.0,52.0,43.0,74.0,0.19,0.0,0.0,5.53,56.0,0.0,0.0,49.3,0.0,1.3,0.0,0.0,9.57
123516,124130.0,114571.0,117929.0,121355.0,120409.0,121638.0,121090.0,125960.0,116888.0,121884.6,119985.8,43.0,52.0,47.5,32.7,68.0,0.0,0.0,0.0,9.32,65.0,2.5,0.0,49.0,0.0,1.7,0.0,0.0,9.54
121979,123516.0,124130.0,114571.0,121871.0,124244.0,129572.0,124290.0,133727.0,125960.0,122193.3,120523.3,42.0,49.0,45.5,39.7,84.0,0.86,0.0,0.0,1.53,84.0,4.5,0.0,48.3,0.0,2.3,0.0,1.0,9.52
114144,121979.0,123516.0,124130.0,124692.0,126011.0,128061.0,128965.0,137367.0,133727.0,122208.7,120609.2,34.0,47.0,40.5,30.3,71.0,0.0,0.0,0.0,6.03,29.0,9.5,0.0,44.5,0.0,5.5,0.0,0.0,9.5
120273,114144.0,121979.0,123516.0,128644.0,123587.0,119146.0,128037.0,132457.0,137367.0,120701.9,120377.7,30.0,39.0,34.5,19.2,57.0,0.0,0.0,0.0,9.23,13.0,15.5,0.0,40.2,0.0,9.8,1.0,0.0,9.48
121119,120273.0,114144.0,121979.0,117929.0,113482.0,109447.0,108516.0,129712.0,132457.0,119506.0,120243.8,27.0,38.0,32.5,15.8,55.0,0.0,0.0,0.0,8.77,30.0,17.5,0.0,35.8,0.0,14.2,1.0,0.0,9.46
126075,121119.0,120273.0,114144.0,114571.0,111310.0,109482.0,111893.0,116476.0,129712.0,119961.7,119982.3,29.0,39.0,34.0,18.9,59.0,0.0,0.0,0.0,8.83,11.0,16.0,0.0,33.7,0.0,16.3,0.0,0.0,9.44
137747,126075.0,121119.0,120273.0,124130.0,121498.0,118800.0,120112.0,116813.0,116476.0,121605.1,119916.9,32.0,42.0,37.0,22.6,64.0,0.0,0.0,0.0,8.41,11.0,13.0,0.0,34.5,0.0,15.5,0.0,0.0,9.42
137545,137747.0,126075.0,121119.0,123516.0,121355.0,120409.0,121638.0,125930.0,116813.0,123550.4,120891.2,30.0,42.0,36.0,20.8,63.0,0.01,0.0,0.0,6.39,61.0,14.0,0.0,35.7,0.0,14.3,0.0,0.0,9.4
138431,137545.0,137747.0,126075.0,121979.0,121871.0,124244.0,129572.0,130322.0,125930.0,125554.6,121746.3,31.0,40.0,35.5,26.0,68.0,0.09,0.0,0.0,7.74,64.0,14.5,0.0,36.2,0.0,13.8,0.0,0.0,9.38
138124,138431.0,137545.0,137747.0,114144.0,124692.0,126011.0,128061.0,132923.0,130322.0,127904.9,122356.9,30.0,34.0,32.0,16.2,56.0,0.0,0.0,0.0,5.89,63.0,18.0,0.0,34.5,0.0,15.5,0.0,0.0,9.36
141124,138124.0,138431.0,137545.0,120273.0,128644.0,123587.0,119146.0,135960.0,132923.0,131330.6,122906.5,31.0,41.0,36.0,20.0,58.0,0.0,0.0,0.0,8.96,48.0,14.0,0.0,34.5,0.0,15.5,1.0,0.0,9.35
129748,141124.0,138124.0,138431.0,121119.0,117929.0,113482.0,109447.0,129946.0,135960.0,134309.3,123291.5,38.0,55.0,46.5,26.8,55.0,0.0,0.0,0.0,7.85,64.0,3.5,0.0,38.2,0.0,11.8,1.0,0.0,9.33
121900,129748.0,141124.0,138124.0,126075.0,114571.0,111310.0,109482.0,118195.0,129946.0,135542.0,123347.8,44.0,51.0,47.5,37.5,85.0,0.18,0.0,0.0,3.36,78.0,2.5,0.0,43.3,0.0,6.7,0.0,0.0,9.32
130896,121900.0,129748.0,141124.0,137747.0,124130.0,121498.0,118800.0,116724.0,118195.0,134945.6,123439.6,44.0,50.0,47.0,45.3,96.0,0.26,0.0,0.0,2.21,100.0,3.0,0.0,47.0,0.0,3.0,0.0,0.0,9.31
130606,130896.0,121900.0,129748.0,137545.0,123516.0,121355.0,120409.0,130480.0,116724.0,133966.9,124154.5,41.0,60.0,50.5,53.5,94.0,0.85,0.0,0.0,1.45,100.0,0.0,0.0,48.3,0.0,1.8,0.0,0.0,9.29
128740,130606.0,130896.0,121900.0,138431.0,121979.0,121871.0,124244.0,132472.0,130480.0,132975.6,124858.7,29.0,41.0,35.0,19.6,55.0,0.0,0.0,0.0,7.57,23.0,15.0,0.0,44.2,0.0,6.0,0.0,0.0,9.28
134495,128740.0,130606.0,130896.0,138124.0,114144.0,124692.0,126011.0,131986.0,132472.0,131591.1,125190.0,27.0,33.0,30.0,12.5,52.0,0.0,0.0,0.0,9.0,3.0,20.0,0.0,38.5,0.0,11.7,0.0,0.0,9.27
141748,134495.0,128740.0,130606.0,141124.0,120273.0,128644.0,123587.0,135106.0,131986.0,131072.7,125659.5,26.0,34.0,30.0,12.5,54.0,0.0,0.0,0.0,9.02,7.0,20.0,0.0,31.7,0.0,18.3,1.0,0.0,9.27
133949,141748.0,134495.0,128740.0,129748.0,121119.0,117929.0,113482.0,130201.0,135106.0,131161.9,126243.0,28.0,41.0,34.5,20.2,66.0,0.06,0.0,0.0,5.85,95.0,15.5,0.0,31.5,0.0,18.5,1.0,0.0,9.26
130348,133949.0,141748.0,134495.0,121900.0,126075.0,114571.0,111310.0,117621.0,130201.0,131762.0,126507.6,38.0,52.0,45.0,39.6,95.0,0.91,0.0,0.0,1.61,100.0,5.0,0.0,36.5,0.0,13.5,0.0,0.0,9.25
135279,130348.0,133949.0,141748.0,130896.0,137747.0,124130.0,121498.0,116845.0,117621.0,132968.9,126733.0,49.0,59.0,54.0,45.9,84.0,0.02,0.0,0.0,7.12,68.0,0.0,0.0,44.5,0.0,6.8,0.0,0.0,9.25
128108,135279.0,130348.0,133949.0,130606.0,137545.0,123516.0,121355.0,126652.0,116845.0,133595.0,127459.5,42.0,53.0,47.5,37.1,80.0,0.32,0.0,0.0,8.46,38.0,2.5,0.0,48.8,0.0,2.5,0.0,0.0,9.25
128037,128108.0,135279.0,130348.0,128740.0,138431.0,121979.0,121871.0,130034.0,126652.0,133238.1,128019.5,37.0,45.0,41.0,30.7,71.0,0.05,0.0,0.0,8.22,70.0,9.0,0.0,47.5,0.0,3.8,0.0,0.0,9.24
130968,128037.0,128108.0,135279.0,134495.0,138124.0,114144.0,124692.0,133889.0,130034.0,133137.7,128237.4,33.0,37.0,35.0,28.0,80.0,0.04,0.0,0.0,2.15,100.0,15.0,0.0,41.2,0.0,8.8,0.0,0.0,9.24
136595,130968.0,128037.0,128108.0,141748.0,141124.0,120273.0,128644.0,133332.0,133889.0,132633.9,128557.9,19.0,33.0,26.0,19.8,74.0,0.15,1.8,2.0,8.27,71.0,24.0,0.0,34.0,0.0,16.0,1.0,0.0,9.24
134936,136595.0,130968.0,128037.0,133949.0,129748.0,121119.0,117929.0,134648.0,133332.0,131897.7,129048.7,13.0,21.0,17.0,4.7,60.0,0.0,0.0,1.2,9.32,8.0,33.0,0.0,26.0,0.0,24.0,1.0,0.0,9.24
143149,134936.0,136595.0,130968.0,130348.0,121900.0,126075.0,114571.0,123547.0,134648.0,132038.7,129390.1,13.0,31.0,22.0,2.8,60.0,0.0,0.0,1.2,9.14,33.0,28.0,0.0,21.7,0.0,28.3,0.0,0.0,9.25
152903,143149.0,134936.0,136595.0,135279.0,130896.0,137747.0,124130.0,116465.0,123547.0,133867.4,129873.6,28.0,39.0,33.5,23.8,80.0,0.1,1.0,1.2,5.87,77.0,16.5,0.0,24.2,0.0,25.8,0.0,0.0,9.25
141132,152903.0,143149.0,134936.0,128108.0,130606.0,137545.0,123516.0,113544.0,116465.0,136385.1,131039.4,28.0,35.0,31.5,21.9,80.0,0.0,0.0,1.2,5.94,57.0,18.5,0.0,29.0,0.0,21.0,0.0,1.0,9.25
128612,141132.0,152903.0,143149.0,128037.0,128740.0,138431.0,121979.0,122987.0,113544.0,138245.7,131924.8,24.0,36.0,30.0,15.2,71.0,0.0,0.0,1.2,9.1,14.0,20.0,0.0,31.7,0.0,18.3,0.0,0.0,9.26
139228,128612.0,141132.0,152903.0,130968.0,134495.0,138124.0,114144.0,124121.0,122987.0,138327.9,132074.2,26.0,44.0,35.0,19.4,78.0,0.0,0.0,1.2,8.12,61.0,15.0,0.0,32.2,0.0,17.8,0.0,0.0,9.27
136806,139228.0,128612.0,141132.0,136595.0,141748.0,141124.0,120273.0,123326.0,124121.0,139507.9,132597.9,40.0,54.0,47.0,37.8,96.0,0.56,0.0,0.0,2.37,100.0,3.0,0.0,37.3,0.0,12.7,1.0,0.0,9.27
124302,136806.0,139228.0,128612.0,134936.0,133949.0,129748.0,121119.0,120162.0,123326.0,139538.0,133092.2,50.0,60.0,55.0,46.9,93.0,0.16,0.0,0.0,5.55,99.0,0.0,0.0,45.7,0.0,6.0,1.0,0.0,9.28
116804,124302.0,136806.0,139228.0,143149.0,130348.0,121900.0,126075.0,117117.0,120162.0,138018.9,133430.8,49.0,58.0,53.5,44.9,77.0,0.37,0.0,0.0,7.96,46.0,0.0,0.0,51.8,0.0,1.0,0.0,0.0,9.29
123031,116804.0,124302.0,136806.0,152903.0,135279.0,130896.0,137747.0,117793.0,117117.0,134255.3,133315.1,44.0,53.0,48.5,36.3,77.0,0.4,0.0,0.0,8.44,43.0,1.5,0.0,52.3,0.0,0.5,0.0,0.0,9.3
123079,123031.0,116804.0,124302.0,141132.0,128108.0,130606.0,137545.0,116590.0,117793.0,129987.9,133378.9,39.0,51.0,45.0,39.2,81.0,0.0,0.0,0.0,6.16,49.0,5.0,0.0,49.0,0.0,2.2,0.0,1.0,9.31
