lag_0,lag_1,lag_2,lag_3,lag_7,lag_14,lag_21,lag_28,lag_365,lag_366,rolling_7,rolling_30,tmin_fc,tmax_fc,tavg_fc,dew_point_fc,rh_mean_fc,rh_max_fc,prcp_fc,snow_fc,snwd_fc,solar_rad_fc,cloud_cover_fc,sunshine_hours_fc,hdd_fc,cdd_fc,tavg_3day_fc,cdd_3day_fc,hdd_3day_fc,is_weekend_next,is_holiday_next,daylight_hours_next,dow_0,dow_1,dow_2,dow_3,dow_4,dow_5,dow_6,doy_sin_1,doy_cos_1,doy_sin_2,doy_cos_2
135759,124168.0,131905.0,134843.0,131981.0,155134.0,143877.0,139469.0,136354.0,119601.0,127535.28571428572,134890.4,44.0,49.0,46.5,40.1,87.0,97.0,0.15,0.0,0.0,3.33,99.0,0.72,3.5,0.0,41.7,0.0,8.3,0.0,0.0,9.33,0.0,0.0,0.0,0.0,1.0,0.0,0.0,0.051584366869408364,0.9986686402879997,0.10303137904317879,0.9946781061893646
133483,135759.0,124168.0,131905.0,129502.0,150697.0,140211.0,138082.0,136364.0,136354.0,128075.0,134663.2,41.0,51.0,46.0,44.8,97.0,100.0,0.27,0.0,0.0,1.38,100.0,0.0,4.0,0.0,44.5,0.0,5.5,1.0,0.0,9.35,0.0,0.0,0.0,0.0,0.0,1.0,0.0,0.06875540848113941,0.9976335468520451,0.13718540405660057,0.9905453876091833
122924,133483.0,135759.0,124168.0,119817.0,137208.0,126146.0,129152.0,136034.0,136364.0,128643.71428571428,134407.23333333334,35.0,42.0,38.5,24.1,61.0,89.0,0.0,0.0,0.0,7.13,61.0,7.63,11.5,0.0,43.7,0.0,6.3,1.0,0.0,9.36,0.0,0.0,0.0,0.0,0.0,0.0,1.0,0.08590610426133272,0.9963032375991965,0.17117705961019986,0.985240282501282
123997,122924.0,133483.0,135759.0,120531.0,128731.0,124792.0,127945.0,124696.0,136034.0,129087.57142857143,133855.73333333334,32.0,45.0,38.5,26.2,66.0,83.0,0.04,0.2,0.0,7.14,51.0,7.41,11.5,0.0,41.0,0.0,9.0,0.0,0.0,9.38,1.0,0.0,0.0,0.0,0.0,0.0,0.0,0.10303137904317879,0.9946781061893646,0.20496611396949532,0.9787690698649216
138154,123997.0,122924.0,133483.0,134843.0,134395.0,142334.0,136920.0,123149.0,124696.0,129582.71428571428,133386.23333333334,36.0,45.0,40.5,24.7,63.0,94.0,0.0,0.0,0.0,6.85,81.0,6.01,9.5,0.0,39.2,0.0,10.8,0.0,0.0,9.39,0.0,1.0,0.0,0.0,0.0,0.0,0.0,0.1201261651823505,0.9927586335250793,0.23851257519407648,0.9711394088771653
136907,138154.0,123997.0,122924.0,131905.0,129477.0,145643.0,133868.0,142770.0,123149.0,130055.71428571428,133686.3,28.0,42.0,35.0,21.1,64.0,91.0,0.0,0.0,0.0,7.91,32.0,8.98,15.0,0.0,38.0,0.0,12.0,0.0,0.0,9.41,0.0,0.0,1.0,0.0,0.0,0.0,0.0,0.13718540405660057,0.9905453876091833,0.2717767384711357,0.9623603298276545
140076,136907.0,138154.0,123997.0,124168.0,119684.0,146073.0,140390.0,138751.0,142770.0,130770.28571428572,133985.03333333333,23.0,34.0,28.5,10.9,49.0,62.0,0.0,0.0,0.0,9.57,45.0,8.58,21.5,0.0,34.7,0.0,15.3,0.0,0.0,9.43,0.0,0.0,0.0,1.0,0.0,0.0,0.0,0.1542040475626894,0.988039023376751,0.3047192331091634,0.9524422234305676
144582,140076.0,136907.0,138154.0,135759.0,131981.0,155134.0,143877.0,137410.0,138751.0,133042.85714285713,134090.23333333334,33.0,55.0,44.0,34.7,78.0,91.0,0.0,0.0,0.0,4.54,77.0,3.24,6.0,0.0,35.8,0.0,14.2,0.0,0.0,9.45,0.0,0.0,0.0,0.0,1.0,0.0,0.0,0.17117705961019986,0.985240282501282,0.3373010691361842,0.9413968285264122
137402,144582.0,140076.0,136907.0,133483.0,129502.0,150697.0,140211.0,143223.0,137410.0,134303.2857142857,134447.36666666667,51.0,69.0,60.0,50.3,79.0,92.0,0.0,0.0,0.0,7.32,93.0,6.46,0.0,0.0,44.2,0.0,9.2,1.0,0.0,9.47,0.0,0.0,0.0,0.0,0.0,1.0,0.0,0.18809941761179758,0.9821499931752291,0.3694836834473831,0.9292372181882051
119972,137402.0,144582.0,140076.0,122924.0,119817.0,137208.0,126146.0,147813.0,143223.0,134863.14285714287,134347.76666666666,43.0,68.0,55.5,48.5,71.0,91.0,0.05,0.0,0.0,8.59,58.0,8.0,0.0,0.0,53.2,0.0,2.0,1.0,0.0,9.5,0.0,0.0,0.0,0.0,0.0,0.0,1.0,0.20496611396949532,0.9787690698649216,0.4012289854475009,0.9159777842484877
116201,119972.0,137402.0,144582.0,123997.0,120531.0,128731.0,124792.0,137066.0,147813.0,134441.42857142858,133550.93333333332,37.0,46.0,41.5,35.3,81.0,97.0,0.0,0.0,0.0,2.82,98.0,0.46,8.5,0.0,52.3,0.0,2.8,0.0,0.0,9.52,1.0,0.0,0.0,0.0,0.0,0.0,0.0,0.22177215755648186,0.975098513039961,0.4324994021339788,0.901634220265486
132956,116201.0,119972.0,137402.0,138154.0,134843.0,134395.0,142334.0,134196.0,137066.0,133327.7142857143,132750.6,39.0,46.0,42.5,36.8,91.0,100.0,0.07,0.0,0.0,3.19,100.0,0.32,7.5,0.0,46.5,0.0,5.3,0.0,0.0,9.54,0.0,1.0,0.0,0.0,0.0,0.0,0.0,0.23851257519407648,0.9711394088771653,0.4632579225674917,0.88622350294858
134513,132956.0,116201.0,119972.0,136907.0,131905.0,129477.0,145643.0,148361.0,134196.0,132585.14285714287,132977.6,41.0,50.0,45.5,36.3,81.0,98.0,0.0,0.0,0.0,8.2,45.0,8.37,4.5,0.0,43.2,0.0,6.8,0.0,0.0,9.57,0.0,0.0,1.0,0.0,0.0,0.0,0.0,0.2551824131233728,0.9668929289391521,0.49346814167723735,0.8697638720650646
132082,134513.0,132956.0,116201.0,140076.0,124168.0,119684.0,146073.0,146343.0,148361.0,132243.14285714287,133301.63333333333,33.0,49.0,41.0,31.5,69.0,94.0,0.11,0.0,0.0,7.83,49.0,8.09,9.0,0.0,43.0,0.0,7.0,0.0,0.0,9.59,0.0,0.0,0.0,1.0,0.0,0.0,0.0,0.2717767384711357,0.9623603298276545,0.5230943033491326,0.8522748088519838
134558,132082.0,134513.0,132956.0,144582.0,135759.0,131981.0,155134.0,144923.0,146343.0,131101.14285714287,132959.9,21.0,33.0,27.0,5.9,42.0,56.0,0.0,0.0,0.0,10.5,30.0,9.46,23.0,0.0,37.8,0.0,12.2,0.0,0.0,9.62,0.0,0.0,0.0,0.0,1.0,0.0,0.0,0.2882906407095177,0.9575429528116719,0.5521013427459208,0.8337770129585915
144695,134558.0,132082.0,134513.0,137402.0,133483.0,129502.0,150697.0,145991.0,144923.0,129669.14285714286,132590.4,20.0,37.0,28.5,11.7,57.0,95.0,0.37,2.1,0.0,3.08,100.0,0.26,21.5,0.0,32.2,0.0,17.8,1.0,0.0,9.64,0.0,0.0,0.0,0.0,0.0,1.0,0.0,0.3047192331091634,0.9524422234305676,0.580454927809098,0.8142923779467267
137365,144695.0,134558.0,132082.0,119972.0,122924.0,119817.0,137208.0,143529.0,145991.0,130711.0,132544.46666666667,27.0,43.0,35.0,26.4,69.0,95.0,0.0,0.0,1.2,6.79,65.0,7.38,15.0,0.0,30.2,0.0,19.8,1.0,0.0,9.67,0.0,0.0,0.0,0.0,0.0,0.0,1.0,0.321057654185271,0.9470596510722283,0.6081214998935418,0.7938439653781019
126410,137365.0,144695.0,134558.0,116201.0,123997.0,120531.0,128731.0,132279.0,143529.0,133195.7142857143,131952.16666666666,20.0,31.0,25.5,6.2,45.0,56.0,0.0,0.0,0.0,10.89,11.0,9.54,24.5,0.0,29.7,0.0,20.3,0.0,1.0,9.7,1.0,0.0,0.0,0.0,0.0,0.0,0.0,0.3373010691361842,0.9413968285264122,0.6350683134867438,0.7724559775191742
142280,126410.0,137365.0,144695.0,132956.0,138154.0,134843.0,134395.0,133912.0,132279.0,134654.14285714287,131142.6,20.0,33.0,26.5,8.0,49.0,69.0,0.0,0.0,0.0,10.5,18.0,9.57,23.5,0.0,29.0,0.0,21.0,0.0,0.0,9.73,0.0,1.0,0.0,0.0,0.0,0.0,0.0,0.3534446712740877,0.9354554315134164,0.6612634749656386,0.7501537286959042
148015,142280.0,126410.0,137365.0,134513.0,136907.0,131905.0,129477.0,159311.0,133912.0,135986.14285714287,131311.66666666666,25.0,38.0,31.5,16.5,65.0,83.0,0.0,0.0,0.0,10.73,6.0,9.6,18.5,0.0,27.8,0.0,22.2,0.0,0.0,9.76,0.0,0.0,1.0,0.0,0.0,0.0,0.0,0.3694836834473831,0.9292372181882051,0.6866759803451553,0.726963615332308
143862,148015.0,142280.0,126410.0,132082.0,140076.0,124168.0,119684.0,159198.0,159311.0,137915.0,131954.46666666667,33.0,47.0,40.0,18.5,62.0,88.0,0.0,0.0,0.0,8.04,87.0,7.72,10.0,0.0,32.7,0.0,17.3,0.0,0.0,9.79,0.0,0.0,0.0,1.0,0.0,0.0,0.0,0.38541335945432564,0.9227440286201427,0.7112757519738152,0.7029130847082615
139314,143862.0,148015.0,142280.0,134558.0,144582.0,135759.0,131981.0,148575.0,159198.0,139597.85714285713,132270.03333333333,37.0,51.0,44.0,27.0,69.0,89.0,0.0,0.0,0.0,10.61,55.0,9.58,6.0,0.0,38.5,0.0,11.5,0.0,0.0,9.83,0.0,0.0,0.0,0.0,1.0,0.0,0.0,0.4012289854475009,0.9159777842484877,0.7350336741329413,0.6780306024735382
135154,139314.0,143862.0,148015.0,144695.0,137402.0,133483.0,129502.0,139935.0,148575.0,140277.2857142857,132597.93333333332,38.0,51.0,44.5,39.3,93.0,99.0,0.85,0.0,0.0,0.94,82.0,0.0,5.5,0.0,42.8,0.0,7.2,1.0,0.0,9.86,0.0,0.0,0.0,0.0,0.0,1.0,0.0,0.4169258813287287,0.908940487313808,0.7579216274973472,0.6523456189565257
126400,135154.0,139314.0,143862.0,137365.0,119972.0,122924.0,119817.0,141638.0,139935.0,138914.2857142857,133113.6,38.0,46.0,42.0,31.4,75.0,93.0,0.0,0.0,0.0,7.73,33.0,8.74,8.0,0.0,43.5,0.0,6.5,1.0,0.0,9.89,0.0,0.0,0.0,0.0,0.0,0.0,1.0,0.4324994021339788,0.901634220265486,0.7799125224167177,0.6258885343075018
122177,126400.0,135154.0,139314.0,126410.0,116201.0,123997.0,120531.0,134276.0,141638.0,137347.85714285713,132927.56666666668,37.0,45.0,41.0,27.7,67.0,85.0,0.0,0.0,0.0,5.6,56.0,5.63,9.0,0.0,42.5,0.0,7.5,0.0,0.0,9.93,1.0,0.0,0.0,0.0,0.0,0.0,0.0,0.44794493940789115,0.8940611451454876,0.8009803309782905,0.5986906625177214
136627,122177.0,126400.0,135154.0,142280.0,132956.0,138154.0,134843.0,127404.0,134276.0,136743.14285714287,132683.4,37.0,43.0,40.0,25.4,63.0,82.0,0.0,0.0,0.0,6.11,71.0,3.26,10.0,0.0,41.0,0.0,9.0,0.0,0.0,9.96,0.0,1.0,0.0,0.0,0.0,0.0,0.0,0.4632579225674917,0.88622350294858,0.8211001178128892,0.5707841943569036
136552,136627.0,122177.0,126400.0,148015.0,134513.0,136907.0,131905.0,145347.0,127404.0,135935.57142857142,133243.73333333334,31.0,41.0,36.0,19.7,59.0,78.0,0.0,0.0,0.0,11.55,22.0,9.75,14.0,0.0,39.0,0.0,11.0,0.0,0.0,10.0,0.0,0.0,1.0,0.0,0.0,0.0,0.0,0.4784338202547012,0.8781236129591848,0.8402480696078469,0.5422021592729844
138459,136552.0,136627.0,122177.0,143862.0,132082.0,140076.0,124168.0,146703.0,145347.0,134298.0,133777.76666666666,25.0,38.0,31.5,18.4,67.0,90.0,0.0,0.0,0.0,10.61,51.0,9.47,18.5,0.0,35.8,0.0,14.2,0.0,0.0,10.03,0.0,0.0,0.0,1.0,0.0,0.0,0.0,0.49346814167723735,0.8697638720650646,0.8584015232918917,0.512978386299228
140924,138459.0,136552.0,136627.0,139314.0,134558.0,144582.0,135759.0,153858.0,146703.0,133526.14285714287,133898.3,33.0,44.0,38.5,30.8,83.0,95.0,0.02,0.0,0.0,5.77,82.0,4.19,11.5,0.0,35.3,0.0,14.7,0.0,0.0,10.07,0.0,0.0,0.0,0.0,1.0,0.0,0.0,0.5083564379375122,0.8611467540480452,0.8755389928586302,0.4831474640149687
137659,140924.0,138459.0,136552.0,135154.0,144695.0,137402.0,133483.0,166578.0,153858.0,133756.14285714287,134198.93333333332,37.0,43.0,40.0,34.8,94.0,99.0,0.0,0.0,0.0,3.43,86.0,0.0,10.0,0.0,36.7,0.0,13.3,1.0,0.0,10.1,0.0,0.0,0.0,0.0,0.0,1.0,0.0,0.5230943033491326,0.8522748088519838,0.8916401947968874,0.45274469960737107
125498,137659.0,140924.0,138459.0,126400.0,137365.0,119972.0,122924.0,163256.0,166578.0,134114.0,134648.63333333333,35.0,45.0,40.0,31.8,84.0,100.0,0.07,0.0,0.0,6.28,90.0,3.25,10.0,0.0,39.5,0.0,10.5,1.0,0.0,10.14,0.0,0.0,0.0,0.0,0.0,0.0,1.0,0.5376773767406141,0.8431506618282,0.9066860720977985,0.4218060770826634
122930,125498.0,137659.0,140924.0,122177.0,126410.0,116201.0,123997.0,145804.0,163256.0,133985.14285714287,134306.6,37.0,57.0,47.0,34.6,77.0,100.0,0.0,0.0,0.0,11.33,43.0,9.79,3.0,0.0,42.3,0.0,7.7,0.0,0.0,10.18,1.0,0.0,0.0,0.0,0.0,0.0,0.0,0.5521013427459208,0.8337770129585915,0.9206588168102428,0.3903682146763026
133021,122930.0,125498.0,137659.0,136627.0,142280.0,132956.0,138154.0,131390.0,145804.0,134092.7142857143,133954.83333333334,43.0,61.0,52.0,42.2,90.0,97.0,0.0,0.0,0.0,4.53,96.0,2.22,0.0,0.0,46.3,0.0,4.3,0.0,0.0,10.21,0.0,1.0,0.0,0.0,0.0,0.0,0.0,0.5663619330814524,0.8241566360566663,0.9335418911179212,0.35846832151248087
132023,133021.0,122930.0,125498.0,136552.0,148015.0,134513.0,136907.0,137369.0,131390.0,133577.57142857142,134291.4,39.0,55.0,47.0,30.8,70.0,93.0,0.0,0.0,0.0,3.42,100.0,0.0,3.0,0.0,48.7,0.0,2.0,0.0,0.0,10.25,0.0,0.0,1.0,0.0,0.0,0.0,0.0,0.580454927809098,0.8142923779467267,0.945320046913132,0.3261441535642696
133837,132023.0,133021.0,122930.0,138459.0,143862.0,132082.0,140076.0,132731.0,137369.0,132930.57142857142,134558.93333333332,35.0,41.0,38.0,37.1,92.0,98.0,0.51,0.0,0.0,2.64,100.0,0.0,12.0,0.0,45.7,0.0,5.0,0.0,0.0,10.29,0.0,0.0,0.0,1.0,0.0,0.0,0.0,0.5943761565849831,0.804187157621448,0.9559793438440766,0.2934339689665273
136492,133837.0,132023.0,133021.0,140924.0,139314.0,134558.0,144582.0,134941.0,132731.0,132270.2857142857,134415.03333333333,33.0,56.0,44.5,34.1,80.0,99.0,0.25,0.0,0.0,5.57,91.0,4.41,5.5,0.0,43.2,0.0,6.8,0.0,0.0,10.33,0.0,0.0,0.0,0.0,1.0,0.0,0.0,0.6081214998935418,0.7938439653781019,0.9655071658143364,0.2603764827344581
135744,136492.0,133837.0,132023.0,137659.0,135154.0,144695.0,137402.0,137591.0,134941.0,131637.14285714287,134401.2,30.0,41.0,35.5,17.6,53.0,82.0,0.0,0.0,0.0,9.73,39.0,7.44,14.5,0.0,39.3,0.0,10.7,1.0,0.0,10.37,0.0,0.0,0.0,0.0,0.0,1.0,0.0,0.6216868902665479,0.7832658619336791,0.9738922359149924,0.22701082094141847
127588,135744.0,136492.0,133837.0,125498.0,126400.0,137365.0,119972.0,136194.0,137591.0,131363.57142857142,134256.8,31.0,44.0,37.5,28.5,81.0,96.0,0.0,0.0,0.0,8.13,72.0,8.68,12.5,0.0,39.2,0.0,10.8,1.0,0.0,10.41,0.0,0.0,0.0,0.0,0.0,0.0,1.0,0.6350683134867438,0.7724559775191742,0.981124629771712,0.19337647441020586
124149,127588.0,135744.0,136492.0,122930.0,122177.0,126410.0,116201.0,133854.0,136194.0,131662.14285714287,133690.33333333334,42.0,47.0,44.5,38.1,87.0,97.0,0.37,0.0,0.0,2.45,100.0,0.0,5.5,0.0,39.2,0.0,10.8,0.0,0.0,10.45,1.0,0.0,0.0,0.0,0.0,0.0,0.0,0.6482618097757122,0.7614175109532997,0.9871957872910085,0.15951325197263655
135691,124149.0,127588.0,135744.0,133021.0,136627.0,142280.0,132956.0,132123.0,133854.0,131836.2857142857,133248.56666666668,43.0,48.0,45.5,42.0,96.0,99.0,0.28,0.0,0.0,2.4,99.0,0.48,4.5,0.0,42.5,0.0,7.5,0.0,0.0,10.49,0.0,1.0,0.0,0.0,0.0,0.0,0.0,0.6612634749656386,0.7501537286959042,0.992098522791769,0.12546123335273648
133740,135691.0,124149.0,127588.0,132023.0,136552.0,148015.0,134513.0,143162.0,132123.0,132217.7142857143,133772.53333333333,37.0,46.0,41.5,27.3,62.0,82.0,0.13,0.0,0.0,11.29,90.0,7.56,8.5,0.0,43.8,0.0,6.2,0.0,0.0,10.53,0.0,0.0,1.0,0.0,0.0,0.0,0.0,0.6740694616546161,0.7386679638813748,0.9958270335100595,0.09126072172931188
133541,133740.0,135691.0,124149.0,133837.0,138459.0,143862.0,132082.0,147267.0,143162.0,132463.0,134357.16666666666,37.0,44.0,40.5,37.0,91.0,98.0,0.39,0.0,0.0,1.74,100.0,0.0,9.5,0.0,42.5,0.0,7.5,0.0,0.0,10.57,0.0,0.0,0.0,1.0,0.0,0.0,0.0,0.6866759803451553,0.726963615332308,0.998376906467142,0.056952196034039754
136077,133541.0,133740.0,135691.0,136492.0,140924.0,139314.0,134558.0,141368.0,147267.0,132420.7142857143,134376.66666666666,18.0,40.0,29.0,12.7,52.0,83.0,0.0,0.0,0.0,14.48,13.0,10.15,21.0,0.0,37.0,0.0,13.0,0.0,0.0,10.62,0.0,0.0,0.0,0.0,1.0,0.0,0.0,0.6990793005655562,0.7150441465537444,0.9997451236925734,0.022576263041545485
139289,136077.0,133541.0,133740.0,135744.0,137659.0,135154.0,144695.0,139781.0,141368.0,132361.42857142858,134428.8,14.0,31.0,22.5,6.3,52.0,74.0,0.0,0.0,0.0,14.59,37.0,9.68,27.5,0.0,30.7,0.0,19.3,1.0,0.0,10.66,0.0,0.0,0.0,0.0,0.0,1.0,0.0,0.7112757519738152,0.7029130847082615,0.9999300657962057,-0.011826390691832589
134595,139289.0,136077.0,133541.0,127588.0,125498.0,126400.0,137365.0,134017.0,139781.0,132867.85714285713,134669.03333333333,30.0,44.0,37.0,23.8,66.0,83.0,0.0,0.0,0.0,8.2,86.0,6.04,13.0,0.0,29.5,0.0,20.5,1.0,0.0,10.7,0.0,0.0,0.0,0.0,0.0,0.0,1.0,0.7232617254437388,0.6905740195722293,0.9989315138848577,-0.046215046983708354
126028,134595.0,139289.0,136077.0,124149.0,122930.0,122177.0,126410.0,122681.0,134017.0,133868.85714285713,134670.26666666666,38.0,51.0,44.5,27.6,67.0,87.0,0.0,0.0,0.0,14.32,57.0,10.21,5.5,0.0,34.7,0.0,15.3,0.0,1.0,10.74,1.0,0.0,0.0,0.0,0.0,0.0,0.0,0.7350336741329413,0.6780306024735382,0.9967506498213929,-0.08054900421874167
125814,126028.0,134595.0,139289.0,135691.0,133021.0,136627.0,142280.0,124444.0,122681.0,134137.2857142857,134048.03333333333,38.0,47.0,42.5,35.2,84.0,99.0,0.0,0.0,0.0,2.84,96.0,0.0,7.5,0.0,41.3,0.0,8.7,0.0,0.0,10.79,0.0,1.0,0.0,0.0,0.0,0.0,0.0,0.746588114532413,0.6652865452111116,0.9933900548258936,-0.11478762552212701
134632,125814.0,126028.0,134595.0,133740.0,132023.0,136552.0,148015.0,132375.0,124444.0,132726.2857142857,133663.0,32.0,48.0,40.0,26.8,61.0,95.0,0.0,0.0,0.0,14.95,39.0,10.36,10.0,0.0,42.3,0.0,7.7,0.0,0.0,10.83,0.0,0.0,1.0,0.0,0.0,0.0,0.0,0.7579216274973472,0.6523456189565257,0.9888537064205885,-0.1488903868564548
131988,134632.0,125814.0,126028.0,133541.0,133837.0,138459.0,143862.0,143375.0,132375.0,132853.7142857143,133937.06666666668,26.0,35.0,30.5,15.0,53.0,70.0,0.0,0.0,0.0,12.39,74.0,9.16,19.5,0.0,37.7,0.0,12.3,0.0,0.0,10.87,0.0,0.0,0.0,1.0,0.0,0.0,0.0,0.7690308592589181,0.6392116531380588,0.9831469737221499,-0.1828169249850199
138646,131988.0,134632.0,125814.0,136077.0,136492.0,140924.0,139314.0,146783.0,143375.0,132631.85714285713,133594.0,20.0,35.0,27.5,8.3,46.0,61.0,0.0,0.0,0.0,15.92,0.0,10.51,22.5,0.0,32.7,0.0,17.3,0.0,0.0,10.91,0.0,0.0,0.0,0.0,1.0,0.0,0.0,0.7799125224167177,0.6258885343075018,0.9762766110869321,-0.21652708524481437
141414,138646.0,131988.0,134632.0,139289.0,135744.0,137659.0,135154.0,137778.0,146783.0,132998.85714285713,133281.7,30.0,50.0,40.0,15.7,46.0,59.0,0.0,0.0,0.0,16.04,5.0,10.57,10.0,0.0,32.7,0.0,17.3,1.0,0.0,10.96,0.0,0.0,0.0,0.0,0.0,1.0,0.0,0.7905633969115482,0.612380204990065,0.9682507501166718,-0.2499809690726521
125920,141414.0,138646.0,131988.0,134595.0,127588.0,125498.0,126400.0,134984.0,137778.0,133302.42857142858,133200.1,39.0,56.0,47.5,20.3,48.0,68.0,0.0,0.0,0.0,16.1,4.0,10.59,2.5,0.0,38.3,0.0,11.7,1.0,0.0,11.0,0.0,0.0,0.0,0.0,0.0,0.0,1.0,0.8009803309782905,0.5986906625177214,0.9590788900341131,-0.28313898122818354
119214,125920.0,141414.0,138646.0,126028.0,124149.0,122930.0,122177.0,125888.0,134984.0,132063.14285714287,132753.63333333333,41.0,62.0,51.5,29.3,63.0,84.0,0.0,0.0,0.0,15.17,49.0,9.47,0.0,0.0,46.3,0.0,4.2,0.0,0.0,11.04,1.0,0.0,0.0,0.0,0.0,0.0,0.0,0.8111602420785621,0.5848239578463322,0.9487718864399473,-0.31596187665790293
129724,119214.0,125920.0,141414.0,125814.0,135691.0,133021.0,136627.0,123497.0,125888.0,131089.7142857143,132222.3,46.0,53.0,49.5,40.6,84.0,99.0,0.14,0.0,0.0,4.77,100.0,0.0,0.5,0.0,49.5,0.0,1.0,0.0,0.0,11.09,0.0,1.0,0.0,0.0,0.0,0.0,0.0,0.8211001178128892,0.5707841943569036,0.9373419384643772,-0.3484108069446808
130168,129724.0,119214.0,125920.0,134632.0,133740.0,132023.0,136552.0,139220.0,123497.0,131648.2857142857,132333.1,43.0,48.0,45.5,42.7,93.0,100.0,0.0,0.0,0.0,3.83,99.0,0.15,4.5,0.0,48.8,0.0,1.7,0.0,0.0,11.13,0.0,0.0,1.0,0.0,0.0,0.0,0.0,0.8307970168121247,0.5565755266413303,0.9248025743285089,-0.38044736628785164
131364,130168.0,129724.0,119214.0,131988.0,133541.0,133837.0,138459.0,143977.0,139220.0,131010.57142857143,132599.46666666667,31.0,43.0,37.0,26.6,63.0,97.0,0.4,0.0,0.0,14.26,48.0,10.67,13.0,0.0,44.0,0.0,6.0,0.0,0.0,11.17,0.0,0.0,0.0,1.0,0.0,0.0,0.0,0.8402480696078469,0.5422021592729844,0.9111686353326631,-0.41203363695942635
133929,131364.0,130168.0,129724.0,138646.0,136077.0,136492.0,140924.0,146740.0,143977.0,130921.42857142857,132424.03333333333,29.0,42.0,35.5,11.6,42.0,55.0,0.0,0.0,0.0,16.15,29.0,10.75,14.5,0.0,39.3,0.0,10.7,0.0,0.0,11.22,0.0,0.0,0.0,0.0,1.0,0.0,0.0,0.8494504794814806,0.527668345562516,0.8964562582905575,-0.44313223418263453
138016,133929.0,131364.0,130168.0,141414.0,139289.0,135744.0,137659.0,143568.0,146740.0,130247.57142857143,132336.6,25.0,35.0,30.0,10.3,44.0,55.0,0.0,0.0,0.0,14.63,27.0,10.56,20.0,0.0,34.2,0.0,15.8,1.0,0.0,11.26,0.0,0.0,0.0,0.0,0.0,1.0,0.0,0.8584015232918917,0.512978386299228,0.8806828564301475,-0.47370635037968
129490,138016.0,133929.0,131364.0,125920.0,134595.0,127588.0,125498.0,144308.0,143568.0,129762.14285714286,132321.83333333334,25.0,44.0,34.5,15.2,51.0,72.0,0.0,0.0,0.0,17.07,5.0,10.85,15.5,0.0,33.3,0.0,16.7,1.0,0.0,11.31,0.0,0.0,0.0,0.0,0.0,0.0,1.0,0.8670985522812081,0.4981366284784055,0.8638670987837349,-0.503719798736334
126062,129490.0,138016.0,133929.0,119214.0,126028.0,124149.0,122930.0,131932.0,144308.0,130272.14285714286,131940.7,40.0,58.0,49.0,31.2,64.0,81.0,0.0,0.0,0.0,16.31,48.0,10.51,1.0,0.0,37.8,0.0,12.2,0.0,0.0,11.35,1.0,0.0,0.0,0.0,0.0,0.0,0.0,0.8755389928586302,0.4831474640149687,0.8460288880917339,-0.533137056031809
131611,126062.0,129490.0,138016.0,129724.0,125814.0,135691.0,133021.0,127285.0,131932.0,131250.42857142858,131554.13333333333,49.0,59.0,54.0,45.2,86.0,98.0,0.26,0.0,0.0,10.17,85.0,6.1,0.0,0.0,45.8,0.0,5.5,0.0,0.0,11.4,0.0,1.0,0.0,0.0,0.0,0.0,0.0,0.8837203473619977,0.4680153284438345,0.8271893372462497,-0.5619233046832195
128988,131611.0,126062.0,129490.0,130168.0,134632.0,133740.0,132023.0,141496.0,127285.0,131520.0,131757.9,45.0,56.0,50.5,31.4,57.0,83.0,0.0,0.0,0.0,16.91,36.0,11.12,0.0,0.0,51.2,0.0,0.3,0.0,0.0,11.44,0.0,0.0,1.0,0.0,0.0,0.0,0.0,0.8916401947968874,0.45274469960737107,0.8073707443023492,-0.5900444739548627
128251,128988.0,131611.0,126062.0,131364.0,131988.0,133541.0,133837.0,145819.0,141496.0,131351.42857142858,131959.83333333334,39.0,51.0,45.0,28.5,62.0,89.0,0.0,0.0,0.0,17.93,35.0,10.7,5.0,0.0,49.8,0.0,1.7,0.0,0.0,11.49,0.0,0.0,0.0,1.0,0.0,0.0,0.0,0.8992961915530253,0.4373400963303323,0.7865965660866021,-0.6174672802835514
129517,128251.0,128988.0,131611.0,133929.0,138646.0,136077.0,136492.0,151133.0,145819.0,130906.71428571428,131800.83333333334,37.0,45.0,41.0,35.3,86.0,95.0,0.37,0.0,0.0,6.23,76.0,2.77,9.0,0.0,45.5,0.0,4.7,0.0,0.0,11.53,0.0,0.0,0.0,0.0,1.0,0.0,0.0,0.9066860720977985,0.4218060770826634,0.7648913904341225,-0.6441592666722685
132096,129517.0,128251.0,128988.0,138016.0,141414.0,139289.0,135744.0,150928.0,151133.0,130276.42857142857,131717.3,36.0,48.0,42.0,21.0,55.0,91.0,0.0,0.0,0.0,18.24,43.0,10.09,8.0,0.0,42.7,0.0,7.3,1.0,0.0,11.58,0.0,0.0,0.0,0.0,0.0,1.0,0.0,0.9138076496466615,0.4061472386305789,0.742280907086982,-0.6700888411055113
122125,132096.0,129517.0,128251.0,129490.0,125920.0,134595.0,127588.0,144237.0,150928.0,129430.71428571428,131659.26666666666,35.0,59.0,47.0,21.8,45.0,62.0,0.0,0.0,0.0,17.78,20.0,11.48,3.0,0.0,43.3,0.0,6.7,1.0,0.0,11.63,0.0,0.0,0.0,0.0,0.0,0.0,1.0,0.9206588168102428,0.3903682146763026,0.7187918772884232,-0.6952253139408722
113235,122125.0,132096.0,129517.0,126062.0,119214.0,126028.0,124149.0,127330.0,144237.0,128378.57142857143,131180.36666666667,47.0,72.0,59.5,31.0,45.0,62.0,0.0,0.0,0.0,18.53,27.0,11.52,0.0,0.0,49.5,0.0,3.7,0.0,0.0,11.67,1.0,0.0,0.0,0.0,0.0,0.0,0.0,0.9272375462179537,0.374473674486883,0.6944521021088763,-0.719538934232584
126959,113235.0,122125.0,132096.0,131611.0,129724.0,125814.0,135691.0,122703.0,127330.0,126546.14285714286,130430.06666666668,54.0,65.0,59.5,43.1,67.0,88.0,0.0,0.0,0.0,5.75,84.0,2.24,0.0,0.0,55.3,0.0,1.0,0.0,0.0,11.72,0.0,1.0,0.0,0.0,0.0,0.0,0.0,0.9335418911179212,0.35846832151248087,0.6692903895412567,-0.7430009249440493
125748,126959.0,113235.0,122125.0,128988.0,130168.0,134632.0,133740.0,134548.0,122703.0,125881.57142857143,130409.1,43.0,57.0,50.0,34.7,64.0,88.0,0.0,0.0,0.0,15.35,66.0,10.03,0.0,0.0,56.3,0.0,0.0,0.0,0.0,11.76,0.0,0.0,1.0,0.0,0.0,0.0,0.0,0.9395699859530622,0.342356891994542,0.6433365204044917,-0.765583517007675
124617,125748.0,126959.0,113235.0,128251.0,131364.0,131988.0,133541.0,137516.0,134548.0,125418.71428571428,130462.4,43.0,50.0,46.5,35.9,77.0,91.0,0.03,0.0,0.0,6.4,73.0,3.33,3.5,0.0,52.0,0.0,1.2,0.0,0.0,11.81,0.0,0.0,0.0,1.0,0.0,0.0,0.0,0.945320046913132,0.3261441535642696,0.6166212130956382,-0.7872599821916922
128016,124617.0,125748.0,126959.0,129517.0,133929.0,138646.0,136077.0,137522.0,137516.0,124899.57142857143,130093.26666666666,45.0,70.0,57.5,43.0,72.0,98.0,0.26,0.0,0.0,10.23,68.0,5.31,0.0,0.0,51.3,0.0,1.2,0.0,0.0,11.85,0.0,0.0,0.0,0.0,1.0,0.0,0.0,0.9507903724625832,0.3098349038318025,0.5891760872322963,-0.8080046647350754
126067,128016.0,124617.0,125748.0,132096.0,138016.0,141414.0,139289.0,132981.0,137522.0,124685.14285714286,129902.46666666666,43.0,57.0,50.0,25.6,44.0,54.0,0.0,0.0,0.0,18.91,48.0,10.79,0.0,0.0,51.3,0.0,1.2,1.0,0.0,11.9,0.0,0.0,0.0,0.0,0.0,1.0,0.0,0.9559793438440766,0.2934339689665273,0.5610336262283677,-0.8277930117131022
114037,126067.0,128016.0,124617.0,122125.0,129490.0,125920.0,134595.0,130524.0,132981.0,123823.85714285714,129653.33333333331,40.0,54.0,47.0,26.4,52.0,75.0,0.0,0.0,0.0,19.45,34.0,10.98,3.0,0.0,51.5,0.0,1.0,1.0,0.0,11.94,0.0,0.0,0.0,0.0,0.0,0.0,1.0,0.9608854255574977,0.27694620226893646,0.5322271388474397,-0.8466016020976267
112339,114037.0,126067.0,128016.0,113235.0,126062.0,119214.0,126028.0,118295.0,130524.0,122668.42857142857,128918.66666666669,33.0,45.0,39.0,22.7,57.0,71.0,0.0,0.0,0.0,17.67,48.0,10.02,11.0,0.0,45.3,0.0,4.7,0.0,0.0,11.99,1.0,0.0,0.0,0.0,0.0,0.0,0.0,0.9655071658143364,0.2603764827344581,0.5027907197793043,-0.8644081744776648
125963,112339.0,114037.0,126067.0,126959.0,131611.0,129724.0,125814.0,120153.0,118295.0,122540.42857142857,128020.33333333331,41.0,54.0,47.5,38.7,82.0,96.0,0.16,0.0,0.0,8.64,82.0,4.64,2.5,0.0,44.5,0.0,5.5,0.0,0.0,12.03,0.0,1.0,0.0,0.0,0.0,0.0,0.0,0.969843196967294,0.24372971360968387,0.47275920928627757,-0.881191653407483
123622,125963.0,112339.0,114037.0,125748.0,128988.0,130168.0,134632.0,134932.0,120153.0,122398.14285714286,127732.6,41.0,54.0,47.5,31.8,65.0,85.0,0.0,0.0,0.0,18.87,56.0,10.38,2.5,0.0,44.7,0.0,5.3,0.0,0.0,12.08,0.0,0.0,1.0,0.0,0.0,0.0,0.0,0.9738922359149924,0.22701082094141847,0.44216815196707204,-0.8969321743510065
120106,123622.0,125963.0,112339.0,124617.0,128251.0,131364.0,131988.0,133841.0,134932.0,122094.42857142857,127652.4,41.0,52.0,46.5,41.9,84.0,94.0,0.93,0.0,0.0,9.62,96.0,2.89,3.5,0.0,47.2,0.0,2.8,0.0,0.0,12.12,0.0,0.0,0.0,1.0,0.0,0.0,0.0,0.9776530844816641,0.2102247521189836,0.4110537546870351,-0.9116111071930239
121029,120106.0,123622.0,125963.0,128016.0,129517.0,133929.0,138646.0,132471.0,133841.0,121450.0,127462.13333333332,47.0,77.0,62.0,51.1,80.0,97.0,0.0,0.0,0.0,9.24,94.0,4.26,0.0,0.0,52.0,0.0,2.0,0.0,0.0,12.17,0.0,0.0,0.0,0.0,1.0,0.0,0.0,0.981124629771712,0.19337647441020586,0.37945284372454435,-0.925211078289358
117898,121029.0,120106.0,123622.0,126067.0,132096.0,138016.0,141414.0,133776.0,132471.0,120451.85714285714,127008.7,40.0,65.0,52.5,26.0,45.0,60.0,0.0,0.0,0.0,19.46,60.0,10.41,0.0,0.0,53.7,0.0,1.2,1.0,0.0,12.21,0.0,0.0,0.0,0.0,0.0,1.0,0.0,0.984305844499033,0.17647097349152166,0.3474028211842774,-0.9377159910299093
108006,117898.0,121029.0,120106.0,114037.0,122125.0,129490.0,125920.0,133807.0,133776.0,119284.85714285714,126539.03333333334,33.0,45.0,39.0,19.7,51.0,70.0,0.0,0.0,0.0,14.98,72.0,10.16,11.0,0.0,51.2,0.0,3.7,1.0,0.0,12.26,0.0,0.0,0.0,0.0,0.0,0.0,1.0,0.9871957872910085,0.15951325197263655,0.31494162072895193,-0.9491110448902284
110110,108006.0,117898.0,121029.0,112339.0,113235.0,126062.0,119214.0,123832.0,133807.0,118423.28571428572,125517.7,36.0,41.0,38.5,32.5,85.0,99.0,1.16,0.0,0.0,2.27,98.0,0.0,11.5,0.0,43.3,0.0,7.5,0.0,0.0,12.31,1.0,0.0,0.0,0.0,0.0,0.0,0.0,0.9897936029670716,0.14250832791617088,0.2821076626819194,-0.9593827529490743
122419,110110.0,108006.0,117898.0,125963.0,126959.0,131611.0,129724.0,117964.0,123832.0,118104.85714285714,124474.23333333334,36.0,55.0,45.5,33.5,71.0,93.0,0.0,0.0,0.0,20.01,37.0,12.0,4.5,0.0,41.0,0.0,9.0,0.0,0.0,12.35,0.0,1.0,0.0,0.0,0.0,0.0,0.0,0.992098522791769,0.12546123335273648,0.24893980855376657,-0.9685189578512204
115575,122419.0,110110.0,108006.0,123622.0,125748.0,128988.0,130168.0,129783.0,117964.0,117598.57142857143,124357.53333333334,40.0,45.0,42.5,34.3,77.0,83.0,0.01,0.0,0.0,5.83,89.0,2.0,7.5,0.0,42.2,0.0,7.8,0.0,0.0,12.4,0.0,0.0,1.0,0.0,0.0,0.0,0.0,0.9941098647022418,0.10837701279187609,0.21547731504673012,-0.976508846196619
116769,115575.0,122419.0,110110.0,120106.0,124617.0,128251.0,131364.0,131720.0,129783.0,116449.0,124236.23333333334,38.0,60.0,49.0,35.6,74.0,92.0,0.0,0.0,0.0,21.57,25.0,12.0,1.0,0.0,45.7,0.0,4.3,0.0,0.0,12.44,0.0,0.0,0.0,1.0,0.0,0.0,0.0,0.9958270335100595,0.09126072172931188,0.18175978759137534,-0.9833429613388902
112983,116769.0,115575.0,122419.0,121029.0,128016.0,129517.0,133929.0,132901.0,131720.0,115972.28571428572,123804.4,50.0,69.0,59.5,38.6,61.0,90.0,0.0,0.0,0.0,20.31,37.0,11.4,0.0,0.0,50.3,0.0,2.8,0.0,0.0,12.49,0.0,0.0,0.0,0.0,1.0,0.0,0.0,0.9972495210773451,0.07411742515094437,0.14782713347053048,-0.9890132145779883
109059,112983.0,116769.0,115575.0,117898.0,126067.0,132096.0,138016.0,131634.0,132901.0,114822.85714285714,123231.56666666668,44.0,54.0,49.0,38.4,77.0,96.0,0.45,0.0,0.0,3.95,86.0,0.46,1.0,0.0,52.5,0.0,0.7,1.0,0.0,12.53,0.0,0.0,0.0,0.0,0.0,1.0,0.0,0.998376906467142,0.056952196034039754,0.11371951458594969,-0.9935128947338007
106277,109059.0,112983.0,116769.0,108006.0,114037.0,122125.0,129490.0,129664.0,131634.0,113560.14285714286,122488.06666666668,44.0,47.0,45.5,45.1,93.0,96.0,0.05,0.0,0.0,4.82,100.0,0.0,4.5,0.0,51.3,0.0,1.8,1.0,0.0,12.58,0.0,0.0,0.0,0.0,0.0,0.0,1.0,0.9992088560679753,0.03977011384605572,0.07947729992362097,-0.9968366760893436
106911,106277.0,109059.0,112983.0,110110.0,112339.0,113235.0,126062.0,115078.0,129664.0,113313.14285714286,121566.33333333331,41.0,52.0,46.5,42.6,88.0,97.0,0.04,0.0,0.0,13.5,78.0,8.96,3.5,0.0,47.0,0.0,3.0,0.0,0.0,12.62,1.0,0.0,0.0,0.0,0.0,0.0,0.0,0.9997451236925734,0.022576263041545485,0.04514101777397193,-0.9989806246941579
111212,106911.0,106277.0,109059.0,122419.0,125963.0,126959.0,131611.0,115241.0,115078.0,112856.14285714286,120529.5,41.0,49.0,45.0,36.9,81.0,95.0,0.06,0.0,0.0,7.55,99.0,1.98,5.0,0.0,45.7,0.0,4.3,0.0,0.0,12.67,0.0,1.0,0.0,0.0,0.0,0.0,0.0,0.9999855506507186,0.005375731557583884,0.01075130776352193,-0.9999422030204416
111690,111212.0,106911.0,106277.0,115575.0,123622.0,125748.0,128988.0,131674.0,115241.0,111255.14285714286,119920.23333333334,38.0,56.0,47.0,30.2,60.0,82.0,0.0,0.0,0.0,19.39,80.0,11.26,3.0,0.0,46.2,0.0,3.8,0.0,0.0,12.71,0.0,0.0,1.0,0.0,0.0,0.0,0.0,0.9999300657962057,-0.011826390691832589,-0.023651127245231586,-0.9997202729664083
109617,111690.0,111212.0,106911.0,116769.0,120106.0,124617.0,128251.0,131047.0,131674.0,110700.14285714286,119441.16666666669,38.0,58.0,48.0,28.5,50.0,68.0,0.0,0.0,0.0,18.82,46.0,9.93,2.0,0.0,46.7,0.0,3.3,0.0,0.0,12.76,0.0,0.0,0.0,1.0,0.0,0.0,0.0,0.9995786855478958,-0.029025013321975237,-0.05802556932878035,-0.9983150972033183
109109,109617.0,111690.0,111212.0,112983.0,121029.0,128016.0,129517.0,128648.0,131047.0,109678.42857142857,118708.03333333334,45.0,52.0,48.5,39.7,77.0,88.0,0.13,0.0,0.0,5.35,99.0,0.07,1.5,0.0,47.8,0.0,2.2,0.0,0.0,12.8,0.0,0.0,0.0,0.0,1.0,0.0,0.0,0.9989315138848577,-0.046215046983708354,-0.09233133369539122,-0.9957283388645872
109396,109109.0,109617.0,111690.0,109059.0,117898.0,126067.0,132096.0,126966.0,128648.0,109125.0,118045.4,46.0,62.0,54.0,41.5,75.0,87.0,0.02,0.0,0.0,8.91,96.0,2.59,0.0,0.0,50.2,0.0,1.2,1.0,0.0,12.85,0.0,0.0,0.0,0.0,0.0,1.0,0.0,0.9979887423155984,-0.06339140486951038,-0.12652781683868314,-0.9919630595773397
103204,109396.0,109109.0,109617.0,106277.0,108006.0,114037.0,122125.0,130603.0,126966.0,109173.14285714286,117416.9,47.0,65.0,56.0,45.0,83.0,97.0,0.0,0.0,0.0,14.34,68.0,10.05,0.0,0.0,52.8,0.0,0.5,1.0,0.0,12.89,0.0,0.0,0.0,0.0,0.0,0.0,1.0,0.9967506498213929,-0.08054900421874167,-0.16057454459499376,-0.9870237158387383
101605,103204.0,109396.0,109109.0,106911.0,110110.0,112339.0,113235.0,117035.0,130603.0,108734.14285714286,116539.8,49.0,66.0,57.5,38.1,62.0,95.0,0.07,0.0,0.0,23.46,38.0,12.0,0.0,0.0,55.8,0.0,0.0,0.0,0.0,12.93,1.0,0.0,0.0,0.0,0.0,0.0,0.0,0.9952176027737294,-0.09768276782171598,-0.19443122004766195,-0.9809161537413774
105411,101605.0,103204.0,109396.0,111212.0,122419.0,125963.0,126959.0,112880.0,117035.0,107976.14285714286,115523.43333333332,52.0,68.0,60.0,34.9,51.0,80.0,0.0,0.0,0.0,20.72,74.0,11.0,0.0,0.0,57.8,0.0,0.0,0.0,0.0,12.98,0.0,1.0,0.0,0.0,0.0,0.0,0.0,0.9933900548258936,-0.11478762552212701,-0.2280577712215198,-0.9736476020539838
104373,105411.0,101605.0,103204.0,111690.0,115575.0,123622.0,125748.0,128595.0,112880.0,107147.42857142857,114966.3,49.0,64.0,56.5,47.0,76.0,96.0,0.2,0.0,0.0,17.88,56.0,10.71,0.0,0.0,58.0,0.0,0.0,0.0,0.0,13.02,0.0,0.0,1.0,0.0,0.0,0.0,0.0,0.9912685467787256,-0.13185851571739118,-0.2614143985111562,-0.965226663665613
105413,104373.0,105411.0,101605.0,109617.0,116769.0,120106.0,124617.0,127521.0,128595.0,106102.14285714286,114670.9,43.0,59.0,51.0,41.1,75.0,93.0,0.12,0.0,0.0,10.22,50.0,5.62,0.0,0.0,55.8,0.0,0.0,0.0,0.0,13.07,0.0,0.0,0.0,1.0,0.0,0.0,0.0,0.9888537064205885,-0.1488903868564548,-0.2944616217868012,-0.9556633054034704
106910,105413.0,104373.0,105411.0,109109.0,112983.0,121029.0,128016.0,125957.0,127521.0,105501.57142857143,113952.7,37.0,49.0,43.0,26.3,53.0,85.0,0.01,0.0,0.0,15.31,63.0,11.38,7.0,0.0,50.2,0.0,2.3,0.0,0.0,13.11,0.0,0.0,0.0,0.0,1.0,0.0,0.0,0.986146248341595,-0.16587819893463143,-0.3271603271220951,-0.9449688462364056
108499,106910.0,105413.0,104373.0,109396.0,109059.0,117898.0,126067.0,128312.0,125957.0,105187.42857142857,113324.76666666666,38.0,56.0,47.0,22.9,44.0,63.0,0.0,0.0,0.0,21.88,25.0,10.97,3.0,0.0,47.0,0.0,3.3,1.0,0.0,13.16,0.0,0.0,0.0,0.0,0.0,1.0,0.0,0.9831469737221499,-0.1828169249850199,-0.3594718130884232,-0.9331559438780432
103586,108499.0,106910.0,105413.0,103204.0,106277.0,108006.0,114037.0,127562.0,128312.0,105059.28571428572,112787.5,44.0,63.0,53.5,37.6,66.0,86.0,0.0,0.0,0.0,16.33,61.0,9.86,0.0,0.0,47.8,0.0,3.3,1.0,0.0,13.2,0.0,0.0,0.0,0.0,0.0,0.0,1.0,0.9798567700958665,-0.1997015525660636,-0.3913578365610259,-0.9202385798054075
100836,103586.0,108499.0,106910.0,101605.0,106911.0,110110.0,112339.0,118357.0,127562.0,105113.85714285714,111973.16666666669,53.0,67.0,60.0,54.1,85.0,93.0,1.92,0.0,0.0,3.82,77.0,1.1,0.0,0.0,53.5,0.0,1.0,0.0,0.0,13.24,1.0,0.0,0.0,0.0,0.0,0.0,0.0,0.9762766110869321,-0.21652708524481437,-0.4227806579826773,-0.9062320427107697
108641,100836.0,103586.0,108499.0,105411.0,111212.0,122419.0,125963.0,116481.0,118357.0,105004.0,111132.13333333332,47.0,60.0,53.5,32.2,50.0,67.0,0.0,0.0,0.0,20.79,62.0,11.4,0.0,0.0,55.7,0.0,0.0,0.0,0.0,13.29,0.0,1.0,0.0,0.0,0.0,0.0,0.0,0.9724075561219968,-0.23328854407545518,-0.45370308603134424,-0.8911529104063088
105963,108641.0,100836.0,103586.0,104373.0,111690.0,115575.0,123622.0,127795.0,116481.0,105465.42857142857,110952.26666666666,42.0,54.0,48.0,26.3,50.0,83.0,0.0,0.0,0.0,20.21,70.0,8.73,2.0,0.0,53.8,0.0,0.7,0.0,0.0,13.33,0.0,0.0,1.0,0.0,0.0,0.0,0.0,0.9682507501166718,-0.2499809690726521,-0.48408852163897587,-0.8750190302029955
106648,105963.0,108641.0,100836.0,105413.0,109617.0,116769.0,120106.0,125906.0,127795.0,105692.57142857143,110739.73333333334,38.0,50.0,44.0,22.0,44.0,70.0,0.0,0.0,0.0,22.77,52.0,12.24,6.0,0.0,48.5,0.0,2.7,0.0,0.0,13.37,0.0,0.0,0.0,1.0,0.0,0.0,0.0,0.9638074231367307,-0.26659942067929354,-0.5139010013093103,-0.8578494977869301
107893,106648.0,105963.0,108641.0,106910.0,109109.0,112983.0,121029.0,120257.0,125906.0,105869.0,110095.9,36.0,51.0,43.5,26.3,59.0,91.0,0.07,0.0,0.0,18.87,58.0,8.7,6.5,0.0,45.2,0.0,4.8,0.0,0.0,13.42,0.0,0.0,0.0,0.0,1.0,0.0,0.0,0.9590788900341131,-0.28313898122818354,-0.5431052396834317,-0.8396646346181327
109478,107893.0,106648.0,105963.0,108499.0,109396.0,109059.0,117898.0,126494.0,120257.0,106009.42857142857,109571.6,41.0,46.0,43.5,36.6,79.0,94.0,0.22,0.0,0.0,8.19,82.0,2.59,6.5,0.0,43.7,0.0,6.3,1.0,0.0,13.46,0.0,0.0,0.0,0.0,0.0,1.0,0.0,0.9540665500578387,-0.2995947563972602,-0.5716666713027052,-0.8204859638785327
106391,109478.0,107893.0,106648.0,103586.0,103204.0,106277.0,108006.0,125896.0,126494.0,106149.28571428572,109217.33333333331,40.0,63.0,51.5,31.8,55.0,74.0,0.0,0.0,0.0,24.12,38.0,10.75,0.0,0.0,46.2,0.0,4.3,1.0,0.0,13.5,0.0,0.0,0.0,0.0,0.0,0.0,1.0,0.9487718864399473,-0.31596187665790293,-0.5995514915196489,-0.8003361849976323
102400,106391.0,109478.0,107893.0,100836.0,101605.0,106911.0,110110.0,115263.0,125896.0,106550.0,108729.4,48.0,57.0,52.5,33.8,58.0,73.0,0.0,0.0,0.0,13.49,88.0,3.7,0.0,0.0,49.2,0.0,2.2,0.0,0.0,13.54,1.0,0.0,0.0,0.0,0.0,0.0,0.0,0.9431964659565866,-0.33223549871590435,-0.6267266965083301,-0.7792391467859886
106144,102400.0,106391.0,109478.0,108641.0,105411.0,111212.0,122419.0,108480.0,115263.0,106773.42857142857,108212.8,39.0,61.0,50.0,38.6,72.0,87.0,0.18,0.0,0.0,14.2,45.0,9.48,0.0,0.0,51.3,0.0,0.0,0.0,0.0,13.58,0.0,1.0,0.0,0.0,0.0,0.0,0.0,0.9373419384643772,-0.3484108069446808,-0.65316012232693,-0.7572198192083127
107374,106144.0,102400.0,106391.0,105963.0,104373.0,111690.0,115575.0,123212.0,108480.0,106416.71428571428,108150.73333333334,36.0,51.0,43.5,18.3,41.0,65.0,0.0,0.0,0.0,20.46,28.0,13.47,6.5,0.0,48.7,0.0,2.2,0.0,0.0,13.63,0.0,0.0,1.0,0.0,0.0,0.0,0.0,0.9312100364121947,-0.3644830148102912,-0.6788204829862355,-0.734304263829602
109181,107374.0,106144.0,102400.0,106648.0,105413.0,109617.0,116769.0,125324.0,123212.0,106618.28571428572,108059.53333333334,40.0,52.0,46.0,27.0,56.0,74.0,0.13,0.0,0.0,15.28,83.0,5.03,4.0,0.0,46.5,0.0,3.5,0.0,0.0,13.67,0.0,0.0,0.0,1.0,0.0,0.0,0.0,0.9248025743285089,-0.38044736628785164,-0.7036774074790128,-0.7105196029692745
109799,109181.0,107374.0,106144.0,107893.0,106910.0,109109.0,112983.0,125452.0,125324.0,106980.14285714286,107618.26666666666,42.0,49.0,45.5,42.3,91.0,96.0,0.48,0.0,0.0,5.4,83.0,0.0,4.5,0.0,45.0,0.0,5.0,0.0,0.0,13.71,0.0,0.0,0.0,0.0,1.0,0.0,0.0,0.9181214482844364,-0.39629913726891813,-0.7277014757264236,-0.6858939875998223
110868,109799.0,109181.0,107374.0,109478.0,108499.0,109396.0,109059.0,121982.0,125452.0,107252.42857142857,107425.73333333334,44.0,65.0,54.5,39.8,73.0,97.0,0.0,0.0,0.0,20.54,53.0,11.77,0.0,0.0,48.7,0.0,2.8,1.0,0.0,13.75,0.0,0.0,0.0,0.0,0.0,1.0,0.0,0.9111686353326631,-0.41203363695942635,-0.7508642533989489,-0.6604565640279754
101933,110868.0,109799.0,109181.0,106391.0,103586.0,103204.0,106277.0,123036.0,121982.0,107451.0,107229.03333333334,42.0,51.0,46.5,41.2,83.0,92.0,0.22,0.0,0.0,5.54,100.0,0.08,3.5,0.0,48.8,0.0,2.7,1.0,0.0,13.79,0.0,0.0,0.0,0.0,0.0,0.0,1.0,0.9039461929224011,-0.42764620926777464,-0.7731383255706026,-0.6342374393978054
104175,101933.0,110868.0,109799.0,102400.0,100836.0,101605.0,106911.0,110330.0,123036.0,106814.14285714286,106860.7,39.0,50.0,44.5,36.9,79.0,90.0,0.0,0.0,0.0,5.18,97.0,0.0,5.5,0.0,48.5,0.0,3.0,0.0,0.0,13.83,1.0,0.0,0.0,0.0,0.0,0.0,0.0,0.8964562582905575,-0.44313223418263453,-0.7944973291665992,-0.6072676460566135
110360,104175.0,101933.0,110868.0,106144.0,108641.0,105411.0,111212.0,109986.0,110330.0,107067.71428571428,106697.9,41.0,67.0,54.0,36.5,67.0,91.0,0.0,0.0,0.0,24.23,30.0,12.04,0.0,0.0,48.3,0.0,3.0,0.0,0.0,13.87,0.0,1.0,0.0,0.0,0.0,0.0,0.0,0.8887010478292915,-0.45848712914008766,-0.8149159841660791,-0.5795791048257612
106833,110360.0,104175.0,101933.0,107374.0,105963.0,104373.0,111690.0,122788.0,109986.0,107670.0,106834.0,47.0,59.0,53.0,42.6,83.0,99.0,0.01,0.0,0.0,9.58,70.0,4.41,0.0,0.0,50.5,0.0,1.8,0.0,0.0,13.91,0.0,0.0,1.0,0.0,0.0,0.0,0.0,0.8806828564301475,-0.47370635037968,-0.8343701235229538,-0.5512045872199277
108896,106833.0,110360.0,104175.0,109181.0,106648.0,105413.0,109617.0,124142.0,122788.0,107592.71428571428,106831.4,49.0,60.0,54.5,51.8,89.0,96.0,0.71,0.0,0.0,9.67,100.0,3.05,0.0,0.0,53.8,0.0,0.0,0.0,0.0,13.95,0.0,0.0,0.0,1.0,0.0,0.0,0.0,0.8724040568049612,-0.48878539428899265,-0.8528367217694595,-0.522177676659508
109556,108896.0,106833.0,110360.0,109799.0,107893.0,106910.0,109109.0,124392.0,124142.0,107552.0,106754.2,53.0,66.0,59.5,53.4,87.0,99.0,0.21,0.0,0.0,15.93,82.0,9.41,0.0,0.0,55.7,0.0,0.0,0.0,0.0,13.98,0.0,0.0,0.0,0.0,1.0,0.0,0.0,0.8638670987837349,-0.503719798736334,-0.8702939222685674,-0.49253272872205434
107240,109556.0,108896.0,106833.0,110868.0,109478.0,108499.0,109396.0,125825.0,124392.0,107517.28571428572,106683.06666666668,51.0,73.0,62.0,42.3,55.0,80.0,0.0,0.0,0.0,26.25,36.0,13.57,0.0,0.0,58.7,0.0,0.0,1.0,0.0,14.02,0.0,0.0,0.0,0.0,0.0,1.0,0.0,0.8550745085896932,-0.518505144391157,-0.886721063082993,-0.46230483047981086
101092,107240.0,109556.0,108896.0,101933.0,106391.0,103586.0,103204.0,124402.0,125825.0,106999.0,106603.83333333331,54.0,80.0,67.0,50.5,64.0,88.0,0.04,0.0,0.0,21.61,64.0,12.79,0.0,2.0,62.8,0.7,0.0,1.0,0.0,14.06,0.0,0.0,0.0,0.0,0.0,0.0,1.0,0.8460288880917339,-0.533137056031809,-0.9020987014301837,-0.43152975897147144
101934,101092.0,107240.0,109556.0,104175.0,102400.0,100836.0,101605.0,113412.0,124402.0,106878.85714285714,106336.6,50.0,75.0,62.5,43.8,58.0,80.0,0.0,0.0,0.0,20.78,50.0,12.42,0.0,0.0,63.8,0.7,0.0,0.0,0.0,14.1,1.0,0.0,0.0,0.0,0.0,0.0,0.0,0.8367329140344921,-0.5476112038402312,-0.9164086366943458,-0.4002439388573056
106922,101934.0,101092.0,107240.0,110360.0,106144.0,108641.0,105411.0,112693.0,113412.0,106558.71428571428,106087.86666666668,46.0,63.0,54.5,32.2,51.0,82.0,0.0,0.0,0.0,25.59,51.0,12.87,0.0,0.0,61.3,0.7,0.0,0.0,0.0,14.14,0.0,1.0,0.0,0.0,0.0,0.0,0.0,0.8271893372462497,-0.5619233046832195,-0.9296339319682695,-0.3684843993077793
104493,106922.0,101934.0,101092.0,106833.0,107374.0,105963.0,104373.0,124527.0,112693.0,106067.57142857143,106211.8,45.0,52.0,48.5,40.5,76.0,92.0,0.06,0.0,0.0,7.82,85.0,2.93,1.5,0.0,55.2,0.0,0.5,0.0,0.0,14.17,0.0,0.0,1.0,0.0,0.0,0.0,0.0,0.8174009818249189,-0.5760691233798758,-0.9417589340994617,-0.33628873017668287
106901,104493.0,106922.0,101934.0,108896.0,109181.0,106648.0,105413.0,125335.0,124527.0,105733.28571428572,106308.06666666668,46.0,67.0,56.5,34.9,55.0,90.0,0.0,0.0,0.0,23.53,47.0,13.45,0.0,0.0,53.2,0.0,0.5,0.0,0.0,14.21,0.0,0.0,0.0,1.0,0.0,0.0,0.0,0.8073707443023492,-0.5900444739548627,-0.9527692922168511,-0.30369503751065885
105000,106901.0,104493.0,106922.0,109556.0,109799.0,107893.0,106910.0,125344.0,125335.0,105448.28571428572,106357.73333333334,36.0,57.0,46.5,37.9,70.0,93.0,0.45,0.0,0.0,8.67,80.0,2.47,3.5,0.0,50.5,0.0,1.7,0.0,0.0,14.25,0.0,0.0,0.0,0.0,1.0,0.0,0.0,0.7971015927871943,-0.6038452208771035,-0.9626519747161487,-0.2707418984477642
107045,105000.0,106901.0,104493.0,107240.0,110868.0,109478.0,108499.0,123486.0,125344.0,104797.42857142857,106378.63333333332,34.0,48.0,41.0,22.3,51.0,91.0,0.03,0.0,0.0,25.61,35.0,13.94,9.0,0.0,48.0,0.0,4.2,1.0,0.0,14.28,0.0,0.0,0.0,0.0,0.0,1.0,0.0,0.7865965660866021,-0.6174672802835514,-0.97139528468375,-0.23746831555846842
105448,107045.0,105000.0,106901.0,101092.0,101933.0,106391.0,103586.0,127630.0,123486.0,104769.57142857143,106433.03333333334,39.0,64.0,51.5,29.8,48.0,60.0,0.0,0.0,0.0,24.8,35.0,13.35,0.0,0.0,46.3,0.0,4.2,1.0,0.0,14.32,0.0,0.0,0.0,0.0,0.0,0.0,1.0,0.7758587728069828,-0.6309066211876704,-0.9789888737409319,-0.20391367068311472
101273,105448.0,107045.0,105000.0,101934.0,104175.0,102400.0,100836.0,114199.0,127630.0,105391.85714285714,106384.3,44.0,61.0,52.5,40.9,70.0,87.0,0.05,0.0,0.0,18.33,48.0,11.44,0.0,0.0,48.3,0.0,3.0,0.0,0.0,14.35,1.0,0.0,0.0,0.0,0.0,0.0,0.0,0.7648913904341225,-0.6441592666722685,-0.9854237542919524,-0.17011767832049052
106548,101273.0,105448.0,107045.0,106922.0,110360.0,106144.0,108641.0,112482.0,114199.0,105297.42857142857,106143.43333333332,43.0,59.0,51.0,28.4,49.0,75.0,0.0,0.0,0.0,27.27,28.0,13.94,0.0,0.0,51.7,0.0,0.0,0.0,0.0,14.38,0.0,1.0,0.0,0.0,0.0,0.0,0.0,0.753697664392914,-0.6572212950663319,-0.9906923101615609,-0.13612033862266704
106020,106548.0,101273.0,105448.0,104493.0,106833.0,107374.0,105963.0,127578.0,112482.0,105244.0,106242.16666666669,41.0,64.0,52.5,28.6,48.0,72.0,0.0,0.0,0.0,25.99,16.0,13.89,0.0,0.0,52.0,0.0,0.0,0.0,0.0,14.42,0.0,0.0,1.0,0.0,0.0,0.0,0.0,0.742280907086982,-0.6700888411055113,-0.994788305609327,-0.10196189005174576
105496,106020.0,106548.0,101273.0,106901.0,108896.0,109181.0,106648.0,127299.0,127578.0,105462.14285714286,106414.96666666666,47.0,67.0,57.0,38.7,61.0,83.0,0.0,0.0,0.0,27.16,49.0,13.72,0.0,0.0,53.5,0.0,0.0,0.0,0.0,14.45,0.0,0.0,0.0,1.0,0.0,0.0,0.0,0.7306444969184916,-0.6827580970759147,-0.9977068927101168,-0.06768276175455162
104813,105496.0,106020.0,106548.0,105000.0,109556.0,109799.0,107893.0,125446.0,127299.0,105261.42857142857,106310.13333333332,60.0,84.0,72.0,57.7,71.0,92.0,0.07,0.0,0.0,22.11,66.0,11.17,0.0,7.0,60.5,2.3,0.0,0.0,0.0,14.48,0.0,0.0,0.0,0.0,1.0,0.0,0.0,0.7187918772884232,-0.6952253139408722,-0.9994446170919858,-0.033323525711631344
112782,104813.0,105496.0,106020.0,107045.0,107240.0,110868.0,109478.0,126102.0,125446.0,105234.71428571428,106271.8,59.0,77.0,68.0,53.9,66.0,91.0,0.01,0.0,0.0,26.28,94.0,14.0,0.0,3.0,65.7,3.3,0.0,1.0,0.0,14.51,0.0,0.0,0.0,0.0,0.0,1.0,0.0,0.7067265555776158,-0.7074868024503348,-0.9999994220246925,0.001075151282798226
109350,112782.0,104813.0,105496.0,105448.0,101092.0,101933.0,106391.0,131001.0,126102.0,106054.28571428572,106476.26666666666,55.0,69.0,62.0,47.6,72.0,91.0,0.0,0.0,0.0,25.03,93.0,13.86,0.0,0.0,67.3,3.3,0.0,1.0,0.0,14.54,0.0,0.0,0.0,0.0,0.0,0.0,1.0,0.6944521021088763,-0.719538934232584,-0.9993706508539969,0.03547255575312556
101478,109350.0,112782.0,104813.0,101273.0,101934.0,104175.0,102400.0,115861.0,131001.0,106611.71428571428,106524.83333333331,54.0,70.0,62.0,48.0,68.0,84.0,0.0,0.0,0.0,20.24,96.0,11.67,0.0,0.0,64.0,1.0,0.0,0.0,0.0,14.57,1.0,0.0,0.0,0.0,0.0,0.0,0.0,0.6819721490904629,-0.7313781428679254,-0.9975590477788613,0.06982797572987089
106351,101478.0,109350.0,112782.0,106548.0,106922.0,110360.0,106144.0,118365.0,115861.0,106641.0,106258.16666666669,53.0,68.0,60.5,39.5,53.0,84.0,0.0,0.0,0.0,24.83,95.0,12.19,0.0,0.0,61.5,0.0,0.0,0.0,0.0,14.6,0.0,1.0,0.0,0.0,0.0,0.0,0.0,0.6692903895412567,-0.7430009249440493,-0.9945667569706337,0.1041007489354256
104990,106351.0,101478.0,109350.0,106020.0,104493.0,106833.0,107374.0,152580.0,118365.0,106612.85714285714,106256.83333333331,49.0,66.0,57.5,38.2,55.0,76.0,0.0,0.0,0.0,27.33,88.0,12.55,0.0,0.0,60.0,0.0,0.0,0.0,0.0,14.63,0.0,0.0,1.0,0.0,0.0,0.0,0.0,0.6564105761979381,-0.7544038410927472,-0.9903973200352558,0.1382503109109819
104160,104990.0,106351.0,101478.0,105496.0,106901.0,108896.0,109181.0,133705.0,152580.0,106465.71428571428,106343.16666666669,46.0,68.0,57.0,44.9,75.0,94.0,0.0,0.0,0.0,29.55,2.0,14.01,0.0,0.0,58.3,0.0,0.0,0.0,0.0,14.66,0.0,0.0,0.0,1.0,0.0,0.0,0.0,0.6433365204044917,-0.765583517007675,-0.9850556718215013,0.172236243027682
104754,104160.0,104990.0,106351.0,104813.0,105000.0,109556.0,109799.0,131494.0,133705.0,106274.85714285714,106277.03333333334,54.0,77.0,65.5,55.2,80.0,97.0,0.03,0.0,0.0,21.52,58.0,10.49,0.0,0.5,60.0,0.2,0.0,0.0,0.0,14.69,0.0,0.0,0.0,0.0,1.0,0.0,0.0,0.6300720909843687,-0.7765366444428655,-0.9785481345802031,0.20601832032517084
109076,104754.0,104160.0,104990.0,112782.0,107045.0,107240.0,110868.0,133209.0,131494.0,106266.42857142857,106189.7,55.0,67.0,61.0,59.0,93.0,99.0,0.65,0.0,0.0,9.37,96.0,2.22,0.0,0.0,61.2,0.2,0.0,1.0,0.0,14.71,0.0,0.0,0.0,0.0,0.0,1.0,0.0,0.6166212130956382,-0.7872599821916922,-0.9708824104813836,0.23955655912092708
105665,109076.0,104754.0,104160.0,109350.0,105448.0,101092.0,101933.0,135155.0,133209.0,105737.0,106186.2,52.0,67.0,59.5,46.7,68.0,88.0,0.0,0.0,0.0,25.96,85.0,14.0,0.0,0.0,62.0,0.2,0.0,1.0,0.0,14.74,0.0,0.0,0.0,0.0,0.0,0.0,1.0,0.6029878670694714,-0.7977503570459932,-0.9620675724981452,0.27281126433401914
98759,105665.0,109076.0,104754.0,101478.0,101273.0,101934.0,104175.0,115120.0,135155.0,105210.57142857143,106048.4,55.0,71.0,63.0,55.0,85.0,96.0,0.0,0.0,0.0,14.9,80.0,6.34,0.0,0.0,61.2,0.0,0.0,0.0,1.0,14.76,1.0,0.0,0.0,0.0,0.0,0.0,0.0,0.5891760872322963,-0.8080046647350754,-0.9521140536681102,0.3057430764672831
102478,98759.0,105665.0,109076.0,106351.0,106548.0,106922.0,110360.0,124725.0,115120.0,104822.14285714286,105644.76666666666,58.0,78.0,68.0,59.4,89.0,100.0,0.0,0.0,0.0,23.26,69.0,11.0,0.0,3.0,63.5,1.0,0.0,0.0,0.0,14.79,0.0,1.0,0.0,0.0,0.0,0.0,0.0,0.5751899607119775,-0.8180198708443174,-0.9410336347451197,0.3383130181923076
111744,102478.0,98759.0,105665.0,104990.0,106020.0,104493.0,106833.0,130806.0,124725.0,104268.85714285714,105662.93333333332,60.0,79.0,69.5,61.1,91.0,99.0,0.0,0.0,0.0,18.18,99.0,7.4,0.0,4.5,66.8,2.5,0.0,0.0,0.0,14.81,0.0,0.0,1.0,0.0,0.0,0.0,0.0,0.5610336262283677,-0.8277930117131022,-0.9288394302558068,0.3704825404820963
114887,111744.0,102478.0,98759.0,104160.0,105496.0,106901.0,108896.0,142568.0,130806.0,105233.71428571428,105915.23333333334,64.0,76.0,70.0,64.3,94.0,99.0,0.0,0.0,0.0,15.88,96.0,6.11,0.0,5.0,69.2,4.2,0.0,0.0,0.0,14.84,0.0,0.0,0.0,1.0,0.0,0.0,0.0,0.5467112728685939,-0.8373211953118121,-0.9155458729775467,0.40221356823680365
119979,114887.0,111744.0,102478.0,104754.0,104813.0,105000.0,109556.0,138576.0,142568.0,106766.14285714286,106066.13333333332,67.0,81.0,74.0,68.2,89.0,99.0,0.03,0.0,0.0,15.86,97.0,8.19,0.0,9.0,71.2,6.2,0.0,0.0,0.0,14.86,0.0,0.0,0.0,0.0,1.0,0.0,0.0,0.5322271388474397,-0.8466016020976267,-0.9011686968561569,0.4334685453485363
127358,119979.0,114887.0,111744.0,109076.0,112782.0,107045.0,107240.0,132614.0,138576.0,108941.14285714286,106504.33333333331,67.0,81.0,74.0,58.7,67.0,97.0,0.02,0.0,0.0,26.85,57.0,13.77,0.0,9.0,72.7,7.7,0.0,1.0,0.0,14.88,0.0,0.0,0.0,0.0,0.0,1.0,0.0,0.5175855102531889,-0.8556314858488706,-0.8857249183835637,0.4642104791518923
120443,127358.0,119979.0,114887.0,105665.0,109350.0,105448.0,101092.0,143687.0,132614.0,111552.85714285714,107119.73333333334,56.0,70.0,63.0,40.7,48.0,66.0,0.0,0.0,0.0,29.56,6.0,14.05,0.0,0.0,70.3,6.0,0.0,1.0,0.0,14.9,0.0,0.0,0.0,0.0,0.0,0.0,1.0,0.5027907197793043,-0.8644081744776648,-0.8692328164574792,0.49440298420761813
105733,120443.0,127358.0,119979.0,98759.0,101478.0,101273.0,101934.0,130607.0,143687.0,113664.0,107482.63333333332,51.0,70.0,60.5,40.4,52.0,73.0,0.0,0.0,0.0,23.23,34.0,13.05,0.0,0.0,65.8,3.0,0.0,0.0,0.0,14.92,1.0,0.0,0.0,0.0,0.0,0.0,0.0,0.4878471454423119,-0.8729290708206411,-0.8517119107469189,0.5240103253675756
108395,105733.0,120443.0,127358.0,102478.0,106351.0,106548.0,106922.0,132932.0,130607.0,114660.28571428572,107432.4,59.0,72.0,65.5,47.7,58.0,79.0,0.0,0.0,0.0,18.45,77.0,11.78,0.0,0.5,63.0,0.2,0.0,0.0,0.0,14.94,0.0,1.0,0.0,0.0,0.0,0.0,0.0,0.47275920928627757,-0.881191653407483,-0.8331829385891785,0.5529974600700271
111306,108395.0,105733.0,120443.0,111744.0,104990.0,106020.0,104493.0,136132.0,132932.0,115505.57142857143,107675.83333333331,60.0,79.0,69.5,62.1,77.0,91.0,0.45,0.0,0.0,19.35,71.0,11.25,0.0,4.5,65.2,1.7,0.0,0.0,0.0,14.95,0.0,0.0,1.0,0.0,0.0,0.0,0.0,0.4575313760742512,-0.8891934772070711,-0.8136678304455991,0.5813300798152042
124072,111306.0,108395.0,105733.0,114887.0,104160.0,105496.0,106901.0,130630.0,136132.0,115443.0,107988.23333333334,66.0,84.0,75.0,62.8,73.0,96.0,0.16,0.0,0.0,27.11,68.0,13.94,0.0,10.0,70.0,5.0,0.0,0.0,0.0,14.97,0.0,0.0,0.0,1.0,0.0,0.0,0.0,0.44216815196707204,-0.8969321743510065,-0.7931896839451843,0.6089746507720486
135911,124072.0,111306.0,108395.0,119979.0,104754.0,104813.0,105000.0,145649.0,130630.0,116755.14285714286,108559.9,69.0,79.0,74.0,67.9,90.0,97.0,0.26,0.0,0.0,7.72,100.0,0.0,0.0,9.0,72.8,7.8,0.0,0.0,0.0,14.98,0.0,0.0,0.0,0.0,1.0,0.0,0.0,0.42667408318992467,-0.9044054548343001,-0.7717727365467836,0.6358984534680745
138728,135911.0,124072.0,111306.0,127358.0,109076.0,112782.0,107045.0,163065.0,145649.0,119031.14285714286,109607.16666666669,70.0,86.0,78.0,64.7,72.0,98.0,0.06,0.0,0.0,23.44,67.0,12.73,0.0,13.0,75.7,10.7,0.0,1.0,0.0,15.0,0.0,0.0,0.0,0.0,0.0,1.0,0.0,0.4110537546870351,-0.9116111071930239,-0.7494423368521954,0.6620696215153815
137443,138728.0,135911.0,124072.0,120443.0,105665.0,109350.0,105448.0,155590.0,163065.0,120655.42857142857,110668.06666666668,63.0,76.0,69.5,49.9,54.0,74.0,0.0,0.0,0.0,27.17,23.0,14.04,0.0,4.5,73.8,8.8,0.0,1.0,0.0,15.01,0.0,0.0,0.0,0.0,0.0,0.0,1.0,0.3953117887649151,-0.9185469991587165,-0.7262249146041543,0.6874571793269664
117827,137443.0,138728.0,135911.0,105733.0,98759.0,101478.0,101273.0,135629.0,155590.0,123084.0,111749.5,59.0,79.0,69.0,49.9,56.0,84.0,0.0,0.0,0.0,29.7,32.0,14.13,0.0,4.0,72.2,7.2,0.0,0.0,0.0,15.03,1.0,0.0,0.0,0.0,0.0,0.0,0.0,0.37945284372454435,-0.925211078289358,-0.7021479494046978,0.7120310787787131
126037,117827.0,137443.0,138728.0,108395.0,102478.0,106351.0,106548.0,126640.0,135629.0,124811.71428571428,112108.9,65.0,87.0,76.0,57.3,61.0,87.0,0.0,0.0,0.0,28.84,15.0,14.04,0.0,11.0,71.5,6.5,0.0,0.0,0.0,15.04,0.0,1.0,0.0,0.0,0.0,0.0,0.0,0.36348161248290634,-0.9316013725767187,-0.6772399381909491,0.7357622347736527
141241,126037.0,117827.0,137443.0,111306.0,111744.0,104990.0,106020.0,139108.0,126640.0,127332.0,112795.2,70.0,85.0,77.5,65.7,78.0,89.0,0.0,0.0,0.0,24.89,71.0,13.57,0.0,12.5,74.2,9.2,0.0,0.0,0.0,15.05,0.0,0.0,1.0,0.0,0.0,0.0,0.0,0.3474028211842774,-0.9377159910299093,-0.6515303615068021,0.75862255966641
151018,141241.0,126037.0,117827.0,124072.0,114887.0,104160.0,105496.0,142714.0,139108.0,131608.42857142858,114127.46666666666,70.0,84.0,77.0,69.9,84.0,94.0,0.05,0.0,0.0,11.04,95.0,6.98,0.0,12.0,76.8,11.8,0.0,0.0,0.0,15.06,0.0,0.0,0.0,1.0,0.0,0.0,0.0,0.3312212278016865,-0.9435531242349544,-0.6250496486104377,0.7805849965070866
149906,151018.0,141241.0,126037.0,135911.0,119979.0,104754.0,104813.0,138851.0,142714.0,135457.85714285713,115609.8,69.0,85.0,77.0,57.8,60.0,90.0,0.0,0.0,0.0,28.39,42.0,14.0,0.0,12.0,77.2,12.2,0.0,0.0,0.0,15.07,0.0,0.0,0.0,0.0,1.0,0.0,0.0,0.31494162072895193,-0.9491110448902284,-0.5978291414589552,0.801623551065242
146423,149906.0,151018.0,141241.0,138728.0,127358.0,109076.0,112782.0,133742.0,138851.0,137457.14285714287,117072.66666666669,59.0,75.0,67.0,46.3,50.0,64.0,0.0,0.0,0.0,29.83,5.0,14.03,0.0,2.0,73.7,8.7,0.0,1.0,0.0,15.08,0.0,0.0,0.0,0.0,0.0,1.0,0.0,0.2985688173637202,-0.9543881083175908,-0.5699010576127624,0.8217133225960589
120480,146423.0,149906.0,151018.0,137443.0,120443.0,105665.0,109350.0,132404.0,133742.0,138556.42857142858,118436.9,54.0,74.0,64.0,47.3,59.0,79.0,0.0,0.0,0.0,29.06,18.0,14.03,0.0,0.0,69.3,4.7,0.0,1.0,0.0,15.08,0.0,0.0,0.0,0.0,0.0,0.0,1.0,0.2821076626819194,-0.9593827529490743,-0.5412984521036173,0.8408305333122887
109258,120480.0,146423.0,149906.0,117827.0,105733.0,98759.0,101478.0,126902.0,132404.0,136133.14285714287,118959.13333333332,59.0,75.0,67.0,53.6,69.0,91.0,0.0,0.0,0.0,24.7,72.0,14.0,0.0,2.0,66.0,1.3,0.0,0.0,0.0,15.09,1.0,0.0,0.0,0.0,0.0,0.0,0.0,0.26556302780405594,-0.9640935007889755,-0.5120551783114646,0.8589525565270845
121816,109258.0,120480.0,146423.0,126037.0,108395.0,102478.0,106351.0,136393.0,126902.0,134909.0,118841.66666666669,60.0,78.0,69.0,53.8,68.0,94.0,0.0,0.0,0.0,28.93,62.0,14.04,0.0,4.0,66.7,2.0,0.0,0.0,0.0,15.09,0.0,1.0,0.0,0.0,0.0,0.0,0.0,0.24893980855376657,-0.9685189578512204,-0.4822058478963526,0.8760579434344281
124252,121816.0,109258.0,120480.0,141241.0,111306.0,111744.0,104990.0,158268.0,136393.0,134306.0,119257.2,60.0,78.0,69.0,58.3,76.0,93.0,0.0,0.0,0.0,27.49,50.0,14.04,0.0,4.0,68.3,3.3,0.0,0.0,0.0,15.1,0.0,0.0,1.0,0.0,0.0,0.0,0.0,0.23224292400907015,-0.9726578145718654,-0.451785789832884,0.8921264484954345
127685,124252.0,121816.0,109258.0,151018.0,124072.0,114887.0,104160.0,157077.0,158268.0,131879.0,120016.33333333331,65.0,77.0,71.0,64.8,88.0,97.0,0.0,0.0,0.0,14.58,85.0,6.32,0.0,6.0,69.7,4.7,0.0,0.0,0.0,15.1,0.0,0.0,0.0,1.0,0.0,0.0,0.0,0.21547731504673012,-0.976508846196619,-0.42083100859565564,0.9071390534005044
134290,127685.0,124252.0,121816.0,149906.0,135911.0,119979.0,104754.0,150630.0,157077.0,128545.71428571428,120727.46666666666,65.0,83.0,74.0,65.7,85.0,100.0,0.0,0.0,0.0,19.3,96.0,11.17,0.0,9.0,71.3,6.3,0.0,0.0,0.0,15.1,0.0,0.0,0.0,0.0,1.0,0.0,0.0,0.19864794288017112,-0.9800709131432666,-0.3893781415452015,0.9210779895789526
140428,134290.0,127685.0,124252.0,146423.0,138728.0,127358.0,109076.0,156815.0,150630.0,126314.85714285714,121704.13333333332,70.0,86.0,78.0,67.5,83.0,100.0,0.0,0.0,0.0,22.83,95.0,12.76,0.0,13.0,74.3,9.3,0.0,1.0,0.0,15.1,0.0,0.0,0.0,0.0,0.0,1.0,0.0,0.18175978759137534,-0.9833429613388902,-0.3574644155648614,0.9339267592294762
139405,140428.0,134290.0,127685.0,120480.0,137443.0,120443.0,105665.0,152143.0,156815.0,125458.42857142857,122913.06666666668,70.0,88.0,79.0,67.5,80.0,100.0,0.0,0.0,0.0,25.21,54.0,14.0,0.0,14.0,77.0,12.0,0.0,1.0,0.0,15.1,0.0,0.0,0.0,0.0,0.0,0.0,1.0,0.16481784665719793,-0.9863240225317866,-0.3251276029999093,0.9456701548465688
143250,139405.0,140428.0,134290.0,109258.0,117827.0,105733.0,98759.0,132495.0,152143.0,128162.0,124068.1,72.0,90.0,81.0,68.6,75.0,95.0,0.0,0.0,0.0,25.81,22.0,14.0,0.0,16.0,79.3,14.3,0.0,0.0,0.0,15.1,1.0,0.0,0.0,0.0,0.0,0.0,0.0,0.14782713347053048,-0.9890132145779883,-0.29240597695107734,0.9562942772197719
169030,143250.0,139405.0,140428.0,121816.0,126037.0,108395.0,102478.0,137106.0,132495.0,133018.0,125207.23333333334,74.0,87.0,80.5,68.2,77.0,90.0,0.0,0.0,0.0,24.31,56.0,14.0,0.0,15.5,80.2,15.2,0.0,0.0,0.0,15.1,0.0,1.0,0.0,0.0,0.0,0.0,0.0,0.13079267585675922,-0.9914097417023038,-0.2593382659754056,0.9657865518844574
171255,169030.0,143250.0,139405.0,124252.0,141241.0,111306.0,111744.0,166482.0,137106.0,139762.85714285713,127319.4,74.0,86.0,80.0,62.0,63.0,93.0,0.0,0.0,0.0,25.84,53.0,12.0,0.0,15.0,80.5,15.5,0.0,0.0,0.0,15.1,0.0,0.0,1.0,0.0,0.0,0.0,0.0,0.11371951458594969,-0.9935128947338007,-0.22596360824801906,0.974135744004672
167586,171255.0,169030.0,143250.0,127685.0,151018.0,124072.0,114887.0,178863.0,166482.0,146477.57142857142,129735.93333333332,72.0,87.0,79.5,57.0,57.0,79.0,0.0,0.0,0.0,22.7,68.0,12.39,0.0,14.5,80.0,15.0,0.0,0.0,0.0,15.09,0.0,0.0,0.0,1.0,0.0,0.0,0.0,0.0966127018812031,-0.9953220513156602,-0.19232150523909483,0.9813319716704275
157504,167586.0,171255.0,169030.0,134290.0,149906.0,135911.0,119979.0,184472.0,178863.0,152177.7142857143,131906.2,69.0,87.0,78.0,56.4,56.0,86.0,0.0,0.0,0.0,24.91,31.0,13.8,0.0,13.0,79.2,14.2,0.0,0.0,0.0,15.09,0.0,0.0,0.0,0.0,1.0,0.0,0.0,0.07947729992362097,-0.9968366760893436,-0.15845177496083632,0.9873667175937016
157836,157504.0,167586.0,171255.0,140428.0,146423.0,138728.0,127358.0,190510.0,184472.0,155494.0,133431.53333333333,72.0,80.0,76.0,64.9,75.0,90.0,0.09,0.0,0.0,11.43,86.0,5.48,0.0,11.0,77.8,12.8,0.0,1.0,0.0,15.08,0.0,0.0,0.0,0.0,0.0,1.0,0.0,0.062318379354325076,-0.998056320853012,-0.12439450483979998,0.9922328391893008
147406,157836.0,157504.0,167586.0,139405.0,120480.0,137443.0,120443.0,190202.0,190510.0,157980.85714285713,134863.16666666666,70.0,90.0,80.0,69.3,82.0,95.0,0.11,0.0,0.0,22.12,36.0,14.0,0.0,15.0,78.0,13.0,0.0,1.0,0.0,15.07,0.0,0.0,0.0,0.0,0.0,0.0,1.0,0.04514101777397193,-0.9989806246941579,-0.09019000427034513,0.9959245770286599
156108,147406.0,157836.0,157504.0,143250.0,109258.0,117827.0,105733.0,179742.0,190202.0,159123.85714285713,135777.4,65.0,87.0,76.0,65.4,73.0,93.0,0.58,0.0,0.0,23.56,21.0,14.0,0.0,11.0,77.3,12.3,0.0,0.0,0.0,15.06,1.0,0.0,0.0,0.0,0.0,0.0,0.0,0.02795029824021032,-0.999609314096404,-0.05587875690537313,0.9984375616565666
166276,156108.0,147406.0,157836.0,169030.0,121816.0,126037.0,108395.0,161779.0,179742.0,160960.7142857143,136735.73333333334,67.0,80.0,73.5,63.9,76.0,90.0,0.0,0.0,0.0,19.09,52.0,11.71,0.0,8.5,76.5,11.5,0.0,0.0,0.0,15.05,0.0,1.0,0.0,0.0,0.0,0.0,0.0,0.01075130776352193,-0.9999422030204416,-0.021501372740813793,0.999768818762748
154125,166276.0,156108.0,147406.0,171255.0,124252.0,141241.0,111306.0,172828.0,161779.0,160567.2857142857,138263.5,67.0,80.0,73.5,66.2,81.0,96.0,0.03,0.0,0.0,23.08,65.0,11.87,0.0,8.5,74.3,9.3,0.0,0.0,0.0,15.04,0.0,0.0,1.0,0.0,0.0,0.0,0.0,-0.00645086419810515,-0.9999791929590823,0.012901459949419653,0.9999167727021953
152004,154125.0,166276.0,156108.0,167586.0,127685.0,151018.0,124072.0,184540.0,172828.0,158120.14285714287,139876.56666666668,68.0,92.0,80.0,66.0,71.0,95.0,0.0,0.0,0.0,24.25,27.0,14.0,0.0,15.0,75.7,10.7,0.0,0.0,0.0,15.03,0.0,0.0,0.0,1.0,0.0,0.0,0.0,-0.023651127245231586,-0.9997202729664083,0.04728902277113235,0.9988812483600598
163768,152004.0,154125.0,166276.0,157504.0,134290.0,149906.0,135911.0,191174.0,184540.0,155894.14285714287,141330.2,71.0,90.0,80.5,67.9,70.0,97.0,0.13,0.0,0.0,21.11,46.0,13.89,0.0,15.5,78.0,13.0,0.0,0.0,1.0,15.02,0.0,0.0,0.0,0.0,1.0,0.0,0.0,-0.04084439154329611,-0.9991655196610109,0.08162061540319052,0.9966634713589159
166411,163768.0,152004.0,154125.0,157836.0,140428.0,146423.0,138728.0,173293.0,191174.0,156789.0,143078.93333333332,68.0,87.0,77.5,67.1,78.0,98.0,0.0,0.0,0.0,22.99,50.0,11.78,0.0,12.5,79.3,14.3,0.0,1.0,1.0,15.01,0.0,0.0,0.0,0.0,0.0,1.0,0.0,-0.05802556932878035,-0.9983150972033183,0.11585560376947847,0.9932660666081418
145710,166411.0,163768.0,152004.0,147406.0,139405.0,120480.0,137443.0,184981.0,173293.0,158014.0,144490.23333333334,72.0,92.0,82.0,67.0,70.0,92.0,0.0,0.0,0.0,27.48,39.0,14.0,0.0,17.0,80.0,15.0,0.0,1.0,0.0,14.99,0.0,0.0,0.0,0.0,0.0,0.0,1.0,-0.07518957641475855,-0.9971692572470178,0.14995346813244534,0.9886930551971383
155847,145710.0,166411.0,163768.0,156108.0,143250.0,109258.0,117827.0,181680.0,184981.0,157771.7142857143,144816.86666666667,70.0,96.0,83.0,65.4,65.0,88.0,0.54,0.0,0.0,25.84,41.0,14.0,0.0,18.0,80.8,15.8,0.0,0.0,0.0,14.98,1.0,0.0,0.0,0.0,0.0,0.0,0.0,-0.09233133369539122,-0.9957283388645872,0.18387385105132759,0.9829498496360606
176113,155847.0,145710.0,166411.0,166276.0,169030.0,121816.0,126037.0,169715.0,181680.0,157734.42857142858,145387.5,72.0,82.0,77.0,69.5,83.0,96.0,0.0,0.0,0.0,17.58,78.0,9.75,0.0,12.0,80.7,15.7,0.0,0.0,0.0,14.96,0.0,1.0,0.0,0.0,0.0,0.0,0.0,-0.10944576864891556,-0.993992768446958,0.21757660514828173,0.9760432474496961
167938,176113.0,155847.0,145710.0,154125.0,171255.0,124252.0,141241.0,172271.0,169715.0,159139.7142857143,146676.5,75.0,83.0,79.0,72.9,87.0,96.0,0.02,0.0,0.0,13.99,78.0,8.21,0.0,14.0,79.7,14.7,0.0,0.0,0.0,14.94,0.0,0.0,1.0,0.0,0.0,0.0,0.0,-0.12652781683868314,-0.9919630595773397,0.2510218406258827,0.9679814231320734
175949,167938.0,176113.0,155847.0,152004.0,167586.0,127685.0,151018.0,182587.0,172271.0,161113.0,148346.86666666667,75.0,89.0,82.0,71.5,82.0,99.0,0.0,0.0,0.0,26.14,35.0,13.71,0.0,17.0,79.3,14.3,0.0,0.0,0.0,14.93,0.0,0.0,0.0,1.0,0.0,0.0,0.0,-0.1435724234118113,-0.9896398128792412,0.2841699724797683,0.9587739184713191
180313,175949.0,167938.0,176113.0,163768.0,157504.0,134290.0,149906.0,195836.0,182587.0,164533.7142857143,150010.6,73.0,77.0,75.0,72.4,95.0,99.0,2.54,0.0,0.0,4.99,98.0,0.55,0.0,10.0,78.7,13.7,0.0,0.0,0.0,14.91,0.0,0.0,0.0,0.0,1.0,0.0,0.0,-0.16057454459499376,-0.9870237158387383,0.31698176735052785,0.9484316312562208
168873,180313.0,175949.0,167938.0,166411.0,157836.0,140428.0,146423.0,192374.0,195836.0,166897.2857142857,151313.0,72.0,83.0,77.5,72.5,87.0,94.0,0.76,0.0,0.0,14.58,64.0,9.7,0.0,12.5,78.2,13.2,0.0,1.0,0.0,14.89,0.0,0.0,0.0,0.0,0.0,1.0,0.0,-0.17752914918703497,-0.984115542601034,0.34941838995939767,0.9369668023778549
161294,168873.0,180313.0,175949.0,145710.0,147406.0,139405.0,120480.0,189586.0,192374.0,167249.0,151908.16666666666,71.0,87.0,79.0,64.2,64.0,84.0,0.04,0.0,0.0,25.68,24.0,14.0,0.0,14.0,77.2,12.2,0.0,1.0,0.0,14.87,0.0,0.0,0.0,0.0,0.0,0.0,1.0,-0.19443122004766195,-0.9809161537413774,0.3814414490727919,0.9243930013415553
157805,161294.0,168873.0,180313.0,155847.0,156108.0,143250.0,109258.0,168975.0,189586.0,169475.2857142857,152287.76666666666,70.0,86.0,78.0,64.4,64.0,88.0,0.02,0.0,0.0,25.17,44.0,13.88,0.0,13.0,78.2,13.2,0.0,0.0,0.0,14.85,1.0,0.0,0.0,0.0,0.0,0.0,0.0,-0.2112757555821793,-0.9774264960104055,0.4130130429412807,0.9107251102063585
176295,157805.0,161294.0,168873.0,176113.0,166276.0,169030.0,121816.0,177278.0,168975.0,169755.0,152667.16666666666,70.0,85.0,77.5,62.5,65.0,83.0,0.0,0.0,0.0,24.25,24.0,14.0,0.0,12.5,78.2,13.2,0.0,0.0,0.0,14.83,0.0,1.0,0.0,0.0,0.0,0.0,0.0,-0.2280577712215198,-0.9736476020539838,0.4440958041592176,0.8959793059709459
170243,176295.0,157805.0,161294.0,167938.0,154125.0,171255.0,124252.0,189142.0,177278.0,169781.0,154527.66666666666,70.0,82.0,76.0,66.2,78.0,93.0,0.0,0.0,0.0,21.0,48.0,14.0,0.0,11.0,77.2,12.2,0.0,0.0,0.0,14.8,0.0,0.0,1.0,0.0,0.0,0.0,0.0,-0.24477230089725957,-0.9695805901076308,0.47465294389193496,0.8801730414269229
164706,170243.0,176295.0,157805.0,175949.0,152004.0,167586.0,127685.0,200849.0,189142.0,170110.2857142857,156560.5,69.0,78.0,73.5,62.4,73.0,86.0,0.0,0.0,0.0,21.58,60.0,12.46,0.0,8.5,75.7,10.7,0.0,0.0,0.0,14.78,0.0,0.0,0.0,1.0,0.0,0.0,0.0,-0.2614143985111562,-0.965226663665613,0.5046482954181526,0.8633250245021008
153193,164706.0,170243.0,176295.0,180313.0,163768.0,157504.0,134290.0,219115.0,200849.0,168504.14285714287,157990.16666666666,69.0,84.0,76.5,68.3,80.0,95.0,0.03,0.0,0.0,14.88,71.0,8.26,0.0,11.5,75.3,10.3,0.0,0.0,0.0,14.75,0.0,0.0,0.0,0.0,1.0,0.0,0.0,-0.2779791393987801,-0.9605871111248129,0.5340463569360717,0.8454551961182272
159279,153193.0,164706.0,170243.0,168873.0,166411.0,157836.0,140428.0,198383.0,219115.0,164629.85714285713,158954.86666666667,72.0,91.0,81.5,66.6,70.0,98.0,0.0,0.0,0.0,28.1,45.0,14.0,0.0,16.5,77.2,12.2,0.0,1.0,0.0,14.73,0.0,0.0,0.0,0.0,0.0,1.0,0.0,-0.2944616217868012,-0.9556633054034704,0.5628123335824821,0.8265847065893737
164104,159279.0,153193.0,164706.0,161294.0,145710.0,147406.0,139405.0,201920.0,198383.0,163259.2857142857,160008.0,77.0,94.0,85.5,70.0,69.0,92.0,0.0,0.0,0.0,25.38,51.0,14.0,0.0,20.5,81.2,16.2,0.0,1.0,0.0,14.7,0.0,0.0,0.0,0.0,0.0,0.0,1.0,-0.3108569682435036,-0.9504567035349151,0.5909121786151564,0.8067358905889147
177705,164104.0,159279.0,153193.0,157805.0,155847.0,156108.0,143250.0,214771.0,201920.0,163660.7142857143,161001.8,81.0,93.0,87.0,69.8,64.0,92.0,0.0,0.0,0.0,23.11,80.0,12.6,0.0,22.0,84.7,19.7,0.0,0.0,0.0,14.67,1.0,0.0,0.0,0.0,0.0,0.0,0.0,-0.3271603271220951,-0.9449688462364056,0.6183126337097825,0.7859322407147274
206726,177705.0,164104.0,159279.0,176295.0,176113.0,166276.0,169030.0,220298.0,214771.0,166503.57142857142,162244.36666666667,77.0,91.0,84.0,66.4,64.0,84.0,0.0,0.0,0.0,26.33,18.0,14.0,0.0,19.0,85.5,20.5,0.0,0.0,0.0,14.65,0.0,1.0,0.0,0.0,0.0,0.0,0.0,-0.34336687399638804,-0.939201357453208,0.6449812683237445,0.7641983796838971
197281,206726.0,177705.0,164104.0,170243.0,167938.0,154125.0,171255.0,218830.0,220298.0,170850.85714285713,164488.4,72.0,92.0,82.0,72.7,77.0,96.0,1.42,0.0,0.0,22.18,70.0,12.19,0.0,17.0,84.3,19.3,0.0,0.0,0.0,14.62,0.0,0.0,1.0,0.0,0.0,0.0,0.0,-0.3594718130884232,-0.9331559438780432,0.6708865180801582,0.7415600311898435
199626,197281.0,206726.0,177705.0,164706.0,175949.0,152004.0,167586.0,178801.0,218830.0,174713.42857142858,166289.43333333332,73.0,86.0,79.5,73.3,84.0,96.0,0.0,0.0,0.0,17.34,86.0,10.51,0.0,14.5,81.8,16.8,0.0,0.0,0.0,14.59,0.0,0.0,0.0,1.0,0.0,0.0,0.0,-0.3754703786876202,-0.9268343944460494,0.6959977221267386,0.7180439894563503
189744,199626.0,197281.0,206726.0,153193.0,180313.0,163768.0,157504.0,174985.0,178801.0,179702.0,167309.3,72.0,80.0,76.0,71.4,87.0,96.0,0.19,0.0,0.0,10.08,94.0,3.43,0.0,11.0,79.2,14.2,0.0,0.0,0.0,14.56,0.0,0.0,0.0,0.0,1.0,0.0,0.0,-0.3913578365610259,-0.9202385798054075,0.7202851594252706,0.6936780875245466
174543,189744.0,199626.0,197281.0,159279.0,168873.0,166411.0,157836.0,177454.0,174985.0,184923.57142857145,167925.6,72.0,88.0,80.0,70.6,79.0,98.0,0.0,0.0,0.0,22.47,27.0,14.0,0.0,15.0,78.5,13.5,0.0,1.0,0.0,14.53,0.0,0.0,0.0,0.0,0.0,1.0,0.0,-0.4071294853542516,-0.9133704517637858,0.7437200839287408,0.6684911643103645
168864,174543.0,189744.0,199626.0,164104.0,161294.0,145710.0,147406.0,180046.0,177454.0,187104.14285714287,168157.5,77.0,92.0,84.5,66.1,62.0,90.0,0.0,0.0,0.0,25.28,61.0,12.93,0.0,19.5,80.2,15.2,0.0,1.0,0.0,14.5,0.0,0.0,0.0,0.0,0.0,0.0,1.0,-0.4227806579826773,-0.9062320427107697,0.7662747586044899,0.6425130304714689
178655,168864.0,174543.0,189744.0,177705.0,157805.0,155847.0,156108.0,169518.0,180046.0,187784.14285714287,168536.16666666666,76.0,93.0,84.5,63.5,52.0,70.0,0.0,0.0,0.0,27.14,73.0,14.0,0.0,19.5,83.0,18.0,0.0,0.0,0.0,14.47,1.0,0.0,0.0,0.0,0.0,0.0,0.0,-0.4383067230125192,-0.898825465016444,0.7879224882631226,0.6157744331240536
201034,178655.0,168864.0,174543.0,206726.0,176295.0,176113.0,166276.0,177709.0,169518.0,187919.85714285716,169230.13333333333,80.0,93.0,86.5,70.0,63.0,77.0,0.0,0.0,0.0,21.39,35.0,13.78,0.0,21.5,85.2,20.2,0.0,0.0,0.0,14.44,0.0,1.0,0.0,0.0,0.0,0.0,0.0,-0.45370308603134424,-0.8911529104063088,0.8086376511543126,0.5883070194512693
208612,201034.0,178655.0,168864.0,197281.0,170243.0,167938.0,154125.0,208617.0,177709.0,187106.7142857143,171017.73333333334,77.0,90.0,83.5,68.9,69.0,90.0,0.0,0.0,0.0,24.78,35.0,14.0,0.0,18.5,84.8,19.8,0.0,0.0,0.0,14.4,0.0,0.0,1.0,0.0,0.0,0.0,0.0,-0.46896519100763184,-0.8832166493127127,0.8283957292921138,0.5601432992463508
200098,208612.0,201034.0,178655.0,199626.0,164706.0,175949.0,152004.0,217177.0,208617.0,188725.42857142855,172767.86666666667,74.0,92.0,83.0,66.6,61.0,85.0,0.08,0.0,0.0,18.57,93.0,10.14,0.0,18.0,84.3,19.3,0.0,0.0,0.0,14.37,0.0,0.0,0.0,1.0,0.0,0.0,0.0,-0.48408852163897587,-0.8750190302029955,0.847173337473877,0.5313166064347815
196658,200098.0,208612.0,201034.0,189744.0,153193.0,180313.0,163768.0,200904.0,217177.0,188792.85714285716,173895.26666666666,70.0,82.0,76.0,68.9,78.0,93.0,0.78,0.0,0.0,11.48,71.0,5.78,0.0,11.0,80.8,15.8,0.0,0.0,0.0,14.34,0.0,0.0,0.0,0.0,1.0,0.0,0.0,-0.4990686026885319,-0.8665624788845385,0.8649482509584342,0.5018610596210326
174916,196658.0,200098.0,208612.0,174543.0,159279.0,168873.0,166411.0,189107.0,200904.0,189780.57142857145,175313.03333333333,71.0,88.0,79.5,66.4,70.0,89.0,0.0,0.0,0.0,23.07,39.0,13.17,0.0,14.5,79.5,14.5,0.0,1.0,0.0,14.3,0.0,0.0,0.0,0.0,0.0,1.0,0.0,-0.5139010013093103,-0.8578494977869301,0.8816994317707848,0.4718115217065765
166262,174916.0,196658.0,200098.0,168864.0,164104.0,161294.0,145710.0,185439.0,189107.0,189833.85714285716,176076.76666666666,77.0,89.0,83.0,74.0,83.0,91.0,0.0,0.0,0.0,12.51,83.0,6.96,0.0,18.0,79.5,14.5,0.0,1.0,0.0,14.27,0.0,0.0,0.0,0.0,0.0,0.0,1.0,-0.5285813283559292,-0.8488826652214553,0.8974070536021568,0.44120355862696276
178006,166262.0,174916.0,196658.0,178655.0,177705.0,157805.0,155847.0,175506.0,185439.0,189462.14285714287,176159.9,70.0,88.0,79.0,68.1,66.0,93.0,0.54,0.0,0.0,24.62,38.0,12.52,0.0,14.0,80.5,15.5,0.0,0.0,0.0,14.24,1.0,0.0,0.0,0.0,0.0,0.0,0.0,-0.5431052396834317,-0.8396646346181327,0.912052525275964,0.41007339725680436
192243,178006.0,166262.0,174916.0,201034.0,206726.0,176295.0,176113.0,171092.0,175506.0,189369.42857142855,176546.4,70.0,79.0,74.5,70.9,85.0,95.0,0.55,0.0,0.0,8.83,73.0,5.57,0.0,9.5,78.8,13.8,0.0,0.0,0.0,14.2,0.0,1.0,0.0,0.0,0.0,0.0,0.0,-0.5574684374327892,-0.8301981337405212,0.9256185127518922,0.3784578825324888
173030,192243.0,178006.0,166262.0,208612.0,197281.0,170243.0,167938.0,180987.0,171092.0,188113.57142857145,178097.5,73.0,86.0,79.5,65.5,68.0,95.0,0.0,0.0,0.0,25.19,16.0,13.97,0.0,14.5,77.7,12.7,0.0,0.0,0.0,14.16,0.0,0.0,1.0,0.0,0.0,0.0,0.0,-0.5716666713027052,-0.8204859638785327,0.9380889596420647,0.3463944338433696
175850,173030.0,192243.0,178006.0,200098.0,199626.0,164706.0,175949.0,183041.0,180987.0,183030.42857142855,178670.26666666666,71.0,82.0,76.5,64.4,76.0,88.0,0.0,0.0,0.0,16.02,76.0,10.59,0.0,11.5,76.8,11.8,0.0,0.0,0.0,14.13,0.0,0.0,0.0,1.0,0.0,0.0,0.0,-0.5856957398073508,-0.8105309990194823,0.9494491062150135,0.31392100074304014
165168,175850.0,173030.0,192243.0,196658.0,189744.0,153193.0,180313.0,184904.0,183041.0,179566.42857142858,178661.5,66.0,81.0,73.5,67.1,78.0,91.0,0.46,0.0,0.0,17.33,86.0,9.57,0.0,8.5,76.5,11.5,0.0,0.0,0.0,14.09,0.0,0.0,0.0,0.0,1.0,0.0,0.0,-0.5995514915196489,-0.8003361849976323,0.9596855068649522,0.2810760180331286
156931,165168.0,175850.0,173030.0,174916.0,174543.0,159279.0,168873.0,180273.0,184904.0,175067.85714285713,178569.16666666666,68.0,83.0,75.5,69.5,86.0,96.0,0.0,0.0,0.0,17.94,61.0,13.31,0.0,10.5,75.2,10.2,0.0,1.0,0.0,14.05,0.0,0.0,0.0,0.0,0.0,1.0,0.0,-0.6132298262997502,-0.7899045386224707,0.968786046025684,0.24789836027275647
149407,156931.0,165168.0,175850.0,166262.0,168864.0,164104.0,161294.0,173232.0,180273.0,172498.57142857142,177935.23333333334,72.0,87.0,79.5,70.9,83.0,98.0,0.0,0.0,0.0,21.8,25.0,13.85,0.0,14.5,76.2,11.2,0.0,1.0,0.0,14.02,0.0,0.0,0.0,0.0,0.0,0.0,1.0,-0.6267266965083301,-0.7792391467859886,0.9767399525103048,0.21442729576751102
158993,149407.0,156931.0,165168.0,178006.0,178655.0,177705.0,157805.0,150390.0,173232.0,170090.7142857143,176905.03333333333,76.0,92.0,84.0,72.3,78.0,97.0,0.0,0.0,0.0,23.14,10.0,13.82,0.0,19.0,79.7,14.7,0.0,0.0,0.0,13.98,1.0,0.0,0.0,0.0,0.0,0.0,0.0,-0.6400381082043503,-0.7683431655492202,0.9835378122597296,0.18070244009239297
192624,158993.0,149407.0,156931.0,192243.0,201034.0,206726.0,176295.0,143910.0,150390.0,167374.57142857142,176575.7,78.0,88.0,83.0,73.7,82.0,96.0,0.0,0.0,0.0,21.26,39.0,13.75,0.0,18.0,82.2,17.2,0.0,0.0,0.0,13.94,0.0,1.0,0.0,0.0,0.0,0.0,0.0,-0.65316012232693,-0.7572198192083127,0.9891715794849547,0.14676370920373963
196654,192624.0,158993.0,149407.0,173030.0,208612.0,197281.0,170243.0,173637.0,143910.0,167429.0,177620.03333333333,72.0,90.0,81.0,74.5,83.0,99.0,1.76,0.0,0.0,19.53,72.0,12.75,0.0,16.0,82.7,17.7,0.0,0.0,0.0,13.9,0.0,0.0,1.0,0.0,0.0,0.0,0.0,-0.666088855860977,-0.7458723993404063,0.993634586189866,0.11265127219562909
194976,196654.0,192624.0,158993.0,175850.0,200098.0,199626.0,164706.0,180280.0,173637.0,170803.85714285713,178915.0,72.0,79.0,75.5,70.5,83.0,94.0,0.24,0.0,0.0,9.39,92.0,2.33,0.0,10.5,79.8,14.8,0.0,0.0,0.0,13.86,0.0,0.0,0.0,1.0,0.0,0.0,0.0,-0.6788204829862355,-0.734304263829602,0.9969215500633253,0.07840550375666766
176561,194976.0,196654.0,192624.0,165168.0,196658.0,189744.0,153193.0,180655.0,180280.0,173536.14285714287,179537.7,73.0,86.0,79.5,66.9,71.0,98.0,0.0,0.0,0.0,22.07,64.0,12.95,0.0,14.5,78.7,13.7,0.0,0.0,0.0,13.82,0.0,0.0,0.0,0.0,1.0,0.0,0.0,-0.6913512362094071,-0.722518835873311,0.9990285807311906,0.044066936383449135
173737,176561.0,194976.0,196654.0,156931.0,174916.0,174543.0,159279.0,176305.0,180655.0,175163.7142857143,179748.3,71.0,84.0,77.5,63.3,69.0,86.0,0.0,0.0,0.0,17.22,83.0,6.46,0.0,12.5,77.5,12.5,0.0,1.0,0.0,13.78,0.0,0.0,0.0,0.0,0.0,1.0,0.0,-0.7036774074790128,-0.7105196029692745,0.999953184360873,0.009676212407230897
149644,173737.0,176561.0,194976.0,149407.0,166262.0,168864.0,164104.0,171237.0,176305.0,177564.57142857142,180049.33333333334,67.0,72.0,69.5,64.0,86.0,93.0,0.21,0.0,0.0,7.11,83.0,1.03,0.0,4.5,75.5,10.5,0.0,1.0,0.0,13.74,0.0,0.0,0.0,0.0,0.0,0.0,1.0,-0.7157953492826642,-0.6983101158835584,0.9996942666129788,-0.024725964109382385
132458,149644.0,173737.0,176561.0,158993.0,178006.0,178655.0,177705.0,170360.0,171237.0,177598.42857142858,179931.03333333333,64.0,81.0,72.5,63.6,82.0,94.0,0.14,0.0,0.0,21.61,25.0,12.41,0.0,7.5,73.2,8.2,0.0,0.0,0.0,13.7,1.0,0.0,0.0,0.0,0.0,0.0,0.0,-0.7277014757264236,-0.6858939875998223,0.9982521339365441,-0.0590988755488295
146349,132458.0,149644.0,173737.0,192624.0,192243.0,201034.0,206726.0,179439.0,170360.0,173807.7142857143,179037.0,63.0,82.0,72.5,62.7,72.0,97.0,0.2,0.0,0.0,22.49,29.0,13.16,0.0,7.5,71.5,6.5,0.0,0.0,0.0,13.66,0.0,1.0,0.0,0.0,0.0,0.0,0.0,-0.7393922635959241,-0.673274892250183,0.9956284932063294,-0.09340183893100905
151335,146349.0,132458.0,149644.0,196654.0,173030.0,208612.0,197281.0,198538.0,179439.0,167197.0,178445.16666666666,66.0,75.0,70.5,64.4,83.0,94.0,0.14,0.0,0.0,12.61,52.0,7.86,0.0,5.5,71.8,6.8,0.0,0.0,0.0,13.62,0.0,0.0,1.0,0.0,0.0,0.0,0.0,-0.7508642533989489,-0.6604565640279754,0.9918264497026016,-0.12759425406472188
148208,151335.0,146349.0,132458.0,194976.0,175850.0,200098.0,199626.0,195864.0,198538.0,160722.85714285713,177566.16666666666,62.0,80.0,71.0,58.6,70.0,95.0,0.0,0.0,0.0,25.29,25.0,13.25,0.0,6.0,71.3,6.3,0.0,0.0,0.0,13.58,0.0,0.0,0.0,1.0,0.0,0.0,0.0,-0.7621140503891487,-0.6474427960827475,0.9868505034357966,-0.16163565160110782
143655,148208.0,151335.0,146349.0,176561.0,165168.0,196658.0,189744.0,202881.0,195864.0,154041.7142857143,175615.56666666668,68.0,83.0,75.5,63.8,72.0,92.0,0.0,0.0,0.0,21.76,87.0,12.0,0.0,10.5,72.3,7.3,0.0,0.0,0.0,13.54,0.0,0.0,0.0,0.0,1.0,0.0,0.0,-0.7731383255706026,-0.6342374393978054,0.9807065438204117,-0.1954857409322303
155925,143655.0,148208.0,151335.0,173737.0,156931.0,174916.0,174543.0,201112.0,202881.0,149340.85714285713,173828.03333333333,73.0,88.0,80.5,69.0,76.0,93.0,0.0,0.0,0.0,19.93,73.0,11.2,0.0,15.5,75.7,10.7,0.0,1.0,0.0,13.5,0.0,0.0,0.0,0.0,0.0,1.0,0.0,-0.7839338166829201,-0.620844401650647,0.973401842704431,-0.22910445787810024
159428,155925.0,143655.0,148208.0,149644.0,149407.0,166262.0,168864.0,166673.0,201112.0,146796.2857142857,172371.33333333334,74.0,86.0,80.0,70.3,82.0,96.0,0.0,0.0,0.0,19.68,64.0,12.35,0.0,15.0,78.7,13.7,0.0,1.0,0.0,13.46,0.0,0.0,0.0,0.0,0.0,0.0,1.0,-0.7944973291665992,-0.6072676460566135,0.9649450457625344,-0.2624520121057191
161737,159428.0,155925.0,143655.0,132458.0,158993.0,178006.0,178655.0,137008.0,166673.0,148194.0,171360.8,75.0,90.0,82.5,71.3,80.0,97.0,0.0,0.0,0.0,20.39,35.0,12.41,0.0,17.5,81.0,16.0,0.0,0.0,0.0,13.42,1.0,0.0,0.0,0.0,0.0,0.0,0.0,-0.8048257371083452,-0.593511190196115,0.9553461622632788,-0.29548893422398215
187477,161737.0,159428.0,155925.0,146349.0,192624.0,192243.0,201034.0,131680.0,137008.0,152376.7142857143,170933.93333333332,71.0,89.0,80.0,67.7,69.0,93.0,0.36,0.0,0.0,21.29,19.0,12.51,0.0,15.0,80.8,15.8,0.0,0.0,0.0,13.37,0.0,1.0,0.0,0.0,0.0,0.0,0.0,-0.8149159841660791,-0.5795791048257612,0.9446165532223606,-0.3281761224987386
186000,187477.0,161737.0,159428.0,151335.0,196654.0,173030.0,208612.0,142416.0,131680.0,158252.14285714287,171554.36666666667,67.0,77.0,72.0,52.6,51.0,68.0,0.0,0.0,0.0,23.69,34.0,12.62,0.0,7.0,78.2,13.2,0.0,0.0,0.0,13.33,0.0,0.0,1.0,0.0,0.0,0.0,0.0,-0.8247650844733614,-0.5654755126737576,0.9327689179559782,-0.3604748891327019
152877,186000.0,187477.0,161737.0,148208.0,194976.0,175850.0,200098.0,144355.0,142416.0,163204.2857142857,171799.2,66.0,90.0,78.0,64.6,68.0,88.0,0.42,0.0,0.0,20.75,59.0,11.53,0.0,13.0,76.7,11.7,0.0,0.0,0.0,13.29,0.0,0.0,0.0,1.0,0.0,0.0,0.0,-0.8343701235229538,-0.5512045872199277,0.9198172790502196,-0.3923470060554182
169235,152877.0,186000.0,187477.0,143655.0,176561.0,165168.0,196658.0,154019.0,144355.0,163871.2857142857,170193.96666666667,71.0,85.0,78.0,67.3,76.0,94.0,0.0,0.0,0.0,19.95,42.0,11.3,0.0,13.0,76.0,11.0,0.0,0.0,0.0,13.25,0.0,0.0,0.0,0.0,1.0,0.0,0.0,-0.8437282590292712,-0.5367705514607103,0.9057769657642539,-0.42375475016912983
169728,169235.0,152877.0,186000.0,155925.0,173737.0,156931.0,174916.0,155919.0,154019.0,167525.57142857142,168881.4,72.0,81.0,76.5,72.0,90.0,97.0,0.01,0.0,0.0,7.77,76.0,5.4,0.0,11.5,77.5,12.5,0.0,1.0,0.0,13.2,0.0,0.0,0.0,0.0,0.0,1.0,0.0,-0.8528367217694595,-0.522177676659508,0.8906645958869751,-0.4546609479969567
157366,169728.0,169235.0,152877.0,159428.0,149644.0,149407.0,166262.0,162992.0,155919.0,169497.42857142858,167869.06666666668,67.0,79.0,73.0,56.0,60.0,75.0,0.0,0.0,0.0,20.53,20.0,12.42,0.0,8.0,75.8,10.8,0.0,1.0,0.0,13.16,0.0,0.0,0.0,0.0,0.0,0.0,1.0,-0.8616928164028522,-0.5074302810827518,0.8744980560685747,-0.48502901968055895
136586,157366.0,169728.0,169235.0,161737.0,132458.0,158993.0,178006.0,147902.0,162992.0,169202.85714285713,166559.33333333334,63.0,77.0,70.0,57.0,69.0,84.0,0.0,0.0,0.0,14.59,89.0,8.94,0.0,5.0,73.2,8.2,0.0,0.0,0.0,13.12,1.0,0.0,0.0,0.0,0.0,0.0,0.0,-0.8702939222685674,-0.49253272872205434,0.8572964806503138,-0.5148230222752145
142345,136586.0,157366.0,169728.0,187477.0,146349.0,192624.0,192243.0,135953.0,147902.0,165609.85714285713,165281.66666666666,66.0,77.0,71.5,64.4,79.0,93.0,0.23,0.0,0.0,14.34,74.0,8.61,0.0,6.5,71.5,6.5,0.0,0.0,0.0,13.07,0.0,1.0,0.0,0.0,0.0,0.0,0.0,-0.8786374941610001,-0.4774894280028391,0.8390802290175676,-0.5440076922910431
148628,142345.0,136586.0,157366.0,186000.0,151335.0,196654.0,173030.0,145653.0,135953.0,159162.42857142858,164484.43333333332,69.0,79.0,74.0,70.0,91.0,96.0,0.14,0.0,0.0,7.09,93.0,1.7,0.0,9.0,71.8,6.8,0.0,0.0,0.0,13.03,0.0,0.0,1.0,0.0,0.0,0.0,0.0,-0.886721063082993,-0.46230483047981086,0.8198708615029215,-0.5725484874300667
159644,148628.0,142345.0,136586.0,152877.0,148208.0,194976.0,175850.0,165032.0,145653.0,153823.57142857142,163505.16666666666,70.0,85.0,77.5,68.7,78.0,97.0,0.71,0.0,0.0,19.11,82.0,11.06,0.0,12.5,74.3,9.3,0.0,0.0,0.0,12.98,0.0,0.0,0.0,1.0,0.0,0.0,0.0,-0.8945422369764496,-0.4469834295196741,0.7996911138678691,-0.600411627469661
165090,159644.0,148628.0,142345.0,169235.0,143655.0,176561.0,165168.0,178071.0,165032.0,154790.2857142857,162418.53333333333,69.0,85.0,77.0,64.7,72.0,96.0,0.0,0.0,0.0,21.54,20.0,12.18,0.0,12.0,76.2,11.2,0.0,0.0,0.0,12.94,0.0,0.0,0.0,0.0,1.0,0.0,0.0,-0.9020987014301837,-0.43152975897147144,0.7785648703932891,-0.6275641342440474
164625,165090.0,159644.0,148628.0,169728.0,155925.0,173737.0,156931.0,156467.0,178071.0,154198.14285714287,162153.86666666667,65.0,80.0,72.5,55.0,62.0,85.0,0.0,0.0,0.0,21.94,34.0,12.02,0.0,7.5,75.7,10.7,0.0,1.0,0.0,12.9,0.0,0.0,0.0,0.0,0.0,1.0,0.0,-0.9093882203647925,-0.4159483918249421,0.756517135610563,-0.6539738706764888
135671,164625.0,165090.0,159644.0,157366.0,159428.0,149644.0,149407.0,141617.0,156467.0,153469.14285714287,161779.7,66.0,82.0,74.0,58.3,65.0,79.0,0.0,0.0,0.0,19.39,21.0,12.11,0.0,9.0,74.5,9.5,0.0,1.0,0.0,12.85,0.0,0.0,0.0,0.0,0.0,0.0,1.0,-0.9164086366943458,-0.4002439388573056,0.733574004706797,-0.6796095788159788
134051,135671.0,164625.0,165090.0,136586.0,161737.0,132458.0,158993.0,123258.0,141617.0,150369.85714285713,160796.46666666667,66.0,79.0,72.5,62.8,78.0,93.0,0.0,0.0,0.0,21.09,19.0,12.04,0.0,7.5,73.0,8.0,0.0,0.0,1.0,12.81,1.0,0.0,0.0,0.0,0.0,0.0,0.0,-0.9231578729647039,-0.38442104726885545,0.709762632639161,-0.7044409168334328
139862,134051.0,135671.0,164625.0,142345.0,187477.0,146349.0,192624.0,128175.0,123258.0,150007.7142857143,160033.8,68.0,84.0,76.0,65.6,84.0,100.0,0.0,0.0,0.0,20.67,41.0,12.0,0.0,11.0,74.2,9.2,0.0,0.0,0.0,12.77,0.0,1.0,0.0,0.0,0.0,0.0,0.0,-0.9296339319682695,-0.3684843993077793,0.6851112019949135,-0.7284384949335702
160943,139862.0,134051.0,135671.0,148628.0,186000.0,151335.0,196654.0,150285.0,128175.0,149653.0,159715.63333333333,69.0,81.0,75.0,68.5,88.0,100.0,0.0,0.0,0.0,11.45,95.0,4.02,0.0,10.0,74.5,9.5,0.0,0.0,0.0,12.72,0.0,0.0,1.0,0.0,0.0,0.0,0.0,-0.9358348973349941,-0.35243871088460327,0.6596488896351408,-0.7515739101399981
163131,160943.0,139862.0,134051.0,159644.0,152877.0,148208.0,194976.0,156309.0,150285.0,151412.2857142857,159780.63333333333,73.0,82.0,77.5,72.7,92.0,98.0,1.2,0.0,0.0,8.58,100.0,2.95,0.0,12.5,76.2,11.2,0.0,0.0,0.0,12.68,0.0,0.0,0.0,1.0,0.0,0.0,0.0,-0.9417589340994617,-0.33628873017668287,0.6334058321617086,-0.7738197799123084
173525,163131.0,160943.0,139862.0,165090.0,169235.0,143655.0,176561.0,175087.0,156309.0,151910.42857142858,158797.53333333333,64.0,76.0,70.0,62.4,75.0,100.0,0.0,0.0,0.0,16.04,52.0,12.0,0.0,5.0,74.2,9.2,0.0,0.0,0.0,12.63,0.0,0.0,0.0,0.0,1.0,0.0,0.0,-0.9474042892438845,-0.32003923622313857,0.6064130902482765,-0.7951497745554202
156396,173525.0,163131.0,160943.0,164625.0,169728.0,155925.0,173737.0,175320.0,175087.0,153115.42857142858,158026.56666666668,61.0,74.0,67.5,55.1,72.0,89.0,0.0,0.0,0.0,15.07,50.0,11.59,0.0,2.5,71.7,6.7,0.0,1.0,0.0,12.59,0.0,0.0,0.0,0.0,0.0,1.0,0.0,-0.9527692922168511,-0.30369503751065885,0.578702611877601,-0.8155386483827991
123692,156396.0,173525.0,163131.0,135671.0,157366.0,159428.0,149644.0,140284.0,175320.0,151939.85714285713,156740.56666666668,61.0,74.0,67.5,61.9,80.0,88.0,0.0,0.0,0.0,10.61,76.0,6.23,0.0,2.5,68.3,3.3,0.0,1.0,0.0,12.55,0.0,0.0,0.0,0.0,0.0,0.0,1.0,-0.9578523554276669,-0.28726097055059635,0.5503071945286527,-0.8349622695966589
125168,123692.0,156396.0,173525.0,134051.0,136586.0,161737.0,132458.0,131628.0,140284.0,150228.57142857142,154978.26666666666,59.0,75.0,67.0,55.6,64.0,90.0,0.0,0.0,0.0,20.33,41.0,12.0,0.0,2.0,67.3,2.3,0.0,0.0,0.0,12.5,1.0,0.0,0.0,0.0,0.0,0.0,0.0,-0.9626519747161487,-0.2707418984477642,0.5212604463582784,-0.8533976488498011
140333,125168.0,123692.0,156396.0,139862.0,142345.0,187477.0,146349.0,142795.0,131628.0,148959.57142857142,153359.3,54.0,66.0,60.0,46.1,62.0,81.0,0.0,0.0,0.0,21.6,0.0,12.01,0.0,0.0,64.8,1.5,0.0,0.0,0.0,12.46,0.0,1.0,0.0,0.0,0.0,0.0,0.0,-0.9671667297977312,-0.2541427094613622,0.4915967464233612,-0.8708229664552752
120318,140333.0,125168.0,123692.0,160943.0,148628.0,186000.0,151335.0,158631.0,142795.0,149026.85714285713,153048.93333333332,56.0,71.0,63.5,53.9,74.0,89.0,0.0,0.0,0.0,20.4,6.0,11.97,0.0,0.0,63.5,0.7,0.0,0.0,0.0,12.41,0.0,0.0,1.0,0.0,0.0,0.0,0.0,-0.97139528468375,-0.23746831555846842,0.461351203990578,-0.8872175982116474
122745,120318.0,140333.0,125168.0,163131.0,159644.0,152877.0,148208.0,146321.0,158631.0,143223.2857142857,152644.26666666666,64.0,75.0,69.5,61.1,83.0,100.0,0.0,0.0,0.0,10.36,93.0,4.2,0.0,4.5,64.3,1.5,0.0,0.0,0.0,12.37,0.0,0.0,0.0,1.0,0.0,0.0,0.0,-0.9753363880767837,-0.2207236509605022,0.43055961698187384,-0.9025621398133328
132433,122745.0,120318.0,140333.0,173525.0,165090.0,169235.0,143655.0,137217.0,146321.0,137453.85714285713,151857.46666666667,55.0,70.0,62.5,51.2,67.0,95.0,0.0,0.0,0.0,13.77,53.0,9.84,0.0,0.0,65.2,1.5,0.0,0.0,0.0,12.32,0.0,0.0,0.0,0.0,1.0,0.0,0.0,-0.9789888737409319,-0.20391367068311472,0.3992584296048835,-0.9168384298170765
126466,132433.0,122745.0,120318.0,156396.0,164625.0,169728.0,155925.0,129578.0,137217.0,131583.57142857142,151227.4,50.0,63.0,56.5,35.0,47.0,61.0,0.0,0.0,0.0,21.33,0.0,11.88,0.0,0.0,62.8,1.5,0.0,1.0,0.0,12.28,0.0,0.0,0.0,0.0,0.0,1.0,0.0,-0.9823516608469237,-0.18704334906991657,0.3674846892184069,-0.9300295711374187
104631,126466.0,132433.0,122745.0,123692.0,135671.0,157366.0,159428.0,134240.0,129578.0,127307.85714285714,150502.66666666666,50.0,65.0,57.5,36.8,53.0,74.0,0.0,0.0,0.0,19.59,23.0,11.85,0.0,0.0,58.8,0.0,0.0,1.0,0.0,12.23,0.0,0.0,0.0,0.0,0.0,0.0,1.0,-0.9854237542919524,-0.17011767832049052,0.3352760024840169,-0.9421199510456922
102087,104631.0,126466.0,132433.0,125168.0,134051.0,136586.0,161737.0,132112.0,134240.0,124584.85714285714,149201.86666666667,49.0,65.0,57.0,40.6,61.0,81.0,0.0,0.0,0.0,20.76,0.0,11.83,0.0,0.0,57.0,0.0,0.0,0.0,0.0,12.19,1.0,0.0,0.0,0.0,0.0,0.0,0.0,-0.9882042449941422,-0.15314166701312007,0.30267049085568926,-0.9530952596488853
113299,102087.0,104631.0,126466.0,140333.0,139862.0,142345.0,187477.0,144358.0,132112.0,121287.57142857143,147407.26666666666,48.0,71.0,59.5,41.0,55.0,85.0,0.0,0.0,0.0,20.57,0.0,11.8,0.0,0.0,58.0,0.0,0.0,0.0,0.0,12.14,0.0,1.0,0.0,0.0,0.0,0.0,0.0,-0.9906923101615609,-0.13612033862266704,0.2697067454601279,-0.962942506826501
115339,113299.0,102087.0,104631.0,120318.0,160943.0,148628.0,186000.0,177502.0,144358.0,117425.57142857143,145869.63333333333,57.0,79.0,68.0,49.1,56.0,72.0,0.0,0.0,0.0,19.62,0.0,11.77,0.0,3.0,61.5,1.0,0.0,0.0,0.0,12.1,0.0,0.0,1.0,0.0,0.0,0.0,0.0,-0.9928872135356962,-0.11905873003404988,0.23642378142121298,-0.9716500376053585
122567,115339.0,113299.0,102087.0,122745.0,163131.0,159644.0,152877.0,158095.0,177502.0,116714.28571428572,144323.03333333333,62.0,75.0,68.5,55.4,71.0,90.0,0.0,0.0,0.0,12.5,85.0,7.03,0.0,3.5,65.3,2.2,0.0,0.0,0.0,12.05,0.0,0.0,0.0,1.0,0.0,0.0,0.0,-0.994788305609327,-0.10196189005174576,0.20286099168260133,-0.9792075459541514
126418,122567.0,115339.0,113299.0,132433.0,173525.0,165090.0,169235.0,147724.0,158095.0,116688.85714285714,142159.36666666667,62.0,77.0,69.5,59.0,80.0,94.0,0.0,0.0,0.0,16.78,73.0,11.15,0.0,4.5,68.7,3.7,0.0,0.0,0.0,12.01,0.0,0.0,0.0,0.0,1.0,0.0,0.0,-0.9963950238187231,-0.08483487790576538,0.16905810038314714,-0.9856060869814277
130336,126418.0,122567.0,115339.0,126466.0,156396.0,164625.0,169728.0,152827.0,147724.0,115829.57142857143,140173.3,65.0,74.0,69.5,62.0,87.0,99.0,0.0,0.0,0.0,11.29,52.0,8.96,0.0,4.5,69.2,4.2,0.0,1.0,0.0,11.96,0.0,0.0,0.0,0.0,0.0,1.0,0.0,-0.9977068927101168,-0.06768276175455162,0.13505511584034569,-0.9908380875225532
121738,130336.0,126418.0,122567.0,104631.0,123692.0,135671.0,157366.0,142426.0,152827.0,116382.42857142857,139421.93333333332,67.0,79.0,73.0,66.0,88.0,100.0,0.03,0.0,0.0,12.23,71.0,7.99,0.0,8.0,70.7,5.7,0.0,1.0,0.0,11.92,0.0,0.0,0.0,0.0,0.0,0.0,1.0,-0.9987235240803972,-0.050510617185222886,0.10089228319740334,-0.9948973551031357
128592,121738.0,130336.0,126418.0,102087.0,125168.0,134051.0,136586.0,140615.0,142426.0,118826.28571428572,137838.7,69.0,77.0,73.0,66.8,89.0,100.0,0.02,0.0,0.0,11.7,64.0,9.45,0.0,8.0,71.8,6.8,0.0,0.0,0.0,11.87,1.0,0.0,0.0,0.0,0.0,0.0,0.0,-0.9994446170919858,-0.033323525711631344,0.06661003679003268,-0.9977790852682925
143996,128592.0,121738.0,130336.0,113299.0,140333.0,139862.0,142345.0,141173.0,140615.0,122612.71428571428,136467.5,67.0,74.0,70.5,66.9,92.0,97.0,0.47,0.0,0.0,7.07,65.0,5.45,0.0,5.5,72.2,7.2,0.0,0.0,0.0,11.83,0.0,1.0,0.0,0.0,0.0,0.0,0.0,-0.9998699583618592,-0.016126573270657762,0.0322489522893041,-0.9994798672690922
144392,143996.0,128592.0,121738.0,115339.0,120318.0,160943.0,148628.0,138386.0,141173.0,126998.0,136021.83333333334,60.0,71.0,65.5,56.3,73.0,96.0,1.14,0.0,0.0,15.72,46.0,8.62,0.0,0.5,69.7,4.7,0.0,0.0,0.0,11.78,0.0,0.0,1.0,0.0,0.0,0.0,0.0,-0.9999994220246925,0.001075151282798226,-0.0021503013227746654,-0.9999976880994382
130746,144392.0,143996.0,128592.0,122567.0,122745.0,163131.0,159644.0,149338.0,138386.0,131148.42857142858,136282.03333333333,60.0,72.0,66.0,50.4,63.0,83.0,0.0,0.0,0.0,15.3,39.0,11.15,0.0,1.0,67.3,2.3,0.0,0.0,0.0,11.74,0.0,0.0,0.0,1.0,0.0,0.0,0.0,-0.999832969770105,0.018276557681691223,-0.03654700988811993,-0.9993319348786156
124448,130746.0,144392.0,143996.0,126418.0,132433.0,173525.0,165090.0,175819.0,149338.0,132316.85714285713,135895.4,53.0,65.0,59.0,50.1,72.0,89.0,0.04,0.0,0.0,9.12,59.0,5.4,0.0,0.0,63.5,0.5,0.0,0.0,0.0,11.7,0.0,0.0,0.0,0.0,1.0,0.0,0.0,-0.9993706508539969,0.03547255575312556,-0.07090046226091157,-0.9974833955766828
119364,124448.0,130746.0,144392.0,130336.0,126466.0,156396.0,164625.0,136374.0,175819.0,132035.42857142858,135089.4,52.0,66.0,59.0,44.4,65.0,83.0,0.0,0.0,0.0,17.84,3.0,11.26,0.0,0.0,61.3,0.3,0.0,1.0,0.0,11.65,0.0,0.0,0.0,0.0,0.0,1.0,0.0,-0.9986126020839734,0.052658056924614005,-0.10516999849234956,-0.9944542580818482
106734,119364.0,124448.0,130746.0,121738.0,104631.0,123692.0,135671.0,127648.0,136374.0,130468.0,133746.73333333334,51.0,67.0,59.0,48.2,74.0,91.0,0.0,0.0,0.0,14.04,38.0,10.67,0.0,0.0,59.0,0.0,0.0,1.0,0.0,11.61,0.0,0.0,0.0,0.0,0.0,0.0,1.0,-0.9975590477788613,0.06982797572987089,-0.1393150579548309,-0.9902481076109372
105318,106734.0,119364.0,124448.0,128592.0,102087.0,125168.0,134051.0,111215.0,127648.0,128324.57142857143,131801.53333333333,53.0,70.0,61.5,51.4,77.0,91.0,0.0,0.0,0.0,14.91,24.0,11.01,0.0,0.0,59.8,0.0,0.0,0.0,0.0,11.56,1.0,0.0,0.0,0.0,0.0,0.0,0.0,-0.9962102997023297,0.0869772313136861,-0.17329522734857217,-0.9848699224660111
117408,105318.0,106734.0,119364.0,143996.0,113299.0,140333.0,139862.0,115438.0,111215.0,124999.71428571428,129824.63333333332,57.0,69.0,63.0,51.5,73.0,99.0,0.0,0.0,0.0,17.02,12.0,11.09,0.0,0.0,61.2,0.0,0.0,0.0,0.0,11.52,0.0,1.0,0.0,0.0,0.0,0.0,0.0,-0.9945667569706337,0.1041007489354256,-0.20707028853384077,-0.9783260681421669
118881,117408.0,105318.0,106734.0,144392.0,115339.0,120318.0,160943.0,140154.0,115438.0,121201.42857142857,129215.86666666668,60.0,74.0,67.0,50.8,64.0,91.0,0.02,0.0,0.0,14.7,36.0,9.48,0.0,2.0,63.8,0.7,0.0,0.0,0.0,11.47,0.0,0.0,1.0,0.0,0.0,0.0,0.0,-0.9926289059345095,0.121193461470736,-0.2406002661322256,-0.9706242897934825
121276,118881.0,117408.0,105318.0,130746.0,122567.0,122745.0,163131.0,128499.0,140154.0,117557.0,128710.2,53.0,64.0,58.5,40.8,54.0,70.0,0.0,0.0,0.0,17.08,5.0,11.0,0.0,0.0,62.8,0.7,0.0,0.0,0.0,11.43,0.0,0.0,0.0,1.0,0.0,0.0,0.0,-0.9903973200352558,0.1382503109109819,-0.2738454748405547,-0.9617737030660337
115797,121276.0,118881.0,117408.0,124448.0,126418.0,132433.0,173525.0,124031.0,128499.0,116204.14285714286,128090.66666666669,50.0,69.0,59.5,44.9,63.0,77.0,0.0,0.0,0.0,15.33,26.0,10.5,0.0,0.0,61.7,0.7,0.0,0.0,0.0,11.38,0.0,0.0,0.0,0.0,1.0,0.0,0.0,-0.9878726596350429,0.15526624985999563,-0.30676656640150596,-0.9517847833088268
115621,115797.0,121276.0,118881.0,119364.0,130336.0,126466.0,156396.0,124796.0,124031.0,114968.28571428572,126585.8,58.0,71.0,64.5,54.5,70.0,86.0,0.0,0.0,0.0,15.15,58.0,10.47,0.0,0.0,60.8,0.0,0.0,1.0,0.0,11.34,0.0,0.0,0.0,0.0,0.0,1.0,0.0,-0.9850556718215013,0.172236243027682,-0.3393245761752893,-0.9406693531754186
109591,115621.0,115797.0,121276.0,106734.0,121738.0,104631.0,123692.0,123347.0,124796.0,114433.57142857143,125002.13333333332,57.0,67.0,62.0,54.1,74.0,93.0,0.0,0.0,0.0,7.51,98.0,3.33,0.0,0.0,62.0,0.0,0.0,1.0,0.0,11.29,0.0,0.0,0.0,0.0,0.0,0.0,1.0,-0.981947190186646,0.18915526872004093,-0.37148096925728835,-0.9284405686308982
109203,109591.0,115621.0,115797.0,105318.0,128592.0,102087.0,125168.0,112699.0,123347.0,114841.71428571428,122871.0,49.0,57.0,53.0,51.6,89.0,93.0,0.96,0.0,0.0,2.74,100.0,0.0,0.0,0.0,59.8,0.0,0.0,0.0,1.0,11.25,1.0,0.0,0.0,0.0,0.0,0.0,0.0,-0.9785481345802031,0.20601832032517084,-0.40319768608708534,-0.9151129033807907
115034,109203.0,109591.0,115621.0,117408.0,143996.0,113299.0,140333.0,111027.0,112699.0,115396.71428571428,121297.9,53.0,58.0,55.5,54.2,91.0,95.0,0.34,0.0,0.0,2.79,87.0,0.77,0.0,0.0,56.8,0.0,0.0,0.0,0.0,11.21,0.0,1.0,0.0,0.0,0.0,0.0,0.0,-0.9748595108374125,0.22282040779479959,-0.4344371874948622,-0.9007021317403184
117329,115034.0,109203.0,109591.0,118881.0,144392.0,115339.0,120318.0,124046.0,111027.0,115057.57142857143,121009.3,50.0,67.0,58.5,46.7,68.0,90.0,0.0,0.0,0.0,16.04,4.0,10.81,0.0,0.0,55.7,0.0,0.0,0.0,0.0,11.16,0.0,0.0,1.0,0.0,0.0,0.0,0.0,-0.9708824104813836,0.23955655912092708,-0.46516249913190355,-0.8852253099642835
116042,117329.0,115034.0,109203.0,121276.0,130746.0,122567.0,122745.0,124453.0,124046.0,114835.85714285714,120748.0,57.0,71.0,64.0,54.2,78.0,88.0,0.0,0.0,0.0,15.42,56.0,10.79,0.0,0.0,59.3,0.0,0.0,0.0,0.0,11.12,0.0,0.0,0.0,1.0,0.0,0.0,0.0,-0.9666180104000972,0.2562218218071163,-0.4953372552325659,-0.8687007560596848
118942,116042.0,117329.0,115034.0,115797.0,124448.0,126418.0,132433.0,127824.0,124453.0,114088.14285714286,119938.3,47.0,66.0,56.5,53.8,88.0,94.0,1.36,0.0,0.0,1.73,92.0,0.0,0.0,0.0,59.7,0.0,0.0,0.0,0.0,11.07,0.0,0.0,0.0,0.0,1.0,0.0,0.0,-0.9620675724981452,0.27281126433401914,-0.5249257416559593,-0.8511480281049478
119472,118942.0,116042.0,117329.0,115621.0,119364.0,130336.0,126466.0,124308.0,127824.0,114537.42857142857,119892.43333333332,44.0,59.0,51.5,40.1,67.0,89.0,0.01,0.0,0.0,15.95,23.0,10.76,0.0,0.0,57.3,0.0,0.0,1.0,0.0,11.03,0.0,0.0,0.0,0.0,0.0,1.0,0.0,-0.957232443323312,0.28931997761869527,-0.5538929381563792,-0.8325879011014353
106085,119472.0,118942.0,116042.0,109591.0,106734.0,121738.0,104631.0,123510.0,124308.0,115087.57142857143,119783.33333333331,46.0,62.0,54.0,44.8,72.0,86.0,0.0,0.0,0.0,12.69,46.0,10.74,0.0,0.0,54.0,0.0,0.0,1.0,0.0,10.99,0.0,0.0,0.0,0.0,0.0,0.0,1.0,-0.9521140536681102,0.3057430764672831,-0.5822045598324479,-0.8130423423846421
104650,106085.0,119472.0,118942.0,109203.0,105318.0,128592.0,102087.0,112395.0,123510.0,114586.71428571428,118905.06666666668,51.0,65.0,58.0,51.9,83.0,96.0,0.0,0.0,0.0,9.72,80.0,9.41,0.0,0.0,54.5,0.0,0.0,0.0,0.0,10.95,1.0,0.0,0.0,0.0,0.0,0.0,0.0,-0.9467139181463862,0.3220757010206104,-0.6098270977059321,-0.7925344856241648
116323,104650.0,106085.0,119472.0,115034.0,117408.0,143996.0,113299.0,112976.0,112395.0,113936.28571428572,118177.86666666668,57.0,71.0,64.0,58.9,90.0,97.0,0.0,0.0,0.0,9.22,61.0,7.35,0.0,0.0,58.7,0.0,0.0,0.0,0.0,10.9,0.0,1.0,0.0,0.0,0.0,0.0,0.0,-0.9410336347451197,0.3383130181923076,-0.636727858382198,-0.7710886034432227
120125,116323.0,104650.0,106085.0,117329.0,118881.0,144392.0,115339.0,125350.0,112976.0,114120.42857142857,118567.6,59.0,68.0,63.5,61.4,96.0,100.0,0.0,0.0,0.0,6.93,87.0,4.24,0.0,0.0,61.8,0.0,0.0,0.0,0.0,10.86,0.0,0.0,1.0,0.0,0.0,0.0,0.0,-0.9350748843515574,0.3544502230989869,-0.6628750027453377,-0.7487300786901568
122147,120125.0,116323.0,104650.0,116042.0,121276.0,130746.0,122567.0,127288.0,125350.0,114519.85714285714,119168.86666666668,64.0,68.0,66.0,63.1,94.0,100.0,0.0,0.0,0.0,6.25,81.0,2.41,0.0,1.0,64.5,0.3,0.0,0.0,0.0,10.82,0.0,0.0,0.0,1.0,0.0,0.0,0.0,-0.9288394302558068,0.3704825404820963,-0.6882375836422284,-0.7254853743958638
125364,122147.0,120125.0,116323.0,118942.0,115797.0,124448.0,126418.0,126354.0,127288.0,115392.0,119463.8,63.0,69.0,66.0,62.0,94.0,100.0,0.0,0.0,0.0,6.4,89.0,5.35,0.0,1.0,65.2,0.7,0.0,0.0,0.0,10.78,0.0,0.0,0.0,0.0,1.0,0.0,0.0,-0.9223291176290545,0.3864052261209853,-0.7127855825108473,-0.7013820024527804
123335,125364.0,122147.0,120125.0,119472.0,115621.0,119364.0,130336.0,125188.0,126354.0,116309.42857142857,119797.96666666666,48.0,69.0,58.5,54.5,79.0,98.0,0.0,0.0,0.0,6.69,80.0,4.91,0.0,0.0,63.5,0.7,0.0,1.0,0.0,10.74,0.0,0.0,0.0,0.0,0.0,1.0,0.0,-0.9155458729775467,0.40221356823680365,-0.7364899449095569,-0.6764484910524361
110835,123335.0,125364.0,122147.0,106085.0,109591.0,106734.0,121738.0,125217.0,125188.0,116861.28571428572,119823.56666666668,45.0,53.0,49.0,37.4,66.0,93.0,0.02,0.0,0.0,6.8,100.0,3.25,1.0,0.0,57.8,0.3,0.3,1.0,0.0,10.69,0.0,0.0,0.0,0.0,0.0,0.0,1.0,-0.9084917035725082,0.41790288888678667,-0.7593226149052589,-0.6507143509201561
105630,110835.0,123335.0,125364.0,104650.0,109203.0,105318.0,128592.0,113463.0,125217.0,117539.85714285714,119304.13333333332,51.0,59.0,55.0,52.8,88.0,96.0,0.02,0.0,0.0,3.73,100.0,0.08,0.0,0.0,54.2,0.0,0.3,0.0,0.0,10.65,1.0,0.0,0.0,0.0,0.0,0.0,0.0,-0.9011686968561569,0.4334685453485363,-0.7812565682797488,-0.6242100403868479
118637,105630.0,110835.0,123335.0,116323.0,115034.0,117408.0,143996.0,115405.0,113463.0,117679.85714285714,118480.6,52.0,59.0,55.5,49.5,77.0,97.0,0.0,0.0,0.0,9.55,94.0,6.33,0.0,0.0,53.2,0.0,0.3,0.0,0.0,10.61,0.0,1.0,0.0,0.0,0.0,0.0,0.0,-0.8935790198239952,0.4489059314938798,-0.8022658445149573,-0.5969669293392242
117580,118637.0,105630.0,110835.0,120125.0,117329.0,118881.0,144392.0,125913.0,115405.0,118010.42857142857,118377.23333333334,52.0,57.0,54.5,50.5,84.0,95.0,0.11,0.0,0.0,3.45,96.0,1.33,0.0,0.0,55.0,0.0,0.0,0.0,0.0,10.57,0.0,0.0,1.0,0.0,0.0,0.0,0.0,-0.8857249183835637,0.4642104791518923,-0.8223255775192096,-0.5690172620911411
118593,117580.0,118637.0,105630.0,122147.0,116042.0,121276.0,130746.0,126989.0,125913.0,117646.85714285714,118010.16666666669,46.0,56.0,51.0,48.6,91.0,94.0,1.53,0.0,0.0,1.11,100.0,0.0,0.0,0.0,53.7,0.0,0.0,0.0,0.0,10.53,0.0,0.0,0.0,1.0,0.0,0.0,0.0,-0.8776087166898392,0.4793776594606945,-0.8414120250581577,-0.5403941192199728
120202,118593.0,117580.0,118637.0,125364.0,118942.0,115797.0,124448.0,129033.0,126989.0,117139.14285714286,117163.4,37.0,47.0,42.0,38.0,87.0,99.0,0.64,0.0,0.0,2.36,82.0,0.44,8.0,0.0,49.2,0.0,2.7,0.0,0.0,10.49,0.0,0.0,0.0,0.0,1.0,0.0,0.0,-0.8692328164574792,0.49440298420761813,-0.8595025968555411,-0.5111313784132033
122224,120202.0,118593.0,117580.0,123335.0,119472.0,115621.0,119364.0,133604.0,129033.0,116401.71428571428,116357.06666666668,32.0,46.0,39.0,30.1,70.0,88.0,0.0,0.0,0.0,13.28,26.0,10.19,11.0,0.0,44.0,0.0,6.3,1.0,0.0,10.45,0.0,0.0,0.0,0.0,0.0,1.0,0.0,-0.8605996962501181,0.5092820071573356,-0.876575881330507,-0.4812636743715911
112805,122224.0,120202.0,118593.0,110835.0,106085.0,109591.0,106734.0,125014.0,133604.0,116243.0,116073.0,43.0,55.0,49.0,42.2,78.0,94.0,0.4,0.0,0.0,5.96,77.0,4.13,1.0,0.0,43.3,0.0,6.7,1.0,0.0,10.41,0.0,0.0,0.0,0.0,0.0,0.0,1.0,-0.8517119107469189,0.5240103253675756,-0.8926116709398649,-0.45082635781633507
114855,112805.0,122224.0,120202.0,105630.0,104650.0,109203.0,105318.0,114591.0,125014.0,116524.42857142857,115684.9,38.0,44.0,41.0,24.3,53.0,79.0,0.0,0.0,0.0,11.42,31.0,9.76,9.0,0.0,43.0,0.0,7.0,0.0,0.0,10.37,1.0,0.0,0.0,0.0,0.0,0.0,0.0,-0.8425720899866032,0.5385835804920232,-0.9075909860952637,-0.4198554536487849
123419,114855.0,112805.0,122224.0,118637.0,116323.0,115034.0,117408.0,117766.0,114591.0,117842.28571428572,115534.6,40.0,53.0,46.5,29.4,53.0,75.0,0.0,0.0,0.0,8.56,50.0,7.85,3.5,0.0,45.5,0.0,4.5,0.0,0.0,10.33,0.0,1.0,0.0,0.0,0.0,0.0,0.0,-0.8331829385891785,0.5529974600700271,-0.9214960976269942,-0.3883876183121974
122065,123419.0,114855.0,112805.0,117580.0,120125.0,117329.0,118881.0,127118.0,117766.0,118525.42857142857,116090.76666666666,40.0,62.0,51.0,39.6,70.0,82.0,0.0,0.0,0.0,12.2,10.0,9.79,0.0,0.0,46.2,0.0,4.2,0.0,0.0,10.29,0.0,0.0,1.0,0.0,0.0,0.0,0.0,-0.8235472349556007,0.5672476988027229,-0.9343105477678197,-0.3564600964060307
120534,122065.0,123419.0,114855.0,118593.0,122147.0,116042.0,121276.0,127372.0,127118.0,119166.14285714286,116649.0,52.0,67.0,59.5,46.0,75.0,90.0,0.0,0.0,0.0,11.78,42.0,9.65,0.0,0.0,52.3,0.0,1.2,0.0,0.0,10.25,0.0,0.0,0.0,1.0,0.0,0.0,0.0,-0.8136678304455991,0.5813300798152042,-0.9460191696320084,-0.32411067660409654
118616,120534.0,122065.0,123419.0,120202.0,125364.0,118942.0,115797.0,127199.0,127372.0,119443.42857142857,116753.2,56.0,70.0,63.0,49.2,76.0,91.0,0.0,0.0,0.0,11.07,44.0,8.78,0.0,0.0,57.8,0.0,0.0,0.0,0.0,10.21,0.0,0.0,0.0,0.0,1.0,0.0,0.0,-0.8035476485339116,0.5952404359043674,-0.9566081051665098,-0.29137764692875745
117652,118616.0,120534.0,122065.0,122224.0,123335.0,119472.0,115621.0,128255.0,127199.0,119216.85714285714,116744.36666666668,56.0,74.0,65.0,47.7,69.0,88.0,0.0,0.0,0.0,11.78,13.0,9.68,0.0,0.0,62.5,0.0,0.0,1.0,0.0,10.18,0.0,0.0,0.0,0.0,0.0,1.0,0.0,-0.7931896839451843,0.6089746507720486,-0.9660648215530205,-0.25829974943412287
108576,117652.0,118616.0,120534.0,112805.0,110835.0,106085.0,109591.0,131662.0,128255.0,118563.71428571428,116623.56666666668,56.0,75.0,65.5,48.6,75.0,88.0,0.0,0.0,0.0,11.76,10.0,9.67,0.0,0.5,64.5,0.2,0.0,1.0,0.0,10.14,0.0,0.0,0.0,0.0,0.0,0.0,1.0,-0.7825970017677834,0.6225286602431057,-0.9743781260415392,-0.22491613435184774
107166,108576.0,117652.0,118616.0,114855.0,105630.0,104650.0,109203.0,123213.0,131662.0,117959.57142857143,116382.86666666668,54.0,75.0,64.5,49.7,81.0,92.0,0.0,0.0,0.0,11.55,0.0,9.66,0.0,0.0,65.0,0.2,0.0,0.0,0.0,10.1,1.0,0.0,0.0,0.0,0.0,0.0,0.0,-0.7717727365467836,0.6358984534680745,-0.9815381791978468,-0.19126631375382222
119150,107166.0,108576.0,117652.0,123419.0,118637.0,116323.0,115034.0,118125.0,123213.0,116861.14285714286,116101.03333333334,60.0,74.0,67.0,56.4,88.0,98.0,0.0,0.0,0.0,9.95,14.0,8.94,0.0,2.0,65.7,0.8,0.0,0.0,0.0,10.07,0.0,1.0,0.0,0.0,0.0,0.0,0.0,-0.7607200913564104,0.6490800741100398,-0.9875365065492301,-0.15739011478661072
121202,119150.0,107166.0,108576.0,122065.0,117580.0,120125.0,117329.0,126543.0,118125.0,116251.28571428572,116419.66666666669,64.0,72.0,68.0,62.4,94.0,98.0,0.78,0.0,0.0,3.2,68.0,1.06,0.0,3.0,66.5,1.7,0.0,0.0,1.0,10.03,0.0,0.0,1.0,0.0,0.0,0.0,0.0,-0.7494423368521954,0.6620696215153815,-0.9923660086146721,-0.12332763253295889
122832,121202.0,119150.0,107166.0,120534.0,118593.0,122147.0,116042.0,133748.0,126543.0,116128.0,116819.63333333332,46.0,68.0,57.0,52.0,88.0,100.0,0.24,0.0,0.0,1.76,100.0,0.0,0.0,0.0,64.0,1.7,0.0,0.0,0.0,10.0,0.0,0.0,0.0,1.0,0.0,0.0,0.0,-0.7379428103031386,0.6748632518680403,-0.9960209693076331,-0.08911918255618792
121526,122832.0,121202.0,119150.0,118616.0,120202.0,125364.0,118942.0,142020.0,133748.0,116456.28571428572,117079.56666666668,47.0,50.0,48.5,45.0,90.0,95.0,0.19,0.0,0.0,2.2,71.0,0.5,1.5,0.0,57.8,1.0,0.5,0.0,0.0,9.96,0.0,0.0,0.0,0.0,1.0,0.0,0.0,-0.7262249146041543,0.6874571793269664,-0.9984970627014779,-0.054805253183622435
119467,121526.0,122832.0,121202.0,117652.0,122224.0,123335.0,119472.0,138742.0,142020.0,116872.0,117219.46666666666,42.0,52.0,47.0,34.7,68.0,87.0,0.0,0.0,0.0,11.19,15.0,9.47,3.0,0.0,50.8,0.0,1.5,1.0,0.0,9.93,0.0,0.0,0.0,0.0,0.0,1.0,0.0,-0.7142921172691032,0.699847677146407,-0.9997913581495419,-0.020426457585556834
109822,119467.0,121526.0,122832.0,108576.0,112805.0,110835.0,106085.0,133823.0,138742.0,117131.28571428572,117333.63333333332,41.0,64.0,52.5,42.1,76.0,88.0,0.07,0.0,0.0,6.17,58.0,5.79,0.0,0.0,49.3,0.0,1.5,1.0,0.0,9.9,0.0,0.0,0.0,0.0,0.0,0.0,1.0,-0.7021479494046978,0.7120310787787131,-0.9999023237537765,0.01397651429355571
109321,109822.0,119467.0,121526.0,107166.0,114855.0,105630.0,104650.0,125179.0,133823.0,117309.28571428572,117029.63333333332,44.0,55.0,49.5,31.4,54.0,76.0,0.0,0.0,0.0,10.86,8.0,9.4,0.5,0.0,49.7,0.0,1.2,0.0,0.0,9.86,1.0,0.0,0.0,0.0,0.0,0.0,0.0,-0.6897960046655887,0.7240037789593305,-0.9988298281778684,0.04836294389478229
118680,109321.0,109822.0,119467.0,119150.0,123419.0,118637.0,116323.0,125216.0,125179.0,117617.14285714286,116691.26666666666,36.0,50.0,43.0,28.9,62.0,74.0,0.0,0.0,0.0,5.7,46.0,6.11,7.0,0.0,48.3,0.0,2.5,0.0,0.0,9.83,0.0,1.0,0.0,0.0,0.0,0.0,0.0,-0.6772399381909491,0.7357622347736527,-0.996575140802686,0.08269213223823901
122273,118680.0,109321.0,109822.0,121202.0,122065.0,117580.0,120125.0,136383.0,125216.0,117550.0,117111.1,30.0,36.0,33.0,16.3,50.0,61.0,0.0,0.0,0.0,10.89,19.0,9.41,17.0,0.0,41.8,0.0,8.2,0.0,0.0,9.8,0.0,0.0,1.0,0.0,0.0,0.0,0.0,-0.6644834655228552,0.7473029667054296,-0.9931409302238695,0.11692344809347308
128163,122273.0,118680.0,109321.0,122832.0,120534.0,118593.0,122147.0,133618.0,136383.0,117703.0,117698.53333333334,30.0,48.0,39.0,24.1,62.0,78.0,0.0,0.0,0.0,8.93,42.0,9.23,11.0,0.0,38.3,0.0,11.7,0.0,0.0,9.77,0.0,0.0,0.0,1.0,0.0,0.0,0.0,-0.6515303615068021,0.75862255966641,-0.9885312610933433,0.15101637606963153
126776,128163.0,122273.0,118680.0,121526.0,118616.0,120202.0,125364.0,134216.0,133618.0,118464.57142857143,118093.2,45.0,63.0,54.0,36.7,64.0,74.0,0.0,0.0,0.0,10.22,14.0,9.24,0.0,0.0,42.0,0.0,9.3,0.0,0.0,9.74,0.0,0.0,0.0,0.0,1.0,0.0,0.0,-0.6383844591746642,0.7697176640069211,-0.9827515893084885,0.1849305645685428
120227,126776.0,128163.0,122273.0,119467.0,117652.0,122224.0,123335.0,132941.0,134216.0,119214.57142857143,118314.9,49.0,64.0,56.5,39.0,62.0,78.0,0.0,0.0,0.0,9.38,31.0,9.0,0.0,0.0,49.8,0.0,3.7,1.0,0.0,9.71,0.0,0.0,0.0,0.0,0.0,1.0,0.0,-0.6250496486104377,0.7805849965070866,-0.9758087555546684,0.2186258735439368
108928,120227.0,126776.0,128163.0,109822.0,108576.0,112805.0,110835.0,132644.0,132941.0,119323.14285714286,118250.9,44.0,59.0,51.5,38.2,74.0,90.0,0.0,0.0,0.0,2.46,95.0,0.0,0.0,0.0,54.0,0.0,0.0,1.0,0.0,9.68,0.0,0.0,0.0,0.0,0.0,0.0,1.0,-0.6115298757991053,0.7912213413483807,-0.9677109772087535,0.25206242201026163
109824,108928.0,120227.0,126776.0,109321.0,107166.0,114855.0,105630.0,122927.0,132644.0,119195.42857142857,117703.03333333334,42.0,60.0,51.0,41.6,74.0,96.0,0.54,0.0,0.0,6.46,52.0,5.26,0.0,0.0,53.0,0.0,0.0,0.0,0.0,9.65,1.0,0.0,0.0,0.0,0.0,0.0,0.0,-0.5978291414589552,0.801623551065242,-0.9584678386132249,0.28520063524489725
119483,109824.0,108928.0,120227.0,118680.0,119150.0,123419.0,118637.0,122128.0,122927.0,119267.28571428572,117252.66666666669,41.0,48.0,44.5,30.2,66.0,83.0,0.0,0.0,0.0,7.77,46.0,8.14,5.5,0.0,49.0,0.0,1.8,0.0,0.0,9.62,0.0,1.0,0.0,0.0,0.0,0.0,0.0,-0.5839514998576998,0.8117885474764613,-0.9480902797323661,0.31800129162788576
121288,119483.0,109824.0,108928.0,122273.0,121202.0,122065.0,117580.0,132542.0,122128.0,119382.0,117540.93333333332,45.0,56.0,50.5,38.3,75.0,88.0,0.0,0.0,0.0,5.89,88.0,4.31,0.0,0.0,48.7,0.0,1.8,0.0,0.0,9.6,0.0,0.0,1.0,0.0,0.0,0.0,0.0,-0.5699010576127624,0.8217133225960589,-0.936590583203982,0.3504255690637097
119281,121288.0,119483.0,109824.0,128163.0,122832.0,120534.0,118593.0,130426.0,132542.0,119241.28571428572,118062.86666666668,55.0,65.0,60.0,51.6,87.0,95.0,0.79,0.0,0.0,4.53,60.0,4.83,0.0,0.0,51.7,0.0,1.8,0.0,1.0,9.57,0.0,0.0,0.0,1.0,0.0,0.0,0.0,-0.5556819724760489,0.8313949395234058,-0.9239823598019431,0.3824350909302552
109892,119281.0,121288.0,119483.0,126776.0,121526.0,118616.0,120202.0,128403.0,130426.0,117972.42857142857,118084.33333333331,51.0,63.0,57.0,44.0,77.0,94.0,0.0,0.0,0.0,8.22,25.0,8.96,0.0,0.0,55.8,0.0,0.0,0.0,0.0,9.55,0.0,0.0,0.0,0.0,1.0,0.0,0.0,-0.5412984521036173,0.8408305333122887,-0.9102805323268018,0.41399197150045597
112019,109892.0,119281.0,121288.0,120227.0,119467.0,117652.0,122224.0,115759.0,128403.0,115560.42857142857,117828.06666666668,44.0,56.0,50.0,37.1,69.0,90.0,0.0,0.0,0.0,7.21,37.0,7.36,0.0,0.0,55.7,0.0,0.0,1.0,0.0,9.52,0.0,0.0,0.0,0.0,0.0,1.0,0.0,-0.5267547528105542,0.8500173118187018,-0.895501317943504,0.44505886078298396
108414,112019.0,109892.0,119281.0,108928.0,109822.0,108576.0,112805.0,126365.0,115759.0,114387.85714285714,117608.93333333332,41.0,54.0,47.5,32.7,68.0,85.0,0.0,0.0,0.0,9.59,20.0,9.11,2.5,0.0,51.5,0.0,0.8,1.0,0.0,9.5,0.0,0.0,0.0,0.0,0.0,0.0,1.0,-0.5120551783114646,0.8589525565270845,-0.8796622089871292,0.47559898872882833
108279,108414.0,112019.0,109892.0,109824.0,109321.0,107166.0,114855.0,122415.0,126365.0,114314.42857142857,117216.0,50.0,63.0,56.5,50.3,88.0,97.0,0.98,0.0,0.0,0.79,95.0,0.0,0.0,0.0,51.3,0.0,0.8,0.0,0.0,9.48,1.0,0.0,0.0,0.0,0.0,0.0,0.0,-0.4972040784469378,0.8676336233547726,-0.8627819522593745,0.5055762087514626
121164,108279.0,108414.0,112019.0,119483.0,118680.0,119150.0,123419.0,127480.0,122415.0,114093.71428571428,116751.16666666669,37.0,62.0,49.5,41.8,78.0,99.0,0.0,0.0,0.0,5.8,57.0,8.35,0.5,0.0,51.2,0.0,1.0,0.0,0.0,9.46,0.0,1.0,0.0,0.0,0.0,0.0,0.0,-0.4822058478963526,0.8760579434344281,-0.8448805268402667,0.5349550405091192
120096,121164.0,108279.0,108414.0,121288.0,122273.0,121202.0,122065.0,141752.0,127480.0,114333.85714285714,117029.8,36.0,43.0,39.5,26.5,61.0,68.0,0.0,0.0,0.0,5.95,43.0,3.91,10.5,0.0,48.5,0.0,3.7,0.0,0.0,9.44,0.0,0.0,1.0,0.0,0.0,0.0,0.0,-0.46706492487743034,0.8842230238742036,-0.8259791204413984,0.5637007118984807
125808,120096.0,121164.0,108279.0,119281.0,128163.0,122832.0,120534.0,142575.0,141752.0,114163.57142857143,117204.5,35.0,50.0,42.5,25.8,57.0,78.0,0.0,0.0,0.0,9.35,40.0,8.86,7.5,0.0,43.8,0.0,6.2,0.0,0.0,9.42,0.0,0.0,0.0,1.0,0.0,0.0,0.0,-0.451785789832884,0.8921264484954345,-0.8061001043286312,0.5917792002101544
125099,125808.0,120096.0,121164.0,109892.0,126776.0,121526.0,118616.0,141162.0,142575.0,115096.0,117284.13333333332,44.0,52.0,48.0,36.4,73.0,93.0,0.11,0.0,0.0,4.33,82.0,4.0,2.0,0.0,43.3,0.0,6.7,0.0,0.0,9.4,0.0,0.0,0.0,0.0,1.0,0.0,0.0,-0.4363729641045924,0.8997658785476209,-0.7852670068439961,0.6191572723971441
123623,125099.0,125808.0,120096.0,112019.0,120227.0,119467.0,117652.0,139469.0,141162.0,117268.42857142857,117385.26666666666,39.0,47.0,43.0,36.9,82.0,96.0,1.02,0.0,0.0,2.62,73.0,3.1,7.0,0.0,44.5,0.0,5.5,1.0,0.0,9.38,0.0,0.0,0.0,0.0,0.0,1.0,0.0,-0.42083100859565564,0.9071390534005044,-0.7635044855580851,0.6458025244087264
116918,123623.0,125099.0,125808.0,108414.0,108928.0,109822.0,108576.0,138082.0,139469.0,118926.14285714286,117488.23333333334,33.0,40.0,36.5,21.8,56.0,65.0,0.0,0.0,0.0,8.72,21.0,8.71,13.5,0.0,42.5,0.0,7.5,1.0,0.0,9.36,0.0,0.0,0.0,0.0,0.0,0.0,1.0,-0.4051645224207563,0.9142437912130223,-0.7408382980859317,0.6716834195431209
117329,116918.0,123623.0,125099.0,108279.0,109824.0,109321.0,107166.0,129152.0,138082.0,120141.0,117431.63333333332,32.0,40.0,36.0,22.9,65.0,80.0,0.0,0.0,0.0,7.65,37.0,7.68,14.0,0.0,38.5,0.0,11.5,0.0,0.0,9.35,1.0,0.0,0.0,0.0,0.0,0.0,0.0,-0.3893781415452015,0.9210779895789526,-0.717295271600886,0.6967693257736101
129894,117329.0,116918.0,123623.0,121164.0,119483.0,118680.0,119150.0,127945.0,129152.0,121433.85714285714,117420.86666666668,30.0,36.0,33.0,20.5,61.0,78.0,0.0,0.0,0.0,7.87,63.0,7.32,17.0,0.0,35.2,0.0,14.8,0.0,0.0,9.33,0.0,1.0,0.0,0.0,0.0,0.0,0.0,-0.37347653741307074,0.9276396261490467,-0.6929032710826029,0.7210305520038863
133566,129894.0,117329.0,116918.0,120096.0,121288.0,122273.0,121202.0,136920.0,127945.0,122681.0,118131.46666666666,31.0,38.0,34.5,24.9,70.0,78.0,0.05,0.0,0.0,4.72,72.0,3.53,15.5,0.0,34.5,0.0,15.5,0.0,0.0,9.32,0.0,0.0,1.0,0.0,0.0,0.0,0.0,-0.3574644155648614,0.9339267592294762,-0.6676911663366994,0.7444383832097441
133914,133566.0,129894.0,117329.0,125808.0,119281.0,128163.0,122832.0,133868.0,136920.0,124605.28571428572,119011.46666666666,36.0,49.0,42.5,31.3,74.0,89.0,0.0,0.0,0.0,8.25,11.0,8.44,7.5,0.0,36.7,0.0,13.3,0.0,0.0,9.31,0.0,0.0,0.0,1.0,0.0,0.0,0.0,-0.34134651424503615,0.9399375283564133,-0.641688797825113,0.7669651144255266
128387,133914.0,133566.0,129894.0,125099.0,109892.0,126776.0,121526.0,140390.0,133868.0,125763.28571428572,119503.6,39.0,57.0,48.0,34.4,82.0,93.0,0.0,0.0,0.0,8.31,32.0,8.59,2.0,0.0,41.7,0.0,8.3,0.0,0.0,9.3,0.0,0.0,0.0,0.0,1.0,0.0,0.0,-0.3251276029999093,0.9456701548465688,-0.6149269413476359,0.7885840835350667
125083,128387.0,133914.0,133566.0,123623.0,112019.0,120227.0,119467.0,143877.0,140390.0,126233.0,119743.1,46.0,58.0,52.0,44.7,94.0,98.0,0.0,0.0,0.0,2.32,77.0,0.56,0.0,0.0,47.5,0.0,3.2,1.0,0.0,9.29,0.0,0.0,0.0,0.0,0.0,1.0,0.0,-0.30881248126625377,0.9511229423235357,-0.587437271616382,0.8092697028283593
115626,125083.0,128387.0,133914.0,116918.0,108414.0,108928.0,109822.0,140211.0,143877.0,126441.57142857143,119818.13333333332,47.0,62.0,54.5,43.7,81.0,94.0,0.0,0.0,0.0,7.36,66.0,8.71,0.0,0.0,51.5,0.0,0.7,1.0,0.0,9.28,0.0,0.0,0.0,0.0,0.0,0.0,1.0,-0.29240597695107734,0.9562942772197719,-0.5592523247663436,0.828997489286572
111408,115626.0,125083.0,128387.0,117329.0,108279.0,109824.0,109321.0,126146.0,140211.0,126257.0,119621.46666666666,35.0,47.0,41.0,33.2,84.0,97.0,0.26,0.0,0.0,1.61,84.0,0.0,9.0,0.0,49.2,0.0,3.0,0.0,0.0,9.27,1.0,0.0,0.0,0.0,0.0,0.0,0.0,-0.27591294500296043,0.9611826292540837,-0.5304054598463659,0.8477440935595867
127287,111408.0,115626.0,125083.0,129894.0,121164.0,119483.0,118680.0,124792.0,126146.0,125411.14285714286,119352.83333333331,30.0,39.0,34.5,18.9,56.0,65.0,0.0,0.0,0.0,8.25,45.0,8.69,15.5,0.0,43.3,0.0,8.2,0.0,0.0,9.26,0.0,1.0,0.0,0.0,0.0,0.0,0.0,-0.2593382659754056,0.9657865518844574,-0.5009308193361626,0.8654873276017395
131009,127287.0,111408.0,115626.0,133566.0,120096.0,121288.0,122273.0,142334.0,124792.0,125038.71428571428,119935.0,24.0,31.0,27.5,17.1,64.0,88.0,0.86,6.5,0.0,2.84,95.0,1.13,22.5,0.0,34.3,0.0,15.7,0.0,0.0,9.25,0.0,0.0,1.0,0.0,0.0,0.0,0.0,-0.2426868445825954,0.9701046827361175,-0.4708632887360563,0.8822061909330864
137711,131009.0,127287.0,111408.0,133914.0,125808.0,119281.0,128163.0,145643.0,142334.0,124673.42857142857,120657.93333333332,24.0,33.0,28.5,21.9,81.0,91.0,0.66,4.0,9.1,3.54,86.0,0.85,21.5,0.0,30.2,0.0,19.8,0.0,0.0,9.25,0.0,0.0,0.0,1.0,0.0,0.0,0.0,-0.22596360824801906,0.974135744004672,-0.4402384552773285,0.8978808954950716
137467,137711.0,131009.0,127287.0,128387.0,125099.0,109892.0,126776.0,146073.0,145643.0,125215.85714285714,121292.3,24.0,32.0,28.0,16.4,75.0,88.0,0.0,0.0,7.9,8.36,41.0,7.39,22.0,0.0,28.0,0.0,22.0,0.0,0.0,9.25,0.0,0.0,0.0,0.0,1.0,0.0,0.0,-0.20917350564635637,0.9778785428342386,-0.40909256580197667,0.9124928890712274
139444,137467.0,137711.0,131009.0,125083.0,123623.0,112019.0,120227.0,155134.0,146073.0,126513.0,121798.76666666666,20.0,32.0,26.0,15.7,82.0,88.0,0.0,0.0,7.1,7.64,56.0,6.72,24.0,0.0,27.5,0.0,22.5,1.0,0.0,9.24,0.0,0.0,0.0,0.0,0.0,1.0,0.0,-0.19232150523909483,0.9813319716704275,-0.3774624838618108,0.9260248772451376
130836,139444.0,137467.0,137711.0,115626.0,116918.0,108414.0,108928.0,150697.0,155134.0,128564.57142857143,122174.8,31.0,40.0,35.5,25.5,85.0,98.0,0.01,0.0,5.9,4.0,88.0,1.4,14.5,0.0,29.8,0.0,20.2,1.0,0.0,9.24,0.0,0.0,0.0,0.0,0.0,0.0,1.0,-0.17541259380427843,0.9844950085880858,-0.345385646087603,0.9384608438697104
125645,130836.0,139444.0,137467.0,111408.0,117329.0,108279.0,109824.0,137208.0,150697.0,130737.42857142857,122310.13333333332,37.0,46.0,41.5,32.4,93.0,100.0,0.0,0.0,5.1,5.9,82.0,7.07,8.5,0.0,34.3,0.0,15.7,0.0,0.0,9.24,1.0,0.0,0.0,0.0,0.0,0.0,0.0,-0.15845177496083632,0.9873667175937016,-0.3129000178799537,0.949786070023521
130958,125645.0,130836.0,139444.0,127287.0,129894.0,121164.0,119483.0,128731.0,137208.0,132771.2857142857,122490.73333333334,38.0,46.0,42.0,30.1,80.0,94.0,0.0,0.0,3.1,8.02,41.0,7.12,8.0,0.0,39.7,0.0,10.3,0.0,0.0,9.24,0.0,1.0,0.0,0.0,0.0,0.0,0.0,-0.14144406768794202,0.9899462489023779,-0.2800440484743445,0.9599871514317777
129218,130958.0,125645.0,130836.0,131009.0,133566.0,120096.0,121288.0,134395.0,128731.0,133295.7142857143,123225.06666666668,36.0,45.0,40.5,28.1,75.0,87.0,0.0,0.0,2.0,8.31,67.0,8.59,9.5,0.0,41.3,0.0,8.7,0.0,0.0,9.24,0.0,0.0,1.0,0.0,0.0,0.0,0.0,-0.12439450483979998,0.9922328391893008,-0.2468566254334839,0.9690520143313219
128292,129218.0,130958.0,125645.0,137711.0,133914.0,125808.0,119281.0,129477.0,134395.0,133039.85714285713,123871.53333333334,43.0,59.0,51.0,45.9,84.0,93.0,0.24,0.0,1.2,4.25,93.0,4.36,0.0,0.0,44.5,0.0,5.8,0.0,0.0,9.25,0.0,0.0,0.0,1.0,0.0,0.0,0.0,-0.10730813165636247,0.9942258118156161,-0.21337702862092797,0.9769699297608415
121602,128292.0,129218.0,130958.0,137467.0,128387.0,125099.0,109892.0,119684.0,129477.0,131694.2857142857,124165.16666666669,29.0,61.0,45.0,44.5,84.0,96.0,0.92,0.0,0.0,0.91,94.0,0.0,5.0,0.0,45.5,0.0,4.8,0.0,1.0,9.25,0.0,0.0,0.0,0.0,1.0,0.0,0.0,-0.09019000427034513,0.9959245770286599,-0.179644883710313,0.9837315262594303
113711,121602.0,128292.0,129218.0,139444.0,125083.0,123623.0,112019.0,131981.0,119684.0,129427.85714285714,124175.63333333332,24.0,32.0,28.0,12.8,55.0,61.0,0.0,0.0,0.0,8.9,1.0,8.77,22.0,0.0,41.3,0.0,9.0,1.0,0.0,9.26,0.0,0.0,0.0,0.0,0.0,1.0,0.0,-0.07304518821104743,0.9973286321364752,-0.14570011528535065,0.9893288009584253
123588,113711.0,121602.0,128292.0,130836.0,115626.0,116918.0,108414.0,129502.0,131981.0,125751.71428571428,123989.96666666666,24.0,37.0,30.5,18.5,64.0,81.0,0.0,0.0,0.0,8.61,31.0,8.94,19.5,0.0,34.5,0.0,15.5,1.0,0.0,9.26,0.0,0.0,0.0,0.0,0.0,0.0,1.0,-0.05587875690537313,0.9984375616565666,-0.11158289958600157,0.9937551290534204
122776,123588.0,113711.0,121602.0,125645.0,111408.0,117329.0,108279.0,119817.0,129502.0,124716.28571428572,124446.5,35.0,50.0,42.5,32.8,76.0,87.0,0.0,0.0,0.0,5.31,57.0,5.53,7.5,0.0,33.7,0.0,16.3,0.0,0.0,9.27,1.0,0.0,0.0,0.0,0.0,0.0,0.0,-0.03869579017652689,0.9992510374388481,-0.07733361695682096,0.9970052716452285
126574,122776.0,123588.0,113711.0,130958.0,127287.0,129894.0,121164.0,120531.0,119817.0,124306.42857142857,124805.06666666668,30.0,43.0,36.5,19.3,56.0,77.0,0.0,0.0,0.0,8.06,21.0,7.1,13.5,0.0,36.5,0.0,13.5,0.0,0.0,9.28,0.0,1.0,0.0,0.0,0.0,0.0,0.0,-0.021501372740813793,0.999768818762748,-0.04299280405372191,0.9990753819405211
128663,126574.0,122776.0,123588.0,129218.0,131009.0,133566.0,120096.0,134843.0,120531.0,123680.14285714286,125410.4,28.0,43.0,35.5,21.2,64.0,74.0,0.0,0.0,0.0,6.69,91.0,5.56,14.5,0.0,38.2,0.0,11.8,0.0,0.0,9.29,0.0,0.0,1.0,0.0,0.0,0.0,0.0,-0.004300592702981974,0.9999907524084426,-0.008601105865714402,0.9999630098048061
130838,128663.0,126574.0,122776.0,128292.0,137711.0,133914.0,125808.0,131905.0,134843.0,123600.85714285714,126089.86666666668,36.0,48.0,42.0,34.3,74.0,92.0,0.48,0.0,0.0,2.68,92.0,0.08,8.0,0.0,38.0,0.0,12.0,0.0,0.0,9.3,0.0,0.0,0.0,1.0,0.0,0.0,0.0,0.012901459949419653,0.9999167727021953,0.02580077239154065,0.9996671046623471
125533,130838.0,128663.0,126574.0,121602.0,137467.0,128387.0,125099.0,124168.0,131905.0,123964.57142857143,126412.33333333331,33.0,40.0,36.5,27.2,78.0,94.0,0.62,0.0,0.0,5.44,83.0,4.47,13.5,0.0,38.0,0.0,12.0,0.0,1.0,9.31,0.0,0.0,0.0,0.0,1.0,0.0,0.0,0.017201575418260506,0.9998520419557735,0.03439806061360801,0.9994082116062598
119140,125533.0,130838.0,128663.0,113711.0,139444.0,125083.0,123623.0,135759.0,124168.0,124526.14285714286,126593.56666666668,36.0,51.0,43.5,35.9,81.0,99.0,0.05,0.0,0.0,7.2,65.0,7.76,6.5,0.0,40.7,0.0,9.3,1.0,0.0,9.33,0.0,0.0,0.0,0.0,0.0,1.0,0.0,0.03439806061360801,0.9994082116062598,0.06875540848113941,0.9976335468520451
117017,119140.0,125533.0,130838.0,123588.0,130836.0,115626.0,116918.0,133483.0,135759.0,125301.71428571428,126371.3,34.0,38.0,36.0,31.4,88.0,96.0,0.22,0.0,0.0,1.36,98.0,0.0,14.0,0.0,38.7,0.0,11.3,1.0,0.0,9.34,0.0,0.0,0.0,0.0,0.0,0.0,1.0,0.051584366869408364,0.9986686402879997,0.10303137904317879,0.9946781061893646
120616,117017.0,119140.0,125533.0,122776.0,125645.0,111408.0,117329.0,122924.0,133483.0,124363.0,126101.9,35.0,43.0,39.0,32.3,84.0,97.0,0.02,0.0,0.0,6.29,79.0,5.05,11.0,0.0,39.5,0.0,10.5,0.0,0.0,9.36,1.0,0.0,0.0,0.0,0.0,0.0,0.0,0.06875540848113941,0.9976335468520451,0.13718540405660057,0.9905453876091833
128719,120616.0,117017.0,119140.0,126574.0,130958.0,127287.0,129894.0,123997.0,122924.0,124054.42857142857,126001.66666666669,36.0,42.0,39.0,29.7,77.0,86.0,0.0,0.0,0.0,4.68,84.0,4.19,11.0,0.0,38.0,0.0,12.0,0.0,0.0,9.37,0.0,1.0,0.0,0.0,0.0,0.0,0.0,0.08590610426133272,0.9963032375991965,0.17117705961019986,0.985240282501282
128968,128719.0,120616.0,117017.0,128663.0,129218.0,131009.0,133566.0,138154.0,123997.0,124360.85714285714,126395.03333333334,34.0,41.0,37.5,25.6,70.0,91.0,0.0,0.0,0.0,8.54,32.0,8.76,12.5,0.0,38.5,0.0,11.5,0.0,0.0,9.39,0.0,0.0,1.0,0.0,0.0,0.0,0.0,0.10303137904317879,0.9946781061893646,0.20496611396949532,0.9787690698649216
129542,128968.0,128719.0,120616.0,130838.0,128292.0,137711.0,133914.0,136907.0,138154.0,124404.42857142857,126783.0,30.0,41.0,35.5,21.2,61.0,70.0,0.0,0.0,0.0,9.28,8.0,9.24,14.5,0.0,37.3,0.0,12.7,0.0,0.0,9.41,0.0,0.0,0.0,1.0,0.0,0.0,0.0,0.1201261651823505,0.9927586335250793,0.23851257519407648,0.9711394088771653
130964,129542.0,128968.0,128719.0,125533.0,121602.0,137467.0,128387.0,140076.0,136907.0,124219.28571428572,126771.26666666666,27.0,37.0,32.0,20.4,64.0,78.0,0.0,0.0,0.0,8.93,56.0,7.34,18.0,0.0,35.0,0.0,15.0,0.0,0.0,9.42,0.0,0.0,0.0,0.0,1.0,0.0,0.0,0.13718540405660057,0.9905453876091833,0.2717767384711357,0.9623603298276545
132855,130964.0,129542.0,128968.0,119140.0,113711.0,139444.0,125083.0,144582.0,140076.0,124995.14285714286,126684.53333333334,24.0,37.0,30.5,14.0,50.0,57.0,0.0,0.0,0.0,7.62,49.0,6.77,19.5,0.0,32.7,0.0,17.3,1.0,0.0,9.44,0.0,0.0,0.0,0.0,0.0,1.0,0.0,0.1542040475626894,0.988039023376751,0.3047192331091634,0.9524422234305676
125392,132855.0,130964.0,129542.0,117017.0,123588.0,130836.0,115626.0,137402.0,144582.0,126954.42857142857,126649.23333333334,29.0,41.0,35.0,21.0,65.0,82.0,0.0,0.0,0.0,9.37,39.0,9.3,15.0,0.0,32.5,0.0,17.5,1.0,0.0,9.47,0.0,0.0,0.0,0.0,0.0,0.0,1.0,0.17117705961019986,0.985240282501282,0.3373010691361842,0.9413968285264122
121856,125392.0,132855.0,130964.0,120616.0,122776.0,125645.0,111408.0,119972.0,137402.0,128150.85714285714,126549.4,28.0,37.0,32.5,21.9,75.0,85.0,0.0,0.0,0.0,3.87,69.0,0.0,17.5,0.0,32.7,0.0,17.3,0.0,0.0,9.49,1.0,0.0,0.0,0.0,0.0,0.0,0.0,0.18809941761179758,0.9821499931752291,0.3694836834473831,0.9292372181882051
133886,121856.0,125392.0,132855.0,128719.0,126574.0,130958.0,127287.0,116201.0,119972.0,128328.0,126441.83333333331,33.0,44.0,38.5,24.4,73.0,86.0,0.0,0.0,0.0,9.6,13.0,9.35,11.5,0.0,35.3,0.0,14.7,0.0,0.0,9.51,0.0,1.0,0.0,0.0,0.0,0.0,0.0,0.20496611396949532,0.9787690698649216,0.4012289854475009,0.9159777842484877
130237,133886.0,121856.0,125392.0,128968.0,128663.0,129218.0,131009.0,132956.0,116201.0,129066.14285714286,127050.5,35.0,43.0,39.0,25.8,76.0,88.0,0.0,0.0,0.0,7.16,49.0,8.49,11.0,0.0,36.7,0.0,13.3,0.0,0.0,9.53,0.0,0.0,1.0,0.0,0.0,0.0,0.0,0.22177215755648186,0.975098513039961,0.4324994021339788,0.901634220265486
128863,130237.0,133886.0,121856.0,129542.0,130838.0,128292.0,137711.0,134513.0,132956.0,129247.42857142857,127678.13333333332,39.0,49.0,44.0,31.6,80.0,91.0,0.0,0.0,0.0,7.14,77.0,7.74,6.0,0.0,40.5,0.0,9.5,0.0,0.0,9.56,0.0,0.0,0.0,1.0,0.0,0.0,0.0,0.23851257519407648,0.9711394088771653,0.4632579225674917,0.88622350294858
126268,128863.0,130237.0,133886.0,130964.0,125533.0,121602.0,137467.0,132082.0,134513.0,129150.42857142857,127730.66666666669,38.0,46.0,42.0,35.0,89.0,96.0,0.38,0.0,0.0,3.81,88.0,0.83,8.0,0.0,41.7,0.0,8.3,0.0,0.0,9.59,0.0,0.0,0.0,0.0,1.0,0.0,0.0,0.2551824131233728,0.9668929289391521,0.49346814167723735,0.8697638720650646
127490,126268.0,128863.0,130237.0,132855.0,119140.0,113711.0,139444.0,134558.0,132082.0,128479.57142857143,127572.63333333332,37.0,47.0,42.0,37.0,84.0,97.0,0.78,0.0,0.0,3.75,85.0,2.73,8.0,0.0,42.7,0.0,7.3,1.0,0.0,9.61,0.0,0.0,0.0,0.0,0.0,1.0,0.0,0.2717767384711357,0.9623603298276545,0.5230943033491326,0.8522748088519838
118102,127490.0,126268.0,128863.0,125392.0,117017.0,123588.0,130836.0,144695.0,134558.0,127713.14285714286,127231.93333333332,35.0,44.0,39.5,24.9,59.0,73.0,0.0,0.0,0.0,9.46,27.0,9.4,10.5,0.0,41.2,0.0,8.8,1.0,0.0,9.64,0.0,0.0,0.0,0.0,0.0,0.0,1.0,0.2882906407095177,0.9575429528116719,0.5521013427459208,0.8337770129585915
117057,118102.0,127490.0,126268.0,121856.0,120616.0,122776.0,125645.0,137365.0,144695.0,126671.71428571428,126586.43333333332,37.0,45.0,41.0,27.6,68.0,84.0,0.0,0.0,0.0,9.52,19.0,9.51,9.0,0.0,40.8,0.0,9.2,0.0,1.0,9.67,1.0,0.0,0.0,0.0,0.0,0.0,0.0,0.3047192331091634,0.9524422234305676,0.580454927809098,0.8142923779467267
122824,117057.0,118102.0,127490.0,133886.0,128719.0,126574.0,130958.0,126410.0,137365.0,125986.14285714286,125840.2,35.0,43.0,39.0,23.7,65.0,82.0,0.0,0.0,0.0,6.89,36.0,6.31,11.0,0.0,39.8,0.0,10.2,0.0,0.0,9.7,0.0,1.0,0.0,0.0,0.0,0.0,0.0,0.321057654185271,0.9470596510722283,0.6081214998935418,0.7938439653781019
129324,122824.0,117057.0,118102.0,130237.0,128968.0,128663.0,129218.0,142280.0,126410.0,124405.85714285714,125573.13333333332,27.0,40.0,33.5,18.6,59.0,83.0,0.02,0.0,0.0,9.3,37.0,8.89,16.5,0.0,37.8,0.0,12.2,0.0,0.0,9.73,0.0,0.0,1.0,0.0,0.0,0.0,0.0,0.3373010691361842,0.9413968285264122,0.6350683134867438,0.7724559775191742
131120,129324.0,122824.0,117057.0,128863.0,129542.0,130838.0,128292.0,148015.0,142280.0,124275.42857142857,125695.76666666666,25.0,43.0,34.0,18.5,61.0,86.0,0.0,0.0,0.0,8.87,27.0,9.0,16.0,0.0,35.5,0.0,14.5,0.0,0.0,9.76,0.0,0.0,0.0,1.0,0.0,0.0,0.0,0.3534446712740877,0.9354554315134164,0.6612634749656386,0.7501537286959042
132003,131120.0,129324.0,122824.0,126268.0,130964.0,125533.0,121602.0,143862.0,148015.0,124597.85714285714,125701.16666666669,36.0,45.0,40.5,23.8,61.0,87.0,0.0,0.0,0.0,8.82,17.0,9.63,9.5,0.0,36.0,0.0,14.0,0.0,0.0,9.79,0.0,0.0,0.0,0.0,1.0,0.0,0.0,0.3694836834473831,0.9292372181882051,0.6866759803451553,0.726963615332308
128305,132003.0,131120.0,129324.0,127490.0,132855.0,119140.0,113711.0,139314.0,143862.0,125417.14285714286,125794.0,24.0,36.0,30.0,10.1,48.0,77.0,0.0,0.0,0.0,8.82,34.0,8.68,20.0,0.0,34.8,0.0,15.2,1.0,0.0,9.82,0.0,0.0,0.0,0.0,0.0,1.0,0.0,0.38541335945432564,0.9227440286201427,0.7112757519738152,0.7029130847082615
125923,128305.0,132003.0,131120.0,118102.0,125392.0,117017.0,123588.0,135154.0,139314.0,125533.57142857143,125794.43333333332,22.0,32.0,27.0,6.8,44.0,52.0,0.0,0.0,0.0,11.03,39.0,9.69,23.0,0.0,32.5,0.0,17.5,1.0,0.0,9.85,0.0,0.0,0.0,0.0,0.0,0.0,1.0,0.4012289854475009,0.9159777842484877,0.7350336741329413,0.6780306024735382
128382,125923.0,128305.0,132003.0,117057.0,121856.0,120616.0,122776.0,126400.0,135154.0,126650.85714285714,125938.46666666666,23.0,37.0,30.0,13.9,52.0,65.0,0.0,0.0,0.0,9.14,68.0,7.88,20.0,0.0,29.0,0.0,21.0,0.0,0.0,9.88,1.0,0.0,0.0,0.0,0.0,0.0,0.0,0.4169258813287287,0.908940487313808,0.7579216274973472,0.6523456189565257
136576,128382.0,125923.0,128305.0,122824.0,133886.0,128719.0,126574.0,122177.0,126400.0,128268.71428571428,126427.5,31.0,34.0,32.5,23.1,71.0,95.0,0.1,0.1,0.0,2.4,95.0,0.25,17.5,0.0,29.8,0.0,20.2,0.0,0.0,9.92,0.0,1.0,0.0,0.0,0.0,0.0,0.0,0.4324994021339788,0.901634220265486,0.7799125224167177,0.6258885343075018
135932,136576.0,128382.0,125923.0,129324.0,130237.0,128968.0,128663.0,136627.0,122177.0,130233.28571428572,126860.43333333332,31.0,37.0,34.0,25.7,73.0,99.0,0.0,0.0,0.0,7.94,76.0,8.07,16.0,0.0,32.2,0.0,17.8,0.0,0.0,9.95,0.0,0.0,1.0,0.0,0.0,0.0,0.0,0.44794493940789115,0.8940611451454876,0.8009803309782905,0.5986906625177214
134036,135932.0,136576.0,128382.0,131120.0,128863.0,129542.0,130838.0,136552.0,136627.0,131177.2857142857,127298.96666666666,20.0,34.0,27.0,12.1,54.0,69.0,0.0,0.0,0.0,10.93,58.0,7.74,23.0,0.0,31.2,0.0,18.8,0.0,0.0,9.99,0.0,0.0,0.0,1.0,0.0,0.0,0.0,0.4632579225674917,0.88622350294858,0.8211001178128892,0.5707841943569036
138145,134036.0,135932.0,136576.0,132003.0,126268.0,130964.0,125533.0,138459.0,136552.0,131593.85714285713,127547.7,14.0,25.0,19.5,0.6,43.0,50.0,0.0,0.0,0.0,12.19,11.0,9.77,30.5,0.0,26.8,0.0,23.2,0.0,0.0,10.02,0.0,0.0,0.0,0.0,1.0,0.0,0.0,0.4784338202547012,0.8781236129591848,0.8402480696078469,0.5422021592729844
146437,138145.0,134036.0,135932.0,128305.0,127490.0,132855.0,119140.0,140924.0,138459.0,132471.2857142857,127863.76666666666,17.0,32.0,24.5,3.3,44.0,57.0,0.0,0.0,0.0,12.33,0.0,9.79,25.5,0.0,23.7,0.0,26.3,1.0,0.0,10.06,0.0,0.0,0.0,0.0,0.0,1.0,0.0,0.49346814167723735,0.8697638720650646,0.8584015232918917,0.512978386299228
136292,146437.0,138145.0,134036.0,125923.0,118102.0,125392.0,117017.0,137659.0,140924.0,135061.57142857142,128383.73333333334,20.0,26.0,23.0,9.2,57.0,75.0,0.12,2.0,0.0,5.3,91.0,0.84,27.0,0.0,22.3,0.0,27.7,1.0,0.0,10.09,0.0,0.0,0.0,0.0,0.0,0.0,1.0,0.5083564379375122,0.8611467540480452,0.8755389928586302,0.4831474640149687
135216,136292.0,146437.0,138145.0,128382.0,117057.0,121856.0,120616.0,125498.0,137659.0,136542.85714285713,128742.36666666668,22.0,34.0,28.0,25.1,86.0,90.0,1.85,14.8,5.1,1.66,100.0,0.0,22.0,0.0,25.2,0.0,24.8,0.0,0.0,10.13,1.0,0.0,0.0,0.0,0.0,0.0,0.0,0.5230943033491326,0.8522748088519838,0.8916401947968874,0.45274469960737107
140057,135216.0,136292.0,146437.0,136576.0,122824.0,133886.0,128719.0,122930.0,125498.0,137519.14285714287,129278.23333333334,30.0,33.0,31.5,27.0,82.0,86.0,0.13,0.4,14.2,3.06,100.0,0.0,18.5,0.0,27.5,0.0,22.5,0.0,0.0,10.17,0.0,1.0,0.0,0.0,0.0,0.0,0.0,0.5376773767406141,0.8431506618282,0.9066860720977985,0.4218060770826634
137952,140057.0,135216.0,136292.0,135932.0,129324.0,130237.0,128968.0,133021.0,122930.0,138016.42857142858,130046.23333333334,29.0,37.0,33.0,23.6,74.0,84.0,0.01,0.2,13.0,6.5,88.0,2.1,17.0,0.0,30.8,0.0,19.2,0.0,0.0,10.2,0.0,0.0,1.0,0.0,0.0,0.0,0.0,0.5521013427459208,0.8337770129585915,0.9206588168102428,0.3903682146763026
138779,137952.0,140057.0,135216.0,134036.0,131120.0,128863.0,129542.0,132023.0,133021.0,138305.0,130624.1,31.0,43.0,37.0,22.8,72.0,88.0,0.0,0.0,11.0,13.02,14.0,9.87,13.0,0.0,33.8,0.0,16.2,0.0,0.0,10.24,0.0,0.0,0.0,1.0,0.0,0.0,0.0,0.5663619330814524,0.8241566360566663,0.9335418911179212,0.35846832151248087
135223,138779.0,137952.0,140057.0,138145.0,132003.0,126268.0,130964.0,133837.0,132023.0,138982.57142857142,130959.43333333332,37.0,47.0,42.0,29.7,82.0,89.0,0.07,0.0,9.1,10.05,62.0,7.0,8.0,0.0,37.3,0.0,12.7,0.0,0.0,10.28,0.0,0.0,0.0,0.0,1.0,0.0,0.0,0.580454927809098,0.8142923779467267,0.945320046913132,0.3261441535642696
130750,135223.0,138779.0,137952.0,146437.0,128305.0,127490.0,132855.0,136492.0,133837.0,138565.14285714287,131167.93333333332,34.0,44.0,39.0,22.0,69.0,86.0,0.0,0.0,7.1,12.97,21.0,9.91,11.0,0.0,39.3,0.0,10.7,1.0,0.0,10.32,0.0,0.0,0.0,0.0,0.0,1.0,0.0,0.5943761565849831,0.804187157621448,0.9559793438440766,0.2934339689665273
122034,130750.0,135223.0,138779.0,136292.0,125923.0,118102.0,125392.0,135744.0,136492.0,136324.14285714287,131208.2,24.0,40.0,32.0,24.9,85.0,90.0,0.39,4.5,5.9,3.03,83.0,0.0,18.0,0.0,37.7,0.0,12.3,1.0,0.0,10.36,0.0,0.0,0.0,0.0,0.0,0.0,1.0,0.6081214998935418,0.7938439653781019,0.9655071658143364,0.2603764827344581
125601,122034.0,130750.0,135223.0,135216.0,128382.0,117057.0,121856.0,127588.0,135744.0,134287.2857142857,130910.53333333334,17.0,29.0,23.0,9.9,67.0,80.0,0.0,0.0,9.8,13.87,10.0,9.95,27.0,0.0,31.3,0.0,18.7,0.0,0.0,10.4,1.0,0.0,0.0,0.0,0.0,0.0,0.0,0.6216868902665479,0.7832658619336791,0.9738922359149924,0.22701082094141847
141172,125601.0,122034.0,130750.0,140057.0,136576.0,122824.0,133886.0,124149.0,127588.0,132913.7142857143,130668.73333333334,27.0,33.0,30.0,20.4,84.0,89.0,0.0,0.0,9.1,4.59,82.0,0.63,20.0,0.0,28.3,0.0,21.7,0.0,0.0,10.44,0.0,1.0,0.0,0.0,0.0,0.0,0.0,0.6350683134867438,0.7724559775191742,0.981124629771712,0.19337647441020586
140180,141172.0,125601.0,122034.0,137952.0,135932.0,129324.0,130237.0,135691.0,124149.0,133073.0,131194.73333333334,26.0,35.0,30.5,16.3,71.0,89.0,0.01,0.0,9.1,13.3,60.0,9.23,19.5,0.0,27.8,0.0,22.2,0.0,0.0,10.48,0.0,0.0,1.0,0.0,0.0,0.0,0.0,0.6482618097757122,0.7614175109532997,0.9871957872910085,0.15951325197263655
138469,140180.0,141172.0,125601.0,138779.0,134036.0,131120.0,128863.0,133740.0,135691.0,133391.2857142857,131805.53333333333,26.0,33.0,29.5,20.4,77.0,92.0,0.1,1.3,9.1,12.74,96.0,8.0,20.5,0.0,30.0,0.0,20.0,0.0,0.0,10.52,0.0,0.0,0.0,1.0,0.0,0.0,0.0,0.6612634749656386,0.7501537286959042,0.992098522791769,0.12546123335273648
139773,138469.0,140180.0,141172.0,135223.0,138145.0,132003.0,126268.0,133541.0,133740.0,133347.0,131958.3,20.0,30.0,25.0,11.4,68.0,83.0,0.0,0.0,7.9,11.44,70.0,6.89,25.0,0.0,28.3,0.0,21.7,0.0,0.0,10.56,0.0,0.0,0.0,0.0,1.0,0.0,0.0,0.6740694616546161,0.7386679638813748,0.9958270335100595,0.09126072172931188
140363,139773.0,138469.0,140180.0,130750.0,146437.0,128305.0,127490.0,136077.0,133541.0,133997.0,132276.16666666666,25.0,30.0,27.5,14.4,68.0,78.0,0.0,0.0,7.9,7.24,98.0,4.63,22.5,0.0,27.3,0.0,22.7,1.0,0.0,10.61,0.0,0.0,0.0,0.0,0.0,1.0,0.0,0.6866759803451553,0.726963615332308,0.998376906467142,0.056952196034039754
132183,140363.0,139773.0,138469.0,122034.0,136292.0,125923.0,118102.0,139289.0,136077.0,135370.2857142857,132659.5,27.0,38.0,32.5,25.0,79.0,85.0,0.0,0.0,7.9,7.07,99.0,2.7,17.5,0.0,28.3,0.0,21.7,1.0,0.0,10.65,0.0,0.0,0.0,0.0,0.0,0.0,1.0,0.6990793005655562,0.7150441465537444,0.9997451236925734,0.022576263041545485
126416,132183.0,140363.0,139773.0,125601.0,135216.0,128382.0,117057.0,134595.0,139289.0,136820.14285714287,132856.66666666666,31.0,36.0,33.5,25.7,82.0,92.0,0.02,0.0,7.1,3.73,100.0,0.0,16.5,0.0,31.2,0.0,18.8,0.0,1.0,10.69,1.0,0.0,0.0,0.0,0.0,0.0,0.0,0.7112757519738152,0.7029130847082615,0.9999300657962057,-0.011826390691832589
130360,126416.0,132183.0,140363.0,141172.0,140057.0,136576.0,122824.0,126028.0,134595.0,136936.57142857142,132820.86666666667,34.0,51.0,42.5,35.3,83.0,100.0,0.82,0.0,5.9,11.43,59.0,7.47,7.5,0.0,36.2,0.0,13.8,0.0,0.0,10.73,0.0,1.0,0.0,0.0,0.0,0.0,0.0,0.7232617254437388,0.6905740195722293,0.9989315138848577,-0.046215046983708354
129738,130360.0,126416.0,132183.0,140180.0,137952.0,135932.0,129324.0,125814.0,126028.0,135392.0,133229.46666666667,22.0,34.0,28.0,12.6,59.0,70.0,0.0,0.0,3.1,13.96,48.0,10.29,22.0,0.0,34.7,0.0,15.3,0.0,0.0,10.77,0.0,0.0,1.0,0.0,0.0,0.0,0.0,0.7350336741329413,0.6780306024735382,0.9967506498213929,-0.08054900421874167
135983,129738.0,130360.0,126416.0,138469.0,138779.0,134036.0,131120.0,134632.0,125814.0,133900.2857142857,133652.16666666666,24.0,30.0,27.0,18.3,74.0,90.0,0.45,3.2,2.0,2.96,99.0,0.0,23.0,0.0,32.5,0.0,17.5,0.0,0.0,10.81,0.0,0.0,0.0,1.0,0.0,0.0,0.0,0.746588114532413,0.6652865452111116,0.9933900548258936,-0.11478762552212701
140048,135983.0,129738.0,130360.0,139773.0,135223.0,138145.0,132003.0,131988.0,134632.0,133545.14285714287,134090.8,28.0,33.0,30.5,26.1,89.0,91.0,0.14,1.2,5.1,3.72,100.0,0.0,19.5,0.0,28.5,0.0,21.5,0.0,0.0,10.86,0.0,0.0,0.0,0.0,1.0,0.0,0.0,0.7579216274973472,0.6523456189565257,0.9888537064205885,-0.1488903868564548
138927,140048.0,135983.0,129738.0,140363.0,130750.0,146437.0,128305.0,138646.0,131988.0,133584.42857142858,134448.26666666666,26.0,35.0,30.5,19.9,72.0,90.0,0.0,0.0,5.9,10.56,51.0,5.19,19.5,0.0,29.3,0.0,20.7,1.0,0.0,10.9,0.0,0.0,0.0,0.0,0.0,1.0,0.0,0.7690308592589181,0.6392116531380588,0.9831469737221499,-0.1828169249850199
128536,138927.0,140048.0,135983.0,132183.0,122034.0,136292.0,125923.0,141414.0,138646.0,133379.2857142857,134708.5,24.0,37.0,30.5,14.9,68.0,83.0,0.0,0.0,5.1,16.51,16.0,10.56,19.5,0.0,30.5,0.0,19.5,1.0,0.0,10.94,0.0,0.0,0.0,0.0,0.0,0.0,1.0,0.7799125224167177,0.6258885343075018,0.9762766110869321,-0.21652708524481437
126574,128536.0,138927.0,140048.0,126416.0,125601.0,135216.0,128382.0,125920.0,141414.0,132858.2857142857,134592.93333333332,32.0,39.0,35.5,26.3,85.0,100.0,0.52,0.4,3.1,3.62,91.0,0.03,14.5,0.0,32.2,0.0,17.8,0.0,0.0,10.99,1.0,0.0,0.0,0.0,0.0,0.0,0.0,0.7905633969115482,0.612380204990065,0.9682507501166718,-0.2499809690726521
136545,126574.0,128536.0,138927.0,130360.0,141172.0,140057.0,136576.0,119214.0,125920.0,132880.85714285713,134535.23333333334,36.0,45.0,40.5,29.8,76.0,87.0,0.01,0.0,3.1,7.6,66.0,3.35,9.5,0.0,35.5,0.0,14.5,0.0,0.0,11.03,0.0,1.0,0.0,0.0,0.0,0.0,0.0,0.8009803309782905,0.5986906625177214,0.9590788900341131,-0.28313898122818354
131994,136545.0,126574.0,128536.0,129738.0,140180.0,137952.0,135932.0,129724.0,119214.0,133764.42857142858,134889.3,39.0,54.0,46.5,31.7,70.0,89.0,0.0,0.0,2.0,15.55,36.0,10.64,3.5,0.0,40.8,0.0,9.2,0.0,0.0,11.08,0.0,0.0,1.0,0.0,0.0,0.0,0.0,0.8111602420785621,0.5848239578463322,0.9487718864399473,-0.31596187665790293
126791,131994.0,136545.0,126574.0,135983.0,138469.0,138779.0,134036.0,130168.0,129724.0,134086.7142857143,135009.7,40.0,50.0,45.0,25.7,54.0,69.0,0.0,0.0,0.0,16.74,12.0,10.65,5.0,0.0,44.0,0.0,6.0,0.0,0.0,11.12,0.0,0.0,0.0,1.0,0.0,0.0,0.0,0.8211001178128892,0.5707841943569036,0.9373419384643772,-0.3484108069446808
125507,126791.0,131994.0,136545.0,140048.0,139773.0,135223.0,138145.0,131364.0,130168.0,132773.57142857142,134683.53333333333,33.0,45.0,39.0,22.8,63.0,74.0,0.0,0.0,0.0,16.35,69.0,10.08,11.0,0.0,43.5,0.0,6.5,0.0,0.0,11.16,0.0,0.0,0.0,0.0,1.0,0.0,0.0,0.8307970168121247,0.5565755266413303,0.9248025743285089,-0.38044736628785164
126063,125507.0,126791.0,131994.0,138927.0,140363.0,130750.0,146437.0,133929.0,131364.0,130696.28571428572,134336.03333333333,38.0,50.0,44.0,39.3,87.0,96.0,0.39,0.0,0.0,4.34,76.0,2.68,6.0,0.0,42.7,0.0,7.3,1.0,0.0,11.21,0.0,0.0,0.0,0.0,0.0,1.0,0.0,0.8402480696078469,0.5422021592729844,0.9111686353326631,-0.41203363695942635
118029,126063.0,125507.0,126791.0,128536.0,132183.0,122034.0,136292.0,138016.0,133929.0,128858.57142857143,134070.26666666666,41.0,45.0,43.0,34.8,82.0,96.0,0.22,0.0,0.0,4.37,99.0,0.0,7.0,0.0,42.0,0.0,8.0,1.0,0.0,11.25,0.0,0.0,0.0,0.0,0.0,0.0,1.0,0.8494504794814806,0.527668345562516,0.8964562582905575,-0.44313223418263453
116302,118029.0,126063.0,125507.0,126574.0,126416.0,125601.0,135216.0,129490.0,138016.0,127357.57142857143,133399.73333333334,31.0,49.0,40.0,34.8,79.0,100.0,0.16,0.0,0.0,4.91,82.0,2.16,10.0,0.0,42.3,0.0,7.7,0.0,0.0,11.3,1.0,0.0,0.0,0.0,0.0,0.0,0.0,0.8584015232918917,0.512978386299228,0.8806828564301475,-0.47370635037968
127058,116302.0,118029.0,126063.0,136545.0,130360.0,141172.0,140057.0,126062.0,129490.0,125890.14285714286,132395.23333333334,21.0,33.0,27.0,6.2,43.0,59.0,0.0,0.0,0.0,18.03,8.0,11.02,23.0,0.0,36.7,0.0,13.3,0.0,0.0,11.34,0.0,1.0,0.0,0.0,0.0,0.0,0.0,0.8670985522812081,0.4981366284784055,0.8638670987837349,-0.503719798736334
135634,127058.0,116302.0,118029.0,131994.0,129738.0,140180.0,137952.0,131611.0,126062.0,124534.85714285714,132087.43333333332,32.0,52.0,42.0,20.9,52.0,79.0,0.0,0.0,0.0,17.43,10.0,11.03,8.0,0.0,36.3,0.0,13.7,0.0,0.0,11.39,0.0,0.0,1.0,0.0,0.0,0.0,0.0,0.8755389928586302,0.4831474640149687,0.8460288880917339,-0.533137056031809
128236,135634.0,127058.0,116302.0,126791.0,135983.0,138469.0,138779.0,128988.0,131611.0,125054.85714285714,132101.36666666667,27.0,45.0,36.0,20.9,57.0,85.0,0.0,0.0,0.0,12.43,40.0,9.78,14.0,0.0,35.0,0.0,15.0,0.0,0.0,11.43,0.0,0.0,0.0,1.0,0.0,0.0,0.0,0.8837203473619977,0.4680153284438345,0.8271893372462497,-0.5619233046832195
128077,128236.0,135634.0,127058.0,125507.0,140048.0,139773.0,135223.0,128251.0,128988.0,125261.28571428572,131707.33333333334,23.0,37.0,30.0,7.4,42.0,54.0,0.0,0.0,0.0,18.71,3.0,11.21,20.0,0.0,36.0,0.0,14.0,0.0,0.0,11.48,0.0,0.0,0.0,0.0,1.0,0.0,0.0,0.8916401947968874,0.45274469960737107,0.8073707443023492,-0.5900444739548627
133762,128077.0,128236.0,135634.0,126063.0,138927.0,140363.0,130750.0,129517.0,128251.0,125628.42857142857,131378.16666666666,29.0,34.0,31.5,13.8,53.0,76.0,0.0,0.0,0.0,12.18,61.0,8.71,18.5,0.0,32.5,0.0,17.5,1.0,0.0,11.52,0.0,0.0,0.0,0.0,0.0,1.0,0.0,0.8992961915530253,0.4373400963303323,0.7865965660866021,-0.6174672802835514
124363,133762.0,128077.0,128236.0,118029.0,128536.0,132183.0,122034.0,132096.0,129517.0,126728.28571428572,131210.93333333332,29.0,41.0,35.0,15.3,54.0,67.0,0.0,0.0,0.0,16.94,12.0,11.39,15.0,0.0,32.2,0.0,17.8,1.0,0.0,11.57,0.0,0.0,0.0,0.0,0.0,0.0,1.0,0.9066860720977985,0.4218060770826634,0.7648913904341225,-0.6441592666722685
121035,124363.0,133762.0,128077.0,116302.0,126574.0,126416.0,125601.0,122125.0,132096.0,127633.14285714286,130848.93333333332,26.0,43.0,34.5,14.3,51.0,63.0,0.0,0.0,0.0,19.12,10.0,11.47,15.5,0.0,33.7,0.0,16.3,0.0,0.0,11.61,1.0,0.0,0.0,0.0,0.0,0.0,0.0,0.9138076496466615,0.4061472386305789,0.742280907086982,-0.6700888411055113
130321,121035.0,124363.0,133762.0,127058.0,136545.0,130360.0,141172.0,113235.0,122125.0,128309.28571428572,130525.1,42.0,64.0,53.0,27.9,50.0,67.0,0.0,0.0,0.0,18.37,22.0,10.97,0.0,0.0,40.8,0.0,10.2,0.0,0.0,11.66,0.0,1.0,0.0,0.0,0.0,0.0,0.0,0.9206588168102428,0.3903682146763026,0.7187918772884232,-0.6952253139408722
122402,130321.0,121035.0,124363.0,135634.0,131994.0,129738.0,140180.0,126959.0,113235.0,128775.42857142857,130801.33333333331,41.0,54.0,47.5,33.1,76.0,96.0,0.0,0.0,0.0,18.67,13.0,11.56,2.5,0.0,45.0,0.0,6.0,0.0,0.0,11.7,0.0,0.0,1.0,0.0,0.0,0.0,0.0,0.9272375462179537,0.374473674486883,0.6944521021088763,-0.719538934232584
120607,122402.0,130321.0,121035.0,128236.0,126791.0,135983.0,138469.0,125748.0,126959.0,126885.14285714286,130694.7,44.0,71.0,57.5,41.2,71.0,100.0,0.0,0.0,0.0,17.79,55.0,9.91,0.0,0.0,52.7,0.0,0.8,0.0,0.0,11.75,0.0,0.0,0.0,1.0,0.0,0.0,0.0,0.9335418911179212,0.35846832151248087,0.6692903895412567,-0.7430009249440493
118569,120607.0,122402.0,130321.0,128077.0,125507.0,140048.0,139773.0,124617.0,125748.0,125795.28571428572,130009.2,52.0,68.0,60.0,37.2,52.0,92.0,0.0,0.0,0.0,17.74,48.0,10.92,0.0,0.0,55.0,0.0,0.8,0.0,0.0,11.79,0.0,0.0,0.0,0.0,1.0,0.0,0.0,0.9395699859530622,0.342356891994542,0.6433365204044917,-0.765583517007675
115813,118569.0,120607.0,122402.0,133762.0,126063.0,138927.0,140363.0,128016.0,124617.0,124437.0,129288.83333333331,33.0,52.0,42.5,16.4,39.0,48.0,0.0,0.0,0.0,19.92,0.0,11.69,7.5,0.0,53.3,0.0,2.5,1.0,0.0,11.84,0.0,0.0,0.0,0.0,0.0,1.0,0.0,0.945320046913132,0.3261441535642696,0.6166212130956382,-0.7872599821916922
110810,115813.0,118569.0,120607.0,124363.0,118029.0,128536.0,132183.0,126067.0,128016.0,121872.85714285714,128533.63333333332,31.0,54.0,42.5,17.9,40.0,51.0,0.0,0.0,0.0,16.88,17.0,11.74,7.5,0.0,48.3,0.0,5.0,1.0,0.0,11.88,0.0,0.0,0.0,0.0,0.0,0.0,1.0,0.9507903724625832,0.3098349038318025,0.5891760872322963,-0.8080046647350754
106228,110810.0,115813.0,118569.0,121035.0,116302.0,126574.0,126416.0,114037.0,126067.0,119936.71428571428,127568.2,24.0,39.0,31.5,4.0,34.0,48.0,0.0,0.0,0.0,20.69,23.0,11.78,18.5,0.0,38.8,0.0,11.2,0.0,0.0,11.93,1.0,0.0,0.0,0.0,0.0,0.0,0.0,0.9559793438440766,0.2934339689665273,0.5610336262283677,-0.8277930117131022
130016,106228.0,110810.0,115813.0,130321.0,127058.0,136545.0,130360.0,112339.0,114037.0,117821.42857142857,126430.36666666668,29.0,37.0,33.0,16.1,55.0,75.0,0.0,0.0,0.0,9.0,92.0,7.36,17.0,0.0,35.7,0.0,14.3,0.0,0.0,11.98,0.0,1.0,0.0,0.0,0.0,0.0,0.0,0.9608854255574977,0.27694620226893646,0.5322271388474397,-0.8466016020976267
132268,130016.0,106228.0,110810.0,122402.0,135634.0,131994.0,129738.0,125963.0,112339.0,117777.85714285714,126358.13333333332,34.0,47.0,40.5,33.3,79.0,91.0,0.0,0.0,0.0,10.07,99.0,4.27,9.5,0.0,35.0,0.0,15.0,0.0,0.0,12.02,0.0,0.0,1.0,0.0,0.0,0.0,0.0,0.9655071658143364,0.2603764827344581,0.5027907197793043,-0.8644081744776648
127813,132268.0,130016.0,106228.0,120607.0,128236.0,126791.0,135983.0,123622.0,125963.0,119187.28571428572,126553.2,41.0,47.0,44.0,41.0,94.0,97.0,0.6,0.0,0.0,2.22,100.0,0.0,6.0,0.0,39.2,0.0,10.8,0.0,0.0,12.07,0.0,0.0,0.0,1.0,0.0,0.0,0.0,0.969843196967294,0.24372971360968387,0.47275920928627757,-0.881191653407483
125791,127813.0,132268.0,130016.0,118569.0,128077.0,125507.0,140048.0,120106.0,123622.0,120216.71428571428,126468.3,31.0,43.0,37.0,14.4,45.0,92.0,0.07,0.0,0.0,20.23,52.0,11.92,13.0,0.0,40.5,0.0,9.5,0.0,0.0,12.11,0.0,0.0,0.0,0.0,1.0,0.0,0.0,0.9738922359149924,0.22701082094141847,0.44216815196707204,-0.8969321743510065
126141,125791.0,127813.0,132268.0,115813.0,133762.0,126063.0,138927.0,121029.0,120106.0,121248.42857142857,126336.73333333334,33.0,59.0,46.0,23.8,56.0,85.0,0.0,0.0,0.0,21.28,0.0,11.94,4.0,0.0,42.3,0.0,7.7,1.0,0.0,12.16,0.0,0.0,0.0,0.0,0.0,1.0,0.0,0.9776530844816641,0.2102247521189836,0.4110537546870351,-0.9116111071930239
114326,126141.0,125791.0,127813.0,110810.0,124363.0,118029.0,128536.0,117898.0,121029.0,122723.85714285714,126008.66666666669,42.0,63.0,52.5,30.1,63.0,88.0,0.0,0.0,0.0,21.51,2.0,11.97,0.0,0.0,45.2,0.0,5.7,1.0,0.0,12.21,0.0,0.0,0.0,0.0,0.0,0.0,1.0,0.981124629771712,0.19337647441020586,0.37945284372454435,-0.925211078289358
108863,114326.0,126141.0,125791.0,106228.0,121035.0,116302.0,126574.0,108006.0,117898.0,123226.14285714286,125151.26666666666,42.0,62.0,52.0,34.1,73.0,95.0,0.0,0.0,0.0,21.49,0.0,12.0,0.0,0.0,50.2,0.0,1.3,0.0,0.0,12.25,1.0,0.0,0.0,0.0,0.0,0.0,0.0,0.984305844499033,0.17647097349152166,0.3474028211842774,-0.9377159910299093
118163,108863.0,114326.0,126141.0,130016.0,130321.0,127058.0,136545.0,110110.0,108006.0,123602.57142857143,124149.13333333332,43.0,66.0,54.5,41.5,83.0,97.0,0.0,0.0,0.0,20.47,51.0,12.0,0.0,0.0,53.0,0.0,0.0,0.0,0.0,12.3,0.0,1.0,0.0,0.0,0.0,0.0,0.0,0.9871957872910085,0.15951325197263655,0.31494162072895193,-0.9491110448902284
117592,118163.0,108863.0,114326.0,132268.0,122402.0,135634.0,131994.0,122419.0,110110.0,121909.28571428572,123803.36666666668,47.0,56.0,51.5,46.4,92.0,99.0,1.27,0.0,0.0,5.43,90.0,0.72,0.0,0.0,52.7,0.0,0.0,0.0,0.0,12.34,0.0,0.0,1.0,0.0,0.0,0.0,0.0,0.9897936029670716,0.14250832791617088,0.2821076626819194,-0.9593827529490743
119037,117592.0,118163.0,108863.0,127813.0,120607.0,128236.0,126791.0,115575.0,122419.0,119812.71428571428,123503.96666666666,49.0,68.0,58.5,52.0,93.0,100.0,0.01,0.0,0.0,16.21,99.0,9.38,0.0,0.0,54.8,0.0,0.0,0.0,0.0,12.39,0.0,0.0,0.0,1.0,0.0,0.0,0.0,0.992098522791769,0.12546123335273648,0.24893980855376657,-0.9685189578512204
117259,119037.0,117592.0,118163.0,125791.0,118569.0,128077.0,125507.0,116769.0,115575.0,118559.0,122920.36666666668,52.0,82.0,67.0,51.4,74.0,99.0,0.19,0.0,0.0,14.31,50.0,8.05,0.0,2.0,59.0,0.7,0.0,0.0,0.0,12.43,0.0,0.0,0.0,0.0,1.0,0.0,0.0,0.9941098647022418,0.10837701279187609,0.21547731504673012,-0.976508846196619
116519,117259.0,119037.0,117592.0,126141.0,115813.0,133762.0,126063.0,112983.0,116769.0,117340.14285714286,122429.2,50.0,69.0,59.5,41.3,64.0,76.0,0.0,0.0,0.0,17.68,44.0,10.4,0.0,0.0,61.7,0.7,0.0,1.0,0.0,12.48,0.0,0.0,0.0,0.0,0.0,1.0,0.0,0.9958270335100595,0.09126072172931188,0.18175978759137534,-0.9833429613388902
104347,116519.0,117259.0,119037.0,114326.0,110810.0,124363.0,118029.0,109059.0,112983.0,115965.57142857143,122086.8,48.0,60.0,54.0,50.5,89.0,98.0,0.76,0.0,0.0,3.57,84.0,0.0,0.0,0.0,60.2,0.7,0.0,1.0,0.0,12.52,0.0,0.0,0.0,0.0,0.0,0.0,1.0,0.9972495210773451,0.07411742515094437,0.14782713347053048,-0.9890132145779883
105956,104347.0,116519.0,117259.0,108863.0,106228.0,121035.0,116302.0,106277.0,109059.0,114540.0,121381.46666666666,45.0,55.0,50.0,27.8,49.0,81.0,0.0,0.0,0.0,21.22,33.0,11.9,0.0,0.0,54.5,0.0,0.0,0.0,0.0,12.57,1.0,0.0,0.0,0.0,0.0,0.0,0.0,0.998376906467142,0.056952196034039754,0.11371951458594969,-0.9935128947338007
114360,105956.0,104347.0,116519.0,118163.0,130016.0,130321.0,127058.0,106911.0,106277.0,114124.71428571428,120711.23333333334,42.0,61.0,51.5,34.6,68.0,91.0,0.0,0.0,0.0,22.77,17.0,12.0,0.0,0.0,51.8,0.0,0.0,0.0,0.0,12.61,0.0,1.0,0.0,0.0,0.0,0.0,0.0,0.9992088560679753,0.03977011384605572,0.07947729992362097,-0.9968366760893436
114118,114360.0,105956.0,104347.0,117592.0,132268.0,122402.0,135634.0,111212.0,106911.0,113581.42857142857,120588.93333333332,50.0,67.0,58.5,48.9,85.0,97.0,0.35,0.0,0.0,9.6,99.0,4.98,0.0,0.0,53.3,0.0,0.0,0.0,0.0,12.66,0.0,0.0,1.0,0.0,0.0,0.0,0.0,0.9997451236925734,0.022576263041545485,0.04514101777397193,-0.9989806246941579
114786,114118.0,114360.0,105956.0,119037.0,127813.0,120607.0,128236.0,111690.0,111212.0,113085.14285714286,120516.13333333332,38.0,58.0,48.0,34.1,68.0,100.0,0.03,0.0,0.0,11.08,65.0,6.0,2.0,0.0,52.7,0.0,0.7,0.0,0.0,12.7,0.0,0.0,0.0,1.0,0.0,0.0,0.0,0.9999855506507186,0.005375731557583884,0.01075130776352193,-0.9999422030204416
116292,114786.0,114118.0,114360.0,117259.0,125791.0,118569.0,128077.0,109617.0,111690.0,112477.85714285714,120107.06666666668,28.0,39.0,33.5,13.7,44.0,63.0,0.0,0.0,0.0,15.26,43.0,7.75,16.5,0.0,46.7,0.0,6.2,0.0,0.0,12.75,0.0,0.0,0.0,0.0,1.0,0.0,0.0,0.9999300657962057,-0.011826390691832589,-0.023651127245231586,-0.9997202729664083
120447,116292.0,114786.0,114118.0,116519.0,126141.0,115813.0,133762.0,109109.0,109617.0,112339.71428571428,119462.33333333331,32.0,53.0,42.5,18.4,44.0,61.0,0.0,0.0,0.0,24.13,11.0,12.02,7.5,0.0,41.3,0.0,8.7,1.0,0.0,12.79,0.0,0.0,0.0,0.0,0.0,1.0,0.0,0.9995786855478958,-0.029025013321975237,-0.05802556932878035,-0.9983150972033183
111331,120447.0,116292.0,114786.0,104347.0,114326.0,110810.0,124363.0,109396.0,109109.0,112900.85714285714,119202.7,45.0,65.0,55.0,30.7,50.0,74.0,0.0,0.0,0.0,19.54,54.0,11.36,0.0,0.0,43.7,0.0,8.0,1.0,0.0,12.84,0.0,0.0,0.0,0.0,0.0,0.0,1.0,0.9989315138848577,-0.046215046983708354,-0.09233133369539122,-0.9957283388645872
104967,111331.0,120447.0,116292.0,105956.0,108863.0,106228.0,121035.0,103204.0,109396.0,113898.57142857143,118644.5,48.0,68.0,58.0,29.4,42.0,60.0,0.0,0.0,0.0,24.04,5.0,12.06,0.0,0.0,51.8,0.0,2.5,0.0,0.0,12.88,1.0,0.0,0.0,0.0,0.0,0.0,0.0,0.9979887423155984,-0.06339140486951038,-0.12652781683868314,-0.9919630595773397
114036,104967.0,111331.0,120447.0,114360.0,118163.0,130016.0,130321.0,101605.0,103204.0,113757.28571428572,117684.66666666669,47.0,70.0,58.5,28.9,43.0,64.0,0.0,0.0,0.0,24.55,6.0,12.21,0.0,0.0,57.2,0.0,0.0,0.0,0.0,12.92,0.0,1.0,0.0,0.0,0.0,0.0,0.0,0.9967506498213929,-0.08054900421874167,-0.16057454459499376,-0.9870237158387383
113346,114036.0,104967.0,111331.0,114118.0,117592.0,132268.0,122402.0,105411.0,101605.0,113711.0,117340.43333333332,51.0,72.0,61.5,38.2,56.0,71.0,0.0,0.0,0.0,20.92,49.0,10.87,0.0,0.0,59.3,0.0,0.0,0.0,0.0,12.97,0.0,0.0,1.0,0.0,0.0,0.0,0.0,0.9952176027737294,-0.09768276782171598,-0.19443122004766195,-0.9809161537413774
113367,113346.0,114036.0,104967.0,114786.0,119037.0,127813.0,120607.0,104373.0,105411.0,113600.71428571428,117084.13333333332,49.0,70.0,59.5,42.6,69.0,89.0,0.0,0.0,0.0,23.45,5.0,12.16,0.0,0.0,59.8,0.0,0.0,0.0,0.0,13.01,0.0,0.0,0.0,1.0,0.0,0.0,0.0,0.9933900548258936,-0.11478762552212701,-0.2280577712215198,-0.9736476020539838
113231,113367.0,113346.0,114036.0,116292.0,117259.0,125791.0,118569.0,105413.0,104373.0,113398.0,116519.0,49.0,59.0,54.0,44.5,87.0,98.0,0.01,0.0,0.0,12.21,71.0,8.94,0.0,0.0,58.3,0.0,0.0,0.0,0.0,13.06,0.0,0.0,0.0,0.0,1.0,0.0,0.0,0.9912685467787256,-0.13185851571739118,-0.2614143985111562,-0.965226663665613
113740,113231.0,113367.0,113346.0,120447.0,116519.0,126141.0,115813.0,106910.0,105413.0,112960.71428571428,116213.3,51.0,70.0,60.5,50.1,87.0,99.0,0.01,0.0,0.0,16.39,97.0,10.0,0.0,0.0,58.0,0.0,0.0,1.0,0.0,13.1,0.0,0.0,0.0,0.0,0.0,1.0,0.0,0.9888537064205885,-0.1488903868564548,-0.2944616217868012,-0.9556633054034704
105504,113740.0,113231.0,113367.0,111331.0,104347.0,114326.0,110810.0,108499.0,106910.0,112002.57142857143,115984.4,47.0,57.0,52.0,52.6,97.0,100.0,0.42,0.0,0.0,4.14,100.0,0.0,0.0,0.0,55.5,0.0,0.0,1.0,0.0,13.15,0.0,0.0,0.0,0.0,0.0,0.0,1.0,0.986146248341595,-0.16587819893463143,-0.3271603271220951,-0.9449688462364056
105602,105504.0,113740.0,113231.0,104967.0,105956.0,108863.0,106228.0,103586.0,108499.0,111170.14285714286,115548.9,45.0,51.0,48.0,42.5,87.0,95.0,0.49,0.0,0.0,4.24,100.0,0.0,2.0,0.0,53.5,0.0,0.7,0.0,0.0,13.19,1.0,0.0,0.0,0.0,0.0,0.0,0.0,0.9831469737221499,-0.1828169249850199,-0.3594718130884232,-0.9331559438780432
117678,105602.0,105504.0,113740.0,114036.0,114360.0,118163.0,130016.0,100836.0,103586.0,111260.85714285714,115208.53333333334,44.0,65.0,54.5,41.8,71.0,94.0,0.06,0.0,0.0,20.55,61.0,12.23,0.0,0.0,51.5,0.0,0.7,0.0,0.0,13.23,0.0,1.0,0.0,0.0,0.0,0.0,0.0,0.9798567700958665,-0.1997015525660636,-0.3913578365610259,-0.9202385798054075
115146,117678.0,105602.0,105504.0,113346.0,114118.0,117592.0,132268.0,108641.0,100836.0,111781.14285714286,115437.46666666666,48.0,72.0,60.0,47.0,77.0,95.0,0.0,0.0,0.0,17.22,61.0,8.9,0.0,0.0,54.2,0.0,0.7,0.0,0.0,13.28,0.0,0.0,1.0,0.0,0.0,0.0,0.0,0.9762766110869321,-0.21652708524481437,-0.4227806579826773,-0.9062320427107697
114547,115146.0,117678.0,105602.0,113367.0,114786.0,119037.0,127813.0,105963.0,108641.0,112038.28571428572,115734.73333333334,45.0,58.0,51.5,50.2,94.0,98.0,0.83,0.0,0.0,4.22,96.0,0.62,0.0,0.0,55.3,0.0,0.0,0.0,0.0,13.32,0.0,0.0,0.0,1.0,0.0,0.0,0.0,0.9724075561219968,-0.23328854407545518,-0.45370308603134424,-0.8911529104063088
116273,114547.0,115146.0,117678.0,113231.0,116292.0,117259.0,125791.0,106648.0,105963.0,112206.85714285714,115219.1,41.0,53.0,47.0,37.0,74.0,93.0,0.04,0.0,0.0,17.77,57.0,9.96,3.0,0.0,52.8,0.0,1.0,0.0,0.0,13.36,0.0,0.0,0.0,0.0,1.0,0.0,0.0,0.9682507501166718,-0.2499809690726521,-0.48408852163897587,-0.8750190302029955
115586,116273.0,114547.0,115146.0,113740.0,120447.0,116519.0,126141.0,107893.0,106648.0,112641.42857142857,114685.93333333332,43.0,56.0,49.5,37.6,71.0,94.0,0.0,0.0,0.0,12.41,89.0,6.07,0.5,0.0,49.3,0.0,1.2,1.0,0.0,13.41,0.0,0.0,0.0,0.0,0.0,1.0,0.0,0.9638074231367307,-0.26659942067929354,-0.5139010013093103,-0.8578494977869301
106596,115586.0,116273.0,114547.0,105504.0,111331.0,104347.0,114326.0,109478.0,107893.0,112905.14285714286,114278.36666666668,49.0,64.0,56.5,39.6,67.0,85.0,0.0,0.0,0.0,16.05,57.0,12.14,0.0,0.0,51.0,0.0,1.2,1.0,0.0,13.45,0.0,0.0,0.0,0.0,0.0,0.0,1.0,0.9590788900341131,-0.28313898122818354,-0.5431052396834317,-0.8396646346181327
103432,106596.0,115586.0,116273.0,105602.0,104967.0,105956.0,108863.0,106391.0,109478.0,113061.14285714286,113638.53333333334,52.0,65.0,58.5,43.0,73.0,92.0,0.0,0.0,0.0,18.46,41.0,11.53,0.0,0.0,54.8,0.0,0.2,0.0,0.0,13.49,1.0,0.0,0.0,0.0,0.0,0.0,0.0,0.9540665500578387,-0.2995947563972602,-0.5716666713027052,-0.8204859638785327
113034,103432.0,106596.0,115586.0,117678.0,114036.0,114360.0,118163.0,102400.0,106391.0,112751.14285714286,112881.56666666668,53.0,76.0,64.5,43.6,63.0,91.0,0.0,0.0,0.0,23.82,26.0,13.07,0.0,0.0,59.8,0.0,0.0,0.0,0.0,13.53,0.0,1.0,0.0,0.0,0.0,0.0,0.0,0.9487718864399473,-0.31596187665790293,-0.5995514915196489,-0.8003361849976323
113496,113034.0,103432.0,106596.0,115146.0,113346.0,114118.0,117592.0,106144.0,102400.0,112087.71428571428,112838.5,39.0,68.0,53.5,40.1,62.0,78.0,0.11,0.0,0.0,17.85,48.0,11.98,0.0,0.0,58.8,0.0,0.0,0.0,0.0,13.57,0.0,0.0,1.0,0.0,0.0,0.0,0.0,0.9431964659565866,-0.33223549871590435,-0.6267266965083301,-0.7792391467859886
113972,113496.0,113034.0,103432.0,114547.0,113367.0,114786.0,119037.0,107374.0,106144.0,111852.0,112992.93333333332,36.0,48.0,42.0,20.6,45.0,63.0,0.0,0.0,0.0,17.51,49.0,10.03,8.0,0.0,53.3,0.0,2.7,0.0,0.0,13.61,0.0,0.0,0.0,1.0,0.0,0.0,0.0,0.9373419384643772,-0.3484108069446808,-0.65316012232693,-0.7572198192083127
117557,113972.0,113496.0,113034.0,116273.0,113231.0,116292.0,117259.0,109181.0,107374.0,111769.85714285714,112853.23333333334,39.0,64.0,51.5,26.9,45.0,65.0,0.0,0.0,0.0,26.23,17.0,13.5,0.0,0.0,49.0,0.0,2.7,0.0,0.0,13.66,0.0,0.0,0.0,0.0,1.0,0.0,0.0,0.9312100364121947,-0.3644830148102912,-0.6788204829862355,-0.734304263829602
114808,117557.0,113972.0,113496.0,115586.0,113740.0,120447.0,116519.0,109799.0,109181.0,111953.28571428572,112852.06666666668,52.0,72.0,62.0,35.7,48.0,67.0,0.0,0.0,0.0,24.58,54.0,10.97,0.0,0.0,51.8,0.0,2.7,1.0,0.0,13.7,0.0,0.0,0.0,0.0,0.0,1.0,0.0,0.9248025743285089,-0.38044736628785164,-0.7036774074790128,-0.7105196029692745
103866,114808.0,117557.0,113972.0,106596.0,105504.0,111331.0,104347.0,110868.0,109799.0,111842.14285714286,112711.1,49.0,63.0,56.0,44.5,72.0,94.0,0.59,0.0,0.0,10.41,81.0,5.34,0.0,0.0,56.5,0.0,0.0,1.0,0.0,13.74,0.0,0.0,0.0,0.0,0.0,0.0,1.0,0.9181214482844364,-0.39629913726891813,-0.7277014757264236,-0.6858939875998223
103336,103866.0,114808.0,117557.0,103432.0,105602.0,104967.0,105956.0,101933.0,110868.0,111452.14285714286,112264.66666666669,41.0,60.0,50.5,28.0,47.0,68.0,0.0,0.0,0.0,27.48,11.0,13.62,0.0,0.0,56.2,0.0,0.0,0.0,0.0,13.78,1.0,0.0,0.0,0.0,0.0,0.0,0.0,0.9111686353326631,-0.41203363695942635,-0.7508642533989489,-0.6604565640279754
113175,103336.0,103866.0,114808.0,113034.0,117678.0,114036.0,114360.0,104175.0,101933.0,111438.42857142857,111825.23333333334,46.0,64.0,55.0,32.5,52.0,77.0,0.0,0.0,0.0,23.16,55.0,12.81,0.0,0.0,53.8,0.0,0.0,0.0,0.0,13.82,0.0,1.0,0.0,0.0,0.0,0.0,0.0,0.9039461929224011,-0.42764620926777464,-0.7731383255706026,-0.6342374393978054
113664,113175.0,103336.0,103866.0,113496.0,115146.0,113346.0,114118.0,110360.0,104175.0,111458.57142857143,112119.5,52.0,85.0,68.5,52.5,73.0,93.0,0.05,0.0,0.0,21.5,88.0,11.93,0.0,3.5,58.0,1.2,0.0,0.0,0.0,13.86,0.0,0.0,1.0,0.0,0.0,0.0,0.0,0.8964562582905575,-0.44313223418263453,-0.7944973291665992,-0.6072676460566135
116211,113664.0,113175.0,103336.0,113972.0,114547.0,113367.0,114786.0,106833.0,110360.0,111482.57142857143,112376.43333333332,59.0,75.0,67.0,59.2,83.0,91.0,0.02,0.0,0.0,8.83,98.0,1.77,0.0,2.0,63.5,1.8,0.0,0.0,0.0,13.9,0.0,0.0,0.0,1.0,0.0,0.0,0.0,0.8887010478292915,-0.45848712914008766,-0.8149159841660791,-0.5795791048257612
119535,116211.0,113664.0,113175.0,117557.0,116273.0,113231.0,116292.0,108896.0,106833.0,111802.42857142857,112438.13333333332,46.0,71.0,58.5,43.6,56.0,83.0,0.03,0.0,0.0,21.83,43.0,13.78,0.0,0.0,64.7,1.8,0.0,0.0,0.0,13.94,0.0,0.0,0.0,0.0,1.0,0.0,0.0,0.8806828564301475,-0.47370635037968,-0.8343701235229538,-0.5512045872199277
115848,119535.0,116211.0,113664.0,114808.0,115586.0,113740.0,120447.0,109556.0,108896.0,112085.0,112618.7,42.0,65.0,53.5,31.3,48.0,63.0,0.0,0.0,0.0,27.73,35.0,13.8,0.0,0.0,59.7,0.7,0.0,1.0,0.0,13.98,0.0,0.0,0.0,0.0,0.0,1.0,0.0,0.8724040568049612,-0.48878539428899265,-0.8528367217694595,-0.522177676659508
103765,115848.0,119535.0,116211.0,103866.0,106596.0,105504.0,111331.0,107240.0,109556.0,112233.57142857143,112654.1,56.0,82.0,69.0,44.2,48.0,74.0,0.0,0.0,0.0,21.77,73.0,12.41,0.0,4.0,60.3,1.3,0.0,1.0,0.0,14.02,0.0,0.0,0.0,0.0,0.0,0.0,1.0,0.8638670987837349,-0.503719798736334,-0.8702939222685674,-0.49253272872205434
104744,103765.0,115848.0,119535.0,103336.0,103432.0,105602.0,104967.0,101092.0,107240.0,112219.14285714286,112236.53333333334,52.0,66.0,59.0,50.0,78.0,94.0,0.58,0.0,0.0,7.15,98.0,1.0,0.0,0.0,60.5,1.3,0.0,0.0,0.0,14.05,1.0,0.0,0.0,0.0,0.0,0.0,0.0,0.8550745085896932,-0.518505144391157,-0.886721063082993,-0.46230483047981086
116045,104744.0,103765.0,115848.0,113175.0,113034.0,117678.0,114036.0,101934.0,101092.0,112420.28571428572,111713.1,52.0,73.0,62.5,54.6,87.0,97.0,0.23,0.0,0.0,15.22,96.0,6.11,0.0,0.0,63.5,1.3,0.0,0.0,0.0,14.09,0.0,1.0,0.0,0.0,0.0,0.0,0.0,0.8460288880917339,-0.533137056031809,-0.9020987014301837,-0.43152975897147144
115824,116045.0,104744.0,103765.0,113664.0,113496.0,115146.0,113346.0,106922.0,101934.0,112830.28571428572,111870.23333333334,52.0,62.0,57.0,52.2,92.0,96.0,0.31,0.0,0.0,6.15,94.0,0.29,0.0,0.0,59.5,0.0,0.0,0.0,0.0,14.13,0.0,0.0,1.0,0.0,0.0,0.0,0.0,0.8367329140344921,-0.5476112038402312,-0.9164086366943458,-0.4002439388573056
115496,115824.0,116045.0,104744.0,116211.0,113972.0,114547.0,113367.0,104493.0,106922.0,113138.85714285714,112232.13333333332,50.0,66.0,58.0,38.8,56.0,78.0,0.0,0.0,0.0,26.57,41.0,12.52,0.0,0.0,59.2,0.0,0.0,0.0,0.0,14.16,0.0,0.0,0.0,1.0,0.0,0.0,0.0,0.8271893372462497,-0.5619233046832195,-0.9296339319682695,-0.3684843993077793
112628,115496.0,115824.0,116045.0,119535.0,117557.0,116273.0,113231.0,106901.0,104493.0,113036.71428571428,112280.8,49.0,66.0,57.5,39.0,58.0,80.0,0.0,0.0,0.0,23.22,83.0,12.74,0.0,0.0,57.5,0.0,0.0,0.0,0.0,14.2,0.0,0.0,0.0,0.0,1.0,0.0,0.0,0.8174009818249189,-0.5760691233798758,-0.9417589340994617,-0.33628873017668287
111869,112628.0,115496.0,115824.0,115848.0,114808.0,115586.0,113740.0,105000.0,106901.0,112050.0,112256.86666666668,48.0,55.0,51.5,43.1,78.0,91.0,0.05,0.0,0.0,12.25,80.0,6.41,0.0,0.0,55.7,0.0,0.0,1.0,0.0,14.24,0.0,0.0,0.0,0.0,0.0,1.0,0.0,0.8073707443023492,-0.5900444739548627,-0.9527692922168511,-0.30369503751065885
104435,111869.0,112628.0,115496.0,103765.0,103866.0,106596.0,105504.0,107045.0,105000.0,111481.57142857143,112206.93333333332,46.0,65.0,55.5,41.5,73.0,93.0,0.47,0.0,0.0,18.15,67.0,8.31,0.0,0.0,54.8,0.0,0.0,1.0,0.0,14.27,0.0,0.0,0.0,0.0,0.0,0.0,1.0,0.7971015927871943,-0.6038452208771035,-0.9626519747161487,-0.2707418984477642
101730,104435.0,111869.0,112628.0,104744.0,103336.0,103432.0,105602.0,105448.0,107045.0,111577.28571428572,111913.73333333334,47.0,60.0,53.5,44.1,75.0,94.0,0.03,0.0,0.0,12.51,86.0,2.9,0.0,0.0,53.5,0.0,0.0,0.0,0.0,14.3,1.0,0.0,0.0,0.0,0.0,0.0,0.0,0.7865965660866021,-0.6174672802835514,-0.97139528468375,-0.23746831555846842
113642,101730.0,104435.0,111869.0,116045.0,113175.0,113034.0,117678.0,101273.0,105448.0,111146.71428571428,111513.4,49.0,67.0,58.0,37.3,56.0,84.0,0.0,0.0,0.0,20.95,64.0,13.15,0.0,0.0,55.7,0.0,0.0,0.0,0.0,14.34,0.0,1.0,0.0,0.0,0.0,0.0,0.0,0.7758587728069828,-0.6309066211876704,-0.9789888737409319,-0.20391367068311472
112533,113642.0,101730.0,104435.0,115824.0,113664.0,113496.0,115146.0,106548.0,101273.0,110803.42857142857,111784.66666666669,46.0,68.0,57.0,36.3,53.0,74.0,0.0,0.0,0.0,27.86,15.0,13.99,0.0,0.0,56.2,0.0,0.0,0.0,0.0,14.37,0.0,0.0,1.0,0.0,0.0,0.0,0.0,0.7648913904341225,-0.6441592666722685,-0.9854237542919524,-0.17011767832049052
112466,112533.0,113642.0,101730.0,115496.0,116211.0,113972.0,114547.0,106020.0,106548.0,110333.28571428572,112015.7,50.0,72.0,61.0,36.7,49.0,68.0,0.0,0.0,0.0,26.41,11.0,14.0,0.0,0.0,58.7,0.0,0.0,0.0,0.0,14.41,0.0,0.0,0.0,1.0,0.0,0.0,0.0,0.753697664392914,-0.6572212950663319,-0.9906923101615609,-0.13612033862266704
112234,112466.0,112533.0,113642.0,112628.0,119535.0,117557.0,116273.0,105496.0,106020.0,109900.42857142857,111841.96666666666,52.0,76.0,64.0,40.1,52.0,80.0,0.0,0.0,0.0,26.69,17.0,14.0,0.0,0.0,60.7,0.0,0.0,0.0,0.0,14.44,0.0,0.0,0.0,0.0,1.0,0.0,0.0,0.742280907086982,-0.6700888411055113,-0.994788305609327,-0.10196189005174576
114713,112234.0,112466.0,112533.0,111869.0,115848.0,114808.0,115586.0,104813.0,105496.0,109844.14285714286,111744.9,55.0,79.0,67.0,42.9,53.0,90.0,0.0,0.0,0.0,25.86,28.0,14.0,0.0,2.0,64.0,0.7,0.0,1.0,0.0,14.47,0.0,0.0,0.0,0.0,0.0,1.0,0.0,0.7306444969184916,-0.6827580970759147,-0.9977068927101168,-0.06768276175455162
106969,114713.0,112234.0,112466.0,104435.0,103765.0,103866.0,106596.0,112782.0,104813.0,110250.42857142857,111750.43333333332,59.0,75.0,67.0,44.8,55.0,77.0,0.01,0.0,0.0,21.23,81.0,12.1,0.0,2.0,66.0,1.3,0.0,1.0,0.0,14.5,0.0,0.0,0.0,0.0,0.0,0.0,1.0,0.7187918772884232,-0.6952253139408722,-0.9994446170919858,-0.033323525711631344
106379,106969.0,114713.0,112234.0,101730.0,104744.0,103336.0,103432.0,109350.0,112782.0,110612.42857142857,111440.3,56.0,78.0,67.0,46.9,60.0,90.0,0.0,0.0,0.0,25.62,21.0,14.0,0.0,2.0,67.0,2.0,0.0,0.0,0.0,14.53,1.0,0.0,0.0,0.0,0.0,0.0,0.0,0.7067265555776158,-0.7074868024503348,-0.9999994220246925,0.001075151282798226
119562,106379.0,106969.0,114713.0,113642.0,116045.0,113175.0,113034.0,101478.0,109350.0,111276.57142857143,111133.4,60.0,82.0,71.0,46.4,50.0,78.0,0.0,0.0,0.0,24.8,26.0,13.88,0.0,6.0,68.3,3.3,0.0,0.0,0.0,14.56,0.0,1.0,0.0,0.0,0.0,0.0,0.0,0.6944521021088763,-0.719538934232584,-0.9993706508539969,0.03547255575312556
125449,119562.0,106379.0,106969.0,112533.0,115824.0,113664.0,113496.0,106351.0,101478.0,112122.28571428572,111565.6,65.0,86.0,75.5,50.2,53.0,77.0,0.0,0.0,0.0,28.56,11.0,14.0,0.0,10.5,71.2,6.2,0.0,0.0,0.0,14.59,0.0,0.0,1.0,0.0,0.0,0.0,0.0,0.6819721490904629,-0.7313781428679254,-0.9975590477788613,0.06982797572987089
135636,125449.0,119562.0,106379.0,112466.0,115496.0,116211.0,113972.0,104990.0,106351.0,113967.42857142857,112299.5,59.0,76.0,67.5,47.1,60.0,87.0,0.0,0.0,0.0,28.03,58.0,14.0,0.0,2.5,71.3,6.3,0.0,0.0,0.0,14.62,0.0,0.0,0.0,1.0,0.0,0.0,0.0,0.6692903895412567,-0.7430009249440493,-0.9945667569706337,0.1041007489354256
127285,135636.0,125449.0,119562.0,112234.0,112628.0,119535.0,117557.0,104160.0,104990.0,117277.42857142857,113052.9,58.0,79.0,68.5,50.4,64.0,91.0,0.0,0.0,0.0,27.95,33.0,14.0,0.0,3.5,70.5,5.5,0.0,0.0,0.0,14.65,0.0,0.0,0.0,0.0,1.0,0.0,0.0,0.6564105761979381,-0.7544038410927472,-0.9903973200352558,0.1382503109109819
125978,127285.0,135636.0,125449.0,114713.0,111869.0,115848.0,114808.0,104754.0,104160.0,119427.57142857143,113512.53333333334,65.0,89.0,77.0,56.4,53.0,71.0,0.0,0.0,0.0,19.43,82.0,11.0,0.0,12.0,71.0,6.0,0.0,1.0,0.0,14.68,0.0,0.0,0.0,0.0,0.0,1.0,0.0,0.6433365204044917,-0.765583517007675,-0.9850556718215013,0.172236243027682
131007,125978.0,127285.0,135636.0,106969.0,104435.0,103765.0,103866.0,109076.0,104754.0,121036.85714285714,113912.73333333334,68.0,88.0,78.0,60.8,58.0,78.0,0.0,0.0,0.0,22.07,69.0,14.0,0.0,13.0,74.5,9.5,0.0,1.0,0.0,14.71,0.0,0.0,0.0,0.0,0.0,0.0,1.0,0.6300720909843687,-0.7765366444428655,-0.9785481345802031,0.20601832032517084
143933,131007.0,125978.0,127285.0,106379.0,101730.0,104744.0,103336.0,105665.0,109076.0,124470.85714285714,114361.06666666668,59.0,68.0,63.5,45.1,56.0,67.0,0.0,0.0,0.0,18.94,73.0,10.18,0.0,0.0,72.8,8.3,0.0,0.0,0.0,14.73,1.0,0.0,0.0,0.0,0.0,0.0,0.0,0.6166212130956382,-0.7872599821916922,-0.9708824104813836,0.23955655912092708
128641,143933.0,131007.0,125978.0,119562.0,113642.0,116045.0,113175.0,98759.0,105665.0,129835.71428571428,115331.9,58.0,73.0,65.5,50.9,64.0,75.0,0.0,0.0,0.0,24.41,73.0,11.02,0.0,0.5,69.0,4.5,0.0,0.0,0.0,14.76,0.0,1.0,0.0,0.0,0.0,0.0,0.0,0.6029878670694714,-0.7977503570459932,-0.9620675724981452,0.27281126433401914
124219,128641.0,143933.0,131007.0,125449.0,112533.0,115824.0,113664.0,102478.0,98759.0,131132.7142857143,116157.73333333334,65.0,86.0,75.5,63.9,73.0,92.0,0.07,0.0,0.0,23.4,52.0,13.15,0.0,10.5,68.2,3.7,0.0,0.0,0.0,14.78,0.0,0.0,1.0,0.0,0.0,0.0,0.0,0.5891760872322963,-0.8080046647350754,-0.9521140536681102,0.3057430764672831
143580,124219.0,128641.0,143933.0,135636.0,112466.0,115496.0,116211.0,111744.0,102478.0,130957.0,116853.83333333331,65.0,81.0,73.0,55.7,60.0,94.0,0.02,0.0,0.0,29.29,38.0,14.0,0.0,8.0,71.3,6.3,0.0,0.0,0.0,14.81,0.0,0.0,0.0,1.0,0.0,0.0,0.0,0.5751899607119775,-0.8180198708443174,-0.9410336347451197,0.3383130181923076
144678,143580.0,124219.0,128641.0,127285.0,112234.0,112628.0,119535.0,114887.0,111744.0,132091.85714285713,117867.33333333331,49.0,69.0,59.0,45.4,63.0,91.0,1.22,0.0,0.0,13.99,81.0,6.89,0.0,0.0,69.2,6.2,0.0,0.0,0.0,14.83,0.0,0.0,0.0,0.0,1.0,0.0,0.0,0.5610336262283677,-0.8277930117131022,-0.9288394302558068,0.3704825404820963
121714,144678.0,143580.0,124219.0,125978.0,114713.0,111869.0,115848.0,119979.0,114887.0,134576.57142857142,118901.13333333332,47.0,51.0,49.0,45.5,85.0,90.0,0.46,0.0,0.0,5.71,100.0,0.0,1.0,0.0,60.3,2.7,0.3,1.0,0.0,14.85,0.0,0.0,0.0,0.0,0.0,1.0,0.0,0.5467112728685939,-0.8373211953118121,-0.9155458729775467,0.40221356823680365
105407,121714.0,144678.0,143580.0,131007.0,106969.0,104435.0,103765.0,127358.0,119979.0,133967.42857142858,119084.56666666668,47.0,51.0,49.0,46.8,89.0,93.0,0.89,0.0,0.0,4.65,100.0,0.0,1.0,0.0,52.3,0.0,0.7,1.0,0.0,14.87,0.0,0.0,0.0,0.0,0.0,0.0,1.0,0.5322271388474397,-0.8466016020976267,-0.9011686968561569,0.4334685453485363
104357,105407.0,121714.0,144678.0,143933.0,106379.0,101730.0,104744.0,120443.0,127358.0,130310.28571428572,118613.63333333332,49.0,70.0,59.5,48.2,73.0,93.0,0.02,0.0,0.0,15.04,83.0,6.45,0.0,0.0,52.5,0.0,0.7,0.0,1.0,14.89,1.0,0.0,0.0,0.0,0.0,0.0,0.0,0.5175855102531889,-0.8556314858488706,-0.8857249183835637,0.4642104791518923
104281,104357.0,105407.0,121714.0,128641.0,119562.0,113642.0,116045.0,105733.0,120443.0,124656.57142857143,118230.6,57.0,76.0,66.5,52.5,72.0,92.0,0.0,0.0,0.0,20.8,88.0,10.81,0.0,1.5,58.3,0.5,0.3,0.0,0.0,14.91,0.0,1.0,0.0,0.0,0.0,0.0,0.0,0.5027907197793043,-0.8644081744776648,-0.8692328164574792,0.49440298420761813
118089,104281.0,104357.0,105407.0,124219.0,125449.0,112533.0,115824.0,108395.0,105733.0,121176.57142857143,118247.8,62.0,75.0,68.5,56.2,77.0,92.0,0.0,0.0,0.0,19.52,94.0,8.65,0.0,3.5,64.8,1.7,0.0,0.0,0.0,14.93,0.0,0.0,1.0,0.0,0.0,0.0,0.0,0.4878471454423119,-0.8729290708206411,-0.8517119107469189,0.5240103253675756
122150,118089.0,104281.0,104357.0,143580.0,135636.0,112466.0,115496.0,111306.0,108395.0,120300.85714285714,118692.63333333332,60.0,74.0,67.0,61.5,91.0,96.0,0.38,0.0,0.0,12.66,98.0,4.73,0.0,2.0,67.3,2.3,0.0,0.0,0.0,14.95,0.0,0.0,0.0,1.0,0.0,0.0,0.0,0.47275920928627757,-0.881191653407483,-0.8331829385891785,0.5529974600700271
125374,122150.0,118089.0,104281.0,144678.0,127285.0,112234.0,112628.0,124072.0,111306.0,117239.42857142857,118896.13333333332,63.0,78.0,70.5,65.3,87.0,96.0,0.39,0.0,0.0,15.28,79.0,5.09,0.0,5.5,68.7,3.7,0.0,0.0,0.0,14.96,0.0,0.0,0.0,0.0,1.0,0.0,0.0,0.4575313760742512,-0.8891934772070711,-0.8136678304455991,0.5813300798152042
134942,125374.0,122150.0,118089.0,121714.0,125978.0,114713.0,111869.0,135911.0,124072.0,114481.71428571428,119214.46666666666,66.0,89.0,77.5,64.3,71.0,95.0,0.0,0.0,0.0,27.29,13.0,14.04,0.0,12.5,71.7,6.7,0.0,1.0,0.0,14.98,0.0,0.0,0.0,0.0,0.0,1.0,0.0,0.44216815196707204,-0.8969321743510065,-0.7931896839451843,0.6089746507720486
139282,134942.0,125374.0,122150.0,105407.0,131007.0,106969.0,104435.0,138728.0,135911.0,116371.42857142857,119862.66666666669,76.0,92.0,84.0,65.5,65.0,79.0,0.0,0.0,0.0,25.86,17.0,14.04,0.0,19.0,77.3,12.3,0.0,1.0,0.0,15.0,0.0,0.0,0.0,0.0,0.0,0.0,1.0,0.42667408318992467,-0.9044054548343001,-0.7717727365467836,0.6358984534680745
157383,139282.0,134942.0,125374.0,104357.0,143933.0,106379.0,101730.0,137443.0,138728.0,121210.71428571428,120751.13333333332,76.0,91.0,83.5,69.9,77.0,91.0,0.07,0.0,0.0,22.3,54.0,12.84,0.0,18.5,81.7,16.7,0.0,0.0,0.0,15.01,1.0,0.0,0.0,0.0,0.0,0.0,0.0,0.4110537546870351,-0.9116111071930239,-0.7494423368521954,0.6620696215153815
182078,157383.0,139282.0,134942.0,104281.0,128641.0,119562.0,113642.0,117827.0,137443.0,128785.85714285714,122268.26666666666,72.0,90.0,81.0,72.9,86.0,98.0,0.47,0.0,0.0,19.36,84.0,9.03,0.0,16.0,82.8,17.8,0.0,0.0,0.0,15.02,0.0,1.0,0.0,0.0,0.0,0.0,0.0,0.3953117887649151,-0.9185469991587165,-0.7262249146041543,0.6874571793269664
183066,182078.0,157383.0,139282.0,118089.0,124219.0,125449.0,112533.0,126037.0,117827.0,139899.7142857143,124856.36666666668,72.0,90.0,81.0,71.5,81.0,97.0,0.01,0.0,0.0,24.09,76.0,13.49,0.0,16.0,81.8,16.8,0.0,0.0,0.0,15.04,0.0,0.0,1.0,0.0,0.0,0.0,0.0,0.37945284372454435,-0.925211078289358,-0.7021479494046978,0.7120310787787131
185200,183066.0,182078.0,157383.0,122150.0,143580.0,135636.0,112466.0,141241.0,126037.0,149182.14285714287,127567.56666666668,65.0,84.0,74.5,59.2,64.0,91.0,0.0,0.0,0.0,25.37,59.0,14.0,0.0,9.5,78.8,13.8,0.0,0.0,0.0,15.05,0.0,0.0,0.0,1.0,0.0,0.0,0.0,0.36348161248290634,-0.9316013725767187,-0.6772399381909491,0.7357622347736527
164490,185200.0,183066.0,182078.0,125374.0,144678.0,127285.0,112234.0,151018.0,141241.0,158189.2857142857,129952.83333333331,62.0,69.0,65.5,53.8,69.0,82.0,0.0,0.0,0.0,11.24,85.0,4.67,0.0,0.5,73.7,8.7,0.0,0.0,0.0,15.06,0.0,0.0,0.0,0.0,1.0,0.0,0.0,0.3474028211842774,-0.9377159910299093,-0.6515303615068021,0.75862255966641
133401,164490.0,185200.0,183066.0,134942.0,121714.0,125978.0,114713.0,149906.0,151018.0,163777.2857142857,131684.73333333334,62.0,69.0,65.5,58.9,80.0,96.0,0.0,0.0,0.0,14.13,80.0,6.33,0.0,0.5,68.5,3.5,0.0,1.0,0.0,15.07,0.0,0.0,0.0,0.0,0.0,1.0,0.0,0.3312212278016865,-0.9435531242349544,-0.6250496486104377,0.7805849965070866
118807,133401.0,164490.0,185200.0,139282.0,105407.0,131007.0,106969.0,146423.0,149906.0,163557.14285714287,132382.56666666668,62.0,76.0,69.0,58.5,77.0,94.0,0.01,0.0,0.0,18.9,61.0,10.61,0.0,4.0,66.7,1.7,0.0,1.0,0.0,15.08,0.0,0.0,0.0,0.0,0.0,0.0,1.0,0.31494162072895193,-0.9491110448902284,-0.5978291414589552,0.801623551065242
117076,118807.0,133401.0,164490.0,157383.0,104357.0,143933.0,106379.0,120480.0,146423.0,160632.14285714287,132601.66666666666,64.0,73.0,68.5,61.7,84.0,94.0,0.22,0.0,0.0,16.06,77.0,9.23,0.0,3.5,67.7,2.7,0.0,0.0,0.0,15.08,1.0,0.0,0.0,0.0,0.0,0.0,0.0,0.2985688173637202,-0.9543881083175908,-0.5699010576127624,0.8217133225960589
134552,117076.0,118807.0,133401.0,182078.0,104281.0,128641.0,119562.0,109258.0,120480.0,154874.0,132680.43333333332,66.0,80.0,73.0,59.9,74.0,98.0,0.0,0.0,0.0,24.62,44.0,13.0,0.0,8.0,70.2,5.2,0.0,0.0,0.0,15.09,0.0,1.0,0.0,0.0,0.0,0.0,0.0,0.2821076626819194,-0.9593827529490743,-0.5412984521036173,0.8408305333122887
142937,134552.0,117076.0,118807.0,183066.0,118089.0,124219.0,125449.0,121816.0,109258.0,148084.57142857142,133599.86666666667,62.0,77.0,69.5,49.7,56.0,80.0,0.0,0.0,0.0,29.93,11.0,14.04,0.0,4.5,70.3,5.3,0.0,0.0,0.0,15.09,0.0,0.0,1.0,0.0,0.0,0.0,0.0,0.26556302780405594,-0.9640935007889755,-0.5120551783114646,0.8589525565270845
135297,142937.0,134552.0,117076.0,185200.0,122150.0,143580.0,135636.0,124252.0,121816.0,142351.85714285713,134818.46666666667,57.0,78.0,67.5,46.9,54.0,81.0,0.0,0.0,0.0,30.29,17.0,14.13,0.0,2.5,70.0,5.0,0.0,0.0,0.0,15.1,0.0,0.0,0.0,1.0,0.0,0.0,0.0,0.24893980855376657,-0.9685189578512204,-0.4822058478963526,0.8760579434344281
132504,135297.0,142937.0,134552.0,164490.0,125374.0,144678.0,127285.0,127685.0,124252.0,135222.85714285713,135342.96666666667,63.0,84.0,73.5,53.1,58.0,80.0,0.0,0.0,0.0,27.42,50.0,11.2,0.0,8.5,70.2,5.2,0.0,0.0,1.0,15.1,0.0,0.0,0.0,0.0,1.0,0.0,0.0,0.23224292400907015,-0.9726578145718654,-0.451785789832884,0.8921264484954345
141117,132504.0,135297.0,142937.0,133401.0,134942.0,121714.0,125978.0,134290.0,127685.0,130653.42857142857,135578.13333333333,65.0,88.0,76.5,62.4,66.0,83.0,0.14,0.0,0.0,21.2,96.0,9.81,0.0,11.5,72.5,7.5,0.0,1.0,1.0,15.1,0.0,0.0,0.0,0.0,0.0,1.0,0.0,0.21547731504673012,-0.976508846196619,-0.42083100859565564,0.9071390534005044
144873,141117.0,132504.0,135297.0,118807.0,139282.0,105407.0,131007.0,140428.0,134290.0,131755.7142857143,135760.83333333334,66.0,86.0,76.0,65.7,77.0,91.0,0.0,0.0,0.0,23.68,38.0,14.04,0.0,11.0,75.3,10.3,0.0,1.0,0.0,15.1,0.0,0.0,0.0,0.0,0.0,0.0,1.0,0.19864794288017112,-0.9800709131432666,-0.3893781415452015,0.9210779895789526
147051,144873.0,141117.0,132504.0,117076.0,157383.0,104357.0,143933.0,139405.0,140428.0,135479.42857142858,136347.1,75.0,86.0,80.5,71.1,83.0,93.0,0.0,0.0,0.0,22.52,74.0,13.17,0.0,15.5,77.7,12.7,0.0,0.0,0.0,15.1,1.0,0.0,0.0,0.0,0.0,0.0,0.0,0.18175978759137534,-0.9833429613388902,-0.3574644155648614,0.9339267592294762
180010,147051.0,144873.0,141117.0,134552.0,182078.0,104281.0,128641.0,143250.0,139405.0,139761.57142857142,137049.53333333333,59.0,78.0,68.5,64.4,85.0,96.0,0.24,0.0,0.0,9.87,91.0,4.15,0.0,3.5,75.0,10.0,0.0,0.0,0.0,15.1,0.0,1.0,0.0,0.0,0.0,0.0,0.0,0.16481784665719793,-0.9863240225317866,-0.3251276029999093,0.9456701548465688
155375,180010.0,147051.0,144873.0,142937.0,183066.0,118089.0,124219.0,169030.0,143250.0,146255.57142857142,138682.96666666667,55.0,76.0,65.5,47.8,58.0,78.0,0.0,0.0,0.0,26.35,32.0,14.05,0.0,0.5,71.5,6.5,0.0,0.0,0.0,15.1,0.0,0.0,1.0,0.0,0.0,0.0,0.0,0.14782713347053048,-0.9890132145779883,-0.29240597695107734,0.9562942772197719
129862,155375.0,180010.0,147051.0,135297.0,185200.0,122150.0,143580.0,171255.0,169030.0,148032.42857142858,139064.36666666667,61.0,77.0,69.0,53.1,66.0,90.0,0.0,0.0,0.0,28.69,22.0,14.05,0.0,4.0,67.7,2.7,0.0,0.0,0.0,15.1,0.0,0.0,0.0,1.0,0.0,0.0,0.0,0.13079267585675922,-0.9914097417023038,-0.2593382659754056,0.9657865518844574
133803,129862.0,155375.0,180010.0,132504.0,164490.0,125374.0,144678.0,167586.0,171255.0,147256.0,139105.06666666668,64.0,81.0,72.5,59.2,77.0,92.0,0.0,0.0,0.0,28.53,76.0,13.9,0.0,7.5,69.0,4.0,0.0,0.0,0.0,15.09,0.0,0.0,0.0,0.0,1.0,0.0,0.0,0.11371951458594969,-0.9935128947338007,-0.22596360824801906,0.974135744004672
138370,133803.0,129862.0,155375.0,141117.0,133401.0,134942.0,121714.0,157504.0,167586.0,147441.57142857142,139424.53333333333,68.0,83.0,75.5,68.8,87.0,96.0,0.04,0.0,0.0,19.55,87.0,13.31,0.0,10.5,72.3,7.3,0.0,1.0,0.0,15.09,0.0,0.0,0.0,0.0,0.0,1.0,0.0,0.0966127018812031,-0.9953220513156602,-0.19232150523909483,0.9813319716704275
147001,138370.0,133803.0,129862.0,144873.0,118807.0,139282.0,105407.0,157836.0,157504.0,147049.14285714287,139250.86666666667,73.0,90.0,81.5,71.7,81.0,92.0,0.0,0.0,0.0,19.62,82.0,10.79,0.0,16.5,76.5,11.5,0.0,1.0,0.0,15.08,0.0,0.0,0.0,0.0,0.0,0.0,1.0,0.07947729992362097,-0.9968366760893436,-0.15845177496083632,0.9873667175937016
159179,147001.0,138370.0,133803.0,147051.0,117076.0,157383.0,104357.0,147406.0,157836.0,147353.14285714287,139328.3,76.0,92.0,84.0,71.6,72.0,84.0,0.0,0.0,0.0,24.68,66.0,13.98,0.0,19.0,80.3,15.3,0.0,0.0,0.0,15.07,1.0,0.0,0.0,0.0,0.0,0.0,0.0,0.062318379354325076,-0.998056320853012,-0.12439450483979998,0.9922328391893008
194131,159179.0,147001.0,138370.0,180010.0,134552.0,182078.0,104281.0,156108.0,147406.0,149085.7142857143,140577.13333333333,78.0,95.0,86.5,73.1,71.0,81.0,0.0,0.0,0.0,25.12,17.0,14.0,0.0,21.5,84.0,19.0,0.0,0.0,0.0,15.07,0.0,1.0,0.0,0.0,0.0,0.0,0.0,0.04514101777397193,-0.9989806246941579,-0.09019000427034513,0.9959245770286599
206885,194131.0,159179.0,147001.0,155375.0,142937.0,183066.0,118089.0,166276.0,156108.0,151103.0,143534.6,73.0,98.0,85.5,70.8,64.0,86.0,0.65,0.0,0.0,24.37,22.0,14.0,0.0,20.5,85.3,20.3,0.0,0.0,0.0,15.06,0.0,0.0,1.0,0.0,0.0,0.0,0.0,0.02795029824021032,-0.999609314096404,-0.05587875690537313,0.9984375616565666
212086,206885.0,194131.0,159179.0,129862.0,135297.0,185200.0,122150.0,154125.0,166276.0,158461.57142857142,146952.2,72.0,84.0,78.0,69.9,79.0,95.0,0.9,0.0,0.0,13.59,71.0,7.42,0.0,13.0,83.3,18.3,0.0,0.0,0.0,15.05,0.0,0.0,0.0,1.0,0.0,0.0,0.0,0.01075130776352193,-0.9999422030204416,-0.021501372740813793,0.999768818762748
185946,212086.0,206885.0,194131.0,133803.0,132504.0,164490.0,125374.0,152004.0,154125.0,170207.85714285713,150545.7,62.0,79.0,70.5,68.4,89.0,96.0,0.67,0.0,0.0,11.53,100.0,1.87,0.0,5.5,78.0,13.0,0.0,0.0,0.0,15.04,0.0,0.0,0.0,0.0,1.0,0.0,0.0,-0.00645086419810515,-0.9999791929590823,0.012901459949419653,0.9999167727021953
161877,185946.0,212086.0,206885.0,138370.0,141117.0,133401.0,134942.0,163768.0,152004.0,177656.85714285713,152807.6,59.0,66.0,62.5,60.1,88.0,96.0,0.34,0.0,0.0,11.15,98.0,5.04,0.0,0.0,70.3,6.2,0.0,1.0,0.0,15.02,0.0,0.0,0.0,0.0,0.0,1.0,0.0,-0.023651127245231586,-0.9997202729664083,0.04728902277113235,0.9988812483600598
120541,161877.0,185946.0,212086.0,147001.0,144873.0,118807.0,139282.0,166411.0,163768.0,181015.0,154131.83333333334,60.0,79.0,69.5,60.6,77.0,92.0,0.0,0.0,0.0,23.67,42.0,14.0,0.0,4.5,67.5,3.3,0.0,1.0,1.0,15.01,0.0,0.0,0.0,0.0,0.0,0.0,1.0,-0.04084439154329611,-0.9991655196610109,0.08162061540319052,0.9966634713589159
118334,120541.0,161877.0,185946.0,159179.0,147051.0,117076.0,157383.0,145710.0,166411.0,177235.0,153970.73333333334,67.0,83.0,75.0,66.8,82.0,100.0,0.0,0.0,0.0,22.28,30.0,14.0,0.0,10.0,69.0,4.8,0.0,0.0,1.0,15.0,1.0,0.0,0.0,0.0,0.0,0.0,0.0,-0.05802556932878035,-0.9983150972033183,0.11585560376947847,0.9932660666081418
141039,118334.0,120541.0,161877.0,194131.0,180010.0,134552.0,182078.0,155847.0,145710.0,171400.0,153417.13333333333,71.0,92.0,81.5,69.4,73.0,93.0,0.55,0.0,0.0,24.7,81.0,13.88,0.0,16.5,75.3,10.3,0.0,0.0,0.0,14.98,0.0,1.0,0.0,0.0,0.0,0.0,0.0,-0.07518957641475855,-0.9971692572470178,0.14995346813244534,0.9886930551971383
178255,141039.0,118334.0,120541.0,206885.0,155375.0,142937.0,183066.0,176113.0,155847.0,163815.42857142858,153475.7,71.0,91.0,81.0,73.2,80.0,96.0,0.0,0.0,0.0,24.42,24.0,14.0,0.0,16.0,79.2,14.2,0.0,0.0,0.0,14.97,0.0,0.0,1.0,0.0,0.0,0.0,0.0,-0.09233133369539122,-0.9957283388645872,0.18387385105132759,0.9829498496360606
190084,178255.0,141039.0,118334.0,212086.0,129862.0,135297.0,185200.0,167938.0,176113.0,159725.42857142858,154171.43333333332,71.0,84.0,77.5,72.1,88.0,97.0,2.27,0.0,0.0,14.96,91.0,7.39,0.0,12.5,80.0,15.0,0.0,0.0,0.0,14.95,0.0,0.0,0.0,1.0,0.0,0.0,0.0,-0.10944576864891556,-0.993992768446958,0.21757660514828173,0.9760432474496961
184239,190084.0,178255.0,141039.0,185946.0,133803.0,132504.0,164490.0,175949.0,167938.0,156582.2857142857,154438.3,70.0,85.0,77.5,70.1,82.0,97.0,2.06,0.0,0.0,17.21,85.0,7.81,0.0,12.5,78.7,13.7,0.0,0.0,0.0,14.93,0.0,0.0,0.0,0.0,1.0,0.0,0.0,-0.12652781683868314,-0.9919630595773397,0.2510218406258827,0.9679814231320734
172232,184239.0,190084.0,178255.0,161877.0,138370.0,141117.0,133401.0,180313.0,175949.0,156338.42857142858,154477.4,68.0,81.0,74.5,68.2,83.0,96.0,0.27,0.0,0.0,18.81,47.0,14.0,0.0,9.5,76.5,11.5,0.0,1.0,0.0,14.91,0.0,0.0,0.0,0.0,0.0,1.0,0.0,-0.1435724234118113,-0.9896398128792412,0.2841699724797683,0.9587739184713191
152105,172232.0,184239.0,190084.0,120541.0,147001.0,144873.0,118807.0,168873.0,180313.0,157817.7142857143,154045.13333333333,70.0,78.0,74.0,69.0,88.0,97.0,0.01,0.0,0.0,10.85,88.0,5.63,0.0,9.0,75.3,10.3,0.0,1.0,0.0,14.89,0.0,0.0,0.0,0.0,0.0,0.0,1.0,-0.16057454459499376,-0.9870237158387383,0.31698176735052785,0.9484316312562208
146754,152105.0,172232.0,184239.0,118334.0,159179.0,147051.0,117076.0,161294.0,168873.0,162326.85714285713,153632.3,72.0,86.0,79.0,73.7,91.0,98.0,1.42,0.0,0.0,13.92,95.0,5.1,0.0,14.0,75.8,10.8,0.0,0.0,0.0,14.87,1.0,0.0,0.0,0.0,0.0,0.0,0.0,-0.17752914918703497,-0.984115542601034,0.34941838995939767,0.9369668023778549
176422,146754.0,152105.0,172232.0,141039.0,194131.0,180010.0,134552.0,157805.0,161294.0,166386.85714285713,154077.4,69.0,72.0,70.5,70.0,91.0,97.0,0.0,0.0,0.0,10.24,100.0,1.15,0.0,5.5,74.5,9.5,0.0,0.0,0.0,14.85,0.0,1.0,0.0,0.0,0.0,0.0,0.0,-0.19443122004766195,-0.9809161537413774,0.3814414490727919,0.9243930013415553
157758,176422.0,146754.0,152105.0,178255.0,206885.0,155375.0,142937.0,176295.0,157805.0,171441.57142857142,155997.9,69.0,87.0,78.0,71.4,85.0,99.0,0.0,0.0,0.0,20.1,78.0,10.38,0.0,13.0,75.8,10.8,0.0,0.0,0.0,14.83,0.0,0.0,1.0,0.0,0.0,0.0,0.0,-0.2112757555821793,-0.9774264960104055,0.4130130429412807,0.9107251102063585
169728,157758.0,176422.0,146754.0,190084.0,212086.0,129862.0,135297.0,170243.0,176295.0,168513.42857142858,157353.96666666667,74.0,89.0,81.5,71.7,81.0,97.0,0.0,0.0,0.0,23.07,47.0,14.0,0.0,16.5,76.7,11.7,0.0,0.0,0.0,14.81,0.0,0.0,0.0,1.0,0.0,0.0,0.0,-0.2280577712215198,-0.9736476020539838,0.4440958041592176,0.8959793059709459
183799,169728.0,157758.0,176422.0,184239.0,185946.0,133803.0,132504.0,164706.0,170243.0,165605.42857142858,158526.5,79.0,91.0,85.0,71.5,73.0,92.0,0.0,0.0,0.0,24.56,43.0,13.99,0.0,20.0,81.5,16.5,0.0,0.0,0.0,14.78,0.0,0.0,0.0,0.0,1.0,0.0,0.0,-0.24477230089725957,-0.9695805901076308,0.47465294389193496,0.8801730414269229
198095,183799.0,169728.0,157758.0,172232.0,161877.0,138370.0,141117.0,153193.0,164706.0,165542.57142857142,159888.56666666668,73.0,91.0,82.0,74.1,83.0,96.0,0.62,0.0,0.0,22.27,87.0,12.85,0.0,17.0,82.8,17.8,0.0,1.0,0.0,14.76,0.0,0.0,0.0,0.0,0.0,1.0,0.0,-0.2614143985111562,-0.965226663665613,0.5046482954181526,0.8633250245021008
181974,198095.0,183799.0,169728.0,152105.0,120541.0,147001.0,144873.0,159279.0,153193.0,169237.2857142857,161981.83333333334,72.0,84.0,78.0,70.0,79.0,96.0,0.03,0.0,0.0,21.59,77.0,12.57,0.0,13.0,81.7,16.7,0.0,1.0,0.0,14.73,0.0,0.0,0.0,0.0,0.0,0.0,1.0,-0.2779791393987801,-0.9605871111248129,0.5340463569360717,0.8454551961182272
163541,181974.0,198095.0,183799.0,146754.0,118334.0,159179.0,147051.0,164104.0,159279.0,173504.2857142857,163630.83333333334,71.0,81.0,76.0,66.1,74.0,91.0,0.01,0.0,0.0,21.42,52.0,13.64,0.0,11.0,78.7,13.7,0.0,0.0,0.0,14.71,1.0,0.0,0.0,0.0,0.0,0.0,0.0,-0.2944616217868012,-0.9556633054034704,0.5628123335824821,0.8265847065893737
167678,163541.0,181974.0,198095.0,176422.0,141039.0,194131.0,180010.0,177705.0,164104.0,175902.42857142858,164378.3,73.0,86.0,79.5,68.7,74.0,93.0,0.0,0.0,0.0,25.12,10.0,14.0,0.0,14.5,77.8,12.8,0.0,0.0,0.0,14.68,0.0,1.0,0.0,0.0,0.0,0.0,0.0,-0.3108569682435036,-0.9504567035349151,0.5909121786151564,0.8067358905889147
178188,167678.0,163541.0,181974.0,157758.0,178255.0,206885.0,155375.0,206726.0,177705.0,174653.2857142857,165138.46666666667,70.0,80.0,75.0,67.3,77.0,92.0,0.05,0.0,0.0,20.53,30.0,13.0,0.0,10.0,76.8,11.8,0.0,0.0,0.0,14.65,0.0,0.0,1.0,0.0,0.0,0.0,0.0,-0.3271603271220951,-0.9449688462364056,0.6183126337097825,0.7859322407147274
172786,178188.0,167678.0,163541.0,169728.0,190084.0,212086.0,129862.0,197281.0,206726.0,177571.85714285713,166176.36666666667,67.0,81.0,74.0,59.6,67.0,93.0,0.0,0.0,0.0,23.94,39.0,13.83,0.0,9.0,76.2,11.2,0.0,0.0,0.0,14.62,0.0,0.0,0.0,1.0,0.0,0.0,0.0,-0.34336687399638804,-0.939201357453208,0.6449812683237445,0.7641983796838971
157731,172786.0,178188.0,167678.0,183799.0,184239.0,185946.0,133803.0,199626.0,197281.0,178008.7142857143,165935.56666666668,67.0,83.0,75.0,57.9,62.0,79.0,0.01,0.0,0.0,24.76,18.0,14.0,0.0,10.0,74.7,9.7,0.0,0.0,0.0,14.6,0.0,0.0,0.0,0.0,1.0,0.0,0.0,-0.3594718130884232,-0.9331559438780432,0.6708865180801582,0.7415600311898435
153539,157731.0,172786.0,178188.0,198095.0,172232.0,161877.0,138370.0,189744.0,199626.0,174284.7142857143,166014.1,67.0,84.0,75.5,62.3,72.0,95.0,0.0,0.0,0.0,24.79,40.0,12.0,0.0,10.5,74.8,9.8,0.0,1.0,0.0,14.57,0.0,0.0,0.0,0.0,0.0,1.0,0.0,-0.3754703786876202,-0.9268343944460494,0.6959977221267386,0.7180439894563503
144541,153539.0,157731.0,172786.0,181974.0,152105.0,120541.0,147001.0,174543.0,189744.0,167919.57142857142,166803.33333333334,66.0,83.0,74.5,68.1,78.0,92.0,0.49,0.0,0.0,15.3,71.0,8.54,0.0,9.5,75.0,10.0,0.0,1.0,0.0,14.54,0.0,0.0,0.0,0.0,0.0,0.0,1.0,-0.3913578365610259,-0.9202385798054075,0.7202851594252706,0.6936780875245466
150491,144541.0,153539.0,157731.0,163541.0,146754.0,118334.0,159179.0,168864.0,174543.0,162572.0,167161.26666666666,72.0,88.0,80.0,66.7,70.0,97.0,0.78,0.0,0.0,24.38,63.0,12.72,0.0,15.0,76.7,11.7,0.0,0.0,0.0,14.51,1.0,0.0,0.0,0.0,0.0,0.0,0.0,-0.4071294853542516,-0.9133704517637858,0.7437200839287408,0.6684911643103645
181389,150491.0,144541.0,153539.0,167678.0,176422.0,141039.0,194131.0,178655.0,168864.0,160707.7142857143,167565.3,73.0,89.0,81.0,64.9,67.0,88.0,0.0,0.0,0.0,23.76,21.0,14.0,0.0,16.0,78.5,13.5,0.0,0.0,0.0,14.48,0.0,1.0,0.0,0.0,0.0,0.0,0.0,-0.4227806579826773,-0.9062320427107697,0.7662747586044899,0.6425130304714689
181143,181389.0,150491.0,144541.0,178188.0,157758.0,178255.0,206885.0,201034.0,178655.0,162666.42857142858,168711.56666666668,69.0,81.0,75.0,64.1,73.0,92.0,0.14,0.0,0.0,23.57,25.0,14.0,0.0,10.0,78.7,13.7,0.0,0.0,0.0,14.45,0.0,0.0,1.0,0.0,0.0,0.0,0.0,-0.4383067230125192,-0.898825465016444,0.7879224882631226,0.6157744331240536
170345,181143.0,181389.0,150491.0,172786.0,169728.0,190084.0,212086.0,208612.0,201034.0,163088.57142857142,169443.7,69.0,77.0,73.0,68.4,87.0,95.0,0.47,0.0,0.0,13.47,62.0,7.72,0.0,8.0,76.3,11.3,0.0,0.0,0.0,14.41,0.0,0.0,0.0,1.0,0.0,0.0,0.0,-0.45370308603134424,-0.8911529104063088,0.8086376511543126,0.5883070194512693
164946,170345.0,181143.0,181389.0,157731.0,183799.0,184239.0,185946.0,200098.0,208612.0,162739.85714285713,168650.83333333334,67.0,82.0,74.5,61.1,68.0,94.0,0.0,0.0,0.0,25.87,12.0,14.0,0.0,9.5,74.2,9.2,0.0,0.0,0.0,14.38,0.0,0.0,0.0,0.0,1.0,0.0,0.0,-0.46896519100763184,-0.8832166493127127,0.8283957292921138,0.5601432992463508
157158,164946.0,170345.0,181143.0,153539.0,198095.0,172232.0,161877.0,196658.0,200098.0,163770.57142857142,167252.86666666667,60.0,77.0,68.5,53.4,62.0,81.0,0.0,0.0,0.0,26.48,8.0,14.0,0.0,3.5,72.0,7.0,0.0,1.0,0.0,14.35,0.0,0.0,0.0,0.0,0.0,1.0,0.0,-0.48408852163897587,-0.8750190302029955,0.847173337473877,0.5313166064347815
129226,157158.0,164946.0,170345.0,144541.0,181974.0,152105.0,120541.0,174916.0,196658.0,164287.57142857142,165421.93333333332,66.0,77.0,71.5,60.8,73.0,91.0,0.04,0.0,0.0,18.15,49.0,12.97,0.0,6.5,71.5,6.5,0.0,1.0,0.0,14.31,0.0,0.0,0.0,0.0,0.0,0.0,1.0,-0.4990686026885319,-0.8665624788845385,0.8649482509584342,0.5018610596210326
132174,129226.0,157158.0,164946.0,150491.0,163541.0,146754.0,118334.0,166262.0,174916.0,162099.7142857143,163531.26666666666,63.0,80.0,71.5,58.5,68.0,95.0,0.0,0.0,0.0,24.6,19.0,14.0,0.0,6.5,70.5,5.5,0.0,0.0,0.0,14.28,1.0,0.0,0.0,0.0,0.0,0.0,0.0,-0.5139010013093103,-0.8578494977869301,0.8816994317707848,0.4718115217065765
145959,132174.0,129226.0,157158.0,181389.0,167678.0,176422.0,141039.0,178006.0,166262.0,159483.0,162541.16666666666,65.0,79.0,72.0,56.3,65.0,86.0,0.0,0.0,0.0,14.04,85.0,3.37,0.0,7.0,71.7,6.7,0.0,0.0,0.0,14.24,0.0,1.0,0.0,0.0,0.0,0.0,0.0,-0.5285813283559292,-0.8488826652214553,0.8974070536021568,0.44120355862696276
143955,145959.0,132174.0,129226.0,181143.0,178188.0,157758.0,178255.0,192243.0,178006.0,154421.57142857142,163388.43333333332,67.0,76.0,71.5,60.5,72.0,85.0,0.0,0.0,0.0,12.75,99.0,2.01,0.0,6.5,71.7,6.7,0.0,0.0,0.0,14.21,0.0,0.0,1.0,0.0,0.0,0.0,0.0,-0.5431052396834317,-0.8396646346181327,0.912052525275964,0.41007339725680436
144567,143955.0,145959.0,132174.0,170345.0,172786.0,169728.0,190084.0,173030.0,192243.0,149109.0,164242.46666666667,69.0,81.0,75.0,63.0,76.0,92.0,0.0,0.0,0.0,13.11,52.0,9.7,0.0,10.0,72.8,7.8,0.0,0.0,0.0,14.17,0.0,0.0,0.0,1.0,0.0,0.0,0.0,-0.5574684374327892,-0.8301981337405212,0.9256185127518922,0.3784578825324888
149371,144567.0,143955.0,145959.0,164946.0,157731.0,183799.0,184239.0,175850.0,173030.0,145426.42857142858,164360.06666666668,70.0,88.0,79.0,63.8,69.0,92.0,0.0,0.0,0.0,23.0,26.0,13.96,0.0,14.0,75.2,10.2,0.0,0.0,0.0,14.14,0.0,0.0,0.0,0.0,1.0,0.0,0.0,-0.5716666713027052,-0.8204859638785327,0.9380889596420647,0.3463944338433696
163006,149371.0,144567.0,143955.0,157158.0,153539.0,198095.0,172232.0,165168.0,175850.0,143201.42857142858,163397.26666666666,73.0,87.0,80.0,63.7,65.0,83.0,0.0,0.0,0.0,20.57,93.0,11.77,0.0,15.0,78.0,13.0,0.0,1.0,0.0,14.1,0.0,0.0,0.0,0.0,0.0,1.0,0.0,-0.5856957398073508,-0.8105309990194823,0.9494491062150135,0.31392100074304014
154929,163006.0,149371.0,144567.0,129226.0,144541.0,181974.0,152105.0,156931.0,165168.0,144036.85714285713,162494.66666666666,66.0,77.0,71.5,63.9,80.0,90.0,0.21,0.0,0.0,10.55,96.0,6.88,0.0,6.5,76.8,11.8,0.0,1.0,0.0,14.06,0.0,0.0,0.0,0.0,0.0,0.0,1.0,-0.5995514915196489,-0.8003361849976323,0.9596855068649522,0.2810760180331286
139597,154929.0,163006.0,149371.0,132174.0,150491.0,163541.0,146754.0,149407.0,156931.0,147708.7142857143,161517.66666666666,69.0,81.0,75.0,68.0,84.0,97.0,0.0,0.0,0.0,15.4,85.0,10.34,0.0,10.0,75.5,10.5,0.0,0.0,0.0,14.02,1.0,0.0,0.0,0.0,0.0,0.0,0.0,-0.6132298262997502,-0.7899045386224707,0.968786046025684,0.24789836027275647
158928,139597.0,154929.0,163006.0,145959.0,181389.0,167678.0,176422.0,158993.0,149407.0,148769.14285714287,160429.83333333334,71.0,84.0,77.5,71.8,89.0,98.0,0.83,0.0,0.0,14.93,68.0,10.22,0.0,12.5,74.7,9.7,0.0,0.0,0.0,13.99,0.0,1.0,0.0,0.0,0.0,0.0,0.0,-0.6267266965083301,-0.7792391467859886,0.9767399525103048,0.21442729576751102
171450,158928.0,139597.0,154929.0,143955.0,181143.0,178188.0,157758.0,192624.0,158993.0,150621.85714285713,160657.26666666666,73.0,89.0,81.0,74.3,83.0,98.0,0.18,0.0,0.0,21.43,64.0,12.78,0.0,16.0,77.8,12.8,0.0,0.0,0.0,13.95,0.0,0.0,1.0,0.0,0.0,0.0,0.0,-0.6400381082043503,-0.7683431655492202,0.9835378122597296,0.18070244009239297
187093,171450.0,158928.0,139597.0,144567.0,170345.0,172786.0,169728.0,196654.0,192624.0,154549.7142857143,161480.46666666667,74.0,93.0,83.5,72.1,72.0,93.0,0.0,0.0,0.0,23.94,45.0,13.34,0.0,18.5,80.7,15.7,0.0,0.0,0.0,13.91,0.0,0.0,0.0,1.0,0.0,0.0,0.0,-0.65316012232693,-0.7572198192083127,0.9891715794849547,0.14676370920373963
195957,187093.0,171450.0,158928.0,149371.0,164946.0,157731.0,183799.0,194976.0,196654.0,160624.85714285713,161836.16666666666,78.0,94.0,86.0,72.3,70.0,86.0,0.0,0.0,0.0,23.53,41.0,12.62,0.0,21.0,83.5,18.5,0.0,0.0,0.0,13.87,0.0,0.0,0.0,0.0,1.0,0.0,0.0,-0.666088855860977,-0.7458723993404063,0.993634586189866,0.11265127219562909
202936,195957.0,187093.0,171450.0,163006.0,157158.0,153539.0,198095.0,176561.0,194976.0,167280.0,163109.46666666667,76.0,88.0,82.0,70.3,71.0,88.0,0.0,0.0,0.0,18.01,71.0,11.78,0.0,17.0,83.8,18.8,0.0,1.0,0.0,13.83,0.0,0.0,0.0,0.0,0.0,1.0,0.0,-0.6788204829862355,-0.734304263829602,0.9969215500633253,0.07840550375666766
185433,202936.0,195957.0,187093.0,154929.0,129226.0,144541.0,181974.0,173737.0,176561.0,172984.2857142857,164216.4,70.0,83.0,76.5,57.7,56.0,70.0,0.0,0.0,0.0,24.12,69.0,13.02,0.0,11.5,81.5,16.5,0.0,1.0,0.0,13.79,0.0,0.0,0.0,0.0,0.0,0.0,1.0,-0.6913512362094071,-0.722518835873311,0.9990285807311906,0.044066936383449135
153218,185433.0,202936.0,195957.0,139597.0,132174.0,150491.0,163541.0,149644.0,173737.0,177342.0,164270.86666666667,69.0,83.0,76.0,62.3,69.0,81.0,0.0,0.0,0.0,15.79,81.0,8.34,0.0,11.0,78.2,13.2,0.0,0.0,0.0,13.75,1.0,0.0,0.0,0.0,0.0,0.0,0.0,-0.7036774074790128,-0.7105196029692745,0.999953184360873,0.009676212407230897
165007,153218.0,185433.0,202936.0,158928.0,145959.0,181389.0,167678.0,132458.0,149644.0,179287.85714285713,162774.96666666667,73.0,81.0,77.0,66.7,76.0,88.0,0.0,0.0,0.0,12.42,96.0,6.64,0.0,12.0,76.5,11.5,0.0,0.0,0.0,13.71,0.0,1.0,0.0,0.0,0.0,0.0,0.0,-0.7157953492826642,-0.6983101158835584,0.9996942666129788,-0.024725964109382385
166593,165007.0,153218.0,185433.0,171450.0,143955.0,181143.0,178188.0,146349.0,132458.0,180156.2857142857,162209.4,74.0,83.0,78.5,72.0,88.0,97.0,0.0,0.0,0.0,11.31,94.0,5.36,0.0,13.5,77.2,12.2,0.0,0.0,0.0,13.67,0.0,0.0,1.0,0.0,0.0,0.0,0.0,-0.7277014757264236,-0.6858939875998223,0.9982521339365441,-0.0590988755488295
177119,166593.0,165007.0,153218.0,187093.0,144567.0,170345.0,172786.0,151335.0,146349.0,179462.42857142858,162311.13333333333,75.0,85.0,80.0,72.0,79.0,96.0,0.2,0.0,0.0,16.44,84.0,11.05,0.0,15.0,78.5,13.5,0.0,0.0,0.0,13.63,0.0,0.0,0.0,1.0,0.0,0.0,0.0,-0.7393922635959241,-0.673274892250183,0.9956284932063294,-0.09340183893100905
186082,177119.0,166593.0,165007.0,195957.0,149371.0,164946.0,157731.0,148208.0,151335.0,178037.57142857142,162625.83333333334,75.0,82.0,78.5,69.3,79.0,89.0,0.0,0.0,0.0,9.52,92.0,1.99,0.0,13.5,79.0,14.0,0.0,0.0,0.0,13.59,0.0,0.0,0.0,0.0,1.0,0.0,0.0,-0.7508642533989489,-0.6604565640279754,0.9918264497026016,-0.12759425406472188
175365,186082.0,177119.0,166593.0,202936.0,163006.0,157158.0,153539.0,143655.0,148208.0,176626.85714285713,162888.96666666667,73.0,82.0,77.5,72.2,86.0,97.0,4.45,0.0,0.0,12.77,87.0,5.43,0.0,12.5,78.7,13.7,0.0,1.0,0.0,13.55,0.0,0.0,0.0,0.0,0.0,1.0,0.0,-0.7621140503891487,-0.6474427960827475,0.9868505034357966,-0.16163565160110782
162279,175365.0,186082.0,177119.0,185433.0,154929.0,129226.0,144541.0,155925.0,143655.0,172688.14285714287,162974.93333333332,70.0,76.0,73.0,72.0,94.0,97.0,2.67,0.0,0.0,2.5,100.0,0.0,0.0,8.0,76.3,11.3,0.0,1.0,0.0,13.51,0.0,0.0,0.0,0.0,0.0,0.0,1.0,-0.7731383255706026,-0.6342374393978054,0.9807065438204117,-0.1954857409322303
151885,162279.0,175365.0,186082.0,153218.0,139597.0,132174.0,150491.0,159428.0,155925.0,169380.42857142858,163126.53333333333,71.0,83.0,77.0,71.3,85.0,96.0,1.07,0.0,0.0,14.34,61.0,10.22,0.0,12.0,75.8,10.8,0.0,0.0,0.0,13.47,1.0,0.0,0.0,0.0,0.0,0.0,0.0,-0.7839338166829201,-0.620844401650647,0.973401842704431,-0.22910445787810024
168032,151885.0,162279.0,175365.0,165007.0,158928.0,145959.0,181389.0,161737.0,159428.0,169190.0,163071.4,72.0,89.0,80.5,69.4,76.0,94.0,0.0,0.0,0.0,23.55,4.0,12.75,0.0,15.5,76.8,11.8,0.0,0.0,0.0,13.42,0.0,1.0,0.0,0.0,0.0,0.0,0.0,-0.7944973291665992,-0.6072676460566135,0.9649450457625344,-0.2624520121057191
181545,168032.0,151885.0,162279.0,166593.0,171450.0,143955.0,181143.0,187477.0,161737.0,169622.14285714287,163854.43333333332,72.0,91.0,81.5,69.3,74.0,92.0,0.0,0.0,0.0,21.51,31.0,12.68,0.0,16.5,79.7,14.7,0.0,0.0,0.0,13.38,0.0,0.0,1.0,0.0,0.0,0.0,0.0,-0.8048257371083452,-0.593511190196115,0.9553461622632788,-0.29548893422398215
189996,181545.0,168032.0,151885.0,177119.0,187093.0,144567.0,170345.0,186000.0,187477.0,171758.14285714287,164889.56666666668,78.0,91.0,84.5,73.3,79.0,91.0,0.0,0.0,0.0,21.4,16.0,12.53,0.0,19.5,82.2,17.2,0.0,0.0,0.0,13.34,0.0,0.0,0.0,1.0,0.0,0.0,0.0,-0.8149159841660791,-0.5795791048257612,0.9446165532223606,-0.3281761224987386
202186,189996.0,181545.0,168032.0,186082.0,195957.0,149371.0,164946.0,152877.0,186000.0,173597.7142857143,165176.46666666667,75.0,93.0,84.0,73.9,81.0,96.0,0.67,0.0,0.0,20.2,33.0,11.48,0.0,19.0,83.3,18.3,0.0,0.0,0.0,13.3,0.0,0.0,0.0,0.0,1.0,0.0,0.0,-0.8247650844733614,-0.5654755126737576,0.9327689179559782,-0.3604748891327019
201023,202186.0,189996.0,181545.0,175365.0,202936.0,163006.0,157158.0,169235.0,152877.0,175898.2857142857,165877.9,68.0,80.0,74.0,68.2,84.0,96.0,0.0,0.0,0.0,9.84,91.0,4.37,0.0,9.0,80.8,15.8,0.0,1.0,0.0,13.25,0.0,0.0,0.0,0.0,0.0,1.0,0.0,-0.8343701235229538,-0.5512045872199277,0.9198172790502196,-0.3923470060554182
154176,201023.0,202186.0,189996.0,162279.0,185433.0,154929.0,129226.0,169728.0,169235.0,179563.7142857143,166900.5,67.0,76.0,71.5,66.3,83.0,96.0,0.0,0.0,0.0,7.16,90.0,0.0,0.0,6.5,76.5,11.5,0.0,1.0,0.0,13.21,0.0,0.0,0.0,0.0,0.0,0.0,1.0,-0.8437282590292712,-0.5367705514607103,0.9057769657642539,-0.42375475016912983
136489,154176.0,201023.0,202186.0,151885.0,153218.0,139597.0,132174.0,157366.0,169728.0,178406.14285714287,166541.5,73.0,85.0,79.0,72.4,88.0,98.0,0.0,0.0,0.0,13.15,69.0,8.13,0.0,14.0,74.8,9.8,0.0,0.0,0.0,13.17,1.0,0.0,0.0,0.0,0.0,0.0,0.0,-0.8528367217694595,-0.522177676659508,0.8906645958869751,-0.4546609479969567
175220,136489.0,154176.0,201023.0,168032.0,165007.0,158928.0,145959.0,136586.0,157366.0,176206.7142857143,165852.53333333333,73.0,83.0,78.0,67.4,76.0,97.0,0.0,0.0,0.0,17.87,92.0,8.91,0.0,13.0,76.2,11.2,0.0,0.0,0.0,13.12,0.0,1.0,0.0,0.0,0.0,0.0,0.0,-0.8616928164028522,-0.5074302810827518,0.8744980560685747,-0.48502901968055895
176635,175220.0,136489.0,154176.0,181545.0,166593.0,171450.0,143955.0,142345.0,136586.0,177233.57142857142,167385.66666666666,63.0,78.0,70.5,67.1,89.0,97.0,7.13,0.0,0.0,3.22,100.0,0.0,0.0,5.5,75.8,10.8,0.0,0.0,0.0,13.08,0.0,0.0,1.0,0.0,0.0,0.0,0.0,-0.8702939222685674,-0.49253272872205434,0.8572964806503138,-0.5148230222752145
159108,176635.0,175220.0,136489.0,189996.0,177119.0,187093.0,144567.0,148628.0,142345.0,176532.14285714287,168867.7,61.0,77.0,69.0,54.6,67.0,90.0,0.1,0.0,0.0,22.68,35.0,12.0,0.0,4.0,72.5,7.5,0.0,0.0,0.0,13.04,0.0,0.0,0.0,1.0,0.0,0.0,0.0,-0.8786374941610001,-0.4774894280028391,0.8390802290175676,-0.5440076922910431
135740,159108.0,176635.0,175220.0,202186.0,186082.0,195957.0,149371.0,159644.0,148628.0,172119.57142857142,169306.0,59.0,74.0,66.5,54.1,69.0,86.0,0.0,0.0,0.0,16.91,25.0,10.74,0.0,1.5,68.7,3.7,0.0,0.0,0.0,13.0,0.0,0.0,0.0,0.0,1.0,0.0,0.0,-0.886721063082993,-0.46230483047981086,0.8198708615029215,-0.5725484874300667
131258,135740.0,159108.0,176635.0,201023.0,175365.0,202936.0,163006.0,165090.0,159644.0,162627.2857142857,169032.16666666666,61.0,79.0,70.0,57.7,73.0,91.0,0.0,0.0,0.0,21.07,51.0,12.0,0.0,5.0,68.5,3.5,0.0,1.0,0.0,12.95,0.0,0.0,0.0,0.0,0.0,1.0,0.0,-0.8945422369764496,-0.4469834295196741,0.7996911138678691,-0.600411627469661
125285,131258.0,135740.0,159108.0,154176.0,162279.0,185433.0,154929.0,164625.0,165090.0,152660.85714285713,168588.53333333333,67.0,74.0,70.5,64.1,83.0,93.0,0.02,0.0,0.0,9.73,86.0,5.6,0.0,5.5,69.0,4.0,0.0,1.0,0.0,12.91,0.0,0.0,0.0,0.0,0.0,0.0,1.0,-0.9020987014301837,-0.43152975897147144,0.7785648703932891,-0.6275641342440474
128107,125285.0,131258.0,135740.0,136489.0,151885.0,153218.0,139597.0,135671.0,164625.0,148533.57142857142,167785.66666666666,69.0,81.0,75.0,62.8,75.0,97.0,0.0,0.0,0.0,20.62,33.0,12.0,0.0,10.0,71.8,6.8,0.0,0.0,1.0,12.87,1.0,0.0,0.0,0.0,0.0,0.0,0.0,-0.9093882203647925,-0.4159483918249421,0.756517135610563,-0.6539738706764888
138924,128107.0,125285.0,131258.0,175220.0,168032.0,165007.0,158928.0,134051.0,135671.0,147336.14285714287,166622.36666666667,65.0,79.0,72.0,58.6,72.0,93.0,0.0,0.0,0.0,22.09,4.0,12.12,0.0,7.0,72.5,7.5,0.0,0.0,0.0,12.82,0.0,1.0,0.0,0.0,0.0,0.0,0.0,-0.9164086366943458,-0.4002439388573056,0.733574004706797,-0.6796095788159788
149054,138924.0,128107.0,125285.0,176635.0,181545.0,166593.0,171450.0,139862.0,134051.0,142151.0,166088.86666666667,70.0,82.0,76.0,66.0,77.0,87.0,0.0,0.0,0.0,16.73,39.0,11.55,0.0,11.0,74.3,9.3,0.0,0.0,0.0,12.78,0.0,0.0,1.0,0.0,0.0,0.0,0.0,-0.9231578729647039,-0.38442104726885545,0.709762632639161,-0.7044409168334328
163652,149054.0,138924.0,128107.0,159108.0,189996.0,177119.0,187093.0,160943.0,139862.0,138210.85714285713,166404.1,68.0,76.0,72.0,67.9,92.0,98.0,0.26,0.0,0.0,4.24,96.0,0.0,0.0,7.0,73.3,8.3,0.0,0.0,0.0,12.73,0.0,0.0,0.0,1.0,0.0,0.0,0.0,-0.9296339319682695,-0.3684843993077793,0.6851112019949135,-0.7284384949335702
156434,163652.0,149054.0,138924.0,135740.0,202186.0,186082.0,195957.0,163131.0,160943.0,138860.0,166561.56666666668,63.0,74.0,68.5,54.8,67.0,89.0,0.0,0.0,0.0,21.63,10.0,12.06,0.0,3.5,72.2,7.2,0.0,0.0,0.0,12.69,0.0,0.0,0.0,0.0,1.0,0.0,0.0,-0.9358348973349941,-0.35243871088460327,0.6596488896351408,-0.7515739101399981
139917,156434.0,163652.0,149054.0,131258.0,201023.0,175365.0,202936.0,173525.0,163131.0,141816.2857142857,166061.03333333333,60.0,76.0,68.0,53.9,66.0,91.0,0.0,0.0,0.0,19.48,20.0,12.0,0.0,3.0,69.5,4.5,0.0,1.0,0.0,12.64,0.0,0.0,0.0,0.0,0.0,1.0,0.0,-0.9417589340994617,-0.33628873017668287,0.6334058321617086,-0.7738197799123084
127733,139917.0,156434.0,163652.0,125285.0,154176.0,162279.0,185433.0,156396.0,173525.0,143053.2857142857,164488.5,66.0,81.0,73.5,62.2,69.0,83.0,0.0,0.0,0.0,19.31,38.0,12.0,0.0,8.5,70.0,5.0,0.0,1.0,0.0,12.6,0.0,0.0,0.0,0.0,0.0,0.0,1.0,-0.9474042892438845,-0.32003923622313857,0.6064130902482765,-0.7951497745554202
138482,127733.0,139917.0,156434.0,128107.0,136489.0,151885.0,153218.0,123692.0,156396.0,143403.0,162214.36666666667,67.0,83.0,75.0,66.2,70.0,88.0,0.12,0.0,0.0,17.37,65.0,10.48,0.0,10.0,72.2,7.2,0.0,0.0,0.0,12.56,1.0,0.0,0.0,0.0,0.0,0.0,0.0,-0.9527692922168511,-0.30369503751065885,0.578702611877601,-0.8155386483827991
170347,138482.0,127733.0,139917.0,138924.0,175220.0,168032.0,165007.0,125168.0,123692.0,144885.14285714287,160065.9,67.0,80.0,73.5,65.0,80.0,96.0,0.0,0.0,0.0,18.76,80.0,12.0,0.0,8.5,74.0,9.0,0.0,0.0,0.0,12.51,0.0,1.0,0.0,0.0,0.0,0.0,0.0,-0.9578523554276669,-0.28726097055059635,0.5503071945286527,-0.8349622695966589
162684,170347.0,138482.0,127733.0,149054.0,176635.0,181545.0,166593.0,140333.0,125168.0,149374.14285714287,159563.03333333333,71.0,85.0,78.0,69.1,79.0,97.0,0.0,0.0,0.0,17.22,74.0,12.0,0.0,13.0,75.5,10.5,0.0,0.0,0.0,12.47,0.0,0.0,1.0,0.0,0.0,0.0,0.0,-0.9626519747161487,-0.2707418984477642,0.5212604463582784,-0.8533976488498011
176961,162684.0,170347.0,138482.0,163652.0,159108.0,189996.0,177119.0,120318.0,140333.0,151321.2857142857,159878.56666666668,71.0,76.0,73.5,65.8,85.0,96.0,0.0,0.0,0.0,11.96,90.0,5.68,0.0,8.5,75.0,10.0,0.0,0.0,0.0,12.42,0.0,0.0,0.0,1.0,0.0,0.0,0.0,-0.9671667297977312,-0.2541427094613622,0.4915967464233612,-0.8708229664552752
160157,176961.0,162684.0,170347.0,156434.0,135740.0,202186.0,186082.0,122745.0,120318.0,153222.57142857142,160277.03333333333,69.0,75.0,72.0,67.9,90.0,97.0,0.0,0.0,0.0,8.72,89.0,3.69,0.0,7.0,74.5,9.5,0.0,0.0,0.0,12.38,0.0,0.0,0.0,0.0,1.0,0.0,0.0,-0.97139528468375,-0.23746831555846842,0.461351203990578,-0.8872175982116474
156474,160157.0,176961.0,162684.0,139917.0,131258.0,201023.0,175365.0,132433.0,122745.0,153754.42857142858,160062.5,69.0,84.0,76.5,67.6,83.0,98.0,0.0,0.0,0.0,13.96,42.0,11.11,0.0,11.5,74.0,9.0,0.0,1.0,0.0,12.33,0.0,0.0,0.0,0.0,0.0,1.0,0.0,-0.9753363880767837,-0.2207236509605022,0.43055961698187384,-0.9025621398133328
149956,156474.0,160157.0,176961.0,127733.0,125285.0,154176.0,162279.0,126466.0,132433.0,156119.7142857143,159374.33333333334,64.0,76.0,70.0,57.0,68.0,87.0,0.0,0.0,0.0,20.31,4.0,11.89,0.0,5.0,72.8,7.8,0.0,1.0,0.0,12.29,0.0,0.0,0.0,0.0,0.0,0.0,1.0,-0.9789888737409319,-0.20391367068311472,0.3992584296048835,-0.9168384298170765
134734,149956.0,156474.0,160157.0,138482.0,128107.0,136489.0,151885.0,104631.0,126466.0,159294.42857142858,158170.13333333333,63.0,75.0,69.0,58.7,79.0,95.0,0.0,0.0,0.0,15.42,23.0,11.72,0.0,4.0,71.8,6.8,0.0,0.0,0.0,12.24,1.0,0.0,0.0,0.0,0.0,0.0,0.0,-0.9823516608469237,-0.18704334906991657,0.3674846892184069,-0.9300295711374187
143830,134734.0,149956.0,156474.0,170347.0,138924.0,175220.0,168032.0,102087.0,104631.0,158759.0,156815.76666666666,63.0,76.0,69.5,61.1,79.0,96.0,0.09,0.0,0.0,12.94,80.0,10.88,0.0,4.5,69.5,4.5,0.0,0.0,0.0,12.2,0.0,1.0,0.0,0.0,0.0,0.0,0.0,-0.9854237542919524,-0.17011767832049052,0.3352760024840169,-0.9421199510456922
144080,143830.0,134734.0,149956.0,162684.0,149054.0,176635.0,181545.0,113299.0,102087.0,154970.85714285713,156200.8,72.0,79.0,75.5,69.4,89.0,97.0,0.01,0.0,0.0,12.89,87.0,7.1,0.0,10.5,71.3,6.3,0.0,0.0,0.0,12.15,0.0,0.0,1.0,0.0,0.0,0.0,0.0,-0.9882042449941422,-0.15314166701312007,0.30267049085568926,-0.9530952596488853
161347,144080.0,143830.0,134734.0,176961.0,163652.0,159108.0,189996.0,115339.0,113299.0,152313.14285714287,155940.63333333333,64.0,79.0,71.5,68.5,84.0,97.0,1.37,0.0,0.0,13.5,95.0,9.39,0.0,6.5,72.2,7.2,0.0,0.0,0.0,12.11,0.0,0.0,0.0,1.0,0.0,0.0,0.0,-0.9906923101615609,-0.13612033862266704,0.2697067454601279,-0.962942506826501
163865,161347.0,144080.0,143830.0,160157.0,156434.0,135740.0,202186.0,122567.0,115339.0,150082.57142857142,155717.8,57.0,72.0,64.5,54.9,70.0,92.0,0.66,0.0,0.0,19.04,39.0,10.75,0.0,0.0,70.5,5.7,0.0,0.0,0.0,12.06,0.0,0.0,0.0,0.0,1.0,0.0,0.0,-0.9928872135356962,-0.11905873003404988,0.23642378142121298,-0.9716500376053585
136329,163865.0,161347.0,144080.0,156474.0,139917.0,131258.0,201023.0,126418.0,122567.0,150612.2857142857,155128.46666666667,57.0,75.0,66.0,55.8,74.0,91.0,0.0,0.0,0.0,19.2,35.0,11.4,0.0,1.0,67.3,2.5,0.0,1.0,0.0,12.02,0.0,0.0,0.0,0.0,0.0,1.0,0.0,-0.994788305609327,-0.10196189005174576,0.20286099168260133,-0.9792075459541514
122402,136329.0,163865.0,161347.0,149956.0,127733.0,125285.0,154176.0,130336.0,126418.0,147734.42857142858,153339.56666666668,61.0,71.0,66.0,50.3,61.0,80.0,0.0,0.0,0.0,18.19,12.0,11.69,0.0,1.0,65.5,0.7,0.0,1.0,0.0,11.97,0.0,0.0,0.0,0.0,0.0,0.0,1.0,-0.9963950238187231,-0.08483487790576538,0.16905810038314714,-0.9856060869814277
117189,122402.0,136329.0,163865.0,134734.0,138482.0,128107.0,136489.0,121738.0,130336.0,143798.14285714287,150680.1,62.0,78.0,70.0,51.5,57.0,68.0,0.0,0.0,0.0,18.14,28.0,11.6,0.0,5.0,67.3,2.3,0.0,0.0,0.0,11.93,1.0,0.0,0.0,0.0,0.0,0.0,0.0,-0.9977068927101168,-0.06768276175455162,0.13505511584034569,-0.9908380875225532
133727,117189.0,122402.0,136329.0,143830.0,170347.0,138924.0,175220.0,128592.0,121738.0,141291.7142857143,147885.63333333333,61.0,71.0,66.0,59.3,76.0,88.0,0.27,0.0,0.0,7.97,70.0,3.16,0.0,1.0,67.3,2.3,0.0,0.0,0.0,11.89,0.0,1.0,0.0,0.0,0.0,0.0,0.0,-0.9987235240803972,-0.050510617185222886,0.10089228319740334,-0.9948973551031357
136749,133727.0,117189.0,122402.0,144080.0,162684.0,149054.0,176635.0,143996.0,128592.0,139848.42857142858,147204.0,54.0,68.0,61.0,46.5,62.0,81.0,0.0,0.0,0.0,15.72,44.0,10.98,0.0,0.0,65.7,2.0,0.0,0.0,0.0,11.84,0.0,0.0,1.0,0.0,0.0,0.0,0.0,-0.9994446170919858,-0.033323525711631344,0.06661003679003268,-0.9977790852682925
123112,136749.0,133727.0,117189.0,161347.0,176961.0,163652.0,159108.0,144392.0,143996.0,138801.14285714287,147212.66666666666,55.0,65.0,60.0,47.2,65.0,81.0,0.0,0.0,0.0,13.56,54.0,7.84,0.0,0.0,62.3,0.3,0.0,0.0,0.0,11.8,0.0,0.0,0.0,1.0,0.0,0.0,0.0,-0.9998699583618592,-0.016126573270657762,0.0322489522893041,-0.9994798672690922
120583,123112.0,136749.0,133727.0,163865.0,160157.0,156434.0,135740.0,130746.0,144392.0,133339.0,145475.73333333334,51.0,67.0,59.0,46.5,69.0,87.0,0.0,0.0,0.0,18.27,4.0,11.4,0.0,0.0,60.0,0.0,0.0,0.0,0.0,11.75,0.0,0.0,0.0,0.0,1.0,0.0,0.0,-0.9999994220246925,0.001075151282798226,-0.0021503013227746654,-0.9999976880994382
118461,120583.0,123112.0,136749.0,136329.0,156474.0,139917.0,131258.0,124448.0,130746.0,127155.85714285714,143607.33333333334,57.0,74.0,65.5,51.6,71.0,90.0,0.0,0.0,0.0,17.53,48.0,11.33,0.0,0.5,61.5,0.2,0.0,1.0,0.0,11.71,0.0,0.0,0.0,0.0,0.0,1.0,0.0,-0.999832969770105,0.018276557681691223,-0.03654700988811993,-0.9993319348786156
113157,118461.0,120583.0,123112.0,122402.0,149956.0,127733.0,125285.0,119364.0,124448.0,124603.28571428572,142252.43333333332,61.0,77.0,69.0,58.4,78.0,97.0,0.0,0.0,0.0,16.65,55.0,11.0,0.0,4.0,64.5,1.5,0.0,1.0,0.0,11.66,0.0,0.0,0.0,0.0,0.0,0.0,1.0,-0.9993706508539969,0.03547255575312556,-0.07090046226091157,-0.9974833955766828
120008,113157.0,118461.0,120583.0,117189.0,134734.0,138482.0,128107.0,106734.0,119364.0,123282.57142857143,141499.66666666666,62.0,73.0,67.5,64.5,94.0,98.0,0.15,0.0,0.0,4.87,97.0,1.54,0.0,2.5,67.3,2.3,0.0,0.0,0.0,11.62,1.0,0.0,0.0,0.0,0.0,0.0,0.0,-0.9986126020839734,0.052658056924614005,-0.10516999849234956,-0.9944542580818482
138989,120008.0,113157.0,118461.0,133727.0,143830.0,170347.0,138924.0,105318.0,106734.0,123685.28571428572,141124.66666666666,60.0,65.0,62.5,58.1,86.0,94.0,0.0,0.0,0.0,7.38,100.0,2.93,0.0,0.0,66.3,2.2,0.0,0.0,0.0,11.57,0.0,1.0,0.0,0.0,0.0,0.0,0.0,-0.9975590477788613,0.06982797572987089,-0.1393150579548309,-0.9902481076109372
126645,138989.0,120008.0,113157.0,136749.0,144080.0,162684.0,149054.0,117408.0,105318.0,124437.0,141581.46666666667,61.0,69.0,65.0,59.3,85.0,96.0,0.0,0.0,0.0,7.01,96.0,2.5,0.0,0.0,65.0,0.8,0.0,0.0,0.0,11.53,0.0,0.0,1.0,0.0,0.0,0.0,0.0,-0.9962102997023297,0.0869772313136861,-0.17329522734857217,-0.9848699224660111
127627,126645.0,138989.0,120008.0,123112.0,161347.0,176961.0,163652.0,118881.0,117408.0,122993.57142857143,141532.73333333334,62.0,73.0,67.5,61.3,86.0,99.0,0.0,0.0,0.0,10.53,68.0,9.54,0.0,2.5,65.0,0.8,0.0,0.0,0.0,11.48,0.0,0.0,0.0,1.0,0.0,0.0,0.0,-0.9945667569706337,0.1041007489354256,-0.20707028853384077,-0.9783260681421669
132754,127627.0,126645.0,138989.0,120583.0,163865.0,160157.0,156434.0,121276.0,118881.0,123638.57142857143,141156.16666666666,61.0,76.0,68.5,60.9,85.0,97.0,0.0,0.0,0.0,12.34,61.0,10.92,0.0,3.5,67.0,2.0,0.0,0.0,0.0,11.44,0.0,0.0,0.0,0.0,1.0,0.0,0.0,-0.9926289059345095,0.121193461470736,-0.2406002661322256,-0.9706242897934825
134616,132754.0,127627.0,126645.0,118461.0,136329.0,156474.0,139917.0,115797.0,121276.0,125377.28571428572,140612.83333333334,60.0,67.0,63.5,56.9,79.0,89.0,0.0,0.0,0.0,8.28,98.0,5.61,0.0,0.0,66.5,2.0,0.0,1.0,0.0,11.39,0.0,0.0,0.0,0.0,0.0,1.0,0.0,-0.9903973200352558,0.1382503109109819,-0.2738454748405547,-0.9617737030660337
116687,134616.0,132754.0,127627.0,113157.0,122402.0,149956.0,127733.0,115621.0,115797.0,127685.14285714286,139644.96666666667,61.0,66.0,63.5,58.9,86.0,91.0,0.11,0.0,0.0,4.11,97.0,0.0,0.0,0.0,65.2,1.2,0.0,1.0,0.0,11.35,0.0,0.0,0.0,0.0,0.0,0.0,1.0,-0.9878726596350429,0.15526624985999563,-0.30676656640150596,-0.9517847833088268
113337,116687.0,134616.0,132754.0,120008.0,117189.0,134734.0,138482.0,109591.0,115621.0,128189.42857142857,138320.06666666668,61.0,71.0,66.0,59.2,82.0,95.0,0.0,0.0,0.0,11.12,80.0,7.15,0.0,1.0,64.3,0.3,0.0,0.0,1.0,11.3,1.0,0.0,0.0,0.0,0.0,0.0,0.0,-0.9850556718215013,0.172236243027682,-0.3393245761752893,-0.9406693531754186
123650,113337.0,116687.0,134616.0,138989.0,133727.0,143830.0,170347.0,109203.0,109591.0,127236.42857142857,137434.06666666668,61.0,69.0,65.0,59.4,86.0,98.0,0.0,0.0,0.0,10.57,55.0,9.0,0.0,0.0,64.8,0.3,0.0,0.0,0.0,11.26,0.0,1.0,0.0,0.0,0.0,0.0,0.0,-0.981947190186646,0.18915526872004093,-0.37148096925728835,-0.9284405686308982
128455,123650.0,113337.0,116687.0,126645.0,136749.0,144080.0,162684.0,115034.0,109203.0,125045.14285714286,137297.96666666667,61.0,69.0,65.0,61.3,90.0,100.0,0.0,0.0,0.0,7.15,74.0,1.84,0.0,0.0,65.3,0.3,0.0,0.0,0.0,11.22,0.0,0.0,1.0,0.0,0.0,0.0,0.0,-0.9785481345802031,0.20601832032517084,-0.40319768608708534,-0.9151129033807907
130421,128455.0,123650.0,113337.0,127627.0,123112.0,161347.0,176961.0,117329.0,115034.0,125303.71428571428,136963.73333333334,62.0,76.0,69.0,59.6,79.0,96.0,0.0,0.0,0.0,13.83,51.0,10.82,0.0,4.0,66.3,1.3,0.0,0.0,0.0,11.17,0.0,0.0,0.0,1.0,0.0,0.0,0.0,-0.9748595108374125,0.22282040779479959,-0.4344371874948622,-0.9007021317403184
134765,130421.0,128455.0,123650.0,132754.0,120583.0,163865.0,160157.0,116042.0,117329.0,125702.85714285714,135632.86666666667,63.0,79.0,71.0,60.3,79.0,96.0,0.0,0.0,0.0,14.21,44.0,10.47,0.0,6.0,68.3,3.3,0.0,0.0,0.0,11.13,0.0,0.0,0.0,0.0,1.0,0.0,0.0,-0.9708824104813836,0.23955655912092708,-0.46516249913190355,-0.8852253099642835
138700,134765.0,130421.0,128455.0,134616.0,118461.0,136329.0,156474.0,118942.0,116042.0,125990.14285714286,134702.23333333334,56.0,76.0,66.0,62.0,80.0,88.0,0.25,0.0,0.0,11.51,86.0,9.0,0.0,1.0,68.7,3.7,0.0,1.0,0.0,11.09,0.0,0.0,0.0,0.0,0.0,1.0,0.0,-0.9666180104000972,0.2562218218071163,-0.4953372552325659,-0.8687007560596848
127522,138700.0,134765.0,130421.0,116687.0,113157.0,122402.0,149956.0,119472.0,118942.0,126573.57142857143,133426.86666666667,51.0,61.0,56.0,45.6,67.0,85.0,0.0,0.0,0.0,14.48,13.0,10.76,0.0,0.0,64.3,2.3,0.0,1.0,0.0,11.04,0.0,0.0,0.0,0.0,0.0,0.0,1.0,-0.9620675724981452,0.27281126433401914,-0.5249257416559593,-0.8511480281049478
109050,127522.0,138700.0,134765.0,113337.0,120008.0,117189.0,134734.0,106085.0,119472.0,128121.42857142857,132339.03333333333,49.0,58.0,53.5,39.0,59.0,73.0,0.0,0.0,0.0,13.69,16.0,10.74,0.0,0.0,58.5,0.3,0.0,0.0,0.0,11.0,1.0,0.0,0.0,0.0,0.0,0.0,0.0,-0.957232443323312,0.28931997761869527,-0.5538929381563792,-0.8325879011014353
117306,109050.0,127522.0,138700.0,123650.0,138989.0,133727.0,143830.0,104650.0,106085.0,127509.0,130758.23333333334,47.0,66.0,56.5,40.6,56.0,72.0,0.0,0.0,0.0,14.94,3.0,10.72,0.0,0.0,55.3,0.0,0.0,0.0,0.0,10.96,0.0,1.0,0.0,0.0,0.0,0.0,0.0,-0.9521140536681102,0.3057430764672831,-0.5822045598324479,-0.8130423423846421
118891,117306.0,109050.0,127522.0,128455.0,126645.0,136749.0,144080.0,116323.0,104650.0,126602.71428571428,129669.9,56.0,75.0,65.5,47.7,55.0,66.0,0.0,0.0,0.0,14.37,32.0,9.59,0.0,0.5,58.5,0.2,0.0,0.0,0.0,10.92,0.0,0.0,1.0,0.0,0.0,0.0,0.0,-0.9467139181463862,0.3220757010206104,-0.6098270977059321,-0.7925344856241648
122707,118891.0,117306.0,109050.0,130421.0,127627.0,123112.0,161347.0,120125.0,116323.0,125236.42857142857,129141.8,59.0,73.0,66.0,53.1,71.0,86.0,0.0,0.0,0.0,14.04,33.0,10.69,0.0,1.0,62.7,0.5,0.0,0.0,0.0,10.87,0.0,0.0,0.0,1.0,0.0,0.0,0.0,-0.9410336347451197,0.3383130181923076,-0.636727858382198,-0.7710886034432227
126201,122707.0,118891.0,117306.0,134765.0,132754.0,120583.0,163865.0,122147.0,120125.0,124134.42857142857,128437.7,57.0,69.0,63.0,51.9,67.0,87.0,0.0,0.0,0.0,11.52,44.0,10.13,0.0,0.0,64.8,0.5,0.0,0.0,0.0,10.83,0.0,0.0,0.0,0.0,1.0,0.0,0.0,-0.9350748843515574,0.3544502230989869,-0.6628750027453377,-0.7487300786901568
124472,126201.0,122707.0,118891.0,138700.0,134616.0,118461.0,136329.0,125364.0,122147.0,122911.0,127841.73333333334,48.0,59.0,53.5,44.3,67.0,82.0,0.01,0.0,0.0,8.2,86.0,5.67,0.0,0.0,60.8,0.3,0.0,1.0,0.0,10.79,0.0,0.0,0.0,0.0,0.0,1.0,0.0,-0.9288394302558068,0.3704825404820963,-0.6882375836422284,-0.7254853743958638
108488,124472.0,126201.0,122707.0,127522.0,116687.0,113157.0,122402.0,123335.0,125364.0,120878.42857142857,126612.56666666668,47.0,59.0,53.0,44.4,73.0,95.0,0.03,0.0,0.0,10.97,50.0,8.31,0.0,0.0,56.5,0.0,0.0,1.0,0.0,10.74,0.0,0.0,0.0,0.0,0.0,0.0,1.0,-0.9223291176290545,0.3864052261209853,-0.7127855825108473,-0.7013820024527804
105809,108488.0,124472.0,126201.0,109050.0,113337.0,120008.0,117189.0,110835.0,123335.0,118159.28571428572,124766.66666666669,55.0,73.0,64.0,60.7,86.0,96.0,0.23,0.0,0.0,8.39,97.0,7.08,0.0,0.0,56.8,0.0,0.0,0.0,0.0,10.7,1.0,0.0,0.0,0.0,0.0,0.0,0.0,-0.9155458729775467,0.40221356823680365,-0.7364899449095569,-0.6764484910524361
124399,105809.0,108488.0,124472.0,117306.0,123650.0,138989.0,133727.0,105630.0,110835.0,117696.28571428572,123749.33333333331,54.0,63.0,58.5,57.4,90.0,97.0,3.3,0.0,0.0,3.79,100.0,0.63,0.0,0.0,58.5,0.0,0.0,0.0,0.0,10.66,0.0,1.0,0.0,0.0,0.0,0.0,0.0,-0.9084917035725082,0.41790288888678667,-0.7593226149052589,-0.6507143509201561
122736,124399.0,105809.0,108488.0,118891.0,128455.0,126645.0,136749.0,118637.0,105630.0,118709.57142857143,123815.9,53.0,61.0,57.0,47.7,72.0,92.0,0.16,0.0,0.0,9.35,92.0,7.59,0.0,0.0,59.8,0.0,0.0,0.0,0.0,10.62,0.0,0.0,1.0,0.0,0.0,0.0,0.0,-0.9011686968561569,0.4334685453485363,-0.7812565682797488,-0.6242100403868479
119791,122736.0,124399.0,105809.0,122707.0,130421.0,127627.0,123112.0,117580.0,118637.0,119258.85714285714,124000.8,49.0,57.0,53.0,44.7,74.0,89.0,0.0,0.0,0.0,12.21,42.0,10.31,0.0,0.0,56.2,0.0,0.0,0.0,0.0,10.58,0.0,0.0,0.0,1.0,0.0,0.0,0.0,-0.8935790198239952,0.4489059314938798,-0.8022658445149573,-0.5969669293392242
118554,119791.0,122736.0,124399.0,126201.0,134765.0,132754.0,120583.0,118593.0,117580.0,118842.28571428572,123536.26666666666,47.0,56.0,51.5,45.1,75.0,90.0,0.41,0.0,0.0,5.72,91.0,1.38,0.0,0.0,53.8,0.0,0.0,0.0,0.0,10.54,0.0,0.0,0.0,0.0,1.0,0.0,0.0,-0.8857249183835637,0.4642104791518923,-0.8223255775192096,-0.5690172620911411
117986,118554.0,119791.0,122736.0,124472.0,138700.0,134616.0,118461.0,120202.0,118593.0,117749.85714285714,122929.76666666666,53.0,64.0,58.5,55.3,86.0,97.0,0.57,0.0,0.0,8.76,72.0,7.69,0.0,0.0,54.3,0.0,0.0,1.0,0.0,10.5,0.0,0.0,0.0,0.0,0.0,1.0,0.0,-0.8776087166898392,0.4793776594606945,-0.8414120250581577,-0.5403941192199728
111022,117986.0,118554.0,119791.0,108488.0,127522.0,116687.0,113157.0,122224.0,120202.0,116823.28571428572,122758.9,55.0,63.0,59.0,52.3,81.0,98.0,0.04,0.0,0.0,11.09,50.0,9.83,0.0,0.0,56.3,0.0,0.0,1.0,0.0,10.46,0.0,0.0,0.0,0.0,0.0,0.0,1.0,-0.8692328164574792,0.49440298420761813,-0.8595025968555411,-0.5111313784132033
107613,111022.0,117986.0,118554.0,105809.0,109050.0,113337.0,120008.0,112805.0,122224.0,117185.28571428572,122440.2,50.0,58.0,54.0,41.0,64.0,81.0,0.0,0.0,0.0,12.76,19.0,10.0,0.0,0.0,57.2,0.0,0.0,0.0,0.0,10.42,1.0,0.0,0.0,0.0,0.0,0.0,0.0,-0.8605996962501181,0.5092820071573356,-0.876575881330507,-0.4812636743715911
116568,107613.0,111022.0,117986.0,124399.0,117306.0,123650.0,138989.0,114855.0,112805.0,117443.0,122078.6,44.0,53.0,48.5,38.4,68.0,90.0,0.0,0.0,0.0,5.48,91.0,2.35,1.5,0.0,53.8,0.0,0.5,0.0,0.0,10.38,0.0,1.0,0.0,0.0,0.0,0.0,0.0,-0.8517119107469189,0.5240103253675756,-0.8926116709398649,-0.45082635781633507
118536,116568.0,107613.0,111022.0,122736.0,118891.0,128455.0,126645.0,123419.0,114855.0,116324.28571428572,122192.3,41.0,51.0,46.0,33.8,68.0,91.0,0.0,0.0,0.0,12.37,21.0,9.89,4.0,0.0,49.5,0.0,1.8,0.0,0.0,10.34,0.0,0.0,1.0,0.0,0.0,0.0,0.0,-0.8425720899866032,0.5385835804920232,-0.9075909860952637,-0.4198554536487849
120557,118536.0,116568.0,107613.0,119791.0,122707.0,130421.0,127627.0,122065.0,123419.0,115724.28571428572,122143.23333333334,39.0,50.0,44.5,32.4,67.0,95.0,0.0,0.0,0.0,11.29,67.0,8.05,5.5,0.0,46.3,0.0,3.7,0.0,0.0,10.3,0.0,0.0,0.0,1.0,0.0,0.0,0.0,-0.8331829385891785,0.5529974600700271,-0.9214960976269942,-0.3883876183121974
122026,120557.0,118536.0,116568.0,118554.0,126201.0,134765.0,132754.0,120534.0,122065.0,115833.71428571428,121528.83333333331,39.0,51.0,45.0,33.0,69.0,89.0,0.0,0.0,0.0,12.51,0.0,9.79,5.0,0.0,45.2,0.0,4.8,0.0,0.0,10.26,0.0,0.0,0.0,0.0,1.0,0.0,0.0,-0.8235472349556007,0.5672476988027229,-0.9343105477678197,-0.3564600964060307
122425,122026.0,120557.0,118536.0,117986.0,124472.0,138700.0,134616.0,118616.0,120534.0,116329.71428571428,121374.86666666668,40.0,52.0,46.0,34.5,72.0,88.0,0.0,0.0,0.0,12.38,0.0,9.78,4.0,0.0,45.2,0.0,4.8,1.0,0.0,10.23,0.0,0.0,0.0,0.0,0.0,1.0,0.0,-0.8136678304455991,0.5813300798152042,-0.9460191696320084,-0.32411067660409654
111253,122425.0,122026.0,120557.0,111022.0,108488.0,127522.0,116687.0,117652.0,118616.0,116963.85714285714,121201.46666666666,40.0,53.0,46.5,36.0,74.0,97.0,0.0,0.0,0.0,11.83,64.0,9.1,3.5,0.0,45.8,0.0,4.2,1.0,0.0,10.19,0.0,0.0,0.0,0.0,0.0,0.0,1.0,-0.8035476485339116,0.5952404359043674,-0.9566081051665098,-0.29137764692875745
115399,111253.0,122425.0,122026.0,107613.0,105809.0,109050.0,113337.0,108576.0,117652.0,116996.85714285714,120484.76666666666,44.0,63.0,53.5,39.6,66.0,91.0,0.0,0.0,0.0,11.67,20.0,9.67,0.0,0.0,48.7,0.0,2.5,0.0,0.0,10.15,1.0,0.0,0.0,0.0,0.0,0.0,0.0,-0.7931896839451843,0.6089746507720486,-0.9660648215530205,-0.25829974943412287
119783,115399.0,111253.0,122425.0,116568.0,124399.0,117306.0,123650.0,107166.0,108576.0,118109.14285714286,119844.2,50.0,68.0,59.0,45.7,78.0,95.0,0.0,0.0,0.0,11.33,15.0,9.64,0.0,0.0,53.0,0.0,1.2,0.0,0.0,10.11,0.0,1.0,0.0,0.0,0.0,0.0,0.0,-0.7825970017677834,0.6225286602431057,-0.9743781260415392,-0.22491613435184774
121457,119783.0,115399.0,111253.0,118536.0,122736.0,118891.0,128455.0,119150.0,107166.0,118568.42857142857,119947.4,49.0,64.0,56.5,43.2,67.0,90.0,0.0,0.0,0.0,11.35,45.0,9.62,0.0,0.0,56.3,0.0,0.0,0.0,0.0,10.08,0.0,0.0,1.0,0.0,0.0,0.0,0.0,-0.7717727365467836,0.6358984534680745,-0.9815381791978468,-0.19126631375382222
120398,121457.0,119783.0,115399.0,120557.0,119791.0,122707.0,130421.0,121202.0,119150.0,118985.71428571428,120218.06666666668,45.0,61.0,53.0,42.2,75.0,89.0,0.01,0.0,0.0,10.03,91.0,7.53,0.0,0.0,56.2,0.0,0.0,0.0,1.0,10.04,0.0,0.0,0.0,1.0,0.0,0.0,0.0,-0.7607200913564104,0.6490800741100398,-0.9875365065492301,-0.15739011478661072
118862,120398.0,121457.0,119783.0,122026.0,118554.0,126201.0,134765.0,122832.0,121202.0,118963.0,120109.66666666669,51.0,65.0,58.0,54.0,82.0,95.0,0.48,0.0,0.0,3.99,62.0,3.55,0.0,0.0,55.8,0.0,0.0,0.0,0.0,10.01,0.0,0.0,0.0,0.0,1.0,0.0,0.0,-0.7494423368521954,0.6620696215153815,-0.9923660086146721,-0.12332763253295889
122015,118862.0,120398.0,121457.0,122425.0,117986.0,124472.0,138700.0,121526.0,122832.0,118511.0,119789.9,40.0,62.0,51.0,40.8,76.0,91.0,0.33,0.0,0.0,8.06,26.0,6.74,0.0,0.0,54.0,0.0,0.0,1.0,0.0,9.97,0.0,0.0,0.0,0.0,0.0,1.0,0.0,-0.7379428103031386,0.6748632518680403,-0.9960209693076331,-0.08911918255618792
111370,122015.0,118862.0,120398.0,111253.0,111022.0,108488.0,127522.0,119467.0,121526.0,118452.42857142857,119509.7,38.0,48.0,43.0,31.8,65.0,79.0,0.02,0.0,0.0,7.55,62.0,4.93,7.0,0.0,50.7,0.0,2.3,1.0,0.0,9.94,0.0,0.0,0.0,0.0,0.0,0.0,1.0,-0.7262249146041543,0.6874571793269664,-0.9984970627014779,-0.054805253183622435
111389,111370.0,122015.0,118862.0,115399.0,107613.0,105809.0,109050.0,109822.0,119467.0,118469.14285714286,118729.86666666668,39.0,47.0,43.0,34.0,74.0,94.0,0.0,0.0,0.0,6.11,48.0,4.27,7.0,0.0,45.7,0.0,4.7,0.0,0.0,9.9,1.0,0.0,0.0,0.0,0.0,0.0,0.0,-0.7142921172691032,0.699847677146407,-0.9997913581495419,-0.020426457585556834
125413,111389.0,111370.0,122015.0,119783.0,116568.0,124399.0,117306.0,109321.0,109822.0,117896.28571428572,117819.5,36.0,49.0,42.5,28.3,60.0,75.0,0.0,0.0,0.0,10.47,9.0,9.4,7.5,0.0,42.8,0.0,7.2,0.0,0.0,9.87,0.0,1.0,0.0,0.0,0.0,0.0,0.0,-0.7021479494046978,0.7120310787787131,-0.9999023237537765,0.01397651429355571
126053,125413.0,111389.0,111370.0,121457.0,118536.0,122736.0,118891.0,118680.0,109321.0,118700.57142857143,117749.2,38.0,57.0,47.5,38.2,77.0,93.0,0.0,0.0,0.0,8.14,64.0,8.36,2.5,0.0,44.3,0.0,5.7,0.0,0.0,9.84,0.0,0.0,1.0,0.0,0.0,0.0,0.0,-0.6897960046655887,0.7240037789593305,-0.9988298281778684,0.04836294389478229
124707,126053.0,125413.0,111389.0,120398.0,120557.0,119791.0,122707.0,122273.0,118680.0,119357.14285714286,118315.96666666666,46.0,69.0,57.5,49.9,81.0,94.0,0.09,0.0,0.0,10.02,43.0,9.22,0.0,0.0,49.2,0.0,3.3,0.0,0.0,9.8,0.0,0.0,0.0,1.0,0.0,0.0,0.0,-0.6772399381909491,0.7357622347736527,-0.996575140802686,0.08269213223823901
122628,124707.0,126053.0,125413.0,118862.0,122026.0,118554.0,126201.0,128163.0,122273.0,119972.71428571428,118562.66666666669,39.0,48.0,43.5,29.4,58.0,86.0,0.01,0.0,0.0,10.34,26.0,9.23,6.5,0.0,49.5,0.0,3.0,0.0,0.0,9.77,0.0,0.0,0.0,0.0,1.0,0.0,0.0,-0.6644834655228552,0.7473029667054296,-0.9931409302238695,0.11692344809347308
123628,122628.0,124707.0,126053.0,122015.0,122425.0,117986.0,124472.0,126776.0,128163.0,120510.71428571428,118687.23333333334,35.0,47.0,41.0,30.7,71.0,87.0,0.0,0.0,0.0,9.66,64.0,9.0,9.0,0.0,47.3,0.0,5.2,1.0,0.0,9.74,0.0,0.0,0.0,0.0,0.0,1.0,0.0,-0.6515303615068021,0.75862255966641,-0.9885312610933433,0.15101637606963153
115831,123628.0,122628.0,124707.0,111370.0,111253.0,111022.0,108488.0,120227.0,126776.0,120741.14285714286,118717.93333333332,44.0,56.0,50.0,40.0,77.0,94.0,0.01,0.0,0.0,9.52,89.0,7.27,0.0,0.0,44.8,0.0,5.2,1.0,0.0,9.71,0.0,0.0,0.0,0.0,0.0,0.0,1.0,-0.6383844591746642,0.7697176640069211,-0.9827515893084885,0.1849305645685428
112537,115831.0,123628.0,122628.0,111389.0,115399.0,107613.0,105809.0,108928.0,120227.0,121378.42857142857,118372.26666666666,35.0,55.0,45.0,38.1,72.0,91.0,0.04,0.0,0.0,3.66,91.0,0.18,5.0,0.0,45.3,0.0,4.7,0.0,0.0,9.68,1.0,0.0,0.0,0.0,0.0,0.0,0.0,-0.6250496486104377,0.7805849965070866,-0.9758087555546684,0.2186258735439368
124473,112537.0,115831.0,123628.0,125413.0,119783.0,116568.0,124399.0,109824.0,108928.0,121542.42857142857,117974.43333333332,32.0,42.0,37.0,19.1,51.0,68.0,0.0,0.0,0.0,9.62,18.0,9.26,13.0,0.0,44.0,0.0,6.0,0.0,0.0,9.66,0.0,1.0,0.0,0.0,0.0,0.0,0.0,-0.6115298757991053,0.7912213413483807,-0.9677109772087535,0.25206242201026163
129289,124473.0,112537.0,115831.0,126053.0,121457.0,118536.0,122736.0,119483.0,109824.0,121408.14285714286,118507.26666666666,30.0,45.0,37.5,22.0,58.0,72.0,0.0,0.0,0.0,10.12,23.0,9.16,12.5,0.0,39.8,0.0,10.2,0.0,0.0,9.63,0.0,0.0,1.0,0.0,0.0,0.0,0.0,-0.5978291414589552,0.801623551065242,-0.9584678386132249,0.28520063524489725
128530,129289.0,124473.0,112537.0,124707.0,120398.0,120557.0,119791.0,121288.0,119483.0,121870.42857142857,119289.93333333332,39.0,56.0,47.5,31.4,64.0,77.0,0.01,0.0,0.0,7.93,79.0,9.07,2.5,0.0,40.7,0.0,9.3,0.0,1.0,9.6,0.0,0.0,0.0,1.0,0.0,0.0,0.0,-0.5839514998576998,0.8117885474764613,-0.9480902797323661,0.31800129162788576
112937,128530.0,129289.0,124473.0,122628.0,118862.0,122026.0,118554.0,119281.0,121288.0,122416.57142857143,119427.63333333332,37.0,47.0,42.0,33.6,72.0,94.0,0.12,0.0,0.0,4.68,71.0,4.9,8.0,0.0,42.3,0.0,7.7,0.0,0.0,9.58,0.0,0.0,0.0,0.0,1.0,0.0,0.0,-0.5699010576127624,0.8217133225960589,-0.936590583203982,0.3504255690637097
119173,112937.0,128530.0,129289.0,123628.0,122015.0,122425.0,117986.0,109892.0,119281.0,121032.14285714286,119101.0,34.0,39.0,36.5,20.2,53.0,61.0,0.0,0.0,0.0,9.24,47.0,8.29,13.5,0.0,42.0,0.0,8.0,1.0,0.0,9.55,0.0,0.0,0.0,0.0,0.0,1.0,0.0,-0.5556819724760489,0.8313949395234058,-0.9239823598019431,0.3824350909302552
119286,119173.0,112937.0,128530.0,115831.0,111370.0,111253.0,111022.0,112019.0,109892.0,120395.71428571428,119080.4,33.0,41.0,37.0,28.8,76.0,94.0,0.0,0.0,0.0,3.47,92.0,3.8,13.0,0.0,38.5,0.0,11.5,1.0,0.0,9.53,0.0,0.0,0.0,0.0,0.0,0.0,1.0,-0.5412984521036173,0.8408305333122887,-0.9102805323268018,0.41399197150045597
119589,119286.0,119173.0,112937.0,112537.0,111389.0,115399.0,107613.0,108414.0,112019.0,120889.28571428572,119104.8,33.0,45.0,39.0,26.8,67.0,83.0,0.0,0.0,0.0,8.49,38.0,9.02,11.0,0.0,37.5,0.0,12.5,0.0,0.0,9.51,1.0,0.0,0.0,0.0,0.0,0.0,0.0,-0.5267547528105542,0.8500173118187018,-0.895501317943504,0.44505886078298396
130792,119589.0,119286.0,119173.0,124473.0,125413.0,119783.0,116568.0,108279.0,108414.0,121896.71428571428,119158.23333333334,31.0,41.0,36.0,26.3,73.0,86.0,0.0,0.0,0.0,4.78,65.0,3.25,14.0,0.0,37.3,0.0,12.7,0.0,0.0,9.48,0.0,1.0,0.0,0.0,0.0,0.0,0.0,-0.5120551783114646,0.8589525565270845,-0.8796622089871292,0.47559898872882833
133370,130792.0,119589.0,119286.0,129289.0,126053.0,121457.0,118536.0,121164.0,108279.0,122799.42857142857,119817.23333333334,40.0,49.0,44.5,30.2,70.0,83.0,0.0,0.0,0.0,8.72,81.0,8.9,5.5,0.0,39.8,0.0,10.2,0.0,0.0,9.46,0.0,0.0,1.0,0.0,0.0,0.0,0.0,-0.4972040784469378,0.8676336233547726,-0.8627819522593745,0.5055762087514626
129347,133370.0,130792.0,119589.0,128530.0,124707.0,120398.0,120557.0,120096.0,121164.0,123382.42857142857,120675.8,45.0,58.0,51.5,43.2,77.0,92.0,0.04,0.0,0.0,5.79,83.0,4.78,0.0,0.0,44.0,0.0,6.5,0.0,0.0,9.44,0.0,0.0,0.0,1.0,0.0,0.0,0.0,-0.4822058478963526,0.8760579434344281,-0.8448805268402667,0.5349550405091192
126233,129347.0,133370.0,130792.0,112937.0,122628.0,118862.0,122026.0,125808.0,120096.0,123499.14285714286,121101.76666666666,37.0,48.0,42.5,27.6,57.0,72.0,0.0,0.0,0.0,7.92,42.0,8.96,7.5,0.0,46.2,0.0,4.3,0.0,0.0,9.42,0.0,0.0,0.0,0.0,1.0,0.0,0.0,-0.46706492487743034,0.8842230238742036,-0.8259791204413984,0.5637007118984807
125159,126233.0,129347.0,133370.0,119173.0,123628.0,122015.0,122425.0,125099.0,125808.0,125398.57142857143,121358.33333333331,36.0,48.0,42.0,29.5,67.0,83.0,0.0,0.0,0.0,8.59,55.0,8.0,8.0,0.0,45.3,0.0,5.2,1.0,0.0,9.4,0.0,0.0,0.0,0.0,0.0,1.0,0.0,-0.451785789832884,0.8921264484954345,-0.8061001043286312,0.5917792002101544
119139,125159.0,126233.0,129347.0,119286.0,115831.0,111370.0,111253.0,123623.0,125099.0,126253.71428571428,121511.73333333334,39.0,49.0,44.0,27.9,64.0,83.0,0.0,0.0,0.0,8.34,90.0,8.15,6.0,0.0,42.8,0.0,7.2,1.0,0.0,9.38,0.0,0.0,0.0,0.0,0.0,0.0,1.0,-0.4363729641045924,0.8997658785476209,-0.7852670068439961,0.6191572723971441
115555,119139.0,125159.0,126233.0,119589.0,112537.0,111389.0,115399.0,116918.0,123623.0,126232.71428571428,121415.5,43.0,61.0,52.0,48.7,83.0,97.0,0.42,0.0,0.0,5.64,94.0,5.75,0.0,0.0,46.0,0.0,4.7,0.0,0.0,9.37,1.0,0.0,0.0,0.0,0.0,0.0,0.0,-0.42083100859565564,0.9071390534005044,-0.7635044855580851,0.6458025244087264
125874,115555.0,119139.0,125159.0,130792.0,124473.0,125413.0,119783.0,117329.0,116918.0,125656.42857142857,121186.5,36.0,43.0,39.5,23.0,54.0,67.0,0.0,0.0,0.0,8.15,84.0,8.8,10.5,0.0,45.2,0.0,5.5,0.0,0.0,9.35,0.0,1.0,0.0,0.0,0.0,0.0,0.0,-0.4051645224207563,0.9142437912130223,-0.7408382980859317,0.6716834195431209
128524,125874.0,115555.0,119139.0,133370.0,129289.0,126053.0,121457.0,129894.0,117329.0,124953.85714285714,121673.86666666668,34.0,42.0,38.0,30.2,76.0,88.0,0.04,0.0,0.0,3.3,99.0,0.76,12.0,0.0,43.2,0.0,7.5,0.0,0.0,9.34,0.0,0.0,1.0,0.0,0.0,0.0,0.0,-0.3893781415452015,0.9210779895789526,-0.717295271600886,0.6967693257736101
131138,128524.0,125874.0,115555.0,129347.0,128530.0,124707.0,120398.0,133566.0,129894.0,124261.57142857143,122111.36666666668,31.0,39.0,35.0,22.9,64.0,79.0,0.0,0.0,0.0,6.94,61.0,7.56,15.0,0.0,37.5,0.0,12.5,0.0,0.0,9.32,0.0,0.0,0.0,1.0,0.0,0.0,0.0,-0.37347653741307074,0.9276396261490467,-0.6929032710826029,0.7210305520038863
132700,131138.0,128524.0,125874.0,126233.0,112937.0,122628.0,118862.0,133914.0,133566.0,124517.42857142857,122489.86666666668,38.0,50.0,44.0,32.4,71.0,86.0,0.0,0.0,0.0,5.36,82.0,6.01,6.0,0.0,39.0,0.0,11.0,0.0,0.0,9.31,0.0,0.0,0.0,0.0,1.0,0.0,0.0,-0.3574644155648614,0.9339267592294762,-0.6676911663366994,0.7444383832097441
128072,132700.0,131138.0,128524.0,125159.0,119173.0,123628.0,122015.0,128387.0,133914.0,125441.28571428572,122864.63333333332,45.0,66.0,55.5,50.7,90.0,99.0,0.17,0.0,0.0,2.11,100.0,0.0,0.0,0.0,44.8,0.0,7.0,1.0,0.0,9.3,0.0,0.0,0.0,0.0,0.0,1.0,0.0,-0.34134651424503615,0.9399375283564133,-0.641688797825113,0.7669651144255266
116338,128072.0,132700.0,131138.0,119139.0,119286.0,115831.0,111370.0,125083.0,128387.0,125857.42857142857,123120.43333333332,42.0,56.0,49.0,25.6,48.0,73.0,0.0,0.0,0.0,8.97,33.0,8.83,1.0,0.0,49.5,0.0,2.3,1.0,0.0,9.29,0.0,0.0,0.0,0.0,0.0,0.0,1.0,-0.3251276029999093,0.9456701548465688,-0.6149269413476359,0.7885840835350667
115082,116338.0,128072.0,132700.0,115555.0,119589.0,112537.0,111389.0,115626.0,125083.0,125457.28571428572,123036.3,40.0,53.0,46.5,24.5,50.0,60.0,0.0,0.0,0.0,7.97,36.0,8.1,3.5,0.0,50.3,0.0,1.5,0.0,0.0,9.28,1.0,0.0,0.0,0.0,0.0,0.0,0.0,-0.30881248126625377,0.9511229423235357,-0.587437271616382,0.8092697028283593
125997,115082.0,116338.0,128072.0,125874.0,130792.0,124473.0,125413.0,111408.0,115626.0,125389.71428571428,122805.2,44.0,53.0,48.5,27.6,55.0,65.0,0.0,0.0,0.0,8.65,47.0,8.76,1.5,0.0,48.0,0.0,2.0,0.0,0.0,9.27,0.0,1.0,0.0,0.0,0.0,0.0,0.0,-0.29240597695107734,0.9562942772197719,-0.5592523247663436,0.828997489286572
126500,125997.0,115082.0,116338.0,128524.0,133370.0,129289.0,126053.0,127287.0,111408.0,125407.28571428572,123292.76666666666,40.0,57.0,48.5,36.0,77.0,96.0,0.0,0.0,0.0,7.28,88.0,7.69,1.5,0.0,47.8,0.0,2.2,0.0,0.0,9.26,0.0,0.0,1.0,0.0,0.0,0.0,0.0,-0.27591294500296043,0.9611826292540837,-0.5304054598463659,0.8477440935595867
126642,126500.0,125997.0,115082.0,131138.0,129347.0,128530.0,124707.0,131009.0,127287.0,125118.14285714286,123796.46666666666,54.0,62.0,58.0,45.6,76.0,96.0,0.0,0.0,0.0,7.04,100.0,6.92,0.0,0.0,51.7,0.0,1.0,0.0,0.0,9.26,0.0,0.0,0.0,1.0,0.0,0.0,0.0,-0.2593382659754056,0.9657865518844574,-0.5009308193361626,0.8654873276017395
124172,126642.0,126500.0,125997.0,132700.0,126233.0,112937.0,122628.0,137711.0,131009.0,124475.85714285714,123837.43333333332,48.0,60.0,54.0,35.0,52.0,75.0,0.0,0.0,0.0,8.1,91.0,8.37,0.0,0.0,53.5,0.0,0.5,0.0,0.0,9.25,0.0,0.0,0.0,0.0,1.0,0.0,0.0,-0.2426868445825954,0.9701046827361175,-0.4708632887360563,0.8822061909330864
120573,124172.0,126642.0,126500.0,128072.0,125159.0,119173.0,123628.0,137467.0,137711.0,123257.57142857143,123774.73333333334,39.0,48.0,43.5,35.1,79.0,99.0,0.06,0.0,0.0,1.29,96.0,0.0,6.5,0.0,51.8,0.0,2.2,1.0,0.0,9.25,0.0,0.0,0.0,0.0,0.0,1.0,0.0,-0.22596360824801906,0.974135744004672,-0.4402384552773285,0.8978808954950716
117721,120573.0,124172.0,126642.0,116338.0,119139.0,119286.0,115831.0,139444.0,137467.0,122186.28571428572,123636.93333333332,28.0,45.0,36.5,28.2,68.0,98.0,0.02,0.0,0.0,6.55,70.0,6.19,13.5,0.0,44.7,0.0,6.7,1.0,0.0,9.24,0.0,0.0,0.0,0.0,0.0,0.0,1.0,-0.20917350564635637,0.9778785428342386,-0.40909256580197667,0.9124928890712274
118663,117721.0,120573.0,124172.0,115082.0,115555.0,119589.0,112537.0,130836.0,139444.0,122383.85714285714,123473.36666666668,25.0,37.0,31.0,18.3,62.0,69.0,0.0,0.0,0.0,8.79,6.0,8.83,19.0,0.0,37.0,0.0,13.0,0.0,0.0,9.24,1.0,0.0,0.0,0.0,0.0,0.0,0.0,-0.19232150523909483,0.9813319716704275,-0.3774624838618108,0.9260248772451376
133775,118663.0,117721.0,120573.0,125997.0,125874.0,130792.0,124473.0,125645.0,130836.0,122895.42857142857,123307.86666666668,31.0,43.0,37.0,26.4,73.0,87.0,0.0,0.0,0.0,6.49,69.0,7.02,13.0,0.0,34.8,0.0,15.2,0.0,0.0,9.24,0.0,1.0,0.0,0.0,0.0,0.0,0.0,-0.17541259380427843,0.9844950085880858,-0.345385646087603,0.9384608438697104
132331,133775.0,118663.0,117721.0,126500.0,128524.0,133370.0,129289.0,130958.0,125645.0,124006.57142857143,123906.0,33.0,47.0,40.0,29.7,70.0,97.0,0.12,0.0,0.0,7.85,54.0,7.18,10.0,0.0,36.0,0.0,14.0,0.0,0.0,9.24,0.0,0.0,1.0,0.0,0.0,0.0,0.0,-0.15845177496083632,0.9873667175937016,-0.3129000178799537,0.949786070023521
128868,132331.0,133775.0,118663.0,126642.0,131138.0,129347.0,128530.0,129218.0,130958.0,124839.57142857143,124565.8,31.0,36.0,33.5,17.7,56.0,72.0,0.0,0.0,0.0,7.05,56.0,7.68,16.5,0.0,36.8,0.0,13.2,0.0,0.0,9.25,0.0,0.0,0.0,1.0,0.0,0.0,0.0,-0.14144406768794202,0.9899462489023779,-0.2800440484743445,0.9599871514317777
132307,128868.0,132331.0,133775.0,124172.0,132700.0,126233.0,112937.0,128292.0,129218.0,125157.57142857143,124712.3,30.0,40.0,35.0,29.3,81.0,98.0,0.03,0.2,0.0,7.38,84.0,6.0,15.0,0.0,36.2,0.0,13.8,0.0,1.0,9.25,0.0,0.0,0.0,0.0,1.0,0.0,0.0,-0.12439450483979998,0.9922328391893008,-0.2468566254334839,0.9690520143313219
124106,132307.0,128868.0,132331.0,120573.0,128072.0,125159.0,119173.0,121602.0,128292.0,126319.71428571428,124812.9,36.0,52.0,44.0,40.4,95.0,99.0,0.16,0.0,0.0,1.94,92.0,0.0,6.0,0.0,37.5,0.0,12.5,1.0,1.0,9.25,0.0,0.0,0.0,0.0,0.0,1.0,0.0,-0.10730813165636247,0.9942258118156161,-0.21337702862092797,0.9769699297608415
115095,124106.0,132307.0,128868.0,117721.0,116338.0,119139.0,119286.0,113711.0,121602.0,126824.42857142857,124665.43333333332,39.0,51.0,45.0,34.9,72.0,92.0,0.0,0.0,0.0,6.49,60.0,6.26,5.0,0.0,41.3,0.0,8.7,1.0,0.0,9.26,0.0,0.0,0.0,0.0,0.0,0.0,1.0,-0.09019000427034513,0.9959245770286599,-0.179644883710313,0.9837315262594303
113618,115095.0,124106.0,132307.0,118663.0,115082.0,115555.0,119589.0,123588.0,113711.0,126449.28571428572,124737.36666666668,34.0,39.0,36.5,26.6,74.0,95.0,0.09,0.0,0.0,2.06,90.0,0.0,13.5,0.0,41.8,0.0,8.2,0.0,0.0,9.26,1.0,0.0,0.0,0.0,0.0,0.0,0.0,-0.07304518821104743,0.9973286321364752,-0.14570011528535065,0.9893288009584253
127916,113618.0,115095.0,124106.0,133775.0,125997.0,125874.0,130792.0,122776.0,123588.0,125728.57142857143,124552.2,36.0,47.0,41.5,36.4,84.0,96.0,0.05,0.0,0.0,4.27,96.0,3.62,8.5,0.0,41.0,0.0,9.0,0.0,0.0,9.27,0.0,1.0,0.0,0.0,0.0,0.0,0.0,-0.05587875690537313,0.9984375616565666,-0.11158289958600157,0.9937551290534204
125714,127916.0,113618.0,115095.0,132331.0,126500.0,128524.0,133370.0,126574.0,122776.0,124891.57142857143,124839.86666666668,41.0,44.0,42.5,39.1,90.0,95.0,0.14,0.0,0.0,3.16,100.0,0.41,7.5,0.0,40.2,0.0,9.8,0.0,0.0,9.28,0.0,0.0,1.0,0.0,0.0,0.0,0.0,-0.03869579017652689,0.9992510374388481,-0.07733361695682096,0.9970052716452285
125574,125714.0,127916.0,113618.0,128868.0,126642.0,131138.0,129347.0,128663.0,126574.0,123946.28571428572,125044.03333333334,43.0,49.0,46.0,42.5,95.0,99.0,0.05,0.0,0.0,2.77,93.0,1.09,4.0,0.0,43.3,0.0,6.7,0.0,0.0,9.29,0.0,0.0,0.0,1.0,0.0,0.0,0.0,-0.021501372740813793,0.999768818762748,-0.04299280405372191,0.9990753819405211
123116,125574.0,125714.0,127916.0,132307.0,124172.0,132700.0,126233.0,130838.0,128663.0,123475.71428571428,124870.1,48.0,55.0,51.5,46.6,96.0,100.0,0.0,0.0,0.0,3.24,100.0,0.0,0.0,0.0,46.7,0.0,3.8,0.0,1.0,9.3,0.0,0.0,0.0,0.0,1.0,0.0,0.0,-0.004300592702981974,0.9999907524084426,-0.008601105865714402,0.9999630098048061
117546,123116.0,125574.0,125714.0,124106.0,120573.0,128072.0,125159.0,125533.0,130838.0,122162.71428571428,124528.3,50.0,56.0,53.0,49.3,99.0,100.0,0.79,0.0,0.0,1.66,100.0,0.0,0.0,0.0,50.2,0.0,1.3,1.0,1.0,9.31,0.0,0.0,0.0,0.0,0.0,1.0,0.0,0.017201575418260506,0.9998520419557735,0.03439806061360801,0.9994082116062598
111503,117546.0,123116.0,125574.0,115095.0,117721.0,116338.0,119139.0,119140.0,125533.0,121225.57142857143,124134.93333333332,37.0,59.0,48.0,45.5,88.0,100.0,0.04,0.0,0.0,2.22,100.0,0.0,2.0,0.0,50.8,0.0,0.7,1.0,0.0,9.32,0.0,0.0,0.0,0.0,0.0,0.0,1.0,0.03439806061360801,0.9994082116062598,0.06875540848113941,0.9976335468520451
112459,111503.0,117546.0,123116.0,113618.0,118663.0,115082.0,115555.0,117017.0,119140.0,120712.42857142857,123643.93333333332,22.0,37.0,29.5,13.4,50.0,60.0,0.0,0.0,0.0,1.35,87.0,0.0,20.5,0.0,43.5,0.0,7.5,0.0,0.0,9.34,1.0,0.0,0.0,0.0,0.0,0.0,0.0,0.051584366869408364,0.9986686402879997,0.10303137904317879,0.9946781061893646
134716,112459.0,111503.0,117546.0,127916.0,133775.0,125997.0,125874.0,120616.0,117017.0,120546.85714285714,123220.6,19.0,34.0,26.5,10.5,51.0,76.0,0.0,0.0,0.0,9.21,26.0,9.17,23.5,0.0,34.7,0.0,15.3,0.0,0.0,9.35,0.0,1.0,0.0,0.0,0.0,0.0,0.0,0.06875540848113941,0.9976335468520451,0.13718540405660057,0.9905453876091833
139254,134716.0,112459.0,111503.0,125714.0,132331.0,126500.0,128524.0,128719.0,120616.0,121518.28571428572,123739.83333333331,31.0,47.0,39.0,31.2,84.0,94.0,0.23,0.0,0.0,3.14,89.0,0.0,11.0,0.0,31.7,0.0,18.3,0.0,0.0,9.37,0.0,0.0,1.0,0.0,0.0,0.0,0.0,0.08590610426133272,0.9963032375991965,0.17117705961019986,0.985240282501282
134358,139254.0,134716.0,112459.0,125574.0,128868.0,126642.0,131138.0,128968.0,128719.0,123452.57142857143,124529.8,34.0,41.0,37.5,23.8,65.0,93.0,0.0,0.0,0.0,8.49,83.0,7.97,12.5,0.0,34.3,0.0,15.7,0.0,0.0,9.38,0.0,0.0,0.0,1.0,0.0,0.0,0.0,0.10303137904317879,0.9946781061893646,0.20496611396949532,0.9787690698649216
132221,134358.0,139254.0,134716.0,123116.0,132307.0,124172.0,132700.0,129542.0,128968.0,124707.42857142857,124812.6,25.0,34.0,29.5,21.0,72.0,90.0,0.38,5.8,5.9,8.92,61.0,7.32,20.5,0.0,35.3,0.0,14.7,0.0,0.0,9.4,0.0,0.0,0.0,0.0,1.0,0.0,0.0,0.1201261651823505,0.9927586335250793,0.23851257519407648,0.9711394088771653
137445,132221.0,134358.0,139254.0,117546.0,124106.0,120573.0,128072.0,130964.0,129542.0,126008.14285714286,124935.83333333331,20.0,30.0,25.0,13.1,71.0,80.0,0.0,0.0,3.1,10.0,9.0,9.26,25.0,0.0,30.7,0.0,19.3,1.0,0.0,9.42,0.0,0.0,0.0,0.0,0.0,1.0,0.0,0.13718540405660057,0.9905453876091833,0.2717767384711357,0.9623603298276545
133150,137445.0,132221.0,134358.0,111503.0,115095.0,117721.0,116338.0,132855.0,130964.0,128850.85714285714,125146.06666666668,29.0,40.0,34.5,28.5,85.0,93.0,0.1,0.0,3.1,2.96,96.0,1.0,15.5,0.0,29.7,0.0,20.3,1.0,0.0,9.44,0.0,0.0,0.0,0.0,0.0,0.0,1.0,0.1542040475626894,0.988039023376751,0.3047192331091634,0.9524422234305676
127534,133150.0,137445.0,132221.0,112459.0,113618.0,118663.0,115082.0,125392.0,132855.0,131943.2857142857,125161.06666666668,24.0,40.0,32.0,14.6,55.0,89.0,0.0,0.0,0.0,9.92,37.0,9.21,18.0,0.0,30.5,0.0,19.5,0.0,0.0,9.46,1.0,0.0,0.0,0.0,0.0,0.0,0.0,0.17117705961019986,0.985240282501282,0.3373010691361842,0.9413968285264122
138829,127534.0,133150.0,137445.0,134716.0,127916.0,133775.0,125997.0,121856.0,125392.0,134096.85714285713,125143.13333333332,15.0,24.0,19.5,-1.6,40.0,50.0,0.0,0.0,0.0,10.0,7.0,8.93,30.5,0.0,28.7,0.0,21.3,0.0,0.0,9.48,0.0,1.0,0.0,0.0,0.0,0.0,0.0,0.18809941761179758,0.9821499931752291,0.3694836834473831,0.9292372181882051
148481,138829.0,127534.0,133150.0,139254.0,125714.0,132331.0,126500.0,133886.0,121856.0,134684.42857142858,125892.83333333331,20.0,40.0,30.0,12.9,53.0,71.0,0.0,0.0,0.0,8.77,63.0,9.33,20.0,0.0,27.2,0.0,22.8,0.0,0.0,9.51,0.0,0.0,1.0,0.0,0.0,0.0,0.0,0.20496611396949532,0.9787690698649216,0.4012289854475009,0.9159777842484877
142547,148481.0,138829.0,127534.0,134358.0,125574.0,128868.0,126642.0,130237.0,133886.0,136002.57142857142,127006.13333333332,34.0,48.0,41.0,25.7,74.0,90.0,0.0,0.0,0.0,8.22,92.0,6.98,9.0,0.0,30.2,0.0,19.8,0.0,0.0,9.53,0.0,0.0,0.0,1.0,0.0,0.0,0.0,0.22177215755648186,0.975098513039961,0.4324994021339788,0.901634220265486
133542,142547.0,148481.0,138829.0,132221.0,123116.0,132307.0,124172.0,128863.0,130237.0,137172.42857142858,127557.8,21.0,43.0,32.0,27.2,75.0,93.0,0.0,0.0,0.0,8.2,81.0,8.21,18.0,0.0,34.3,0.0,15.7,0.0,0.0,9.56,0.0,0.0,0.0,0.0,1.0,0.0,0.0,0.23851257519407648,0.9711394088771653,0.4632579225674917,0.88622350294858
133409,133542.0,142547.0,148481.0,137445.0,117546.0,124106.0,120573.0,126268.0,128863.0,137361.14285714287,127792.53333333334,10.0,21.0,15.5,-5.5,36.0,60.0,0.0,0.0,0.0,9.95,46.0,9.42,34.5,0.0,29.5,0.0,20.5,1.0,0.0,9.58,0.0,0.0,0.0,0.0,0.0,1.0,0.0,0.2551824131233728,0.9668929289391521,0.49346814167723735,0.8697638720650646
140347,133409.0,133542.0,142547.0,133150.0,111503.0,115095.0,117721.0,127490.0,126268.0,136784.57142857142,128018.1,10.0,37.0,23.5,6.0,57.0,95.0,0.37,0.8,0.0,5.54,56.0,3.82,26.5,0.0,23.7,0.0,26.3,1.0,0.0,9.61,0.0,0.0,0.0,0.0,0.0,0.0,1.0,0.2717767384711357,0.9623603298276545,0.5230943033491326,0.8522748088519838
139718,140347.0,133409.0,133542.0,127534.0,112459.0,113618.0,118663.0,118102.0,127490.0,137812.7142857143,128557.26666666666,34.0,44.0,39.0,32.9,81.0,96.0,1.16,0.0,0.0,4.19,95.0,1.06,11.0,0.0,26.0,0.0,24.0,0.0,1.0,9.63,1.0,0.0,0.0,0.0,0.0,0.0,0.0,0.2882906407095177,0.9575429528116719,0.5521013427459208,0.8337770129585915
135330,139718.0,140347.0,133409.0,138829.0,134716.0,127916.0,133775.0,117057.0,118102.0,139553.2857142857,129195.43333333332,29.0,36.0,32.5,16.3,57.0,76.0,0.0,0.0,0.0,7.9,51.0,8.62,17.5,0.0,31.7,0.0,18.3,0.0,0.0,9.66,0.0,1.0,0.0,0.0,0.0,0.0,0.0,0.3047192331091634,0.9524422234305676,0.580454927809098,0.8142923779467267
139668,135330.0,139718.0,140347.0,148481.0,139254.0,125714.0,132331.0,122824.0,117057.0,139053.42857142858,129782.4,28.0,49.0,38.5,25.3,69.0,91.0,0.0,0.0,0.0,6.84,79.0,5.05,11.5,0.0,36.7,0.0,13.3,0.0,0.0,9.69,0.0,0.0,1.0,0.0,0.0,0.0,0.0,0.321057654185271,0.9470596510722283,0.6081214998935418,0.7938439653781019
135598,139668.0,135330.0,139718.0,142547.0,134358.0,125574.0,128868.0,129324.0,122824.0,137794.42857142858,130482.56666666668,22.0,46.0,34.0,23.9,69.0,95.0,0.3,0.0,0.0,6.04,85.0,4.9,16.0,0.0,35.0,0.0,15.0,0.0,0.0,9.72,0.0,0.0,0.0,1.0,0.0,0.0,0.0,0.3373010691361842,0.9413968285264122,0.6350683134867438,0.7724559775191742
137146,135598.0,139668.0,135330.0,133542.0,132221.0,123116.0,132307.0,131120.0,129324.0,136801.7142857143,130543.33333333331,14.0,22.0,18.0,0.2,47.0,57.0,0.0,0.0,0.0,9.56,81.0,8.34,32.0,0.0,30.2,0.0,19.8,0.0,0.0,9.75,0.0,0.0,0.0,0.0,1.0,0.0,0.0,0.3534446712740877,0.9354554315134164,0.6612634749656386,0.7501537286959042
149322,137146.0,135598.0,139668.0,133409.0,137445.0,117546.0,124106.0,132003.0,131120.0,137316.57142857142,130703.83333333331,13.0,29.0,21.0,3.5,50.0,73.0,0.0,0.0,0.0,11.24,41.0,9.62,29.0,0.0,24.3,0.0,25.7,1.0,0.0,9.78,0.0,0.0,0.0,0.0,0.0,1.0,0.0,0.3694836834473831,0.9292372181882051,0.6866759803451553,0.726963615332308
139874,149322.0,137146.0,135598.0,140347.0,133150.0,111503.0,115095.0,128305.0,132003.0,139589.85714285713,131385.63333333333,24.0,37.0,30.5,8.8,45.0,81.0,0.02,0.2,0.0,9.38,66.0,7.26,19.5,0.0,23.2,0.0,26.8,1.0,0.0,9.81,0.0,0.0,0.0,0.0,0.0,0.0,1.0,0.38541335945432564,0.9227440286201427,0.7112757519738152,0.7029130847082615
132244,139874.0,149322.0,137146.0,139718.0,127534.0,112459.0,113618.0,125923.0,128305.0,139522.2857142857,131637.86666666667,26.0,36.0,31.0,21.5,72.0,86.0,0.0,0.0,0.0,7.56,91.0,7.16,19.0,0.0,27.5,0.0,22.5,0.0,0.0,9.84,1.0,0.0,0.0,0.0,0.0,0.0,0.0,0.4012289854475009,0.9159777842484877,0.7350336741329413,0.6780306024735382
140301,132244.0,139874.0,149322.0,135330.0,138829.0,134716.0,127916.0,128382.0,125923.0,138454.57142857142,131909.13333333333,28.0,42.0,35.0,24.6,68.0,81.0,0.0,0.0,0.0,8.0,63.0,7.31,15.0,0.0,32.2,0.0,17.8,0.0,0.0,9.87,0.0,1.0,0.0,0.0,0.0,0.0,0.0,0.4169258813287287,0.908940487313808,0.7579216274973472,0.6523456189565257
137320,140301.0,132244.0,139874.0,139668.0,148481.0,139254.0,125714.0,136576.0,128382.0,139164.7142857143,132749.33333333334,20.0,28.0,24.0,5.7,50.0,67.0,0.0,0.0,0.0,11.72,0.0,9.73,26.0,0.0,30.0,0.0,20.0,0.0,0.0,9.91,0.0,0.0,1.0,0.0,0.0,0.0,0.0,0.4324994021339788,0.901634220265486,0.7799125224167177,0.6258885343075018
144575,137320.0,140301.0,132244.0,135598.0,142547.0,134358.0,125574.0,135932.0,136576.0,138829.2857142857,133539.4,17.0,32.0,24.5,6.5,51.0,69.0,0.0,0.0,0.0,11.35,16.0,9.74,25.5,0.0,27.8,0.0,22.2,0.0,0.0,9.94,0.0,0.0,0.0,1.0,0.0,0.0,0.0,0.44794493940789115,0.8940611451454876,0.8009803309782905,0.5986906625177214
145739,144575.0,137320.0,140301.0,137146.0,133542.0,132221.0,123116.0,134036.0,135932.0,140111.7142857143,134094.7,29.0,32.0,30.5,20.8,69.0,87.0,0.13,1.2,0.0,4.06,100.0,0.0,19.5,0.0,26.3,0.0,23.7,0.0,0.0,9.98,0.0,0.0,0.0,0.0,1.0,0.0,0.0,0.4632579225674917,0.88622350294858,0.8211001178128892,0.5707841943569036
142816,145739.0,144575.0,137320.0,149322.0,133409.0,137445.0,117546.0,138145.0,134036.0,141339.2857142857,134762.2,12.0,29.0,20.5,8.5,71.0,84.0,0.77,7.3,5.9,4.23,98.0,0.0,29.5,0.0,25.2,0.0,24.8,1.0,0.0,10.01,0.0,0.0,0.0,0.0,0.0,1.0,0.0,0.4784338202547012,0.8781236129591848,0.8402480696078469,0.5422021592729844
142200,142816.0,145739.0,144575.0,139874.0,140347.0,133150.0,111503.0,146437.0,138145.0,140409.85714285713,135336.93333333332,12.0,26.0,19.0,3.5,63.0,77.0,0.0,0.0,7.1,12.68,28.0,9.79,31.0,0.0,23.3,0.0,26.7,1.0,0.0,10.05,0.0,0.0,0.0,0.0,0.0,0.0,1.0,0.49346814167723735,0.8697638720650646,0.8584015232918917,0.512978386299228
142253,142200.0,142816.0,145739.0,132244.0,139718.0,127534.0,112459.0,136292.0,146437.0,140742.14285714287,135973.06666666668,21.0,31.0,26.0,5.9,73.0,85.0,0.0,0.0,5.9,11.49,38.0,9.8,24.0,0.0,21.8,0.0,28.2,0.0,0.0,10.08,1.0,0.0,0.0,0.0,0.0,0.0,0.0,0.5083564379375122,0.8611467540480452,0.8755389928586302,0.4831474640149687
147344,142253.0,142200.0,142816.0,140301.0,135330.0,138829.0,134716.0,135216.0,136292.0,142172.0,136796.63333333333,23.0,36.0,29.5,13.5,76.0,87.0,0.0,0.0,5.9,12.62,31.0,9.82,20.5,0.0,24.8,0.0,25.2,0.0,0.0,10.12,0.0,1.0,0.0,0.0,0.0,0.0,0.0,0.5230943033491326,0.8522748088519838,0.8916401947968874,0.45274469960737107
142802,147344.0,142253.0,142200.0,137320.0,139668.0,148481.0,139254.0,140057.0,135216.0,143178.14285714287,137991.33333333334,32.0,47.0,39.5,29.1,94.0,99.0,0.0,0.0,3.9,9.85,96.0,8.05,10.5,0.0,31.7,0.0,18.3,0.0,0.0,10.16,0.0,0.0,1.0,0.0,0.0,0.0,0.0,0.5376773767406141,0.8431506618282,0.9066860720977985,0.4218060770826634
137071,142802.0,147344.0,142253.0,144575.0,135598.0,142547.0,134358.0,137952.0,140057.0,143961.2857142857,139002.76666666666,42.0,52.0,47.0,41.1,98.0,100.0,0.42,0.0,2.0,2.11,100.0,0.0,3.0,0.0,38.7,0.0,11.3,0.0,0.0,10.2,0.0,0.0,0.0,1.0,0.0,0.0,0.0,0.5521013427459208,0.8337770129585915,0.9206588168102428,0.3903682146763026
133348,137071.0,142802.0,147344.0,145739.0,137146.0,133542.0,132221.0,138779.0,137952.0,142889.2857142857,139081.26666666666,26.0,57.0,41.5,36.8,91.0,95.0,0.72,0.0,0.0,1.94,100.0,0.0,8.5,0.0,42.7,0.0,7.3,0.0,0.0,10.24,0.0,0.0,0.0,0.0,1.0,0.0,0.0,0.5663619330814524,0.8241566360566663,0.9335418911179212,0.35846832151248087
135853,133348.0,137071.0,142802.0,142816.0,149322.0,133409.0,137445.0,135223.0,138779.0,141119.14285714287,138884.4,19.0,27.0,23.0,9.7,54.0,83.0,0.0,0.0,0.0,12.8,42.0,9.0,27.0,0.0,37.2,0.0,12.8,1.0,0.0,10.27,0.0,0.0,0.0,0.0,0.0,1.0,0.0,0.580454927809098,0.8142923779467267,0.945320046913132,0.3261441535642696
135098,135853.0,133348.0,137071.0,142200.0,139874.0,140347.0,133150.0,130750.0,135223.0,140124.42857142858,138934.23333333334,17.0,30.0,23.5,8.1,55.0,87.0,0.0,0.0,0.0,11.96,29.0,9.91,26.5,0.0,29.3,0.0,20.7,1.0,0.0,10.31,0.0,0.0,0.0,0.0,0.0,0.0,1.0,0.5943761565849831,0.804187157621448,0.9559793438440766,0.2934339689665273
134794,135098.0,135853.0,133348.0,142253.0,132244.0,139718.0,127534.0,122034.0,130750.0,139109.85714285713,139030.13333333333,30.0,37.0,33.5,28.7,87.0,96.0,0.15,0.0,0.0,2.31,96.0,0.0,16.5,0.0,26.7,0.0,23.3,0.0,0.0,10.35,1.0,0.0,0.0,0.0,0.0,0.0,0.0,0.6081214998935418,0.7938439653781019,0.9655071658143364,0.2603764827344581
140534,134794.0,135098.0,135853.0,147344.0,140301.0,135330.0,138829.0,125601.0,122034.0,138044.2857142857,138941.76666666666,32.0,45.0,38.5,28.4,74.0,96.0,0.07,0.0,0.0,12.79,37.0,8.97,11.5,0.0,31.8,0.0,18.2,0.0,0.0,10.39,0.0,1.0,0.0,0.0,0.0,0.0,0.0,0.6216868902665479,0.7832658619336791,0.9738922359149924,0.22701082094141847
134807,140534.0,134794.0,135098.0,142802.0,137320.0,139668.0,148481.0,141172.0,125601.0,137071.42857142858,139187.9,29.0,46.0,37.5,23.0,68.0,87.0,0.0,0.0,0.0,13.19,1.0,9.99,12.5,0.0,36.5,0.0,13.5,0.0,0.0,10.43,0.0,0.0,1.0,0.0,0.0,0.0,0.0,0.6350683134867438,0.7724559775191742,0.981124629771712,0.19337647441020586
134151,134807.0,140534.0,134794.0,137071.0,144575.0,135598.0,142547.0,140180.0,141172.0,135929.2857142857,139430.33333333334,37.0,54.0,45.5,29.5,68.0,90.0,0.0,0.0,0.0,12.8,28.0,10.0,4.5,0.0,40.5,0.0,9.5,0.0,0.0,10.47,0.0,0.0,0.0,1.0,0.0,0.0,0.0,0.6482618097757122,0.7614175109532997,0.9871957872910085,0.15951325197263655
129433,134151.0,134807.0,140534.0,133348.0,145739.0,137146.0,133542.0,138469.0,140180.0,135512.14285714287,139274.4,38.0,57.0,47.5,28.3,65.0,86.0,0.0,0.0,0.0,13.69,17.0,10.0,2.5,0.0,43.5,0.0,6.5,0.0,0.0,10.51,0.0,0.0,0.0,0.0,1.0,0.0,0.0,0.6612634749656386,0.7501537286959042,0.992098522791769,0.12546123335273648
126087,129433.0,134151.0,134807.0,135853.0,142816.0,149322.0,133409.0,139773.0,138469.0,134952.85714285713,138639.46666666667,42.0,59.0,50.5,32.1,51.0,62.0,0.0,0.0,0.0,11.73,84.0,10.0,0.0,0.0,47.8,0.0,2.3,1.0,0.0,10.55,0.0,0.0,0.0,0.0,0.0,1.0,0.0,0.6740694616546161,0.7386679638813748,0.9958270335100595,0.09126072172931188
114792,126087.0,129433.0,134151.0,135098.0,142200.0,139874.0,140347.0,140363.0,139773.0,133557.7142857143,138090.8,25.0,42.0,33.5,23.9,72.0,84.0,0.23,1.6,1.2,3.22,100.0,0.0,16.5,0.0,43.8,0.0,6.3,1.0,0.0,10.59,0.0,0.0,0.0,0.0,0.0,0.0,1.0,0.6866759803451553,0.726963615332308,0.998376906467142,0.056952196034039754
123675,114792.0,126087.0,129433.0,134794.0,142253.0,132244.0,139718.0,132183.0,140363.0,130656.85714285714,137465.8,16.0,25.0,20.5,4.0,52.0,67.0,0.0,0.0,1.2,15.07,14.0,10.15,29.5,0.0,34.8,0.0,15.3,0.0,0.0,10.63,1.0,0.0,0.0,0.0,0.0,0.0,0.0,0.6990793005655562,0.7150441465537444,0.9997451236925734,0.022576263041545485
145185,123675.0,114792.0,126087.0,140534.0,147344.0,140301.0,135330.0,126416.0,132183.0,129068.42857142857,137141.33333333334,16.0,30.0,23.0,2.2,43.0,59.0,0.0,0.0,0.0,14.99,6.0,10.22,27.0,0.0,25.7,0.0,24.3,0.0,0.0,10.68,0.0,1.0,0.0,0.0,0.0,0.0,0.0,0.7112757519738152,0.7029130847082615,0.9999300657962057,-0.011826390691832589
146849,145185.0,123675.0,114792.0,134807.0,142802.0,137320.0,139668.0,130360.0,126416.0,129732.85714285714,137302.6,28.0,49.0,38.5,23.6,68.0,87.0,0.0,0.0,0.0,12.25,66.0,7.43,11.5,0.0,27.3,0.0,22.7,0.0,0.0,10.72,0.0,0.0,1.0,0.0,0.0,0.0,0.0,0.7232617254437388,0.6905740195722293,0.9989315138848577,-0.046215046983708354
137341,146849.0,145185.0,123675.0,134151.0,137071.0,144575.0,135598.0,129738.0,130360.0,131453.14285714287,137540.3,49.0,68.0,58.5,44.0,74.0,87.0,0.31,0.0,0.0,8.6,100.0,5.56,0.0,0.0,40.0,0.0,12.8,0.0,0.0,10.76,0.0,0.0,0.0,1.0,0.0,0.0,0.0,0.7350336741329413,0.6780306024735382,0.9967506498213929,-0.08054900421874167
125473,137341.0,146849.0,145185.0,129433.0,133348.0,145739.0,137146.0,135983.0,129738.0,131908.85714285713,137607.33333333334,27.0,63.0,45.0,31.7,63.0,91.0,0.33,0.0,0.0,13.99,48.0,9.37,5.0,0.0,47.3,0.0,5.5,0.0,0.0,10.8,0.0,0.0,0.0,0.0,1.0,0.0,0.0,0.746588114532413,0.6652865452111116,0.9933900548258936,-0.11478762552212701
126067,125473.0,137341.0,146849.0,126087.0,135853.0,142816.0,149322.0,140048.0,135983.0,131343.14285714287,137134.16666666666,23.0,40.0,31.5,13.5,53.0,78.0,0.0,0.0,0.0,10.07,29.0,7.44,18.5,0.0,45.0,0.0,7.8,1.0,0.0,10.85,0.0,0.0,0.0,0.0,0.0,1.0,0.0,0.7579216274973472,0.6523456189565257,0.9888537064205885,-0.1488903868564548
125608,126067.0,125473.0,137341.0,114792.0,135098.0,142200.0,139874.0,138927.0,140048.0,131340.2857142857,136816.46666666667,21.0,36.0,28.5,8.2,45.0,65.0,0.0,0.0,0.0,15.01,22.0,10.43,21.5,0.0,35.0,0.0,15.0,1.0,0.0,10.89,0.0,0.0,0.0,0.0,0.0,0.0,1.0,0.7690308592589181,0.6392116531380588,0.9831469737221499,-0.1828169249850199
126100,125608.0,126067.0,125473.0,123675.0,134794.0,142253.0,132244.0,128536.0,138927.0,132885.42857142858,136431.86666666667,32.0,55.0,43.5,27.2,68.0,91.0,0.0,0.0,0.0,14.9,29.0,10.51,6.5,0.0,34.5,0.0,15.5,0.0,1.0,10.93,1.0,0.0,0.0,0.0,0.0,0.0,0.0,0.7799125224167177,0.6258885343075018,0.9762766110869321,-0.21652708524481437
123351,126100.0,125608.0,126067.0,145185.0,140534.0,147344.0,140301.0,126574.0,128536.0,133231.85714285713,135657.8,37.0,61.0,49.0,42.6,88.0,97.0,0.26,0.0,0.0,5.98,95.0,3.62,1.0,0.0,40.3,0.0,9.7,0.0,0.0,10.98,0.0,1.0,0.0,0.0,0.0,0.0,0.0,0.7905633969115482,0.612380204990065,0.9682507501166718,-0.2499809690726521
126094,123351.0,126100.0,125608.0,146849.0,134807.0,142802.0,137320.0,136545.0,126574.0,130112.71428571428,135107.03333333333,35.0,68.0,51.5,46.9,74.0,94.0,0.0,0.0,0.0,10.6,88.0,6.9,0.0,0.0,48.0,0.0,2.5,0.0,0.0,11.02,0.0,0.0,1.0,0.0,0.0,0.0,0.0,0.8009803309782905,0.5986906625177214,0.9590788900341131,-0.28313898122818354
122394,126094.0,123351.0,126100.0,137341.0,134151.0,137071.0,144575.0,131994.0,136545.0,127147.71428571428,134902.03333333333,29.0,35.0,32.0,13.3,47.0,57.0,0.0,0.0,0.0,6.36,98.0,2.27,18.0,0.0,44.2,0.0,6.3,0.0,0.0,11.07,0.0,0.0,0.0,1.0,0.0,0.0,0.0,0.8111602420785621,0.5848239578463322,0.9487718864399473,-0.31596187665790293
132698,122394.0,126094.0,123351.0,125473.0,129433.0,133348.0,145739.0,126791.0,131994.0,125012.42857142857,134305.13333333333,26.0,41.0,33.5,26.8,77.0,98.0,0.74,0.4,0.0,5.47,82.0,3.64,16.5,0.0,39.0,0.0,11.5,0.0,0.0,11.11,0.0,0.0,0.0,0.0,1.0,0.0,0.0,0.8211001178128892,0.5707841943569036,0.9373419384643772,-0.3484108069446808
135833,132698.0,122394.0,126094.0,126067.0,126087.0,135853.0,142816.0,125507.0,126791.0,126044.57142857143,134151.06666666668,24.0,37.0,30.5,14.2,55.0,65.0,0.0,0.0,0.0,13.02,74.0,9.46,19.5,0.0,32.0,0.0,18.0,1.0,0.0,11.16,0.0,0.0,0.0,0.0,0.0,1.0,0.0,0.8307970168121247,0.5565755266413303,0.9248025743285089,-0.38044736628785164
127373,135833.0,132698.0,122394.0,125608.0,114792.0,135098.0,142200.0,126063.0,125507.0,127439.71428571428,133859.66666666666,28.0,48.0,38.0,18.4,52.0,70.0,0.0,0.0,0.0,16.76,20.0,10.75,12.0,0.0,34.0,0.0,16.0,1.0,0.0,11.2,0.0,0.0,0.0,0.0,0.0,0.0,1.0,0.8402480696078469,0.5422021592729844,0.9111686353326631,-0.41203363695942635
121680,127373.0,135833.0,132698.0,126100.0,123675.0,134794.0,142253.0,118029.0,126063.0,127691.85714285714,133247.46666666667,26.0,36.0,31.0,11.5,48.0,70.0,0.0,0.0,0.0,17.24,37.0,10.57,19.0,0.0,33.2,0.0,16.8,0.0,0.0,11.24,1.0,0.0,0.0,0.0,0.0,0.0,0.0,0.8494504794814806,0.527668345562516,0.8964562582905575,-0.44313223418263453
135424,121680.0,127373.0,135833.0,123351.0,145185.0,140534.0,147344.0,116302.0,118029.0,127060.42857142857,132542.93333333332,31.0,48.0,39.5,26.7,70.0,84.0,0.0,0.0,0.0,8.03,91.0,3.37,10.5,0.0,36.2,0.0,13.8,0.0,0.0,11.29,0.0,1.0,0.0,0.0,0.0,0.0,0.0,0.8584015232918917,0.512978386299228,0.8806828564301475,-0.47370635037968
133820,135424.0,121680.0,127373.0,126094.0,146849.0,134807.0,142802.0,127058.0,116302.0,128785.14285714286,132317.06666666668,40.0,52.0,46.0,31.1,67.0,90.0,0.0,0.0,0.0,16.47,41.0,10.76,4.0,0.0,38.8,0.0,11.2,0.0,0.0,11.33,0.0,0.0,1.0,0.0,0.0,0.0,0.0,0.8670985522812081,0.4981366284784055,0.8638670987837349,-0.503719798736334
126844,133820.0,135424.0,121680.0,122394.0,137341.0,134151.0,137071.0,135634.0,127058.0,129888.85714285714,132035.96666666667,24.0,48.0,36.0,21.3,55.0,90.0,0.03,0.0,0.0,17.46,50.0,10.75,14.0,0.0,40.5,0.0,9.5,0.0,0.0,11.38,0.0,0.0,0.0,1.0,0.0,0.0,0.0,0.8755389928586302,0.4831474640149687,0.8460288880917339,-0.533137056031809
128567,126844.0,133820.0,135424.0,132698.0,125473.0,129433.0,133348.0,128236.0,135634.0,130524.57142857143,131352.63333333333,21.0,37.0,29.0,10.1,48.0,64.0,0.0,0.0,0.0,18.19,21.0,11.12,21.0,0.0,37.0,0.0,13.0,0.0,0.0,11.42,0.0,0.0,0.0,0.0,1.0,0.0,0.0,0.8837203473619977,0.4680153284438345,0.8271893372462497,-0.5619233046832195
134410,128567.0,126844.0,133820.0,135833.0,126067.0,126087.0,135853.0,128077.0,128236.0,129934.42857142857,130878.13333333332,32.0,46.0,39.0,22.3,62.0,76.0,0.0,0.0,0.0,12.11,94.0,7.78,11.0,0.0,34.7,0.0,15.3,1.0,0.0,11.47,0.0,0.0,0.0,0.0,0.0,1.0,0.0,0.8916401947968874,0.45274469960737107,0.8073707443023492,-0.5900444739548627
120758,134410.0,128567.0,126844.0,127373.0,125608.0,114792.0,135098.0,133762.0,128077.0,129731.14285714286,130789.43333333332,43.0,68.0,55.5,48.5,83.0,96.0,0.06,0.0,0.0,8.57,99.0,2.8,0.0,0.0,41.2,0.0,10.7,1.0,0.0,11.51,0.0,0.0,0.0,0.0,0.0,0.0,1.0,0.8992961915530253,0.4373400963303323,0.7865965660866021,-0.6174672802835514
113970,120758.0,134410.0,128567.0,121680.0,126100.0,123675.0,134794.0,124363.0,133762.0,128786.14285714286,130369.76666666666,50.0,74.0,62.0,54.0,73.0,95.0,0.03,0.0,0.0,11.78,97.0,7.43,0.0,0.0,52.2,0.0,3.7,0.0,0.0,11.56,1.0,0.0,0.0,0.0,0.0,0.0,0.0,0.9066860720977985,0.4218060770826634,0.7648913904341225,-0.6441592666722685
121327,113970.0,120758.0,134410.0,135424.0,123351.0,145185.0,140534.0,121035.0,124363.0,127684.71428571428,129640.33333333331,39.0,50.0,44.5,24.2,51.0,75.0,0.0,0.0,0.0,17.63,80.0,11.45,5.5,0.0,54.0,0.0,1.8,0.0,0.0,11.6,0.0,1.0,0.0,0.0,0.0,0.0,0.0,0.9138076496466615,0.4061472386305789,0.742280907086982,-0.6700888411055113
122942,121327.0,113970.0,120758.0,133820.0,126094.0,146849.0,134807.0,130321.0,121035.0,125670.85714285714,129181.3,33.0,41.0,37.0,32.0,87.0,100.0,0.56,0.4,0.0,1.6,100.0,0.0,13.0,0.0,47.8,0.0,6.2,0.0,0.0,11.65,0.0,0.0,1.0,0.0,0.0,0.0,0.0,0.9206588168102428,0.3903682146763026,0.7187918772884232,-0.6952253139408722
130529,122942.0,121327.0,113970.0,126844.0,122394.0,137341.0,134151.0,122402.0,130321.0,124116.85714285714,128786.23333333334,33.0,51.0,42.0,31.7,81.0,97.0,0.0,0.0,0.0,15.77,84.0,9.23,8.0,0.0,41.2,0.0,8.8,0.0,0.0,11.69,0.0,0.0,0.0,1.0,0.0,0.0,0.0,0.9272375462179537,0.374473674486883,0.6944521021088763,-0.719538934232584
127333,130529.0,122942.0,121327.0,128567.0,132698.0,125473.0,129433.0,120607.0,122402.0,124643.28571428572,128452.73333333334,40.0,55.0,47.5,32.4,76.0,97.0,0.0,0.0,0.0,18.44,28.0,11.59,2.5,0.0,42.2,0.0,7.8,0.0,0.0,11.74,0.0,0.0,0.0,0.0,1.0,0.0,0.0,0.9335418911179212,0.35846832151248087,0.6692903895412567,-0.7430009249440493
123577,127333.0,130529.0,122942.0,134410.0,135833.0,126067.0,126087.0,118569.0,120607.0,124467.0,128203.6,24.0,48.0,36.0,28.3,80.0,100.0,0.5,0.0,0.0,2.42,91.0,0.0,14.0,0.0,41.8,0.0,8.2,1.0,0.0,11.78,0.0,0.0,0.0,0.0,0.0,1.0,0.0,0.9395699859530622,0.342356891994542,0.6433365204044917,-0.765583517007675
122876,123577.0,127333.0,130529.0,120758.0,127373.0,125608.0,114792.0,115813.0,118569.0,122919.42857142857,127851.13333333332,22.0,35.0,28.5,9.9,47.0,65.0,0.0,0.0,0.0,18.75,53.0,10.74,21.5,0.0,37.3,0.0,12.7,1.0,0.0,11.83,0.0,0.0,0.0,0.0,0.0,0.0,1.0,0.945320046913132,0.3261441535642696,0.6166212130956382,-0.7872599821916922
121006,122876.0,123577.0,127333.0,113970.0,121680.0,126100.0,123675.0,110810.0,115813.0,123222.0,127632.56666666668,33.0,56.0,44.5,27.5,59.0,78.0,0.0,0.0,0.0,19.17,53.0,11.73,5.5,0.0,36.3,0.0,13.7,0.0,0.0,11.87,1.0,0.0,0.0,0.0,0.0,0.0,0.0,0.9507903724625832,0.3098349038318025,0.5891760872322963,-0.8080046647350754
128418,121006.0,122876.0,123577.0,121327.0,135424.0,123351.0,145185.0,106228.0,110810.0,124227.14285714286,127463.2,46.0,68.0,57.0,36.6,62.0,72.0,0.0,0.0,0.0,16.72,78.0,10.65,0.0,0.0,43.3,0.0,9.0,0.0,0.0,11.92,0.0,1.0,0.0,0.0,0.0,0.0,0.0,0.9559793438440766,0.2934339689665273,0.5610336262283677,-0.8277930117131022
121734,128418.0,121006.0,122876.0,122942.0,133820.0,126094.0,146849.0,130016.0,106228.0,125240.14285714286,127917.4,48.0,67.0,57.5,41.3,75.0,93.0,0.0,0.0,0.0,19.34,21.0,11.82,0.0,0.0,53.0,0.0,1.8,0.0,0.0,11.97,0.0,0.0,1.0,0.0,0.0,0.0,0.0,0.9608854255574977,0.27694620226893646,0.5322271388474397,-0.8466016020976267
119402,121734.0,128418.0,121006.0,130529.0,126844.0,122394.0,137341.0,132268.0,130016.0,125067.57142857143,127852.7,45.0,53.0,49.0,45.9,96.0,99.0,0.08,0.0,0.0,5.45,95.0,0.43,1.0,0.0,54.5,0.0,0.3,0.0,0.0,12.01,0.0,0.0,0.0,1.0,0.0,0.0,0.0,0.9655071658143364,0.2603764827344581,0.5027907197793043,-0.8644081744776648
122410,119402.0,121734.0,128418.0,127333.0,128567.0,132698.0,125473.0,127813.0,132268.0,123478.0,126993.26666666666,50.0,74.0,62.0,50.2,89.0,100.0,0.0,0.0,0.0,18.67,54.0,11.27,0.0,0.0,56.2,0.0,0.3,0.0,0.0,12.06,0.0,0.0,0.0,0.0,1.0,0.0,0.0,0.969843196967294,0.24372971360968387,0.47275920928627757,-0.881191653407483
119331,122410.0,119402.0,121734.0,123577.0,134410.0,135833.0,126067.0,125791.0,127813.0,122774.71428571428,126178.63333333332,49.0,70.0,59.5,51.7,90.0,100.0,0.05,0.0,0.0,12.93,81.0,10.0,0.0,0.0,56.8,0.0,0.3,1.0,0.0,12.1,0.0,0.0,0.0,0.0,0.0,1.0,0.0,0.9738922359149924,0.22701082094141847,0.44216815196707204,-0.8969321743510065
110001,119331.0,122410.0,119402.0,122876.0,120758.0,127373.0,125608.0,126141.0,125791.0,122168.14285714286,125578.3,46.0,61.0,53.5,41.3,69.0,96.0,0.0,0.0,0.0,11.19,58.0,5.71,0.0,0.0,58.3,0.0,0.0,1.0,0.0,12.15,0.0,0.0,0.0,0.0,0.0,0.0,1.0,0.9776530844816641,0.2102247521189836,0.4110537546870351,-0.9116111071930239
107618,110001.0,119331.0,122410.0,121006.0,113970.0,121680.0,126100.0,114326.0,126141.0,120328.85714285714,125062.56666666668,44.0,62.0,53.0,29.1,46.0,65.0,0.0,0.0,0.0,19.7,30.0,11.97,0.0,0.0,55.3,0.0,0.0,0.0,0.0,12.19,1.0,0.0,0.0,0.0,0.0,0.0,0.0,0.981124629771712,0.19337647441020586,0.37945284372454435,-0.925211078289358
118396,107618.0,110001.0,119331.0,128418.0,121327.0,135424.0,123351.0,108863.0,114326.0,118416.28571428572,124447.6,43.0,58.0,50.5,23.4,41.0,57.0,0.0,0.0,0.0,19.86,74.0,9.99,0.0,0.0,52.3,0.0,0.0,0.0,0.0,12.24,0.0,1.0,0.0,0.0,0.0,0.0,0.0,0.984305844499033,0.17647097349152166,0.3474028211842774,-0.9377159910299093
118589,118396.0,107618.0,110001.0,121734.0,122942.0,133820.0,126094.0,118163.0,108863.0,116984.57142857143,124207.2,38.0,49.0,43.5,26.5,58.0,86.0,0.06,0.0,0.0,11.64,99.0,5.87,6.5,0.0,49.0,0.0,2.2,0.0,0.0,12.28,0.0,0.0,1.0,0.0,0.0,0.0,0.0,0.9871957872910085,0.15951325197263655,0.31494162072895193,-0.9491110448902284
122808,118589.0,118396.0,107618.0,119402.0,130529.0,126844.0,122394.0,117592.0,118163.0,116535.28571428572,123956.83333333331,38.0,47.0,42.5,42.2,91.0,97.0,0.93,0.0,0.0,5.75,100.0,0.0,7.5,0.0,45.5,0.0,4.7,0.0,0.0,12.33,0.0,0.0,0.0,1.0,0.0,0.0,0.0,0.9897936029670716,0.14250832791617088,0.2821076626819194,-0.9593827529490743
126310,122808.0,118589.0,118396.0,122410.0,127333.0,128567.0,132698.0,119037.0,117592.0,117021.85714285714,123938.73333333334,44.0,60.0,52.0,39.6,72.0,98.0,0.02,0.0,0.0,16.92,76.0,9.96,0.0,0.0,46.0,0.0,4.7,0.0,0.0,12.37,0.0,0.0,0.0,0.0,1.0,0.0,0.0,0.992098522791769,0.12546123335273648,0.24893980855376657,-0.9685189578512204
121464,126310.0,122808.0,118589.0,119331.0,123577.0,134410.0,135833.0,117259.0,119037.0,117579.0,123945.93333333332,42.0,53.0,47.5,35.2,66.0,78.0,0.0,0.0,0.0,13.8,82.0,9.54,2.5,0.0,47.3,0.0,3.3,1.0,0.0,12.42,0.0,0.0,0.0,0.0,0.0,1.0,0.0,0.9941098647022418,0.10837701279187609,0.21547731504673012,-0.976508846196619
111324,121464.0,126310.0,122808.0,110001.0,122876.0,120758.0,127373.0,116519.0,117259.0,117883.71428571428,123914.93333333332,28.0,46.0,37.0,24.2,55.0,69.0,0.0,0.0,0.0,13.19,56.0,6.57,13.0,0.0,45.5,0.0,5.2,1.0,0.0,12.46,0.0,0.0,0.0,0.0,0.0,0.0,1.0,0.9958270335100595,0.09126072172931188,0.18175978759137534,-0.9833429613388902
113300,111324.0,121464.0,126310.0,107618.0,121006.0,113970.0,121680.0,104347.0,116519.0,118072.71428571428,123202.46666666666,23.0,33.0,28.0,3.5,36.0,49.0,0.0,0.0,0.0,19.04,61.0,12.0,22.0,0.0,37.5,0.0,12.5,0.0,0.0,12.51,1.0,0.0,0.0,0.0,0.0,0.0,0.0,0.9972495210773451,0.07411742515094437,0.14782713347053048,-0.9890132145779883
135881,113300.0,111324.0,121464.0,118396.0,128418.0,121327.0,135424.0,105956.0,104347.0,118884.42857142857,122451.36666666668,24.0,38.0,31.0,10.2,43.0,54.0,0.0,0.0,0.0,21.1,25.0,12.0,19.0,0.0,32.0,0.0,18.0,0.0,0.0,12.55,0.0,1.0,0.0,0.0,0.0,0.0,0.0,0.998376906467142,0.056952196034039754,0.11371951458594969,-0.9935128947338007
137056,135881.0,113300.0,111324.0,118589.0,121734.0,122942.0,133820.0,114360.0,105956.0,121382.28571428572,122734.96666666666,29.0,47.0,38.0,19.4,54.0,74.0,0.0,0.0,0.0,12.42,66.0,8.24,12.0,0.0,32.3,0.0,17.7,0.0,0.0,12.6,0.0,0.0,1.0,0.0,0.0,0.0,0.0,0.9992088560679753,0.03977011384605572,0.07947729992362097,-0.9968366760893436
131818,137056.0,135881.0,113300.0,122808.0,119402.0,130529.0,126844.0,114118.0,114360.0,124020.42857142857,123247.5,45.0,66.0,55.5,49.8,81.0,95.0,0.07,0.0,0.0,8.9,93.0,2.04,0.0,0.0,41.5,0.0,10.3,0.0,0.0,12.65,0.0,0.0,0.0,1.0,0.0,0.0,0.0,0.9997451236925734,0.022576263041545485,0.04514101777397193,-0.9989806246941579
124378,131818.0,137056.0,135881.0,126310.0,122410.0,127333.0,128567.0,114786.0,114118.0,125307.57142857143,123127.3,43.0,61.0,52.0,41.1,70.0,98.0,0.28,0.0,0.0,12.72,68.0,8.0,0.0,0.0,48.5,0.0,4.0,0.0,0.0,12.69,0.0,0.0,0.0,0.0,1.0,0.0,0.0,0.9999855506507186,0.005375731557583884,0.01075130776352193,-0.9999422030204416
120710,124378.0,131818.0,137056.0,121464.0,119331.0,123577.0,134410.0,116292.0,114786.0,125031.57142857143,122812.56666666668,38.0,54.0,46.0,26.4,54.0,89.0,0.0,0.0,0.0,23.15,50.0,12.0,4.0,0.0,51.2,0.0,1.3,1.0,0.0,12.74,0.0,0.0,0.0,0.0,0.0,1.0,0.0,0.9999300657962057,-0.011826390691832589,-0.023651127245231586,-0.9997202729664083
111925,120710.0,124378.0,131818.0,111324.0,110001.0,122876.0,120758.0,120447.0,116292.0,124923.85714285714,122608.1,40.0,48.0,44.0,36.2,79.0,89.0,0.12,0.0,0.0,6.93,91.0,2.42,6.0,0.0,47.3,0.0,3.3,1.0,0.0,12.78,0.0,0.0,0.0,0.0,0.0,0.0,1.0,0.9995786855478958,-0.029025013321975237,-0.05802556932878035,-0.9983150972033183
112753,111925.0,120710.0,124378.0,113300.0,107618.0,121006.0,113970.0,111331.0,120447.0,125009.71428571428,122053.36666666668,39.0,54.0,46.5,30.6,58.0,75.0,0.0,0.0,0.0,17.36,65.0,10.26,3.5,0.0,45.5,0.0,4.5,0.0,0.0,12.83,1.0,0.0,0.0,0.0,0.0,0.0,0.0,0.9989315138848577,-0.046215046983708354,-0.09233133369539122,-0.9957283388645872
122503,112753.0,111925.0,120710.0,135881.0,118396.0,128418.0,121327.0,104967.0,111331.0,124931.57142857143,121331.46666666666,45.0,57.0,51.0,35.3,73.0,93.0,0.04,0.0,0.0,10.19,72.0,4.2,0.0,0.0,47.2,0.0,3.2,0.0,0.0,12.87,0.0,1.0,0.0,0.0,0.0,0.0,0.0,0.9979887423155984,-0.06339140486951038,-0.12652781683868314,-0.9919630595773397
122367,122503.0,112753.0,111925.0,137056.0,118589.0,121734.0,122942.0,114036.0,104967.0,123020.42857142857,121389.63333333332,44.0,53.0,48.5,44.9,88.0,97.0,0.45,0.0,0.0,7.86,100.0,1.89,1.5,0.0,48.7,0.0,1.7,0.0,0.0,12.92,0.0,0.0,1.0,0.0,0.0,0.0,0.0,0.9967506498213929,-0.08054900421874167,-0.16057454459499376,-0.9870237158387383
124394,122367.0,122503.0,112753.0,131818.0,122808.0,119402.0,130529.0,113346.0,114036.0,120922.0,121669.53333333334,45.0,54.0,49.5,45.4,91.0,97.0,1.12,0.0,0.0,3.56,99.0,0.0,0.5,0.0,49.7,0.0,0.7,0.0,0.0,12.96,0.0,0.0,0.0,1.0,0.0,0.0,0.0,0.9952176027737294,-0.09768276782171598,-0.19443122004766195,-0.9809161537413774
125764,124394.0,122367.0,122503.0,124378.0,126310.0,122410.0,127333.0,113367.0,113346.0,119861.42857142857,121771.76666666666,49.0,65.0,57.0,41.3,68.0,100.0,0.03,0.0,0.0,22.74,40.0,12.08,0.0,0.0,51.7,0.0,0.7,0.0,0.0,13.0,0.0,0.0,0.0,0.0,1.0,0.0,0.0,0.9933900548258936,-0.11478762552212701,-0.2280577712215198,-0.9736476020539838
119287,125764.0,124394.0,122367.0,120710.0,121464.0,119331.0,123577.0,113231.0,113367.0,120059.42857142857,121865.83333333331,47.0,55.0,51.0,39.4,72.0,95.0,0.05,0.0,0.0,19.4,65.0,11.53,0.0,0.0,52.5,0.0,0.2,1.0,0.0,13.05,0.0,0.0,0.0,0.0,0.0,1.0,0.0,0.9912685467787256,-0.13185851571739118,-0.2614143985111562,-0.965226663665613
109426,119287.0,125764.0,124394.0,111925.0,111324.0,110001.0,122876.0,113740.0,113231.0,119856.14285714286,121491.1,42.0,50.0,46.0,29.3,56.0,76.0,0.0,0.0,0.0,15.85,69.0,9.29,4.0,0.0,51.3,0.0,1.3,1.0,0.0,13.09,0.0,0.0,0.0,0.0,0.0,0.0,1.0,0.9888537064205885,-0.1488903868564548,-0.2944616217868012,-0.9556633054034704
109935,109426.0,119287.0,125764.0,112753.0,113300.0,107618.0,121006.0,105504.0,113740.0,119499.14285714286,120894.2,40.0,61.0,50.5,32.7,61.0,77.0,0.0,0.0,0.0,23.9,49.0,12.33,0.0,0.0,49.2,0.0,1.3,0.0,0.0,13.14,1.0,0.0,0.0,0.0,0.0,0.0,0.0,0.986146248341595,-0.16587819893463143,-0.3271603271220951,-0.9449688462364056
120604,109935.0,109426.0,119287.0,122503.0,135881.0,118396.0,128418.0,105602.0,105504.0,119096.57142857143,120439.46666666666,50.0,72.0,61.0,44.6,69.0,88.0,0.07,0.0,0.0,17.92,50.0,8.11,0.0,0.0,52.5,0.0,1.3,0.0,0.0,13.18,0.0,1.0,0.0,0.0,0.0,0.0,0.0,0.9831469737221499,-0.1828169249850199,-0.3594718130884232,-0.9331559438780432
120024,120604.0,109935.0,109426.0,122367.0,137056.0,118589.0,121734.0,117678.0,105602.0,118825.28571428572,120363.73333333334,55.0,71.0,63.0,47.5,73.0,88.0,0.0,0.0,0.0,19.57,70.0,7.84,0.0,0.0,58.2,0.0,0.0,0.0,0.0,13.22,0.0,0.0,1.0,0.0,0.0,0.0,0.0,0.9798567700958665,-0.1997015525660636,-0.3913578365610259,-0.9202385798054075
119341,120024.0,120604.0,109935.0,124394.0,131818.0,122808.0,119402.0,115146.0,117678.0,118490.57142857143,120331.0,57.0,79.0,68.0,56.5,70.0,88.0,0.06,0.0,0.0,20.07,89.0,9.91,0.0,3.0,64.0,1.0,0.0,0.0,0.0,13.26,0.0,0.0,0.0,1.0,0.0,0.0,0.0,0.9762766110869321,-0.21652708524481437,-0.4227806579826773,-0.9062320427107697
124219,119341.0,120024.0,120604.0,125764.0,124378.0,126310.0,122410.0,114547.0,115146.0,117768.71428571428,120028.43333333332,52.0,70.0,61.0,33.2,44.0,70.0,0.0,0.0,0.0,25.35,25.0,12.8,0.0,0.0,64.0,1.0,0.0,0.0,0.0,13.31,0.0,0.0,0.0,0.0,1.0,0.0,0.0,0.9724075561219968,-0.23328854407545518,-0.45370308603134424,-0.8911529104063088
114675,124219.0,119341.0,120024.0,119287.0,120710.0,121464.0,119331.0,116273.0,114547.0,117548.0,120111.26666666666,44.0,73.0,58.5,41.5,58.0,82.0,0.2,0.0,0.0,14.62,94.0,4.23,0.0,0.0,62.5,1.0,0.0,1.0,0.0,13.35,0.0,0.0,0.0,0.0,0.0,1.0,0.0,0.9682507501166718,-0.2499809690726521,-0.48408852163897587,-0.8750190302029955
106763,114675.0,124219.0,119341.0,109426.0,111925.0,111324.0,110001.0,115586.0,116273.0,116889.14285714286,119953.7,41.0,51.0,46.0,28.1,56.0,93.0,0.0,0.0,0.0,23.07,29.0,13.01,4.0,0.0,55.2,0.0,1.3,1.0,0.0,13.39,0.0,0.0,0.0,0.0,0.0,0.0,1.0,0.9638074231367307,-0.26659942067929354,-0.5139010013093103,-0.8578494977869301
104143,106763.0,114675.0,124219.0,109935.0,112753.0,113300.0,107618.0,106596.0,115586.0,116508.71428571428,119432.13333333332,39.0,54.0,46.5,31.5,65.0,87.0,0.85,0.0,0.0,16.1,65.0,7.26,3.5,0.0,50.3,0.0,2.5,0.0,0.0,13.44,1.0,0.0,0.0,0.0,0.0,0.0,0.0,0.9590788900341131,-0.28313898122818354,-0.5431052396834317,-0.8396646346181327
118648,104143.0,106763.0,114675.0,120604.0,122503.0,135881.0,118396.0,103432.0,106596.0,115681.28571428572,118925.86666666668,39.0,50.0,44.5,33.4,65.0,98.0,1.24,0.0,0.0,19.73,54.0,10.4,5.5,0.0,45.7,0.0,4.3,0.0,0.0,13.48,0.0,1.0,0.0,0.0,0.0,0.0,0.0,0.9540665500578387,-0.2995947563972602,-0.5716666713027052,-0.8204859638785327
121388,118648.0,104143.0,106763.0,120024.0,122367.0,137056.0,118589.0,113034.0,103432.0,115401.85714285714,119214.1,42.0,60.0,51.0,29.5,52.0,90.0,0.0,0.0,0.0,26.15,23.0,13.24,0.0,0.0,47.3,0.0,3.0,0.0,0.0,13.52,0.0,0.0,1.0,0.0,0.0,0.0,0.0,0.9487718864399473,-0.31596187665790293,-0.5995514915196489,-0.8003361849976323
118785,121388.0,118648.0,104143.0,119341.0,124394.0,131818.0,122808.0,113496.0,113034.0,115596.71428571428,119673.1,44.0,59.0,51.5,40.6,75.0,95.0,0.0,0.0,0.0,15.83,89.0,6.85,0.0,0.0,49.0,0.0,1.8,0.0,0.0,13.56,0.0,0.0,0.0,1.0,0.0,0.0,0.0,0.9431964659565866,-0.33223549871590435,-0.6267266965083301,-0.7792391467859886
117962,118785.0,121388.0,118648.0,124219.0,125764.0,124378.0,126310.0,113972.0,113496.0,115517.28571428572,119686.06666666668,53.0,70.0,61.5,40.7,60.0,92.0,0.0,0.0,0.0,26.19,26.0,13.19,0.0,0.0,54.7,0.0,0.0,0.0,0.0,13.61,0.0,0.0,0.0,0.0,1.0,0.0,0.0,0.9373419384643772,-0.3484108069446808,-0.65316012232693,-0.7572198192083127
115266,117962.0,118785.0,121388.0,114675.0,119287.0,120710.0,121464.0,117557.0,113972.0,114623.42857142857,119665.16666666669,51.0,65.0,58.0,37.5,62.0,83.0,0.0,0.0,0.0,16.0,86.0,6.1,0.0,0.0,57.0,0.0,0.0,1.0,0.0,13.65,0.0,0.0,0.0,0.0,0.0,1.0,0.0,0.9312100364121947,-0.3644830148102912,-0.6788204829862355,-0.734304263829602
104963,115266.0,117962.0,118785.0,106763.0,109426.0,111925.0,111324.0,114808.0,117557.0,114707.85714285714,119413.76666666666,48.0,63.0,55.5,39.5,64.0,89.0,0.0,0.0,0.0,23.41,38.0,13.33,0.0,0.0,58.3,0.0,0.0,1.0,0.0,13.69,0.0,0.0,0.0,0.0,0.0,0.0,1.0,0.9248025743285089,-0.38044736628785164,-0.7036774074790128,-0.7105196029692745
103141,104963.0,115266.0,117962.0,104143.0,109935.0,112753.0,113300.0,103866.0,114808.0,114450.71428571428,118702.2,46.0,58.0,52.0,36.2,60.0,83.0,0.0,0.0,0.0,22.63,94.0,11.33,0.0,0.0,55.2,0.0,0.0,0.0,0.0,13.73,1.0,0.0,0.0,0.0,0.0,0.0,0.0,0.9181214482844364,-0.39629913726891813,-0.7277014757264236,-0.6858939875998223
116707,103141.0,104963.0,115266.0,118648.0,120604.0,122503.0,135881.0,103336.0,103866.0,114307.57142857143,118091.43333333332,52.0,60.0,56.0,50.4,85.0,97.0,0.02,0.0,0.0,6.47,100.0,0.0,0.0,0.0,54.5,0.0,0.0,0.0,0.0,13.77,0.0,1.0,0.0,0.0,0.0,0.0,0.0,0.9111686353326631,-0.41203363695942635,-0.7508642533989489,-0.6604565640279754
117936,116707.0,103141.0,104963.0,121388.0,120024.0,122367.0,137056.0,113175.0,103336.0,114030.28571428572,118270.86666666668,41.0,58.0,49.5,33.3,56.0,95.0,0.0,0.0,0.0,21.2,57.0,11.8,0.5,0.0,52.5,0.0,0.2,0.0,0.0,13.81,0.0,0.0,1.0,0.0,0.0,0.0,0.0,0.9039461929224011,-0.42764620926777464,-0.7731383255706026,-0.6342374393978054
117033,117936.0,116707.0,103141.0,118785.0,119341.0,124394.0,131818.0,113664.0,113175.0,113537.14285714286,118425.4,40.0,58.0,49.0,21.1,40.0,61.0,0.0,0.0,0.0,26.9,23.0,12.97,1.0,0.0,51.5,0.0,0.5,0.0,0.0,13.85,0.0,0.0,0.0,1.0,0.0,0.0,0.0,0.8964562582905575,-0.44313223418263453,-0.7944973291665992,-0.6072676460566135
118417,117033.0,117936.0,116707.0,117962.0,124219.0,125764.0,124378.0,116211.0,113664.0,113286.85714285714,117797.13333333332,41.0,63.0,52.0,20.0,33.0,49.0,0.0,0.0,0.0,28.34,0.0,13.74,0.0,0.0,50.2,0.0,0.5,0.0,0.0,13.89,0.0,0.0,0.0,0.0,1.0,0.0,0.0,0.8887010478292915,-0.45848712914008766,-0.8149159841660791,-0.5795791048257612
116328,118417.0,117033.0,117936.0,115266.0,114675.0,119287.0,120710.0,119535.0,116211.0,113351.85714285714,117175.83333333331,44.0,68.0,56.0,27.8,42.0,67.0,0.0,0.0,0.0,28.02,9.0,13.77,0.0,0.0,52.3,0.0,0.3,1.0,0.0,13.93,0.0,0.0,0.0,0.0,0.0,1.0,0.0,0.8806828564301475,-0.47370635037968,-0.8343701235229538,-0.5512045872199277
105598,116328.0,118417.0,117033.0,104963.0,106763.0,109426.0,111925.0,115848.0,119535.0,113503.57142857143,116659.5,47.0,69.0,58.0,38.7,61.0,89.0,0.0,0.0,0.0,25.49,66.0,11.18,0.0,0.0,55.3,0.0,0.0,1.0,0.0,13.97,0.0,0.0,0.0,0.0,0.0,0.0,1.0,0.8724040568049612,-0.48878539428899265,-0.8528367217694595,-0.522177676659508
103273,105598.0,116328.0,118417.0,103141.0,104143.0,109935.0,112753.0,103765.0,115848.0,113594.28571428572,116033.5,51.0,56.0,53.5,49.5,86.0,95.0,0.23,0.0,0.0,7.36,90.0,1.09,0.0,0.0,55.8,0.0,0.0,0.0,0.0,14.01,1.0,0.0,0.0,0.0,0.0,0.0,0.0,0.8638670987837349,-0.503719798736334,-0.8702939222685674,-0.49253272872205434
116909,103273.0,105598.0,116328.0,116707.0,118648.0,120604.0,122503.0,104744.0,103765.0,113613.14285714286,115452.26666666666,51.0,62.0,56.5,47.1,80.0,98.0,0.0,0.0,0.0,21.23,66.0,11.48,0.0,0.0,56.0,0.0,0.0,0.0,0.0,14.04,0.0,1.0,0.0,0.0,0.0,0.0,0.0,0.8550745085896932,-0.518505144391157,-0.886721063082993,-0.46230483047981086
116246,116909.0,103273.0,105598.0,117936.0,121388.0,120024.0,122367.0,116045.0,104744.0,113642.0,115618.4,50.0,65.0,57.5,51.7,86.0,97.0,0.08,0.0,0.0,11.3,88.0,3.2,0.0,0.0,55.8,0.0,0.0,0.0,0.0,14.08,0.0,0.0,1.0,0.0,0.0,0.0,0.0,0.8460288880917339,-0.533137056031809,-0.9020987014301837,-0.43152975897147144
118020,116246.0,116909.0,103273.0,117033.0,118785.0,119341.0,124394.0,115824.0,116045.0,113400.57142857143,115734.83333333331,56.0,74.0,65.0,48.7,68.0,95.0,0.0,0.0,0.0,26.3,74.0,13.73,0.0,0.0,59.7,0.0,0.0,0.0,0.0,14.12,0.0,0.0,0.0,1.0,0.0,0.0,0.0,0.8367329140344921,-0.5476112038402312,-0.9164086366943458,-0.4002439388573056
117381,118020.0,116246.0,116909.0,118417.0,117962.0,124219.0,125764.0,115496.0,115824.0,113541.57142857143,115585.4,49.0,61.0,55.0,51.0,88.0,95.0,0.69,0.0,0.0,3.87,100.0,0.0,0.0,0.0,59.2,0.0,0.0,0.0,0.0,14.15,0.0,0.0,0.0,0.0,1.0,0.0,0.0,0.8271893372462497,-0.5619233046832195,-0.9296339319682695,-0.3684843993077793
117185,117381.0,118020.0,116246.0,116328.0,115266.0,114675.0,119287.0,112628.0,115496.0,113393.57142857143,115419.2,45.0,50.0,47.5,44.0,86.0,94.0,0.92,0.0,0.0,3.07,100.0,0.0,2.5,0.0,55.8,0.0,0.8,1.0,0.0,14.19,0.0,0.0,0.0,0.0,0.0,1.0,0.0,0.8174009818249189,-0.5760691233798758,-0.9417589340994617,-0.33628873017668287
110153,117185.0,117381.0,118020.0,105598.0,104963.0,106763.0,109426.0,111869.0,112628.0,113516.0,115178.9,45.0,58.0,51.5,34.5,57.0,71.0,0.0,0.0,0.0,11.16,98.0,3.45,0.0,0.0,51.3,0.0,0.8,1.0,0.0,14.23,0.0,0.0,0.0,0.0,0.0,0.0,1.0,0.8073707443023492,-0.5900444739548627,-0.9527692922168511,-0.30369503751065885
105750,110153.0,117185.0,117381.0,103273.0,103141.0,104143.0,109935.0,104435.0,111869.0,114166.71428571428,114658.53333333334,47.0,70.0,58.5,32.2,44.0,65.0,0.0,0.0,0.0,28.71,6.0,13.93,0.0,0.0,52.5,0.0,0.8,0.0,0.0,14.26,1.0,0.0,0.0,0.0,0.0,0.0,0.0,0.7971015927871943,-0.6038452208771035,-0.9626519747161487,-0.2707418984477642
115489,105750.0,110153.0,117185.0,116909.0,116707.0,118648.0,120604.0,101730.0,104435.0,114520.57142857143,114207.3,51.0,73.0,62.0,31.5,39.0,50.0,0.0,0.0,0.0,27.51,14.0,12.0,0.0,0.0,57.3,0.0,0.0,0.0,0.0,14.3,0.0,1.0,0.0,0.0,0.0,0.0,0.0,0.7865965660866021,-0.6174672802835514,-0.97139528468375,-0.23746831555846842
115833,115489.0,105750.0,110153.0,116246.0,117936.0,121388.0,120024.0,113642.0,101730.0,114317.71428571428,114409.4,53.0,75.0,64.0,42.8,57.0,86.0,0.0,0.0,0.0,21.12,37.0,12.24,0.0,0.0,61.5,0.0,0.0,0.0,0.0,14.33,0.0,0.0,1.0,0.0,0.0,0.0,0.0,0.7758587728069828,-0.6309066211876704,-0.9789888737409319,-0.20391367068311472
116769,115833.0,115489.0,105750.0,118020.0,117033.0,118785.0,119341.0,112533.0,113642.0,114258.71428571428,114606.0,58.0,75.0,66.5,55.1,84.0,99.0,0.0,0.0,0.0,14.13,72.0,6.24,0.0,1.5,64.2,0.5,0.0,0.0,0.0,14.37,0.0,0.0,0.0,1.0,0.0,0.0,0.0,0.7648913904341225,-0.6441592666722685,-0.9854237542919524,-0.17011767832049052
120169,116769.0,115833.0,115489.0,117381.0,118417.0,117962.0,124219.0,112466.0,112533.0,114080.0,114478.16666666669,57.0,72.0,64.5,59.7,93.0,99.0,0.03,0.0,0.0,8.79,100.0,0.7,0.0,0.0,65.0,0.5,0.0,0.0,0.0,14.4,0.0,0.0,0.0,0.0,1.0,0.0,0.0,0.753697664392914,-0.6572212950663319,-0.9906923101615609,-0.13612033862266704
122073,120169.0,116769.0,115833.0,117185.0,116328.0,115266.0,114675.0,112234.0,112466.0,114478.28571428572,114483.0,60.0,72.0,66.0,61.4,95.0,100.0,0.22,0.0,0.0,10.55,100.0,1.39,0.0,1.0,65.7,0.8,0.0,1.0,0.0,14.43,0.0,0.0,0.0,0.0,0.0,1.0,0.0,0.742280907086982,-0.6700888411055113,-0.994788305609327,-0.10196189005174576
113959,122073.0,120169.0,116769.0,110153.0,105598.0,104963.0,106763.0,114713.0,112234.0,115176.57142857143,114574.06666666668,60.0,76.0,68.0,61.1,90.0,100.0,0.1,0.0,0.0,19.65,87.0,9.77,0.0,3.0,66.2,1.3,0.0,1.0,0.0,14.47,0.0,0.0,0.0,0.0,0.0,0.0,1.0,0.7306444969184916,-0.6827580970759147,-0.9977068927101168,-0.06768276175455162
113589,113959.0,122073.0,120169.0,105750.0,103273.0,103141.0,104143.0,106969.0,114713.0,115720.28571428572,114232.06666666668,61.0,75.0,68.0,62.8,88.0,98.0,0.12,0.0,0.0,19.65,65.0,9.01,0.0,3.0,67.3,2.3,0.0,0.0,0.0,14.5,1.0,0.0,0.0,0.0,0.0,0.0,0.0,0.7187918772884232,-0.6952253139408722,-0.9994446170919858,-0.033323525711631344
132166,113589.0,113959.0,122073.0,115489.0,116909.0,116707.0,118648.0,106379.0,106969.0,116840.14285714286,114195.86666666668,57.0,77.0,67.0,47.4,58.0,86.0,0.0,0.0,0.0,26.18,7.0,14.0,0.0,2.0,67.7,2.7,0.0,0.0,0.0,14.53,0.0,1.0,0.0,0.0,0.0,0.0,0.0,0.7067265555776158,-0.7074868024503348,-0.9999994220246925,0.001075151282798226
125326,132166.0,113589.0,113959.0,115833.0,116246.0,117936.0,121388.0,119562.0,106379.0,119222.57142857143,115042.63333333332,55.0,72.0,63.5,43.7,54.0,72.0,0.01,0.0,0.0,27.2,61.0,13.0,0.0,0.0,66.2,1.7,0.0,0.0,0.0,14.56,0.0,0.0,1.0,0.0,0.0,0.0,0.0,0.6944521021088763,-0.719538934232584,-0.9993706508539969,0.03547255575312556
121073,125326.0,132166.0,113589.0,116769.0,118020.0,117033.0,118785.0,125449.0,119562.0,120578.71428571428,115748.73333333334,54.0,66.0,60.0,54.0,80.0,94.0,0.73,0.0,0.0,12.34,82.0,5.35,0.0,0.0,63.5,0.7,0.0,0.0,0.0,14.59,0.0,0.0,0.0,1.0,0.0,0.0,0.0,0.6819721490904629,-0.7313781428679254,-0.9975590477788613,0.06982797572987089
120697,121073.0,125326.0,132166.0,120169.0,117381.0,118417.0,117962.0,135636.0,125449.0,121193.57142857143,115829.56666666668,55.0,69.0,62.0,58.2,88.0,99.0,0.4,0.0,0.0,19.71,78.0,9.29,0.0,0.0,61.8,0.0,0.0,0.0,0.0,14.62,0.0,0.0,0.0,0.0,1.0,0.0,0.0,0.6692903895412567,-0.7430009249440493,-0.9945667569706337,0.1041007489354256
121752,120697.0,121073.0,125326.0,122073.0,117185.0,116328.0,115266.0,127285.0,135636.0,121269.0,115806.53333333334,62.0,90.0,76.0,67.3,82.0,99.0,0.0,0.0,0.0,26.67,51.0,12.0,0.0,11.0,66.0,3.7,0.0,1.0,0.0,14.65,0.0,0.0,0.0,0.0,0.0,1.0,0.0,0.6564105761979381,-0.7544038410927472,-0.9903973200352558,0.1382503109109819
129498,121752.0,120697.0,121073.0,113959.0,110153.0,105598.0,104963.0,125978.0,127285.0,121223.14285714286,115905.43333333332,72.0,89.0,80.5,67.5,73.0,89.0,0.0,0.0,0.0,25.11,53.0,14.0,0.0,15.5,72.8,8.8,0.0,1.0,0.0,14.67,0.0,0.0,0.0,0.0,0.0,0.0,1.0,0.6433365204044917,-0.765583517007675,-0.9850556718215013,0.172236243027682
147492,129498.0,121752.0,120697.0,113589.0,105750.0,103273.0,103141.0,131007.0,125978.0,123443.0,116289.96666666666,61.0,73.0,67.0,48.0,53.0,79.0,0.0,0.0,0.0,26.89,100.0,13.0,0.0,2.0,74.5,9.5,0.0,0.0,0.0,14.7,1.0,0.0,0.0,0.0,0.0,0.0,0.0,0.6300720909843687,-0.7765366444428655,-0.9785481345802031,0.20601832032517084
137095,147492.0,129498.0,121752.0,132166.0,115489.0,116909.0,116707.0,143933.0,131007.0,128286.28571428572,117364.16666666669,57.0,67.0,62.0,50.7,69.0,89.0,0.0,0.0,0.0,16.88,98.0,7.02,0.0,0.0,69.8,5.8,0.0,0.0,0.0,14.73,0.0,1.0,0.0,0.0,0.0,0.0,0.0,0.6166212130956382,-0.7872599821916922,-0.9708824104813836,0.23955655912092708
125399,137095.0,147492.0,129498.0,125326.0,115833.0,116246.0,117936.0,128641.0,143933.0,128990.42857142857,118435.23333333334,53.0,70.0,61.5,48.1,69.0,87.0,0.0,0.0,0.0,23.25,95.0,14.0,0.0,0.0,63.5,0.7,0.0,0.0,0.0,14.75,0.0,0.0,1.0,0.0,0.0,0.0,0.0,0.6029878670694714,-0.7977503570459932,-0.9620675724981452,0.27281126433401914
121071,125399.0,137095.0,147492.0,121073.0,116769.0,118020.0,117033.0,124219.0,128641.0,129000.85714285714,119177.16666666669,54.0,70.0,62.0,53.1,77.0,93.0,0.0,0.0,0.0,24.36,89.0,13.43,0.0,0.0,61.8,0.0,0.0,0.0,0.0,14.78,0.0,0.0,0.0,1.0,0.0,0.0,0.0,0.5891760872322963,-0.8080046647350754,-0.9521140536681102,0.3057430764672831
121600,121071.0,125399.0,137095.0,120697.0,120169.0,117381.0,118417.0,143580.0,124219.0,129000.57142857143,119322.63333333332,65.0,80.0,72.5,64.0,89.0,98.0,0.27,0.0,0.0,12.82,100.0,3.05,0.0,7.5,65.3,2.5,0.0,0.0,0.0,14.8,0.0,0.0,0.0,0.0,1.0,0.0,0.0,0.5751899607119775,-0.8180198708443174,-0.9410336347451197,0.3383130181923076
133313,121600.0,121071.0,125399.0,121752.0,122073.0,117185.0,116328.0,144678.0,143580.0,129129.57142857143,119444.76666666666,63.0,74.0,68.5,63.4,84.0,98.0,0.72,0.0,0.0,18.22,76.0,12.09,0.0,3.5,67.7,3.7,0.0,1.0,0.0,14.82,0.0,0.0,0.0,0.0,0.0,1.0,0.0,0.5610336262283677,-0.8277930117131022,-0.9288394302558068,0.3704825404820963
122247,133313.0,121600.0,121071.0,129498.0,113959.0,110153.0,105598.0,121714.0,144678.0,130781.14285714286,119987.43333333332,59.0,77.0,68.0,56.0,70.0,89.0,0.0,0.0,0.0,23.54,38.0,13.31,0.0,3.0,69.7,4.7,0.0,1.0,0.0,14.84,0.0,0.0,0.0,0.0,0.0,0.0,1.0,0.5467112728685939,-0.8373211953118121,-0.9155458729775467,0.40221356823680365
116688,122247.0,133313.0,121600.0,147492.0,113589.0,105750.0,103273.0,105407.0,121714.0,129745.28571428572,120115.1,63.0,84.0,73.5,62.5,74.0,96.0,0.0,0.0,0.0,27.66,60.0,14.0,0.0,8.5,70.0,5.0,0.0,0.0,1.0,14.87,1.0,0.0,0.0,0.0,0.0,0.0,0.0,0.5322271388474397,-0.8466016020976267,-0.9011686968561569,0.4334685453485363
133272,116688.0,122247.0,133313.0,137095.0,132166.0,115489.0,116909.0,104357.0,105407.0,125344.71428571428,120127.1,65.0,93.0,79.0,64.7,61.0,83.0,0.0,0.0,0.0,27.5,67.0,13.92,0.0,14.0,73.5,8.5,0.0,0.0,0.0,14.89,0.0,1.0,0.0,0.0,0.0,0.0,0.0,0.5175855102531889,-0.8556314858488706,-0.8857249183835637,0.4642104791518923
175375,133272.0,116688.0,122247.0,125399.0,125326.0,115833.0,116246.0,104281.0,104357.0,124798.57142857143,121049.56666666668,60.0,72.0,66.0,58.2,79.0,91.0,0.71,0.0,0.0,22.3,99.0,10.79,0.0,1.0,72.8,7.8,0.0,0.0,0.0,14.91,0.0,0.0,1.0,0.0,0.0,0.0,0.0,0.5027907197793043,-0.8644081744776648,-0.8692328164574792,0.49440298420761813
138381,175375.0,133272.0,116688.0,121071.0,121073.0,116769.0,118020.0,118089.0,104281.0,131938.0,123452.96666666666,62.0,79.0,70.5,64.5,86.0,98.0,0.45,0.0,0.0,16.81,98.0,7.99,0.0,5.5,71.8,6.8,0.0,0.0,0.0,14.93,0.0,0.0,0.0,1.0,0.0,0.0,0.0,0.4878471454423119,-0.8729290708206411,-0.8517119107469189,0.5240103253675756
144168,138381.0,175375.0,133272.0,121600.0,120697.0,120169.0,117381.0,122150.0,118089.0,134410.85714285713,124168.7,62.0,76.0,69.0,61.8,78.0,97.0,0.0,0.0,0.0,21.09,89.0,12.0,0.0,4.0,68.5,3.5,0.0,0.0,0.0,14.94,0.0,0.0,0.0,0.0,1.0,0.0,0.0,0.47275920928627757,-0.881191653407483,-0.8331829385891785,0.5529974600700271
140673,144168.0,138381.0,175375.0,133313.0,121752.0,122073.0,117185.0,125374.0,122150.0,137634.85714285713,125099.43333333332,61.0,80.0,70.5,54.1,63.0,87.0,0.0,0.0,0.0,28.35,4.0,14.14,0.0,5.5,70.0,5.0,0.0,1.0,0.0,14.96,0.0,0.0,0.0,0.0,0.0,1.0,0.0,0.4575313760742512,-0.8891934772070711,-0.8136678304455991,0.5813300798152042
127057,140673.0,144168.0,138381.0,122247.0,129498.0,113959.0,110153.0,134942.0,125374.0,138686.2857142857,125854.53333333334,57.0,77.0,67.0,46.7,52.0,71.0,0.0,0.0,0.0,29.35,30.0,14.14,0.0,2.0,68.8,3.8,0.0,1.0,0.0,14.98,0.0,0.0,0.0,0.0,0.0,0.0,1.0,0.44216815196707204,-0.8969321743510065,-0.7931896839451843,0.6089746507720486
119538,127057.0,140673.0,144168.0,116688.0,147492.0,113589.0,105750.0,139282.0,134942.0,139373.42857142858,126177.06666666668,63.0,80.0,71.5,50.1,55.0,81.0,0.0,0.0,0.0,28.14,35.0,14.04,0.0,6.5,69.7,4.7,0.0,0.0,0.0,14.99,1.0,0.0,0.0,0.0,0.0,0.0,0.0,0.42667408318992467,-0.9044054548343001,-0.7717727365467836,0.6358984534680745
137896,119538.0,127057.0,140673.0,133272.0,137095.0,132166.0,115489.0,157383.0,139282.0,139780.57142857142,126255.5,63.0,78.0,70.5,56.2,67.0,83.0,0.08,0.0,0.0,21.1,87.0,10.14,0.0,5.5,69.7,4.7,0.0,0.0,0.0,15.01,0.0,1.0,0.0,0.0,0.0,0.0,0.0,0.4110537546870351,-0.9116111071930239,-0.7494423368521954,0.6620696215153815
140917,137896.0,119538.0,127057.0,175375.0,125399.0,125326.0,115833.0,182078.0,157383.0,140441.14285714287,127180.26666666666,66.0,82.0,74.0,61.9,71.0,96.0,0.03,0.0,0.0,27.91,76.0,13.0,0.0,9.0,72.0,7.0,0.0,0.0,0.0,15.02,0.0,0.0,1.0,0.0,0.0,0.0,0.0,0.3953117887649151,-0.9185469991587165,-0.7262249146041543,0.6874571793269664
155202,140917.0,137896.0,119538.0,138381.0,121071.0,121073.0,116769.0,183066.0,182078.0,135518.57142857142,128352.5,65.0,81.0,73.0,62.3,72.0,98.0,0.83,0.0,0.0,23.77,55.0,12.0,0.0,8.0,72.5,7.5,0.0,0.0,0.0,15.03,0.0,0.0,0.0,1.0,0.0,0.0,0.0,0.37945284372454435,-0.925211078289358,-0.7021479494046978,0.7120310787787131
158163,155202.0,140917.0,137896.0,144168.0,121600.0,120697.0,120169.0,185200.0,183066.0,137921.57142857142,129676.26666666666,63.0,77.0,70.0,51.4,56.0,79.0,0.0,0.0,0.0,27.1,63.0,12.85,0.0,5.0,72.3,7.3,0.0,0.0,0.0,15.05,0.0,0.0,0.0,0.0,1.0,0.0,0.0,0.36348161248290634,-0.9316013725767187,-0.6772399381909491,0.7357622347736527
143138,158163.0,155202.0,140917.0,140673.0,133313.0,121752.0,122073.0,164490.0,185200.0,139920.85714285713,131087.26666666666,66.0,74.0,70.0,54.3,62.0,89.0,0.0,0.0,0.0,15.4,80.0,6.91,0.0,5.0,71.0,6.0,0.0,1.0,0.0,15.06,0.0,0.0,0.0,0.0,0.0,1.0,0.0,0.3474028211842774,-0.9377159910299093,-0.6515303615068021,0.75862255966641
129673,143138.0,158163.0,155202.0,127057.0,122247.0,129498.0,113959.0,133401.0,164490.0,140273.0,131966.23333333334,63.0,72.0,67.5,61.8,85.0,93.0,0.05,0.0,0.0,12.3,92.0,4.98,0.0,2.5,69.2,4.2,0.0,1.0,0.0,15.07,0.0,0.0,0.0,0.0,0.0,0.0,1.0,0.3312212278016865,-0.9435531242349544,-0.6250496486104377,0.7805849965070866
124392,129673.0,143138.0,158163.0,119538.0,116688.0,147492.0,113589.0,118807.0,133401.0,140646.7142857143,132283.03333333333,68.0,85.0,76.5,65.1,76.0,99.0,0.0,0.0,0.0,24.16,60.0,14.0,0.0,11.5,71.3,6.3,0.0,0.0,0.0,15.07,1.0,0.0,0.0,0.0,0.0,0.0,0.0,0.31494162072895193,-0.9491110448902284,-0.5978291414589552,0.801623551065242
160107,124392.0,129673.0,143138.0,137896.0,133272.0,137095.0,132166.0,117076.0,118807.0,141340.14285714287,132360.33333333334,68.0,81.0,74.5,55.7,56.0,70.0,0.0,0.0,0.0,23.55,67.0,10.91,0.0,9.5,72.8,7.8,0.0,0.0,0.0,15.08,0.0,1.0,0.0,0.0,0.0,0.0,0.0,0.2985688173637202,-0.9543881083175908,-0.5699010576127624,0.8217133225960589
152013,160107.0,124392.0,129673.0,140917.0,175375.0,125399.0,125326.0,134552.0,117076.0,144513.14285714287,133898.6,66.0,83.0,74.5,58.9,67.0,90.0,0.0,0.0,0.0,27.08,71.0,14.0,0.0,9.5,75.2,10.2,0.0,0.0,0.0,15.09,0.0,0.0,1.0,0.0,0.0,0.0,0.0,0.2821076626819194,-0.9593827529490743,-0.5412984521036173,0.8408305333122887
154053,152013.0,160107.0,124392.0,155202.0,138381.0,121071.0,121073.0,142937.0,134552.0,146098.2857142857,135179.4,61.0,71.0,66.0,60.7,77.0,89.0,0.32,0.0,0.0,15.72,92.0,5.74,0.0,1.0,71.7,6.7,0.0,0.0,0.0,15.09,0.0,0.0,0.0,1.0,0.0,0.0,0.0,0.26556302780405594,-0.9640935007889755,-0.5120551783114646,0.8589525565270845
142516,154053.0,152013.0,160107.0,158163.0,144168.0,121600.0,120697.0,135297.0,142937.0,145934.14285714287,135908.96666666667,69.0,88.0,78.5,61.4,62.0,93.0,0.0,0.0,0.0,25.08,37.0,14.04,0.0,13.5,73.0,8.0,0.0,0.0,0.0,15.1,0.0,0.0,0.0,0.0,1.0,0.0,0.0,0.24893980855376657,-0.9685189578512204,-0.4822058478963526,0.8760579434344281
161751,142516.0,154053.0,152013.0,143138.0,140673.0,133313.0,121752.0,132504.0,135297.0,143698.85714285713,136481.96666666667,58.0,75.0,66.5,48.5,53.0,64.0,0.0,0.0,0.0,22.54,46.0,10.64,0.0,1.5,70.3,5.3,0.0,1.0,0.0,15.1,0.0,0.0,0.0,0.0,0.0,1.0,0.0,0.23224292400907015,-0.9726578145718654,-0.451785789832884,0.8921264484954345
125441,161751.0,142516.0,154053.0,129673.0,127057.0,122247.0,129498.0,141117.0,132504.0,146357.85714285713,137837.9,54.0,73.0,63.5,39.2,42.0,59.0,0.0,0.0,0.0,27.82,24.0,14.04,0.0,0.0,69.5,5.0,0.0,1.0,1.0,15.1,0.0,0.0,0.0,0.0,0.0,0.0,1.0,0.21547731504673012,-0.976508846196619,-0.42083100859565564,0.9071390534005044
109016,125441.0,161751.0,142516.0,124392.0,119538.0,116688.0,147492.0,144873.0,141117.0,145753.2857142857,137996.03333333333,57.0,78.0,67.5,44.0,45.0,67.0,0.0,0.0,0.0,27.91,57.0,14.14,0.0,2.5,65.8,1.3,0.0,0.0,1.0,15.1,1.0,0.0,0.0,0.0,0.0,0.0,0.0,0.19864794288017112,-0.9800709131432666,-0.3893781415452015,0.9210779895789526
126826,109016.0,125441.0,161751.0,160107.0,137896.0,133272.0,137095.0,147051.0,144873.0,143556.7142857143,137571.5,63.0,80.0,71.5,51.4,56.0,75.0,0.06,0.0,0.0,14.14,100.0,5.37,0.0,6.5,67.5,3.0,0.0,0.0,0.0,15.1,0.0,1.0,0.0,0.0,0.0,0.0,0.0,0.18175978759137534,-0.9833429613388902,-0.3574644155648614,0.9339267592294762
139512,126826.0,109016.0,125441.0,152013.0,140917.0,175375.0,125399.0,180010.0,147051.0,138802.2857142857,137482.43333333332,62.0,67.0,64.5,60.0,83.0,94.0,0.02,0.0,0.0,12.68,99.0,4.12,0.0,0.0,67.8,3.0,0.0,0.0,0.0,15.1,0.0,0.0,1.0,0.0,0.0,0.0,0.0,0.16481784665719793,-0.9863240225317866,-0.3251276029999093,0.9456701548465688
134420,139512.0,126826.0,109016.0,154053.0,155202.0,138381.0,121071.0,155375.0,180010.0,137016.42857142858,137216.43333333332,61.0,74.0,67.5,59.4,78.0,95.0,0.08,0.0,0.0,16.71,83.0,11.44,0.0,2.5,67.8,3.0,0.0,0.0,0.0,15.1,0.0,0.0,0.0,1.0,0.0,0.0,0.0,0.14782713347053048,-0.9890132145779883,-0.29240597695107734,0.9562942772197719
133783,134420.0,139512.0,126826.0,142516.0,158163.0,144168.0,121600.0,129862.0,155375.0,134211.7142857143,137127.26666666666,63.0,81.0,72.0,61.7,78.0,100.0,0.0,0.0,0.0,24.69,28.0,13.94,0.0,7.0,68.0,3.2,0.0,0.0,0.0,15.1,0.0,0.0,0.0,0.0,1.0,0.0,0.0,0.13079267585675922,-0.9914097417023038,-0.2593382659754056,0.9657865518844574
143764,133783.0,134420.0,139512.0,161751.0,143138.0,140673.0,133313.0,133803.0,129862.0,132964.14285714287,137406.73333333334,69.0,90.0,79.5,61.7,66.0,92.0,0.0,0.0,0.0,28.98,12.0,14.0,0.0,14.5,73.0,8.0,0.0,1.0,0.0,15.09,0.0,0.0,0.0,0.0,0.0,1.0,0.0,0.11371951458594969,-0.9935128947338007,-0.22596360824801906,0.974135744004672
149562,143764.0,133783.0,134420.0,125441.0,129673.0,127057.0,122247.0,138370.0,133803.0,130394.57142857143,138163.16666666666,74.0,89.0,81.5,62.7,64.0,86.0,0.0,0.0,0.0,26.54,35.0,14.0,0.0,16.5,77.7,12.7,0.0,1.0,0.0,15.09,0.0,0.0,0.0,0.0,0.0,0.0,1.0,0.0966127018812031,-0.9953220513156602,-0.19232150523909483,0.9813319716704275
155264,149562.0,143764.0,133783.0,109016.0,124392.0,119538.0,116688.0,147001.0,138370.0,133840.42857142858,139095.23333333334,69.0,77.0,73.0,66.3,76.0,90.0,0.29,0.0,0.0,11.54,84.0,4.06,0.0,8.0,78.0,13.0,0.0,0.0,0.0,15.08,1.0,0.0,0.0,0.0,0.0,0.0,0.0,0.07947729992362097,-0.9968366760893436,-0.15845177496083632,0.9873667175937016
164152,155264.0,149562.0,143764.0,126826.0,160107.0,137896.0,133272.0,159179.0,147001.0,140447.2857142857,139826.93333333332,66.0,79.0,72.5,53.0,54.0,88.0,0.0,0.0,0.0,27.82,61.0,13.0,0.0,7.5,75.7,10.7,0.0,0.0,0.0,15.08,0.0,1.0,0.0,0.0,0.0,0.0,0.0,0.062318379354325076,-0.998056320853012,-0.12439450483979998,0.9922328391893008
148109,164152.0,155264.0,149562.0,139512.0,152013.0,140917.0,175375.0,194131.0,159179.0,145779.57142857142,141223.76666666666,66.0,84.0,75.0,58.0,62.0,89.0,0.0,0.0,0.0,27.54,33.0,14.0,0.0,10.0,73.5,8.5,0.0,0.0,0.0,15.07,0.0,0.0,1.0,0.0,0.0,0.0,0.0,0.04514101777397193,-0.9989806246941579,-0.09019000427034513,0.9959245770286599
153946,148109.0,164152.0,155264.0,134420.0,154053.0,155202.0,138381.0,206885.0,194131.0,147007.7142857143,142271.13333333333,69.0,86.0,77.5,57.8,57.0,79.0,0.0,0.0,0.0,28.28,15.0,14.0,0.0,12.5,75.0,10.0,0.0,0.0,0.0,15.06,0.0,0.0,0.0,1.0,0.0,0.0,0.0,0.02795029824021032,-0.999609314096404,-0.05587875690537313,0.9984375616565666
162912,153946.0,148109.0,164152.0,133783.0,142516.0,158163.0,144168.0,212086.0,206885.0,149797.14285714287,142960.26666666666,73.0,91.0,82.0,66.0,67.0,93.0,0.0,0.0,0.0,24.91,43.0,14.0,0.0,17.0,78.2,13.2,0.0,0.0,0.0,15.05,0.0,0.0,0.0,0.0,1.0,0.0,0.0,0.01075130776352193,-0.9999422030204416,-0.021501372740813793,0.999768818762748
179043,162912.0,153946.0,148109.0,143764.0,161751.0,143138.0,140673.0,185946.0,212086.0,153958.42857142858,142544.83333333334,73.0,87.0,80.0,70.4,77.0,90.0,0.0,0.0,0.0,17.49,91.0,9.54,0.0,15.0,79.8,14.8,0.0,1.0,0.0,15.04,0.0,0.0,0.0,0.0,0.0,1.0,0.0,-0.00645086419810515,-0.9999791929590823,0.012901459949419653,0.9999167727021953
170430,179043.0,162912.0,153946.0,149562.0,125441.0,129673.0,127057.0,161877.0,185946.0,158998.2857142857,143900.23333333334,73.0,88.0,80.5,59.1,60.0,98.0,0.0,0.0,0.0,23.48,49.0,9.0,0.0,15.5,80.8,15.8,0.0,1.0,0.0,15.03,0.0,0.0,0.0,0.0,0.0,0.0,1.0,-0.023651127245231586,-0.9997202729664083,0.04728902277113235,0.9988812483600598
154052,170430.0,179043.0,162912.0,155264.0,109016.0,124392.0,119538.0,120541.0,161877.0,161979.42857142858,144775.63333333333,65.0,85.0,75.0,50.0,43.0,66.0,0.0,0.0,0.0,28.01,26.0,12.59,0.0,10.0,78.5,13.5,0.0,0.0,1.0,15.01,1.0,0.0,0.0,0.0,0.0,0.0,0.0,-0.04084439154329611,-0.9991655196610109,0.08162061540319052,0.9966634713589159
144918,154052.0,170430.0,179043.0,164152.0,126826.0,160107.0,137896.0,118334.0,120541.0,161806.2857142857,145221.6,70.0,87.0,78.5,61.9,64.0,89.0,0.09,0.0,0.0,19.15,89.0,7.99,0.0,13.5,78.0,13.0,0.0,0.0,0.0,15.0,0.0,1.0,0.0,0.0,0.0,0.0,0.0,-0.05802556932878035,-0.9983150972033183,0.11585560376947847,0.9932660666081418
166529,144918.0,154052.0,170430.0,148109.0,139512.0,152013.0,140917.0,141039.0,118334.0,159058.57142857142,145816.96666666667,71.0,85.0,78.0,65.8,66.0,96.0,0.0,0.0,0.0,23.62,85.0,12.18,0.0,13.0,77.2,12.2,0.0,0.0,0.0,14.99,0.0,0.0,1.0,0.0,0.0,0.0,0.0,-0.07518957641475855,-0.9971692572470178,0.14995346813244534,0.9886930551971383
177523,166529.0,144918.0,154052.0,153946.0,134420.0,154053.0,155202.0,178255.0,141039.0,161690.0,147383.33333333334,69.0,84.0,76.5,62.3,66.0,88.0,0.0,0.0,0.0,16.4,87.0,9.58,0.0,11.5,77.7,12.7,0.0,0.0,0.0,14.97,0.0,0.0,0.0,1.0,0.0,0.0,0.0,-0.09233133369539122,-0.9957283388645872,0.18387385105132759,0.9829498496360606
167089,177523.0,166529.0,144918.0,162912.0,133783.0,142516.0,158163.0,190084.0,178255.0,165058.14285714287,148704.23333333334,68.0,83.0,75.5,66.3,77.0,93.0,0.24,0.0,0.0,20.8,97.0,12.75,0.0,10.5,76.7,11.7,0.0,0.0,0.0,14.95,0.0,0.0,0.0,0.0,1.0,0.0,0.0,-0.10944576864891556,-0.993992768446958,0.21757660514828173,0.9760432474496961
163633,167089.0,177523.0,166529.0,179043.0,143764.0,161751.0,143138.0,184239.0,190084.0,165654.85714285713,149576.63333333333,71.0,85.0,78.0,61.7,65.0,98.0,0.0,0.0,0.0,25.14,92.0,13.43,0.0,13.0,76.7,11.7,0.0,1.0,0.0,14.94,0.0,0.0,0.0,0.0,0.0,1.0,0.0,-0.12652781683868314,-0.9919630595773397,0.2510218406258827,0.9679814231320734
150168,163633.0,167089.0,177523.0,170430.0,149562.0,125441.0,129673.0,172232.0,184239.0,163453.42857142858,149857.66666666666,67.0,83.0,75.0,55.4,56.0,82.0,0.0,0.0,0.0,28.73,13.0,14.0,0.0,10.0,76.2,11.2,0.0,1.0,0.0,14.92,0.0,0.0,0.0,0.0,0.0,0.0,1.0,-0.1435724234118113,-0.9896398128792412,0.2841699724797683,0.9587739184713191
139373,150168.0,163633.0,167089.0,154052.0,155264.0,109016.0,124392.0,152105.0,172232.0,160558.85714285713,149591.16666666666,67.0,85.0,76.0,59.0,64.0,92.0,0.0,0.0,0.0,27.17,6.0,14.0,0.0,11.0,76.3,11.3,0.0,0.0,0.0,14.9,1.0,0.0,0.0,0.0,0.0,0.0,0.0,-0.16057454459499376,-0.9870237158387383,0.31698176735052785,0.9484316312562208
157769,139373.0,150168.0,163633.0,144918.0,164152.0,126826.0,160107.0,146754.0,152105.0,158461.85714285713,149465.66666666666,70.0,90.0,80.0,64.2,61.0,83.0,0.0,0.0,0.0,24.33,41.0,12.0,0.0,15.0,77.0,12.0,0.0,0.0,0.0,14.88,0.0,1.0,0.0,0.0,0.0,0.0,0.0,-0.17752914918703497,-0.984115542601034,0.34941838995939767,0.9369668023778549
174348,157769.0,139373.0,150168.0,166529.0,148109.0,139512.0,152013.0,176422.0,146754.0,160297.7142857143,150402.2,74.0,91.0,82.5,63.8,60.0,87.0,0.0,0.0,0.0,24.64,51.0,13.89,0.0,17.5,79.5,14.5,0.0,0.0,0.0,14.86,0.0,0.0,1.0,0.0,0.0,0.0,0.0,-0.19443122004766195,-0.9809161537413774,0.3814414490727919,0.9243930013415553
184608,174348.0,157769.0,139373.0,177523.0,153946.0,134420.0,154053.0,157758.0,176422.0,161414.7142857143,152067.4,72.0,90.0,81.0,62.5,59.0,86.0,0.0,0.0,0.0,23.0,43.0,13.14,0.0,16.0,81.2,16.2,0.0,0.0,0.0,14.83,0.0,0.0,0.0,1.0,0.0,0.0,0.0,-0.2112757555821793,-0.9774264960104055,0.4130130429412807,0.9107251102063585
183502,184608.0,174348.0,157769.0,167089.0,162912.0,133783.0,142516.0,169728.0,157758.0,162426.85714285713,152884.1,73.0,86.0,79.5,59.2,58.0,94.0,0.0,0.0,0.0,23.25,24.0,14.0,0.0,14.5,81.0,16.0,0.0,0.0,0.0,14.81,0.0,0.0,0.0,0.0,1.0,0.0,0.0,-0.2280577712215198,-0.9736476020539838,0.4440958041592176,0.8959793059709459
171094,183502.0,184608.0,174348.0,163633.0,179043.0,143764.0,161751.0,183799.0,169728.0,164771.57142857142,153933.73333333334,66.0,85.0,75.5,67.7,80.0,96.0,1.11,0.0,0.0,19.22,87.0,9.37,0.0,10.5,78.7,13.7,0.0,1.0,0.0,14.79,0.0,0.0,0.0,0.0,0.0,1.0,0.0,-0.24477230089725957,-0.9695805901076308,0.47465294389193496,0.8801730414269229
158680,171094.0,183502.0,184608.0,150168.0,170430.0,149562.0,125441.0,198095.0,183799.0,165837.42857142858,154501.76666666666,71.0,83.0,77.0,68.5,80.0,96.0,0.0,0.0,0.0,20.37,81.0,10.46,0.0,12.0,77.3,12.3,0.0,1.0,0.0,14.76,0.0,0.0,0.0,0.0,0.0,0.0,1.0,-0.2614143985111562,-0.965226663665613,0.5046482954181526,0.8633250245021008
159519,158680.0,171094.0,183502.0,139373.0,154052.0,155264.0,109016.0,181974.0,198095.0,167053.42857142858,155040.56666666668,69.0,81.0,75.0,71.9,84.0,94.0,1.85,0.0,0.0,14.04,96.0,4.96,0.0,10.0,75.8,10.8,0.0,0.0,0.0,14.74,1.0,0.0,0.0,0.0,0.0,0.0,0.0,-0.2779791393987801,-0.9605871111248129,0.5340463569360717,0.8454551961182272
184640,159519.0,158680.0,171094.0,157769.0,144918.0,164152.0,126826.0,163541.0,181974.0,169931.42857142858,154966.16666666666,73.0,90.0,81.5,66.6,65.0,91.0,0.0,0.0,0.0,25.84,44.0,13.87,0.0,16.5,77.8,12.8,0.0,0.0,0.0,14.71,0.0,1.0,0.0,0.0,0.0,0.0,0.0,-0.2944616217868012,-0.9556633054034704,0.5628123335824821,0.8265847065893737
190594,184640.0,159519.0,158680.0,174348.0,166529.0,148109.0,139512.0,167678.0,163541.0,173770.14285714287,156939.46666666667,78.0,95.0,86.5,68.2,62.0,80.0,0.0,0.0,0.0,25.19,11.0,14.0,0.0,21.5,81.0,16.0,0.0,0.0,0.0,14.69,0.0,0.0,1.0,0.0,0.0,0.0,0.0,-0.3108569682435036,-0.9504567035349151,0.5909121786151564,0.8067358905889147
204640,190594.0,184640.0,159519.0,184608.0,177523.0,153946.0,134420.0,178188.0,167678.0,176091.0,159658.73333333334,74.0,92.0,83.0,71.3,68.0,88.0,0.16,0.0,0.0,21.79,24.0,13.99,0.0,18.0,83.7,18.7,0.0,0.0,0.0,14.66,0.0,0.0,0.0,1.0,0.0,0.0,0.0,-0.3271603271220951,-0.9449688462364056,0.6183126337097825,0.7859322407147274
210299,204640.0,190594.0,184640.0,183502.0,167089.0,162912.0,133783.0,172786.0,178188.0,178952.7142857143,162252.53333333333,78.0,94.0,86.0,66.6,63.0,90.0,0.0,0.0,0.0,24.49,12.0,14.0,0.0,21.0,85.2,20.2,0.0,0.0,0.0,14.63,0.0,0.0,0.0,0.0,1.0,0.0,0.0,-0.34336687399638804,-0.939201357453208,0.6449812683237445,0.7641983796838971
203448,210299.0,204640.0,190594.0,171094.0,163633.0,179043.0,143764.0,157731.0,172786.0,182780.85714285716,164612.1,78.0,95.0,86.5,66.2,60.0,81.0,0.0,0.0,0.0,27.19,43.0,14.0,0.0,21.5,85.2,20.2,0.0,1.0,0.0,14.61,0.0,0.0,0.0,0.0,0.0,1.0,0.0,-0.3594718130884232,-0.9331559438780432,0.6708865180801582,0.7415600311898435
190168,203448.0,210299.0,204640.0,158680.0,150168.0,170430.0,149562.0,153539.0,157731.0,187402.85714285716,166913.03333333333,79.0,95.0,87.0,64.8,52.0,89.0,0.0,0.0,0.0,24.93,88.0,13.88,0.0,22.0,86.5,21.5,0.0,1.0,0.0,14.58,0.0,0.0,0.0,0.0,0.0,0.0,1.0,-0.3754703786876202,-0.9268343944460494,0.6959977221267386,0.7180439894563503
194414,190168.0,203448.0,210299.0,159519.0,139373.0,154052.0,155264.0,144541.0,153539.0,191901.14285714287,168792.53333333333,73.0,86.0,79.5,71.9,74.0,88.0,0.98,0.0,0.0,15.01,73.0,8.99,0.0,14.5,84.3,19.3,0.0,0.0,0.0,14.55,1.0,0.0,0.0,0.0,0.0,0.0,0.0,-0.3913578365610259,-0.9202385798054075,0.7202851594252706,0.6936780875245466
211703,194414.0,190168.0,203448.0,184640.0,157769.0,144918.0,164152.0,150491.0,144541.0,196886.14285714287,170480.86666666667,71.0,81.0,76.0,59.4,57.0,90.0,0.0,0.0,0.0,21.54,71.0,11.85,0.0,11.0,80.8,15.8,0.0,0.0,0.0,14.52,0.0,1.0,0.0,0.0,0.0,0.0,0.0,-0.4071294853542516,-0.9133704517637858,0.7437200839287408,0.6684911643103645
179363,211703.0,194414.0,190168.0,190594.0,174348.0,166529.0,148109.0,181389.0,150491.0,200752.2857142857,172552.23333333334,70.0,85.0,77.5,61.4,64.0,87.0,0.0,0.0,0.0,22.09,62.0,10.87,0.0,12.5,77.7,12.7,0.0,0.0,0.0,14.49,0.0,0.0,1.0,0.0,0.0,0.0,0.0,-0.4227806579826773,-0.9062320427107697,0.7662747586044899,0.6425130304714689
174823,179363.0,211703.0,194414.0,204640.0,184608.0,177523.0,153946.0,181143.0,181389.0,199147.85714285716,173355.53333333333,73.0,87.0,80.0,71.6,78.0,95.0,0.02,0.0,0.0,21.0,64.0,12.67,0.0,15.0,77.8,12.8,0.0,0.0,0.0,14.45,0.0,0.0,0.0,1.0,0.0,0.0,0.0,-0.4383067230125192,-0.898825465016444,0.7879224882631226,0.6157744331240536
193239,174823.0,179363.0,211703.0,210299.0,183502.0,167089.0,162912.0,170345.0,181143.0,194888.2857142857,173711.23333333334,72.0,85.0,78.5,65.7,64.0,83.0,0.1,0.0,0.0,13.33,91.0,7.02,0.0,13.5,78.7,13.7,0.0,0.0,0.0,14.42,0.0,0.0,0.0,0.0,1.0,0.0,0.0,-0.45370308603134424,-0.8911529104063088,0.8086376511543126,0.5883070194512693
185361,193239.0,174823.0,179363.0,203448.0,171094.0,163633.0,179043.0,164946.0,170345.0,192451.14285714287,175215.56666666668,73.0,87.0,80.0,59.6,55.0,90.0,0.0,0.0,0.0,25.29,46.0,14.0,0.0,15.0,79.5,14.5,0.0,1.0,0.0,14.39,0.0,0.0,0.0,0.0,0.0,1.0,0.0,-0.46896519100763184,-0.8832166493127127,0.8283957292921138,0.5601432992463508
165175,185361.0,193239.0,174823.0,190168.0,158680.0,150168.0,170430.0,157158.0,164946.0,189867.2857142857,176262.73333333334,71.0,86.0,78.5,62.4,64.0,87.0,0.0,0.0,0.0,20.46,67.0,10.55,0.0,13.5,79.0,14.0,0.0,1.0,0.0,14.35,0.0,0.0,0.0,0.0,0.0,0.0,1.0,-0.48408852163897587,-0.8750190302029955,0.847173337473877,0.5313166064347815
160843,165175.0,185361.0,193239.0,194414.0,159519.0,139373.0,154052.0,129226.0,157158.0,186296.85714285716,176338.16666666666,68.0,77.0,72.5,66.2,76.0,88.0,0.48,0.0,0.0,12.52,74.0,5.4,0.0,7.5,77.0,12.0,0.0,0.0,0.0,14.32,1.0,0.0,0.0,0.0,0.0,0.0,0.0,-0.4990686026885319,-0.8665624788845385,0.8649482509584342,0.5018610596210326
165984,160843.0,165175.0,185361.0,211703.0,184640.0,157769.0,144918.0,132174.0,129226.0,181501.0,175731.5,72.0,90.0,81.0,66.4,65.0,86.0,0.0,0.0,0.0,23.77,31.0,14.0,0.0,16.0,77.3,12.3,0.0,0.0,0.0,14.29,0.0,1.0,0.0,0.0,0.0,0.0,0.0,-0.5139010013093103,-0.8578494977869301,0.8816994317707848,0.4718115217065765
184097,165984.0,160843.0,165175.0,179363.0,190594.0,174348.0,166529.0,145959.0,132174.0,174969.7142857143,175583.3,71.0,89.0,80.0,64.4,64.0,91.0,0.0,0.0,0.0,26.65,18.0,14.0,0.0,15.0,77.8,12.8,0.0,0.0,0.0,14.25,0.0,0.0,1.0,0.0,0.0,0.0,0.0,-0.5285813283559292,-0.8488826652214553,0.8974070536021568,0.44120355862696276
188058,184097.0,165984.0,160843.0,174823.0,204640.0,184608.0,177523.0,143955.0,145959.0,175646.0,176584.8,76.0,93.0,84.5,68.3,67.0,93.0,0.0,0.0,0.0,24.54,19.0,13.99,0.0,19.5,81.8,16.8,0.0,0.0,0.0,14.21,0.0,0.0,0.0,1.0,0.0,0.0,0.0,-0.5431052396834317,-0.8396646346181327,0.912052525275964,0.41007339725680436
198706,188058.0,184097.0,165984.0,193239.0,210299.0,183502.0,167089.0,144567.0,143955.0,177536.7142857143,178022.8,78.0,89.0,83.5,68.8,64.0,79.0,0.0,0.0,0.0,16.98,78.0,9.67,0.0,18.5,82.7,17.7,0.0,0.0,0.0,14.18,0.0,0.0,0.0,0.0,1.0,0.0,0.0,-0.5574684374327892,-0.8301981337405212,0.9256185127518922,0.3784578825324888
194961,198706.0,188058.0,184097.0,185361.0,203448.0,171094.0,163633.0,149371.0,144567.0,178317.7142857143,179095.36666666667,77.0,92.0,84.5,71.0,71.0,95.0,0.0,0.0,0.0,21.94,58.0,13.67,0.0,19.5,84.2,19.2,0.0,1.0,0.0,14.14,0.0,0.0,0.0,0.0,0.0,1.0,0.0,-0.5716666713027052,-0.8204859638785327,0.9380889596420647,0.3463944338433696
186868,194961.0,198706.0,188058.0,165175.0,190168.0,158680.0,150168.0,163006.0,149371.0,179689.14285714287,179676.63333333333,76.0,92.0,84.0,72.1,73.0,94.0,0.16,0.0,0.0,20.7,68.0,12.22,0.0,19.0,84.0,19.0,0.0,1.0,0.0,14.11,0.0,0.0,0.0,0.0,0.0,0.0,1.0,-0.5856957398073508,-0.8105309990194823,0.9494491062150135,0.31392100074304014
190719,186868.0,194961.0,198706.0,160843.0,194414.0,159519.0,139373.0,154929.0,163006.0,182788.14285714287,180335.9333333333,79.0,93.0,86.0,71.5,65.0,87.0,0.0,0.0,0.0,22.9,47.0,13.91,0.0,21.0,84.8,19.8,0.0,0.0,0.0,14.07,1.0,0.0,0.0,0.0,0.0,0.0,0.0,-0.5995514915196489,-0.8003361849976323,0.9596855068649522,0.2810760180331286
213959,190719.0,186868.0,194961.0,165984.0,211703.0,184640.0,157769.0,139597.0,154929.0,187056.14285714287,181238.8,78.0,97.0,87.5,73.8,69.0,87.0,0.03,0.0,0.0,20.41,54.0,12.81,0.0,22.5,85.8,20.8,0.0,0.0,0.0,14.03,0.0,1.0,0.0,0.0,0.0,0.0,0.0,-0.6132298262997502,-0.7899045386224707,0.968786046025684,0.24789836027275647
222979,213959.0,190719.0,186868.0,184097.0,179363.0,190594.0,174348.0,158928.0,139597.0,193909.7142857143,183365.16666666663,75.0,87.0,81.0,67.7,69.0,87.0,0.0,0.0,0.0,18.42,52.0,12.93,0.0,16.0,84.8,19.8,0.0,0.0,0.0,14.0,0.0,0.0,1.0,0.0,0.0,0.0,0.0,-0.6267266965083301,-0.7792391467859886,0.9767399525103048,0.21442729576751102
197816,222979.0,213959.0,190719.0,188058.0,174823.0,204640.0,184608.0,171450.0,158928.0,199464.2857142857,186152.03333333333,72.0,89.0,80.5,64.9,65.0,93.0,0.11,0.0,0.0,20.76,84.0,9.96,0.0,15.5,83.0,18.0,0.0,0.0,0.0,13.96,0.0,0.0,0.0,1.0,0.0,0.0,0.0,-0.6400381082043503,-0.7683431655492202,0.9835378122597296,0.18070244009239297
189338,197816.0,222979.0,213959.0,198706.0,193239.0,210299.0,183502.0,187093.0,171450.0,200858.2857142857,187486.9333333333,71.0,85.0,78.0,53.5,47.0,70.0,0.0,0.0,0.0,24.76,42.0,13.17,0.0,13.0,79.8,14.8,0.0,0.0,0.0,13.92,0.0,0.0,0.0,0.0,1.0,0.0,0.0,-0.65316012232693,-0.7572198192083127,0.9891715794849547,0.14676370920373963
167983,189338.0,197816.0,222979.0,194961.0,185361.0,203448.0,171094.0,195957.0,187093.0,199520.0,187986.6,65.0,79.0,72.0,50.1,49.0,71.0,0.0,0.0,0.0,25.16,4.0,13.72,0.0,7.0,76.8,11.8,0.0,1.0,0.0,13.88,0.0,0.0,0.0,0.0,0.0,1.0,0.0,-0.666088855860977,-0.7458723993404063,0.993634586189866,0.11265127219562909
140266,167983.0,189338.0,197816.0,186868.0,165175.0,190168.0,158680.0,202936.0,195957.0,195666.0,187432.4333333333,66.0,82.0,74.0,54.5,56.0,78.0,0.0,0.0,0.0,22.35,49.0,13.66,0.0,9.0,74.7,9.7,0.0,1.0,0.0,13.84,0.0,0.0,0.0,0.0,0.0,0.0,1.0,-0.6788204829862355,-0.734304263829602,0.9969215500633253,0.07840550375666766
138641,140266.0,167983.0,189338.0,190719.0,160843.0,194414.0,159519.0,185433.0,202936.0,189008.57142857145,185991.2333333333,68.0,83.0,75.5,57.4,60.0,81.0,0.0,0.0,0.0,21.79,55.0,13.12,0.0,10.5,73.8,8.8,0.0,0.0,0.0,13.8,1.0,0.0,0.0,0.0,0.0,0.0,0.0,-0.6913512362094071,-0.722518835873311,0.9990285807311906,0.044066936383449135
157926,138641.0,140266.0,167983.0,213959.0,165984.0,211703.0,184640.0,153218.0,185433.0,181568.85714285716,184909.46666666667,66.0,83.0,74.5,57.8,62.0,92.0,0.0,0.0,0.0,23.5,71.0,13.04,0.0,9.5,74.7,9.7,0.0,0.0,0.0,13.76,0.0,1.0,0.0,0.0,0.0,0.0,0.0,-0.7036774074790128,-0.7105196029692745,0.999953184360873,0.009676212407230897
157429,157926.0,138641.0,140266.0,222979.0,184097.0,179363.0,190594.0,165007.0,153218.0,173564.14285714287,184884.3333333333,63.0,81.0,72.0,57.5,62.0,87.0,0.34,0.0,0.0,15.27,61.0,10.75,0.0,7.0,74.0,9.0,0.0,0.0,0.0,13.72,0.0,0.0,1.0,0.0,0.0,0.0,0.0,-0.7157953492826642,-0.6983101158835584,0.9996942666129788,-0.024725964109382385
153379,157429.0,157926.0,138641.0,197816.0,188058.0,174823.0,204640.0,166593.0,165007.0,164199.85714285713,184814.66666666663,62.0,87.0,74.5,55.0,56.0,93.0,0.0,0.0,0.0,22.27,13.0,13.42,0.0,9.5,73.7,8.7,0.0,0.0,0.0,13.68,0.0,0.0,0.0,1.0,0.0,0.0,0.0,-0.7277014757264236,-0.6858939875998223,0.9982521339365441,-0.0590988755488295
155905,153379.0,157429.0,157926.0,189338.0,198706.0,193239.0,210299.0,177119.0,166593.0,157851.7142857143,183772.63333333333,69.0,90.0,79.5,57.8,54.0,78.0,0.0,0.0,0.0,21.47,33.0,12.75,0.0,14.5,75.3,10.3,0.0,0.0,0.0,13.64,0.0,0.0,0.0,0.0,1.0,0.0,0.0,-0.7393922635959241,-0.673274892250183,0.9956284932063294,-0.09340183893100905
164738,155905.0,153379.0,157429.0,167983.0,194961.0,185361.0,203448.0,186082.0,177119.0,153075.57142857142,182616.3333333333,74.0,90.0,82.0,63.4,61.0,80.0,0.0,0.0,0.0,21.21,40.0,13.1,0.0,17.0,78.7,13.7,0.0,1.0,0.0,13.6,0.0,0.0,0.0,0.0,0.0,1.0,0.0,-0.7508642533989489,-0.6604565640279754,0.9918264497026016,-0.12759425406472188
163800,164738.0,155905.0,153379.0,140266.0,186868.0,165175.0,190168.0,175365.0,186082.0,152612.0,181286.26666666663,72.0,82.0,77.0,66.9,75.0,95.0,0.0,0.0,0.0,17.22,79.0,9.09,0.0,12.0,79.5,14.5,0.0,1.0,0.0,13.56,0.0,0.0,0.0,0.0,0.0,0.0,1.0,-0.7621140503891487,-0.6474427960827475,0.9868505034357966,-0.16163565160110782
158274,163800.0,164738.0,155905.0,138641.0,190719.0,160843.0,194414.0,162279.0,175365.0,155974.0,179736.3,73.0,79.0,76.0,69.4,88.0,96.0,0.23,0.0,0.0,12.18,95.0,5.14,0.0,11.0,78.3,13.3,0.0,0.0,0.0,13.52,1.0,0.0,0.0,0.0,0.0,0.0,0.0,-0.7731383255706026,-0.6342374393978054,0.9807065438204117,-0.1954857409322303
173383,158274.0,163800.0,164738.0,157926.0,213959.0,165984.0,211703.0,151885.0,162279.0,158778.7142857143,178230.5,72.0,86.0,79.0,67.3,77.0,96.0,0.0,0.0,0.0,21.36,46.0,12.12,0.0,14.0,77.3,12.3,0.0,0.0,0.0,13.47,0.0,1.0,0.0,0.0,0.0,0.0,0.0,-0.7839338166829201,-0.620844401650647,0.973401842704431,-0.22910445787810024
177772,173383.0,158274.0,163800.0,157429.0,222979.0,184097.0,179363.0,168032.0,151885.0,160986.85714285713,177671.0,71.0,90.0,80.5,60.8,60.0,87.0,0.0,0.0,0.0,22.81,10.0,12.74,0.0,15.5,78.5,13.5,0.0,0.0,0.0,13.43,0.0,0.0,1.0,0.0,0.0,0.0,0.0,-0.7944973291665992,-0.6072676460566135,0.9649450457625344,-0.2624520121057191
176396,177772.0,173383.0,158274.0,153379.0,197816.0,188058.0,174823.0,181545.0,168032.0,163893.0,177116.26666666666,72.0,91.0,81.5,60.6,58.0,84.0,0.0,0.0,0.0,23.06,29.0,12.45,0.0,16.5,80.3,15.3,0.0,0.0,0.0,13.39,0.0,0.0,0.0,1.0,0.0,0.0,0.0,-0.8048257371083452,-0.593511190196115,0.9553461622632788,-0.29548893422398215
179804,176396.0,177772.0,173383.0,155905.0,189338.0,198706.0,193239.0,189996.0,181545.0,167181.14285714287,175939.36666666667,74.0,87.0,80.5,67.3,73.0,83.0,0.24,0.0,0.0,18.84,50.0,11.37,0.0,15.5,80.8,15.8,0.0,0.0,0.0,13.35,0.0,0.0,0.0,0.0,1.0,0.0,0.0,-0.8149159841660791,-0.5795791048257612,0.9446165532223606,-0.3281761224987386
183405,179804.0,176396.0,177772.0,164738.0,167983.0,194961.0,185361.0,202186.0,189996.0,170595.2857142857,175954.06666666668,74.0,90.0,82.0,65.9,71.0,95.0,0.0,0.0,0.0,21.17,10.0,12.37,0.0,17.0,81.3,16.3,0.0,1.0,0.0,13.31,0.0,0.0,0.0,0.0,0.0,1.0,0.0,-0.8247650844733614,-0.5654755126737576,0.9327689179559782,-0.3604748891327019
168017,183405.0,179804.0,176396.0,163800.0,140266.0,186868.0,165175.0,201023.0,202186.0,173262.0,176240.13333333333,73.0,82.0,77.5,68.6,81.0,95.0,0.0,0.0,0.0,15.17,54.0,9.49,0.0,12.5,80.0,15.0,0.0,1.0,0.0,13.26,0.0,0.0,0.0,0.0,0.0,0.0,1.0,-0.8343701235229538,-0.5512045872199277,0.9198172790502196,-0.3923470060554182
159404,168017.0,183405.0,179804.0,158274.0,138641.0,190719.0,160843.0,154176.0,201023.0,173864.42857142858,175399.4,75.0,85.0,80.0,70.5,83.0,97.0,0.0,0.0,0.0,19.17,29.0,12.15,0.0,15.0,79.8,14.8,0.0,0.0,0.0,13.22,1.0,0.0,0.0,0.0,0.0,0.0,0.0,-0.8437282590292712,-0.5367705514607103,0.9057769657642539,-0.42375475016912983
185384,159404.0,168017.0,183405.0,173383.0,157926.0,213959.0,165984.0,136489.0,154176.0,174025.85714285713,174534.16666666666,73.0,89.0,81.0,70.9,81.0,98.0,0.12,0.0,0.0,19.48,47.0,11.97,0.0,16.0,79.5,14.5,0.0,0.0,0.0,13.18,0.0,1.0,0.0,0.0,0.0,0.0,0.0,-0.8528367217694595,-0.522177676659508,0.8906645958869751,-0.4546609479969567
190278,185384.0,159404.0,168017.0,177772.0,157429.0,222979.0,184097.0,175220.0,136489.0,175740.2857142857,175207.8,69.0,85.0,77.0,60.3,63.0,90.0,0.0,0.0,0.0,21.92,23.0,12.28,0.0,12.0,79.3,14.3,0.0,0.0,0.0,13.14,0.0,0.0,1.0,0.0,0.0,0.0,0.0,-0.8616928164028522,-0.5074302810827518,0.8744980560685747,-0.48502901968055895
173537,190278.0,185384.0,159404.0,176396.0,153379.0,197816.0,188058.0,176635.0,175220.0,177526.85714285713,176188.96666666667,69.0,86.0,77.5,52.5,47.0,66.0,0.0,0.0,0.0,23.33,5.0,12.3,0.0,12.5,78.5,13.5,0.0,0.0,0.0,13.09,0.0,0.0,0.0,1.0,0.0,0.0,0.0,-0.8702939222685674,-0.49253272872205434,0.8572964806503138,-0.5148230222752145
162975,173537.0,190278.0,185384.0,179804.0,155905.0,189338.0,198706.0,159108.0,176635.0,177118.42857142858,176440.73333333334,62.0,79.0,70.5,55.2,63.0,83.0,0.0,0.0,0.0,23.02,16.0,12.25,0.0,5.5,75.0,10.0,0.0,0.0,0.0,13.05,0.0,0.0,0.0,0.0,1.0,0.0,0.0,-0.8786374941610001,-0.4774894280028391,0.8390802290175676,-0.5440076922910431
146970,162975.0,173537.0,190278.0,183405.0,164738.0,167983.0,194961.0,135740.0,159108.0,174714.2857142857,175736.66666666666,65.0,82.0,73.5,61.7,73.0,94.0,0.0,0.0,0.0,19.51,75.0,9.98,0.0,8.5,73.8,8.8,0.0,1.0,0.0,13.01,0.0,0.0,0.0,0.0,0.0,1.0,0.0,-0.886721063082993,-0.46230483047981086,0.8198708615029215,-0.5725484874300667
138975,146970.0,162975.0,173537.0,168017.0,163800.0,140266.0,186868.0,131258.0,135740.0,169509.2857142857,174367.06666666668,71.0,90.0,80.5,66.8,75.0,94.0,0.0,0.0,0.0,16.19,92.0,12.0,0.0,15.5,74.8,9.8,0.0,1.0,0.0,12.96,0.0,0.0,0.0,0.0,0.0,0.0,1.0,-0.8945422369764496,-0.4469834295196741,0.7996911138678691,-0.600411627469661
151378,138975.0,146970.0,162975.0,159404.0,158274.0,138641.0,190719.0,125285.0,131258.0,165360.42857142858,172376.03333333333,73.0,88.0,80.5,68.8,80.0,95.0,0.06,0.0,0.0,14.56,100.0,6.29,0.0,15.5,78.2,13.2,0.0,0.0,1.0,12.92,1.0,0.0,0.0,0.0,0.0,0.0,0.0,-0.9020987014301837,-0.43152975897147144,0.7785648703932891,-0.6275641342440474
163790,151378.0,138975.0,146970.0,185384.0,173383.0,157926.0,213959.0,128107.0,125285.0,164213.85714285713,170923.26666666666,67.0,74.0,70.5,67.9,90.0,94.0,0.78,0.0,0.0,4.39,95.0,0.76,0.0,5.5,77.2,12.2,0.0,0.0,0.0,12.88,0.0,1.0,0.0,0.0,0.0,0.0,0.0,-0.9093882203647925,-0.4159483918249421,0.756517135610563,-0.6539738706764888
165915,163790.0,151378.0,138975.0,190278.0,177772.0,157429.0,222979.0,138924.0,128107.0,161129.0,170154.0,65.0,72.0,68.5,62.8,82.0,93.0,0.0,0.0,0.0,7.74,100.0,1.59,0.0,3.5,73.2,8.2,0.0,0.0,0.0,12.83,0.0,0.0,1.0,0.0,0.0,0.0,0.0,-0.9164086366943458,-0.4002439388573056,0.733574004706797,-0.6796095788159788
147130,165915.0,163790.0,151378.0,173537.0,176396.0,153379.0,197816.0,149054.0,138924.0,157648.57142857142,169327.2,65.0,78.0,71.5,60.9,76.0,93.0,0.0,0.0,0.0,13.02,54.0,7.92,0.0,6.5,70.2,5.2,0.0,0.0,0.0,12.79,0.0,0.0,0.0,1.0,0.0,0.0,0.0,-0.9231578729647039,-0.38442104726885545,0.709762632639161,-0.7044409168334328
145739,147130.0,165915.0,163790.0,162975.0,179804.0,155905.0,189338.0,163652.0,149054.0,153876.14285714287,167099.56666666668,62.0,80.0,71.0,58.0,72.0,94.0,0.0,0.0,0.0,22.1,0.0,12.05,0.0,6.0,70.3,5.3,0.0,0.0,0.0,12.74,0.0,0.0,0.0,0.0,1.0,0.0,0.0,-0.9296339319682695,-0.3684843993077793,0.6851112019949135,-0.7284384949335702
145064,145739.0,147130.0,165915.0,146970.0,183405.0,164738.0,167983.0,156434.0,163652.0,151413.85714285713,164524.9,64.0,86.0,75.0,59.5,72.0,94.0,0.0,0.0,0.0,21.45,48.0,12.06,0.0,10.0,72.5,7.5,0.0,1.0,0.0,12.7,0.0,0.0,0.0,0.0,0.0,1.0,0.0,-0.9358348973349941,-0.35243871088460327,0.6596488896351408,-0.7515739101399981
138750,145064.0,145739.0,147130.0,138975.0,168017.0,163800.0,140266.0,139917.0,156434.0,151141.57142857142,162766.5,67.0,76.0,71.5,63.4,81.0,96.0,0.32,0.0,0.0,6.3,100.0,0.6,0.0,6.5,72.5,7.5,0.0,1.0,0.0,12.65,0.0,0.0,0.0,0.0,0.0,0.0,1.0,-0.9417589340994617,-0.33628873017668287,0.6334058321617086,-0.7738197799123084
138190,138750.0,145064.0,145739.0,151378.0,159404.0,158274.0,138641.0,127733.0,139917.0,151109.42857142858,161080.23333333334,68.0,81.0,74.5,68.3,84.0,98.0,0.81,0.0,0.0,14.15,93.0,10.0,0.0,9.5,73.7,8.7,0.0,0.0,0.0,12.61,1.0,0.0,0.0,0.0,0.0,0.0,0.0,-0.9474042892438845,-0.32003923622313857,0.6064130902482765,-0.7951497745554202
162078,138190.0,138750.0,145064.0,163790.0,185384.0,173383.0,157926.0,138482.0,127733.0,149225.42857142858,160087.13333333333,68.0,82.0,75.0,67.2,83.0,97.0,0.41,0.0,0.0,12.47,70.0,8.82,0.0,10.0,73.7,8.7,0.0,0.0,0.0,12.56,0.0,1.0,0.0,0.0,0.0,0.0,0.0,-0.9527692922168511,-0.30369503751065885,0.578702611877601,-0.8155386483827991
168566,162078.0,138190.0,138750.0,165915.0,190278.0,177772.0,157429.0,170347.0,138482.0,148980.85714285713,160814.2,62.0,80.0,71.0,57.7,68.0,84.0,0.0,0.0,0.0,20.13,7.0,12.0,0.0,6.0,73.5,8.5,0.0,0.0,0.0,12.52,0.0,0.0,1.0,0.0,0.0,0.0,0.0,-0.9578523554276669,-0.28726097055059635,0.5503071945286527,-0.8349622695966589
150871,168566.0,162078.0,138190.0,147130.0,173537.0,176396.0,153379.0,162684.0,170347.0,149359.57142857142,161811.7,62.0,74.0,68.0,52.4,62.0,81.0,0.0,0.0,0.0,21.45,4.0,12.0,0.0,3.0,71.3,6.3,0.0,0.0,0.0,12.48,0.0,0.0,0.0,1.0,0.0,0.0,0.0,-0.9626519747161487,-0.2707418984477642,0.5212604463582784,-0.8533976488498011
141132,150871.0,168566.0,162078.0,145739.0,162975.0,179804.0,155905.0,176961.0,162684.0,149894.0,161576.53333333333,57.0,75.0,66.0,49.4,62.0,90.0,0.0,0.0,0.0,21.1,33.0,11.98,0.0,1.0,68.3,3.3,0.0,0.0,0.0,12.43,0.0,0.0,0.0,0.0,1.0,0.0,0.0,-0.9671667297977312,-0.2541427094613622,0.4915967464233612,-0.8708229664552752
131992,141132.0,150871.0,168566.0,145064.0,146970.0,183405.0,164738.0,160157.0,176961.0,149235.85714285713,161033.3,64.0,76.0,70.0,57.8,73.0,86.0,0.0,0.0,0.0,18.5,54.0,11.95,0.0,5.0,68.0,3.0,0.0,1.0,0.0,12.39,0.0,0.0,0.0,0.0,0.0,1.0,0.0,-0.97139528468375,-0.23746831555846842,0.461351203990578,-0.8872175982116474
126203,131992.0,141132.0,150871.0,138750.0,138975.0,168017.0,163800.0,156474.0,160157.0,147368.42857142858,160320.4,67.0,83.0,75.0,61.1,70.0,93.0,0.0,0.0,0.0,19.8,42.0,11.93,0.0,10.0,70.3,5.3,0.0,1.0,0.0,12.34,0.0,0.0,0.0,0.0,0.0,0.0,1.0,-0.9753363880767837,-0.2207236509605022,0.43055961698187384,-0.9025621398133328
136914,126203.0,131992.0,141132.0,138190.0,151378.0,159404.0,158274.0,149956.0,156474.0,145576.0,159330.33333333334,68.0,85.0,76.5,62.8,71.0,90.0,0.14,0.0,0.0,17.26,51.0,9.75,0.0,11.5,73.8,8.8,0.0,0.0,0.0,12.3,1.0,0.0,0.0,0.0,0.0,0.0,0.0,-0.9789888737409319,-0.20391367068311472,0.3992584296048835,-0.9168384298170765
159023,136914.0,126203.0,131992.0,162078.0,163790.0,185384.0,173383.0,134734.0,149956.0,145393.7142857143,158402.86666666667,67.0,79.0,73.0,60.3,72.0,93.0,0.0,0.0,0.0,16.74,19.0,11.87,0.0,8.0,74.8,9.8,0.0,0.0,0.0,12.25,0.0,1.0,0.0,0.0,0.0,0.0,0.0,-0.9823516608469237,-0.18704334906991657,0.3674846892184069,-0.9300295711374187
153148,159023.0,136914.0,126203.0,168566.0,165915.0,190278.0,177772.0,143830.0,134734.0,144957.2857142857,158243.63333333333,62.0,80.0,71.0,59.7,74.0,90.0,0.0,0.0,0.0,18.78,38.0,11.76,0.0,6.0,73.5,8.5,0.0,0.0,0.0,12.21,0.0,0.0,1.0,0.0,0.0,0.0,0.0,-0.9854237542919524,-0.17011767832049052,0.3352760024840169,-0.9421199510456922
149092,153148.0,159023.0,136914.0,150871.0,147130.0,173537.0,176396.0,144080.0,143830.0,142754.7142857143,158072.76666666666,57.0,75.0,66.0,58.0,72.0,84.0,0.47,0.0,0.0,6.37,56.0,3.84,0.0,1.0,70.0,5.0,0.0,0.0,0.0,12.16,0.0,0.0,0.0,1.0,0.0,0.0,0.0,-0.9882042449941422,-0.15314166701312007,0.30267049085568926,-0.9530952596488853
144449,149092.0,153148.0,159023.0,141132.0,145739.0,162975.0,179804.0,161347.0,144080.0,142500.57142857142,157263.06666666668,51.0,63.0,57.0,39.0,54.0,66.0,0.0,0.0,0.0,20.07,4.0,11.79,0.0,0.0,64.7,2.3,0.0,0.0,0.0,12.12,0.0,0.0,0.0,0.0,1.0,0.0,0.0,-0.9906923101615609,-0.13612033862266704,0.2697067454601279,-0.962942506826501
117836,144449.0,149092.0,153148.0,131992.0,145064.0,146970.0,183405.0,163865.0,161347.0,142974.42857142858,156152.3,49.0,69.0,59.0,42.2,57.0,68.0,0.0,0.0,0.0,17.61,38.0,11.76,0.0,0.0,60.7,0.3,0.0,1.0,0.0,12.08,0.0,0.0,0.0,0.0,0.0,1.0,0.0,-0.9928872135356962,-0.11905873003404988,0.23642378142121298,-0.9716500376053585
106856,117836.0,144449.0,149092.0,126203.0,138750.0,138975.0,168017.0,136329.0,163865.0,140952.14285714287,154200.3,59.0,72.0,65.5,52.8,70.0,86.0,1.11,0.0,0.0,9.51,75.0,3.57,0.0,0.5,60.5,0.2,0.0,1.0,0.0,12.03,0.0,0.0,0.0,0.0,0.0,0.0,1.0,-0.994788305609327,-0.10196189005174576,0.20286099168260133,-0.9792075459541514
110245,106856.0,117836.0,144449.0,136914.0,138190.0,151378.0,159404.0,122402.0,136329.0,138188.2857142857,151768.7,58.0,74.0,66.0,51.4,65.0,91.0,0.0,0.0,0.0,17.58,12.0,11.7,0.0,1.0,63.5,0.5,0.0,0.0,0.0,11.99,1.0,0.0,0.0,0.0,0.0,0.0,0.0,-0.9963950238187231,-0.08483487790576538,0.16905810038314714,-0.9856060869814277
123806,110245.0,106856.0,117836.0,159023.0,162078.0,163790.0,185384.0,117189.0,122402.0,134378.42857142858,149330.03333333333,59.0,70.0,64.5,45.8,56.0,69.0,0.0,0.0,0.0,16.79,56.0,10.22,0.0,0.0,65.3,0.5,0.0,0.0,0.0,11.94,0.0,1.0,0.0,0.0,0.0,0.0,0.0,-0.9977068927101168,-0.06768276175455162,0.13505511584034569,-0.9908380875225532
122666,123806.0,110245.0,106856.0,153148.0,168566.0,165915.0,190278.0,133727.0,117189.0,129347.42857142857,147856.33333333334,53.0,69.0,61.0,45.7,59.0,79.0,0.0,0.0,0.0,14.98,38.0,10.35,0.0,0.0,63.8,0.3,0.0,0.0,0.0,11.9,0.0,0.0,1.0,0.0,0.0,0.0,0.0,-0.9987235240803972,-0.050510617185222886,0.10089228319740334,-0.9948973551031357
121113,122666.0,123806.0,110245.0,149092.0,150871.0,147130.0,173537.0,136749.0,133727.0,124992.85714285714,146631.73333333334,53.0,66.0,59.5,46.0,63.0,80.0,0.0,0.0,0.0,18.13,48.0,10.74,0.0,0.0,61.7,0.0,0.0,0.0,0.0,11.85,0.0,0.0,0.0,1.0,0.0,0.0,0.0,-0.9994446170919858,-0.033323525711631344,0.06661003679003268,-0.9977790852682925
119435,121113.0,122666.0,123806.0,144449.0,141132.0,145739.0,162975.0,123112.0,136749.0,120995.85714285714,144489.36666666667,52.0,62.0,57.0,46.2,68.0,78.0,0.0,0.0,0.0,10.63,100.0,4.4,0.0,0.0,59.2,0.0,0.0,0.0,0.0,11.8,0.0,0.0,0.0,0.0,1.0,0.0,0.0,-0.9998699583618592,-0.016126573270657762,0.0322489522893041,-0.9994798672690922
116138,119435.0,121113.0,122666.0,117836.0,131992.0,145064.0,146970.0,120583.0,123112.0,117422.42857142857,142127.93333333332,51.0,61.0,56.0,52.6,82.0,90.0,0.59,0.0,0.0,6.42,100.0,2.04,0.0,0.0,57.5,0.0,0.0,1.0,0.0,11.76,0.0,0.0,0.0,0.0,0.0,1.0,0.0,-0.9999994220246925,0.001075151282798226,-0.0021503013227746654,-0.9999976880994382
108767,116138.0,119435.0,121113.0,106856.0,126203.0,138750.0,138975.0,118461.0,120583.0,117179.85714285714,140214.63333333333,50.0,60.0,55.0,43.9,65.0,84.0,0.0,0.0,0.0,2.49,100.0,0.0,0.0,0.0,56.0,0.0,0.0,1.0,0.0,11.71,0.0,0.0,0.0,0.0,0.0,0.0,1.0,-0.999832969770105,0.018276557681691223,-0.03654700988811993,-0.9993319348786156
106977,108767.0,116138.0,119435.0,110245.0,136914.0,138190.0,151378.0,113157.0,118461.0,117452.85714285714,138407.7,47.0,53.0,50.0,40.1,67.0,87.0,0.47,0.0,0.0,3.39,100.0,0.0,0.0,0.0,53.7,0.0,0.0,0.0,0.0,11.67,1.0,0.0,0.0,0.0,0.0,0.0,0.0,-0.9993706508539969,0.03547255575312556,-0.07090046226091157,-0.9974833955766828
119768,106977.0,108767.0,116138.0,123806.0,159023.0,162078.0,163790.0,120008.0,113157.0,116986.0,137074.6,46.0,55.0,50.5,48.0,88.0,93.0,1.85,0.0,0.0,3.28,100.0,0.0,0.0,0.0,51.8,0.0,0.0,0.0,0.0,11.62,0.0,1.0,0.0,0.0,0.0,0.0,0.0,-0.9986126020839734,0.052658056924614005,-0.10516999849234956,-0.9944542580818482
122825,119768.0,106977.0,108767.0,122666.0,153148.0,168566.0,165915.0,138989.0,120008.0,116409.14285714286,136434.36666666667,54.0,59.0,56.5,54.2,90.0,96.0,0.37,0.0,0.0,5.08,88.0,0.32,0.0,0.0,52.3,0.0,0.0,0.0,0.0,11.58,0.0,0.0,1.0,0.0,0.0,0.0,0.0,-0.9975590477788613,0.06982797572987089,-0.1393150579548309,-0.9902481076109372
119801,122825.0,119768.0,106977.0,121113.0,149092.0,150871.0,147130.0,126645.0,138989.0,116431.85714285714,135482.6,53.0,74.0,63.5,53.1,78.0,95.0,0.0,0.0,0.0,17.16,32.0,11.09,0.0,0.0,56.8,0.0,0.0,0.0,0.0,11.54,0.0,0.0,0.0,1.0,0.0,0.0,0.0,-0.9962102997023297,0.0869772313136861,-0.17329522734857217,-0.9848699224660111
121185,119801.0,122825.0,119768.0,119435.0,144449.0,141132.0,145739.0,127627.0,126645.0,116244.42857142857,134016.3,58.0,76.0,67.0,53.5,73.0,92.0,0.0,0.0,0.0,16.0,40.0,10.94,0.0,2.0,62.3,0.7,0.0,0.0,0.0,11.49,0.0,0.0,0.0,0.0,1.0,0.0,0.0,-0.9945667569706337,0.1041007489354256,-0.20707028853384077,-0.9783260681421669
123565,121185.0,119801.0,122825.0,116138.0,117836.0,131992.0,145064.0,132754.0,127627.0,116494.42857142857,132525.3,47.0,58.0,52.5,39.4,61.0,85.0,0.03,0.0,0.0,13.75,41.0,10.19,0.0,0.0,61.0,0.7,0.0,1.0,0.0,11.45,0.0,0.0,0.0,0.0,0.0,1.0,0.0,-0.9926289059345095,0.121193461470736,-0.2406002661322256,-0.9706242897934825
106905,123565.0,121185.0,119801.0,108767.0,106856.0,126203.0,138750.0,134616.0,132754.0,117555.42857142857,131739.8,44.0,61.0,52.5,39.0,64.0,87.0,0.0,0.0,0.0,16.6,6.0,10.91,0.0,0.0,57.3,0.7,0.0,1.0,0.0,11.4,0.0,0.0,0.0,0.0,0.0,0.0,1.0,-0.9903973200352558,0.1382503109109819,-0.2738454748405547,-0.9617737030660337
104858,106905.0,123565.0,121185.0,106977.0,110245.0,136914.0,138190.0,116687.0,134616.0,117289.42857142857,130445.33333333331,52.0,67.0,59.5,42.1,62.0,82.0,0.0,0.0,0.0,15.15,34.0,10.24,0.0,0.0,54.8,0.0,0.0,0.0,1.0,11.36,1.0,0.0,0.0,0.0,0.0,0.0,0.0,-0.9878726596350429,0.15526624985999563,-0.30676656640150596,-0.9517847833088268
114403,104858.0,106905.0,123565.0,119768.0,123806.0,159023.0,162078.0,113337.0,116687.0,116986.71428571428,129105.13333333332,51.0,70.0,60.5,47.9,75.0,92.0,0.0,0.0,0.0,16.19,0.0,10.87,0.0,0.0,57.5,0.0,0.0,0.0,0.0,11.32,0.0,1.0,0.0,0.0,0.0,0.0,0.0,-0.9850556718215013,0.172236243027682,-0.3393245761752893,-0.9406693531754186
119315,114403.0,104858.0,106905.0,122825.0,122666.0,153148.0,168566.0,123650.0,113337.0,116220.28571428572,128293.56666666668,57.0,70.0,63.5,48.6,72.0,85.0,0.0,0.0,0.0,16.08,59.0,10.86,0.0,0.0,61.2,0.0,0.0,0.0,0.0,11.27,0.0,0.0,1.0,0.0,0.0,0.0,0.0,-0.981947190186646,0.18915526872004093,-0.37148096925728835,-0.9284405686308982
120438,119315.0,114403.0,104858.0,119801.0,121113.0,149092.0,150871.0,128455.0,123650.0,115718.85714285714,127664.4,54.0,69.0,61.5,59.5,88.0,96.0,0.8,0.0,0.0,6.02,100.0,2.57,0.0,0.0,61.8,0.0,0.0,0.0,0.0,11.23,0.0,0.0,0.0,1.0,0.0,0.0,0.0,-0.9785481345802031,0.20601832032517084,-0.40319768608708534,-0.9151129033807907
125333,120438.0,119315.0,114403.0,121185.0,119435.0,144449.0,141132.0,130421.0,128455.0,115809.85714285714,126276.4,52.0,67.0,59.5,48.5,74.0,92.0,0.19,0.0,0.0,12.43,36.0,9.24,0.0,0.0,61.5,0.0,0.0,0.0,0.0,11.19,0.0,0.0,0.0,0.0,1.0,0.0,0.0,-0.9748595108374125,0.22282040779479959,-0.4344371874948622,-0.9007021317403184
118562,125333.0,120438.0,119315.0,123565.0,116138.0,117836.0,131992.0,134765.0,130421.0,116402.42857142857,124835.3,50.0,68.0,59.0,47.2,73.0,90.0,0.0,0.0,0.0,15.72,5.0,10.8,0.0,0.0,60.0,0.0,0.0,1.0,0.0,11.14,0.0,0.0,0.0,0.0,0.0,1.0,0.0,-0.9708824104813836,0.23955655912092708,-0.46516249913190355,-0.8852253099642835
108069,118562.0,125333.0,120438.0,106905.0,108767.0,106856.0,126203.0,138700.0,134765.0,115687.71428571428,123758.33333333331,52.0,64.0,58.0,46.6,74.0,92.0,0.0,0.0,0.0,13.12,45.0,10.51,0.0,0.0,58.8,0.0,0.0,1.0,0.0,11.1,0.0,0.0,0.0,0.0,0.0,0.0,1.0,-0.9666180104000972,0.2562218218071163,-0.4953372552325659,-0.8687007560596848
106318,108069.0,118562.0,125333.0,104858.0,106977.0,110245.0,136914.0,127522.0,138700.0,115854.0,122656.23333333334,53.0,66.0,59.5,51.4,79.0,93.0,0.14,0.0,0.0,9.74,97.0,8.33,0.0,0.0,58.8,0.0,0.0,0.0,0.0,11.05,1.0,0.0,0.0,0.0,0.0,0.0,0.0,-0.9620675724981452,0.27281126433401914,-0.5249257416559593,-0.8511480281049478
119413,106318.0,108069.0,118562.0,114403.0,119768.0,123806.0,159023.0,109050.0,127522.0,116062.57142857143,121800.43333333332,46.0,56.0,51.0,37.1,60.0,93.0,0.0,0.0,0.0,14.92,44.0,10.0,0.0,0.0,56.2,0.0,0.0,0.0,0.0,11.01,0.0,1.0,0.0,0.0,0.0,0.0,0.0,-0.957232443323312,0.28931997761869527,-0.5538929381563792,-0.8325879011014353
117200,119413.0,106318.0,108069.0,119315.0,122825.0,122666.0,153148.0,117306.0,109050.0,116778.28571428572,121574.1,42.0,54.0,48.0,33.0,60.0,81.0,0.0,0.0,0.0,12.45,21.0,10.13,2.0,0.0,52.8,0.0,0.7,0.0,0.0,10.97,0.0,0.0,1.0,0.0,0.0,0.0,0.0,-0.9521140536681102,0.3057430764672831,-0.5822045598324479,-0.8130423423846421
119012,117200.0,119413.0,106318.0,120438.0,119801.0,121113.0,149092.0,118891.0,117306.0,116476.14285714286,120916.96666666666,44.0,58.0,51.0,34.8,59.0,80.0,0.0,0.0,0.0,15.27,2.0,10.71,0.0,0.0,50.0,0.0,0.7,0.0,0.0,10.92,0.0,0.0,0.0,1.0,0.0,0.0,0.0,-0.9467139181463862,0.3220757010206104,-0.6098270977059321,-0.7925344856241648
119482,119012.0,117200.0,119413.0,125333.0,121185.0,119435.0,144449.0,122707.0,118891.0,116272.42857142857,119583.26666666666,46.0,62.0,54.0,38.6,65.0,83.0,0.0,0.0,0.0,15.01,0.0,10.69,0.0,0.0,51.0,0.0,0.7,0.0,0.0,10.88,0.0,0.0,0.0,0.0,1.0,0.0,0.0,-0.9410336347451197,0.3383130181923076,-0.636727858382198,-0.7710886034432227
118483,119482.0,119012.0,117200.0,118562.0,123565.0,116138.0,117836.0,126201.0,122707.0,115436.57142857143,118461.06666666668,49.0,66.0,57.5,43.7,73.0,90.0,0.0,0.0,0.0,14.45,36.0,10.13,0.0,0.0,54.2,0.0,0.0,1.0,0.0,10.84,0.0,0.0,0.0,0.0,0.0,1.0,0.0,-0.9350748843515574,0.3544502230989869,-0.6628750027453377,-0.7487300786901568
108405,118483.0,119482.0,119012.0,108069.0,106905.0,108767.0,106856.0,124472.0,126201.0,115425.28571428572,117440.76666666666,54.0,61.0,57.5,49.9,82.0,91.0,0.02,0.0,0.0,4.06,100.0,0.0,0.0,0.0,56.3,0.0,0.0,1.0,0.0,10.8,0.0,0.0,0.0,0.0,0.0,0.0,1.0,-0.9288394302558068,0.3704825404820963,-0.6882375836422284,-0.7254853743958638
108050,108405.0,118483.0,119482.0,106318.0,104858.0,106977.0,110245.0,108488.0,124472.0,115473.28571428572,116239.3,55.0,61.0,58.0,55.6,94.0,97.0,0.52,0.0,0.0,3.34,100.0,0.0,0.0,0.0,57.7,0.0,0.0,0.0,0.0,10.75,1.0,0.0,0.0,0.0,0.0,0.0,0.0,-0.9223291176290545,0.3864052261209853,-0.7127855825108473,-0.7013820024527804
120832,108050.0,108405.0,118483.0,119413.0,114403.0,119768.0,123806.0,105809.0,108488.0,115720.71428571428,115913.1,61.0,70.0,65.5,63.2,96.0,100.0,0.0,0.0,0.0,6.21,93.0,5.5,0.0,0.5,60.3,0.2,0.0,0.0,0.0,10.71,0.0,1.0,0.0,0.0,0.0,0.0,0.0,-0.9155458729775467,0.40221356823680365,-0.7364899449095569,-0.6764484910524361
125770,120832.0,108050.0,108405.0,117200.0,119315.0,122825.0,122666.0,124399.0,105809.0,115923.42857142857,116378.96666666666,60.0,72.0,66.0,62.7,92.0,100.0,0.0,0.0,0.0,7.48,79.0,5.92,0.0,1.0,63.2,0.5,0.0,0.0,0.0,10.67,0.0,0.0,1.0,0.0,0.0,0.0,0.0,-0.9084917035725082,0.41790288888678667,-0.7593226149052589,-0.6507143509201561
127535,125770.0,120832.0,108050.0,119012.0,120438.0,119801.0,121113.0,122736.0,124399.0,117147.71428571428,116896.46666666666,52.0,65.0,58.5,44.5,63.0,86.0,0.0,0.0,0.0,13.66,2.0,10.32,0.0,0.0,63.3,0.5,0.0,0.0,0.0,10.63,0.0,0.0,0.0,1.0,0.0,0.0,0.0,-0.9011686968561569,0.4334685453485363,-0.7812565682797488,-0.6242100403868479
120506,127535.0,125770.0,120832.0,119482.0,125333.0,121185.0,119435.0,119791.0,122736.0,118365.28571428572,117020.76666666666,45.0,56.0,50.5,36.3,62.0,85.0,0.0,0.0,0.0,11.93,74.0,9.54,0.0,0.0,58.3,0.3,0.0,0.0,0.0,10.59,0.0,0.0,0.0,0.0,1.0,0.0,0.0,-0.8935790198239952,0.4489059314938798,-0.8022658445149573,-0.5969669293392242
118282,120506.0,127535.0,125770.0,118483.0,118562.0,123565.0,116138.0,118554.0,119791.0,118511.57142857143,116948.76666666666,43.0,58.0,50.5,39.5,72.0,88.0,0.0,0.0,0.0,13.82,8.0,10.3,0.0,0.0,53.2,0.0,0.0,1.0,0.0,10.55,0.0,0.0,0.0,0.0,0.0,1.0,0.0,-0.8857249183835637,0.4642104791518923,-0.8223255775192096,-0.5690172620911411
109029,118282.0,120506.0,127535.0,108405.0,108069.0,106905.0,108767.0,117986.0,118554.0,118482.85714285714,116854.4,43.0,63.0,53.0,40.3,75.0,94.0,0.0,0.0,0.0,13.63,49.0,10.29,0.0,0.0,51.3,0.0,0.0,1.0,0.0,10.51,0.0,0.0,0.0,0.0,0.0,0.0,1.0,-0.8776087166898392,0.4793776594606945,-0.8414120250581577,-0.5403941192199728
107416,109029.0,118282.0,120506.0,108050.0,106318.0,104858.0,106977.0,111022.0,117986.0,118572.0,116507.53333333334,51.0,65.0,58.0,51.1,84.0,95.0,0.1,0.0,0.0,7.59,96.0,6.52,0.0,0.0,53.8,0.0,0.0,0.0,0.0,10.47,1.0,0.0,0.0,0.0,0.0,0.0,0.0,-0.8692328164574792,0.49440298420761813,-0.8595025968555411,-0.5111313784132033
119039,107416.0,109029.0,118282.0,120832.0,119413.0,114403.0,119768.0,107613.0,111022.0,118481.42857142857,116216.8,59.0,67.0,63.0,56.9,90.0,98.0,0.08,0.0,0.0,5.84,73.0,5.48,0.0,0.0,58.0,0.0,0.0,0.0,0.0,10.43,0.0,1.0,0.0,0.0,0.0,0.0,0.0,-0.8605996962501181,0.5092820071573356,-0.876575881330507,-0.4812636743715911
122214,119039.0,107416.0,109029.0,125770.0,117200.0,119315.0,122825.0,116568.0,107613.0,118225.28571428572,116559.2,54.0,70.0,62.0,50.7,75.0,92.0,0.0,0.0,0.0,12.59,1.0,10.0,0.0,0.0,61.0,0.0,0.0,0.0,0.0,10.39,0.0,0.0,1.0,0.0,0.0,0.0,0.0,-0.8517119107469189,0.5240103253675756,-0.8926116709398649,-0.45082635781633507
120546,122214.0,119039.0,107416.0,127535.0,119012.0,120438.0,119801.0,118536.0,116568.0,117717.28571428572,117067.1,52.0,67.0,59.5,48.3,81.0,94.0,0.0,0.0,0.0,12.51,1.0,9.9,0.0,0.0,61.5,0.0,0.0,0.0,0.0,10.35,0.0,0.0,0.0,1.0,0.0,0.0,0.0,-0.8425720899866032,0.5385835804920232,-0.9075909860952637,-0.4198554536487849
120005,120546.0,122214.0,119039.0,120506.0,119482.0,125333.0,121185.0,120557.0,118536.0,116718.85714285714,117093.03333333334,53.0,70.0,61.5,53.4,89.0,100.0,0.0,0.0,0.0,10.74,59.0,9.46,0.0,0.0,61.0,0.0,0.0,0.0,0.0,10.31,0.0,0.0,0.0,0.0,1.0,0.0,0.0,-0.8331829385891785,0.5529974600700271,-0.9214960976269942,-0.3883876183121974
121075,120005.0,120546.0,122214.0,118282.0,118483.0,118562.0,123565.0,122026.0,120557.0,116647.28571428572,116999.03333333334,64.0,76.0,70.0,59.9,85.0,95.0,0.0,0.0,0.0,10.43,73.0,9.56,0.0,5.0,63.7,1.7,0.0,1.0,0.0,10.27,0.0,0.0,0.0,0.0,0.0,1.0,0.0,-0.8235472349556007,0.5672476988027229,-0.9343105477678197,-0.3564600964060307
115378,121075.0,120005.0,120546.0,109029.0,108405.0,108069.0,106905.0,122425.0,122026.0,117046.28571428572,117041.5,66.0,75.0,70.5,61.7,81.0,88.0,0.0,0.0,0.0,6.2,75.0,5.0,0.0,5.5,67.3,3.5,0.0,1.0,0.0,10.23,0.0,0.0,0.0,0.0,0.0,0.0,1.0,-0.8136678304455991,0.5813300798152042,-0.9460191696320084,-0.32411067660409654
120723,115378.0,121075.0,120005.0,107416.0,108050.0,106318.0,104858.0,111253.0,122425.0,117953.28571428572,116847.93333333332,54.0,77.0,65.5,52.4,64.0,94.0,0.0,0.0,0.0,11.39,18.0,9.68,0.0,0.5,68.7,3.7,0.0,0.0,0.0,10.2,1.0,0.0,0.0,0.0,0.0,0.0,0.0,-0.8035476485339116,0.5952404359043674,-0.9566081051665098,-0.29137764692875745
129388,120723.0,115378.0,121075.0,119039.0,120832.0,119413.0,114403.0,115399.0,111253.0,119854.28571428572,116753.2,47.0,58.0,52.5,30.8,47.0,64.0,0.0,0.0,0.0,12.02,11.0,9.67,0.0,0.0,62.8,2.0,0.0,0.0,0.0,10.16,0.0,1.0,0.0,0.0,0.0,0.0,0.0,-0.7931896839451843,0.6089746507720486,-0.9660648215530205,-0.25829974943412287
118595,129388.0,120723.0,115378.0,122214.0,125770.0,117200.0,119315.0,119783.0,115399.0,121332.71428571428,117502.63333333332,40.0,53.0,46.5,33.0,63.0,89.0,0.0,0.0,0.0,11.79,11.0,9.67,3.5,0.0,54.8,0.2,1.2,0.0,0.0,10.12,0.0,0.0,1.0,0.0,0.0,0.0,0.0,-0.7825970017677834,0.6225286602431057,-0.9743781260415392,-0.22491613435184774
120670,118595.0,129388.0,120723.0,120546.0,127535.0,119012.0,120438.0,121457.0,119783.0,120815.71428571428,117960.53333333334,47.0,66.0,56.5,46.6,82.0,94.0,0.0,0.0,0.0,11.13,19.0,9.62,0.0,0.0,51.8,0.0,1.2,0.0,0.0,10.08,0.0,0.0,0.0,1.0,0.0,0.0,0.0,-0.7717727365467836,0.6358984534680745,-0.9815381791978468,-0.19126631375382222
120580,120670.0,118595.0,129388.0,120005.0,120506.0,119482.0,125333.0,120398.0,121457.0,120833.42857142857,118169.43333333332,59.0,68.0,63.5,58.2,93.0,99.0,0.89,0.0,0.0,2.15,100.0,0.0,0.0,0.0,55.5,0.0,1.2,0.0,1.0,10.05,0.0,0.0,0.0,0.0,1.0,0.0,0.0,-0.7607200913564104,0.6490800741100398,-0.9875365065492301,-0.15739011478661072
122084,120580.0,120670.0,118595.0,121075.0,118282.0,118483.0,118562.0,118862.0,120398.0,120915.57142857143,118211.6,60.0,69.0,64.5,58.3,80.0,96.0,0.08,0.0,0.0,9.99,58.0,9.36,0.0,0.0,61.5,0.0,0.0,1.0,0.0,10.01,0.0,0.0,0.0,0.0,0.0,1.0,0.0,-0.7494423368521954,0.6620696215153815,-0.9923660086146721,-0.12332763253295889
113611,122084.0,120580.0,120670.0,115378.0,109029.0,108405.0,108069.0,122015.0,118862.0,121059.71428571428,118266.46666666666,41.0,61.0,51.0,39.7,68.0,89.0,0.04,0.0,0.0,5.94,64.0,5.34,0.0,0.0,59.7,0.0,0.0,1.0,0.0,9.98,0.0,0.0,0.0,0.0,0.0,0.0,1.0,-0.7379428103031386,0.6748632518680403,-0.9960209693076331,-0.08911918255618792
108614,113611.0,122084.0,120580.0,120723.0,107416.0,108050.0,106318.0,111370.0,122015.0,120807.28571428572,117875.73333333334,37.0,45.0,41.0,25.9,56.0,71.0,0.0,0.0,0.0,11.25,3.0,9.47,9.0,0.0,52.2,0.0,3.0,0.0,0.0,9.94,1.0,0.0,0.0,0.0,0.0,0.0,0.0,-0.7262249146041543,0.6874571793269664,-0.9984970627014779,-0.054805253183622435
122342,108614.0,113611.0,122084.0,129388.0,119039.0,120832.0,119413.0,111389.0,111370.0,119077.42857142857,117544.13333333332,35.0,46.0,40.5,31.4,73.0,96.0,0.56,0.0,0.0,5.73,75.0,3.01,9.5,0.0,44.2,0.0,6.2,0.0,0.0,9.91,0.0,1.0,0.0,0.0,0.0,0.0,0.0,-0.7142921172691032,0.699847677146407,-0.9997913581495419,-0.020426457585556834
126704,122342.0,108614.0,113611.0,118595.0,122214.0,125770.0,117200.0,125413.0,111389.0,118070.85714285714,118019.9,39.0,50.0,44.5,37.9,77.0,97.0,0.28,0.0,0.0,7.49,88.0,6.8,5.5,0.0,42.0,0.0,8.0,0.0,0.0,9.88,0.0,0.0,1.0,0.0,0.0,0.0,0.0,-0.7021479494046978,0.7120310787787131,-0.9999023237537765,0.01397651429355571
125824,126704.0,122342.0,108614.0,120670.0,120546.0,127535.0,119012.0,126053.0,125413.0,119229.28571428572,118699.43333333332,37.0,46.0,41.5,26.3,59.0,75.0,0.0,0.0,0.0,9.01,45.0,8.4,8.5,0.0,42.2,0.0,7.8,0.0,0.0,9.84,0.0,0.0,0.0,1.0,0.0,0.0,0.0,-0.6897960046655887,0.7240037789593305,-0.9988298281778684,0.04836294389478229
127120,125824.0,126704.0,122342.0,120580.0,120005.0,120506.0,119482.0,124707.0,126053.0,119965.57142857143,118913.13333333332,34.0,44.0,39.0,23.0,57.0,80.0,0.0,0.0,0.0,10.4,24.0,9.32,11.0,0.0,41.7,0.0,8.3,0.0,0.0,9.81,0.0,0.0,0.0,0.0,1.0,0.0,0.0,-0.6772399381909491,0.7357622347736527,-0.996575140802686,0.08269213223823901
127603,127120.0,125824.0,126704.0,122084.0,121075.0,118282.0,118483.0,122628.0,124707.0,120899.85714285714,119243.8,31.0,40.0,35.5,19.6,55.0,70.0,0.0,0.0,0.0,10.85,10.0,9.32,14.5,0.0,38.7,0.0,11.3,1.0,0.0,9.78,0.0,0.0,0.0,0.0,0.0,1.0,0.0,-0.6644834655228552,0.7473029667054296,-0.9931409302238695,0.11692344809347308
119887,127603.0,127120.0,125824.0,113611.0,115378.0,109029.0,108405.0,123628.0,122628.0,121688.28571428572,119530.16666666669,30.0,40.0,35.0,14.9,49.0,80.0,0.0,0.0,0.0,10.58,8.0,9.33,15.0,0.0,36.5,0.0,13.5,1.0,0.0,9.75,0.0,0.0,0.0,0.0,0.0,0.0,1.0,-0.6515303615068021,0.75862255966641,-0.9885312610933433,0.15101637606963153
121080,119887.0,127603.0,127120.0,108614.0,120723.0,107416.0,108050.0,115831.0,123628.0,122584.85714285714,119543.66666666669,27.0,41.0,34.0,16.4,52.0,66.0,0.0,0.0,0.0,10.43,22.0,9.34,16.0,0.0,34.8,0.0,15.2,0.0,0.0,9.72,1.0,0.0,0.0,0.0,0.0,0.0,0.0,-0.6383844591746642,0.7697176640069211,-0.9827515893084885,0.1849305645685428
133852,121080.0,119887.0,127603.0,122342.0,129388.0,119039.0,120832.0,112537.0,115831.0,124365.71428571428,119630.23333333334,37.0,51.0,44.0,26.5,59.0,67.0,0.0,0.0,0.0,10.16,1.0,9.25,6.0,0.0,37.7,0.0,12.3,0.0,0.0,9.69,0.0,1.0,0.0,0.0,0.0,0.0,0.0,-0.6250496486104377,0.7805849965070866,-0.9758087555546684,0.2186258735439368
128798,133852.0,121080.0,119887.0,126704.0,118595.0,122214.0,125770.0,124473.0,112537.0,126010.0,120478.46666666666,42.0,55.0,48.5,28.7,59.0,77.0,0.0,0.0,0.0,10.04,0.0,9.25,1.5,0.0,42.2,0.0,7.8,0.0,0.0,9.67,0.0,0.0,1.0,0.0,0.0,0.0,0.0,-0.6115298757991053,0.7912213413483807,-0.9677109772087535,0.25206242201026163
124175,128798.0,133852.0,121080.0,125824.0,120670.0,120546.0,127535.0,129289.0,124473.0,126309.14285714286,121170.06666666668,40.0,54.0,47.0,35.9,81.0,88.0,0.0,0.0,0.0,9.64,37.0,9.16,3.0,0.0,46.5,0.0,3.5,0.0,1.0,9.64,0.0,0.0,0.0,1.0,0.0,0.0,0.0,-0.5978291414589552,0.801623551065242,-0.9584678386132249,0.28520063524489725
111890,124175.0,128798.0,133852.0,127120.0,120580.0,120005.0,120506.0,128530.0,129289.0,126073.57142857143,121281.5,46.0,55.0,50.5,39.7,81.0,94.0,0.02,0.0,0.0,3.77,73.0,4.0,0.0,0.0,48.7,0.0,1.5,0.0,0.0,9.61,0.0,0.0,0.0,0.0,1.0,0.0,0.0,-0.5839514998576998,0.8117885474764613,-0.9480902797323661,0.31800129162788576
117118,111890.0,124175.0,128798.0,127603.0,122084.0,121075.0,118282.0,112937.0,128530.0,123897.85714285714,120818.83333333331,42.0,57.0,49.5,31.8,59.0,70.0,0.0,0.0,0.0,9.66,32.0,9.16,0.5,0.0,49.0,0.0,1.2,1.0,0.0,9.59,0.0,0.0,0.0,0.0,0.0,1.0,0.0,-0.5699010576127624,0.8217133225960589,-0.936590583203982,0.3504255690637097
112375,117118.0,111890.0,124175.0,119887.0,113611.0,115378.0,109029.0,119173.0,112937.0,122400.0,120471.6,48.0,60.0,54.0,40.9,76.0,95.0,0.7,0.0,0.0,2.76,96.0,0.64,0.0,0.0,51.3,0.0,0.2,1.0,0.0,9.56,0.0,0.0,0.0,0.0,0.0,0.0,1.0,-0.5556819724760489,0.8313949395234058,-0.9239823598019431,0.3824350909302552
113056,112375.0,117118.0,111890.0,121080.0,108614.0,120723.0,107416.0,119286.0,119173.0,121326.85714285714,120200.56666666668,41.0,54.0,47.5,39.4,69.0,86.0,0.0,0.0,0.0,7.6,41.0,6.95,2.5,0.0,50.3,0.0,1.0,0.0,0.0,9.53,1.0,0.0,0.0,0.0,0.0,0.0,0.0,-0.5412984521036173,0.8408305333122887,-0.9102805323268018,0.41399197150045597
123523,113056.0,112375.0,117118.0,133852.0,122342.0,129388.0,119039.0,119589.0,119286.0,120180.57142857143,120026.36666666668,36.0,44.0,40.0,30.3,75.0,90.0,0.0,0.0,0.0,7.51,61.0,8.93,10.0,0.0,47.2,0.0,4.2,0.0,0.0,9.51,0.0,1.0,0.0,0.0,0.0,0.0,0.0,-0.5267547528105542,0.8500173118187018,-0.895501317943504,0.44505886078298396
128130,123523.0,113056.0,112375.0,128798.0,126704.0,118595.0,122214.0,130792.0,119589.0,118705.0,120509.5,40.0,58.0,49.0,41.9,85.0,93.0,0.5,0.0,0.0,0.97,92.0,0.0,1.0,0.0,45.5,0.0,4.5,0.0,0.0,9.49,0.0,0.0,1.0,0.0,0.0,0.0,0.0,-0.5120551783114646,0.8589525565270845,-0.8796622089871292,0.47559898872882833
128004,128130.0,123523.0,113056.0,124175.0,125824.0,120670.0,120546.0,133370.0,130792.0,118609.57142857143,121199.96666666666,35.0,43.0,39.0,20.7,51.0,65.0,0.0,0.0,0.0,8.35,21.0,8.99,11.0,0.0,42.7,0.0,7.3,0.0,0.0,9.47,0.0,0.0,0.0,1.0,0.0,0.0,0.0,-0.4972040784469378,0.8676336233547726,-0.8627819522593745,0.5055762087514626
129814,128004.0,128130.0,123523.0,111890.0,127120.0,120580.0,120005.0,129347.0,133370.0,119156.57142857143,121498.8,32.0,47.0,39.5,25.9,70.0,83.0,0.0,0.0,0.0,9.32,13.0,8.98,10.5,0.0,42.5,0.0,7.5,0.0,0.0,9.44,0.0,0.0,0.0,0.0,1.0,0.0,0.0,-0.4822058478963526,0.8760579434344281,-0.8448805268402667,0.5349550405091192
130336,129814.0,128004.0,128130.0,117118.0,127603.0,122084.0,121075.0,126233.0,129347.0,121717.14285714286,121752.13333333332,45.0,58.0,51.5,44.5,82.0,91.0,0.49,0.0,0.0,1.35,81.0,0.08,0.0,0.0,43.3,0.0,7.2,1.0,0.0,9.42,0.0,0.0,0.0,0.0,0.0,1.0,0.0,-0.46706492487743034,0.8842230238742036,-0.8259791204413984,0.5637007118984807
118313,130336.0,129814.0,128004.0,112375.0,119887.0,113611.0,115378.0,125159.0,126233.0,123605.42857142857,122078.46666666666,38.0,45.0,41.5,25.8,60.0,85.0,0.0,0.0,0.0,9.08,20.0,7.85,8.5,0.0,44.2,0.0,6.3,1.0,0.0,9.4,0.0,0.0,0.0,0.0,0.0,0.0,1.0,-0.451785789832884,0.8921264484954345,-0.8061001043286312,0.5917792002101544
116521,118313.0,130336.0,129814.0,113056.0,121080.0,108614.0,120723.0,119139.0,125159.0,124453.71428571428,122022.06666666668,36.0,48.0,42.0,26.9,73.0,89.0,0.0,0.0,0.0,8.55,42.0,8.83,8.0,0.0,45.0,0.0,5.5,0.0,0.0,9.39,1.0,0.0,0.0,0.0,0.0,0.0,0.0,-0.4363729641045924,0.8997658785476209,-0.7852670068439961,0.6191572723971441
129350,116521.0,118313.0,130336.0,123523.0,133852.0,122342.0,129388.0,115555.0,119139.0,124948.71428571428,121870.26666666666,42.0,58.0,50.0,45.0,92.0,100.0,1.05,0.0,0.0,1.01,100.0,0.0,0.0,0.0,44.5,0.0,5.5,0.0,0.0,9.37,0.0,1.0,0.0,0.0,0.0,0.0,0.0,-0.42083100859565564,0.9071390534005044,-0.7635044855580851,0.6458025244087264
129080,129350.0,116521.0,118313.0,128130.0,128798.0,126704.0,118595.0,125874.0,115555.0,125781.14285714286,122336.0,54.0,59.0,56.5,54.0,96.0,100.0,0.26,0.0,0.0,1.73,89.0,0.0,0.0,0.0,49.5,0.0,2.7,0.0,0.0,9.35,0.0,0.0,1.0,0.0,0.0,0.0,0.0,-0.4051645224207563,0.9142437912130223,-0.7408382980859317,0.6716834195431209
126511,129080.0,129350.0,116521.0,128004.0,124175.0,125824.0,120670.0,128524.0,125874.0,125916.85714285714,122614.56666666668,42.0,55.0,48.5,39.8,74.0,94.0,0.0,0.0,0.0,5.83,68.0,6.53,1.5,0.0,51.7,0.0,0.5,0.0,0.0,9.34,0.0,0.0,0.0,1.0,0.0,0.0,0.0,-0.3893781415452015,0.9210779895789526,-0.717295271600886,0.6967693257736101
125365,126511.0,129080.0,129350.0,129814.0,111890.0,127120.0,120580.0,131138.0,128524.0,125703.57142857143,122518.66666666669,36.0,45.0,40.5,25.9,63.0,81.0,0.0,0.0,0.0,9.14,2.0,8.88,9.5,0.0,48.5,0.0,3.7,0.0,0.0,9.33,0.0,0.0,0.0,0.0,1.0,0.0,0.0,-0.37347653741307074,0.9276396261490467,-0.6929032710826029,0.7210305520038863
128232,125365.0,126511.0,129080.0,130336.0,117118.0,127603.0,122084.0,132700.0,131138.0,125068.0,122744.33333333331,32.0,39.0,35.5,22.8,63.0,74.0,0.0,0.0,0.0,8.85,35.0,8.76,14.5,0.0,41.5,0.0,8.5,1.0,0.0,9.31,0.0,0.0,0.0,0.0,0.0,1.0,0.0,-0.3574644155648614,0.9339267592294762,-0.6676911663366994,0.7444383832097441
123064,128232.0,125365.0,126511.0,118313.0,112375.0,119887.0,113611.0,128072.0,132700.0,124767.42857142857,122996.4,33.0,40.0,36.5,32.1,83.0,100.0,0.32,0.0,0.0,1.2,100.0,0.0,13.5,0.0,37.5,0.0,12.5,1.0,0.0,9.3,0.0,0.0,0.0,0.0,0.0,0.0,1.0,-0.34134651424503615,0.9399375283564133,-0.641688797825113,0.7669651144255266
122660,123064.0,128232.0,125365.0,116521.0,113056.0,121080.0,108614.0,116338.0,128072.0,125446.14285714286,123079.2,28.0,38.0,33.0,28.0,80.0,93.0,0.01,0.0,0.0,7.49,48.0,7.83,17.0,0.0,35.0,0.0,15.0,0.0,0.0,9.29,1.0,0.0,0.0,0.0,0.0,0.0,0.0,-0.3251276029999093,0.9456701548465688,-0.6149269413476359,0.7885840835350667
135900,122660.0,123064.0,128232.0,129350.0,123523.0,133852.0,122342.0,115082.0,116338.0,126323.14285714286,123098.4,25.0,40.0,32.5,20.3,68.0,84.0,0.0,0.0,0.0,9.13,0.0,8.82,17.5,0.0,34.0,0.0,16.0,0.0,0.0,9.28,0.0,1.0,0.0,0.0,0.0,0.0,0.0,-0.30881248126625377,0.9511229423235357,-0.587437271616382,0.8092697028283593
138164,135900.0,122660.0,123064.0,129080.0,128130.0,128798.0,126704.0,125997.0,115082.0,127258.85714285714,123841.36666666668,31.0,39.0,35.0,20.2,61.0,76.0,0.0,0.0,0.0,8.95,52.0,8.81,15.0,0.0,33.5,0.0,16.5,0.0,0.0,9.27,0.0,0.0,1.0,0.0,0.0,0.0,0.0,-0.29240597695107734,0.9562942772197719,-0.5592523247663436,0.828997489286572
137623,138164.0,135900.0,122660.0,126511.0,128004.0,124175.0,125824.0,126500.0,125997.0,128556.57142857143,124826.36666666668,33.0,42.0,37.5,30.7,82.0,92.0,0.51,0.0,0.0,1.48,100.0,0.0,12.5,0.0,35.0,0.0,15.0,0.0,0.0,9.26,0.0,0.0,0.0,1.0,0.0,0.0,0.0,-0.27591294500296043,0.9611826292540837,-0.5304054598463659,0.8477440935595867
137442,137623.0,138164.0,135900.0,125365.0,129814.0,111890.0,127120.0,126642.0,126500.0,130144.0,125335.73333333334,38.0,44.0,41.0,38.5,92.0,94.0,0.85,0.0,0.0,1.55,100.0,0.0,9.0,0.0,37.8,0.0,12.2,0.0,0.0,9.26,0.0,0.0,0.0,0.0,1.0,0.0,0.0,-0.2593382659754056,0.9657865518844574,-0.5009308193361626,0.8654873276017395
133487,137442.0,137623.0,138164.0,128232.0,130336.0,117118.0,127603.0,124172.0,126642.0,131869.2857142857,125693.66666666669,36.0,44.0,40.0,28.6,69.0,92.0,0.0,0.0,0.0,8.08,34.0,8.16,10.0,0.0,39.5,0.0,10.5,1.0,0.0,9.25,0.0,0.0,0.0,0.0,0.0,1.0,0.0,-0.2426868445825954,0.9701046827361175,-0.4708632887360563,0.8822061909330864
122638,133487.0,137442.0,137623.0,123064.0,118313.0,112375.0,119887.0,120573.0,124172.0,132620.0,125949.1,32.0,40.0,36.0,21.9,64.0,80.0,0.0,0.0,0.0,7.03,29.0,8.56,14.0,0.0,39.0,0.0,11.0,1.0,0.0,9.25,0.0,0.0,0.0,0.0,0.0,0.0,1.0,-0.22596360824801906,0.974135744004672,-0.4402384552773285,0.8978808954950716
122612,122638.0,133487.0,137442.0,122660.0,116521.0,113056.0,121080.0,117721.0,120573.0,132559.14285714287,125799.7,31.0,39.0,35.0,19.5,59.0,68.0,0.0,0.0,0.0,8.77,6.0,8.74,15.0,0.0,37.0,0.0,13.0,0.0,0.0,9.25,1.0,0.0,0.0,0.0,0.0,0.0,0.0,-0.20917350564635637,0.9778785428342386,-0.40909256580197667,0.9124928890712274
136653,122612.0,122638.0,133487.0,135900.0,129350.0,123523.0,133852.0,118663.0,117721.0,132552.2857142857,125633.33333333331,30.0,39.0,34.5,21.6,65.0,75.0,0.0,0.0,0.0,8.77,7.0,8.83,15.5,0.0,35.2,0.0,14.8,0.0,0.0,9.24,0.0,1.0,0.0,0.0,0.0,0.0,0.0,-0.19232150523909483,0.9813319716704275,-0.3774624838618108,0.9260248772451376
136279,136653.0,122612.0,122638.0,138164.0,129080.0,128130.0,128798.0,133775.0,118663.0,132659.85714285713,126192.2,27.0,40.0,33.5,23.0,75.0,87.0,0.0,0.0,0.0,8.62,46.0,8.57,16.5,0.0,34.3,0.0,15.7,0.0,0.0,9.24,0.0,0.0,1.0,0.0,0.0,0.0,0.0,-0.17541259380427843,0.9844950085880858,-0.345385646087603,0.9384608438697104
136074,136279.0,136653.0,122612.0,137623.0,126511.0,128004.0,124175.0,132331.0,133775.0,132390.57142857142,126698.83333333331,35.0,47.0,41.0,34.4,89.0,96.0,0.23,0.0,0.0,2.02,100.0,0.75,9.0,0.0,36.3,0.0,13.7,0.0,0.0,9.24,0.0,0.0,0.0,1.0,0.0,0.0,0.0,-0.15845177496083632,0.9873667175937016,-0.3129000178799537,0.949786070023521
133835,136074.0,136279.0,136653.0,137442.0,125365.0,129814.0,111890.0,128868.0,132331.0,132169.2857142857,126772.9,8.0,58.0,33.0,31.7,79.0,98.0,1.83,0.0,0.0,1.88,74.0,0.71,17.0,0.0,35.8,0.0,14.2,0.0,0.0,9.24,0.0,0.0,0.0,0.0,1.0,0.0,0.0,-0.14144406768794202,0.9899462489023779,-0.2800440484743445,0.9599871514317777
134353,133835.0,136074.0,136279.0,133487.0,128232.0,130336.0,117118.0,132307.0,128868.0,131654.0,126940.8,7.0,15.0,11.0,-11.3,34.0,41.0,0.0,0.0,0.0,8.69,20.0,8.88,39.0,0.0,28.3,0.0,21.7,1.0,0.0,9.25,0.0,0.0,0.0,0.0,0.0,1.0,0.0,-0.12439450483979998,0.9922328391893008,-0.2468566254334839,0.9690520143313219
145577,134353.0,133835.0,136074.0,122638.0,123064.0,118313.0,112375.0,124106.0,132307.0,131777.7142857143,127280.06666666668,14.0,28.0,21.0,0.3,41.0,53.0,0.0,0.0,0.0,8.95,0.0,8.97,29.0,0.0,21.7,0.0,28.3,1.0,1.0,9.25,0.0,0.0,0.0,0.0,0.0,0.0,1.0,-0.10730813165636247,0.9942258118156161,-0.21337702862092797,0.9769699297608415
137906,145577.0,134353.0,133835.0,122612.0,122660.0,116521.0,113056.0,115095.0,124106.0,135054.7142857143,128402.96666666666,18.0,29.0,23.5,3.9,43.0,51.0,0.0,0.0,0.0,8.79,49.0,8.6,26.5,0.0,18.5,0.0,31.5,0.0,1.0,9.25,1.0,0.0,0.0,0.0,0.0,0.0,0.0,-0.09019000427034513,0.9959245770286599,-0.179644883710313,0.9837315262594303
140298,137906.0,145577.0,134353.0,136653.0,135900.0,129350.0,123523.0,113618.0,115095.0,137239.57142857142,129095.9,29.0,35.0,32.0,14.1,53.0,70.0,0.0,0.0,0.0,8.66,41.0,8.76,18.0,0.0,25.5,0.0,24.5,0.0,0.0,9.26,0.0,1.0,0.0,0.0,0.0,0.0,0.0,-0.07304518821104743,0.9973286321364752,-0.14570011528535065,0.9893288009584253
141967,140298.0,137906.0,145577.0,136279.0,138164.0,129080.0,128130.0,127916.0,113618.0,137760.2857142857,130026.66666666669,33.0,47.0,40.0,23.1,67.0,83.0,0.0,0.0,0.0,8.4,62.0,8.66,10.0,0.0,31.8,0.0,18.2,0.0,0.0,9.27,0.0,0.0,1.0,0.0,0.0,0.0,0.0,-0.05587875690537313,0.9984375616565666,-0.11158289958600157,0.9937551290534204
134018,141967.0,140298.0,137906.0,136074.0,137623.0,126511.0,128004.0,125714.0,127916.0,138572.85714285713,130990.36666666668,40.0,51.0,45.5,29.9,76.0,85.0,0.0,0.0,0.0,8.32,69.0,8.45,4.5,0.0,39.2,0.0,10.8,0.0,0.0,9.27,0.0,0.0,0.0,1.0,0.0,0.0,0.0,-0.03869579017652689,0.9992510374388481,-0.07733361695682096,0.9970052716452285
129523,134018.0,141967.0,140298.0,133835.0,137442.0,125365.0,129814.0,125574.0,125714.0,138279.14285714287,131340.2,46.0,62.0,54.0,36.0,75.0,88.0,0.0,0.0,0.0,8.18,49.0,8.33,0.0,0.0,46.5,0.0,4.8,0.0,0.0,9.28,0.0,0.0,0.0,0.0,1.0,0.0,0.0,-0.021501372740813793,0.999768818762748,-0.04299280405372191,0.9990753819405211
124166,129523.0,134018.0,141967.0,134353.0,133487.0,128232.0,130336.0,123116.0,125574.0,137663.14285714287,131386.63333333333,50.0,55.0,52.5,47.4,97.0,100.0,0.28,0.0,0.0,1.6,100.0,0.0,0.0,0.0,50.7,0.0,1.5,1.0,0.0,9.29,0.0,0.0,0.0,0.0,0.0,1.0,0.0,-0.004300592702981974,0.9999907524084426,-0.008601105865714402,0.9999630098048061
117173,124166.0,129523.0,134018.0,145577.0,122638.0,123064.0,118313.0,117546.0,123116.0,136207.85714285713,131258.7,49.0,55.0,52.0,43.1,83.0,99.0,0.0,0.0,0.0,7.87,46.0,8.43,0.0,0.0,52.8,0.0,0.0,1.0,1.0,9.31,0.0,0.0,0.0,0.0,0.0,0.0,1.0,0.017201575418260506,0.9998520419557735,0.03439806061360801,0.9994082116062598
110714,117173.0,124166.0,129523.0,137906.0,122612.0,122660.0,116521.0,111503.0,117546.0,132150.14285714287,130837.33333333331,49.0,56.0,52.5,41.8,84.0,93.0,0.02,0.0,0.0,5.77,90.0,4.47,0.0,0.0,52.3,0.0,0.0,0.0,1.0,9.32,1.0,0.0,0.0,0.0,0.0,0.0,0.0,0.03439806061360801,0.9994082116062598,0.06875540848113941,0.9976335468520451
115759,110714.0,117173.0,124166.0,140298.0,136653.0,135900.0,129350.0,112459.0,111503.0,128265.57142857143,130183.26666666666,47.0,58.0,52.5,48.3,96.0,98.0,0.42,0.0,0.0,1.35,100.0,0.0,0.0,0.0,52.3,0.0,0.0,0.0,0.0,9.33,0.0,1.0,0.0,0.0,0.0,0.0,0.0,0.051584366869408364,0.9986686402879997,0.10303137904317879,0.9946781061893646
125253,115759.0,110714.0,117173.0,141967.0,136279.0,138164.0,129080.0,134716.0,112459.0,124760.0,130098.13333333332,49.0,66.0,57.5,54.3,94.0,99.0,0.02,0.0,0.0,6.63,97.0,6.11,0.0,0.0,54.2,0.0,0.0,0.0,0.0,9.35,0.0,0.0,1.0,0.0,0.0,0.0,0.0,0.06875540848113941,0.9976335468520451,0.13718540405660057,0.9905453876091833
122698,125253.0,115759.0,110714.0,134018.0,136074.0,137623.0,126511.0,139254.0,134716.0,122372.28571428572,130389.2,44.0,50.0,47.0,47.3,92.0,100.0,0.01,0.0,0.0,4.44,97.0,2.61,3.0,0.0,52.3,0.0,1.0,0.0,0.0,9.36,0.0,0.0,0.0,1.0,0.0,0.0,0.0,0.08590610426133272,0.9963032375991965,0.17117705961019986,0.985240282501282
124238,122698.0,125253.0,115759.0,129523.0,133835.0,137442.0,125365.0,134358.0,139254.0,120755.14285714286,130167.46666666666,39.0,49.0,44.0,38.8,86.0,97.0,0.27,0.0,0.0,3.76,71.0,2.78,6.0,0.0,49.5,0.0,3.0,0.0,0.0,9.38,0.0,0.0,0.0,0.0,1.0,0.0,0.0,0.10303137904317879,0.9946781061893646,0.20496611396949532,0.9787690698649216
126034,124238.0,122698.0,125253.0,124166.0,134353.0,133487.0,128232.0,132221.0,134358.0,120000.14285714286,130006.06666666668,37.0,45.0,41.0,28.7,69.0,84.0,0.0,0.0,0.0,6.9,49.0,4.6,9.0,0.0,44.0,0.0,6.0,1.0,0.0,9.4,0.0,0.0,0.0,0.0,0.0,1.0,0.0,0.1201261651823505,0.9927586335250793,0.23851257519407648,0.9711394088771653
119605,126034.0,124238.0,122698.0,117173.0,145577.0,122638.0,123064.0,137445.0,132221.0,120267.0,129990.16666666669,33.0,41.0,37.0,25.2,69.0,85.0,0.0,0.0,0.0,8.87,37.0,8.49,13.0,0.0,40.7,0.0,9.3,1.0,0.0,9.42,0.0,0.0,0.0,0.0,0.0,0.0,1.0,0.13718540405660057,0.9905453876091833,0.2717767384711357,0.9623603298276545
119410,119605.0,126034.0,124238.0,110714.0,137906.0,122612.0,122660.0,133150.0,137445.0,120614.42857142857,129798.16666666669,37.0,44.0,40.5,29.6,76.0,98.0,0.01,0.0,0.0,7.94,43.0,7.8,9.5,0.0,39.5,0.0,10.5,0.0,0.0,9.44,1.0,0.0,0.0,0.0,0.0,0.0,0.0,0.1542040475626894,0.988039023376751,0.3047192331091634,0.9524422234305676
129903,119410.0,119605.0,126034.0,115759.0,140298.0,136653.0,135900.0,127534.0,133150.0,121856.71428571428,129504.1,38.0,41.0,39.5,26.8,67.0,79.0,0.0,0.0,0.0,5.83,80.0,5.63,10.5,0.0,39.0,0.0,11.0,0.0,0.0,9.46,0.0,1.0,0.0,0.0,0.0,0.0,0.0,0.17117705961019986,0.985240282501282,0.3373010691361842,0.9413968285264122
132382,129903.0,119410.0,119605.0,125253.0,141967.0,136279.0,138164.0,138829.0,127534.0,123877.28571428572,129732.06666666668,35.0,39.0,37.0,24.0,69.0,80.0,0.0,0.0,0.0,6.74,82.0,6.28,13.0,0.0,39.0,0.0,11.0,0.0,0.0,9.48,0.0,0.0,1.0,0.0,0.0,0.0,0.0,0.18809941761179758,0.9821499931752291,0.3694836834473831,0.9292372181882051
133149,132382.0,129903.0,119410.0,122698.0,134018.0,136074.0,137623.0,148481.0,138829.0,124895.71428571428,130056.13333333332,37.0,55.0,46.0,38.6,89.0,96.0,0.3,0.0,0.0,1.76,89.0,0.0,4.0,0.0,40.8,0.0,9.2,0.0,0.0,9.5,0.0,0.0,0.0,1.0,0.0,0.0,0.0,0.20496611396949532,0.9787690698649216,0.4012289854475009,0.9159777842484877
130978,133149.0,132382.0,129903.0,124238.0,129523.0,133835.0,137442.0,142547.0,148481.0,126388.71428571428,129964.43333333332,38.0,57.0,47.5,42.3,79.0,93.0,0.09,0.0,0.0,3.7,100.0,2.0,2.5,0.0,43.5,0.0,6.5,0.0,0.0,9.53,0.0,0.0,0.0,0.0,1.0,0.0,0.0,0.22177215755648186,0.975098513039961,0.4324994021339788,0.901634220265486
125833,130978.0,133149.0,132382.0,126034.0,124166.0,134353.0,133487.0,133542.0,142547.0,127351.57142857143,129724.9,31.0,38.0,34.5,19.8,57.0,61.0,0.0,0.0,0.0,2.15,99.0,0.0,15.5,0.0,42.7,0.0,7.3,1.0,0.0,9.55,0.0,0.0,0.0,0.0,0.0,1.0,0.0,0.23851257519407648,0.9711394088771653,0.4632579225674917,0.88622350294858
124317,125833.0,130978.0,133149.0,119605.0,117173.0,145577.0,122638.0,133409.0,133542.0,127322.85714285714,129331.9,30.0,41.0,35.5,15.8,51.0,63.0,0.0,0.0,0.0,9.61,38.0,9.27,14.5,0.0,39.2,0.0,10.8,1.0,0.0,9.57,0.0,0.0,0.0,0.0,0.0,0.0,1.0,0.2551824131233728,0.9668929289391521,0.49346814167723735,0.8697638720650646
123983,124317.0,125833.0,130978.0,119410.0,110714.0,137906.0,122612.0,140347.0,133409.0,127996.0,128894.4,28.0,48.0,38.0,13.4,42.0,71.0,0.0,0.0,0.0,9.98,13.0,9.0,12.0,0.0,36.0,0.0,14.0,0.0,1.0,9.6,1.0,0.0,0.0,0.0,0.0,0.0,0.0,0.2717767384711357,0.9623603298276545,0.5230943033491326,0.8522748088519838
129779,123983.0,124317.0,125833.0,129903.0,115759.0,140298.0,136653.0,139718.0,140347.0,128649.28571428572,128577.6,35.0,47.0,41.0,22.1,56.0,81.0,0.0,0.0,0.0,5.49,69.0,4.13,9.0,0.0,38.2,0.0,11.8,0.0,0.0,9.63,0.0,1.0,0.0,0.0,0.0,0.0,0.0,0.2882906407095177,0.9575429528116719,0.5521013427459208,0.8337770129585915
132506,129779.0,123983.0,124317.0,132382.0,125253.0,141967.0,136279.0,135330.0,139718.0,128631.57142857143,128815.63333333332,42.0,53.0,47.5,36.9,77.0,95.0,0.05,0.0,0.0,7.33,54.0,7.93,2.5,0.0,42.2,0.0,7.8,0.0,0.0,9.65,0.0,0.0,1.0,0.0,0.0,0.0,0.0,0.3047192331091634,0.9524422234305676,0.580454927809098,0.8142923779467267
127929,132506.0,129779.0,123983.0,133149.0,122698.0,134018.0,136074.0,139668.0,135330.0,128649.28571428572,129145.43333333332,40.0,44.0,42.0,36.9,91.0,99.0,0.87,0.0,0.0,1.37,99.0,0.0,8.0,0.0,43.5,0.0,6.5,0.0,0.0,9.68,0.0,0.0,0.0,1.0,0.0,0.0,0.0,0.321057654185271,0.9470596510722283,0.6081214998935418,0.7938439653781019
129925,127929.0,132506.0,129779.0,130978.0,124238.0,129523.0,133835.0,135598.0,139668.0,127903.57142857143,128854.63333333332,40.0,49.0,44.5,35.6,81.0,99.0,0.0,0.0,0.0,6.3,63.0,6.3,5.5,0.0,44.7,0.0,5.3,0.0,0.0,9.71,0.0,0.0,0.0,0.0,1.0,0.0,0.0,0.3373010691361842,0.9413968285264122,0.6350683134867438,0.7724559775191742
128047,129925.0,127929.0,132506.0,125833.0,126034.0,124166.0,134353.0,137146.0,135598.0,127753.14285714286,128642.83333333331,37.0,42.0,39.5,26.3,67.0,86.0,0.0,0.0,0.0,7.62,53.0,7.03,10.5,0.0,42.0,0.0,8.0,1.0,0.0,9.74,0.0,0.0,0.0,0.0,0.0,1.0,0.0,0.3534446712740877,0.9354554315134164,0.6612634749656386,0.7501537286959042
121740,128047.0,129925.0,127929.0,124317.0,119605.0,117173.0,145577.0,149322.0,137146.0,128069.42857142857,128375.26666666666,36.0,42.0,39.0,28.2,80.0,98.0,0.51,0.0,0.0,5.48,85.0,4.62,11.0,0.0,41.0,0.0,9.0,1.0,0.0,9.77,0.0,0.0,0.0,0.0,0.0,0.0,1.0,0.3694836834473831,0.9292372181882051,0.6866759803451553,0.726963615332308
120381,121740.0,128047.0,129925.0,123983.0,119410.0,110714.0,137906.0,139874.0,149322.0,127701.28571428572,127972.1,36.0,39.0,37.5,33.4,90.0,98.0,0.41,0.0,0.0,2.12,90.0,0.26,12.5,0.0,38.7,0.0,11.3,0.0,0.0,9.8,1.0,0.0,0.0,0.0,0.0,0.0,0.0,0.38541335945432564,0.9227440286201427,0.7112757519738152,0.7029130847082615
134041,120381.0,121740.0,128047.0,129779.0,129903.0,115759.0,140298.0,132244.0,139874.0,127186.71428571428,127506.36666666668,35.0,46.0,40.5,24.9,65.0,78.0,0.0,0.0,0.0,10.33,45.0,8.18,9.5,0.0,39.0,0.0,11.0,0.0,0.0,9.83,0.0,1.0,0.0,0.0,0.0,0.0,0.0,0.4012289854475009,0.9159777842484877,0.7350336741329413,0.6780306024735382
132393,134041.0,120381.0,121740.0,132506.0,132382.0,125253.0,141967.0,140301.0,132244.0,127795.57142857143,127121.83333333331,35.0,54.0,44.5,31.5,85.0,99.0,0.9,0.0,0.0,2.37,100.0,0.0,5.5,0.0,40.8,0.0,9.2,0.0,0.0,9.87,0.0,0.0,1.0,0.0,0.0,0.0,0.0,0.4169258813287287,0.908940487313808,0.7579216274973472,0.6523456189565257
133865,132393.0,134041.0,120381.0,127929.0,133149.0,122698.0,134018.0,137320.0,140301.0,127779.42857142857,126938.06666666668,41.0,57.0,49.0,35.1,70.0,98.0,0.44,0.0,0.0,9.23,60.0,9.4,1.0,0.0,44.7,0.0,5.3,0.0,0.0,9.9,0.0,0.0,0.0,1.0,0.0,0.0,0.0,0.4324994021339788,0.901634220265486,0.7799125224167177,0.6258885343075018
130359,133865.0,132393.0,134041.0,129925.0,130978.0,124238.0,129523.0,144575.0,137320.0,128627.42857142857,126723.63333333332,35.0,44.0,39.5,24.6,65.0,88.0,0.0,0.0,0.0,9.41,21.0,8.74,10.5,0.0,44.3,0.0,5.7,0.0,0.0,9.93,0.0,0.0,0.0,0.0,1.0,0.0,0.0,0.44794493940789115,0.8940611451454876,0.8009803309782905,0.5986906625177214
130038,130359.0,133865.0,132393.0,128047.0,125833.0,126034.0,124166.0,145739.0,144575.0,128689.42857142857,126336.7,36.0,52.0,44.0,27.0,61.0,79.0,0.0,0.0,0.0,10.39,65.0,8.17,6.0,0.0,44.2,0.0,5.8,1.0,0.0,9.97,0.0,0.0,0.0,0.0,0.0,1.0,0.0,0.4632579225674917,0.88622350294858,0.8211001178128892,0.5707841943569036
118723,130038.0,130359.0,133865.0,121740.0,124317.0,119605.0,117173.0,142816.0,145739.0,128973.85714285714,126204.03333333334,42.0,53.0,47.5,33.4,73.0,90.0,0.0,0.0,0.0,4.84,94.0,2.54,2.5,0.0,43.7,0.0,6.3,1.0,0.0,10.0,0.0,0.0,0.0,0.0,0.0,0.0,1.0,0.4784338202547012,0.8781236129591848,0.8402480696078469,0.5422021592729844
115804,118723.0,130038.0,130359.0,120381.0,123983.0,119410.0,110714.0,142200.0,142816.0,128542.85714285714,125844.03333333334,43.0,55.0,49.0,38.1,83.0,94.0,0.0,0.0,0.0,9.57,67.0,7.89,1.0,0.0,46.8,0.0,3.2,0.0,0.0,10.04,1.0,0.0,0.0,0.0,0.0,0.0,0.0,0.49346814167723735,0.8697638720650646,0.8584015232918917,0.512978386299228
125165,115804.0,118723.0,130038.0,134041.0,129779.0,129903.0,115759.0,142253.0,142200.0,127889.0,125565.3,31.0,50.0,40.5,26.8,68.0,98.0,0.06,0.0,0.0,4.15,99.0,1.34,9.5,0.0,45.7,0.0,4.3,0.0,0.0,10.08,0.0,1.0,0.0,0.0,0.0,0.0,0.0,0.5083564379375122,0.8611467540480452,0.8755389928586302,0.4831474640149687
130743,125165.0,115804.0,118723.0,132393.0,132506.0,132382.0,125253.0,147344.0,142253.0,126621.0,125831.7,26.0,38.0,32.0,14.9,52.0,70.0,0.02,0.4,0.0,11.61,47.0,9.82,18.0,0.0,40.5,0.0,9.5,0.0,0.0,10.11,0.0,0.0,1.0,0.0,0.0,0.0,0.0,0.5230943033491326,0.8522748088519838,0.8916401947968874,0.45274469960737107
135393,130743.0,125165.0,115804.0,133865.0,127929.0,133149.0,122698.0,142802.0,147344.0,126385.28571428572,126499.33333333331,29.0,40.0,34.5,15.3,52.0,72.0,0.0,0.0,0.0,11.67,72.0,9.33,15.5,0.0,35.7,0.0,14.3,0.0,0.0,10.15,0.0,0.0,0.0,1.0,0.0,0.0,0.0,0.5376773767406141,0.8431506618282,0.9066860720977985,0.4218060770826634
135473,135393.0,130743.0,125165.0,130359.0,129925.0,130978.0,124238.0,137071.0,142802.0,126603.57142857143,127153.8,11.0,35.0,23.0,2.4,41.0,67.0,0.0,0.0,0.0,12.66,39.0,9.85,27.0,0.0,29.8,0.0,20.2,0.0,0.0,10.19,0.0,0.0,0.0,0.0,1.0,0.0,0.0,0.5521013427459208,0.8337770129585915,0.9206588168102428,0.3903682146763026
145270,135473.0,135393.0,130743.0,130038.0,128047.0,125833.0,126034.0,133348.0,137071.0,127334.14285714286,127494.46666666666,3.0,27.0,15.0,-10.8,32.0,49.0,0.0,0.0,0.0,12.76,21.0,9.87,35.0,0.0,24.2,0.0,25.8,1.0,0.0,10.23,0.0,0.0,0.0,0.0,0.0,1.0,0.0,0.5663619330814524,0.8241566360566663,0.9335418911179212,0.35846832151248087
147495,145270.0,135473.0,135393.0,118723.0,121740.0,124317.0,119605.0,135853.0,133348.0,129510.14285714286,128246.86666666668,27.0,49.0,38.0,17.9,53.0,69.0,0.0,0.0,0.0,9.58,97.0,8.42,12.0,0.0,25.3,0.0,24.7,1.0,0.0,10.26,0.0,0.0,0.0,0.0,0.0,0.0,1.0,0.580454927809098,0.8142923779467267,0.945320046913132,0.3261441535642696
129341,147495.0,145270.0,135473.0,115804.0,120381.0,123983.0,119410.0,135098.0,135853.0,133620.42857142858,129022.1,34.0,52.0,43.0,29.7,69.0,87.0,0.0,0.0,0.0,10.94,28.0,8.56,7.0,0.0,32.0,0.0,18.0,0.0,0.0,10.3,1.0,0.0,0.0,0.0,0.0,0.0,0.0,0.5943761565849831,0.804187157621448,0.9559793438440766,0.2934339689665273
131645,129341.0,147495.0,145270.0,125165.0,134041.0,129779.0,129903.0,134794.0,135098.0,135554.2857142857,129132.33333333331,30.0,43.0,36.5,23.7,70.0,86.0,0.02,0.0,0.0,10.37,64.0,7.3,13.5,0.0,39.2,0.0,10.8,0.0,0.0,10.34,0.0,1.0,0.0,0.0,0.0,0.0,0.0,0.6081214998935418,0.7938439653781019,0.9655071658143364,0.2603764827344581
134177,131645.0,129341.0,147495.0,130743.0,132393.0,132506.0,132382.0,140534.0,134794.0,136480.0,129533.66666666669,39.0,53.0,46.0,32.6,74.0,90.0,0.0,0.0,0.0,12.1,35.0,9.94,4.0,0.0,41.8,0.0,8.2,0.0,0.0,10.38,0.0,0.0,1.0,0.0,0.0,0.0,0.0,0.6216868902665479,0.7832658619336791,0.9738922359149924,0.22701082094141847
128501,134177.0,131645.0,129341.0,135393.0,133865.0,127929.0,133149.0,134807.0,140534.0,136970.57142857142,130025.9,42.0,55.0,48.5,34.6,81.0,91.0,0.0,0.0,0.0,3.33,86.0,0.1,1.5,0.0,43.7,0.0,6.3,0.0,0.0,10.42,0.0,0.0,0.0,1.0,0.0,0.0,0.0,0.6350683134867438,0.7724559775191742,0.981124629771712,0.19337647441020586
128685,128501.0,134177.0,131645.0,135473.0,130359.0,129925.0,130978.0,134151.0,134807.0,135986.0,129979.16666666669,45.0,61.0,53.0,40.6,67.0,88.0,0.0,0.0,0.0,12.88,43.0,9.99,0.0,0.0,49.2,0.0,1.8,0.0,0.0,10.46,0.0,0.0,0.0,0.0,1.0,0.0,0.0,0.6482618097757122,0.7614175109532997,0.9871957872910085,0.15951325197263655
122360,128685.0,128501.0,134177.0,145270.0,130038.0,128047.0,125833.0,129433.0,134151.0,135016.2857142857,129855.93333333332,36.0,46.0,41.0,23.1,55.0,78.0,0.0,0.0,0.0,13.62,22.0,10.0,9.0,0.0,47.5,0.0,3.5,1.0,0.0,10.5,0.0,0.0,0.0,0.0,0.0,1.0,0.0,0.6612634749656386,0.7501537286959042,0.992098522791769,0.12546123335273648
116598,122360.0,128685.0,128501.0,147495.0,118723.0,121740.0,124317.0,126087.0,129433.0,131743.42857142858,129496.3,38.0,48.0,43.0,26.7,68.0,83.0,0.01,0.0,0.0,7.95,100.0,3.76,7.0,0.0,45.7,0.0,5.3,1.0,0.0,10.54,0.0,0.0,0.0,0.0,0.0,0.0,1.0,0.6740694616546161,0.7386679638813748,0.9958270335100595,0.09126072172931188
116261,116598.0,122360.0,128685.0,129341.0,115804.0,120381.0,123983.0,114792.0,126087.0,127329.57142857143,129016.96666666666,41.0,57.0,49.0,24.6,48.0,64.0,0.0,0.0,0.0,13.86,51.0,10.0,1.0,0.0,44.3,0.0,5.7,0.0,0.0,10.58,1.0,0.0,0.0,0.0,0.0,0.0,0.0,0.6866759803451553,0.726963615332308,0.998376906467142,0.056952196034039754
124713,116261.0,116598.0,122360.0,131645.0,125165.0,134041.0,129779.0,123675.0,114792.0,125461.0,128697.9,40.0,54.0,47.0,27.0,54.0,71.0,0.0,0.0,0.0,14.13,18.0,10.15,3.0,0.0,46.3,0.0,3.7,0.0,0.0,10.62,0.0,1.0,0.0,0.0,0.0,0.0,0.0,0.6990793005655562,0.7150441465537444,0.9997451236925734,0.022576263041545485
124168,124713.0,116261.0,116598.0,134177.0,130743.0,132393.0,132506.0,145185.0,123675.0,124470.71428571428,128711.1,47.0,67.0,57.0,37.6,63.0,76.0,0.0,0.0,0.0,12.62,77.0,8.43,0.0,0.0,51.0,0.0,1.3,0.0,0.0,10.67,0.0,0.0,1.0,0.0,0.0,0.0,0.0,0.7112757519738152,0.7029130847082615,0.9999300657962057,-0.011826390691832589
122571,124168.0,124713.0,116261.0,128501.0,135393.0,133865.0,127929.0,146849.0,145185.0,123040.85714285714,128717.26666666666,56.0,70.0,63.0,45.4,72.0,94.0,0.07,0.0,0.0,8.19,90.0,5.93,0.0,0.0,55.7,0.0,1.0,0.0,0.0,10.71,0.0,0.0,0.0,1.0,0.0,0.0,0.0,0.7232617254437388,0.6905740195722293,0.9989315138848577,-0.046215046983708354
120734,122571.0,124168.0,124713.0,128685.0,135473.0,130359.0,129925.0,137341.0,146849.0,122193.71428571428,128477.0,32.0,61.0,46.5,43.9,83.0,98.0,0.18,0.0,0.0,3.14,91.0,0.0,3.5,0.0,55.5,0.0,1.2,0.0,0.0,10.75,0.0,0.0,0.0,0.0,1.0,0.0,0.0,0.7350336741329413,0.6780306024735382,0.9967506498213929,-0.08054900421874167
123029,120734.0,122571.0,124168.0,122360.0,145270.0,130038.0,128047.0,125473.0,137341.0,121057.85714285714,128084.6,27.0,43.0,35.0,16.9,51.0,66.0,0.0,0.0,0.0,15.05,11.0,10.28,15.0,0.0,48.2,0.0,6.2,1.0,0.0,10.8,0.0,0.0,0.0,0.0,0.0,1.0,0.0,0.746588114532413,0.6652865452111116,0.9933900548258936,-0.11478762552212701
118794,123029.0,120734.0,122571.0,116598.0,147495.0,118723.0,121740.0,126067.0,125473.0,121153.42857142857,127921.26666666666,37.0,50.0,43.5,29.8,70.0,87.0,0.0,0.0,0.0,8.5,91.0,4.51,6.5,0.0,41.7,0.0,8.3,1.0,0.0,10.84,0.0,0.0,0.0,0.0,0.0,0.0,1.0,0.7579216274973472,0.6523456189565257,0.9888537064205885,-0.1488903868564548
114515,118794.0,123029.0,120734.0,116261.0,129341.0,115804.0,120381.0,125608.0,126067.0,121467.14285714286,127550.23333333334,47.0,61.0,54.0,39.7,77.0,96.0,0.0,0.0,0.0,7.92,77.0,4.17,0.0,0.0,44.2,0.0,7.2,0.0,1.0,10.88,1.0,0.0,0.0,0.0,0.0,0.0,0.0,0.7690308592589181,0.6392116531380588,0.9831469737221499,-0.1828169249850199
115965,114515.0,118794.0,123029.0,124713.0,131645.0,125165.0,134041.0,126100.0,125608.0,121217.71428571428,127099.16666666669,37.0,50.0,43.5,35.0,84.0,97.0,0.27,0.0,0.0,5.65,84.0,1.55,6.5,0.0,47.0,0.0,4.3,0.0,0.0,10.93,0.0,1.0,0.0,0.0,0.0,0.0,0.0,0.7799125224167177,0.6258885343075018,0.9762766110869321,-0.21652708524481437
125622,115965.0,114515.0,118794.0,124168.0,134177.0,130743.0,132393.0,123351.0,126100.0,119968.0,126906.66666666669,37.0,44.0,40.5,29.8,78.0,94.0,0.14,0.0,0.0,6.54,77.0,3.17,9.5,0.0,46.0,0.0,5.3,0.0,0.0,10.97,0.0,0.0,1.0,0.0,0.0,0.0,0.0,0.7905633969115482,0.612380204990065,0.9682507501166718,-0.2499809690726521
127740,125622.0,115965.0,114515.0,122571.0,128501.0,135393.0,133865.0,126094.0,123351.0,120175.71428571428,127081.36666666668,38.0,44.0,41.0,36.3,89.0,95.0,0.02,0.0,0.0,6.76,87.0,2.99,9.0,0.0,41.7,0.0,8.3,0.0,0.0,11.01,0.0,0.0,0.0,1.0,0.0,0.0,0.0,0.8009803309782905,0.5986906625177214,0.9590788900341131,-0.28313898122818354
129068,127740.0,125622.0,115965.0,120734.0,128685.0,135473.0,130359.0,122394.0,126094.0,120914.14285714286,126871.33333333331,25.0,45.0,35.0,24.8,61.0,96.0,0.0,0.0,0.0,14.15,42.0,9.61,15.0,0.0,38.8,0.0,11.2,0.0,0.0,11.06,0.0,0.0,0.0,0.0,1.0,0.0,0.0,0.8111602420785621,0.5848239578463322,0.9487718864399473,-0.31596187665790293
127964,129068.0,127740.0,125622.0,123029.0,122360.0,145270.0,130038.0,132698.0,122394.0,122104.71428571428,126760.5,23.0,33.0,28.0,15.0,63.0,87.0,0.0,0.0,0.0,6.39,70.0,0.0,22.0,0.0,34.7,0.0,15.3,1.0,0.0,11.1,0.0,0.0,0.0,0.0,0.0,1.0,0.0,0.8211001178128892,0.5707841943569036,0.9373419384643772,-0.3484108069446808
128870,127964.0,129068.0,127740.0,118794.0,116598.0,147495.0,118723.0,135833.0,132698.0,122809.71428571428,126563.8,30.0,50.0,40.0,25.7,71.0,95.0,0.0,0.0,0.0,13.48,23.0,10.65,10.0,0.0,34.3,0.0,15.7,1.0,0.0,11.14,0.0,0.0,0.0,0.0,0.0,0.0,1.0,0.8307970168121247,0.5565755266413303,0.9248025743285089,-0.38044736628785164
121861,128870.0,127964.0,129068.0,114515.0,116261.0,129341.0,115804.0,127373.0,135833.0,124249.14285714286,126514.16666666669,33.0,46.0,39.5,23.7,65.0,88.0,0.21,0.9,0.0,13.96,63.0,9.3,10.5,0.0,35.8,0.0,14.2,0.0,0.0,11.19,1.0,0.0,0.0,0.0,0.0,0.0,0.0,0.8402480696078469,0.5422021592729844,0.9111686353326631,-0.41203363695942635
131002,121861.0,128870.0,127964.0,115965.0,124713.0,131645.0,125165.0,121680.0,127373.0,125298.57142857143,126241.6,32.0,38.0,35.0,32.1,93.0,97.0,0.34,0.9,2.0,1.93,81.0,0.0,15.0,0.0,38.2,0.0,11.8,0.0,0.0,11.23,0.0,1.0,0.0,0.0,0.0,0.0,0.0,0.8494504794814806,0.527668345562516,0.8964562582905575,-0.44313223418263453
136314,131002.0,121861.0,128870.0,125622.0,124168.0,134177.0,130743.0,135424.0,121680.0,127446.71428571428,126650.9,33.0,44.0,38.5,29.4,80.0,91.0,0.0,0.0,1.2,14.74,57.0,10.56,11.5,0.0,37.7,0.0,12.3,0.0,0.0,11.28,0.0,0.0,1.0,0.0,0.0,0.0,0.0,0.8584015232918917,0.512978386299228,0.8806828564301475,-0.47370635037968
132040,136314.0,131002.0,121861.0,127740.0,122571.0,128501.0,135393.0,133820.0,135424.0,128974.14285714286,127334.56666666668,39.0,54.0,46.5,36.9,79.0,99.0,0.0,0.0,0.0,10.54,100.0,5.37,3.5,0.0,40.0,0.0,10.0,0.0,0.0,11.32,0.0,0.0,0.0,1.0,0.0,0.0,0.0,0.8670985522812081,0.4981366284784055,0.8638670987837349,-0.503719798736334
128799,132040.0,136314.0,131002.0,129068.0,120734.0,128685.0,135473.0,126844.0,133820.0,129588.42857142857,127563.73333333334,37.0,47.0,42.0,28.2,70.0,91.0,0.15,0.0,0.0,11.25,85.0,6.44,8.0,0.0,42.3,0.0,7.7,0.0,0.0,11.36,0.0,0.0,0.0,0.0,1.0,0.0,0.0,0.8755389928586302,0.4831474640149687,0.8460288880917339,-0.533137056031809
128658,128799.0,132040.0,136314.0,127964.0,123029.0,122360.0,145270.0,128567.0,126844.0,129550.0,127498.93333333332,38.0,45.0,41.5,36.3,84.0,96.0,0.99,0.0,0.0,5.78,96.0,1.0,8.5,0.0,43.3,0.0,6.7,1.0,0.0,11.41,0.0,0.0,0.0,0.0,0.0,1.0,0.0,0.8837203473619977,0.4680153284438345,0.8271893372462497,-0.5619233046832195
119799,128658.0,128799.0,132040.0,128870.0,118794.0,116598.0,147495.0,134410.0,128567.0,129649.14285714286,127274.43333333332,38.0,53.0,45.5,29.9,65.0,86.0,0.0,0.0,0.0,14.31,40.0,10.87,4.5,0.0,43.0,0.0,7.0,1.0,0.0,11.45,0.0,0.0,0.0,0.0,0.0,0.0,1.0,0.8916401947968874,0.45274469960737107,0.8073707443023492,-0.5900444739548627
115276,119799.0,128658.0,128799.0,121861.0,114515.0,116261.0,129341.0,120758.0,134410.0,128353.28571428572,126751.96666666666,40.0,52.0,46.0,27.0,57.0,79.0,0.0,0.0,0.0,15.18,46.0,11.13,4.0,0.0,44.3,0.0,5.7,0.0,0.0,11.5,1.0,0.0,0.0,0.0,0.0,0.0,0.0,0.8992961915530253,0.4373400963303323,0.7865965660866021,-0.6174672802835514
125030,115276.0,119799.0,128658.0,131002.0,115965.0,124713.0,131645.0,113970.0,120758.0,127412.57142857143,125752.16666666669,33.0,47.0,40.0,21.2,50.0,68.0,0.06,0.1,0.0,17.68,60.0,9.97,10.0,0.0,43.8,0.0,6.2,0.0,0.0,11.55,0.0,1.0,0.0,0.0,0.0,0.0,0.0,0.9066860720977985,0.4218060770826634,0.7648913904341225,-0.6441592666722685
128147,125030.0,115276.0,119799.0,136314.0,125622.0,124168.0,134177.0,121327.0,113970.0,126559.42857142857,125003.33333333331,31.0,48.0,39.5,21.6,54.0,63.0,0.0,0.0,0.0,17.49,28.0,11.31,10.5,0.0,41.8,0.0,8.2,0.0,0.0,11.59,0.0,0.0,1.0,0.0,0.0,0.0,0.0,0.9138076496466615,0.4061472386305789,0.742280907086982,-0.6700888411055113
130246,128147.0,125030.0,115276.0,132040.0,127740.0,122571.0,128501.0,122942.0,121327.0,125392.71428571428,124963.53333333334,33.0,51.0,42.0,26.5,61.0,74.0,0.0,0.0,0.0,15.52,36.0,10.98,8.0,0.0,40.5,0.0,9.5,0.0,0.0,11.64,0.0,0.0,0.0,1.0,0.0,0.0,0.0,0.9206588168102428,0.3903682146763026,0.7187918772884232,-0.6952253139408722
127820,130246.0,128147.0,125030.0,128799.0,129068.0,120734.0,128685.0,130529.0,122942.0,125136.42857142857,124916.9,35.0,46.0,40.5,30.4,75.0,91.0,0.36,0.0,0.0,9.66,87.0,4.58,9.5,0.0,40.7,0.0,9.3,0.0,0.0,11.68,0.0,0.0,0.0,0.0,1.0,0.0,0.0,0.9272375462179537,0.374473674486883,0.6944521021088763,-0.719538934232584
127940,127820.0,130246.0,128147.0,128658.0,127964.0,123029.0,122360.0,127333.0,130529.0,124996.57142857143,124705.0,35.0,45.0,40.0,33.5,82.0,100.0,0.4,0.0,0.0,8.02,80.0,4.29,10.0,0.0,40.8,0.0,9.2,1.0,0.0,11.73,0.0,0.0,0.0,0.0,0.0,1.0,0.0,0.9335418911179212,0.35846832151248087,0.6692903895412567,-0.7430009249440493
119894,127940.0,127820.0,130246.0,119799.0,128870.0,118794.0,116598.0,123577.0,127333.0,124894.0,124686.3,34.0,48.0,41.0,27.0,67.0,87.0,0.0,0.0,0.0,15.02,59.0,8.99,9.0,0.0,40.5,0.0,9.5,1.0,0.0,11.77,0.0,0.0,0.0,0.0,0.0,0.0,1.0,0.9395699859530622,0.342356891994542,0.6433365204044917,-0.765583517007675
112114,119894.0,127940.0,127820.0,115276.0,121861.0,114515.0,116261.0,122876.0,123577.0,124907.57142857143,124393.26666666666,38.0,45.0,41.5,37.6,90.0,96.0,0.67,0.0,0.0,2.41,100.0,0.0,8.5,0.0,40.8,0.0,9.2,0.0,0.0,11.82,1.0,0.0,0.0,0.0,0.0,0.0,0.0,0.945320046913132,0.3261441535642696,0.6166212130956382,-0.7872599821916922
129401,112114.0,119894.0,127940.0,125030.0,131002.0,115965.0,124713.0,121006.0,122876.0,124455.85714285714,124051.73333333334,33.0,38.0,35.5,28.7,77.0,100.0,0.13,0.0,0.0,4.95,100.0,0.0,14.5,0.0,39.3,0.0,10.7,0.0,0.0,11.86,0.0,1.0,0.0,0.0,0.0,0.0,0.0,0.9507903724625832,0.3098349038318025,0.5891760872322963,-0.8080046647350754
134348,129401.0,112114.0,119894.0,128147.0,136314.0,125622.0,124168.0,128418.0,121006.0,125080.28571428572,124478.5,34.0,45.0,39.5,21.4,52.0,64.0,0.0,0.0,0.0,17.99,59.0,9.69,10.5,0.0,38.8,0.0,11.2,0.0,0.0,11.91,0.0,0.0,1.0,0.0,0.0,0.0,0.0,0.9559793438440766,0.2934339689665273,0.5610336262283677,-0.8277930117131022
132305,134348.0,129401.0,112114.0,130246.0,132040.0,127740.0,122571.0,121734.0,128418.0,125966.14285714286,125081.4,34.0,59.0,46.5,22.4,47.0,58.0,0.0,0.0,0.0,18.44,45.0,11.59,3.5,0.0,40.5,0.0,9.5,0.0,0.0,11.96,0.0,0.0,0.0,1.0,0.0,0.0,0.0,0.9608854255574977,0.27694620226893646,0.5322271388474397,-0.8466016020976267
127824,132305.0,134348.0,129401.0,127820.0,128799.0,129068.0,120734.0,119402.0,121734.0,126260.28571428572,125334.46666666666,47.0,60.0,53.5,34.9,62.0,79.0,0.0,0.0,0.0,12.04,98.0,5.46,0.0,0.0,46.5,0.0,4.7,0.0,0.0,12.0,0.0,0.0,0.0,0.0,1.0,0.0,0.0,0.9655071658143364,0.2603764827344581,0.5027907197793043,-0.8644081744776648
121723,127824.0,132305.0,134348.0,127940.0,128658.0,127964.0,123029.0,122410.0,119402.0,126260.85714285714,125456.33333333331,40.0,56.0,48.0,30.3,58.0,87.0,0.02,0.0,0.0,18.29,70.0,11.88,2.0,0.0,49.3,0.0,1.8,1.0,0.0,12.05,0.0,0.0,0.0,0.0,0.0,1.0,0.0,0.969843196967294,0.24372971360968387,0.47275920928627757,-0.881191653407483
111745,121723.0,127824.0,132305.0,119894.0,119799.0,128870.0,118794.0,119331.0,122410.0,125372.71428571428,125428.06666666668,29.0,40.0,34.5,13.3,43.0,53.0,0.0,0.0,0.0,20.44,24.0,11.9,15.5,0.0,45.3,0.0,5.8,1.0,0.0,12.09,0.0,0.0,0.0,0.0,0.0,0.0,1.0,0.9738922359149924,0.22701082094141847,0.44216815196707204,-0.8969321743510065
115955,111745.0,121723.0,127824.0,112114.0,115276.0,121861.0,114515.0,110001.0,119331.0,124208.57142857143,125128.43333333332,31.0,51.0,41.0,20.2,51.0,70.0,0.0,0.0,0.0,21.1,0.0,11.93,9.0,0.0,41.2,0.0,8.8,0.0,0.0,12.14,1.0,0.0,0.0,0.0,0.0,0.0,0.0,0.9776530844816641,0.2102247521189836,0.4110537546870351,-0.9116111071930239
126654,115955.0,111745.0,121723.0,129401.0,125030.0,131002.0,115965.0,107618.0,110001.0,124757.28571428572,124892.63333333332,40.0,63.0,51.5,25.0,48.0,72.0,0.0,0.0,0.0,21.03,29.0,11.96,0.0,0.0,42.3,0.0,8.2,0.0,0.0,12.18,0.0,1.0,0.0,0.0,0.0,0.0,0.0,0.981124629771712,0.19337647441020586,0.37945284372454435,-0.925211078289358
122805,126654.0,115955.0,111745.0,134348.0,128147.0,136314.0,125622.0,118396.0,107618.0,124364.85714285714,125154.63333333332,48.0,62.0,55.0,34.6,66.0,97.0,0.0,0.0,0.0,16.76,78.0,9.0,0.0,0.0,49.2,0.0,3.0,0.0,0.0,12.23,0.0,0.0,1.0,0.0,0.0,0.0,0.0,0.984305844499033,0.17647097349152166,0.3474028211842774,-0.9377159910299093
120961,122805.0,126654.0,115955.0,132305.0,130246.0,132040.0,127740.0,118589.0,118396.0,122715.85714285714,125430.96666666666,48.0,60.0,54.0,47.8,88.0,99.0,0.09,0.0,0.0,8.8,99.0,3.5,0.0,0.0,53.5,0.0,0.0,0.0,0.0,12.27,0.0,0.0,0.0,1.0,0.0,0.0,0.0,0.9871957872910085,0.15951325197263655,0.31494162072895193,-0.9491110448902284
121618,120961.0,122805.0,126654.0,127824.0,127820.0,128799.0,129068.0,122808.0,118589.0,121095.28571428572,125597.5,44.0,55.0,49.5,34.1,59.0,83.0,0.0,0.0,0.0,12.12,97.0,5.0,0.5,0.0,52.8,0.0,0.2,0.0,0.0,12.32,0.0,0.0,0.0,0.0,1.0,0.0,0.0,0.9897936029670716,0.14250832791617088,0.2821076626819194,-0.9593827529490743
120547,121618.0,120961.0,122805.0,121723.0,127940.0,128658.0,127964.0,126310.0,122808.0,120208.71428571428,125464.03333333334,42.0,47.0,44.5,36.9,84.0,98.0,0.15,0.0,0.0,3.13,99.0,0.0,5.5,0.0,49.3,0.0,2.0,1.0,0.0,12.36,0.0,0.0,0.0,0.0,0.0,1.0,0.0,0.992098522791769,0.12546123335273648,0.24893980855376657,-0.9685189578512204
115772,120547.0,121618.0,120961.0,111745.0,119894.0,119799.0,128870.0,121464.0,126310.0,120040.71428571428,125224.26666666666,44.0,63.0,53.5,34.9,63.0,100.0,0.0,0.0,0.0,21.91,7.0,12.0,0.0,0.0,49.2,0.0,2.0,1.0,0.0,12.41,0.0,0.0,0.0,0.0,0.0,0.0,1.0,0.9941098647022418,0.10837701279187609,0.21547731504673012,-0.976508846196619
108253,115772.0,120547.0,121618.0,115955.0,112114.0,115276.0,121861.0,111324.0,121464.0,120616.0,124781.06666666668,43.0,62.0,52.5,33.2,63.0,87.0,0.29,0.0,0.0,16.72,50.0,9.0,0.0,0.0,50.2,0.0,1.8,0.0,0.0,12.45,1.0,0.0,0.0,0.0,0.0,0.0,0.0,0.9958270335100595,0.09126072172931188,0.18175978759137534,-0.9833429613388902
119452,108253.0,115772.0,120547.0,126654.0,129401.0,125030.0,131002.0,113300.0,111324.0,119515.71428571428,124124.03333333334,42.0,52.0,47.0,34.0,72.0,97.0,0.0,0.0,0.0,10.72,75.0,6.38,3.0,0.0,51.0,0.0,1.0,0.0,0.0,12.5,0.0,1.0,0.0,0.0,0.0,0.0,0.0,0.9972495210773451,0.07411742515094437,0.14782713347053048,-0.9890132145779883
121920,119452.0,108253.0,115772.0,122805.0,134348.0,128147.0,136314.0,135881.0,113300.0,118486.85714285714,123810.1,39.0,55.0,47.0,27.7,61.0,85.0,0.0,0.0,0.0,22.22,44.0,12.0,3.0,0.0,48.8,0.0,2.0,0.0,0.0,12.55,0.0,0.0,1.0,0.0,0.0,0.0,0.0,0.998376906467142,0.056952196034039754,0.11371951458594969,-0.9935128947338007
120932,121920.0,119452.0,108253.0,120961.0,132305.0,130246.0,132040.0,137056.0,135881.0,118360.42857142857,123812.06666666668,31.0,46.0,38.5,18.3,47.0,70.0,0.01,0.0,0.0,22.67,21.0,12.0,11.5,0.0,44.2,0.0,5.8,0.0,0.0,12.59,0.0,0.0,0.0,1.0,0.0,0.0,0.0,0.9992088560679753,0.03977011384605572,0.07947729992362097,-0.9968366760893436
124644,120932.0,121920.0,119452.0,121618.0,127824.0,127820.0,128799.0,131818.0,137056.0,118356.28571428572,123476.4,38.0,57.0,47.5,33.6,73.0,91.0,0.0,0.0,0.0,11.76,94.0,6.08,2.5,0.0,44.3,0.0,5.7,0.0,0.0,12.64,0.0,0.0,0.0,0.0,1.0,0.0,0.0,0.9997451236925734,0.022576263041545485,0.04514101777397193,-0.9989806246941579
123140,124644.0,120932.0,121920.0,120547.0,121723.0,127940.0,128658.0,124378.0,131818.0,118788.57142857143,123087.4,51.0,72.0,61.5,51.5,79.0,94.0,0.38,0.0,0.0,8.5,93.0,4.2,0.0,0.0,49.2,0.0,4.7,1.0,0.0,12.68,0.0,0.0,0.0,0.0,0.0,1.0,0.0,0.9999855506507186,0.005375731557583884,0.01075130776352193,-0.9999422030204416
111631,123140.0,124644.0,120932.0,115772.0,111745.0,119894.0,119799.0,120710.0,124378.0,119159.0,122790.73333333334,40.0,51.0,45.5,23.7,47.0,78.0,0.0,0.0,0.0,23.73,20.0,12.0,4.5,0.0,51.5,0.0,2.3,1.0,0.0,12.73,0.0,0.0,0.0,0.0,0.0,0.0,1.0,0.9999300657962057,-0.011826390691832589,-0.023651127245231586,-0.9997202729664083
108953,111631.0,123140.0,124644.0,108253.0,115955.0,112114.0,115276.0,111925.0,120710.0,118567.42857142857,122218.46666666666,39.0,59.0,49.0,33.3,66.0,85.0,0.0,0.0,0.0,22.8,26.0,12.0,1.0,0.0,52.0,0.0,1.8,0.0,0.0,12.77,1.0,0.0,0.0,0.0,0.0,0.0,0.0,0.9995786855478958,-0.029025013321975237,-0.05802556932878035,-0.9983150972033183
120873,108953.0,111631.0,123140.0,119452.0,126654.0,129401.0,125030.0,112753.0,111925.0,118667.42857142857,121561.63333333332,48.0,73.0,60.5,50.0,82.0,96.0,0.0,0.0,0.0,19.77,40.0,10.99,0.0,0.0,51.7,0.0,1.8,0.0,0.0,12.82,0.0,1.0,0.0,0.0,0.0,0.0,0.0,0.9989315138848577,-0.046215046983708354,-0.09233133369539122,-0.9957283388645872
119870,120873.0,108953.0,111631.0,121920.0,122805.0,134348.0,128147.0,122503.0,112753.0,118870.42857142857,121597.43333333332,46.0,57.0,51.5,48.8,89.0,99.0,0.0,0.0,0.0,6.09,96.0,0.05,0.0,0.0,53.7,0.0,0.3,0.0,0.0,12.86,0.0,0.0,1.0,0.0,0.0,0.0,0.0,0.9979887423155984,-0.06339140486951038,-0.12652781683868314,-0.9919630595773397
121088,119870.0,120873.0,108953.0,120932.0,120961.0,132305.0,130246.0,122367.0,122503.0,118577.57142857143,121750.56666666668,47.0,80.0,63.5,55.6,83.0,100.0,0.0,0.0,0.0,15.69,94.0,10.71,0.0,0.0,58.5,0.0,0.0,0.0,0.0,12.9,0.0,0.0,0.0,1.0,0.0,0.0,0.0,0.9967506498213929,-0.08054900421874167,-0.16057454459499376,-0.9870237158387383
119719,121088.0,119870.0,120873.0,124644.0,121618.0,127824.0,127820.0,124394.0,122367.0,118599.85714285714,121619.16666666669,42.0,60.0,51.0,27.8,40.0,71.0,0.0,0.0,0.0,9.23,99.0,2.26,0.0,0.0,55.3,0.0,0.0,0.0,0.0,12.95,0.0,0.0,0.0,0.0,1.0,0.0,0.0,0.9952176027737294,-0.09768276782171598,-0.19443122004766195,-0.9809161537413774
115204,119719.0,121088.0,119870.0,123140.0,120547.0,121723.0,127940.0,125764.0,124394.0,117896.28571428572,121338.23333333334,37.0,54.0,45.5,23.7,47.0,63.0,0.0,0.0,0.0,21.12,97.0,9.44,4.5,0.0,53.3,0.0,1.5,1.0,0.0,12.99,0.0,0.0,0.0,0.0,0.0,1.0,0.0,0.9933900548258936,-0.11478762552212701,-0.2280577712215198,-0.9736476020539838
108997,115204.0,119719.0,121088.0,111631.0,115772.0,111745.0,119894.0,119287.0,125764.0,116762.57142857143,120836.83333333331,40.0,57.0,48.5,30.2,62.0,87.0,0.0,0.0,0.0,24.07,22.0,12.15,1.5,0.0,48.3,0.0,2.0,1.0,0.0,13.04,0.0,0.0,0.0,0.0,0.0,0.0,1.0,0.9912685467787256,-0.13185851571739118,-0.2614143985111562,-0.965226663665613
105897,108997.0,115204.0,119719.0,108953.0,108253.0,115955.0,112114.0,109426.0,119287.0,116386.28571428572,120209.4,42.0,68.0,55.0,35.5,66.0,93.0,0.0,0.0,0.0,24.35,1.0,12.22,0.0,0.0,49.7,0.0,2.0,0.0,0.0,13.08,1.0,0.0,0.0,0.0,0.0,0.0,0.0,0.9888537064205885,-0.1488903868564548,-0.2944616217868012,-0.9556633054034704
116583,105897.0,108997.0,115204.0,120873.0,119452.0,126654.0,129401.0,109935.0,109426.0,115949.71428571428,119474.63333333332,51.0,75.0,63.0,32.5,40.0,60.0,0.0,0.0,0.0,23.18,70.0,11.51,0.0,0.0,55.5,0.0,0.5,0.0,0.0,13.12,0.0,1.0,0.0,0.0,0.0,0.0,0.0,0.986146248341595,-0.16587819893463143,-0.3271603271220951,-0.9449688462364056
117194,116583.0,105897.0,108997.0,119870.0,121920.0,122805.0,134348.0,120604.0,109935.0,115336.85714285714,119364.26666666666,64.0,84.0,74.0,41.1,37.0,56.0,0.0,0.0,0.0,21.16,55.0,10.0,0.0,9.0,64.0,3.0,0.0,0.0,0.0,13.17,0.0,0.0,1.0,0.0,0.0,0.0,0.0,0.9831469737221499,-0.1828169249850199,-0.3594718130884232,-0.9331559438780432
122341,117194.0,116583.0,105897.0,121088.0,120932.0,120961.0,132305.0,120024.0,120604.0,114954.57142857143,119533.6,67.0,90.0,78.5,47.2,45.0,69.0,0.0,0.0,0.0,24.13,0.0,12.58,0.0,13.5,71.8,7.5,0.0,0.0,0.0,13.21,0.0,0.0,0.0,1.0,0.0,0.0,0.0,0.9798567700958665,-0.1997015525660636,-0.3913578365610259,-0.9202385798054075
133743,122341.0,117194.0,116583.0,119719.0,124644.0,121618.0,127824.0,119341.0,120024.0,115133.57142857143,119298.26666666666,70.0,91.0,80.5,48.3,44.0,59.0,0.0,0.0,0.0,23.31,72.0,12.38,0.0,15.5,77.7,12.7,0.0,0.0,0.0,13.25,0.0,0.0,0.0,0.0,1.0,0.0,0.0,0.9762766110869321,-0.21652708524481437,-0.4227806579826773,-0.9062320427107697
140767,133743.0,122341.0,117194.0,115204.0,123140.0,120547.0,121723.0,124219.0,119341.0,117137.0,119278.1,59.0,75.0,67.0,58.9,83.0,98.0,0.02,0.0,0.0,16.68,90.0,7.25,0.0,2.0,75.3,10.3,0.0,1.0,0.0,13.3,0.0,0.0,0.0,0.0,0.0,1.0,0.0,0.9724075561219968,-0.23328854407545518,-0.45370308603134424,-0.8911529104063088
122941,140767.0,133743.0,122341.0,108997.0,111631.0,115772.0,111745.0,114675.0,124219.0,120788.85714285714,119560.16666666669,57.0,71.0,64.0,57.2,88.0,100.0,0.0,0.0,0.0,15.43,100.0,8.16,0.0,0.0,70.5,5.8,0.0,1.0,0.0,13.34,0.0,0.0,0.0,0.0,0.0,0.0,1.0,0.9682507501166718,-0.2499809690726521,-0.48408852163897587,-0.8750190302029955
113609,122941.0,140767.0,133743.0,105897.0,108953.0,108253.0,115955.0,106763.0,114675.0,122780.85714285714,119397.4,53.0,68.0,60.5,48.0,75.0,99.0,0.0,0.0,0.0,13.07,73.0,5.43,0.0,0.0,63.8,0.7,0.0,0.0,0.0,13.38,1.0,0.0,0.0,0.0,0.0,0.0,0.0,0.9638074231367307,-0.26659942067929354,-0.5139010013093103,-0.8578494977869301
120738,113609.0,122941.0,140767.0,116583.0,120873.0,119452.0,126654.0,104143.0,106763.0,123882.57142857143,119126.93333333332,45.0,57.0,51.0,30.5,44.0,54.0,0.0,0.0,0.0,18.78,30.0,11.26,0.0,0.0,58.5,0.0,0.0,0.0,0.0,13.43,0.0,1.0,0.0,0.0,0.0,0.0,0.0,0.9590788900341131,-0.28313898122818354,-0.5431052396834317,-0.8396646346181327
116766,120738.0,113609.0,122941.0,117194.0,119870.0,121920.0,122805.0,118648.0,104143.0,124476.14285714286,119426.7,45.0,64.0,54.5,31.5,50.0,68.0,0.0,0.0,0.0,21.6,38.0,12.89,0.0,0.0,55.3,0.0,0.0,0.0,0.0,13.47,0.0,0.0,1.0,0.0,0.0,0.0,0.0,0.9540665500578387,-0.2995947563972602,-0.5716666713027052,-0.8204859638785327
117228,116766.0,120738.0,113609.0,122341.0,121088.0,120932.0,120961.0,121388.0,118648.0,124415.0,119453.73333333334,45.0,66.0,55.5,38.3,64.0,83.0,0.0,0.0,0.0,23.38,59.0,13.05,0.0,0.0,53.7,0.0,0.0,0.0,0.0,13.51,0.0,0.0,0.0,1.0,0.0,0.0,0.0,0.9487718864399473,-0.31596187665790293,-0.5995514915196489,-0.8003361849976323
116594,117228.0,116766.0,120738.0,133743.0,119719.0,124644.0,121618.0,118785.0,121388.0,123684.57142857143,119139.53333333334,51.0,71.0,61.0,46.3,72.0,93.0,0.0,0.0,0.0,25.09,43.0,13.08,0.0,0.0,57.0,0.0,0.0,0.0,0.0,13.55,0.0,0.0,0.0,0.0,1.0,0.0,0.0,0.9431964659565866,-0.33223549871590435,-0.6267266965083301,-0.7792391467859886
116193,116594.0,117228.0,116766.0,140767.0,115204.0,123140.0,120547.0,117962.0,118785.0,121234.71428571428,118932.5,51.0,67.0,59.0,52.9,86.0,98.0,0.68,0.0,0.0,19.28,96.0,10.81,0.0,0.0,58.5,0.0,0.0,1.0,0.0,13.6,0.0,0.0,0.0,0.0,0.0,1.0,0.0,0.9373419384643772,-0.3484108069446808,-0.65316012232693,-0.7572198192083127
108000,116193.0,116594.0,117228.0,122941.0,108997.0,111631.0,115772.0,115266.0,117962.0,117724.14285714286,118773.56666666668,50.0,69.0,59.5,49.4,76.0,97.0,1.51,0.0,0.0,14.99,69.0,7.48,0.0,0.0,59.8,0.0,0.0,1.0,0.0,13.64,0.0,0.0,0.0,0.0,0.0,0.0,1.0,0.9312100364121947,-0.3644830148102912,-0.6788204829862355,-0.734304263829602
106680,108000.0,116193.0,116594.0,113609.0,105897.0,108953.0,108253.0,104963.0,115266.0,115589.71428571428,118319.63333333332,44.0,62.0,53.0,34.7,56.0,78.0,0.0,0.0,0.0,22.39,34.0,12.95,0.0,0.0,57.2,0.0,0.0,0.0,0.0,13.68,1.0,0.0,0.0,0.0,0.0,0.0,0.0,0.9248025743285089,-0.38044736628785164,-0.7036774074790128,-0.7105196029692745
115464,106680.0,108000.0,116193.0,120738.0,116583.0,120873.0,119452.0,103141.0,104963.0,114599.85714285714,117857.4,46.0,60.0,53.0,34.3,57.0,82.0,0.0,0.0,0.0,19.84,44.0,12.75,0.0,0.0,55.2,0.0,0.0,0.0,0.0,13.72,0.0,1.0,0.0,0.0,0.0,0.0,0.0,0.9181214482844364,-0.39629913726891813,-0.7277014757264236,-0.6858939875998223
116571,115464.0,106680.0,108000.0,116766.0,117194.0,119870.0,121920.0,116707.0,103141.0,113846.42857142857,117847.13333333332,46.0,60.0,53.0,40.5,72.0,94.0,0.0,0.0,0.0,17.94,50.0,10.35,0.0,0.0,53.0,0.0,0.0,0.0,0.0,13.76,0.0,0.0,1.0,0.0,0.0,0.0,0.0,0.9111686353326631,-0.41203363695942635,-0.7508642533989489,-0.6604565640279754
116469,116571.0,115464.0,106680.0,117228.0,122341.0,121088.0,120932.0,117936.0,116707.0,113818.57142857143,118124.4,49.0,57.0,53.0,46.0,84.0,98.0,0.0,0.0,0.0,14.29,62.0,8.64,0.0,0.0,53.0,0.0,0.0,0.0,0.0,13.8,0.0,0.0,0.0,1.0,0.0,0.0,0.0,0.9039461929224011,-0.42764620926777464,-0.7731383255706026,-0.6342374393978054
117867,116469.0,116571.0,115464.0,116594.0,133743.0,119719.0,124644.0,117033.0,117936.0,113710.14285714286,118024.96666666666,47.0,56.0,51.5,42.2,77.0,96.0,0.33,0.0,0.0,9.66,95.0,2.13,0.0,0.0,52.5,0.0,0.0,0.0,0.0,13.84,0.0,0.0,0.0,0.0,1.0,0.0,0.0,0.8964562582905575,-0.44313223418263453,-0.7944973291665992,-0.6072676460566135
117958,117867.0,116469.0,116571.0,116193.0,140767.0,115204.0,123140.0,118417.0,117033.0,113892.0,117889.86666666668,47.0,53.0,50.0,48.9,92.0,96.0,2.46,0.0,0.0,3.72,100.0,0.0,0.0,0.0,51.5,0.0,0.0,1.0,0.0,13.88,0.0,0.0,0.0,0.0,0.0,1.0,0.0,0.8887010478292915,-0.45848712914008766,-0.8149159841660791,-0.5795791048257612
112265,117958.0,117867.0,116469.0,108000.0,122941.0,108997.0,111631.0,116328.0,118417.0,114144.14285714286,117790.73333333334,50.0,60.0,55.0,53.6,97.0,99.0,2.32,0.0,0.0,5.18,100.0,0.1,0.0,0.0,52.2,0.0,0.0,1.0,0.0,13.92,0.0,0.0,0.0,0.0,0.0,0.0,1.0,0.8806828564301475,-0.47370635037968,-0.8343701235229538,-0.5512045872199277
109877,112265.0,117958.0,117867.0,106680.0,113609.0,105897.0,108953.0,105598.0,116328.0,114753.42857142857,117378.1,49.0,61.0,55.0,41.2,63.0,99.0,0.09,0.0,0.0,21.97,59.0,13.67,0.0,0.0,53.3,0.0,0.0,0.0,0.0,13.96,1.0,0.0,0.0,0.0,0.0,0.0,0.0,0.8724040568049612,-0.48878539428899265,-0.8528367217694595,-0.522177676659508
116373,109877.0,112265.0,117958.0,115464.0,120738.0,116583.0,120873.0,103273.0,105598.0,115210.14285714286,116936.0,44.0,56.0,50.0,39.4,67.0,86.0,0.25,0.0,0.0,17.85,86.0,8.59,0.0,0.0,53.3,0.0,0.0,0.0,0.0,13.99,0.0,1.0,0.0,0.0,0.0,0.0,0.0,0.8638670987837349,-0.503719798736334,-0.8702939222685674,-0.49253272872205434
117408,116373.0,109877.0,112265.0,116571.0,116766.0,117194.0,119870.0,116909.0,103273.0,115340.0,117094.06666666668,47.0,57.0,52.0,38.6,69.0,85.0,0.0,0.0,0.0,17.15,81.0,11.7,0.0,0.0,52.3,0.0,0.0,0.0,0.0,14.03,0.0,0.0,1.0,0.0,0.0,0.0,0.0,0.8550745085896932,-0.518505144391157,-0.886721063082993,-0.46230483047981086
117134,117408.0,116373.0,109877.0,116469.0,117228.0,122341.0,121088.0,116246.0,116909.0,115459.57142857143,117375.9,48.0,55.0,51.5,43.7,80.0,96.0,0.05,0.0,0.0,17.73,81.0,10.46,0.0,0.0,51.2,0.0,0.0,0.0,0.0,14.07,0.0,0.0,0.0,1.0,0.0,0.0,0.0,0.8460288880917339,-0.533137056031809,-0.9020987014301837,-0.43152975897147144
118783,117134.0,117408.0,116373.0,117867.0,116594.0,133743.0,119719.0,118020.0,116246.0,115554.57142857143,117251.26666666666,48.0,66.0,57.0,44.7,77.0,96.0,0.0,0.0,0.0,22.51,28.0,13.46,0.0,0.0,53.5,0.0,0.0,0.0,0.0,14.11,0.0,0.0,0.0,0.0,1.0,0.0,0.0,0.8367329140344921,-0.5476112038402312,-0.9164086366943458,-0.4002439388573056
116116,118783.0,117134.0,117408.0,117958.0,116193.0,140767.0,115204.0,117381.0,118020.0,115685.42857142857,117215.03333333334,48.0,73.0,60.5,44.0,65.0,95.0,0.0,0.0,0.0,22.92,34.0,13.12,0.0,0.0,56.3,0.0,0.0,1.0,0.0,14.15,0.0,0.0,0.0,0.0,0.0,1.0,0.0,0.8271893372462497,-0.5619233046832195,-0.9296339319682695,-0.3684843993077793
106884,116116.0,118783.0,117134.0,112265.0,108000.0,122941.0,108997.0,117185.0,117381.0,115422.28571428572,117049.3,54.0,78.0,66.0,46.0,59.0,79.0,0.02,0.0,0.0,26.38,56.0,12.01,0.0,1.0,61.2,0.3,0.0,1.0,0.0,14.18,0.0,0.0,0.0,0.0,0.0,0.0,1.0,0.8174009818249189,-0.5760691233798758,-0.9417589340994617,-0.33628873017668287
106708,106884.0,116116.0,118783.0,109877.0,106680.0,113609.0,105897.0,110153.0,117185.0,114653.57142857143,116621.46666666666,58.0,77.0,67.5,50.1,63.0,93.0,0.0,0.0,0.0,26.44,55.0,13.91,0.0,2.5,64.7,1.2,0.0,0.0,0.0,14.22,1.0,0.0,0.0,0.0,0.0,0.0,0.0,0.8073707443023492,-0.5900444739548627,-0.9527692922168511,-0.30369503751065885
123086,106708.0,106884.0,116116.0,116373.0,115464.0,120738.0,116583.0,105750.0,110153.0,114200.85714285714,116338.26666666666,54.0,71.0,62.5,39.2,53.0,88.0,0.0,0.0,0.0,23.09,71.0,11.64,0.0,0.0,65.3,1.2,0.0,0.0,0.0,14.25,0.0,1.0,0.0,0.0,0.0,0.0,0.0,0.7971015927871943,-0.6038452208771035,-0.9626519747161487,-0.2707418984477642
117625,123086.0,106708.0,106884.0,117408.0,116571.0,116766.0,117194.0,115489.0,105750.0,115159.85714285714,116807.9,50.0,73.0,61.5,43.4,63.0,94.0,0.0,0.0,0.0,28.49,3.0,13.95,0.0,0.0,63.8,0.8,0.0,0.0,0.0,14.29,0.0,0.0,1.0,0.0,0.0,0.0,0.0,0.7865965660866021,-0.6174672802835514,-0.97139528468375,-0.23746831555846842
117570,117625.0,123086.0,106708.0,117134.0,116469.0,117228.0,122341.0,115833.0,115489.0,115190.85714285714,117198.83333333331,57.0,80.0,68.5,46.2,55.0,81.0,0.0,0.0,0.0,27.98,10.0,13.96,0.0,3.5,64.2,1.2,0.0,0.0,0.0,14.33,0.0,0.0,0.0,1.0,0.0,0.0,0.0,0.7758587728069828,-0.6309066211876704,-0.9789888737409319,-0.20391367068311472
123681,117570.0,117625.0,123086.0,118783.0,117867.0,116594.0,133743.0,116769.0,115833.0,115253.14285714286,117231.73333333334,65.0,87.0,76.0,52.1,56.0,81.0,0.0,0.0,0.0,24.42,66.0,13.98,0.0,11.0,68.7,4.8,0.0,0.0,0.0,14.36,0.0,0.0,0.0,0.0,1.0,0.0,0.0,0.7648913904341225,-0.6441592666722685,-0.9854237542919524,-0.17011767832049052
135997,123681.0,117570.0,117625.0,116116.0,117958.0,116193.0,140767.0,120169.0,116769.0,115952.85714285714,117447.96666666666,66.0,82.0,74.0,50.3,49.0,69.0,0.0,0.0,0.0,16.28,91.0,6.42,0.0,9.0,72.8,7.8,0.0,1.0,0.0,14.39,0.0,0.0,0.0,0.0,0.0,1.0,0.0,0.753697664392914,-0.6572212950663319,-0.9906923101615609,-0.13612033862266704
129143,135997.0,123681.0,117570.0,106884.0,112265.0,108000.0,122941.0,122073.0,120169.0,118793.0,117903.16666666669,59.0,74.0,66.5,40.1,44.0,62.0,0.0,0.0,0.0,28.25,73.0,13.39,0.0,1.5,72.2,7.2,0.0,1.0,0.0,14.43,0.0,0.0,0.0,0.0,0.0,0.0,1.0,0.742280907086982,-0.6700888411055113,-0.994788305609327,-0.10196189005174576
113232,129143.0,135997.0,123681.0,106708.0,109877.0,106680.0,113609.0,113959.0,122073.0,121972.85714285714,117749.83333333331,52.0,74.0,63.0,36.0,39.0,63.0,0.0,0.0,0.0,29.53,9.0,14.0,0.0,0.0,67.8,3.5,0.0,0.0,0.0,14.46,1.0,0.0,0.0,0.0,0.0,0.0,0.0,0.7306444969184916,-0.6827580970759147,-0.9977068927101168,-0.06768276175455162
123378,113232.0,129143.0,135997.0,123086.0,116373.0,115464.0,120738.0,113589.0,113959.0,122904.85714285714,116832.0,58.0,79.0,68.5,38.0,37.0,62.0,0.0,0.0,0.0,27.59,58.0,13.49,0.0,3.5,66.0,1.7,0.0,0.0,0.0,14.49,0.0,1.0,0.0,0.0,0.0,0.0,0.0,0.7187918772884232,-0.6952253139408722,-0.9994446170919858,-0.033323525711631344
128952,123378.0,113232.0,129143.0,117625.0,117408.0,116571.0,116766.0,132166.0,113589.0,122946.57142857143,116846.56666666668,50.0,69.0,59.5,33.8,41.0,70.0,0.0,0.0,0.0,29.48,24.0,14.0,0.0,0.0,63.7,1.2,0.0,0.0,0.0,14.52,0.0,0.0,1.0,0.0,0.0,0.0,0.0,0.7067265555776158,-0.7074868024503348,-0.9999994220246925,0.001075151282798226
121160,128952.0,123378.0,113232.0,117570.0,117134.0,116469.0,117228.0,125326.0,132166.0,124564.71428571428,117358.0,43.0,61.0,52.0,35.1,54.0,79.0,0.0,0.0,0.0,29.59,0.0,14.0,0.0,0.0,60.0,1.2,0.0,0.0,0.0,14.55,0.0,0.0,0.0,1.0,0.0,0.0,0.0,0.6944521021088763,-0.719538934232584,-0.9993706508539969,0.03547255575312556
114549,121160.0,128952.0,123378.0,123681.0,118783.0,117867.0,116594.0,121073.0,125326.0,125077.57142857143,117372.06666666668,52.0,70.0,61.0,48.5,71.0,90.0,0.0,0.0,0.0,23.36,67.0,13.46,0.0,0.0,57.5,0.0,0.0,0.0,0.0,14.58,0.0,0.0,0.0,0.0,1.0,0.0,0.0,0.6819721490904629,-0.7313781428679254,-0.9975590477788613,0.06982797572987089
116482,114549.0,121160.0,128952.0,135997.0,116116.0,117958.0,116193.0,120697.0,121073.0,123773.0,117298.16666666669,57.0,65.0,61.0,57.9,92.0,100.0,0.77,0.0,0.0,5.68,100.0,0.0,0.0,0.0,58.0,0.0,0.0,1.0,0.0,14.61,0.0,0.0,0.0,0.0,0.0,1.0,0.0,0.6692903895412567,-0.7430009249440493,-0.9945667569706337,0.1041007489354256
110684,116482.0,114549.0,121160.0,129143.0,106884.0,112265.0,108000.0,121752.0,120697.0,120985.14285714286,117273.3,55.0,70.0,62.5,51.1,67.0,99.0,0.02,0.0,0.0,19.37,70.0,9.87,0.0,0.0,61.5,0.0,0.0,1.0,0.0,14.64,0.0,0.0,0.0,0.0,0.0,0.0,1.0,0.6564105761979381,-0.7544038410927472,-0.9903973200352558,0.1382503109109819
107194,110684.0,116482.0,114549.0,113232.0,106708.0,109877.0,106680.0,129498.0,121752.0,118348.14285714286,117076.3,57.0,75.0,66.0,52.1,70.0,86.0,0.0,0.0,0.0,23.99,15.0,14.0,0.0,1.0,63.2,0.3,0.0,0.0,0.0,14.66,1.0,0.0,0.0,0.0,0.0,0.0,0.0,0.6433365204044917,-0.765583517007675,-0.9850556718215013,0.172236243027682
121819,107194.0,110684.0,116482.0,123378.0,123086.0,116373.0,115464.0,147492.0,129498.0,117485.57142857143,116776.33333333331,54.0,70.0,62.0,49.3,73.0,94.0,0.0,0.0,0.0,27.21,48.0,14.0,0.0,0.0,63.5,0.3,0.0,0.0,0.0,14.69,0.0,1.0,0.0,0.0,0.0,0.0,0.0,0.6300720909843687,-0.7765366444428655,-0.9785481345802031,0.20601832032517084
118631,121819.0,107194.0,110684.0,128952.0,117625.0,117408.0,116571.0,137095.0,147492.0,117262.85714285714,117236.96666666666,53.0,77.0,65.0,49.1,68.0,98.0,0.08,0.0,0.0,26.3,37.0,12.13,0.0,0.0,64.3,0.3,0.0,0.0,0.0,14.72,0.0,0.0,1.0,0.0,0.0,0.0,0.0,0.6166212130956382,-0.7872599821916922,-0.9708824104813836,0.23955655912092708
119115,118631.0,121819.0,107194.0,121160.0,117570.0,117134.0,116469.0,125399.0,137095.0,115788.42857142857,117635.33333333331,50.0,68.0,59.0,41.1,55.0,71.0,0.0,0.0,0.0,29.78,29.0,14.0,0.0,0.0,62.0,0.0,0.0,0.0,0.0,14.74,0.0,0.0,0.0,1.0,0.0,0.0,0.0,0.6029878670694714,-0.7977503570459932,-0.9620675724981452,0.27281126433401914
115600,119115.0,118631.0,121819.0,114549.0,123681.0,118783.0,117867.0,121071.0,125399.0,115496.28571428572,117757.03333333334,53.0,72.0,62.5,42.3,55.0,83.0,0.0,0.0,0.0,29.79,2.0,14.0,0.0,0.0,62.2,0.0,0.0,0.0,0.0,14.77,0.0,0.0,0.0,0.0,1.0,0.0,0.0,0.5891760872322963,-0.8080046647350754,-0.9521140536681102,0.3057430764672831
116326,115600.0,119115.0,118631.0,116482.0,135997.0,116116.0,117958.0,121600.0,121071.0,115646.42857142857,117724.66666666669,56.0,78.0,67.0,45.0,54.0,81.0,0.0,0.0,0.0,29.26,38.0,14.07,0.0,2.0,62.8,0.7,0.0,1.0,0.0,14.79,0.0,0.0,0.0,0.0,0.0,1.0,0.0,0.5751899607119775,-0.8180198708443174,-0.9410336347451197,0.3383130181923076
108601,116326.0,115600.0,119115.0,110684.0,129143.0,106884.0,112265.0,133313.0,121600.0,115624.14285714286,117719.9,59.0,79.0,69.0,46.6,56.0,81.0,0.0,0.0,0.0,28.95,24.0,14.0,0.0,4.0,66.2,2.0,0.0,1.0,0.0,14.82,0.0,0.0,0.0,0.0,0.0,0.0,1.0,0.5610336262283677,-0.8277930117131022,-0.9288394302558068,0.3704825404820963
107474,108601.0,116326.0,115600.0,107194.0,113232.0,106708.0,109877.0,122247.0,133313.0,115326.57142857143,117411.03333333334,59.0,79.0,69.0,49.1,56.0,79.0,0.0,0.0,0.0,28.96,15.0,14.0,0.0,4.0,68.3,3.3,0.0,0.0,1.0,14.84,1.0,0.0,0.0,0.0,0.0,0.0,0.0,0.5467112728685939,-0.8373211953118121,-0.9155458729775467,0.40221356823680365
114978,107474.0,108601.0,116326.0,121819.0,123378.0,123086.0,116373.0,116688.0,122247.0,115366.57142857143,117061.56666666668,55.0,72.0,63.5,49.4,68.0,92.0,0.0,0.0,0.0,29.83,0.0,14.06,0.0,0.0,67.2,2.7,0.0,0.0,0.0,14.86,0.0,1.0,0.0,0.0,0.0,0.0,0.0,0.5322271388474397,-0.8466016020976267,-0.9011686968561569,0.4334685453485363
120976,114978.0,107474.0,108601.0,118631.0,128952.0,117625.0,117408.0,133272.0,116688.0,114389.28571428572,117152.0,51.0,77.0,64.0,51.0,73.0,97.0,0.0,0.0,0.0,29.74,8.0,14.0,0.0,0.0,65.5,1.3,0.0,0.0,0.0,14.88,0.0,0.0,1.0,0.0,0.0,0.0,0.0,0.5175855102531889,-0.8556314858488706,-0.8857249183835637,0.4642104791518923
123000,120976.0,114978.0,107474.0,119115.0,121160.0,117570.0,117134.0,175375.0,133272.0,114724.28571428572,117521.96666666666,59.0,87.0,73.0,55.5,70.0,100.0,0.0,0.0,0.0,29.33,13.0,14.0,0.0,8.0,66.8,2.7,0.0,0.0,0.0,14.9,0.0,0.0,0.0,1.0,0.0,0.0,0.0,0.5027907197793043,-0.8644081744776648,-0.8692328164574792,0.49440298420761813
134730,123000.0,120976.0,114978.0,115600.0,114549.0,123681.0,118783.0,138381.0,175375.0,115279.28571428572,117742.86666666668,66.0,91.0,78.5,58.1,62.0,90.0,0.24,0.0,0.0,26.87,27.0,14.05,0.0,13.5,71.8,7.2,0.0,0.0,0.0,14.92,0.0,0.0,0.0,0.0,1.0,0.0,0.0,0.4878471454423119,-0.8729290708206411,-0.8517119107469189,0.5240103253675756
146225,134730.0,123000.0,120976.0,116326.0,116482.0,135997.0,116116.0,144168.0,138381.0,118012.14285714286,118320.26666666666,54.0,69.0,61.5,56.3,75.0,94.0,0.0,0.0,0.0,12.81,95.0,4.98,0.0,0.0,71.0,7.2,0.0,1.0,0.0,14.94,0.0,0.0,0.0,0.0,0.0,1.0,0.0,0.47275920928627757,-0.881191653407483,-0.8331829385891785,0.5529974600700271
121764,146225.0,134730.0,123000.0,108601.0,110684.0,129143.0,106884.0,140673.0,144168.0,122283.42857142857,119289.96666666666,49.0,69.0,59.0,43.5,58.0,86.0,0.0,0.0,0.0,18.19,45.0,12.28,0.0,0.0,66.3,4.5,0.0,1.0,0.0,14.96,0.0,0.0,0.0,0.0,0.0,0.0,1.0,0.4575313760742512,-0.8891934772070711,-0.8136678304455991,0.5813300798152042
106737,121764.0,146225.0,134730.0,107474.0,107194.0,113232.0,106708.0,127057.0,140673.0,124163.85714285714,119389.33333333331,56.0,76.0,66.0,45.5,53.0,81.0,0.0,0.0,0.0,18.82,55.0,10.79,0.0,1.0,62.2,0.3,0.0,0.0,0.0,14.98,1.0,0.0,0.0,0.0,0.0,0.0,0.0,0.44216815196707204,-0.8969321743510065,-0.7931896839451843,0.6089746507720486
122591,106737.0,121764.0,146225.0,114978.0,121819.0,123378.0,123086.0,119538.0,127057.0,124058.57142857143,119076.7,60.0,79.0,69.5,46.8,50.0,68.0,0.0,0.0,0.0,25.39,39.0,14.04,0.0,4.5,64.8,1.8,0.0,0.0,0.0,14.99,0.0,1.0,0.0,0.0,0.0,0.0,0.0,0.42667408318992467,-0.9044054548343001,-0.7717727365467836,0.6358984534680745
126482,122591.0,106737.0,121764.0,120976.0,118631.0,128952.0,117625.0,137896.0,119538.0,125146.14285714286,119600.26666666666,57.0,69.0,63.0,41.1,45.0,73.0,0.0,0.0,0.0,29.42,5.0,14.14,0.0,0.0,66.2,1.8,0.0,0.0,0.0,15.0,0.0,0.0,1.0,0.0,0.0,0.0,0.0,0.4110537546870351,-0.9116111071930239,-0.7494423368521954,0.6620696215153815
122219,126482.0,122591.0,106737.0,123000.0,119115.0,121160.0,117570.0,140917.0,137896.0,125932.71428571428,120259.4,55.0,72.0,63.5,45.4,58.0,79.0,0.0,0.0,0.0,23.88,23.0,12.54,0.0,0.0,65.3,1.5,0.0,0.0,0.0,15.02,0.0,0.0,0.0,1.0,0.0,0.0,0.0,0.3953117887649151,-0.9185469991587165,-0.7262249146041543,0.6874571793269664
122396,122219.0,126482.0,122591.0,134730.0,115600.0,114549.0,123681.0,155202.0,140917.0,125821.14285714286,120230.5,58.0,72.0,65.0,49.1,66.0,88.0,0.0,0.0,0.0,22.12,52.0,12.53,0.0,0.0,63.8,0.0,0.0,0.0,0.0,15.03,0.0,0.0,0.0,0.0,1.0,0.0,0.0,0.37945284372454435,-0.925211078289358,-0.7021479494046978,0.7120310787787131
122782,122396.0,122219.0,126482.0,146225.0,116326.0,116482.0,135997.0,158163.0,155202.0,124059.14285714286,120389.53333333334,58.0,78.0,68.0,51.1,62.0,90.0,0.0,0.0,0.0,25.57,38.0,13.47,0.0,3.0,65.5,1.0,0.0,1.0,0.0,15.04,0.0,0.0,0.0,0.0,0.0,1.0,0.0,0.36348161248290634,-0.9316013725767187,-0.6772399381909491,0.7357622347736527
116495,122782.0,122396.0,122219.0,121764.0,108601.0,110684.0,129143.0,143138.0,158163.0,120710.14285714286,120563.26666666666,64.0,82.0,73.0,57.7,66.0,86.0,0.01,0.0,0.0,22.23,85.0,13.7,0.0,8.0,68.7,3.7,0.0,1.0,0.0,15.05,0.0,0.0,0.0,0.0,0.0,0.0,1.0,0.3474028211842774,-0.9377159910299093,-0.6515303615068021,0.75862255966641
123644,116495.0,122782.0,122396.0,106737.0,107474.0,107194.0,113232.0,129673.0,143138.0,119957.42857142857,120323.73333333334,66.0,78.0,72.0,62.5,78.0,94.0,0.3,0.0,0.0,15.54,100.0,4.77,0.0,7.0,71.0,6.0,0.0,0.0,0.0,15.06,1.0,0.0,0.0,0.0,0.0,0.0,0.0,0.3312212278016865,-0.9435531242349544,-0.6250496486104377,0.7805849965070866
143428,123644.0,116495.0,122782.0,122591.0,114978.0,121819.0,123378.0,124392.0,129673.0,122372.71428571428,119911.96666666666,64.0,78.0,71.0,54.7,63.0,95.0,0.0,0.0,0.0,25.64,41.0,14.04,0.0,6.0,72.0,7.0,0.0,0.0,0.0,15.07,0.0,1.0,0.0,0.0,0.0,0.0,0.0,0.31494162072895193,-0.9491110448902284,-0.5978291414589552,0.801623551065242
139956,143428.0,123644.0,116495.0,126482.0,120976.0,118631.0,128952.0,160107.0,124392.0,125349.42857142857,120388.13333333332,63.0,76.0,69.5,56.0,74.0,88.0,0.14,0.0,0.0,17.28,55.0,10.34,0.0,4.5,70.8,5.8,0.0,0.0,0.0,15.08,0.0,0.0,1.0,0.0,0.0,0.0,0.0,0.2985688173637202,-0.9543881083175908,-0.5699010576127624,0.8217133225960589
138201,139956.0,143428.0,123644.0,122219.0,123000.0,119115.0,121160.0,152013.0,160107.0,127274.28571428572,121278.93333333332,61.0,77.0,69.0,53.2,59.0,80.0,0.0,0.0,0.0,21.83,33.0,13.03,0.0,4.0,69.8,4.8,0.0,0.0,0.0,15.08,0.0,0.0,0.0,1.0,0.0,0.0,0.0,0.2821076626819194,-0.9593827529490743,-0.5412984521036173,0.8408305333122887
135517,138201.0,139956.0,143428.0,122396.0,134730.0,115600.0,114549.0,154053.0,152013.0,129557.42857142857,121773.03333333334,63.0,79.0,71.0,57.4,74.0,92.0,0.23,0.0,0.0,16.62,63.0,7.98,0.0,6.0,69.8,4.8,0.0,0.0,0.0,15.09,0.0,0.0,0.0,0.0,1.0,0.0,0.0,0.26556302780405594,-0.9640935007889755,-0.5120551783114646,0.8589525565270845
136365,135517.0,138201.0,139956.0,122782.0,146225.0,116326.0,116482.0,142516.0,154053.0,131431.85714285713,121991.86666666668,62.0,77.0,69.5,52.6,63.0,96.0,0.0,0.0,0.0,26.06,25.0,14.04,0.0,4.5,69.8,4.8,0.0,1.0,0.0,15.09,0.0,0.0,0.0,0.0,0.0,1.0,0.0,0.24893980855376657,-0.9685189578512204,-0.4822058478963526,0.8760579434344281
120499,136365.0,135517.0,138201.0,116495.0,121764.0,108601.0,110684.0,161751.0,142516.0,133372.2857142857,122498.7,62.0,80.0,71.0,53.1,56.0,74.0,0.0,0.0,0.0,18.77,49.0,9.85,0.0,6.0,70.5,5.5,0.0,1.0,0.0,15.1,0.0,0.0,0.0,0.0,0.0,0.0,1.0,0.23224292400907015,-0.9726578145718654,-0.451785789832884,0.8921264484954345
120873,120499.0,136365.0,135517.0,123644.0,106737.0,107474.0,107194.0,125441.0,161751.0,133944.2857142857,122697.03333333334,65.0,81.0,73.0,59.3,72.0,91.0,0.0,0.0,0.0,25.31,42.0,13.1,0.0,8.0,71.2,6.2,0.0,0.0,1.0,15.1,1.0,0.0,0.0,0.0,0.0,0.0,0.0,0.21547731504673012,-0.976508846196619,-0.42083100859565564,0.9071390534005044
137633,120873.0,120499.0,136365.0,143428.0,122591.0,114978.0,121819.0,109016.0,125441.0,133548.42857142858,122843.4,64.0,78.0,71.0,57.2,71.0,90.0,0.0,0.0,0.0,20.88,99.0,10.29,0.0,6.0,71.7,6.7,0.0,0.0,0.0,15.1,0.0,1.0,0.0,0.0,0.0,0.0,0.0,0.19864794288017112,-0.9800709131432666,-0.3893781415452015,0.9210779895789526
138888,137633.0,120873.0,120499.0,139956.0,126482.0,120976.0,118631.0,126826.0,109016.0,132720.57142857142,123741.7,62.0,73.0,67.5,54.7,69.0,92.0,0.0,0.0,0.0,20.08,99.0,10.34,0.0,2.5,70.5,5.5,0.0,0.0,0.0,15.1,0.0,0.0,1.0,0.0,0.0,0.0,0.0,0.18175978759137534,-0.9833429613388902,-0.3574644155648614,0.9339267592294762
130314,138888.0,137633.0,120873.0,138201.0,122219.0,123000.0,119115.0,139512.0,126826.0,132568.0,124798.16666666669,60.0,72.0,66.0,55.2,72.0,82.0,0.0,0.0,0.0,9.95,99.0,0.09,0.0,1.0,68.2,3.2,0.0,0.0,0.0,15.1,0.0,0.0,0.0,1.0,0.0,0.0,0.0,0.16481784665719793,-0.9863240225317866,-0.3251276029999093,0.9456701548465688
126600,130314.0,138888.0,137633.0,135517.0,122396.0,134730.0,115600.0,134420.0,139512.0,131441.2857142857,125081.33333333331,65.0,71.0,68.0,63.9,88.0,97.0,0.04,0.0,0.0,9.84,91.0,0.57,0.0,3.0,67.2,2.2,0.0,0.0,0.0,15.1,0.0,0.0,0.0,0.0,1.0,0.0,0.0,0.14782713347053048,-0.9890132145779883,-0.29240597695107734,0.9562942772197719
131825,126600.0,130314.0,138888.0,136365.0,122782.0,146225.0,116326.0,133783.0,134420.0,130167.42857142857,125346.96666666666,69.0,78.0,73.5,67.9,91.0,98.0,0.07,0.0,0.0,17.35,96.0,9.43,0.0,8.5,69.2,4.2,0.0,1.0,0.0,15.1,0.0,0.0,0.0,0.0,0.0,1.0,0.0,0.13079267585675922,-0.9914097417023038,-0.2593382659754056,0.9657865518844574
132294,131825.0,126600.0,130314.0,120499.0,116495.0,121764.0,108601.0,143764.0,133783.0,129518.85714285714,125770.63333333332,71.0,85.0,78.0,68.2,84.0,99.0,0.0,0.0,0.0,23.71,51.0,13.91,0.0,13.0,73.2,8.2,0.0,1.0,0.0,15.1,0.0,0.0,0.0,0.0,0.0,0.0,1.0,0.11371951458594969,-0.9935128947338007,-0.22596360824801906,0.974135744004672
141384,132294.0,131825.0,126600.0,120873.0,123644.0,106737.0,107474.0,149562.0,143764.0,131203.85714285713,126327.1,68.0,78.0,73.0,68.1,90.0,100.0,0.51,0.0,0.0,18.0,100.0,6.22,0.0,8.0,74.8,9.8,0.0,0.0,0.0,15.09,1.0,0.0,0.0,0.0,0.0,0.0,0.0,0.0966127018812031,-0.9953220513156602,-0.19232150523909483,0.9813319716704275
157188,141384.0,132294.0,131825.0,137633.0,143428.0,122591.0,114978.0,155264.0,149562.0,134134.0,127162.36666666668,66.0,79.0,72.5,67.4,90.0,99.0,0.08,0.0,0.0,14.18,95.0,5.89,0.0,7.5,74.5,9.5,0.0,0.0,0.0,15.09,0.0,1.0,0.0,0.0,0.0,0.0,0.0,0.07947729992362097,-0.9968366760893436,-0.15845177496083632,0.9873667175937016
152718,157188.0,141384.0,132294.0,138888.0,139956.0,126482.0,120976.0,164152.0,155264.0,136927.57142857142,128781.93333333332,66.0,82.0,74.0,65.5,80.0,99.0,0.0,0.0,0.0,20.8,74.0,10.05,0.0,9.0,73.2,8.2,0.0,0.0,0.0,15.08,0.0,0.0,1.0,0.0,0.0,0.0,0.0,0.062318379354325076,-0.998056320853012,-0.12439450483979998,0.9922328391893008
153004,152718.0,157188.0,141384.0,130314.0,138201.0,122219.0,123000.0,148109.0,164152.0,138903.2857142857,130290.06666666668,65.0,82.0,73.5,60.3,69.0,94.0,0.0,0.0,0.0,22.09,28.0,13.78,0.0,8.5,73.3,8.3,0.0,0.0,0.0,15.07,0.0,0.0,0.0,1.0,0.0,0.0,0.0,0.04514101777397193,-0.9989806246941579,-0.09019000427034513,0.9959245770286599
151886,153004.0,152718.0,157188.0,126600.0,135517.0,122396.0,134730.0,153946.0,148109.0,142144.7142857143,131557.6,70.0,84.0,77.0,63.4,74.0,100.0,0.0,0.0,0.0,25.01,53.0,14.0,0.0,12.0,74.8,9.8,0.0,0.0,0.0,15.06,0.0,0.0,0.0,0.0,1.0,0.0,0.0,0.02795029824021032,-0.999609314096404,-0.05587875690537313,0.9984375616565666
156264,151886.0,153004.0,152718.0,131825.0,136365.0,122782.0,146225.0,162912.0,153946.0,145757.0,132587.93333333332,69.0,82.0,75.5,61.5,70.0,91.0,0.0,0.0,0.0,25.53,63.0,13.66,0.0,10.5,75.3,10.3,0.0,1.0,0.0,15.05,0.0,0.0,0.0,0.0,0.0,1.0,0.0,0.01075130776352193,-0.9999422030204416,-0.021501372740813793,0.999768818762748
139773,156264.0,151886.0,153004.0,132294.0,120499.0,116495.0,121764.0,179043.0,162912.0,149248.2857142857,133696.73333333334,70.0,88.0,79.0,69.7,83.0,97.0,0.58,0.0,0.0,18.9,89.0,8.57,0.0,14.0,77.2,12.2,0.0,1.0,0.0,15.04,0.0,0.0,0.0,0.0,0.0,0.0,1.0,-0.00645086419810515,-0.9999791929590823,0.012901459949419653,0.9999167727021953
148585,139773.0,156264.0,151886.0,141384.0,120873.0,123644.0,106737.0,170430.0,179043.0,150316.7142857143,133864.83333333334,72.0,89.0,80.5,71.8,83.0,95.0,0.45,0.0,0.0,20.46,44.0,10.31,0.0,15.5,78.3,13.3,0.0,0.0,0.0,15.03,1.0,0.0,0.0,0.0,0.0,0.0,0.0,-0.023651127245231586,-0.9997202729664083,0.04728902277113235,0.9988812483600598
173124,148585.0,139773.0,156264.0,157188.0,137633.0,143428.0,122591.0,154052.0,170430.0,151345.42857142858,133943.5,73.0,83.0,78.0,70.8,84.0,96.0,0.63,0.0,0.0,18.27,56.0,11.65,0.0,13.0,79.2,14.2,0.0,0.0,1.0,15.02,0.0,1.0,0.0,0.0,0.0,0.0,0.0,-0.04084439154329611,-0.9991655196610109,0.08162061540319052,0.9966634713589159
159388,173124.0,148585.0,139773.0,152718.0,138888.0,139956.0,126482.0,144918.0,154052.0,153622.0,135655.5,72.0,93.0,82.5,70.0,77.0,99.0,0.0,0.0,0.0,26.33,29.0,13.9,0.0,17.5,80.3,15.3,0.0,0.0,0.0,15.0,0.0,0.0,1.0,0.0,0.0,0.0,0.0,-0.05802556932878035,-0.9983150972033183,0.11585560376947847,0.9932660666081418
183313,159388.0,173124.0,148585.0,153004.0,130314.0,138201.0,122219.0,166529.0,144918.0,154574.85714285713,137410.53333333333,75.0,90.0,82.5,69.9,76.0,96.0,0.0,0.0,0.0,27.81,3.0,14.0,0.0,17.5,81.0,16.0,0.0,0.0,0.0,14.99,0.0,0.0,0.0,1.0,0.0,0.0,0.0,-0.07518957641475855,-0.9971692572470178,0.14995346813244534,0.9886930551971383
192213,183313.0,159388.0,173124.0,151886.0,126600.0,135517.0,122396.0,177523.0,166529.0,158904.7142857143,139434.6,74.0,87.0,80.5,71.6,84.0,99.0,0.0,0.0,0.0,21.37,87.0,10.77,0.0,15.5,81.8,16.8,0.0,0.0,0.0,14.97,0.0,0.0,0.0,0.0,1.0,0.0,0.0,-0.09233133369539122,-0.9957283388645872,0.18387385105132759,0.9829498496360606
186932,192213.0,183313.0,159388.0,156264.0,131825.0,136365.0,122782.0,167089.0,177523.0,164665.7142857143,141625.63333333333,76.0,88.0,82.0,72.1,85.0,100.0,0.0,0.0,0.0,20.04,90.0,9.0,0.0,17.0,81.7,16.7,0.0,1.0,0.0,14.96,0.0,0.0,0.0,0.0,0.0,1.0,0.0,-0.10944576864891556,-0.993992768446958,0.21757660514828173,0.9760432474496961
172361,186932.0,192213.0,183313.0,139773.0,132294.0,120499.0,116495.0,163633.0,167089.0,169046.85714285713,143782.73333333334,72.0,82.0,77.0,70.4,90.0,97.0,0.98,0.0,0.0,10.07,99.0,3.65,0.0,12.0,79.8,14.8,0.0,1.0,0.0,14.94,0.0,0.0,0.0,0.0,0.0,0.0,1.0,-0.12652781683868314,-0.9919630595773397,0.2510218406258827,0.9679814231320734
165418,172361.0,186932.0,192213.0,148585.0,141384.0,120873.0,123644.0,150168.0,163633.0,173702.2857142857,145448.23333333334,71.0,84.0,77.5,68.0,79.0,96.0,0.0,0.0,0.0,20.26,72.0,12.28,0.0,12.5,78.8,13.8,0.0,0.0,0.0,14.92,1.0,0.0,0.0,0.0,0.0,0.0,0.0,-0.1435724234118113,-0.9896398128792412,0.2841699724797683,0.9587739184713191
177182,165418.0,172361.0,186932.0,173124.0,157188.0,137633.0,143428.0,139373.0,150168.0,176107.0,146869.43333333332,68.0,89.0,78.5,62.5,65.0,88.0,0.0,0.0,0.0,27.41,6.0,14.0,0.0,13.5,77.7,12.7,0.0,0.0,0.0,14.9,0.0,1.0,0.0,0.0,0.0,0.0,0.0,-0.16057454459499376,-0.9870237158387383,0.31698176735052785,0.9484316312562208
175241,177182.0,165418.0,172361.0,159388.0,152718.0,138888.0,139956.0,157769.0,139373.0,176686.7142857143,148892.33333333334,76.0,91.0,83.5,64.4,62.0,83.0,0.0,0.0,0.0,26.92,25.0,14.0,0.0,18.5,79.8,14.8,0.0,0.0,0.0,14.88,0.0,0.0,1.0,0.0,0.0,0.0,0.0,-0.17752914918703497,-0.984115542601034,0.34941838995939767,0.9369668023778549
188026,175241.0,177182.0,165418.0,183313.0,153004.0,130314.0,138201.0,174348.0,157769.0,178951.42857142858,150612.23333333334,77.0,88.0,82.5,68.1,68.0,86.0,0.0,0.0,0.0,22.83,62.0,14.0,0.0,17.5,81.5,16.5,0.0,0.0,0.0,14.86,0.0,0.0,0.0,1.0,0.0,0.0,0.0,-0.19443122004766195,-0.9809161537413774,0.3814414490727919,0.9243930013415553
197353,188026.0,175241.0,177182.0,192213.0,151886.0,126600.0,135517.0,184608.0,174348.0,179624.7142857143,152098.83333333334,71.0,84.0,77.5,70.6,85.0,98.0,0.48,0.0,0.0,17.63,89.0,8.53,0.0,12.5,81.2,16.2,0.0,0.0,0.0,14.84,0.0,0.0,0.0,0.0,1.0,0.0,0.0,-0.2112757555821793,-0.9774264960104055,0.4130130429412807,0.9107251102063585
185355,197353.0,188026.0,175241.0,186932.0,156264.0,131825.0,136365.0,183502.0,184608.0,180359.0,154012.06666666668,71.0,88.0,79.5,72.4,88.0,98.0,0.04,0.0,0.0,19.57,79.0,11.46,0.0,14.5,79.8,14.8,0.0,1.0,0.0,14.82,0.0,0.0,0.0,0.0,0.0,1.0,0.0,-0.2280577712215198,-0.9736476020539838,0.4440958041592176,0.8959793059709459
172948,185355.0,197353.0,188026.0,172361.0,139773.0,132294.0,120499.0,171094.0,183502.0,180133.7142857143,155583.86666666667,74.0,78.0,76.0,72.8,93.0,100.0,1.32,0.0,0.0,6.51,93.0,1.5,0.0,11.0,77.7,12.7,0.0,1.0,0.0,14.79,0.0,0.0,0.0,0.0,0.0,0.0,1.0,-0.24477230089725957,-0.9695805901076308,0.47465294389193496,0.8801730414269229
168825,172948.0,185355.0,197353.0,165418.0,148585.0,141384.0,120873.0,158680.0,171094.0,180217.57142857145,156831.56666666668,74.0,88.0,81.0,70.1,79.0,99.0,0.0,0.0,0.0,25.66,31.0,14.0,0.0,16.0,78.8,13.8,0.0,0.0,0.0,14.77,1.0,0.0,0.0,0.0,0.0,0.0,0.0,-0.2614143985111562,-0.965226663665613,0.5046482954181526,0.8633250245021008
189668,168825.0,172948.0,185355.0,177182.0,173124.0,157188.0,137633.0,159519.0,158680.0,180704.2857142857,157913.56666666668,73.0,84.0,78.5,70.2,81.0,94.0,0.22,0.0,0.0,22.89,43.0,13.57,0.0,13.5,78.5,13.5,0.0,0.0,0.0,14.75,0.0,1.0,0.0,0.0,0.0,0.0,0.0,-0.2779791393987801,-0.9605871111248129,0.5340463569360717,0.8454551961182272
184855,189668.0,168825.0,172948.0,175241.0,159388.0,152718.0,138888.0,184640.0,159519.0,182488.0,160219.2,72.0,80.0,76.0,67.8,83.0,96.0,0.0,0.0,0.0,16.66,54.0,8.87,0.0,11.0,78.5,13.5,0.0,0.0,0.0,14.72,0.0,0.0,1.0,0.0,0.0,0.0,0.0,-0.2944616217868012,-0.9556633054034704,0.5628123335824821,0.8265847065893737
171327,184855.0,189668.0,168825.0,188026.0,183313.0,153004.0,130314.0,190594.0,184640.0,183861.42857142855,162351.93333333332,72.0,88.0,80.0,66.6,77.0,99.0,0.0,0.0,0.0,24.31,51.0,12.61,0.0,15.0,78.2,13.2,0.0,0.0,0.0,14.7,0.0,0.0,0.0,1.0,0.0,0.0,0.0,-0.3108569682435036,-0.9504567035349151,0.5909121786151564,0.8067358905889147
173788,171327.0,184855.0,189668.0,197353.0,192213.0,151886.0,126600.0,204640.0,190594.0,181475.85714285716,163475.06666666668,71.0,84.0,77.5,69.5,82.0,96.0,0.15,0.0,0.0,21.76,51.0,10.77,0.0,12.5,77.8,12.8,0.0,0.0,0.0,14.67,0.0,0.0,0.0,0.0,1.0,0.0,0.0,-0.3271603271220951,-0.9449688462364056,0.6183126337097825,0.7859322407147274
176318,173788.0,171327.0,184855.0,185355.0,186932.0,156264.0,131825.0,210299.0,204640.0,178109.42857142858,164638.4,70.0,85.0,77.5,60.8,65.0,86.0,0.0,0.0,0.0,26.61,32.0,14.0,0.0,12.5,78.3,13.3,0.0,1.0,0.0,14.64,0.0,0.0,0.0,0.0,0.0,1.0,0.0,-0.34336687399638804,-0.939201357453208,0.6449812683237445,0.7641983796838971
153460,176318.0,173788.0,171327.0,172948.0,172361.0,139773.0,132294.0,203448.0,210299.0,176818.42857142858,166171.86666666667,69.0,88.0,78.5,60.2,62.0,84.0,0.0,0.0,0.0,24.84,12.0,14.0,0.0,13.5,77.8,12.8,0.0,1.0,0.0,14.61,0.0,0.0,0.0,0.0,0.0,0.0,1.0,-0.3594718130884232,-0.9331559438780432,0.6708865180801582,0.7415600311898435
155587,153460.0,176318.0,173788.0,168825.0,165418.0,148585.0,141384.0,190168.0,203448.0,174034.42857142858,167067.2,74.0,85.0,79.5,63.6,67.0,88.0,0.0,0.0,0.0,23.3,48.0,13.94,0.0,14.5,78.5,13.5,0.0,0.0,0.0,14.58,1.0,0.0,0.0,0.0,0.0,0.0,0.0,-0.3754703786876202,-0.9268343944460494,0.6959977221267386,0.7180439894563503
177190,155587.0,153460.0,176318.0,189668.0,177182.0,173124.0,157188.0,194414.0,190168.0,172143.2857142857,167859.26666666666,68.0,86.0,77.0,69.1,86.0,98.0,0.28,0.0,0.0,18.25,46.0,11.52,0.0,12.0,78.3,13.3,0.0,0.0,0.0,14.55,0.0,1.0,0.0,0.0,0.0,0.0,0.0,-0.3913578365610259,-0.9202385798054075,0.7202851594252706,0.6936780875245466
177090,177190.0,155587.0,153460.0,184855.0,175241.0,159388.0,152718.0,211703.0,194414.0,170360.7142857143,169355.8,68.0,87.0,77.5,66.3,76.0,98.0,0.0,0.0,0.0,25.14,27.0,14.0,0.0,12.5,78.0,13.0,0.0,0.0,0.0,14.52,0.0,0.0,1.0,0.0,0.0,0.0,0.0,-0.4071294853542516,-0.9133704517637858,0.7437200839287408,0.6684911643103645
176680,177090.0,177190.0,155587.0,171327.0,188026.0,183313.0,153004.0,179363.0,211703.0,169251.42857142858,170546.0,75.0,92.0,83.5,71.8,75.0,95.0,0.15,0.0,0.0,22.82,72.0,14.0,0.0,18.5,79.3,14.3,0.0,0.0,0.0,14.49,0.0,0.0,0.0,1.0,0.0,0.0,0.0,-0.4227806579826773,-0.9062320427107697,0.7662747586044899,0.6425130304714689
199463,176680.0,177090.0,177190.0,173788.0,197353.0,192213.0,151886.0,174823.0,179363.0,170016.14285714287,171195.73333333334,75.0,92.0,83.5,70.8,73.0,99.0,0.0,0.0,0.0,25.17,14.0,14.0,0.0,18.5,81.5,16.5,0.0,0.0,0.0,14.46,0.0,0.0,0.0,0.0,1.0,0.0,0.0,-0.4383067230125192,-0.898825465016444,0.7879224882631226,0.6157744331240536
200485,199463.0,176680.0,177090.0,176318.0,185355.0,186932.0,156264.0,193239.0,174823.0,173684.0,172753.9,70.0,89.0,79.5,69.8,69.0,89.0,0.06,0.0,0.0,22.03,70.0,11.65,0.0,14.5,82.2,17.2,0.0,1.0,0.0,14.43,0.0,0.0,0.0,0.0,0.0,1.0,0.0,-0.45370308603134424,-0.8911529104063088,0.8086376511543126,0.5883070194512693
184565,200485.0,199463.0,176680.0,153460.0,172948.0,172361.0,139773.0,185361.0,193239.0,177136.42857142858,174336.6,66.0,80.0,73.0,55.3,59.0,76.0,0.0,0.0,0.0,22.24,29.0,12.75,0.0,8.0,78.7,13.7,0.0,1.0,0.0,14.39,0.0,0.0,0.0,0.0,0.0,0.0,1.0,-0.46896519100763184,-0.8832166493127127,0.8283957292921138,0.5601432992463508
147065,184565.0,200485.0,199463.0,155587.0,168825.0,165418.0,148585.0,165175.0,185361.0,181580.0,175425.9,66.0,85.0,75.5,54.8,57.0,85.0,0.0,0.0,0.0,25.05,18.0,14.0,0.0,10.5,76.0,11.0,0.0,0.0,0.0,14.36,1.0,0.0,0.0,0.0,0.0,0.0,0.0,-0.48408852163897587,-0.8750190302029955,0.847173337473877,0.5313166064347815
160528,147065.0,184565.0,200485.0,177190.0,189668.0,177182.0,173124.0,160843.0,165175.0,180362.57142857145,175119.26666666666,65.0,82.0,73.5,52.4,55.0,77.0,0.0,0.0,0.0,22.87,16.0,14.0,0.0,8.5,74.0,9.0,0.0,0.0,0.0,14.33,0.0,1.0,0.0,0.0,0.0,0.0,0.0,-0.4990686026885319,-0.8665624788845385,0.8649482509584342,0.5018610596210326
155070,160528.0,147065.0,184565.0,177090.0,184855.0,175241.0,159388.0,165984.0,160843.0,177982.2857142857,175811.1,64.0,81.0,72.5,52.2,58.0,86.0,0.0,0.0,0.0,22.06,31.0,12.08,0.0,7.5,73.8,8.8,0.0,0.0,0.0,14.29,0.0,0.0,1.0,0.0,0.0,0.0,0.0,-0.5139010013093103,-0.8578494977869301,0.8816994317707848,0.4718115217065765
149519,155070.0,160528.0,147065.0,176680.0,171327.0,188026.0,183313.0,184097.0,165984.0,174836.57142857142,176027.26666666666,66.0,80.0,73.0,57.1,63.0,83.0,0.0,0.0,0.0,21.07,52.0,13.66,0.0,8.0,73.0,8.0,0.0,0.0,0.0,14.26,0.0,0.0,0.0,1.0,0.0,0.0,0.0,-0.5285813283559292,-0.8488826652214553,0.8974070536021568,0.44120355862696276
149443,149519.0,155070.0,160528.0,199463.0,173788.0,197353.0,192213.0,188058.0,184097.0,170956.42857142858,175240.43333333332,71.0,77.0,74.0,62.4,70.0,90.0,0.0,0.0,0.0,16.27,60.0,11.73,0.0,9.0,73.2,8.2,0.0,0.0,0.0,14.22,0.0,0.0,0.0,0.0,1.0,0.0,0.0,-0.5431052396834317,-0.8396646346181327,0.912052525275964,0.41007339725680436
152326,149443.0,149519.0,155070.0,200485.0,176318.0,185355.0,186932.0,198706.0,188058.0,163810.7142857143,174908.93333333332,71.0,87.0,79.0,61.4,66.0,97.0,0.0,0.0,0.0,22.69,57.0,11.64,0.0,14.0,75.3,10.3,0.0,1.0,0.0,14.19,0.0,0.0,0.0,0.0,0.0,1.0,0.0,-0.5574684374327892,-0.8301981337405212,0.9256185127518922,0.3784578825324888
148344,152326.0,149443.0,149519.0,184565.0,153460.0,172948.0,172361.0,194961.0,198706.0,156930.85714285713,173876.03333333333,69.0,87.0,78.0,59.9,61.0,83.0,0.0,0.0,0.0,22.65,37.0,13.97,0.0,13.0,77.0,12.0,0.0,1.0,0.0,14.15,0.0,0.0,0.0,0.0,0.0,0.0,1.0,-0.5716666713027052,-0.8204859638785327,0.9380889596420647,0.3463944338433696
148409,148344.0,152326.0,149443.0,147065.0,155587.0,168825.0,165418.0,186868.0,194961.0,151756.42857142858,172413.73333333334,68.0,81.0,74.5,70.3,85.0,94.0,1.12,0.0,0.0,14.18,86.0,7.5,0.0,9.5,77.2,12.2,0.0,0.0,0.0,14.12,1.0,0.0,0.0,0.0,0.0,0.0,0.0,-0.5856957398073508,-0.8105309990194823,0.9494491062150135,0.31392100074304014
170112,148409.0,148344.0,152326.0,160528.0,177190.0,189668.0,177182.0,190719.0,186868.0,151948.42857142858,171129.63333333333,70.0,80.0,75.0,65.5,75.0,96.0,0.01,0.0,0.0,17.55,62.0,9.84,0.0,10.0,75.8,10.8,0.0,0.0,0.0,14.08,0.0,1.0,0.0,0.0,0.0,0.0,0.0,-0.5995514915196489,-0.8003361849976323,0.9596855068649522,0.2810760180331286
161977,170112.0,148409.0,148344.0,155070.0,177090.0,184855.0,175241.0,213959.0,190719.0,153317.57142857142,171054.66666666666,69.0,86.0,77.5,58.3,56.0,72.0,0.0,0.0,0.0,24.25,13.0,13.88,0.0,12.5,75.7,10.7,0.0,0.0,0.0,14.04,0.0,0.0,1.0,0.0,0.0,0.0,0.0,-0.6132298262997502,-0.7899045386224707,0.968786046025684,0.24789836027275647
160401,161977.0,170112.0,148409.0,149519.0,176680.0,171327.0,188026.0,222979.0,213959.0,154304.2857142857,170939.96666666667,70.0,81.0,75.5,66.1,83.0,96.0,0.48,0.0,0.0,8.81,76.0,3.17,0.0,10.5,76.0,11.0,0.0,0.0,0.0,14.01,0.0,0.0,0.0,1.0,0.0,0.0,0.0,-0.6267266965083301,-0.7792391467859886,0.9767399525103048,0.21442729576751102
161314,160401.0,161977.0,170112.0,149443.0,199463.0,173788.0,197353.0,197816.0,222979.0,155858.85714285713,170380.6,67.0,85.0,76.0,62.7,71.0,92.0,0.0,0.0,0.0,24.43,15.0,13.81,0.0,11.0,76.3,11.3,0.0,0.0,0.0,13.97,0.0,0.0,0.0,0.0,1.0,0.0,0.0,-0.6400381082043503,-0.7683431655492202,0.9835378122597296,0.18070244009239297
159595,161314.0,160401.0,161977.0,152326.0,200485.0,176318.0,185355.0,189338.0,197816.0,157554.7142857143,169916.36666666667,69.0,85.0,77.0,65.8,79.0,91.0,0.0,0.0,0.0,19.43,66.0,11.32,0.0,12.0,76.2,11.2,0.0,1.0,0.0,13.93,0.0,0.0,0.0,0.0,0.0,1.0,0.0,-0.65316012232693,-0.7572198192083127,0.9891715794849547,0.14676370920373963
154660,159595.0,161314.0,160401.0,148344.0,184565.0,153460.0,172948.0,167983.0,189338.0,158593.14285714287,168968.66666666666,69.0,88.0,78.5,67.0,74.0,96.0,0.69,0.0,0.0,22.58,46.0,12.82,0.0,13.5,77.2,12.2,0.0,1.0,0.0,13.89,0.0,0.0,0.0,0.0,0.0,0.0,1.0,-0.666088855860977,-0.7458723993404063,0.993634586189866,0.11265127219562909
159493,154660.0,159595.0,161314.0,148409.0,147065.0,155587.0,168825.0,140266.0,167983.0,159495.42857142858,167545.56666666668,72.0,87.0,79.5,64.9,70.0,93.0,0.02,0.0,0.0,20.28,82.0,12.49,0.0,14.5,78.3,13.3,0.0,0.0,0.0,13.85,1.0,0.0,0.0,0.0,0.0,0.0,0.0,-0.6788204829862355,-0.734304263829602,0.9969215500633253,0.07840550375666766
174733,159493.0,154660.0,159595.0,170112.0,160528.0,177190.0,189668.0,138641.0,140266.0,161078.85714285713,166683.5,70.0,80.0,75.0,69.3,85.0,98.0,0.77,0.0,0.0,14.17,85.0,6.42,0.0,10.0,77.7,12.7,0.0,0.0,0.0,13.81,0.0,1.0,0.0,0.0,0.0,0.0,0.0,-0.6913512362094071,-0.722518835873311,0.9990285807311906,0.044066936383449135
171763,174733.0,159493.0,154660.0,161977.0,155070.0,177090.0,184855.0,157926.0,138641.0,161739.0,166743.0,69.0,82.0,75.5,68.8,87.0,97.0,1.33,0.0,0.0,17.1,71.0,11.02,0.0,10.5,76.7,11.7,0.0,0.0,0.0,13.77,0.0,0.0,1.0,0.0,0.0,0.0,0.0,-0.7036774074790128,-0.7105196029692745,0.999953184360873,0.009676212407230897
167680,171763.0,174733.0,159493.0,160401.0,149519.0,176680.0,171327.0,157429.0,157926.0,163137.0,166840.93333333332,72.0,79.0,75.5,69.4,89.0,98.0,0.0,0.0,0.0,16.03,74.0,10.07,0.0,10.5,75.3,10.3,0.0,0.0,0.0,13.73,0.0,0.0,0.0,1.0,0.0,0.0,0.0,-0.7157953492826642,-0.6983101158835584,0.9996942666129788,-0.024725964109382385
166180,167680.0,171763.0,174733.0,161314.0,149443.0,199463.0,173788.0,153379.0,157429.0,164176.85714285713,166108.0,65.0,80.0,72.5,63.3,71.0,98.0,0.77,0.0,0.0,21.75,38.0,11.69,0.0,7.5,74.5,9.5,0.0,0.0,0.0,13.69,0.0,0.0,0.0,0.0,1.0,0.0,0.0,-0.7277014757264236,-0.6858939875998223,0.9982521339365441,-0.0590988755488295
158982,166180.0,167680.0,171763.0,159595.0,152326.0,200485.0,176318.0,155905.0,153379.0,164872.0,165485.5,63.0,78.0,70.5,53.6,59.0,77.0,0.0,0.0,0.0,20.64,23.0,13.33,0.0,5.5,72.8,7.8,0.0,1.0,0.0,13.65,0.0,0.0,0.0,0.0,0.0,1.0,0.0,-0.7393922635959241,-0.673274892250183,0.9956284932063294,-0.09340183893100905
131413,158982.0,166180.0,167680.0,154660.0,148344.0,184565.0,153460.0,164738.0,155905.0,164784.42857142858,165074.0,66.0,85.0,75.5,58.4,63.0,90.0,0.0,0.0,0.0,24.6,22.0,12.82,0.0,10.5,72.8,7.8,0.0,1.0,0.0,13.61,0.0,0.0,0.0,0.0,0.0,0.0,1.0,-0.7508642533989489,-0.6604565640279754,0.9918264497026016,-0.12759425406472188
139489,131413.0,158982.0,166180.0,159493.0,148409.0,147065.0,155587.0,163800.0,164738.0,161463.42857142858,163661.5,73.0,88.0,80.5,65.2,68.0,82.0,0.0,0.0,0.0,19.86,81.0,12.44,0.0,15.5,75.5,10.5,0.0,0.0,0.0,13.57,1.0,0.0,0.0,0.0,0.0,0.0,0.0,-0.7621140503891487,-0.6474427960827475,0.9868505034357966,-0.16163565160110782
173937,139489.0,131413.0,158982.0,174733.0,170112.0,160528.0,177190.0,158274.0,163800.0,158605.7142857143,162433.86666666667,67.0,79.0,73.0,55.9,59.0,84.0,0.0,0.0,0.0,23.59,81.0,12.61,0.0,8.0,76.3,11.3,0.0,0.0,0.0,13.53,0.0,1.0,0.0,0.0,0.0,0.0,0.0,-0.7731383255706026,-0.6342374393978054,0.9807065438204117,-0.1954857409322303
156451,173937.0,139489.0,131413.0,171763.0,161977.0,155070.0,177090.0,173383.0,158274.0,158492.0,163116.43333333332,64.0,80.0,72.0,55.2,64.0,81.0,0.0,0.0,0.0,21.95,35.0,10.98,0.0,7.0,75.2,10.2,0.0,0.0,0.0,13.48,0.0,0.0,1.0,0.0,0.0,0.0,0.0,-0.7839338166829201,-0.620844401650647,0.973401842704431,-0.22910445787810024
146265,156451.0,173937.0,139489.0,167680.0,160401.0,149519.0,176680.0,177772.0,173383.0,156304.57142857142,163145.23333333334,67.0,73.0,70.0,62.0,76.0,92.0,0.14,0.0,0.0,6.73,93.0,0.54,0.0,5.0,71.7,6.7,0.0,0.0,0.0,13.44,0.0,0.0,0.0,1.0,0.0,0.0,0.0,-0.7944973291665992,-0.6072676460566135,0.9649450457625344,-0.2624520121057191
146167,146265.0,156451.0,173937.0,166180.0,161314.0,149443.0,199463.0,176396.0,177772.0,153245.2857142857,162114.4,69.0,78.0,73.5,68.5,84.0,97.0,0.44,0.0,0.0,11.79,82.0,6.87,0.0,8.5,71.8,6.8,0.0,0.0,0.0,13.4,0.0,0.0,0.0,0.0,1.0,0.0,0.0,-0.8048257371083452,-0.593511190196115,0.9553461622632788,-0.29548893422398215
153327,146167.0,146265.0,156451.0,158982.0,159595.0,152326.0,200485.0,179804.0,176396.0,150386.2857142857,161083.63333333333,73.0,84.0,78.5,68.0,79.0,100.0,0.52,0.0,0.0,19.73,41.0,11.78,0.0,13.5,74.0,9.0,0.0,1.0,0.0,13.36,0.0,0.0,0.0,0.0,0.0,1.0,0.0,-0.8149159841660791,-0.5795791048257612,0.9446165532223606,-0.3281761224987386
151494,153327.0,146167.0,146265.0,131413.0,154660.0,148344.0,184565.0,183405.0,179804.0,149578.42857142858,160305.2,70.0,84.0,77.0,63.5,74.0,92.0,0.0,0.0,0.0,22.16,15.0,12.45,0.0,12.0,76.3,11.3,0.0,1.0,0.0,13.32,0.0,0.0,0.0,0.0,0.0,0.0,1.0,-0.8247650844733614,-0.5654755126737576,0.9327689179559782,-0.3604748891327019
145212,151494.0,153327.0,146167.0,139489.0,159493.0,148409.0,147065.0,168017.0,183405.0,152447.14285714287,158706.23333333334,69.0,76.0,72.5,65.4,84.0,99.0,0.0,0.0,0.0,12.81,95.0,4.81,0.0,7.5,76.0,11.0,0.0,0.0,0.0,13.28,1.0,0.0,0.0,0.0,0.0,0.0,0.0,-0.8343701235229538,-0.5512045872199277,0.9198172790502196,-0.3923470060554182
156228,145212.0,151494.0,153327.0,173937.0,174733.0,170112.0,160528.0,159404.0,168017.0,153264.7142857143,156863.8,68.0,80.0,74.0,66.2,81.0,97.0,0.0,0.0,0.0,15.25,96.0,9.66,0.0,9.0,74.5,9.5,0.0,0.0,0.0,13.23,0.0,1.0,0.0,0.0,0.0,0.0,0.0,-0.8437282590292712,-0.5367705514607103,0.9057769657642539,-0.42375475016912983
156057,156228.0,145212.0,151494.0,156451.0,171763.0,161977.0,155070.0,185384.0,159404.0,150734.85714285713,155919.23333333334,68.0,83.0,75.5,64.8,73.0,97.0,0.27,0.0,0.0,18.54,74.0,9.45,0.0,10.5,74.0,9.0,0.0,0.0,0.0,13.19,0.0,0.0,1.0,0.0,0.0,0.0,0.0,-0.8528367217694595,-0.522177676659508,0.8906645958869751,-0.4546609479969567
161848,156057.0,156228.0,145212.0,146265.0,167680.0,160401.0,149519.0,190278.0,185384.0,150678.57142857142,156218.96666666667,64.0,77.0,70.5,52.3,58.0,76.0,0.0,0.0,0.0,23.63,40.0,12.13,0.0,5.5,73.3,8.3,0.0,0.0,0.0,13.15,0.0,0.0,0.0,1.0,0.0,0.0,0.0,-0.8616928164028522,-0.5074302810827518,0.8744980560685747,-0.48502901968055895
141734,161848.0,156057.0,156228.0,146167.0,166180.0,161314.0,149443.0,173537.0,190278.0,152904.7142857143,156262.96666666667,61.0,76.0,68.5,51.1,61.0,80.0,0.0,0.0,0.0,23.69,0.0,12.38,0.0,3.5,71.5,6.5,0.0,0.0,0.0,13.1,0.0,0.0,0.0,0.0,1.0,0.0,0.0,-0.8702939222685674,-0.49253272872205434,0.8572964806503138,-0.5148230222752145
133059,141734.0,161848.0,156057.0,153327.0,158982.0,159595.0,152326.0,162975.0,173537.0,152271.42857142858,155818.43333333332,62.0,79.0,70.5,56.7,71.0,92.0,0.0,0.0,0.0,22.82,43.0,11.81,0.0,5.5,69.8,4.8,0.0,1.0,0.0,13.06,0.0,0.0,0.0,0.0,0.0,1.0,0.0,-0.8786374941610001,-0.4774894280028391,0.8390802290175676,-0.5440076922910431
126027,133059.0,141734.0,161848.0,151494.0,131413.0,154660.0,148344.0,146970.0,162975.0,149376.0,155269.76666666666,68.0,88.0,78.0,62.7,64.0,86.0,0.0,0.0,0.0,21.34,29.0,12.17,0.0,13.0,72.3,7.3,0.0,1.0,0.0,13.02,0.0,0.0,0.0,0.0,0.0,0.0,1.0,-0.886721063082993,-0.46230483047981086,0.8198708615029215,-0.5725484874300667
143874,126027.0,133059.0,141734.0,145212.0,139489.0,159493.0,148409.0,138975.0,146970.0,145737.85714285713,154489.23333333334,73.0,89.0,81.0,67.2,69.0,95.0,0.0,0.0,0.0,19.49,53.0,11.58,0.0,16.0,76.5,11.5,0.0,0.0,1.0,12.97,1.0,0.0,0.0,0.0,0.0,0.0,0.0,-0.8945422369764496,-0.4469834295196741,0.7996911138678691,-0.600411627469661
166274,143874.0,126027.0,133059.0,156228.0,173937.0,174733.0,170112.0,151378.0,138975.0,145546.7142857143,154207.5,75.0,92.0,83.5,70.4,73.0,92.0,0.0,0.0,0.0,20.38,72.0,12.0,0.0,18.5,80.8,15.8,0.0,0.0,0.0,12.93,0.0,1.0,0.0,0.0,0.0,0.0,0.0,-0.9020987014301837,-0.43152975897147144,0.7785648703932891,-0.6275641342440474
199408,166274.0,143874.0,126027.0,156057.0,156451.0,171763.0,161977.0,163790.0,151378.0,146981.85714285713,154805.16666666666,77.0,93.0,85.0,69.4,68.0,94.0,0.0,0.0,0.0,21.79,6.0,12.02,0.0,20.0,83.2,18.2,0.0,0.0,0.0,12.89,0.0,0.0,1.0,0.0,0.0,0.0,0.0,-0.9093882203647925,-0.4159483918249421,0.756517135610563,-0.6539738706764888
210280,199408.0,166274.0,143874.0,161848.0,146265.0,167680.0,160401.0,165915.0,163790.0,153174.85714285713,156505.13333333333,76.0,93.0,84.5,68.7,69.0,92.0,0.0,0.0,0.0,17.84,48.0,10.98,0.0,19.5,84.3,19.3,0.0,0.0,0.0,12.84,0.0,0.0,0.0,1.0,0.0,0.0,0.0,-0.9164086366943458,-0.4002439388573056,0.733574004706797,-0.6796095788159788
211392,210280.0,199408.0,166274.0,141734.0,146167.0,166180.0,161314.0,147130.0,165915.0,160093.7142857143,157844.06666666668,71.0,90.0,80.5,71.5,85.0,98.0,0.1,0.0,0.0,15.74,89.0,9.06,0.0,15.5,83.3,18.3,0.0,0.0,0.0,12.8,0.0,0.0,0.0,0.0,1.0,0.0,0.0,-0.9231578729647039,-0.38442104726885545,0.709762632639161,-0.7044409168334328
194958,211392.0,210280.0,199408.0,133059.0,153327.0,158982.0,159595.0,145739.0,147130.0,170044.85714285713,159491.23333333334,70.0,84.0,77.0,70.4,89.0,99.0,0.02,0.0,0.0,10.79,97.0,4.5,0.0,12.0,80.7,15.7,0.0,1.0,0.0,12.75,0.0,0.0,0.0,0.0,0.0,1.0,0.0,-0.9296339319682695,-0.3684843993077793,0.6851112019949135,-0.7284384949335702
176989,194958.0,211392.0,210280.0,126027.0,151494.0,131413.0,154660.0,145064.0,145739.0,178887.57142857142,160643.13333333333,69.0,77.0,73.0,68.7,92.0,99.0,1.8,0.0,0.0,7.24,93.0,2.48,0.0,8.0,76.8,11.8,0.0,1.0,0.0,12.71,0.0,0.0,0.0,0.0,0.0,0.0,1.0,-0.9358348973349941,-0.35243871088460327,0.6596488896351408,-0.7515739101399981
158922,176989.0,194958.0,211392.0,143874.0,145212.0,139489.0,159493.0,138750.0,145064.0,186167.85714285716,161165.63333333333,69.0,82.0,75.5,68.0,85.0,98.0,1.66,0.0,0.0,16.24,73.0,9.44,0.0,10.5,75.2,10.2,0.0,0.0,0.0,12.66,1.0,0.0,0.0,0.0,0.0,0.0,0.0,-0.9417589340994617,-0.33628873017668287,0.6334058321617086,-0.7738197799123084
174284,158922.0,176989.0,194958.0,166274.0,156228.0,173937.0,174733.0,138190.0,138750.0,188317.57142857145,161143.2,68.0,82.0,75.0,65.9,80.0,98.0,0.0,0.0,0.0,18.03,52.0,11.92,0.0,10.0,74.5,9.5,0.0,0.0,0.0,12.62,0.0,1.0,0.0,0.0,0.0,0.0,0.0,-0.9474042892438845,-0.32003923622313857,0.6064130902482765,-0.7951497745554202
169231,174284.0,158922.0,176989.0,199408.0,156057.0,156451.0,171763.0,162078.0,138190.0,189461.85714285716,161797.33333333334,70.0,79.0,74.5,67.5,87.0,97.0,0.22,0.0,0.0,11.08,78.0,6.84,0.0,9.5,75.0,10.0,0.0,0.0,0.0,12.58,0.0,0.0,1.0,0.0,0.0,0.0,0.0,-0.9527692922168511,-0.30369503751065885,0.578702611877601,-0.8155386483827991
169923,169231.0,174284.0,158922.0,210280.0,161848.0,146265.0,167680.0,168566.0,162078.0,185150.85714285716,162121.93333333332,63.0,77.0,70.0,56.1,68.0,96.0,0.0,0.0,0.0,20.96,13.0,12.0,0.0,5.0,73.2,8.2,0.0,0.0,0.0,12.53,0.0,0.0,0.0,1.0,0.0,0.0,0.0,-0.9578523554276669,-0.28726097055059635,0.5503071945286527,-0.8349622695966589
150451,169923.0,169231.0,174284.0,211392.0,141734.0,146167.0,166180.0,150871.0,168566.0,179385.57142857142,161961.6,58.0,69.0,63.5,49.9,63.0,75.0,0.0,0.0,0.0,18.51,64.0,11.48,0.0,0.0,69.3,4.8,0.0,0.0,0.0,12.49,0.0,0.0,0.0,0.0,1.0,0.0,0.0,-0.9626519747161487,-0.2707418984477642,0.5212604463582784,-0.8533976488498011
129053,150451.0,169923.0,169231.0,194958.0,133059.0,153327.0,158982.0,141132.0,150871.0,170679.7142857143,161251.2,60.0,75.0,67.5,49.1,55.0,70.0,0.0,0.0,0.0,17.02,78.0,10.62,0.0,2.5,67.0,2.5,0.0,1.0,0.0,12.44,0.0,0.0,0.0,0.0,0.0,1.0,0.0,-0.9671667297977312,-0.2541427094613622,0.4915967464233612,-0.8708229664552752
117733,129053.0,150451.0,169923.0,176989.0,126027.0,151494.0,131413.0,131992.0,141132.0,161264.7142857143,159963.63333333333,59.0,77.0,68.0,53.2,67.0,90.0,0.21,0.0,0.0,15.22,49.0,7.24,0.0,3.0,66.3,1.8,0.0,1.0,0.0,12.4,0.0,0.0,0.0,0.0,0.0,0.0,1.0,-0.97139528468375,-0.23746831555846842,0.461351203990578,-0.8872175982116474
120128,117733.0,129053.0,150451.0,158922.0,143874.0,145212.0,139489.0,126203.0,131992.0,152799.57142857142,158348.73333333334,60.0,68.0,64.0,63.0,90.0,95.0,1.34,0.0,0.0,4.85,87.0,1.0,0.0,0.0,66.5,1.8,0.0,0.0,0.0,12.35,1.0,0.0,0.0,0.0,0.0,0.0,0.0,-0.9753363880767837,-0.2207236509605022,0.43055961698187384,-0.9025621398133328
138006,120128.0,117733.0,129053.0,174284.0,166274.0,156228.0,173937.0,136914.0,126203.0,147257.57142857142,157053.6,58.0,72.0,65.0,52.6,69.0,90.0,0.0,0.0,0.0,20.08,3.0,11.91,0.0,0.0,65.7,1.0,0.0,0.0,0.0,12.31,0.0,1.0,0.0,0.0,0.0,0.0,0.0,-0.9789888737409319,-0.20391367068311472,0.3992584296048835,-0.9168384298170765
129571,138006.0,120128.0,117733.0,169231.0,199408.0,156057.0,156451.0,159023.0,136914.0,142075.0,157273.36666666667,58.0,74.0,66.0,51.4,68.0,89.0,0.0,0.0,0.0,19.2,31.0,11.36,0.0,1.0,65.0,0.3,0.0,0.0,0.0,12.27,0.0,0.0,1.0,0.0,0.0,0.0,0.0,-0.9823516608469237,-0.18704334906991657,0.3674846892184069,-0.9300295711374187
129008,129571.0,138006.0,120128.0,169923.0,210280.0,161848.0,146265.0,153148.0,159023.0,136409.2857142857,156942.76666666666,57.0,71.0,64.0,51.9,71.0,89.0,0.0,0.0,0.0,19.61,35.0,11.85,0.0,0.0,65.0,0.3,0.0,0.0,0.0,12.22,0.0,0.0,0.0,1.0,0.0,0.0,0.0,-0.9854237542919524,-0.17011767832049052,0.3352760024840169,-0.9421199510456922
127832,129008.0,129571.0,138006.0,150451.0,211392.0,141734.0,146167.0,149092.0,153148.0,130564.28571428572,155445.13333333333,59.0,71.0,65.0,53.4,73.0,95.0,0.0,0.0,0.0,14.88,100.0,9.78,0.0,0.0,65.0,0.3,0.0,0.0,0.0,12.18,0.0,0.0,0.0,0.0,1.0,0.0,0.0,-0.9882042449941422,-0.15314166701312007,0.30267049085568926,-0.9530952596488853
126415,127832.0,129008.0,129571.0,129053.0,194958.0,133059.0,153327.0,144449.0,149092.0,127333.0,154491.16666666666,57.0,63.0,60.0,54.9,87.0,93.0,0.96,0.0,0.0,3.84,100.0,0.0,0.0,0.0,63.0,0.0,0.0,1.0,0.0,12.13,0.0,0.0,0.0,0.0,0.0,1.0,0.0,-0.9906923101615609,-0.13612033862266704,0.2697067454601279,-0.962942506826501
112035,126415.0,127832.0,129008.0,117733.0,176989.0,126027.0,151494.0,117836.0,144449.0,126956.14285714286,153829.5,62.0,66.0,64.0,59.7,91.0,95.0,1.25,0.0,0.0,3.03,100.0,0.0,0.0,0.0,63.0,0.0,0.0,1.0,0.0,12.08,0.0,0.0,0.0,0.0,0.0,0.0,1.0,-0.9928872135356962,-0.11905873003404988,0.23642378142121298,-0.9716500376053585
111536,112035.0,126415.0,127832.0,120128.0,158922.0,143874.0,145212.0,106856.0,117836.0,126142.14285714286,152691.76666666666,57.0,66.0,61.5,57.9,91.0,96.0,0.59,0.0,0.0,2.94,100.0,0.0,0.0,0.0,61.8,0.0,0.0,0.0,0.0,12.04,1.0,0.0,0.0,0.0,0.0,0.0,0.0,-0.994788305609327,-0.10196189005174576,0.20286099168260133,-0.9792075459541514
119464,111536.0,112035.0,126415.0,138006.0,174284.0,166274.0,156228.0,110245.0,106856.0,124914.71428571428,151298.73333333334,54.0,60.0,57.0,52.8,80.0,92.0,0.2,0.0,0.0,5.12,84.0,0.65,0.0,0.0,60.8,0.0,0.0,0.0,0.0,11.99,0.0,1.0,0.0,0.0,0.0,0.0,0.0,-0.9963950238187231,-0.08483487790576538,0.16905810038314714,-0.9856060869814277
118941,119464.0,111536.0,112035.0,129571.0,169231.0,199408.0,156057.0,123806.0,110245.0,122265.85714285714,150231.06666666668,50.0,64.0,57.0,45.4,67.0,85.0,0.0,0.0,0.0,15.42,35.0,11.17,0.0,0.0,58.5,0.0,0.0,0.0,0.0,11.95,0.0,0.0,1.0,0.0,0.0,0.0,0.0,-0.9977068927101168,-0.06768276175455162,0.13505511584034569,-0.9908380875225532
116517,118941.0,119464.0,111536.0,129008.0,169923.0,210280.0,161848.0,122666.0,123806.0,120747.28571428572,149355.36666666667,56.0,65.0,60.5,52.0,81.0,92.0,0.38,0.0,0.0,6.24,82.0,2.14,0.0,0.0,58.2,0.0,0.0,0.0,0.0,11.9,0.0,0.0,0.0,1.0,0.0,0.0,0.0,-0.9987235240803972,-0.050510617185222886,0.10089228319740334,-0.9948973551031357
118210,116517.0,118941.0,119464.0,127832.0,150451.0,211392.0,141734.0,121113.0,122666.0,118962.85714285714,148031.66666666666,59.0,63.0,61.0,56.8,92.0,97.0,5.48,0.0,0.0,4.42,99.0,1.1,0.0,0.0,59.5,0.0,0.0,0.0,0.0,11.86,0.0,0.0,0.0,0.0,1.0,0.0,0.0,-0.9994446170919858,-0.033323525711631344,0.06661003679003268,-0.9977790852682925
119674,118210.0,116517.0,118941.0,126415.0,129053.0,194958.0,133059.0,119435.0,121113.0,117588.28571428572,146770.1,57.0,66.0,61.5,56.5,85.0,96.0,0.04,0.0,0.0,11.6,78.0,6.74,0.0,0.0,61.0,0.0,0.0,1.0,0.0,11.81,0.0,0.0,0.0,0.0,0.0,1.0,0.0,-0.9998699583618592,-0.016126573270657762,0.0322489522893041,-0.9994798672690922
110128,119674.0,118210.0,116517.0,112035.0,117733.0,176989.0,126027.0,116138.0,119435.0,116625.28571428572,145364.3,59.0,76.0,67.5,57.8,76.0,92.0,0.0,0.0,0.0,17.96,0.0,11.48,0.0,2.5,63.3,0.8,0.0,1.0,0.0,11.77,0.0,0.0,0.0,0.0,0.0,0.0,1.0,-0.9999994220246925,0.001075151282798226,-0.0021503013227746654,-0.9999976880994382
112569,110128.0,119674.0,118210.0,111536.0,120128.0,158922.0,143874.0,108767.0,116138.0,116352.85714285714,144310.76666666666,63.0,77.0,70.0,59.4,77.0,98.0,0.0,0.0,0.0,15.66,24.0,11.32,0.0,5.0,66.3,2.5,0.0,0.0,0.0,11.73,1.0,0.0,0.0,0.0,0.0,0.0,0.0,-0.999832969770105,0.018276557681691223,-0.03654700988811993,-0.9993319348786156
131147,112569.0,110128.0,119674.0,119464.0,138006.0,174284.0,166274.0,106977.0,108767.0,116500.42857142857,143627.76666666666,61.0,80.0,70.5,60.2,82.0,100.0,0.0,0.0,0.0,17.14,25.0,11.25,0.0,5.5,69.3,4.3,0.0,0.0,0.0,11.68,0.0,1.0,0.0,0.0,0.0,0.0,0.0,-0.9993706508539969,0.03547255575312556,-0.07090046226091157,-0.9974833955766828
135387,131147.0,112569.0,110128.0,118941.0,129571.0,169231.0,199408.0,119768.0,106977.0,118169.42857142857,143798.43333333332,66.0,83.0,74.5,62.9,84.0,99.0,0.0,0.0,0.0,16.75,9.0,11.27,0.0,9.5,71.7,6.7,0.0,0.0,0.0,11.64,0.0,0.0,1.0,0.0,0.0,0.0,0.0,-0.9986126020839734,0.052658056924614005,-0.10516999849234956,-0.9944542580818482
144405,135387.0,131147.0,112569.0,116517.0,129008.0,169923.0,210280.0,122825.0,119768.0,120518.85714285714,143515.53333333333,62.0,77.0,69.5,59.7,88.0,100.0,0.0,0.0,0.0,16.59,58.0,10.0,0.0,4.5,71.5,6.5,0.0,0.0,0.0,11.59,0.0,0.0,0.0,1.0,0.0,0.0,0.0,-0.9975590477788613,0.06982797572987089,-0.1393150579548309,-0.9902481076109372
139260,144405.0,135387.0,131147.0,118210.0,127832.0,150451.0,211392.0,119801.0,122825.0,124502.85714285714,142786.56666666668,67.0,71.0,69.0,65.3,93.0,99.0,0.14,0.0,0.0,7.69,100.0,1.58,0.0,4.0,71.0,6.0,0.0,0.0,0.0,11.55,0.0,0.0,0.0,0.0,1.0,0.0,0.0,-0.9962102997023297,0.0869772313136861,-0.17329522734857217,-0.9848699224660111
140078,139260.0,144405.0,135387.0,119674.0,126415.0,129053.0,194958.0,121185.0,119801.0,127510.0,140781.63333333333,53.0,69.0,61.0,59.3,89.0,98.0,0.35,0.0,0.0,5.99,80.0,1.57,0.0,0.0,66.5,2.8,0.0,1.0,0.0,11.51,0.0,0.0,0.0,0.0,0.0,1.0,0.0,-0.9945667569706337,0.1041007489354256,-0.20707028853384077,-0.9783260681421669
121171,140078.0,139260.0,144405.0,110128.0,112035.0,117733.0,176989.0,123565.0,121185.0,130424.85714285714,138441.56666666668,50.0,59.0,54.5,41.1,60.0,78.0,0.0,0.0,0.0,14.68,35.0,11.0,0.0,0.0,61.5,1.3,0.0,1.0,0.0,11.46,0.0,0.0,0.0,0.0,0.0,0.0,1.0,-0.9926289059345095,0.121193461470736,-0.2406002661322256,-0.9706242897934825
105416,121171.0,140078.0,139260.0,112569.0,111536.0,120128.0,158922.0,106905.0,123565.0,132002.42857142858,135434.2,49.0,60.0,54.5,39.7,62.0,88.0,0.0,0.0,0.0,13.2,28.0,8.79,0.0,0.0,56.7,0.0,0.0,0.0,1.0,11.42,1.0,0.0,0.0,0.0,0.0,0.0,0.0,-0.9903973200352558,0.1382503109109819,-0.2738454748405547,-0.9617737030660337
113692,105416.0,121171.0,140078.0,131147.0,119464.0,138006.0,174284.0,104858.0,106905.0,130980.57142857143,132449.46666666667,52.0,63.0,57.5,44.6,67.0,93.0,0.02,0.0,0.0,13.2,70.0,10.84,0.0,0.0,55.5,0.0,0.0,0.0,0.0,11.37,0.0,1.0,0.0,0.0,0.0,0.0,0.0,-0.9878726596350429,0.15526624985999563,-0.30676656640150596,-0.9517847833088268
118024,113692.0,105416.0,121171.0,135387.0,118941.0,129571.0,169231.0,114403.0,104858.0,128487.0,130339.56666666668,55.0,69.0,62.0,46.2,70.0,92.0,0.0,0.0,0.0,16.46,17.0,10.88,0.0,0.0,58.0,0.0,0.0,0.0,0.0,11.33,0.0,0.0,1.0,0.0,0.0,0.0,0.0,-0.9850556718215013,0.172236243027682,-0.3393245761752893,-0.9406693531754186
119533,118024.0,113692.0,105416.0,144405.0,116517.0,129008.0,169923.0,119315.0,114403.0,126006.57142857143,128976.3,53.0,69.0,61.0,46.6,72.0,97.0,0.0,0.0,0.0,15.51,10.0,10.86,0.0,0.0,60.2,0.0,0.0,0.0,0.0,11.28,0.0,0.0,0.0,1.0,0.0,0.0,0.0,-0.981947190186646,0.18915526872004093,-0.37148096925728835,-0.9284405686308982
120482,119533.0,118024.0,113692.0,139260.0,118210.0,127832.0,150451.0,120438.0,119315.0,122453.42857142857,127151.26666666666,51.0,63.0,57.0,43.4,66.0,83.0,0.0,0.0,0.0,16.36,22.0,10.84,0.0,0.0,60.0,0.0,0.0,0.0,0.0,11.24,0.0,0.0,0.0,0.0,1.0,0.0,0.0,-0.9785481345802031,0.20601832032517084,-0.40319768608708534,-0.9151129033807907
116908,120482.0,119533.0,118024.0,140078.0,119674.0,126415.0,129053.0,125333.0,120438.0,119770.85714285714,125526.3,49.0,56.0,52.5,45.9,83.0,93.0,0.81,0.0,0.0,1.79,97.0,0.0,0.0,0.0,56.8,0.0,0.0,1.0,0.0,11.19,0.0,0.0,0.0,0.0,0.0,1.0,0.0,-0.9748595108374125,0.22282040779479959,-0.4344371874948622,-0.9007021317403184
109382,116908.0,120482.0,119533.0,121171.0,110128.0,112035.0,117733.0,118562.0,125333.0,116460.85714285714,123759.13333333332,50.0,60.0,55.0,43.1,70.0,94.0,0.01,0.0,0.0,13.4,59.0,10.0,0.0,0.0,54.8,0.0,0.0,1.0,0.0,11.15,0.0,0.0,0.0,0.0,0.0,0.0,1.0,-0.9708824104813836,0.23955655912092708,-0.46516249913190355,-0.8852253099642835
106009,109382.0,116908.0,120482.0,105416.0,112569.0,111536.0,120128.0,108069.0,118562.0,114776.71428571428,122390.16666666669,48.0,63.0,55.5,45.1,75.0,86.0,0.0,0.0,0.0,13.56,22.0,10.79,0.0,0.0,54.3,0.0,0.0,0.0,0.0,11.11,1.0,0.0,0.0,0.0,0.0,0.0,0.0,-0.9666180104000972,0.2562218218071163,-0.4953372552325659,-0.8687007560596848
117592,106009.0,109382.0,116908.0,113692.0,131147.0,119464.0,138006.0,106318.0,108069.0,114861.42857142857,121622.03333333334,51.0,61.0,56.0,46.5,78.0,94.0,0.0,0.0,0.0,12.31,47.0,10.77,0.0,0.0,55.5,0.0,0.0,0.0,0.0,11.06,0.0,1.0,0.0,0.0,0.0,0.0,0.0,-0.9620675724981452,0.27281126433401914,-0.5249257416559593,-0.8511480281049478
118154,117592.0,106009.0,109382.0,118024.0,135387.0,118941.0,129571.0,119413.0,106318.0,115418.57142857143,121617.33333333331,52.0,63.0,57.5,47.3,80.0,98.0,0.0,0.0,0.0,10.86,36.0,10.59,0.0,0.0,56.3,0.0,0.0,0.0,0.0,11.02,0.0,0.0,1.0,0.0,0.0,0.0,0.0,-0.957232443323312,0.28931997761869527,-0.5538929381563792,-0.8325879011014353
118973,118154.0,117592.0,106009.0,119533.0,144405.0,116517.0,129008.0,117200.0,119413.0,115437.14285714286,121551.53333333334,52.0,64.0,58.0,47.9,80.0,100.0,0.0,0.0,0.0,13.61,51.0,10.52,0.0,0.0,57.2,0.0,0.0,0.0,0.0,10.98,0.0,0.0,0.0,1.0,0.0,0.0,0.0,-0.9521140536681102,0.3057430764672831,-0.5822045598324479,-0.8130423423846421
118566,118973.0,118154.0,117592.0,120482.0,139260.0,118210.0,127832.0,119012.0,117200.0,115357.14285714286,120917.1,59.0,63.0,61.0,57.0,92.0,97.0,0.84,0.0,0.0,3.5,99.0,0.34,0.0,0.0,58.8,0.0,0.0,0.0,0.0,10.93,0.0,0.0,0.0,0.0,1.0,0.0,0.0,-0.9467139181463862,0.3220757010206104,-0.6098270977059321,-0.7925344856241648
121383,118566.0,118973.0,118154.0,116908.0,140078.0,119674.0,126415.0,119482.0,119012.0,115083.42857142857,120550.26666666666,56.0,63.0,59.5,52.1,82.0,99.0,0.67,0.0,0.0,4.94,78.0,3.54,0.0,0.0,59.5,0.0,0.0,1.0,0.0,10.89,0.0,0.0,0.0,0.0,0.0,1.0,0.0,-0.9410336347451197,0.3383130181923076,-0.636727858382198,-0.7710886034432227
110022,121383.0,118566.0,118973.0,109382.0,121171.0,110128.0,112035.0,118483.0,119482.0,115722.71428571428,120296.1,48.0,57.0,52.5,39.2,61.0,77.0,0.0,0.0,0.0,9.61,65.0,8.03,0.0,0.0,57.7,0.0,0.0,1.0,0.0,10.85,0.0,0.0,0.0,0.0,0.0,0.0,1.0,-0.9350748843515574,0.3544502230989869,-0.6628750027453377,-0.7487300786901568
106653,110022.0,121383.0,118566.0,106009.0,105416.0,112569.0,111536.0,108405.0,118483.0,115814.14285714286,119702.43333333332,47.0,60.0,53.5,39.9,66.0,82.0,0.0,0.0,0.0,14.26,19.0,10.65,0.0,0.0,55.2,0.0,0.0,0.0,0.0,10.81,1.0,0.0,0.0,0.0,0.0,0.0,0.0,-0.9288394302558068,0.3704825404820963,-0.6882375836422284,-0.7254853743958638
118597,106653.0,110022.0,121383.0,117592.0,113692.0,131147.0,119464.0,108050.0,108405.0,115906.14285714286,119043.7,47.0,65.0,56.0,44.0,77.0,95.0,0.0,0.0,0.0,12.84,18.0,10.61,0.0,0.0,54.0,0.0,0.0,0.0,0.0,10.76,0.0,1.0,0.0,0.0,0.0,0.0,0.0,-0.9223291176290545,0.3864052261209853,-0.7127855825108473,-0.7013820024527804
119347,118597.0,106653.0,110022.0,118154.0,118024.0,135387.0,118941.0,120832.0,108050.0,116049.71428571428,119262.43333333332,53.0,72.0,62.5,46.7,67.0,85.0,0.0,0.0,0.0,13.16,37.0,10.44,0.0,0.0,57.3,0.0,0.0,0.0,0.0,10.72,0.0,0.0,1.0,0.0,0.0,0.0,0.0,-0.9155458729775467,0.40221356823680365,-0.7364899449095569,-0.6764484910524361
120653,119347.0,118597.0,106653.0,118973.0,119533.0,144405.0,116517.0,125770.0,120832.0,116220.14285714286,119522.8,58.0,77.0,67.5,50.8,65.0,86.0,0.0,0.0,0.0,13.41,44.0,10.52,0.0,2.5,62.0,0.8,0.0,0.0,0.0,10.68,0.0,0.0,0.0,1.0,0.0,0.0,0.0,-0.9084917035725082,0.41790288888678667,-0.7593226149052589,-0.6507143509201561
124318,120653.0,119347.0,118597.0,118566.0,120482.0,139260.0,118210.0,127535.0,125770.0,116460.14285714286,119562.43333333332,63.0,74.0,68.5,53.3,69.0,80.0,0.0,0.0,0.0,8.15,58.0,6.78,0.0,3.5,66.2,2.0,0.0,0.0,0.0,10.64,0.0,0.0,0.0,0.0,1.0,0.0,0.0,-0.9011686968561569,0.4334685453485363,-0.7812565682797488,-0.6242100403868479
124624,124318.0,120653.0,119347.0,121383.0,116908.0,140078.0,119674.0,120506.0,127535.0,117281.85714285714,119741.66666666669,63.0,80.0,71.5,59.1,72.0,87.0,0.0,0.0,0.0,12.28,21.0,10.23,0.0,6.5,69.2,4.2,0.0,1.0,0.0,10.6,0.0,0.0,0.0,0.0,0.0,1.0,0.0,-0.8935790198239952,0.4489059314938798,-0.8022658445149573,-0.5969669293392242
120491,124624.0,124318.0,120653.0,110022.0,109382.0,121171.0,110128.0,118282.0,120506.0,117744.85714285714,120011.9,51.0,63.0,57.0,48.4,80.0,96.0,0.47,0.0,0.0,3.61,99.0,0.54,0.0,0.0,65.7,3.3,0.0,1.0,0.0,10.56,0.0,0.0,0.0,0.0,0.0,0.0,1.0,-0.8857249183835637,0.4642104791518923,-0.8223255775192096,-0.5690172620911411
110558,120491.0,124624.0,124318.0,106653.0,106009.0,105416.0,112569.0,109029.0,118282.0,119240.42857142857,120087.93333333332,50.0,60.0,55.0,52.3,86.0,98.0,0.59,0.0,0.0,4.94,100.0,1.74,0.0,0.0,61.2,2.2,0.0,0.0,0.0,10.52,1.0,0.0,0.0,0.0,0.0,0.0,0.0,-0.8776087166898392,0.4793776594606945,-0.8414120250581577,-0.5403941192199728
120772,110558.0,120491.0,124624.0,118597.0,117592.0,113692.0,131147.0,107416.0,109029.0,119798.28571428572,119784.06666666668,45.0,51.0,48.0,35.0,60.0,77.0,0.0,0.0,0.0,9.42,91.0,6.06,2.0,0.0,53.3,0.0,0.7,0.0,0.0,10.48,0.0,1.0,0.0,0.0,0.0,0.0,0.0,-0.8692328164574792,0.49440298420761813,-0.8595025968555411,-0.5111313784132033
119303,120772.0,110558.0,120491.0,119347.0,118154.0,118024.0,135387.0,119039.0,107416.0,120109.0,120138.86666666668,39.0,49.0,44.0,33.2,68.0,90.0,0.01,0.0,0.0,8.07,58.0,6.52,6.0,0.0,49.0,0.0,2.7,0.0,0.0,10.44,0.0,0.0,1.0,0.0,0.0,0.0,0.0,-0.8605996962501181,0.5092820071573356,-0.876575881330507,-0.4812636743715911
122581,119303.0,120772.0,110558.0,120653.0,118973.0,119533.0,144405.0,122214.0,119039.0,120102.71428571428,120363.33333333331,35.0,48.0,41.5,28.1,64.0,88.0,0.0,0.0,0.0,12.7,5.0,10.0,8.5,0.0,44.5,0.0,5.5,0.0,0.0,10.4,0.0,0.0,0.0,1.0,0.0,0.0,0.0,-0.8517119107469189,0.5240103253675756,-0.8926116709398649,-0.45082635781633507
124118,122581.0,119303.0,120772.0,124318.0,118566.0,120482.0,139260.0,120546.0,122214.0,120378.14285714286,120077.8,42.0,55.0,48.5,33.5,68.0,90.0,0.0,0.0,0.0,12.61,7.0,9.9,1.5,0.0,44.7,0.0,5.3,0.0,0.0,10.36,0.0,0.0,0.0,0.0,1.0,0.0,0.0,-0.8425720899866032,0.5385835804920232,-0.9075909860952637,-0.4198554536487849
122528,124118.0,122581.0,119303.0,124624.0,121383.0,116908.0,140078.0,120005.0,120546.0,120349.57142857143,119702.16666666669,47.0,61.0,54.0,38.6,71.0,85.0,0.0,0.0,0.0,8.62,89.0,6.35,0.0,0.0,48.0,0.0,3.3,1.0,0.0,10.32,0.0,0.0,0.0,0.0,0.0,1.0,0.0,-0.8331829385891785,0.5529974600700271,-0.9214960976269942,-0.3883876183121974
111305,122528.0,124118.0,122581.0,120491.0,110022.0,109382.0,121171.0,121075.0,120005.0,120050.14285714286,118972.93333333332,49.0,65.0,57.0,41.6,73.0,94.0,0.0,0.0,0.0,7.29,49.0,5.56,0.0,0.0,53.2,0.0,0.5,1.0,0.0,10.28,0.0,0.0,0.0,0.0,0.0,0.0,1.0,-0.8235472349556007,0.5672476988027229,-0.9343105477678197,-0.3564600964060307
112550,111305.0,122528.0,124118.0,110558.0,106653.0,106009.0,105416.0,115378.0,121075.0,118737.85714285714,118041.1,44.0,56.0,50.0,37.5,71.0,89.0,0.0,0.0,0.0,10.96,54.0,9.7,0.0,0.0,53.7,0.0,0.0,0.0,0.0,10.24,1.0,0.0,0.0,0.0,0.0,0.0,0.0,-0.8136678304455991,0.5813300798152042,-0.9460191696320084,-0.32411067660409654
120662,112550.0,111305.0,122528.0,120772.0,118597.0,117592.0,113692.0,120723.0,115378.0,119022.42857142857,117123.5,53.0,64.0,58.5,49.0,76.0,91.0,0.06,0.0,0.0,7.33,64.0,5.0,0.0,0.0,55.2,0.0,0.0,0.0,0.0,10.2,0.0,1.0,0.0,0.0,0.0,0.0,0.0,-0.8035476485339116,0.5952404359043674,-0.9566081051665098,-0.29137764692875745
120787,120662.0,112550.0,111305.0,119303.0,119347.0,118154.0,118024.0,129388.0,120723.0,119006.71428571428,117106.53333333334,43.0,54.0,48.5,30.5,56.0,71.0,0.0,0.0,0.0,11.94,44.0,9.01,1.5,0.0,52.3,0.0,0.5,0.0,0.0,10.16,0.0,0.0,1.0,0.0,0.0,0.0,0.0,-0.7931896839451843,0.6089746507720486,-0.9660648215530205,-0.25829974943412287
121050,120787.0,120662.0,112550.0,122581.0,120653.0,118973.0,119533.0,118595.0,129388.0,119218.71428571428,117618.9,42.0,57.0,49.5,41.5,77.0,97.0,0.0,0.0,0.0,4.81,45.0,3.96,0.5,0.0,52.2,0.0,0.7,0.0,0.0,10.13,0.0,0.0,0.0,1.0,0.0,0.0,0.0,-0.7825970017677834,0.6225286602431057,-0.9743781260415392,-0.22491613435184774
123230,121050.0,120787.0,120662.0,124118.0,124318.0,118566.0,120482.0,120670.0,118595.0,119000.0,117864.16666666669,45.0,53.0,49.0,39.5,76.0,91.0,0.0,0.0,0.0,2.36,70.0,0.0,1.0,0.0,49.0,0.0,1.0,0.0,1.0,10.09,0.0,0.0,0.0,0.0,1.0,0.0,0.0,-0.7717727365467836,0.6358984534680745,-0.9815381791978468,-0.19126631375382222
122144,123230.0,121050.0,120787.0,122528.0,124624.0,121383.0,116908.0,120580.0,120670.0,118873.14285714286,118037.7,42.0,55.0,48.5,34.9,69.0,92.0,0.0,0.0,0.0,9.76,19.0,8.59,1.5,0.0,49.0,0.0,1.0,1.0,1.0,10.06,0.0,0.0,0.0,0.0,0.0,1.0,0.0,-0.7607200913564104,0.6490800741100398,-0.9875365065492301,-0.15739011478661072
112613,122144.0,123230.0,121050.0,111305.0,120491.0,110022.0,109382.0,122084.0,120580.0,118818.28571428572,118124.73333333334,36.0,44.0,40.0,27.6,69.0,90.0,0.0,0.0,0.0,10.51,26.0,9.54,10.0,0.0,45.8,0.0,4.2,1.0,0.0,10.02,0.0,0.0,0.0,0.0,0.0,0.0,1.0,-0.7494423368521954,0.6620696215153815,-0.9923660086146721,-0.12332763253295889
113688,112613.0,122144.0,123230.0,112550.0,110558.0,106653.0,106009.0,113611.0,122084.0,119005.14285714286,117862.43333333332,35.0,49.0,42.0,28.4,69.0,89.0,0.0,0.0,0.0,10.38,23.0,8.0,8.0,0.0,43.5,0.0,6.5,0.0,0.0,9.99,1.0,0.0,0.0,0.0,0.0,0.0,0.0,-0.7379428103031386,0.6748632518680403,-0.9960209693076331,-0.08911918255618792
125943,113688.0,112613.0,122144.0,120662.0,120772.0,118597.0,117592.0,108614.0,113611.0,119167.71428571428,117755.1,42.0,53.0,47.5,33.5,69.0,86.0,0.0,0.0,0.0,8.52,21.0,9.47,2.5,0.0,43.2,0.0,6.8,0.0,0.0,9.95,0.0,1.0,0.0,0.0,0.0,0.0,0.0,-0.7262249146041543,0.6874571793269664,-0.9984970627014779,-0.054805253183622435
124777,125943.0,113688.0,112613.0,120787.0,119303.0,119347.0,118154.0,122342.0,108614.0,119922.14285714286,118307.13333333332,39.0,53.0,46.0,33.9,76.0,96.0,0.0,0.0,0.0,9.96,55.0,8.77,4.0,0.0,45.2,0.0,4.8,0.0,0.0,9.92,0.0,0.0,1.0,0.0,0.0,0.0,0.0,-0.7142921172691032,0.699847677146407,-0.9997913581495419,-0.020426457585556834
124974,124777.0,125943.0,113688.0,121050.0,122581.0,120653.0,118973.0,126704.0,122342.0,120492.14285714286,118932.73333333334,46.0,65.0,55.5,38.8,71.0,92.0,0.0,0.0,0.0,10.72,15.0,9.39,0.0,0.0,49.7,0.0,2.2,0.0,0.0,9.89,0.0,0.0,0.0,1.0,0.0,0.0,0.0,-0.7021479494046978,0.7120310787787131,-0.9999023237537765,0.01397651429355571
122839,124974.0,124777.0,125943.0,123230.0,124118.0,124318.0,118566.0,125824.0,126704.0,121052.71428571428,119178.8,52.0,67.0,59.5,45.8,77.0,94.0,0.0,0.0,0.0,8.97,68.0,8.22,0.0,0.0,53.7,0.0,1.3,0.0,0.0,9.85,0.0,0.0,0.0,0.0,1.0,0.0,0.0,-0.6897960046655887,0.7240037789593305,-0.9988298281778684,0.04836294389478229
120947,122839.0,124974.0,124777.0,122144.0,122528.0,124624.0,121383.0,127120.0,125824.0,120996.85714285714,119334.96666666666,41.0,63.0,52.0,39.2,69.0,95.0,0.0,0.0,0.0,8.75,51.0,7.39,0.0,0.0,55.7,0.0,0.0,1.0,0.0,9.82,0.0,0.0,0.0,0.0,0.0,1.0,0.0,-0.6772399381909491,0.7357622347736527,-0.996575140802686,0.08269213223823901
112159,120947.0,122839.0,124974.0,112613.0,111305.0,120491.0,110022.0,127603.0,127120.0,120825.85714285714,119400.76666666666,40.0,55.0,47.5,29.4,59.0,71.0,0.0,0.0,0.0,10.44,5.0,9.32,2.5,0.0,53.0,0.0,0.8,1.0,0.0,9.79,0.0,0.0,0.0,0.0,0.0,0.0,1.0,-0.6644834655228552,0.7473029667054296,-0.9931409302238695,0.11692344809347308
111852,112159.0,120947.0,122839.0,113688.0,112550.0,110558.0,106653.0,119887.0,127603.0,120761.0,119187.2,37.0,46.0,41.5,22.8,56.0,83.0,0.0,0.0,0.0,10.69,35.0,9.04,8.5,0.0,47.0,0.0,3.7,0.0,0.0,9.76,1.0,0.0,0.0,0.0,0.0,0.0,0.0,-0.6515303615068021,0.75862255966641,-0.9885312610933433,0.15101637606963153
125357,111852.0,112159.0,120947.0,125943.0,120662.0,120772.0,118597.0,121080.0,119887.0,120498.71428571428,118869.5,33.0,48.0,40.5,28.8,68.0,89.0,0.59,0.0,0.0,3.8,85.0,2.11,9.5,0.0,43.2,0.0,6.8,0.0,0.0,9.73,0.0,1.0,0.0,0.0,0.0,0.0,0.0,-0.6383844591746642,0.7697176640069211,-0.9827515893084885,0.1849305645685428
128957,125357.0,111852.0,112159.0,124777.0,120787.0,119303.0,119347.0,133852.0,121080.0,120415.0,119380.66666666669,48.0,54.0,51.0,46.9,84.0,98.0,1.93,0.0,0.0,7.73,74.0,6.44,0.0,0.0,44.3,0.0,6.0,0.0,0.0,9.7,0.0,0.0,1.0,0.0,0.0,0.0,0.0,-0.6250496486104377,0.7805849965070866,-0.9758087555546684,0.2186258735439368
123065,128957.0,125357.0,111852.0,124974.0,121050.0,122581.0,120653.0,128798.0,133852.0,121012.14285714286,120124.13333333332,44.0,52.0,48.0,35.7,67.0,81.0,0.0,0.0,0.0,9.96,21.0,9.25,2.0,0.0,46.5,0.0,3.8,0.0,1.0,9.67,0.0,0.0,0.0,1.0,0.0,0.0,0.0,-0.6115298757991053,0.7912213413483807,-0.9677109772087535,0.25206242201026163
110921,123065.0,128957.0,125357.0,122839.0,123230.0,124118.0,124318.0,124175.0,128798.0,120739.42857142857,120273.06666666668,33.0,51.0,42.0,28.0,60.0,83.0,0.0,0.0,0.0,9.72,36.0,9.06,8.0,0.0,47.0,0.0,3.3,0.0,0.0,9.64,0.0,0.0,0.0,0.0,1.0,0.0,0.0,-0.5978291414589552,0.801623551065242,-0.9584678386132249,0.28520063524489725
117390,110921.0,123065.0,128957.0,120947.0,122144.0,122528.0,124624.0,111890.0,124175.0,119036.85714285714,119992.2,30.0,40.0,35.0,21.3,63.0,83.0,0.0,0.0,0.0,8.9,44.0,9.17,15.0,0.0,41.7,0.0,8.3,1.0,0.0,9.62,0.0,0.0,0.0,0.0,0.0,1.0,0.0,-0.5839514998576998,0.8117885474764613,-0.9480902797323661,0.31800129162788576
118177,117390.0,110921.0,123065.0,112159.0,112613.0,111305.0,120491.0,117118.0,111890.0,118528.71428571428,119883.43333333332,35.0,56.0,45.5,33.9,80.0,93.0,0.28,0.0,0.0,5.7,94.0,4.13,4.5,0.0,40.8,0.0,9.2,1.0,0.0,9.59,0.0,0.0,0.0,0.0,0.0,0.0,1.0,-0.5699010576127624,0.8217133225960589,-0.936590583203982,0.3504255690637097
116888,118177.0,117390.0,110921.0,111852.0,113688.0,112550.0,110558.0,112375.0,117118.0,119388.42857142857,119678.73333333334,36.0,56.0,46.0,36.7,73.0,95.0,0.08,0.0,0.0,7.71,34.0,6.98,4.0,0.0,42.2,0.0,7.8,0.0,0.0,9.56,1.0,0.0,0.0,0.0,0.0,0.0,0.0,-0.5556819724760489,0.8313949395234058,-0.9239823598019431,0.3824350909302552
125960,116888.0,118177.0,117390.0,125357.0,125943.0,120662.0,120772.0,113056.0,112375.0,120107.85714285714,119420.86666666668,32.0,41.0,36.5,13.6,43.0,53.0,0.0,0.0,0.0,9.28,5.0,9.13,13.5,0.0,42.7,0.0,7.3,0.0,0.0,9.54,0.0,1.0,0.0,0.0,0.0,0.0,0.0,-0.5412984521036173,0.8408305333122887,-0.9102805323268018,0.41399197150045597
133727,125960.0,116888.0,118177.0,128957.0,124777.0,120787.0,119303.0,123523.0,113056.0,120194.0,119603.16666666669,27.0,38.0,32.5,14.6,53.0,68.0,0.0,0.0,0.0,9.31,34.0,8.22,17.5,0.0,38.3,0.0,11.7,0.0,0.0,9.51,0.0,0.0,1.0,0.0,0.0,0.0,0.0,-0.5267547528105542,0.8500173118187018,-0.895501317943504,0.44505886078298396
137367,133727.0,125960.0,116888.0,123065.0,124974.0,121050.0,122581.0,128130.0,123523.0,120875.42857142857,120375.46666666666,34.0,51.0,42.5,23.8,58.0,65.0,0.0,0.0,0.0,9.51,32.0,9.01,7.5,0.0,37.2,0.0,12.8,0.0,0.0,9.49,0.0,0.0,0.0,1.0,0.0,0.0,0.0,-0.5120551783114646,0.8589525565270845,-0.8796622089871292,0.47559898872882833
132457,137367.0,133727.0,125960.0,110921.0,122839.0,123230.0,124118.0,128004.0,128130.0,122918.57142857143,120928.63333333332,43.0,51.0,47.0,35.9,82.0,94.0,0.41,0.0,0.0,3.58,83.0,2.9,3.0,0.0,40.7,0.0,9.3,0.0,0.0,9.47,0.0,0.0,0.0,0.0,1.0,0.0,0.0,-0.4972040784469378,0.8676336233547726,-0.8627819522593745,0.5055762087514626
129712,132457.0,137367.0,133727.0,117390.0,120947.0,122144.0,122528.0,129814.0,128004.0,125995.14285714286,121367.1,47.0,60.0,53.5,45.7,91.0,99.0,0.0,0.0,0.0,7.06,97.0,6.75,0.0,0.0,47.7,0.0,3.5,1.0,0.0,9.45,0.0,0.0,0.0,0.0,0.0,1.0,0.0,-0.4822058478963526,0.8760579434344281,-0.8448805268402667,0.5349550405091192
116476,129712.0,132457.0,137367.0,118177.0,112159.0,112613.0,111305.0,130336.0,129814.0,127755.42857142857,121604.8,48.0,53.0,50.5,46.6,97.0,99.0,0.55,0.0,0.0,1.16,100.0,0.0,0.0,0.0,50.3,0.0,1.0,1.0,0.0,9.43,0.0,0.0,0.0,0.0,0.0,0.0,1.0,-0.46706492487743034,0.8842230238742036,-0.8259791204413984,0.5637007118984807
116813,116476.0,129712.0,132457.0,116888.0,111852.0,113688.0,112550.0,118313.0,130336.0,127512.42857142857,121350.06666666668,42.0,54.0,48.0,38.1,77.0,99.0,0.0,0.0,0.0,6.81,56.0,6.9,2.0,0.0,50.7,0.0,0.7,0.0,0.0,9.41,1.0,0.0,0.0,0.0,0.0,0.0,0.0,-0.451785789832884,0.8921264484954345,-0.8061001043286312,0.5917792002101544
125930,116813.0,116476.0,129712.0,125960.0,125357.0,125943.0,120662.0,116521.0,118313.0,127501.71428571428,121159.56666666668,38.0,43.0,40.5,28.2,65.0,78.0,0.0,0.0,0.0,6.23,61.0,5.02,9.5,0.0,46.3,0.0,3.8,0.0,0.0,9.39,0.0,1.0,0.0,0.0,0.0,0.0,0.0,-0.4363729641045924,0.8997658785476209,-0.7852670068439961,0.6191572723971441
130322,125930.0,116813.0,116476.0,133727.0,128957.0,124777.0,120787.0,129350.0,116521.0,127497.42857142857,121647.06666666668,33.0,43.0,38.0,24.6,67.0,90.0,0.0,0.0,0.0,6.06,47.0,6.82,12.0,0.0,42.2,0.0,7.8,0.0,0.0,9.38,0.0,0.0,1.0,0.0,0.0,0.0,0.0,-0.42083100859565564,0.9071390534005044,-0.7635044855580851,0.6458025244087264
132923,130322.0,125930.0,116813.0,137367.0,123065.0,124974.0,121050.0,129080.0,129350.0,127011.0,122239.46666666666,32.0,39.0,35.5,24.8,72.0,88.0,0.0,0.0,0.0,3.85,75.0,3.0,14.5,0.0,38.0,0.0,12.0,0.0,0.0,9.36,0.0,0.0,0.0,1.0,0.0,0.0,0.0,-0.4051645224207563,0.9142437912130223,-0.7408382980859317,0.6716834195431209
135960,132923.0,130322.0,125930.0,132457.0,110921.0,122839.0,123230.0,126511.0,129080.0,126376.14285714286,122648.16666666669,38.0,51.0,44.5,32.4,82.0,95.0,0.0,0.0,0.0,8.43,32.0,8.47,5.5,0.0,39.3,0.0,10.7,0.0,0.0,9.34,0.0,0.0,0.0,0.0,1.0,0.0,0.0,-0.3893781415452015,0.9210779895789526,-0.717295271600886,0.6967693257736101
129946,135960.0,132923.0,130322.0,129712.0,117390.0,120947.0,122144.0,125365.0,126511.0,126876.57142857143,123153.93333333332,44.0,59.0,51.5,41.3,91.0,100.0,0.0,0.0,0.0,8.11,64.0,8.62,0.0,0.0,43.8,0.0,6.7,1.0,0.0,9.33,0.0,0.0,0.0,0.0,0.0,1.0,0.0,-0.37347653741307074,0.9276396261490467,-0.6929032710826029,0.7210305520038863
118195,129946.0,135960.0,132923.0,116476.0,118177.0,112159.0,112613.0,128232.0,125365.0,126910.0,123450.46666666666,50.0,61.0,55.5,51.7,93.0,95.0,1.12,0.0,0.0,3.18,84.0,2.23,0.0,0.0,50.5,0.0,1.8,1.0,0.0,9.32,0.0,0.0,0.0,0.0,0.0,0.0,1.0,-0.3574644155648614,0.9339267592294762,-0.6676911663366994,0.7444383832097441
116724,118195.0,129946.0,135960.0,116813.0,116888.0,111852.0,113688.0,123064.0,128232.0,127155.57142857143,123282.63333333332,38.0,50.0,44.0,33.5,72.0,97.0,0.55,0.0,0.0,6.87,62.0,6.64,6.0,0.0,50.3,0.0,2.0,0.0,0.0,9.3,1.0,0.0,0.0,0.0,0.0,0.0,0.0,-0.34134651424503615,0.9399375283564133,-0.641688797825113,0.7669651144255266
130480,116724.0,118195.0,129946.0,125930.0,125960.0,125357.0,125943.0,122660.0,123064.0,127142.85714285714,123101.96666666666,36.0,44.0,40.0,24.3,63.0,78.0,0.0,0.0,0.0,8.99,5.0,8.84,10.0,0.0,46.5,0.0,5.3,0.0,0.0,9.29,0.0,1.0,0.0,0.0,0.0,0.0,0.0,-0.3251276029999093,0.9456701548465688,-0.6149269413476359,0.7885840835350667
132472,130480.0,116724.0,118195.0,130322.0,133727.0,128957.0,124777.0,135900.0,122660.0,127792.85714285714,123697.53333333334,36.0,47.0,41.5,24.4,60.0,75.0,0.0,0.0,0.0,8.83,2.0,8.82,8.5,0.0,41.8,0.0,8.2,0.0,0.0,9.28,0.0,0.0,1.0,0.0,0.0,0.0,0.0,-0.30881248126625377,0.9511229423235357,-0.587437271616382,0.8092697028283593
131986,132472.0,130480.0,116724.0,132923.0,137367.0,123065.0,124974.0,138164.0,135900.0,128100.0,124323.66666666669,33.0,41.0,37.0,21.1,61.0,79.0,0.0,0.0,0.0,8.4,18.0,8.81,13.0,0.0,39.5,0.0,10.5,0.0,0.0,9.27,0.0,0.0,0.0,1.0,0.0,0.0,0.0,-0.29240597695107734,0.9562942772197719,-0.5592523247663436,0.828997489286572
135106,131986.0,132472.0,130480.0,135960.0,132457.0,110921.0,122839.0,137623.0,138164.0,127966.14285714286,124525.1,37.0,58.0,47.5,29.2,64.0,70.0,0.0,0.0,0.0,8.64,23.0,8.8,2.5,0.0,42.0,0.0,8.0,0.0,0.0,9.27,0.0,0.0,0.0,0.0,1.0,0.0,0.0,-0.27591294500296043,0.9611826292540837,-0.5304054598463659,0.8477440935595867
130201,135106.0,131986.0,132472.0,129946.0,129712.0,117390.0,120947.0,137442.0,137623.0,127844.14285714286,124869.4,46.0,54.0,50.0,33.8,67.0,91.0,0.0,0.0,0.0,8.41,46.0,8.57,0.0,0.0,44.8,0.0,5.2,1.0,0.0,9.26,0.0,0.0,0.0,0.0,0.0,1.0,0.0,-0.2593382659754056,0.9657865518844574,-0.5009308193361626,0.8654873276017395
117621,130201.0,135106.0,131986.0,118195.0,116476.0,118177.0,112159.0,133487.0,137442.0,127880.57142857143,125043.63333333332,47.0,59.0,53.0,46.0,90.0,97.0,0.26,0.0,0.0,2.13,100.0,0.0,0.0,0.0,50.2,0.0,0.8,1.0,0.0,9.25,0.0,0.0,0.0,0.0,0.0,0.0,1.0,-0.2426868445825954,0.9701046827361175,-0.4708632887360563,0.8822061909330864
116845,117621.0,130201.0,135106.0,116724.0,116813.0,116888.0,111852.0,122638.0,133487.0,127798.57142857143,124869.7,42.0,62.0,52.0,47.8,83.0,97.0,2.21,0.0,0.0,2.21,72.0,1.19,0.0,0.0,51.7,0.0,0.0,0.0,0.0,9.25,1.0,0.0,0.0,0.0,0.0,0.0,0.0,-0.22596360824801906,0.974135744004672,-0.4402384552773285,0.8978808954950716
126652,116845.0,117621.0,130201.0,130480.0,125930.0,125960.0,125357.0,122612.0,122638.0,127815.85714285714,124732.96666666666,32.0,44.0,38.0,23.7,58.0,70.0,0.0,0.0,0.0,8.34,26.0,8.17,12.0,0.0,47.7,0.0,4.0,0.0,0.0,9.24,0.0,1.0,0.0,0.0,0.0,0.0,0.0,-0.20917350564635637,0.9778785428342386,-0.40909256580197667,0.9124928890712274
130034,126652.0,116845.0,117621.0,132472.0,130322.0,133727.0,128957.0,136653.0,122612.0,127269.0,125216.06666666668,30.0,46.0,38.0,21.2,59.0,71.0,0.0,0.0,0.0,8.63,3.0,8.83,12.0,0.0,42.7,0.0,8.0,0.0,0.0,9.24,0.0,0.0,1.0,0.0,0.0,0.0,0.0,-0.19232150523909483,0.9813319716704275,-0.3774624838618108,0.9260248772451376
133889,130034.0,126652.0,116845.0,131986.0,132923.0,137367.0,123065.0,136279.0,136653.0,126920.71428571428,125822.13333333332,30.0,42.0,36.0,18.8,56.0,78.0,0.0,0.0,0.0,8.77,12.0,8.82,14.0,0.0,37.3,0.0,12.7,0.0,0.0,9.24,0.0,0.0,0.0,1.0,0.0,0.0,0.0,-0.17541259380427843,0.9844950085880858,-0.345385646087603,0.9384608438697104
133332,133889.0,130034.0,126652.0,135106.0,135960.0,132457.0,110921.0,136074.0,136279.0,127192.57142857143,126106.53333333334,25.0,37.0,31.0,15.4,59.0,81.0,0.0,0.0,0.0,8.14,62.0,8.47,19.0,0.0,35.0,0.0,15.0,0.0,0.0,9.24,0.0,0.0,0.0,0.0,1.0,0.0,0.0,-0.15845177496083632,0.9873667175937016,-0.3129000178799537,0.949786070023521
134648,133332.0,133889.0,130034.0,130201.0,129946.0,129712.0,117390.0,133835.0,136074.0,126939.14285714286,126252.36666666668,34.0,44.0,39.0,28.3,82.0,94.0,0.0,0.0,0.0,3.59,81.0,2.49,11.0,0.0,35.3,0.0,14.7,1.0,0.0,9.24,0.0,0.0,0.0,0.0,0.0,1.0,0.0,-0.14144406768794202,0.9899462489023779,-0.2800440484743445,0.9599871514317777
123547,134648.0,133332.0,133889.0,117621.0,118195.0,116476.0,118177.0,134353.0,133835.0,127574.42857142857,126638.46666666666,40.0,49.0,44.5,37.3,91.0,97.0,0.02,0.0,0.0,3.4,85.0,2.13,5.5,0.0,38.2,0.0,11.8,1.0,0.0,9.24,0.0,0.0,0.0,0.0,0.0,0.0,1.0,-0.12439450483979998,0.9922328391893008,-0.2468566254334839,0.9690520143313219
116465,123547.0,134648.0,133332.0,116845.0,116724.0,116813.0,116888.0,145577.0,134353.0,128421.0,127059.33333333331,43.0,49.0,46.0,39.3,90.0,100.0,0.0,0.0,0.0,5.61,78.0,6.42,4.0,0.0,43.2,0.0,6.8,0.0,1.0,9.25,1.0,0.0,0.0,0.0,0.0,0.0,0.0,-0.10730813165636247,0.9942258118156161,-0.21337702862092797,0.9769699297608415
113544,116465.0,123547.0,134648.0,126652.0,130480.0,125930.0,125960.0,137906.0,145577.0,128366.71428571428,127028.5,44.0,51.0,47.5,39.8,98.0,100.0,0.0,0.0,0.0,2.93,100.0,0.0,2.5,0.0,46.0,0.0,4.0,0.0,0.0,9.25,0.0,1.0,0.0,0.0,0.0,0.0,0.0,-0.09019000427034513,0.9959245770286599,-0.179644883710313,0.9837315262594303
122987,113544.0,116465.0,123547.0,130034.0,132472.0,130322.0,133727.0,140298.0,137906.0,126494.14285714286,126874.06666666668,45.0,50.0,47.5,43.1,98.0,100.0,0.32,0.0,0.0,1.65,100.0,0.0,2.5,0.0,47.0,0.0,3.0,0.0,0.0,9.26,0.0,0.0,1.0,0.0,0.0,0.0,0.0,-0.07304518821104743,0.9973286321364752,-0.14570011528535065,0.9893288009584253
124121,122987.0,113544.0,116465.0,133889.0,131986.0,132923.0,137367.0,141967.0,140298.0,125487.42857142857,127077.36666666668,49.0,55.0,52.0,48.1,94.0,98.0,1.22,0.0,0.0,1.89,100.0,0.04,0.0,0.0,49.0,0.0,1.7,0.0,0.0,9.27,0.0,0.0,0.0,1.0,0.0,0.0,0.0,-0.05587875690537313,0.9984375616565666,-0.11158289958600157,0.9937551290534204
123326,124121.0,122987.0,113544.0,133332.0,135106.0,135960.0,132457.0,134018.0,141967.0,124092.0,127016.06666666668,46.0,55.0,50.5,43.7,83.0,99.0,0.05,0.0,0.0,6.78,81.0,7.55,0.0,0.0,50.0,0.0,0.8,0.0,0.0,9.27,0.0,0.0,0.0,0.0,1.0,0.0,0.0,-0.03869579017652689,0.9992510374388481,-0.07733361695682096,0.9970052716452285
120162,123326.0,124121.0,122987.0,134648.0,130201.0,129946.0,129712.0,129523.0,134018.0,122662.57142857143,126669.36666666668,39.0,46.0,42.5,32.0,69.0,81.0,0.0,0.0,0.0,4.78,73.0,3.99,7.5,0.0,48.3,0.0,2.5,1.0,0.0,9.28,0.0,0.0,0.0,0.0,0.0,1.0,0.0,-0.021501372740813793,0.999768818762748,-0.04299280405372191,0.9990753819405211
117117,120162.0,123326.0,124121.0,123547.0,117621.0,118195.0,116476.0,124166.0,129523.0,120593.14285714286,126095.86666666668,39.0,43.0,41.0,27.4,67.0,88.0,0.0,0.0,0.0,4.99,63.0,4.31,9.0,0.0,44.7,0.0,5.5,1.0,0.0,9.29,0.0,0.0,0.0,0.0,0.0,0.0,1.0,-0.004300592702981974,0.9999907524084426,-0.008601105865714402,0.9999630098048061
117793,117117.0,120162.0,123326.0,116465.0,116845.0,116724.0,116813.0,117173.0,124166.0,119674.57142857143,125584.53333333334,35.0,47.0,41.0,30.6,75.0,91.0,0.03,0.0,0.0,4.78,73.0,2.28,9.0,0.0,41.5,0.0,8.5,0.0,1.0,9.3,1.0,0.0,0.0,0.0,0.0,0.0,0.0,0.017201575418260506,0.9998520419557735,0.03439806061360801,0.9994082116062598
116590,117793.0,117117.0,120162.0,113544.0,126652.0,130480.0,125930.0,110714.0,117173.0,119864.28571428572,125187.23333333334,29.0,42.0,35.5,23.5,72.0,88.0,0.0,0.0,0.0,8.97,0.0,9.09,14.5,0.0,39.2,0.0,10.8,0.0,0.0,9.32,0.0,1.0,0.0,0.0,0.0,0.0,0.0,0.03439806061360801,0.9994082116062598,0.06875540848113941,0.9976335468520451
131525,116590.0,117793.0,117117.0,122987.0,130034.0,132472.0,130322.0,115759.0,110714.0,120299.42857142857,125191.03333333334,34.0,43.0,38.5,26.7,72.0,90.0,0.0,0.0,0.0,8.23,56.0,8.42,11.5,0.0,38.3,0.0,11.7,0.0,0.0,9.33,0.0,0.0,1.0,0.0,0.0,0.0,0.0,0.051584366869408364,0.9986686402879997,0.10303137904317879,0.9946781061893646
131802,131525.0,116590.0,117793.0,124121.0,133889.0,131986.0,132923.0,125253.0,115759.0,121519.14285714286,125681.43333333332,28.0,45.0,36.5,23.6,64.0,86.0,0.0,0.0,0.0,6.36,60.0,6.19,13.5,0.0,36.8,0.0,13.2,0.0,0.0,9.35,0.0,0.0,0.0,1.0,0.0,0.0,0.0,0.06875540848113941,0.9976335468520451,0.13718540405660057,0.9905453876091833
132779,131802.0,131525.0,116590.0,123326.0,133332.0,135106.0,135960.0,122698.0,125253.0,122616.42857142857,125877.16666666669,26.0,37.0,31.5,16.2,59.0,76.0,0.0,0.0,0.0,9.22,21.0,9.2,18.5,0.0,35.5,0.0,14.5,0.0,0.0,9.36,0.0,0.0,0.0,0.0,1.0,0.0,0.0,0.08590610426133272,0.9963032375991965,0.17117705961019986,0.985240282501282
136792,132779.0,131802.0,131525.0,120162.0,134648.0,130201.0,129946.0,124238.0,122698.0,123966.85714285714,125959.06666666668,31.0,38.0,34.5,26.3,85.0,99.0,0.41,0.2,0.0,2.97,90.0,0.04,15.5,0.0,34.2,0.0,15.8,1.0,0.0,9.38,0.0,0.0,0.0,0.0,0.0,1.0,0.0,0.10303137904317879,0.9946781061893646,0.20496611396949532,0.9787690698649216
129492,136792.0,132779.0,131802.0,117117.0,123547.0,117621.0,118195.0,126034.0,124238.0,126342.57142857143,126088.03333333334,34.0,38.0,36.0,32.3,90.0,100.0,0.24,0.0,0.0,2.43,89.0,0.12,14.0,0.0,34.0,0.0,16.0,1.0,0.0,9.39,0.0,0.0,0.0,0.0,0.0,0.0,1.0,0.1201261651823505,0.9927586335250793,0.23851257519407648,0.9711394088771653
126295,129492.0,136792.0,132779.0,117793.0,116465.0,116845.0,116724.0,119605.0,126034.0,128110.42857142857,125872.43333333332,36.0,45.0,40.5,25.8,70.0,90.0,0.0,0.0,0.0,9.3,11.0,9.18,9.5,0.0,37.0,0.0,13.0,0.0,0.0,9.41,1.0,0.0,0.0,0.0,0.0,0.0,0.0,0.13718540405660057,0.9905453876091833,0.2717767384711357,0.9623603298276545
133372,126295.0,129492.0,136792.0,116590.0,113544.0,126652.0,130480.0,119410.0,119605.0,129325.0,125750.73333333334,36.0,57.0,46.5,34.5,87.0,91.0,1.73,0.0,0.0,1.62,92.0,0.0,3.5,0.0,41.0,0.0,9.0,0.0,0.0,9.43,0.0,1.0,0.0,0.0,0.0,0.0,0.0,0.1542040475626894,0.988039023376751,0.3047192331091634,0.9524422234305676
133803,133372.0,126295.0,129492.0,131525.0,122987.0,130034.0,132472.0,129903.0,119410.0,131722.42857142858,126256.63333333332,44.0,57.0,50.5,37.8,68.0,92.0,0.22,0.0,0.0,6.25,65.0,5.94,0.0,0.0,45.8,0.0,4.3,0.0,0.0,9.45,0.0,0.0,1.0,0.0,0.0,0.0,0.0,0.17117705961019986,0.985240282501282,0.3373010691361842,0.9413968285264122
128884,133803.0,133372.0,126295.0,131802.0,124121.0,133889.0,131986.0,132382.0,129903.0,132047.85714285713,126825.93333333332,41.0,47.0,44.0,28.1,63.0,79.0,0.0,0.0,0.0,8.84,37.0,9.02,6.0,0.0,47.0,0.0,3.2,0.0,0.0,9.47,0.0,0.0,0.0,1.0,0.0,0.0,0.0,0.18809941761179758,0.9821499931752291,0.3694836834473831,0.9292372181882051
129251,128884.0,133803.0,133372.0,132779.0,123326.0,133332.0,135106.0,133149.0,132382.0,131631.0,126772.73333333334,40.0,50.0,45.0,32.1,76.0,90.0,0.08,0.0,0.0,8.7,66.0,8.62,5.0,0.0,46.5,0.0,3.7,0.0,0.0,9.49,0.0,0.0,0.0,0.0,1.0,0.0,0.0,0.20496611396949532,0.9787690698649216,0.4012289854475009,0.9159777842484877
127989,129251.0,128884.0,133803.0,136792.0,120162.0,134648.0,130201.0,130978.0,133149.0,131127.0,126665.36666666668,35.0,60.0,47.5,37.7,70.0,96.0,0.81,0.0,0.0,5.62,61.0,6.3,2.5,0.0,45.5,0.0,4.5,1.0,0.0,9.52,0.0,0.0,0.0,0.0,0.0,1.0,0.0,0.22177215755648186,0.975098513039961,0.4324994021339788,0.901634220265486
118200,127989.0,129251.0,128884.0,129492.0,117117.0,123547.0,117621.0,125833.0,130978.0,129869.42857142857,126532.13333333332,26.0,44.0,35.0,13.9,47.0,61.0,0.0,0.0,0.0,7.14,19.0,6.35,15.0,0.0,42.5,0.0,7.5,1.0,0.0,9.54,0.0,0.0,0.0,0.0,0.0,0.0,1.0,0.23851257519407648,0.9711394088771653,0.4632579225674917,0.88622350294858
123617,118200.0,127989.0,129251.0,126295.0,117793.0,116465.0,116845.0,124317.0,125833.0,128256.28571428572,125968.6,23.0,29.0,26.0,8.1,47.0,63.0,0.04,0.4,0.0,8.12,70.0,6.46,24.0,0.0,36.2,0.0,13.8,0.0,1.0,9.57,1.0,0.0,0.0,0.0,0.0,0.0,0.0,0.2551824131233728,0.9668929289391521,0.49346814167723735,0.8697638720650646
139462,123617.0,118200.0,127989.0,133372.0,116590.0,113544.0,126652.0,123983.0,124317.0,127873.71428571428,125749.13333333332,22.0,32.0,27.0,21.9,81.0,94.0,0.28,1.3,1.2,1.2,91.0,0.0,23.0,0.0,29.3,0.0,20.7,0.0,0.0,9.59,0.0,1.0,0.0,0.0,0.0,0.0,0.0,0.2717767384711357,0.9623603298276545,0.5230943033491326,0.8522748088519838
147227,139462.0,123617.0,118200.0,133803.0,131525.0,122987.0,130034.0,129779.0,123983.0,128743.71428571428,126477.16666666669,17.0,24.0,20.5,4.2,51.0,70.0,0.0,0.0,1.2,10.59,0.0,9.46,29.5,0.0,24.5,0.0,25.5,0.0,0.0,9.62,0.0,0.0,1.0,0.0,0.0,0.0,0.0,0.2882906407095177,0.9575429528116719,0.5521013427459208,0.8337770129585915
145708,147227.0,139462.0,123617.0,128884.0,131802.0,124121.0,133889.0,132506.0,129779.0,130661.42857142857,127489.9,22.0,34.0,28.0,10.6,53.0,61.0,0.0,0.0,1.2,5.24,89.0,0.9,22.0,0.0,25.2,0.0,24.8,0.0,0.0,9.65,0.0,0.0,0.0,1.0,0.0,0.0,0.0,0.3047192331091634,0.9524422234305676,0.580454927809098,0.8142923779467267
151482,145708.0,147227.0,139462.0,129251.0,132779.0,123326.0,133332.0,127929.0,132506.0,133064.85714285713,128125.1,26.0,32.0,29.0,19.5,71.0,79.0,0.04,0.4,1.2,3.86,100.0,0.0,21.0,0.0,25.8,0.0,24.2,0.0,0.0,9.67,0.0,0.0,0.0,0.0,1.0,0.0,0.0,0.321057654185271,0.9470596510722283,0.6081214998935418,0.7938439653781019
147502,151482.0,145708.0,147227.0,127989.0,136792.0,120162.0,134648.0,129925.0,127929.0,136240.7142857143,128840.03333333334,18.0,26.0,22.0,5.5,52.0,64.0,0.0,0.0,1.2,10.16,52.0,9.08,28.0,0.0,26.3,0.0,23.7,1.0,0.0,9.7,0.0,0.0,0.0,0.0,0.0,1.0,0.0,0.3373010691361842,0.9413968285264122,0.6350683134867438,0.7724559775191742
144908,147502.0,151482.0,145708.0,118200.0,129492.0,117117.0,123547.0,128047.0,129925.0,139028.2857142857,129293.8,20.0,31.0,25.5,7.5,52.0,62.0,0.0,0.0,1.2,10.83,20.0,9.57,24.5,0.0,25.5,0.0,24.5,1.0,0.0,9.73,0.0,0.0,0.0,0.0,0.0,0.0,1.0,0.3534446712740877,0.9354554315134164,0.6612634749656386,0.7501537286959042
142814,144908.0,147502.0,151482.0,123617.0,126295.0,117793.0,116465.0,121740.0,128047.0,142843.7142857143,129679.66666666669,25.0,38.0,31.5,12.9,55.0,74.0,0.0,0.0,1.2,10.31,48.0,8.67,18.5,0.0,26.3,0.0,23.7,0.0,0.0,9.76,1.0,0.0,0.0,0.0,0.0,0.0,0.0,0.3694836834473831,0.9292372181882051,0.6866759803451553,0.726963615332308
147514,142814.0,144908.0,147502.0,139462.0,133372.0,116590.0,113544.0,120381.0,121740.0,145586.14285714287,129951.86666666668,34.0,40.0,37.0,24.6,69.0,94.0,0.05,0.0,1.2,2.85,95.0,0.0,13.0,0.0,31.3,0.0,18.7,0.0,0.0,9.8,0.0,1.0,0.0,0.0,0.0,0.0,0.0,0.38541335945432564,0.9227440286201427,0.7112757519738152,0.7029130847082615
141187,147514.0,142814.0,144908.0,147227.0,133803.0,131525.0,122987.0,134041.0,120381.0,146736.42857142858,130750.76666666666,38.0,48.0,43.0,35.7,95.0,100.0,0.05,0.0,0.0,2.37,100.0,0.15,7.0,0.0,37.2,0.0,12.8,0.0,0.0,9.83,0.0,0.0,1.0,0.0,0.0,0.0,0.0,0.4012289854475009,0.9159777842484877,0.7350336741329413,0.6780306024735382
136245,141187.0,147514.0,142814.0,145708.0,128884.0,131802.0,124121.0,132393.0,134041.0,145873.57142857142,131574.83333333334,46.0,59.0,52.5,46.4,97.0,99.0,0.24,0.0,0.0,1.99,100.0,0.0,0.0,0.0,44.2,0.0,6.7,0.0,0.0,9.86,0.0,0.0,0.0,1.0,0.0,0.0,0.0,0.4169258813287287,0.908940487313808,0.7579216274973472,0.6523456189565257
129309,136245.0,141187.0,147514.0,151482.0,129251.0,132779.0,123326.0,133865.0,132393.0,144521.7142857143,132331.53333333333,42.0,46.0,44.0,41.4,96.0,100.0,0.19,0.0,0.0,2.67,97.0,0.0,6.0,0.0,46.5,0.0,4.3,0.0,0.0,9.89,0.0,0.0,0.0,0.0,1.0,0.0,0.0,0.4324994021339788,0.901634220265486,0.7799125224167177,0.6258885343075018
129946,129309.0,136245.0,141187.0,147502.0,127989.0,136792.0,120162.0,130359.0,133865.0,141354.14285714287,132542.26666666666,43.0,49.0,46.0,36.8,85.0,100.0,0.0,0.0,0.0,5.8,98.0,2.76,4.0,0.0,47.5,0.0,3.3,1.0,0.0,9.93,0.0,0.0,0.0,0.0,0.0,1.0,0.0,0.44794493940789115,0.8940611451454876,0.8009803309782905,0.5986906625177214
119818,129946.0,129309.0,136245.0,144908.0,118200.0,129492.0,117117.0,130038.0,130359.0,138846.14285714287,132736.43333333332,37.0,44.0,40.5,36.4,95.0,97.0,0.82,0.0,0.0,1.55,100.0,0.0,9.5,0.0,43.5,0.0,6.5,1.0,0.0,9.96,0.0,0.0,0.0,0.0,0.0,0.0,1.0,0.4632579225674917,0.88622350294858,0.8211001178128892,0.5707841943569036
122603,119818.0,129946.0,129309.0,142814.0,123617.0,126295.0,117793.0,118723.0,130038.0,135261.85714285713,132619.5,36.0,40.0,38.0,29.2,74.0,93.0,0.05,0.0,0.0,6.78,79.0,5.96,12.0,0.0,41.5,0.0,8.5,0.0,0.0,10.0,1.0,0.0,0.0,0.0,0.0,0.0,0.0,0.4784338202547012,0.8781236129591848,0.8402480696078469,0.5422021592729844
135881,122603.0,119818.0,129946.0,147514.0,139462.0,133372.0,116590.0,115804.0,118723.0,132374.57142857142,132700.86666666667,35.0,38.0,36.5,24.1,72.0,89.0,0.0,0.0,0.0,8.17,58.0,5.37,13.5,0.0,38.3,0.0,11.7,0.0,0.0,10.03,0.0,1.0,0.0,0.0,0.0,0.0,0.0,0.49346814167723735,0.8697638720650646,0.8584015232918917,0.512978386299228
137309,135881.0,122603.0,119818.0,141187.0,147227.0,133803.0,131525.0,125165.0,115804.0,130712.71428571428,133326.33333333334,34.0,40.0,37.0,28.4,75.0,90.0,0.0,0.0,0.0,4.51,89.0,0.94,13.0,0.0,37.2,0.0,12.8,0.0,0.0,10.07,0.0,0.0,1.0,0.0,0.0,0.0,0.0,0.5083564379375122,0.8611467540480452,0.8755389928586302,0.4831474640149687
137092,137309.0,135881.0,122603.0,136245.0,145708.0,128884.0,131802.0,130743.0,125165.0,130158.71428571428,133976.86666666667,37.0,46.0,41.5,30.4,81.0,96.0,0.0,0.0,0.0,8.41,67.0,7.91,8.5,0.0,38.3,0.0,11.7,0.0,0.0,10.1,0.0,0.0,0.0,1.0,0.0,0.0,0.0,0.5230943033491326,0.8522748088519838,0.8916401947968874,0.45274469960737107
133653,137092.0,137309.0,135881.0,129309.0,151482.0,129251.0,132779.0,135393.0,130743.0,130279.71428571428,134660.26666666666,38.0,46.0,42.0,34.1,84.0,97.0,0.32,0.0,0.0,2.38,77.0,0.65,8.0,0.0,40.2,0.0,9.8,0.0,0.0,10.14,0.0,0.0,0.0,0.0,1.0,0.0,0.0,0.5376773767406141,0.8431506618282,0.9066860720977985,0.4218060770826634
132441,133653.0,137092.0,137309.0,129946.0,147502.0,127989.0,136792.0,135473.0,135393.0,130900.28571428572,134731.2,32.0,43.0,37.5,19.6,57.0,74.0,0.0,0.0,0.0,12.09,12.0,9.84,12.5,0.0,40.3,0.0,9.7,1.0,0.0,10.18,0.0,0.0,0.0,0.0,0.0,1.0,0.0,0.5521013427459208,0.8337770129585915,0.9206588168102428,0.3903682146763026
123515,132441.0,133653.0,137092.0,119818.0,144908.0,118200.0,129492.0,145270.0,135473.0,131256.7142857143,134752.5,31.0,46.0,38.5,20.1,58.0,70.0,0.0,0.0,0.0,12.45,2.0,9.86,11.5,0.0,39.3,0.0,10.7,1.0,0.0,10.21,0.0,0.0,0.0,0.0,0.0,0.0,1.0,0.5663619330814524,0.8241566360566663,0.9335418911179212,0.35846832151248087
121576,123515.0,132441.0,133653.0,122603.0,142814.0,123617.0,126295.0,147495.0,145270.0,131784.85714285713,134443.7,32.0,45.0,38.5,16.4,51.0,65.0,0.0,0.0,0.0,12.58,2.0,9.88,11.5,0.0,38.2,0.0,11.8,0.0,0.0,10.25,1.0,0.0,0.0,0.0,0.0,0.0,0.0,0.580454927809098,0.8142923779467267,0.945320046913132,0.3261441535642696
133529,121576.0,123515.0,132441.0,135881.0,147514.0,139462.0,133372.0,129341.0,147495.0,131638.14285714287,133936.5,29.0,42.0,35.5,15.7,52.0,63.0,0.0,0.0,0.0,12.62,0.0,9.9,14.5,0.0,37.5,0.0,12.5,0.0,0.0,10.29,0.0,1.0,0.0,0.0,0.0,0.0,0.0,0.5943761565849831,0.804187157621448,0.9559793438440766,0.2934339689665273
135668,133529.0,121576.0,123515.0,137309.0,141187.0,147227.0,133803.0,131645.0,129341.0,131302.14285714287,134071.06666666668,33.0,48.0,40.5,21.2,59.0,78.0,0.0,0.0,0.0,12.6,19.0,9.92,9.5,0.0,38.2,0.0,11.8,0.0,0.0,10.33,0.0,0.0,1.0,0.0,0.0,0.0,0.0,0.6081214998935418,0.7938439653781019,0.9655071658143364,0.2603764827344581
132692,135668.0,133529.0,121576.0,137092.0,136245.0,145708.0,128884.0,134177.0,131645.0,131067.71428571428,134383.5,37.0,53.0,45.0,26.4,70.0,91.0,0.0,0.0,0.0,12.5,44.0,9.93,5.0,0.0,40.3,0.0,9.7,0.0,0.0,10.37,0.0,0.0,0.0,1.0,0.0,0.0,0.0,0.6216868902665479,0.7832658619336791,0.9738922359149924,0.22701082094141847
129478,132692.0,135668.0,133529.0,133653.0,129309.0,151482.0,129251.0,128501.0,134177.0,130439.14285714286,134360.83333333334,43.0,55.0,49.0,36.8,84.0,97.0,0.0,0.0,0.0,10.59,71.0,8.0,1.0,0.0,44.8,0.0,5.2,0.0,0.0,10.41,0.0,0.0,0.0,0.0,1.0,0.0,0.0,0.6350683134867438,0.7724559775191742,0.981124629771712,0.19337647441020586
126725,129478.0,132692.0,135668.0,132441.0,129946.0,147502.0,127989.0,128685.0,128501.0,129842.71428571428,134216.66666666666,47.0,60.0,53.5,41.9,82.0,92.0,0.0,0.0,0.0,8.59,99.0,6.14,0.0,0.0,49.2,0.0,2.0,1.0,0.0,10.45,0.0,0.0,0.0,0.0,0.0,1.0,0.0,0.6482618097757122,0.7614175109532997,0.9871957872910085,0.15951325197263655
115762,126725.0,129478.0,132692.0,123515.0,119818.0,144908.0,118200.0,122360.0,128685.0,129026.14285714286,134144.7,43.0,56.0,49.5,35.5,72.0,93.0,0.0,0.0,0.0,6.33,99.0,0.46,0.5,0.0,50.7,0.0,0.5,1.0,0.0,10.49,0.0,0.0,0.0,0.0,0.0,0.0,1.0,0.6612634749656386,0.7501537286959042,0.992098522791769,0.12546123335273648
114929,115762.0,126725.0,129478.0,121576.0,122603.0,142814.0,123617.0,116598.0,122360.0,127918.57142857143,133695.06666666668,37.0,48.0,42.5,30.3,72.0,91.0,0.0,0.0,0.0,11.84,95.0,7.37,7.5,0.0,48.5,0.0,2.7,0.0,0.0,10.53,1.0,0.0,0.0,0.0,0.0,0.0,0.0,0.6740694616546161,0.7386679638813748,0.9958270335100595,0.09126072172931188
127136,114929.0,115762.0,126725.0,133529.0,135881.0,147514.0,139462.0,116261.0,116598.0,126969.0,133259.73333333334,33.0,41.0,37.0,28.2,79.0,93.0,0.77,3.2,1.2,6.27,70.0,4.07,13.0,0.0,43.0,0.0,7.0,0.0,0.0,10.57,0.0,1.0,0.0,0.0,0.0,0.0,0.0,0.6866759803451553,0.726963615332308,0.998376906467142,0.056952196034039754
134103,127136.0,114929.0,115762.0,135668.0,137309.0,141187.0,147227.0,124713.0,116261.0,126055.71428571428,133557.6,29.0,38.0,33.5,16.3,61.0,84.0,0.0,0.0,2.0,14.94,14.0,10.15,16.5,0.0,37.7,0.0,12.3,0.0,0.0,10.62,0.0,0.0,1.0,0.0,0.0,0.0,0.0,0.6990793005655562,0.7150441465537444,0.9997451236925734,0.022576263041545485
138449,134103.0,127136.0,114929.0,132692.0,137092.0,136245.0,145708.0,124168.0,124713.0,125832.14285714286,133907.13333333333,27.0,39.0,33.0,17.4,62.0,78.0,0.0,0.0,0.0,12.79,40.0,8.14,17.0,0.0,34.5,0.0,15.5,0.0,0.0,10.66,0.0,0.0,0.0,1.0,0.0,0.0,0.0,0.7112757519738152,0.7029130847082615,0.9999300657962057,-0.011826390691832589
138777,138449.0,134103.0,127136.0,129478.0,133653.0,129309.0,151482.0,122571.0,124168.0,126654.57142857143,133873.36666666667,36.0,43.0,39.5,20.0,60.0,79.0,0.0,0.0,0.0,14.93,28.0,10.22,10.5,0.0,35.3,0.0,14.7,0.0,0.0,10.7,0.0,0.0,0.0,0.0,1.0,0.0,0.0,0.7232617254437388,0.6905740195722293,0.9989315138848577,-0.046215046983708354
133279,138777.0,138449.0,134103.0,126725.0,132441.0,129946.0,147502.0,120734.0,122571.0,127983.0,133591.7,27.0,36.0,31.5,21.5,71.0,94.0,0.18,2.0,2.0,11.99,61.0,7.29,18.5,0.0,34.7,0.0,15.3,1.0,0.0,10.74,0.0,0.0,0.0,0.0,0.0,1.0,0.0,0.7350336741329413,0.6780306024735382,0.9967506498213929,-0.08054900421874167
129046,133279.0,138777.0,138449.0,115762.0,123515.0,119818.0,144908.0,123029.0,120734.0,128919.28571428572,133177.4,26.0,40.0,33.0,15.2,60.0,74.0,0.0,0.0,0.0,15.28,2.0,10.28,17.0,0.0,34.7,0.0,15.3,1.0,0.0,10.79,0.0,0.0,0.0,0.0,0.0,0.0,1.0,0.746588114532413,0.6652865452111116,0.9933900548258936,-0.11478762552212701
126553,129046.0,133279.0,138777.0,114929.0,121576.0,122603.0,142814.0,118794.0,123029.0,130817.0,132429.53333333333,31.0,41.0,36.0,14.0,49.0,73.0,0.0,0.0,0.0,15.62,0.0,10.45,14.0,0.0,33.5,0.0,16.5,0.0,1.0,10.83,1.0,0.0,0.0,0.0,0.0,0.0,0.0,0.7579216274973472,0.6523456189565257,0.9888537064205885,-0.1488903868564548
128372,126553.0,129046.0,133279.0,127136.0,133529.0,135881.0,147514.0,114515.0,118794.0,132477.57142857142,131731.23333333334,26.0,40.0,33.0,11.5,53.0,76.0,0.0,0.0,0.0,15.67,4.0,10.44,17.0,0.0,34.0,0.0,16.0,0.0,0.0,10.87,0.0,1.0,0.0,0.0,0.0,0.0,0.0,0.7690308592589181,0.6392116531380588,0.9831469737221499,-0.1828169249850199
136682,128372.0,126553.0,129046.0,134103.0,135668.0,137309.0,141187.0,115965.0,114515.0,132654.14285714287,131180.03333333333,30.0,43.0,36.5,21.7,72.0,87.0,0.0,0.0,0.0,11.52,54.0,9.38,13.5,0.0,35.2,0.0,14.8,0.0,0.0,10.91,0.0,0.0,1.0,0.0,0.0,0.0,0.0,0.7799125224167177,0.6258885343075018,0.9762766110869321,-0.21652708524481437
136259,136682.0,128372.0,126553.0,138449.0,132692.0,137092.0,136245.0,125622.0,115965.0,133022.57142857142,130975.63333333332,35.0,45.0,40.0,28.0,81.0,95.0,0.04,0.0,0.0,13.41,61.0,9.0,10.0,0.0,36.5,0.0,13.5,0.0,0.0,10.96,0.0,0.0,0.0,1.0,0.0,0.0,0.0,0.7905633969115482,0.612380204990065,0.9682507501166718,-0.2499809690726521
132618,136259.0,136682.0,128372.0,138777.0,129478.0,133653.0,129309.0,127740.0,125622.0,132709.7142857143,130600.46666666666,42.0,47.0,44.5,37.1,92.0,99.0,0.04,0.0,0.0,5.95,100.0,1.65,5.5,0.0,40.3,0.0,9.7,0.0,0.0,11.0,0.0,0.0,0.0,0.0,1.0,0.0,0.0,0.8009803309782905,0.5986906625177214,0.9590788900341131,-0.28313898122818354
128785,132618.0,136259.0,136682.0,133279.0,126725.0,132441.0,129946.0,129068.0,127740.0,131829.85714285713,130314.83333333331,28.0,44.0,36.0,19.4,57.0,93.0,0.0,0.0,0.0,13.59,49.0,8.73,14.0,0.0,40.2,0.0,9.8,1.0,0.0,11.04,0.0,0.0,0.0,0.0,0.0,1.0,0.0,0.8111602420785621,0.5848239578463322,0.9487718864399473,-0.31596187665790293
120238,128785.0,132618.0,136259.0,129046.0,115762.0,123515.0,119818.0,127964.0,129068.0,131187.85714285713,130066.16666666669,23.0,41.0,32.0,13.4,55.0,85.0,0.0,0.0,0.0,16.49,9.0,10.64,18.0,0.0,37.5,0.0,12.5,1.0,0.0,11.09,0.0,0.0,0.0,0.0,0.0,0.0,1.0,0.8211001178128892,0.5707841943569036,0.9373419384643772,-0.3484108069446808
124037,120238.0,128785.0,132618.0,126553.0,114929.0,121576.0,122603.0,128870.0,127964.0,129929.57142857143,129763.8,35.0,55.0,45.0,30.6,75.0,95.0,0.01,0.0,0.0,14.05,67.0,10.11,5.0,0.0,37.7,0.0,12.3,0.0,0.0,11.13,1.0,0.0,0.0,0.0,0.0,0.0,0.0,0.8307970168121247,0.5565755266413303,0.9248025743285089,-0.38044736628785164
130249,124037.0,120238.0,128785.0,128372.0,127136.0,133529.0,135881.0,121861.0,128870.0,129570.14285714286,129566.83333333331,40.0,55.0,47.5,40.5,85.0,100.0,0.52,0.0,0.0,14.34,78.0,9.07,2.5,0.0,41.5,0.0,8.5,0.0,0.0,11.18,0.0,1.0,0.0,0.0,0.0,0.0,0.0,0.8402480696078469,0.5422021592729844,0.9111686353326631,-0.41203363695942635
127050,130249.0,124037.0,120238.0,136682.0,134103.0,135668.0,137309.0,131002.0,121861.0,129838.28571428572,129914.53333333334,44.0,62.0,53.0,53.2,89.0,95.0,0.17,0.0,0.0,5.77,100.0,0.79,0.0,0.0,48.5,0.0,2.5,0.0,0.0,11.22,0.0,0.0,1.0,0.0,0.0,0.0,0.0,0.8494504794814806,0.527668345562516,0.8964562582905575,-0.44313223418263453
126789,127050.0,130249.0,124037.0,136259.0,138449.0,132692.0,137092.0,136314.0,131002.0,128462.28571428572,130062.76666666666,31.0,43.0,37.0,12.9,43.0,71.0,0.0,0.0,0.0,12.87,26.0,9.59,13.0,0.0,45.8,0.0,5.2,0.0,0.0,11.26,0.0,0.0,0.0,1.0,0.0,0.0,0.0,0.8584015232918917,0.512978386299228,0.8806828564301475,-0.47370635037968
131221,126789.0,127050.0,130249.0,132618.0,138777.0,129478.0,133653.0,132040.0,136314.0,127109.42857142857,129759.7,30.0,48.0,39.0,19.6,58.0,76.0,0.0,0.0,0.0,16.76,33.0,10.85,11.0,0.0,43.0,0.0,8.0,0.0,0.0,11.31,0.0,0.0,0.0,0.0,1.0,0.0,0.0,0.8670985522812081,0.4981366284784055,0.8638670987837349,-0.503719798736334
130494,131221.0,126789.0,127050.0,128785.0,133279.0,126725.0,132441.0,128799.0,132040.0,126909.85714285714,129556.76666666666,42.0,55.0,48.5,41.4,91.0,99.0,1.27,0.0,0.0,2.22,100.0,0.0,1.5,0.0,41.5,0.0,8.5,1.0,0.0,11.35,0.0,0.0,0.0,0.0,0.0,1.0,0.0,0.8755389928586302,0.4831474640149687,0.8460288880917339,-0.533137056031809
120590,130494.0,131221.0,126789.0,120238.0,129046.0,115762.0,123515.0,128658.0,128799.0,127154.0,129336.83333333331,48.0,68.0,58.0,45.8,79.0,98.0,0.0,0.0,0.0,16.66,23.0,10.86,0.0,0.0,48.5,0.0,4.2,1.0,0.0,11.4,0.0,0.0,0.0,0.0,0.0,0.0,1.0,0.8837203473619977,0.4680153284438345,0.8271893372462497,-0.5619233046832195
111074,120590.0,130494.0,131221.0,124037.0,126553.0,114929.0,121576.0,119799.0,128658.0,127204.28571428572,128901.4,46.0,59.0,52.5,43.0,87.0,97.0,0.0,0.0,0.0,12.69,52.0,8.61,0.0,0.0,53.0,0.0,0.5,0.0,0.0,11.45,1.0,0.0,0.0,0.0,0.0,0.0,0.0,0.8916401947968874,0.45274469960737107,0.8073707443023492,-0.5900444739548627
122004,111074.0,120590.0,130494.0,130249.0,128372.0,127136.0,133529.0,115276.0,119799.0,125352.42857142857,128189.16666666669,42.0,49.0,45.5,42.1,96.0,100.0,0.43,0.0,0.0,2.06,100.0,0.0,4.5,0.0,52.0,0.0,1.5,0.0,0.0,11.49,0.0,1.0,0.0,0.0,0.0,0.0,0.0,0.8992961915530253,0.4373400963303323,0.7865965660866021,-0.6174672802835514
127282,122004.0,111074.0,120590.0,127050.0,136682.0,134103.0,135668.0,125030.0,115276.0,124174.57142857143,128138.8,47.0,53.0,50.0,43.7,95.0,99.0,1.2,0.0,0.0,3.63,97.0,0.0,0.0,0.0,49.3,0.0,1.5,0.0,0.0,11.54,0.0,0.0,1.0,0.0,0.0,0.0,0.0,0.9066860720977985,0.4218060770826634,0.7648913904341225,-0.6441592666722685
126572,127282.0,122004.0,111074.0,126789.0,136259.0,138449.0,132692.0,128147.0,125030.0,124207.71428571428,128329.0,44.0,54.0,49.0,42.5,79.0,98.0,0.11,0.0,0.0,6.41,91.0,3.0,1.0,0.0,48.2,0.0,1.8,0.0,0.0,11.58,0.0,0.0,0.0,1.0,0.0,0.0,0.0,0.9138076496466615,0.4061472386305789,0.742280907086982,-0.6700888411055113
125068,126572.0,127282.0,122004.0,131221.0,132618.0,138777.0,129478.0,130246.0,128147.0,124176.71428571428,128097.1,40.0,57.0,48.5,31.3,65.0,85.0,0.0,0.0,0.0,18.18,61.0,11.48,1.5,0.0,49.2,0.0,0.8,0.0,0.0,11.63,0.0,0.0,0.0,0.0,1.0,0.0,0.0,0.9206588168102428,0.3903682146763026,0.7187918772884232,-0.6952253139408722
122908,125068.0,126572.0,127282.0,130494.0,128785.0,133279.0,126725.0,127820.0,130246.0,123297.71428571428,127743.76666666666,41.0,49.0,45.0,36.8,84.0,96.0,1.53,0.0,0.0,2.52,100.0,0.0,5.0,0.0,47.5,0.0,2.5,1.0,0.0,11.67,0.0,0.0,0.0,0.0,0.0,1.0,0.0,0.9272375462179537,0.374473674486883,0.6944521021088763,-0.719538934232584
119558,122908.0,125068.0,126572.0,120590.0,120238.0,129046.0,115762.0,127940.0,127820.0,122214.0,127417.63333333332,37.0,51.0,44.0,34.9,71.0,98.0,0.03,0.0,0.0,10.2,79.0,6.06,6.0,0.0,45.8,0.0,4.2,1.0,0.0,11.72,0.0,0.0,0.0,0.0,0.0,0.0,1.0,0.9335418911179212,0.35846832151248087,0.6692903895412567,-0.7430009249440493
111660,119558.0,122908.0,125068.0,111074.0,124037.0,126553.0,114929.0,119894.0,127940.0,122066.57142857143,127086.96666666666,35.0,52.0,43.5,18.2,41.0,55.0,0.0,0.0,0.0,17.86,36.0,11.58,6.5,0.0,44.2,0.0,5.8,0.0,0.0,11.76,1.0,0.0,0.0,0.0,0.0,0.0,0.0,0.9395699859530622,0.342356891994542,0.6433365204044917,-0.765583517007675
128298,111660.0,119558.0,122908.0,122004.0,130249.0,128372.0,127136.0,112114.0,119894.0,122150.28571428572,126584.8,43.0,66.0,54.5,30.3,50.0,83.0,0.0,0.0,0.0,19.0,27.0,11.66,0.0,0.0,47.3,0.0,4.2,0.0,0.0,11.81,0.0,1.0,0.0,0.0,0.0,0.0,0.0,0.945320046913132,0.3261441535642696,0.6166212130956382,-0.7872599821916922
122829,128298.0,111660.0,119558.0,127282.0,127050.0,136682.0,134103.0,129401.0,112114.0,123049.42857142857,127002.66666666669,48.0,62.0,55.0,38.0,70.0,87.0,0.0,0.0,0.0,17.72,47.0,11.71,0.0,0.0,51.0,0.0,2.2,0.0,0.0,11.85,0.0,0.0,1.0,0.0,0.0,0.0,0.0,0.9507903724625832,0.3098349038318025,0.5891760872322963,-0.8080046647350754
120078,122829.0,128298.0,111660.0,126572.0,126789.0,136259.0,138449.0,134348.0,129401.0,122413.28571428572,127266.0,46.0,74.0,60.0,41.1,67.0,92.0,0.0,0.0,0.0,18.77,56.0,11.75,0.0,0.0,56.5,0.0,0.0,0.0,0.0,11.9,0.0,0.0,0.0,1.0,0.0,0.0,0.0,0.9559793438440766,0.2934339689665273,0.5610336262283677,-0.8277930117131022
119855,120078.0,122829.0,128298.0,125068.0,131221.0,132618.0,138777.0,132305.0,134348.0,121485.57142857143,127030.73333333334,51.0,73.0,62.0,44.5,61.0,84.0,0.0,0.0,0.0,12.97,97.0,8.11,0.0,0.0,59.0,0.0,0.0,0.0,0.0,11.94,0.0,0.0,0.0,0.0,1.0,0.0,0.0,0.9608854255574977,0.27694620226893646,0.5322271388474397,-0.8466016020976267
119220,119855.0,120078.0,122829.0,122908.0,130494.0,128785.0,133279.0,127824.0,132305.0,120740.85714285714,126555.8,47.0,61.0,54.0,37.9,68.0,89.0,0.0,0.0,0.0,15.96,35.0,11.71,0.0,0.0,58.7,0.0,0.0,1.0,0.0,11.99,0.0,0.0,0.0,0.0,0.0,1.0,0.0,0.9655071658143364,0.2603764827344581,0.5027907197793043,-0.8644081744776648
108979,119220.0,119855.0,120078.0,119558.0,120590.0,120238.0,129046.0,121723.0,127824.0,120214.0,125914.83333333331,48.0,63.0,55.5,35.6,58.0,80.0,0.0,0.0,0.0,17.31,59.0,10.87,0.0,0.0,57.2,0.0,0.0,1.0,0.0,12.03,0.0,0.0,0.0,0.0,0.0,0.0,1.0,0.969843196967294,0.24372971360968387,0.47275920928627757,-0.881191653407483
107601,108979.0,119220.0,119855.0,111660.0,111074.0,124037.0,126553.0,111745.0,121723.0,118702.71428571428,124921.56666666668,38.0,51.0,44.5,23.0,44.0,63.0,0.0,0.0,0.0,14.49,72.0,10.37,5.5,0.0,51.3,0.0,1.8,0.0,0.0,12.08,1.0,0.0,0.0,0.0,0.0,0.0,0.0,0.9738922359149924,0.22701082094141847,0.44216815196707204,-0.8969321743510065
120876,107601.0,108979.0,119220.0,128298.0,122004.0,130249.0,128372.0,115955.0,111745.0,118122.85714285714,124065.63333333332,36.0,48.0,42.0,20.8,51.0,80.0,0.0,0.0,0.0,15.74,60.0,8.92,8.0,0.0,47.3,0.0,4.5,0.0,0.0,12.12,0.0,1.0,0.0,0.0,0.0,0.0,0.0,0.9776530844816641,0.2102247521189836,0.4110537546870351,-0.9116111071930239
125439,120876.0,107601.0,108979.0,122829.0,127282.0,127050.0,136682.0,126654.0,115955.0,117062.57142857143,123793.3,34.0,57.0,45.5,29.2,62.0,87.0,0.01,0.0,0.0,12.0,59.0,8.01,4.5,0.0,44.0,0.0,6.0,0.0,0.0,12.17,0.0,0.0,1.0,0.0,0.0,0.0,0.0,0.981124629771712,0.19337647441020586,0.37945284372454435,-0.925211078289358
125095,125439.0,120876.0,107601.0,120078.0,126572.0,126789.0,136259.0,122805.0,126654.0,117435.42857142857,123756.16666666669,30.0,43.0,36.5,11.0,41.0,54.0,0.0,0.0,0.0,19.56,20.0,11.98,13.5,0.0,41.3,0.0,8.7,0.0,0.0,12.22,0.0,0.0,0.0,1.0,0.0,0.0,0.0,0.984305844499033,0.17647097349152166,0.3474028211842774,-0.9377159910299093
130067,125095.0,125439.0,120876.0,119855.0,125068.0,131221.0,132618.0,120961.0,122805.0,118152.14285714286,123646.93333333332,29.0,46.0,37.5,18.4,54.0,70.0,0.0,0.0,0.0,19.79,32.0,11.15,12.5,0.0,39.8,0.0,10.2,0.0,0.0,12.26,0.0,0.0,0.0,0.0,1.0,0.0,0.0,0.9871957872910085,0.15951325197263655,0.31494162072895193,-0.9491110448902284
130301,130067.0,125095.0,125439.0,119220.0,122908.0,130494.0,128785.0,121618.0,120961.0,119611.0,123426.43333333332,35.0,50.0,42.5,38.5,88.0,97.0,3.66,0.0,0.0,1.22,98.0,0.0,7.5,0.0,38.8,0.0,11.2,1.0,0.0,12.31,0.0,0.0,0.0,0.0,0.0,1.0,0.0,0.9897936029670716,0.14250832791617088,0.2821076626819194,-0.9593827529490743
121500,130301.0,130067.0,125095.0,108979.0,119558.0,120590.0,120238.0,120547.0,121618.0,121194.0,123227.83333333331,31.0,48.0,39.5,15.2,42.0,62.0,0.0,0.0,0.0,21.96,0.0,12.0,10.5,0.0,39.8,0.0,10.2,1.0,0.0,12.35,0.0,0.0,0.0,0.0,0.0,0.0,1.0,0.992098522791769,0.12546123335273648,0.24893980855376657,-0.9685189578512204
117889,121500.0,130301.0,130067.0,107601.0,111660.0,111074.0,124037.0,115772.0,120547.0,122982.71428571428,122857.23333333334,35.0,53.0,44.0,22.9,52.0,60.0,0.0,0.0,0.0,21.77,0.0,12.0,6.0,0.0,42.0,0.0,8.0,0.0,0.0,12.4,1.0,0.0,0.0,0.0,0.0,0.0,0.0,0.9941098647022418,0.10837701279187609,0.21547731504673012,-0.976508846196619
126694,117889.0,121500.0,130301.0,120876.0,128298.0,122004.0,130249.0,108253.0,115772.0,124452.42857142857,122494.03333333334,39.0,53.0,46.0,29.7,62.0,81.0,0.0,0.0,0.0,11.9,73.0,5.91,4.0,0.0,43.2,0.0,6.8,0.0,0.0,12.44,0.0,1.0,0.0,0.0,0.0,0.0,0.0,0.9958270335100595,0.09126072172931188,0.18175978759137534,-0.9833429613388902
125305,126694.0,117889.0,121500.0,125439.0,122829.0,127282.0,127050.0,119452.0,108253.0,125283.57142857143,122709.23333333334,42.0,52.0,47.0,39.1,80.0,97.0,0.06,0.0,0.0,5.98,100.0,0.0,3.0,0.0,45.7,0.0,4.3,0.0,0.0,12.49,0.0,0.0,1.0,0.0,0.0,0.0,0.0,0.9972495210773451,0.07411742515094437,0.14782713347053048,-0.9890132145779883
125707,125305.0,126694.0,117889.0,125095.0,120078.0,126572.0,126789.0,121920.0,119452.0,125264.42857142857,122751.5,44.0,51.0,47.5,45.2,94.0,98.0,0.7,0.0,0.0,4.36,100.0,0.0,2.5,0.0,46.8,0.0,3.2,0.0,0.0,12.54,0.0,0.0,0.0,1.0,0.0,0.0,0.0,0.998376906467142,0.056952196034039754,0.11371951458594969,-0.9935128947338007
125729,125707.0,125305.0,126694.0,130067.0,119855.0,125068.0,131221.0,120932.0,121920.0,125351.85714285714,122600.1,42.0,56.0,49.0,24.1,45.0,84.0,0.0,0.0,0.0,21.19,51.0,11.0,1.0,0.0,47.8,0.0,2.2,0.0,0.0,12.58,0.0,0.0,0.0,0.0,1.0,0.0,0.0,0.9992088560679753,0.03977011384605572,0.07947729992362097,-0.9968366760893436
120355,125729.0,125707.0,125305.0,130301.0,119220.0,122908.0,130494.0,124644.0,120932.0,124732.14285714286,122556.06666666668,41.0,62.0,51.5,29.1,52.0,72.0,0.04,0.0,0.0,20.31,74.0,9.32,0.0,0.0,49.3,0.0,1.2,1.0,0.0,12.63,0.0,0.0,0.0,0.0,0.0,1.0,0.0,0.9997451236925734,0.022576263041545485,0.04514101777397193,-0.9989806246941579
112331,120355.0,125729.0,125707.0,121500.0,108979.0,119558.0,120590.0,123140.0,124644.0,123311.28571428572,122341.6,47.0,62.0,54.5,36.5,61.0,86.0,0.02,0.0,0.0,20.31,69.0,12.0,0.0,0.0,51.7,0.0,0.3,1.0,0.0,12.67,0.0,0.0,0.0,0.0,0.0,0.0,1.0,0.9999855506507186,0.005375731557583884,0.01075130776352193,-0.9999422030204416
107220,112331.0,120355.0,125729.0,117889.0,107601.0,111660.0,111074.0,111631.0,123140.0,122001.42857142857,121711.93333333332,49.0,54.0,51.5,39.6,76.0,88.0,0.01,0.0,0.0,6.92,91.0,1.08,0.0,0.0,52.5,0.0,0.0,0.0,0.0,12.71,1.0,0.0,0.0,0.0,0.0,0.0,0.0,0.9999300657962057,-0.011826390691832589,-0.023651127245231586,-0.9997202729664083
120871,107220.0,112331.0,120355.0,126694.0,120876.0,128298.0,122004.0,108953.0,111631.0,120477.28571428572,120936.13333333332,44.0,51.0,47.5,42.4,92.0,95.0,0.87,0.0,0.0,3.05,100.0,0.0,2.5,0.0,51.2,0.0,0.8,0.0,0.0,12.76,0.0,1.0,0.0,0.0,0.0,0.0,0.0,0.9995786855478958,-0.029025013321975237,-0.05802556932878035,-0.9983150972033183
125007,120871.0,107220.0,112331.0,125305.0,125439.0,122829.0,127282.0,120873.0,108953.0,119645.42857142857,120945.5,41.0,45.0,43.0,39.2,90.0,94.0,1.55,0.0,0.0,3.9,100.0,0.0,7.0,0.0,47.3,0.0,3.2,0.0,0.0,12.8,0.0,0.0,1.0,0.0,0.0,0.0,0.0,0.9989315138848577,-0.046215046983708354,-0.09233133369539122,-0.9957283388645872
129954,125007.0,120871.0,107220.0,125707.0,125095.0,120078.0,126572.0,119870.0,120873.0,119602.85714285714,121409.93333333332,37.0,53.0,45.0,34.1,76.0,95.0,0.21,0.0,0.0,11.04,87.0,4.64,5.0,0.0,45.2,0.0,4.8,0.0,0.0,12.85,0.0,0.0,0.0,1.0,0.0,0.0,0.0,0.9979887423155984,-0.06339140486951038,-0.12652781683868314,-0.9919630595773397
126600,129954.0,125007.0,120871.0,125729.0,130067.0,119855.0,125068.0,121088.0,119870.0,120209.57142857143,121674.93333333332,38.0,50.0,44.0,27.9,61.0,86.0,0.0,0.0,0.0,17.87,56.0,12.0,6.0,0.0,44.0,0.0,6.0,0.0,0.0,12.89,0.0,0.0,0.0,0.0,1.0,0.0,0.0,0.9967506498213929,-0.08054900421874167,-0.16057454459499376,-0.9870237158387383
124447,126600.0,129954.0,125007.0,120355.0,130301.0,119220.0,122908.0,119719.0,121088.0,120334.0,121652.2,42.0,54.0,48.0,29.7,58.0,78.0,0.0,0.0,0.0,13.93,70.0,9.26,2.0,0.0,45.7,0.0,4.3,1.0,0.0,12.94,0.0,0.0,0.0,0.0,0.0,1.0,0.0,0.9952176027737294,-0.09768276782171598,-0.19443122004766195,-0.9809161537413774
114228,124447.0,126600.0,129954.0,112331.0,121500.0,108979.0,119558.0,115204.0,119719.0,120918.57142857143,121581.36666666668,43.0,60.0,51.5,29.9,58.0,79.0,0.0,0.0,0.0,17.23,31.0,11.73,0.0,0.0,47.8,0.0,2.7,1.0,0.0,12.98,0.0,0.0,0.0,0.0,0.0,0.0,1.0,0.9933900548258936,-0.11478762552212701,-0.2280577712215198,-0.9736476020539838
110062,114228.0,124447.0,126600.0,107220.0,117889.0,107601.0,111660.0,108997.0,115204.0,121189.57142857143,121220.03333333334,43.0,69.0,56.0,34.7,63.0,88.0,0.0,0.0,0.0,21.42,59.0,11.53,0.0,0.0,51.8,0.0,0.7,0.0,0.0,13.02,1.0,0.0,0.0,0.0,0.0,0.0,0.0,0.9912685467787256,-0.13185851571739118,-0.2614143985111562,-0.965226663665613
118910,110062.0,114228.0,124447.0,120871.0,126694.0,120876.0,128298.0,105897.0,108997.0,121595.57142857143,120791.83333333331,55.0,80.0,67.5,43.2,62.0,88.0,0.0,0.0,0.0,23.04,77.0,12.14,0.0,2.5,58.3,0.8,0.0,0.0,0.0,13.07,0.0,1.0,0.0,0.0,0.0,0.0,0.0,0.9888537064205885,-0.1488903868564548,-0.2944616217868012,-0.9556633054034704
118395,118910.0,110062.0,114228.0,125007.0,125305.0,125439.0,122829.0,116583.0,105897.0,121315.42857142857,120770.23333333334,51.0,67.0,59.0,47.6,78.0,94.0,0.0,0.0,0.0,14.43,93.0,7.58,0.0,0.0,60.8,0.8,0.0,0.0,0.0,13.11,0.0,0.0,1.0,0.0,0.0,0.0,0.0,0.986146248341595,-0.16587819893463143,-0.3271603271220951,-0.9449688462364056
116601,118395.0,118910.0,110062.0,129954.0,125707.0,125095.0,120078.0,117194.0,116583.0,120370.85714285714,120994.73333333334,50.0,61.0,55.5,51.0,90.0,96.0,0.24,0.0,0.0,10.53,100.0,3.14,0.0,0.0,60.7,0.8,0.0,0.0,0.0,13.16,0.0,0.0,0.0,1.0,0.0,0.0,0.0,0.9831469737221499,-0.1828169249850199,-0.3594718130884232,-0.9331559438780432
119467,116601.0,118395.0,118910.0,126600.0,125729.0,130067.0,119855.0,122341.0,117194.0,118463.28571428572,120604.83333333331,56.0,63.0,59.5,51.6,77.0,96.0,0.34,0.0,0.0,13.68,66.0,7.22,0.0,0.0,58.0,0.0,0.0,0.0,0.0,13.2,0.0,0.0,0.0,0.0,1.0,0.0,0.0,0.9798567700958665,-0.1997015525660636,-0.3913578365610259,-0.9202385798054075
118513,119467.0,116601.0,118395.0,124447.0,120355.0,130301.0,119220.0,133743.0,122341.0,117444.28571428572,120492.76666666666,47.0,56.0,51.5,37.1,64.0,73.0,0.01,0.0,0.0,5.86,68.0,0.04,0.0,0.0,55.5,0.0,0.0,1.0,0.0,13.25,0.0,0.0,0.0,0.0,0.0,1.0,0.0,0.9762766110869321,-0.21652708524481437,-0.4227806579826773,-0.9062320427107697
109372,118513.0,119467.0,116601.0,114228.0,112331.0,121500.0,108979.0,140767.0,133743.0,116596.57142857143,120440.6,48.0,75.0,61.5,38.8,51.0,66.0,0.1,0.0,0.0,20.06,74.0,11.75,0.0,0.0,57.5,0.0,0.0,1.0,0.0,13.29,0.0,0.0,0.0,0.0,0.0,0.0,1.0,0.9724075561219968,-0.23328854407545518,-0.45370308603134424,-0.8911529104063088
106230,109372.0,118513.0,119467.0,110062.0,107220.0,117889.0,107601.0,122941.0,140767.0,115902.85714285714,120091.16666666669,58.0,82.0,70.0,49.1,62.0,94.0,0.0,0.0,0.0,21.25,27.0,12.7,0.0,5.0,61.0,1.7,0.0,0.0,0.0,13.33,1.0,0.0,0.0,0.0,0.0,0.0,0.0,0.9682507501166718,-0.2499809690726521,-0.48408852163897587,-0.8750190302029955
120463,106230.0,109372.0,118513.0,118910.0,120871.0,126694.0,120876.0,113609.0,122941.0,115355.42857142857,119658.16666666669,54.0,73.0,63.5,37.2,48.0,65.0,0.0,0.0,0.0,25.51,2.0,13.01,0.0,0.0,65.0,1.7,0.0,0.0,0.0,13.38,0.0,1.0,0.0,0.0,0.0,0.0,0.0,0.9638074231367307,-0.26659942067929354,-0.5139010013093103,-0.8578494977869301
117633,120463.0,106230.0,109372.0,118395.0,125007.0,125305.0,125439.0,120738.0,113609.0,115577.28571428572,120040.96666666666,50.0,62.0,56.0,41.5,70.0,95.0,0.02,0.0,0.0,13.55,75.0,6.68,0.0,0.0,63.2,1.7,0.0,0.0,0.0,13.42,0.0,0.0,1.0,0.0,0.0,0.0,0.0,0.9590788900341131,-0.28313898122818354,-0.5431052396834317,-0.8396646346181327
117699,117633.0,120463.0,106230.0,116601.0,129954.0,125707.0,125095.0,116766.0,120738.0,115468.42857142857,120375.36666666668,45.0,50.0,47.5,42.4,84.0,95.0,0.01,0.0,0.0,6.93,89.0,2.0,2.5,0.0,55.7,0.0,0.8,0.0,0.0,13.46,0.0,0.0,0.0,1.0,0.0,0.0,0.0,0.9540665500578387,-0.2995947563972602,-0.5716666713027052,-0.8204859638785327
120726,117699.0,117633.0,120463.0,119467.0,126600.0,125729.0,130067.0,117228.0,116766.0,115625.28571428572,120269.46666666666,46.0,60.0,53.0,40.7,78.0,92.0,0.0,0.0,0.0,20.01,79.0,11.06,0.0,0.0,52.2,0.0,0.8,0.0,0.0,13.5,0.0,0.0,0.0,0.0,1.0,0.0,0.0,0.9487718864399473,-0.31596187665790293,-0.5995514915196489,-0.8003361849976323
117552,120726.0,117699.0,117633.0,118513.0,124447.0,120355.0,130301.0,116594.0,117228.0,115805.14285714286,120112.36666666668,47.0,71.0,59.0,41.7,66.0,94.0,0.05,0.0,0.0,19.69,58.0,9.2,0.0,0.0,53.2,0.0,0.8,1.0,0.0,13.54,0.0,0.0,0.0,0.0,0.0,1.0,0.0,0.9431964659565866,-0.33223549871590435,-0.6267266965083301,-0.7792391467859886
107311,117552.0,120726.0,117699.0,109372.0,114228.0,112331.0,121500.0,116193.0,116594.0,115667.85714285714,119860.93333333332,42.0,54.0,48.0,27.5,50.0,73.0,0.0,0.0,0.0,15.89,75.0,7.14,2.0,0.0,53.3,0.0,0.7,1.0,0.0,13.59,0.0,0.0,0.0,0.0,0.0,0.0,1.0,0.9373419384643772,-0.3484108069446808,-0.65316012232693,-0.7572198192083127
106176,107311.0,117552.0,120726.0,106230.0,110062.0,107220.0,117889.0,108000.0,116193.0,115373.42857142857,119102.4,42.0,64.0,53.0,30.5,53.0,71.0,0.0,0.0,0.0,26.1,11.0,13.46,0.0,0.0,53.3,0.0,0.7,0.0,0.0,13.63,1.0,0.0,0.0,0.0,0.0,0.0,0.0,0.9312100364121947,-0.3644830148102912,-0.6788204829862355,-0.734304263829602
114826,106176.0,107311.0,117552.0,120463.0,118910.0,120871.0,126694.0,106680.0,108000.0,115365.71428571428,118298.23333333334,46.0,65.0,55.5,34.2,60.0,87.0,0.0,0.0,0.0,26.49,23.0,13.47,0.0,0.0,52.2,0.0,0.7,0.0,0.0,13.67,0.0,1.0,0.0,0.0,0.0,0.0,0.0,0.9248025743285089,-0.38044736628785164,-0.7036774074790128,-0.7105196029692745
114220,114826.0,106176.0,107311.0,117633.0,118395.0,125007.0,125305.0,115464.0,106680.0,114560.42857142857,118075.76666666666,50.0,74.0,62.0,39.6,55.0,66.0,0.0,0.0,0.0,21.28,60.0,10.78,0.0,0.0,56.8,0.0,0.0,0.0,0.0,13.71,0.0,0.0,1.0,0.0,0.0,0.0,0.0,0.9181214482844364,-0.39629913726891813,-0.7277014757264236,-0.6858939875998223
115397,114220.0,114826.0,106176.0,117699.0,116601.0,129954.0,125707.0,116571.0,115464.0,114072.85714285714,117953.46666666666,43.0,60.0,51.5,28.7,53.0,80.0,0.0,0.0,0.0,24.49,30.0,13.59,0.0,0.0,56.3,0.0,0.0,0.0,0.0,13.75,0.0,0.0,0.0,1.0,0.0,0.0,0.0,0.9111686353326631,-0.41203363695942635,-0.7508642533989489,-0.6604565640279754
114582,115397.0,114220.0,114826.0,120726.0,119467.0,126600.0,125729.0,116469.0,116571.0,113744.0,117576.9,43.0,65.0,54.0,34.6,65.0,94.0,0.0,0.0,0.0,23.52,14.0,13.25,0.0,0.0,55.8,0.0,0.0,0.0,0.0,13.79,0.0,0.0,0.0,0.0,1.0,0.0,0.0,0.9039461929224011,-0.42764620926777464,-0.7731383255706026,-0.6342374393978054
113958,114582.0,115397.0,114220.0,117552.0,118513.0,124447.0,120355.0,117867.0,116469.0,112866.28571428572,117219.46666666666,46.0,64.0,55.0,34.6,62.0,90.0,0.0,0.0,0.0,21.35,91.0,10.33,0.0,0.0,53.5,0.0,0.0,1.0,0.0,13.83,0.0,0.0,0.0,0.0,0.0,1.0,0.0,0.8964562582905575,-0.44313223418263453,-0.7944973291665992,-0.6072676460566135
105435,113958.0,114582.0,115397.0,107311.0,109372.0,114228.0,112331.0,117958.0,117867.0,112352.85714285714,116827.83333333331,52.0,79.0,65.5,51.4,75.0,92.0,0.01,0.0,0.0,24.43,96.0,12.1,0.0,0.5,58.2,0.2,0.0,1.0,0.0,13.87,0.0,0.0,0.0,0.0,0.0,0.0,1.0,0.8887010478292915,-0.45848712914008766,-0.8149159841660791,-0.5795791048257612
105353,105435.0,113958.0,114582.0,106176.0,106230.0,110062.0,107220.0,112265.0,117958.0,112084.85714285714,116151.36666666668,63.0,87.0,75.0,61.3,81.0,94.0,0.02,0.0,0.0,22.89,60.0,13.39,0.0,10.0,65.2,3.5,0.0,0.0,0.0,13.91,1.0,0.0,0.0,0.0,0.0,0.0,0.0,0.8806828564301475,-0.47370635037968,-0.8343701235229538,-0.5512045872199277
127381,105353.0,105435.0,113958.0,114826.0,120463.0,118910.0,120871.0,109877.0,112265.0,111967.28571428572,115651.3,52.0,66.0,59.0,53.1,82.0,99.0,0.03,0.0,0.0,18.76,99.0,8.53,0.0,0.0,66.5,3.5,0.0,0.0,0.0,13.95,0.0,1.0,0.0,0.0,0.0,0.0,0.0,0.8724040568049612,-0.48878539428899265,-0.8528367217694595,-0.522177676659508
118586,127381.0,105353.0,105435.0,114220.0,117633.0,118395.0,125007.0,116373.0,109877.0,113760.85714285714,116152.96666666666,53.0,80.0,66.5,51.7,79.0,96.0,0.02,0.0,0.0,21.5,60.0,13.47,0.0,1.5,66.8,3.8,0.0,0.0,0.0,13.99,0.0,0.0,1.0,0.0,0.0,0.0,0.0,0.8638670987837349,-0.503719798736334,-0.8702939222685674,-0.49253272872205434
119518,118586.0,127381.0,105353.0,115397.0,117699.0,116601.0,129954.0,117408.0,116373.0,114384.57142857143,116531.83333333331,53.0,79.0,66.0,51.1,67.0,95.0,0.0,0.0,0.0,23.22,49.0,10.82,0.0,1.0,63.8,0.8,0.0,0.0,0.0,14.03,0.0,0.0,0.0,1.0,0.0,0.0,0.0,0.8550745085896932,-0.518505144391157,-0.886721063082993,-0.46230483047981086
121813,119518.0,118586.0,127381.0,114582.0,120726.0,119467.0,126600.0,117134.0,117408.0,114973.28571428572,116486.73333333334,52.0,65.0,58.5,46.4,70.0,95.0,0.0,0.0,0.0,20.15,87.0,12.13,0.0,0.0,63.7,0.8,0.0,0.0,0.0,14.06,0.0,0.0,0.0,0.0,1.0,0.0,0.0,0.8460288880917339,-0.533137056031809,-0.9020987014301837,-0.43152975897147144
116646,121813.0,119518.0,118586.0,113958.0,117552.0,118513.0,124447.0,118783.0,117134.0,116006.28571428572,116380.26666666666,49.0,63.0,56.0,45.3,76.0,97.0,0.0,0.0,0.0,16.11,94.0,7.56,0.0,0.0,60.2,0.3,0.0,1.0,0.0,14.1,0.0,0.0,0.0,0.0,0.0,1.0,0.0,0.8367329140344921,-0.5476112038402312,-0.9164086366943458,-0.4002439388573056
106231,116646.0,121813.0,119518.0,105435.0,107311.0,109372.0,114228.0,116116.0,118783.0,116390.28571428572,115936.66666666669,49.0,54.0,51.5,47.2,87.0,97.0,0.31,0.0,0.0,4.69,100.0,0.0,0.0,0.0,55.3,0.0,0.0,1.0,0.0,14.14,0.0,0.0,0.0,0.0,0.0,0.0,1.0,0.8271893372462497,-0.5619233046832195,-0.9296339319682695,-0.3684843993077793
107601,106231.0,116646.0,121813.0,105353.0,106176.0,106230.0,110062.0,106884.0,116116.0,116504.0,115257.7,53.0,74.0,63.5,57.9,88.0,99.0,0.0,0.0,0.0,11.67,100.0,1.92,0.0,0.0,57.0,0.0,0.0,0.0,0.0,14.18,1.0,0.0,0.0,0.0,0.0,0.0,0.0,0.8174009818249189,-0.5760691233798758,-0.9417589340994617,-0.33628873017668287
120093,107601.0,106231.0,116646.0,127381.0,114826.0,120463.0,118910.0,106708.0,106884.0,116825.14285714286,114696.16666666669,59.0,80.0,69.5,50.1,60.0,94.0,0.0,0.0,0.0,27.94,44.0,13.91,0.0,4.5,61.5,1.5,0.0,0.0,0.0,14.21,0.0,1.0,0.0,0.0,0.0,0.0,0.0,0.8073707443023492,-0.5900444739548627,-0.9527692922168511,-0.30369503751065885
123916,120093.0,107601.0,106231.0,118586.0,114220.0,117633.0,118395.0,123086.0,106708.0,115784.0,114891.66666666669,65.0,84.0,74.5,57.5,63.0,95.0,0.21,0.0,0.0,23.68,76.0,11.93,0.0,9.5,69.2,4.7,0.0,0.0,0.0,14.25,0.0,0.0,1.0,0.0,0.0,0.0,0.0,0.7971015927871943,-0.6038452208771035,-0.9626519747161487,-0.2707418984477642
135931,123916.0,120093.0,107601.0,119518.0,115397.0,117699.0,116601.0,117625.0,123086.0,116545.42857142857,115353.46666666666,56.0,70.0,63.0,48.3,59.0,75.0,0.0,0.0,0.0,17.01,99.0,6.3,0.0,0.0,69.0,4.7,0.0,0.0,0.0,14.28,0.0,0.0,0.0,1.0,0.0,0.0,0.0,0.7865965660866021,-0.6174672802835514,-0.97139528468375,-0.23746831555846842
126567,135931.0,123916.0,120093.0,121813.0,114582.0,120726.0,119467.0,117570.0,117625.0,118890.14285714286,115920.83333333331,48.0,56.0,52.0,45.4,82.0,92.0,0.23,0.0,0.0,5.71,98.0,0.09,0.0,0.0,63.2,3.2,0.0,0.0,0.0,14.32,0.0,0.0,0.0,0.0,1.0,0.0,0.0,0.7758587728069828,-0.6309066211876704,-0.9789888737409319,-0.20391367068311472
118080,126567.0,135931.0,123916.0,116646.0,113958.0,117552.0,118513.0,123681.0,117570.0,119569.28571428572,116193.23333333334,47.0,64.0,55.5,42.8,72.0,97.0,0.0,0.0,0.0,23.08,71.0,12.06,0.0,0.0,56.8,0.0,0.0,1.0,0.0,14.35,0.0,0.0,0.0,0.0,0.0,1.0,0.0,0.7648913904341225,-0.6441592666722685,-0.9854237542919524,-0.17011767832049052
105208,118080.0,126567.0,135931.0,106231.0,105435.0,107311.0,109372.0,135997.0,123681.0,119774.14285714286,116242.53333333334,48.0,57.0,52.5,44.4,78.0,91.0,0.15,0.0,0.0,11.82,78.0,5.99,0.0,0.0,53.3,0.0,0.0,1.0,0.0,14.38,0.0,0.0,0.0,0.0,0.0,0.0,1.0,0.753697664392914,-0.6572212950663319,-0.9906923101615609,-0.13612033862266704
105238,105208.0,118080.0,126567.0,107601.0,105353.0,106176.0,106230.0,129143.0,135997.0,119628.0,115767.23333333334,49.0,65.0,57.0,47.8,78.0,97.0,0.0,0.0,0.0,19.03,38.0,13.05,0.0,0.0,55.0,0.0,0.0,0.0,0.0,14.42,1.0,0.0,0.0,0.0,0.0,0.0,0.0,0.742280907086982,-0.6700888411055113,-0.994788305609327,-0.10196189005174576
116599,105238.0,105208.0,118080.0,120093.0,127381.0,114826.0,120463.0,113232.0,129143.0,119290.42857142857,115324.73333333334,55.0,72.0,63.5,55.0,81.0,95.0,0.03,0.0,0.0,17.58,88.0,8.71,0.0,0.0,57.7,0.0,0.0,0.0,0.0,14.45,0.0,1.0,0.0,0.0,0.0,0.0,0.0,0.7306444969184916,-0.6827580970759147,-0.9977068927101168,-0.06768276175455162
120146,116599.0,105238.0,105208.0,123916.0,118586.0,114220.0,117633.0,123378.0,113232.0,118791.28571428572,115565.63333333332,59.0,64.0,61.5,56.7,89.0,96.0,0.28,0.0,0.0,11.28,98.0,3.84,0.0,0.0,60.7,0.0,0.0,0.0,0.0,14.48,0.0,0.0,1.0,0.0,0.0,0.0,0.0,0.7187918772884232,-0.6952253139408722,-0.9994446170919858,-0.033323525711631344
120976,120146.0,116599.0,105238.0,135931.0,119518.0,115397.0,117699.0,128952.0,123378.0,118252.71428571428,116029.5,59.0,64.0,61.5,57.3,86.0,92.0,0.27,0.0,0.0,7.78,91.0,0.49,0.0,0.0,62.2,0.0,0.0,0.0,0.0,14.51,0.0,0.0,0.0,1.0,0.0,0.0,0.0,0.7067265555776158,-0.7074868024503348,-0.9999994220246925,0.001075151282798226
120608,120976.0,120146.0,116599.0,126567.0,121813.0,114582.0,120726.0,121160.0,128952.0,116116.28571428572,116046.6,58.0,72.0,65.0,54.8,76.0,94.0,0.0,0.0,0.0,17.46,73.0,6.78,0.0,0.0,62.7,0.0,0.0,0.0,0.0,14.54,0.0,0.0,0.0,0.0,1.0,0.0,0.0,0.6944521021088763,-0.719538934232584,-0.9993706508539969,0.03547255575312556
120128,120608.0,120976.0,120146.0,118080.0,116646.0,113958.0,117552.0,114549.0,121160.0,115265.0,116145.76666666666,59.0,69.0,64.0,54.4,78.0,94.0,0.04,0.0,0.0,15.96,99.0,5.41,0.0,0.0,63.5,0.0,0.0,1.0,0.0,14.57,0.0,0.0,0.0,0.0,0.0,1.0,0.0,0.6819721490904629,-0.7313781428679254,-0.9975590477788613,0.06982797572987089
110332,120128.0,120608.0,120976.0,105208.0,106231.0,105435.0,107311.0,116482.0,114549.0,115557.57142857143,116226.73333333334,56.0,75.0,65.5,55.2,80.0,99.0,0.0,0.0,0.0,17.01,69.0,9.42,0.0,0.5,64.8,0.2,0.0,1.0,0.0,14.6,0.0,0.0,0.0,0.0,0.0,0.0,1.0,0.6692903895412567,-0.7430009249440493,-0.9945667569706337,0.1041007489354256
109853,110332.0,120128.0,120608.0,105238.0,107601.0,105353.0,106176.0,110684.0,116482.0,116289.57142857143,115880.26666666666,55.0,74.0,64.5,55.2,81.0,99.0,0.0,0.0,0.0,25.34,53.0,13.85,0.0,0.0,64.7,0.2,0.0,0.0,0.0,14.63,1.0,0.0,0.0,0.0,0.0,0.0,0.0,0.6564105761979381,-0.7544038410927472,-0.9903973200352558,0.1382503109109819
122257,109853.0,110332.0,120128.0,116599.0,120093.0,127381.0,114826.0,107194.0,110684.0,116948.85714285714,115623.63333333332,58.0,83.0,70.5,60.3,82.0,97.0,0.0,0.0,0.0,27.71,53.0,14.0,0.0,5.5,66.8,2.0,0.0,0.0,0.0,14.66,0.0,1.0,0.0,0.0,0.0,0.0,0.0,0.6433365204044917,-0.765583517007675,-0.9850556718215013,0.172236243027682
131765,122257.0,109853.0,110332.0,120146.0,123916.0,118586.0,114220.0,121819.0,107194.0,117757.14285714286,116121.83333333331,67.0,84.0,75.5,61.7,73.0,91.0,0.0,0.0,0.0,27.86,37.0,14.0,0.0,10.5,70.2,5.3,0.0,0.0,0.0,14.69,0.0,0.0,1.0,0.0,0.0,0.0,0.0,0.6300720909843687,-0.7765366444428655,-0.9785481345802031,0.20601832032517084
142724,131765.0,122257.0,109853.0,120976.0,135931.0,119518.0,115397.0,118631.0,121819.0,119417.0,116974.8,67.0,79.0,73.0,64.1,75.0,89.0,0.78,0.0,0.0,15.64,82.0,7.96,0.0,8.0,73.0,8.0,0.0,0.0,0.0,14.71,0.0,0.0,0.0,1.0,0.0,0.0,0.0,0.6166212130956382,-0.7872599821916922,-0.9708824104813836,0.23955655912092708
146380,142724.0,131765.0,122257.0,120608.0,126567.0,121813.0,114582.0,119115.0,118631.0,122523.85714285714,117904.73333333334,68.0,84.0,76.0,54.7,60.0,97.0,0.0,0.0,0.0,29.02,26.0,14.0,0.0,11.0,74.8,9.8,0.0,0.0,0.0,14.74,0.0,0.0,0.0,0.0,1.0,0.0,0.0,0.6029878670694714,-0.7977503570459932,-0.9620675724981452,0.27281126433401914
146863,146380.0,142724.0,131765.0,120128.0,118080.0,116646.0,113958.0,115600.0,119115.0,126205.57142857143,118976.73333333334,66.0,81.0,73.5,53.8,63.0,89.0,0.0,0.0,0.0,27.76,55.0,14.0,0.0,8.5,74.2,9.2,0.0,1.0,0.0,14.77,0.0,0.0,0.0,0.0,0.0,1.0,0.0,0.5891760872322963,-0.8080046647350754,-0.9521140536681102,0.3057430764672831
128941,146863.0,146380.0,142724.0,110332.0,105208.0,106231.0,105435.0,116326.0,115600.0,130024.85714285714,120025.6,65.0,82.0,73.5,63.5,86.0,99.0,0.0,0.0,0.0,24.7,74.0,13.36,0.0,8.5,74.3,9.3,0.0,1.0,0.0,14.79,0.0,0.0,0.0,0.0,0.0,0.0,1.0,0.5751899607119775,-0.8180198708443174,-0.9410336347451197,0.3383130181923076
129499,128941.0,146863.0,146380.0,109853.0,105238.0,107601.0,105353.0,108601.0,116326.0,132683.2857142857,120504.23333333334,66.0,73.0,69.5,64.9,95.0,99.0,0.96,0.0,0.0,10.75,100.0,3.2,0.0,4.5,72.2,7.2,0.0,0.0,1.0,14.81,1.0,0.0,0.0,0.0,0.0,0.0,0.0,0.5610336262283677,-0.8277930117131022,-0.9288394302558068,0.3704825404820963
131790,129499.0,128941.0,146863.0,122257.0,116599.0,120093.0,127381.0,107474.0,108601.0,135489.85714285713,121022.26666666666,65.0,79.0,72.0,59.1,69.0,98.0,0.0,0.0,0.0,28.29,27.0,14.0,0.0,7.0,71.7,6.7,0.0,0.0,0.0,14.84,0.0,1.0,0.0,0.0,0.0,0.0,0.0,0.5467112728685939,-0.8373211953118121,-0.9155458729775467,0.40221356823680365
145299,131790.0,129499.0,128941.0,131765.0,120146.0,123916.0,118586.0,114978.0,107474.0,136851.7142857143,121900.76666666666,60.0,76.0,68.0,55.4,71.0,91.0,0.65,0.0,0.0,26.28,32.0,13.0,0.0,3.0,69.8,4.8,0.0,0.0,0.0,14.86,0.0,0.0,1.0,0.0,0.0,0.0,0.0,0.5322271388474397,-0.8466016020976267,-0.9011686968561569,0.4334685453485363
138253,145299.0,131790.0,129499.0,142724.0,120976.0,135931.0,119518.0,120976.0,114978.0,138785.14285714287,123232.3,57.0,71.0,64.0,50.9,67.0,91.0,0.18,0.0,0.0,23.64,57.0,14.0,0.0,0.0,68.0,3.3,0.0,0.0,0.0,14.88,0.0,0.0,0.0,1.0,0.0,0.0,0.0,0.5175855102531889,-0.8556314858488706,-0.8857249183835637,0.4642104791518923
129147,138253.0,145299.0,131790.0,146380.0,120608.0,126567.0,121813.0,123000.0,120976.0,138146.42857142858,123594.7,59.0,75.0,67.0,42.8,46.0,66.0,0.0,0.0,0.0,25.65,43.0,13.86,0.0,2.0,66.3,1.7,0.0,0.0,0.0,14.9,0.0,0.0,0.0,0.0,1.0,0.0,0.0,0.5027907197793043,-0.8644081744776648,-0.8692328164574792,0.49440298420761813
128329,129147.0,138253.0,145299.0,146863.0,120128.0,118080.0,116646.0,134730.0,123000.0,135684.57142857142,123946.73333333334,60.0,83.0,71.5,45.5,44.0,58.0,0.0,0.0,0.0,29.67,19.0,14.05,0.0,6.5,67.5,2.8,0.0,1.0,0.0,14.92,0.0,0.0,0.0,0.0,0.0,1.0,0.0,0.4878471454423119,-0.8729290708206411,-0.8517119107469189,0.5240103253675756
124462,128329.0,129147.0,138253.0,128941.0,110332.0,105208.0,106231.0,146225.0,134730.0,133036.85714285713,124240.43333333332,67.0,81.0,74.0,52.4,55.0,84.0,0.0,0.0,0.0,24.98,91.0,11.07,0.0,9.0,70.8,5.8,0.0,1.0,0.0,14.94,0.0,0.0,0.0,0.0,0.0,0.0,1.0,0.47275920928627757,-0.881191653407483,-0.8331829385891785,0.5529974600700271
129455,124462.0,128329.0,129147.0,129499.0,109853.0,105238.0,107601.0,121764.0,146225.0,132397.0,124328.73333333334,72.0,86.0,79.0,59.8,63.0,89.0,0.0,0.0,0.0,27.09,46.0,13.38,0.0,14.0,74.8,9.8,0.0,0.0,0.0,14.95,1.0,0.0,0.0,0.0,0.0,0.0,0.0,0.4575313760742512,-0.8891934772070711,-0.8136678304455991,0.5813300798152042
157104,129455.0,124462.0,128329.0,131790.0,122257.0,116599.0,120093.0,106737.0,121764.0,132390.7142857143,124755.7,65.0,79.0,72.0,61.1,75.0,96.0,0.0,0.0,0.0,27.8,56.0,14.04,0.0,7.0,75.0,10.0,0.0,0.0,0.0,14.97,0.0,1.0,0.0,0.0,0.0,0.0,0.0,0.44216815196707204,-0.8969321743510065,-0.7931896839451843,0.6089746507720486
156095,157104.0,129455.0,124462.0,145299.0,131765.0,120146.0,123916.0,122591.0,106737.0,136007.0,126451.46666666666,65.0,79.0,72.0,63.7,86.0,99.0,0.0,0.0,0.0,17.14,89.0,6.79,0.0,7.0,74.3,9.3,0.0,0.0,0.0,14.99,0.0,0.0,1.0,0.0,0.0,0.0,0.0,0.42667408318992467,-0.9044054548343001,-0.7717727365467836,0.6358984534680745
155169,156095.0,157104.0,129455.0,138253.0,142724.0,120976.0,135931.0,126482.0,122591.0,137549.2857142857,128067.93333333332,68.0,81.0,74.5,68.5,85.0,98.0,0.77,0.0,0.0,18.4,81.0,9.74,0.0,9.5,72.8,7.8,0.0,0.0,0.0,15.0,0.0,0.0,0.0,1.0,0.0,0.0,0.0,0.4110537546870351,-0.9116111071930239,-0.7494423368521954,0.6620696215153815
164580,155169.0,156095.0,157104.0,129147.0,146380.0,120608.0,126567.0,122219.0,126482.0,139965.85714285713,129237.13333333332,66.0,82.0,74.0,57.5,63.0,94.0,0.0,0.0,0.0,19.85,41.0,10.55,0.0,9.0,73.5,8.5,0.0,0.0,0.0,15.01,0.0,0.0,0.0,0.0,1.0,0.0,0.0,0.3953117887649151,-0.9185469991587165,-0.7262249146041543,0.6874571793269664
155967,164580.0,155169.0,156095.0,128329.0,146863.0,120128.0,118080.0,122396.0,122219.0,145027.7142857143,130592.6,63.0,76.0,69.5,50.7,54.0,79.0,0.0,0.0,0.0,21.68,23.0,11.31,0.0,4.5,72.7,7.7,0.0,1.0,0.0,15.03,0.0,0.0,0.0,0.0,0.0,1.0,0.0,0.37945284372454435,-0.925211078289358,-0.7021479494046978,0.7120310787787131
132181,155967.0,164580.0,155169.0,124462.0,128941.0,110332.0,105208.0,122782.0,122396.0,148976.0,131260.46666666667,65.0,74.0,69.5,52.9,59.0,79.0,0.0,0.0,0.0,20.22,44.0,11.44,0.0,4.5,71.0,6.0,0.0,1.0,0.0,15.04,0.0,0.0,0.0,0.0,0.0,0.0,1.0,0.36348161248290634,-0.9316013725767187,-0.6772399381909491,0.7357622347736527
130033,132181.0,155967.0,164580.0,129455.0,129499.0,109853.0,105238.0,116495.0,122782.0,150078.7142857143,131447.6,62.0,75.0,68.5,49.3,55.0,80.0,0.0,0.0,0.0,19.79,44.0,11.62,0.0,3.5,69.2,4.2,0.0,0.0,0.0,15.05,1.0,0.0,0.0,0.0,0.0,0.0,0.0,0.3474028211842774,-0.9377159910299093,-0.6515303615068021,0.75862255966641
139579,130033.0,132181.0,155967.0,157104.0,131790.0,122257.0,116599.0,123644.0,116495.0,150161.2857142857,131846.03333333333,59.0,73.0,66.0,53.6,66.0,90.0,0.0,0.0,0.0,19.36,58.0,10.57,0.0,1.0,68.0,3.0,0.0,0.0,0.0,15.06,0.0,1.0,0.0,0.0,0.0,0.0,0.0,0.3312212278016865,-0.9435531242349544,-0.6250496486104377,0.7805849965070866
137507,139579.0,130033.0,132181.0,156095.0,145299.0,131765.0,120146.0,143428.0,123644.0,147657.7142857143,132991.73333333334,61.0,76.0,68.5,55.2,67.0,87.0,0.0,0.0,0.0,19.31,49.0,10.31,0.0,3.5,67.7,2.7,0.0,0.0,0.0,15.07,0.0,0.0,1.0,0.0,0.0,0.0,0.0,0.31494162072895193,-0.9491110448902284,-0.5978291414589552,0.801623551065242
139481,137507.0,139579.0,130033.0,155169.0,138253.0,142724.0,120976.0,139956.0,143428.0,145002.2857142857,134067.36666666667,65.0,84.0,74.5,58.0,66.0,94.0,0.0,0.0,0.0,27.17,33.0,14.03,0.0,9.5,69.7,4.7,0.0,0.0,0.0,15.08,0.0,0.0,0.0,1.0,0.0,0.0,0.0,0.2985688173637202,-0.9543881083175908,-0.5699010576127624,0.8217133225960589
151014,139481.0,137507.0,139579.0,164580.0,129147.0,146380.0,120608.0,138201.0,139956.0,142761.14285714287,134830.1,65.0,85.0,75.0,65.4,77.0,93.0,0.28,0.0,0.0,18.98,58.0,9.13,0.0,10.0,72.7,7.7,0.0,0.0,0.0,15.08,0.0,0.0,0.0,0.0,1.0,0.0,0.0,0.2821076626819194,-0.9593827529490743,-0.5412984521036173,0.8408305333122887
159899,151014.0,139481.0,137507.0,155967.0,128329.0,146863.0,120128.0,135517.0,138201.0,140823.14285714287,135859.03333333333,65.0,80.0,72.5,55.1,62.0,93.0,0.0,0.0,0.0,28.39,16.0,14.04,0.0,7.5,74.0,9.0,0.0,1.0,0.0,15.09,0.0,0.0,0.0,0.0,0.0,1.0,0.0,0.26556302780405594,-0.9640935007889755,-0.5120551783114646,0.8589525565270845
137519,159899.0,151014.0,139481.0,132181.0,124462.0,128941.0,110332.0,136365.0,135517.0,141384.85714285713,137156.46666666667,63.0,78.0,70.5,51.7,61.0,91.0,0.0,0.0,0.0,29.29,68.0,14.0,0.0,5.5,72.7,7.7,0.0,1.0,0.0,15.09,0.0,0.0,0.0,0.0,0.0,0.0,1.0,0.24893980855376657,-0.9685189578512204,-0.4822058478963526,0.8760579434344281
126847,137519.0,159899.0,151014.0,130033.0,129455.0,129499.0,109853.0,120499.0,136365.0,142147.42857142858,137720.16666666666,65.0,83.0,74.0,62.8,73.0,97.0,0.0,0.0,0.0,25.84,45.0,14.04,0.0,9.0,72.3,7.3,0.0,0.0,0.0,15.1,1.0,0.0,0.0,0.0,0.0,0.0,0.0,0.23224292400907015,-0.9726578145718654,-0.451785789832884,0.8921264484954345
156036,126847.0,137519.0,159899.0,139579.0,157104.0,131790.0,122257.0,120873.0,120499.0,141692.2857142857,137944.13333333333,71.0,86.0,78.5,65.6,69.0,85.0,0.0,0.0,0.0,27.83,66.0,14.0,0.0,13.5,74.3,9.3,0.0,0.0,0.0,15.1,0.0,1.0,0.0,0.0,0.0,0.0,0.0,0.21547731504673012,-0.976508846196619,-0.42083100859565564,0.9071390534005044
172070,156036.0,126847.0,137519.0,137507.0,156095.0,145299.0,131765.0,137633.0,120873.0,144043.2857142857,139467.6,72.0,89.0,80.5,63.2,64.0,78.0,0.0,0.0,0.0,25.79,72.0,14.0,0.0,15.5,77.7,12.7,0.0,0.0,1.0,15.1,0.0,0.0,1.0,0.0,0.0,0.0,0.0,0.19864794288017112,-0.9800709131432666,-0.3893781415452015,0.9210779895789526
170946,172070.0,156036.0,126847.0,139481.0,155169.0,138253.0,142724.0,138888.0,137633.0,148980.85714285713,141541.5,72.0,91.0,81.5,64.1,60.0,78.0,0.0,0.0,0.0,27.87,52.0,14.04,0.0,16.5,80.2,15.2,0.0,0.0,0.0,15.1,0.0,0.0,0.0,1.0,0.0,0.0,0.0,0.18175978759137534,-0.9833429613388902,-0.3574644155648614,0.9339267592294762
184117,170946.0,172070.0,156036.0,151014.0,164580.0,129147.0,146380.0,130314.0,138888.0,153475.85714285713,143164.46666666667,76.0,94.0,85.0,66.3,61.0,80.0,0.0,0.0,0.0,23.85,47.0,12.78,0.0,20.0,82.3,17.3,0.0,0.0,0.0,15.1,0.0,0.0,0.0,0.0,1.0,0.0,0.0,0.16481784665719793,-0.9863240225317866,-0.3251276029999093,0.9456701548465688
195991,184117.0,170946.0,172070.0,159899.0,155967.0,128329.0,146863.0,126600.0,130314.0,158204.85714285713,144909.53333333333,75.0,93.0,84.0,70.6,74.0,94.0,0.11,0.0,0.0,21.69,68.0,13.0,0.0,19.0,83.5,18.5,0.0,1.0,0.0,15.1,0.0,0.0,0.0,0.0,0.0,1.0,0.0,0.14782713347053048,-0.9890132145779883,-0.29240597695107734,0.9562942772197719
181513,195991.0,184117.0,170946.0,137519.0,132181.0,124462.0,128941.0,131825.0,126600.0,163360.85714285713,146685.1,73.0,92.0,82.5,67.7,62.0,90.0,0.0,0.0,0.0,20.71,94.0,9.26,0.0,17.5,83.8,18.8,0.0,1.0,0.0,15.1,0.0,0.0,0.0,0.0,0.0,0.0,1.0,0.13079267585675922,-0.9914097417023038,-0.2593382659754056,0.9657865518844574
181459,181513.0,195991.0,184117.0,126847.0,130033.0,129455.0,129499.0,132294.0,131825.0,169645.7142857143,147856.2,72.0,80.0,76.0,58.4,54.0,72.0,0.0,0.0,0.0,24.36,35.0,13.41,0.0,11.0,80.8,15.8,0.0,0.0,0.0,15.1,1.0,0.0,0.0,0.0,0.0,0.0,0.0,0.11371951458594969,-0.9935128947338007,-0.22596360824801906,0.974135744004672
176674,181459.0,181513.0,195991.0,156036.0,139579.0,157104.0,131790.0,141384.0,132294.0,177447.42857142858,149009.4,69.0,90.0,79.5,53.0,42.0,60.0,0.0,0.0,0.0,29.1,41.0,14.05,0.0,14.5,79.3,14.3,0.0,0.0,0.0,15.09,0.0,1.0,0.0,0.0,0.0,0.0,0.0,0.0966127018812031,-0.9953220513156602,-0.19232150523909483,0.9813319716704275
172647,176674.0,181459.0,181513.0,172070.0,137507.0,156095.0,145299.0,157188.0,141384.0,180395.7142857143,150600.5,70.0,93.0,81.5,62.9,53.0,81.0,0.08,0.0,0.0,25.24,91.0,12.54,0.0,16.5,79.0,14.0,0.0,0.0,0.0,15.09,0.0,0.0,1.0,0.0,0.0,0.0,0.0,0.07947729992362097,-0.9968366760893436,-0.15845177496083632,0.9873667175937016
187697,172647.0,176674.0,181459.0,170946.0,139481.0,155169.0,138253.0,152718.0,157188.0,180478.14285714287,152038.76666666666,67.0,84.0,75.5,60.9,62.0,92.0,0.23,0.0,0.0,26.45,44.0,13.0,0.0,10.5,78.8,13.8,0.0,0.0,0.0,15.08,0.0,0.0,0.0,1.0,0.0,0.0,0.0,0.062318379354325076,-0.998056320853012,-0.12439450483979998,0.9922328391893008
172540,187697.0,172647.0,176674.0,184117.0,151014.0,164580.0,129147.0,153004.0,152718.0,182871.14285714287,153902.33333333334,64.0,79.0,71.5,47.7,50.0,68.0,0.0,0.0,0.0,29.6,43.0,14.0,0.0,6.5,76.2,11.2,0.0,0.0,0.0,15.07,0.0,0.0,0.0,0.0,1.0,0.0,0.0,0.04514101777397193,-0.9989806246941579,-0.09019000427034513,0.9959245770286599
145789,172540.0,187697.0,172647.0,195991.0,159899.0,155967.0,128329.0,151886.0,153004.0,181217.2857142857,154810.36666666667,66.0,79.0,72.5,65.4,77.0,91.0,0.06,0.0,0.0,17.77,94.0,8.3,0.0,7.5,73.2,8.2,0.0,1.0,0.0,15.06,0.0,0.0,0.0,0.0,0.0,1.0,0.0,0.02795029824021032,-0.999609314096404,-0.05587875690537313,0.9984375616565666
142824,145789.0,172540.0,187697.0,181513.0,137519.0,132181.0,124462.0,156264.0,151886.0,174045.57142857142,155061.56666666668,70.0,85.0,77.5,73.0,84.0,96.0,0.18,0.0,0.0,17.54,83.0,8.87,0.0,12.5,73.8,8.8,0.0,1.0,0.0,15.05,0.0,0.0,0.0,0.0,0.0,0.0,1.0,0.01075130776352193,-0.9999422030204416,-0.021501372740813793,0.999768818762748
159288,142824.0,145789.0,172540.0,181459.0,126847.0,130033.0,129455.0,139773.0,156264.0,168518.57142857142,155517.46666666667,64.0,81.0,72.5,55.7,60.0,79.0,0.0,0.0,0.0,25.87,16.0,14.0,0.0,7.5,74.2,9.2,0.0,0.0,0.0,15.04,1.0,0.0,0.0,0.0,0.0,0.0,0.0,-0.00645086419810515,-0.9999791929590823,0.012901459949419653,0.9999167727021953
151971,159288.0,142824.0,145789.0,176674.0,156036.0,139579.0,157104.0,148585.0,139773.0,165351.2857142857,156549.43333333332,66.0,86.0,76.0,54.1,54.0,75.0,0.0,0.0,0.0,28.72,37.0,13.21,0.0,11.0,75.3,10.3,0.0,0.0,0.0,15.03,0.0,1.0,0.0,0.0,0.0,0.0,0.0,-0.023651127245231586,-0.9997202729664083,0.04728902277113235,0.9988812483600598
153121,151971.0,159288.0,142824.0,172647.0,172070.0,137507.0,156095.0,173124.0,148585.0,161822.2857142857,157466.4,69.0,83.0,76.0,55.7,58.0,80.0,0.0,0.0,0.0,28.4,71.0,14.0,0.0,11.0,74.8,9.8,0.0,0.0,0.0,15.02,0.0,0.0,1.0,0.0,0.0,0.0,0.0,-0.04084439154329611,-0.9991655196610109,0.08162061540319052,0.9966634713589159
153074,153121.0,151971.0,159288.0,187697.0,170946.0,139481.0,155169.0,159388.0,173124.0,159032.85714285713,158255.26666666666,70.0,89.0,79.5,64.7,69.0,91.0,0.04,0.0,0.0,22.76,90.0,13.21,0.0,14.5,77.2,12.2,0.0,0.0,1.0,15.01,0.0,0.0,0.0,1.0,0.0,0.0,0.0,-0.05802556932878035,-0.9983150972033183,0.11585560376947847,0.9932660666081418
148986,153074.0,153121.0,151971.0,172540.0,184117.0,151014.0,164580.0,183313.0,159388.0,154086.7142857143,158120.93333333332,74.0,90.0,82.0,73.2,83.0,98.0,0.1,0.0,0.0,19.19,92.0,11.13,0.0,17.0,79.2,14.2,0.0,0.0,0.0,14.99,0.0,0.0,0.0,0.0,1.0,0.0,0.0,-0.07518957641475855,-0.9971692572470178,0.14995346813244534,0.9886930551971383
179003,148986.0,153074.0,153121.0,145789.0,195991.0,159899.0,155967.0,192213.0,183313.0,150721.85714285713,157883.96666666667,73.0,92.0,82.5,73.7,78.0,94.0,0.05,0.0,0.0,22.4,58.0,12.83,0.0,17.5,81.3,16.3,0.0,1.0,0.0,14.98,0.0,0.0,0.0,0.0,0.0,1.0,0.0,-0.09233133369539122,-0.9957283388645872,0.18387385105132759,0.9829498496360606
174587,179003.0,148986.0,153074.0,142824.0,181513.0,137519.0,132181.0,186932.0,192213.0,155466.7142857143,158678.43333333332,79.0,93.0,86.0,70.6,71.0,92.0,0.0,0.0,0.0,22.61,47.0,14.0,0.0,21.0,83.5,18.5,0.0,1.0,0.0,14.96,0.0,0.0,0.0,0.0,0.0,0.0,1.0,-0.10944576864891556,-0.993992768446958,0.21757660514828173,0.9760432474496961
179856,174587.0,179003.0,148986.0,159288.0,181459.0,126847.0,130033.0,172361.0,186932.0,160004.2857142857,159012.0,77.0,95.0,86.0,71.3,77.0,100.0,0.0,0.0,0.0,24.99,72.0,14.0,0.0,21.0,84.8,19.8,0.0,0.0,0.0,14.94,1.0,0.0,0.0,0.0,0.0,0.0,0.0,-0.12652781683868314,-0.9919630595773397,0.2510218406258827,0.9679814231320734
204801,179856.0,174587.0,179003.0,151971.0,176674.0,156036.0,139579.0,165418.0,172361.0,162942.57142857142,159808.3,75.0,89.0,82.0,73.5,80.0,98.0,0.0,0.0,0.0,23.69,91.0,11.6,0.0,17.0,84.7,19.7,0.0,0.0,0.0,14.93,0.0,1.0,0.0,0.0,0.0,0.0,0.0,-0.1435724234118113,-0.9896398128792412,0.2841699724797683,0.9587739184713191
204212,204801.0,179856.0,174587.0,153121.0,172647.0,172070.0,137507.0,177182.0,165418.0,170489.7142857143,162228.96666666667,78.0,91.0,84.5,73.7,77.0,91.0,0.0,0.0,0.0,23.78,70.0,14.0,0.0,19.5,84.2,19.2,0.0,0.0,0.0,14.91,0.0,0.0,1.0,0.0,0.0,0.0,0.0,-0.16057454459499376,-0.9870237158387383,0.31698176735052785,0.9484316312562208
207772,204212.0,204801.0,179856.0,153074.0,187697.0,170946.0,139481.0,175241.0,177182.0,177788.42857142858,164701.6,75.0,89.0,82.0,67.9,66.0,92.0,0.11,0.0,0.0,26.06,50.0,13.62,0.0,17.0,82.8,17.8,0.0,0.0,0.0,14.89,0.0,0.0,0.0,1.0,0.0,0.0,0.0,-0.17752914918703497,-0.984115542601034,0.34941838995939767,0.9369668023778549
197069,207772.0,204212.0,204801.0,148986.0,172540.0,184117.0,151014.0,188026.0,175241.0,185602.42857142855,166974.7,72.0,84.0,78.0,68.9,77.0,94.0,0.06,0.0,0.0,16.65,61.0,9.78,0.0,13.0,81.5,16.5,0.0,0.0,0.0,14.87,0.0,0.0,0.0,0.0,1.0,0.0,0.0,-0.19443122004766195,-0.9809161537413774,0.3814414490727919,0.9243930013415553
188001,197069.0,207772.0,204212.0,179003.0,145789.0,195991.0,159899.0,197353.0,188026.0,192471.42857142855,168960.1,72.0,87.0,79.5,71.1,83.0,97.0,2.06,0.0,0.0,19.92,56.0,10.0,0.0,14.5,79.8,14.8,0.0,1.0,0.0,14.85,0.0,0.0,0.0,0.0,0.0,1.0,0.0,-0.2112757555821793,-0.9774264960104055,0.4130130429412807,0.9107251102063585
174380,188001.0,197069.0,207772.0,174587.0,142824.0,181513.0,137519.0,185355.0,197353.0,193756.85714285716,170577.43333333332,75.0,90.0,82.5,71.3,77.0,100.0,0.0,0.0,0.0,25.15,20.0,14.0,0.0,17.5,80.0,15.0,0.0,1.0,0.0,14.82,0.0,0.0,0.0,0.0,0.0,0.0,1.0,-0.2280577712215198,-0.9736476020539838,0.4440958041592176,0.8959793059709459
177664,174380.0,188001.0,197069.0,179856.0,159288.0,181459.0,126847.0,172948.0,185355.0,193727.2857142857,171356.3,73.0,91.0,82.0,71.5,71.0,96.0,0.12,0.0,0.0,23.82,38.0,14.0,0.0,17.0,81.3,16.3,0.0,0.0,0.0,14.8,1.0,0.0,0.0,0.0,0.0,0.0,0.0,-0.24477230089725957,-0.9695805901076308,0.47465294389193496,0.8801730414269229
203823,177664.0,174380.0,188001.0,204801.0,151971.0,176674.0,156036.0,168825.0,172948.0,193414.14285714287,171948.46666666667,78.0,94.0,86.0,70.2,65.0,83.0,0.0,0.0,0.0,24.01,37.0,14.0,0.0,21.0,83.5,18.5,0.0,0.0,0.0,14.78,0.0,1.0,0.0,0.0,0.0,0.0,0.0,-0.2614143985111562,-0.965226663665613,0.5046482954181526,0.8633250245021008
214127,203823.0,177664.0,174380.0,204212.0,153121.0,172647.0,172070.0,189668.0,168825.0,193274.42857142855,174158.6,72.0,90.0,81.0,73.0,78.0,96.0,1.46,0.0,0.0,21.71,72.0,10.62,0.0,16.0,83.0,18.0,0.0,0.0,0.0,14.75,0.0,0.0,1.0,0.0,0.0,0.0,0.0,-0.2779791393987801,-0.9605871111248129,0.5340463569360717,0.8454551961182272
204545,214127.0,203823.0,177664.0,207772.0,153074.0,187697.0,170946.0,184855.0,189668.0,194690.85714285716,177067.93333333332,72.0,86.0,79.0,65.5,69.0,94.0,0.0,0.0,0.0,19.89,71.0,8.81,0.0,14.0,82.0,17.0,0.0,0.0,0.0,14.73,0.0,0.0,0.0,1.0,0.0,0.0,0.0,-0.2944616217868012,-0.9556633054034704,0.5628123335824821,0.8265847065893737
189710,204545.0,214127.0,203823.0,197069.0,148986.0,172540.0,184117.0,171327.0,184855.0,194229.85714285716,178684.9,67.0,83.0,75.0,56.9,56.0,74.0,0.0,0.0,0.0,27.45,9.0,14.0,0.0,10.0,78.3,13.3,0.0,0.0,0.0,14.7,0.0,0.0,0.0,0.0,1.0,0.0,0.0,-0.3108569682435036,-0.9504567035349151,0.5909121786151564,0.8067358905889147
168652,189710.0,204545.0,214127.0,188001.0,179003.0,145789.0,195991.0,173788.0,171327.0,193178.57142857145,179272.9,71.0,83.0,77.0,63.4,69.0,90.0,0.0,0.0,0.0,16.5,99.0,7.14,0.0,12.0,77.0,12.0,0.0,1.0,0.0,14.67,0.0,0.0,0.0,0.0,0.0,1.0,0.0,-0.3271603271220951,-0.9449688462364056,0.6183126337097825,0.7859322407147274
158502,168652.0,189710.0,204545.0,174380.0,174587.0,142824.0,181513.0,176318.0,173788.0,190414.42857142855,179196.43333333332,73.0,88.0,80.5,64.6,65.0,92.0,0.0,0.0,0.0,25.92,37.0,14.0,0.0,15.5,77.5,12.5,0.0,1.0,0.0,14.65,0.0,0.0,0.0,0.0,0.0,0.0,1.0,-0.34336687399638804,-0.939201357453208,0.6449812683237445,0.7641983796838971
166582,158502.0,168652.0,189710.0,177664.0,179856.0,159288.0,181459.0,153460.0,176318.0,188146.14285714287,178342.6,71.0,84.0,77.5,68.6,78.0,94.0,0.01,0.0,0.0,13.74,98.0,3.88,0.0,12.5,78.3,13.3,0.0,0.0,0.0,14.62,1.0,0.0,0.0,0.0,0.0,0.0,0.0,-0.3594718130884232,-0.9331559438780432,0.6708865180801582,0.7415600311898435
185179,166582.0,158502.0,168652.0,203823.0,204801.0,151971.0,176674.0,155587.0,153460.0,186563.0,177362.3,71.0,81.0,76.0,69.7,83.0,97.0,0.11,0.0,0.0,16.95,92.0,8.74,0.0,11.0,78.0,13.0,0.0,0.0,0.0,14.59,0.0,1.0,0.0,0.0,0.0,0.0,0.0,-0.3754703786876202,-0.9268343944460494,0.6959977221267386,0.7180439894563503
178638,185179.0,166582.0,158502.0,214127.0,204212.0,153121.0,172647.0,177190.0,155587.0,183899.57142857145,177484.5,73.0,81.0,77.0,70.6,86.0,98.0,0.0,0.0,0.0,12.73,94.0,5.31,0.0,12.0,76.8,11.8,0.0,0.0,0.0,14.56,0.0,0.0,1.0,0.0,0.0,0.0,0.0,-0.3913578365610259,-0.9202385798054075,0.7202851594252706,0.6936780875245466
179604,178638.0,185179.0,166582.0,204545.0,207772.0,153074.0,187697.0,177090.0,177190.0,178829.7142857143,177390.46666666667,72.0,83.0,77.5,65.2,72.0,100.0,0.0,0.0,0.0,18.06,81.0,6.73,0.0,12.5,76.8,11.8,0.0,0.0,0.0,14.53,0.0,0.0,0.0,1.0,0.0,0.0,0.0,-0.4071294853542516,-0.9133704517637858,0.7437200839287408,0.6684911643103645
176626,179604.0,178638.0,185179.0,189710.0,197069.0,148986.0,172540.0,176680.0,177090.0,175266.7142857143,177488.13333333333,67.0,84.0,75.5,54.3,51.0,66.0,0.0,0.0,0.0,26.39,31.0,13.0,0.0,10.5,76.7,11.7,0.0,0.0,0.0,14.5,0.0,0.0,0.0,0.0,1.0,0.0,0.0,-0.4227806579826773,-0.9062320427107697,0.7662747586044899,0.6425130304714689
158078,176626.0,179604.0,178638.0,168652.0,188001.0,179003.0,145789.0,199463.0,176680.0,173397.57142857142,177620.76666666666,69.0,87.0,78.0,57.8,57.0,81.0,0.0,0.0,0.0,22.28,28.0,12.9,0.0,13.0,77.0,12.0,0.0,1.0,0.0,14.47,0.0,0.0,0.0,0.0,0.0,1.0,0.0,-0.4383067230125192,-0.898825465016444,0.7879224882631226,0.6157744331240536
151956,158078.0,176626.0,179604.0,158502.0,174380.0,174587.0,142824.0,200485.0,199463.0,171887.0,176633.46666666667,70.0,89.0,79.5,60.2,61.0,82.0,0.0,0.0,0.0,20.5,52.0,9.14,0.0,14.5,77.7,12.7,0.0,1.0,0.0,14.43,0.0,0.0,0.0,0.0,0.0,0.0,1.0,-0.45370308603134424,-0.8911529104063088,0.8086376511543126,0.5883070194512693
153172,151956.0,158078.0,176626.0,166582.0,177664.0,179856.0,159288.0,184565.0,200485.0,170951.85714285713,175947.33333333334,68.0,84.0,76.0,68.3,77.0,94.0,0.05,0.0,0.0,17.68,73.0,11.04,0.0,11.0,77.8,12.8,0.0,0.0,0.0,14.4,1.0,0.0,0.0,0.0,0.0,0.0,0.0,-0.46896519100763184,-0.8832166493127127,0.8283957292921138,0.5601432992463508
176265,153172.0,151956.0,158078.0,185179.0,203823.0,204801.0,151971.0,147065.0,184565.0,169036.14285714287,176193.43333333332,75.0,88.0,81.5,69.4,75.0,97.0,0.0,0.0,0.0,23.18,70.0,12.64,0.0,16.5,79.0,14.0,0.0,0.0,0.0,14.37,0.0,1.0,0.0,0.0,0.0,0.0,0.0,-0.48408852163897587,-0.8750190302029955,0.847173337473877,0.5313166064347815
186401,176265.0,153172.0,151956.0,178638.0,214127.0,204212.0,153121.0,160528.0,147065.0,167762.7142857143,177308.13333333333,73.0,89.0,81.0,71.6,81.0,94.0,0.03,0.0,0.0,15.49,73.0,10.52,0.0,16.0,79.5,14.5,0.0,0.0,0.0,14.34,0.0,0.0,1.0,0.0,0.0,0.0,0.0,-0.4990686026885319,-0.8665624788845385,0.8649482509584342,0.5018610596210326
193186,186401.0,176265.0,153172.0,179604.0,204545.0,207772.0,153074.0,155070.0,160528.0,168871.7142857143,178211.9,76.0,95.0,85.5,69.8,71.0,97.0,0.0,0.0,0.0,24.36,17.0,14.0,0.0,20.5,82.7,17.7,0.0,0.0,0.0,14.3,0.0,0.0,0.0,1.0,0.0,0.0,0.0,-0.5139010013093103,-0.8578494977869301,0.8816994317707848,0.4718115217065765
199184,193186.0,186401.0,176265.0,176626.0,189710.0,197069.0,148986.0,149519.0,155070.0,170812.0,179585.73333333334,74.0,92.0,83.0,72.5,77.0,95.0,0.52,0.0,0.0,18.53,72.0,12.19,0.0,18.0,83.2,18.2,0.0,0.0,0.0,14.27,0.0,0.0,0.0,0.0,1.0,0.0,0.0,-0.5285813283559292,-0.8488826652214553,0.8974070536021568,0.44120355862696276
205346,199184.0,193186.0,186401.0,158078.0,168652.0,188001.0,179003.0,149443.0,149519.0,174034.57142857142,181121.16666666663,73.0,93.0,83.0,73.3,81.0,96.0,0.73,0.0,0.0,21.52,80.0,13.0,0.0,18.0,83.8,18.8,0.0,1.0,0.0,14.23,0.0,0.0,0.0,0.0,0.0,1.0,0.0,-0.5431052396834317,-0.8396646346181327,0.912052525275964,0.41007339725680436
185206,205346.0,199184.0,193186.0,151956.0,158502.0,174380.0,174587.0,152326.0,149443.0,180787.14285714287,182863.56666666668,71.0,83.0,77.0,72.0,87.0,97.0,0.17,0.0,0.0,13.36,81.0,6.36,0.0,12.0,81.0,16.0,0.0,1.0,0.0,14.2,0.0,0.0,0.0,0.0,0.0,0.0,1.0,-0.5574684374327892,-0.8301981337405212,0.9256185127518922,0.3784578825324888
167499,185206.0,205346.0,199184.0,153172.0,166582.0,177664.0,179856.0,148344.0,152326.0,185537.14285714287,184070.9,73.0,90.0,81.5,68.1,69.0,92.0,0.0,0.0,0.0,24.11,40.0,13.97,0.0,16.5,80.5,15.5,0.0,0.0,0.0,14.16,1.0,0.0,0.0,0.0,0.0,0.0,0.0,-0.5716666713027052,-0.8204859638785327,0.9380889596420647,0.3463944338433696
190114,167499.0,185206.0,205346.0,176265.0,185179.0,203823.0,204801.0,148409.0,148344.0,187583.85714285716,183687.4333333333,72.0,90.0,81.0,71.1,80.0,95.0,2.08,0.0,0.0,18.32,57.0,10.84,0.0,16.0,79.8,14.8,0.0,0.0,0.0,14.13,0.0,1.0,0.0,0.0,0.0,0.0,0.0,-0.5856957398073508,-0.8105309990194823,0.9494491062150135,0.31392100074304014
195634,190114.0,167499.0,185206.0,186401.0,178638.0,214127.0,204212.0,170112.0,148409.0,189562.2857142857,184205.0,64.0,72.0,68.0,65.3,87.0,97.0,0.13,0.0,0.0,9.79,100.0,0.55,0.0,3.0,76.8,11.8,0.0,0.0,0.0,14.09,0.0,0.0,1.0,0.0,0.0,0.0,0.0,-0.5995514915196489,-0.8003361849976323,0.9596855068649522,0.2810760180331286
157871,195634.0,190114.0,167499.0,193186.0,179604.0,204545.0,207772.0,161977.0,170112.0,190881.2857142857,184730.9333333333,65.0,70.0,67.5,65.5,88.0,96.0,0.36,0.0,0.0,6.63,100.0,0.0,0.0,2.5,72.2,7.2,0.0,0.0,0.0,14.05,0.0,0.0,0.0,1.0,0.0,0.0,0.0,-0.6132298262997502,-0.7899045386224707,0.968786046025684,0.24789836027275647
145053,157871.0,195634.0,190114.0,199184.0,176626.0,189710.0,197069.0,160401.0,161977.0,185836.2857142857,183166.6,70.0,80.0,75.0,72.7,89.0,97.0,0.11,0.0,0.0,14.73,99.0,5.47,0.0,10.0,70.2,5.2,0.0,0.0,0.0,14.01,0.0,0.0,0.0,0.0,1.0,0.0,0.0,-0.6267266965083301,-0.7792391467859886,0.9767399525103048,0.21442729576751102
168798,145053.0,157871.0,195634.0,205346.0,158078.0,168652.0,188001.0,161314.0,160401.0,178103.2857142857,181194.63333333333,73.0,85.0,79.0,66.4,71.0,96.0,0.0,0.0,0.0,25.02,33.0,13.81,0.0,14.0,73.8,8.8,0.0,1.0,0.0,13.98,0.0,0.0,0.0,0.0,0.0,1.0,0.0,-0.6400381082043503,-0.7683431655492202,0.9835378122597296,0.18070244009239297
157538,168798.0,145053.0,157871.0,185206.0,151956.0,158502.0,174380.0,159595.0,161314.0,172882.14285714287,179895.5,69.0,80.0,74.5,58.4,61.0,82.0,0.0,0.0,0.0,22.05,54.0,13.35,0.0,9.5,76.2,11.2,0.0,1.0,0.0,13.94,0.0,0.0,0.0,0.0,0.0,0.0,1.0,-0.65316012232693,-0.7572198192083127,0.9891715794849547,0.14676370920373963
146280,157538.0,168798.0,145053.0,167499.0,153172.0,166582.0,177664.0,154660.0,159595.0,168929.57142857142,178577.8,66.0,81.0,73.5,57.6,64.0,94.0,0.0,0.0,0.0,22.0,23.0,13.74,0.0,8.5,75.7,10.7,0.0,0.0,0.0,13.9,1.0,0.0,0.0,0.0,0.0,0.0,0.0,-0.666088855860977,-0.7458723993404063,0.993634586189866,0.11265127219562909
155444,146280.0,157538.0,168798.0,190114.0,176265.0,185179.0,203823.0,159493.0,154660.0,165898.2857142857,177187.1,64.0,81.0,72.5,57.5,65.0,86.0,0.0,0.0,0.0,22.09,29.0,13.12,0.0,7.5,73.5,8.5,0.0,0.0,0.0,13.86,0.0,1.0,0.0,0.0,0.0,0.0,0.0,-0.6788204829862355,-0.734304263829602,0.9969215500633253,0.07840550375666766
152297,155444.0,146280.0,157538.0,195634.0,186401.0,178638.0,214127.0,174733.0,159493.0,160945.42857142858,176555.9,67.0,85.0,76.0,59.9,66.0,88.0,0.0,0.0,0.0,22.68,33.0,13.46,0.0,11.0,74.0,9.0,0.0,0.0,0.0,13.82,0.0,0.0,1.0,0.0,0.0,0.0,0.0,-0.6913512362094071,-0.722518835873311,0.9990285807311906,0.044066936383449135
162930,152297.0,155444.0,146280.0,157871.0,193186.0,179604.0,204545.0,171763.0,174733.0,154754.42857142858,175710.33333333334,68.0,86.0,77.0,61.2,66.0,94.0,0.0,0.0,0.0,23.43,14.0,13.54,0.0,12.0,75.2,10.2,0.0,0.0,0.0,13.78,0.0,0.0,0.0,1.0,0.0,0.0,0.0,-0.7036774074790128,-0.7105196029692745,0.999953184360873,0.009676212407230897
167985,162930.0,152297.0,155444.0,145053.0,199184.0,176626.0,189710.0,167680.0,171763.0,155477.14285714287,174347.23333333334,70.0,87.0,78.5,64.8,72.0,94.0,0.0,0.0,0.0,22.71,25.0,13.45,0.0,13.5,77.2,12.2,0.0,0.0,0.0,13.74,0.0,0.0,0.0,0.0,1.0,0.0,0.0,-0.7157953492826642,-0.6983101158835584,0.9996942666129788,-0.024725964109382385
172256,167985.0,162930.0,152297.0,168798.0,205346.0,158078.0,168652.0,166180.0,167680.0,158753.14285714287,172809.16666666666,67.0,79.0,73.0,68.7,85.0,98.0,0.04,0.0,0.0,14.02,74.0,7.44,0.0,8.0,76.2,11.2,0.0,1.0,0.0,13.7,0.0,0.0,0.0,0.0,0.0,1.0,0.0,-0.7277014757264236,-0.6858939875998223,0.9982521339365441,-0.0590988755488295
153441,172256.0,167985.0,162930.0,157538.0,185206.0,151956.0,158502.0,158982.0,166180.0,159247.14285714287,171732.86666666667,69.0,81.0,75.0,69.5,89.0,96.0,2.29,0.0,0.0,10.41,95.0,3.13,0.0,10.0,75.5,10.5,0.0,1.0,0.0,13.66,0.0,0.0,0.0,0.0,0.0,0.0,1.0,-0.7393922635959241,-0.673274892250183,0.9956284932063294,-0.09340183893100905
153602,153441.0,172256.0,167985.0,146280.0,167499.0,153172.0,166582.0,131413.0,158982.0,158661.85714285713,170523.9,68.0,84.0,76.0,68.5,86.0,98.0,0.25,0.0,0.0,17.22,79.0,9.53,0.0,11.0,74.7,9.7,0.0,0.0,0.0,13.62,1.0,0.0,0.0,0.0,0.0,0.0,0.0,-0.7508642533989489,-0.6604565640279754,0.9918264497026016,-0.12759425406472188
168842,153602.0,153441.0,172256.0,155444.0,190114.0,176265.0,185179.0,139489.0,131413.0,159707.85714285713,170022.23333333334,61.0,72.0,66.5,51.2,60.0,83.0,0.0,0.0,0.0,23.98,38.0,11.61,0.0,1.5,72.5,7.5,0.0,0.0,0.0,13.58,0.0,1.0,0.0,0.0,0.0,0.0,0.0,-0.7621140503891487,-0.6474427960827475,0.9868505034357966,-0.16163565160110782
139701,168842.0,153602.0,153441.0,152297.0,195634.0,186401.0,178638.0,173937.0,139489.0,161621.85714285713,170366.9,57.0,73.0,65.0,48.9,59.0,79.0,0.0,0.0,0.0,23.03,9.0,13.13,0.0,0.0,69.2,4.2,0.0,0.0,0.0,13.54,0.0,0.0,1.0,0.0,0.0,0.0,0.0,-0.7731383255706026,-0.6342374393978054,0.9807065438204117,-0.1954857409322303
129605,139701.0,168842.0,153602.0,162930.0,157871.0,193186.0,179604.0,156451.0,173937.0,159822.42857142858,169470.86666666667,59.0,76.0,67.5,52.1,63.0,84.0,0.0,0.0,0.0,19.72,18.0,12.97,0.0,2.5,66.3,1.3,0.0,0.0,0.0,13.5,0.0,0.0,0.0,1.0,0.0,0.0,0.0,-0.7839338166829201,-0.620844401650647,0.973401842704431,-0.22910445787810024
131399,129605.0,139701.0,168842.0,167985.0,145053.0,199184.0,176626.0,146265.0,156451.0,155061.7142857143,167618.4,62.0,80.0,71.0,55.2,66.0,95.0,0.0,0.0,0.0,23.74,10.0,12.99,0.0,6.0,67.8,2.8,0.0,0.0,0.0,13.46,0.0,0.0,0.0,0.0,1.0,0.0,0.0,-0.7944973291665992,-0.6072676460566135,0.9649450457625344,-0.2624520121057191
138449,131399.0,129605.0,139701.0,172256.0,168798.0,205346.0,158078.0,146167.0,146265.0,149835.14285714287,166043.76666666666,65.0,83.0,74.0,57.4,65.0,94.0,0.0,0.0,0.0,22.72,30.0,12.75,0.0,9.0,70.8,5.8,0.0,1.0,0.0,13.41,0.0,0.0,0.0,0.0,0.0,1.0,0.0,-0.8048257371083452,-0.593511190196115,0.9553461622632788,-0.29548893422398215
136540,138449.0,131399.0,129605.0,153441.0,157538.0,185206.0,151956.0,153327.0,146167.0,145005.57142857142,164671.93333333332,68.0,85.0,76.5,60.0,65.0,89.0,0.0,0.0,0.0,21.72,37.0,12.15,0.0,11.5,73.8,8.8,0.0,1.0,0.0,13.37,0.0,0.0,0.0,0.0,0.0,0.0,1.0,-0.8149159841660791,-0.5795791048257612,0.9446165532223606,-0.3281761224987386
143315,136540.0,138449.0,131399.0,153602.0,146280.0,167499.0,153172.0,151494.0,153327.0,142591.14285714287,163335.73333333334,69.0,85.0,77.0,62.5,71.0,95.0,0.04,0.0,0.0,20.88,16.0,12.36,0.0,12.0,75.8,10.8,0.0,0.0,0.0,13.33,1.0,0.0,0.0,0.0,0.0,0.0,0.0,-0.8247650844733614,-0.5654755126737576,0.9327689179559782,-0.3604748891327019
163961,143315.0,136540.0,138449.0,168842.0,155444.0,190114.0,176265.0,145212.0,151494.0,141121.57142857142,162843.63333333333,67.0,86.0,76.5,64.4,76.0,99.0,0.0,0.0,0.0,22.67,22.0,12.46,0.0,11.5,76.7,11.7,0.0,0.0,0.0,13.29,0.0,1.0,0.0,0.0,0.0,0.0,0.0,-0.8343701235229538,-0.5512045872199277,0.9198172790502196,-0.3923470060554182
167050,163961.0,143315.0,136540.0,139701.0,152297.0,195634.0,186401.0,156228.0,145212.0,140424.2857142857,163243.8,74.0,91.0,82.5,68.9,70.0,91.0,0.0,0.0,0.0,19.65,47.0,12.0,0.0,17.5,78.7,13.7,0.0,0.0,0.0,13.24,0.0,0.0,1.0,0.0,0.0,0.0,0.0,-0.8437282590292712,-0.5367705514607103,0.9057769657642539,-0.42375475016912983
187044,167050.0,163961.0,143315.0,129605.0,162930.0,157871.0,193186.0,156057.0,156228.0,144331.2857142857,163706.4,70.0,82.0,76.0,63.5,73.0,91.0,0.0,0.0,0.0,13.99,80.0,7.26,0.0,11.0,78.3,13.3,0.0,0.0,0.0,13.2,0.0,0.0,0.0,1.0,0.0,0.0,0.0,-0.8528367217694595,-0.522177676659508,0.8906645958869751,-0.4546609479969567
168461,187044.0,167050.0,163961.0,131399.0,167985.0,145053.0,199184.0,161848.0,156057.0,152536.85714285713,164065.7,61.0,74.0,67.5,60.0,74.0,89.0,0.3,0.0,0.0,17.11,78.0,8.9,0.0,2.5,75.3,10.3,0.0,0.0,0.0,13.16,0.0,0.0,0.0,0.0,1.0,0.0,0.0,-0.8616928164028522,-0.5074302810827518,0.8744980560685747,-0.48502901968055895
144337,168461.0,187044.0,167050.0,138449.0,172256.0,168798.0,205346.0,141734.0,161848.0,157831.42857142858,163467.7,67.0,77.0,72.0,64.7,82.0,96.0,0.0,0.0,0.0,13.05,75.0,7.25,0.0,7.0,71.8,6.8,0.0,1.0,0.0,13.11,0.0,0.0,0.0,0.0,0.0,1.0,0.0,-0.8702939222685674,-0.49253272872205434,0.8572964806503138,-0.5148230222752145
137976,144337.0,168461.0,187044.0,136540.0,153441.0,157538.0,185206.0,133059.0,141734.0,158672.57142857142,161839.4,73.0,81.0,77.0,68.6,81.0,96.0,0.0,0.0,0.0,13.86,82.0,7.75,0.0,12.0,72.2,7.2,0.0,1.0,0.0,13.07,0.0,0.0,0.0,0.0,0.0,0.0,1.0,-0.8786374941610001,-0.4774894280028391,0.8390802290175676,-0.5440076922910431
147525,137976.0,144337.0,168461.0,143315.0,153602.0,146280.0,167499.0,126027.0,133059.0,158877.7142857143,159799.13333333333,63.0,79.0,71.0,54.5,58.0,79.0,0.0,0.0,0.0,20.1,36.0,9.26,0.0,6.0,73.3,8.3,0.0,0.0,1.0,13.03,1.0,0.0,0.0,0.0,0.0,0.0,0.0,-0.886721063082993,-0.46230483047981086,0.8198708615029215,-0.5725484874300667
137338,147525.0,137976.0,144337.0,163961.0,168842.0,155444.0,190114.0,143874.0,126027.0,159479.14285714287,157871.76666666666,58.0,74.0,66.0,45.5,54.0,78.0,0.0,0.0,0.0,23.49,0.0,12.18,0.0,1.0,71.3,6.3,0.0,0.0,0.0,12.98,0.0,1.0,0.0,0.0,0.0,0.0,0.0,-0.8945422369764496,-0.4469834295196741,0.7996911138678691,-0.600411627469661
134126,137338.0,147525.0,137976.0,167050.0,139701.0,152297.0,195634.0,166274.0,143874.0,155675.85714285713,156276.16666666666,59.0,77.0,68.0,51.6,65.0,93.0,0.0,0.0,0.0,22.81,0.0,12.18,0.0,3.0,68.3,3.3,0.0,0.0,0.0,12.94,0.0,0.0,1.0,0.0,0.0,0.0,0.0,-0.9020987014301837,-0.43152975897147144,0.7785648703932891,-0.6275641342440474
136235,134126.0,137338.0,147525.0,187044.0,129605.0,162930.0,157871.0,199408.0,166274.0,150972.42857142858,155163.73333333334,61.0,77.0,69.0,54.4,69.0,92.0,0.0,0.0,0.0,22.58,0.0,12.02,0.0,4.0,67.7,2.7,0.0,0.0,0.0,12.89,0.0,0.0,0.0,1.0,0.0,0.0,0.0,-0.9093882203647925,-0.4159483918249421,0.756517135610563,-0.6539738706764888
139231,136235.0,134126.0,137338.0,168461.0,131399.0,167985.0,145053.0,210280.0,199408.0,143714.0,153367.76666666666,63.0,78.0,70.5,60.2,78.0,97.0,0.0,0.0,0.0,16.34,35.0,11.62,0.0,5.5,69.2,4.2,0.0,0.0,0.0,12.85,0.0,0.0,0.0,0.0,1.0,0.0,0.0,-0.9164086366943458,-0.4002439388573056,0.733574004706797,-0.6796095788159788
143379,139231.0,136235.0,134126.0,144337.0,138449.0,172256.0,168798.0,211392.0,210280.0,139538.2857142857,151487.66666666666,59.0,76.0,67.5,62.0,84.0,98.0,0.24,0.0,0.0,11.7,84.0,5.93,0.0,2.5,69.0,4.0,0.0,1.0,0.0,12.81,0.0,0.0,0.0,0.0,0.0,1.0,0.0,-0.9231578729647039,-0.38442104726885545,0.709762632639161,-0.7044409168334328
131255,143379.0,139231.0,136235.0,137976.0,136540.0,153441.0,157538.0,194958.0,211392.0,139401.42857142858,151004.6,55.0,69.0,62.0,45.3,59.0,95.0,0.0,0.0,0.0,22.12,3.0,12.04,0.0,0.0,66.7,2.7,0.0,1.0,0.0,12.76,0.0,0.0,0.0,0.0,0.0,0.0,1.0,-0.9296339319682695,-0.3684843993077793,0.6851112019949135,-0.7284384949335702
113001,131255.0,143379.0,139231.0,147525.0,143315.0,153602.0,146280.0,176989.0,194958.0,138441.2857142857,150544.66666666666,55.0,75.0,65.0,45.7,52.0,73.0,0.0,0.0,0.0,20.91,11.0,12.05,0.0,0.0,64.8,0.8,0.0,0.0,0.0,12.72,1.0,0.0,0.0,0.0,0.0,0.0,0.0,-0.9358348973349941,-0.35243871088460327,0.6596488896351408,-0.7515739101399981
127783,113001.0,131255.0,143379.0,137338.0,163961.0,168842.0,155444.0,158922.0,176989.0,133509.2857142857,148684.76666666666,62.0,78.0,70.0,50.9,58.0,73.0,0.0,0.0,0.0,21.71,5.0,12.0,0.0,5.0,65.7,1.7,0.0,0.0,0.0,12.68,0.0,1.0,0.0,0.0,0.0,0.0,0.0,-0.9417589340994617,-0.33628873017668287,0.6334058321617086,-0.7738197799123084
135667,127783.0,113001.0,131255.0,134126.0,167050.0,139701.0,152297.0,174284.0,158922.0,132144.2857142857,147692.93333333332,59.0,79.0,69.0,51.8,66.0,95.0,0.0,0.0,0.0,21.26,59.0,12.0,0.0,4.0,68.0,3.0,0.0,0.0,0.0,12.63,0.0,0.0,1.0,0.0,0.0,0.0,0.0,-0.9474042892438845,-0.32003923622313857,0.6064130902482765,-0.7951497745554202
136531,135667.0,127783.0,113001.0,136235.0,187044.0,129605.0,162930.0,169231.0,174284.0,132364.42857142858,147339.16666666666,62.0,80.0,71.0,58.5,78.0,100.0,0.0,0.0,0.0,20.31,32.0,10.55,0.0,6.0,70.0,5.0,0.0,0.0,0.0,12.59,0.0,0.0,0.0,1.0,0.0,0.0,0.0,-0.9527692922168511,-0.30369503751065885,0.578702611877601,-0.8155386483827991
141943,136531.0,135667.0,127783.0,139231.0,168461.0,131399.0,167985.0,169923.0,169231.0,132406.7142857143,146708.73333333334,63.0,82.0,72.5,58.5,77.0,100.0,0.0,0.0,0.0,20.78,13.0,12.0,0.0,7.5,70.8,5.8,0.0,0.0,0.0,12.54,0.0,0.0,0.0,0.0,1.0,0.0,0.0,-0.9578523554276669,-0.28726097055059635,0.5503071945286527,-0.8349622695966589
145330,141943.0,136531.0,135667.0,143379.0,144337.0,138449.0,172256.0,150451.0,169923.0,132794.14285714287,146363.6,65.0,83.0,74.0,60.9,74.0,100.0,0.0,0.0,0.0,19.84,14.0,12.0,0.0,9.0,72.5,7.5,0.0,1.0,0.0,12.5,0.0,0.0,0.0,0.0,0.0,1.0,0.0,-0.9626519747161487,-0.2707418984477642,0.5212604463582784,-0.8533976488498011
140427,145330.0,141943.0,136531.0,131255.0,137976.0,136540.0,153441.0,129053.0,150451.0,133072.85714285713,145776.93333333332,63.0,80.0,71.5,58.6,71.0,96.0,0.0,0.0,0.0,19.49,6.0,12.0,0.0,6.5,72.7,7.7,0.0,1.0,0.0,12.45,0.0,0.0,0.0,0.0,0.0,0.0,1.0,-0.9671667297977312,-0.2541427094613622,0.4915967464233612,-0.8708229664552752
135068,140427.0,145330.0,141943.0,113001.0,147525.0,143315.0,153602.0,117733.0,129053.0,134383.14285714287,144858.33333333334,60.0,77.0,68.5,56.0,74.0,96.0,0.0,0.0,0.0,19.55,69.0,11.97,0.0,3.5,71.3,6.3,0.0,0.0,0.0,12.41,1.0,0.0,0.0,0.0,0.0,0.0,0.0,-0.97139528468375,-0.23746831555846842,0.461351203990578,-0.8872175982116474
140323,135068.0,140427.0,145330.0,127783.0,137338.0,163961.0,168842.0,120128.0,117733.0,137535.57142857142,143618.73333333334,65.0,79.0,72.0,59.2,77.0,98.0,0.0,0.0,0.0,18.2,94.0,11.94,0.0,7.0,70.7,5.7,0.0,0.0,0.0,12.36,0.0,1.0,0.0,0.0,0.0,0.0,0.0,-0.9753363880767837,-0.2207236509605022,0.43055961698187384,-0.9025621398133328
145236,140323.0,135068.0,140427.0,135667.0,134126.0,167050.0,139701.0,138006.0,120128.0,139327.0,143181.46666666667,67.0,75.0,71.0,60.6,77.0,94.0,0.0,0.0,0.0,6.88,100.0,0.0,0.0,6.0,70.5,5.5,0.0,0.0,0.0,12.32,0.0,0.0,1.0,0.0,0.0,0.0,0.0,-0.9789888737409319,-0.20391367068311472,0.3992584296048835,-0.9168384298170765
143808,145236.0,140323.0,135068.0,136531.0,136235.0,187044.0,129605.0,129571.0,138006.0,140694.0,142902.6,67.0,84.0,75.5,57.9,64.0,87.0,0.0,0.0,0.0,19.24,95.0,11.74,0.0,10.5,72.8,7.8,0.0,0.0,0.0,12.27,0.0,0.0,0.0,1.0,0.0,0.0,0.0,-0.9823516608469237,-0.18704334906991657,0.3674846892184069,-0.9300295711374187
149657,143808.0,145236.0,140323.0,141943.0,139231.0,168461.0,131399.0,129008.0,129571.0,141733.57142857142,142068.13333333333,67.0,81.0,74.0,60.5,72.0,90.0,0.0,0.0,0.0,16.48,27.0,11.85,0.0,9.0,73.5,8.5,0.0,0.0,0.0,12.23,0.0,0.0,0.0,0.0,1.0,0.0,0.0,-0.9854237542919524,-0.17011767832049052,0.3352760024840169,-0.9421199510456922
149992,149657.0,143808.0,145236.0,145330.0,143379.0,144337.0,138449.0,127832.0,129008.0,142835.57142857142,142400.0,63.0,79.0,71.0,55.3,67.0,90.0,0.0,0.0,0.0,18.04,37.0,11.82,0.0,6.0,73.5,8.5,0.0,1.0,0.0,12.18,0.0,0.0,0.0,0.0,0.0,1.0,0.0,-0.9882042449941422,-0.15314166701312007,0.30267049085568926,-0.9530952596488853
129828,149992.0,149657.0,143808.0,140427.0,131255.0,137976.0,136540.0,126415.0,127832.0,143501.57142857142,143079.56666666668,61.0,74.0,67.5,53.3,68.0,94.0,0.0,0.0,0.0,17.51,34.0,11.8,0.0,2.5,70.8,5.8,0.0,1.0,0.0,12.14,0.0,0.0,0.0,0.0,0.0,0.0,1.0,-0.9906923101615609,-0.13612033862266704,0.2697067454601279,-0.962942506826501
121974,129828.0,149992.0,149657.0,135068.0,113001.0,147525.0,143315.0,112035.0,126415.0,141987.42857142858,143027.2,59.0,67.0,63.0,50.5,66.0,85.0,0.04,0.0,0.0,10.02,82.0,4.64,0.0,0.0,67.2,2.8,0.0,0.0,0.0,12.09,1.0,0.0,0.0,0.0,0.0,0.0,0.0,-0.9928872135356962,-0.11905873003404988,0.23642378142121298,-0.9716500376053585
127892,121974.0,129828.0,149992.0,140323.0,127783.0,137338.0,163961.0,111536.0,112035.0,140116.85714285713,142478.03333333333,59.0,68.0,63.5,51.8,69.0,86.0,0.0,0.0,0.0,7.45,98.0,1.51,0.0,0.0,64.7,0.8,0.0,0.0,0.0,12.05,0.0,1.0,0.0,0.0,0.0,0.0,0.0,-0.994788305609327,-0.10196189005174576,0.20286099168260133,-0.9792075459541514
124821,127892.0,121974.0,129828.0,145236.0,135667.0,134126.0,167050.0,119464.0,111536.0,138341.0,142189.76666666666,62.0,68.0,65.0,54.5,72.0,82.0,0.0,0.0,0.0,5.36,100.0,0.03,0.0,0.0,63.8,0.0,0.0,0.0,0.0,12.0,0.0,0.0,1.0,0.0,0.0,0.0,0.0,-0.9963950238187231,-0.08483487790576538,0.16905810038314714,-0.9856060869814277
125294,124821.0,127892.0,121974.0,143808.0,136531.0,136235.0,187044.0,118941.0,119464.0,135424.57142857142,141573.3,64.0,74.0,69.0,65.1,90.0,96.0,0.08,0.0,0.0,4.85,100.0,0.08,0.0,4.0,65.8,1.3,0.0,0.0,0.0,11.96,0.0,0.0,0.0,1.0,0.0,0.0,0.0,-0.9977068927101168,-0.06768276175455162,0.13505511584034569,-0.9908380875225532
137319,125294.0,124821.0,127892.0,149657.0,141943.0,139231.0,168461.0,116517.0,118941.0,132779.7142857143,140284.4,63.0,74.0,68.5,62.4,82.0,100.0,0.18,0.0,0.0,6.67,100.0,0.0,0.0,3.5,67.5,2.5,0.0,0.0,0.0,11.92,0.0,0.0,0.0,0.0,1.0,0.0,0.0,-0.9987235240803972,-0.050510617185222886,0.10089228319740334,-0.9948973551031357
136445,137319.0,125294.0,124821.0,149992.0,145330.0,143379.0,144337.0,118210.0,116517.0,131017.14285714286,139293.36666666667,61.0,68.0,64.5,59.5,83.0,90.0,0.26,0.0,0.0,3.67,90.0,0.0,0.0,0.0,67.3,2.5,0.0,1.0,0.0,11.87,0.0,0.0,0.0,0.0,0.0,1.0,0.0,-0.9994446170919858,-0.033323525711631344,0.06661003679003268,-0.9977790852682925
120398,136445.0,137319.0,125294.0,129828.0,140427.0,131255.0,137976.0,119674.0,118210.0,129081.85714285714,137606.73333333334,60.0,63.0,61.5,58.0,84.0,92.0,0.78,0.0,0.0,3.79,99.0,0.0,0.0,0.0,64.8,1.2,0.0,1.0,0.0,11.83,0.0,0.0,0.0,0.0,0.0,0.0,1.0,-0.9998699583618592,-0.016126573270657762,0.0322489522893041,-0.9994798672690922
113364,120398.0,136445.0,137319.0,121974.0,135068.0,113001.0,147525.0,110128.0,119674.0,127734.71428571428,136004.63333333333,60.0,72.0,66.0,55.7,75.0,94.0,0.0,0.0,0.0,14.55,94.0,9.82,0.0,1.0,64.0,0.3,0.0,0.0,0.0,11.78,1.0,0.0,0.0,0.0,0.0,0.0,0.0,-0.9999994220246925,0.001075151282798226,-0.0021503013227746654,-0.9999976880994382
125686,113364.0,120398.0,136445.0,127892.0,140323.0,127783.0,137338.0,112569.0,110128.0,126504.71428571428,134972.2,60.0,69.0,64.5,55.1,76.0,91.0,0.0,0.0,0.0,11.84,78.0,9.88,0.0,0.0,64.0,0.3,0.0,0.0,0.0,11.74,0.0,1.0,0.0,0.0,0.0,0.0,0.0,-0.999832969770105,0.018276557681691223,-0.03654700988811993,-0.9993319348786156
125460,125686.0,113364.0,120398.0,124821.0,145236.0,135667.0,134126.0,131147.0,112569.0,126189.57142857143,134562.53333333333,58.0,68.0,63.0,53.2,76.0,95.0,0.0,0.0,0.0,10.45,68.0,7.14,0.0,0.0,64.5,0.3,0.0,0.0,0.0,11.69,0.0,0.0,1.0,0.0,0.0,0.0,0.0,-0.9993706508539969,0.03547255575312556,-0.07090046226091157,-0.9974833955766828
123448,125460.0,125686.0,113364.0,125294.0,143808.0,136531.0,136235.0,135387.0,131147.0,126280.85714285714,133827.03333333333,62.0,72.0,67.0,56.0,77.0,93.0,0.0,0.0,0.0,11.19,77.0,8.23,0.0,2.0,64.8,0.7,0.0,0.0,0.0,11.65,0.0,0.0,0.0,1.0,0.0,0.0,0.0,-0.9986126020839734,0.052658056924614005,-0.10516999849234956,-0.9944542580818482
124414,123448.0,125460.0,125686.0,137319.0,149657.0,141943.0,139231.0,144405.0,135387.0,126017.14285714286,133364.03333333333,60.0,73.0,66.5,57.4,83.0,100.0,0.0,0.0,0.0,13.27,87.0,9.99,0.0,1.5,65.5,1.2,0.0,0.0,0.0,11.6,0.0,0.0,0.0,0.0,1.0,0.0,0.0,-0.9975590477788613,0.06982797572987089,-0.1393150579548309,-0.9902481076109372
126270,124414.0,123448.0,125460.0,136445.0,149992.0,145330.0,143379.0,139260.0,144405.0,124173.57142857143,133040.3,61.0,75.0,68.0,53.3,68.0,97.0,0.0,0.0,0.0,16.84,18.0,11.09,0.0,3.0,67.2,2.2,0.0,1.0,0.0,11.56,0.0,0.0,0.0,0.0,0.0,1.0,0.0,-0.9962102997023297,0.0869772313136861,-0.17329522734857217,-0.9848699224660111
117152,126270.0,124414.0,123448.0,120398.0,129828.0,140427.0,131255.0,140078.0,139260.0,122720.0,132708.13333333333,55.0,71.0,63.0,51.2,72.0,87.0,0.0,0.0,0.0,16.69,17.0,11.0,0.0,0.0,65.8,1.5,0.0,1.0,0.0,11.52,0.0,0.0,0.0,0.0,0.0,0.0,1.0,-0.9945667569706337,0.1041007489354256,-0.20707028853384077,-0.9783260681421669
112694,117152.0,126270.0,124414.0,113364.0,121974.0,135068.0,113001.0,121171.0,140078.0,122256.28571428572,131972.16666666666,58.0,75.0,66.5,52.4,67.0,91.0,0.0,0.0,0.0,14.54,48.0,9.21,0.0,1.5,65.8,1.5,0.0,0.0,0.0,11.47,1.0,0.0,0.0,0.0,0.0,0.0,0.0,-0.9926289059345095,0.121193461470736,-0.2406002661322256,-0.9706242897934825
127718,112694.0,117152.0,126270.0,125686.0,127892.0,140323.0,127783.0,105416.0,121171.0,122160.57142857143,130949.33333333331,53.0,68.0,60.5,42.1,56.0,81.0,0.0,0.0,0.0,15.44,28.0,10.74,0.0,0.0,63.3,0.5,0.0,0.0,0.0,11.43,0.0,1.0,0.0,0.0,0.0,0.0,0.0,-0.9903973200352558,0.1382503109109819,-0.2738454748405547,-0.9617737030660337
120224,127718.0,112694.0,117152.0,125460.0,124821.0,145236.0,135667.0,113692.0,105416.0,122450.85714285714,130831.43333333332,54.0,68.0,61.0,41.7,56.0,87.0,0.0,0.0,0.0,13.06,34.0,10.02,0.0,0.0,62.7,0.5,0.0,0.0,0.0,11.38,0.0,0.0,1.0,0.0,0.0,0.0,0.0,-0.9878726596350429,0.15526624985999563,-0.30676656640150596,-0.9517847833088268
107876,120224.0,127718.0,112694.0,123448.0,125294.0,143808.0,136531.0,118024.0,113692.0,121702.85714285714,131072.2,49.0,62.0,55.5,37.0,55.0,74.0,0.0,0.0,0.0,16.09,5.0,10.9,0.0,0.0,59.0,0.0,0.0,0.0,0.0,11.34,0.0,0.0,0.0,1.0,0.0,0.0,0.0,-0.9850556718215013,0.172236243027682,-0.3393245761752893,-0.9406693531754186
116684,107876.0,120224.0,127718.0,124414.0,137319.0,149657.0,141943.0,119533.0,118024.0,119478.28571428572,130408.63333333332,46.0,68.0,57.0,40.1,58.0,86.0,0.0,0.0,0.0,16.51,1.0,10.86,0.0,0.0,57.8,0.0,0.0,0.0,0.0,11.29,0.0,0.0,0.0,0.0,1.0,0.0,0.0,-0.981947190186646,0.18915526872004093,-0.37148096925728835,-0.9284405686308982
116491,116684.0,107876.0,120224.0,126270.0,136445.0,149992.0,145330.0,120482.0,119533.0,118374.0,129775.86666666668,56.0,74.0,65.0,41.8,46.0,58.0,0.0,0.0,0.0,16.39,14.0,10.85,0.0,0.0,59.2,0.0,0.0,1.0,0.0,11.25,0.0,0.0,0.0,0.0,0.0,1.0,0.0,-0.9785481345802031,0.20601832032517084,-0.40319768608708534,-0.9151129033807907
108615,116491.0,116684.0,107876.0,117152.0,120398.0,129828.0,140427.0,116908.0,120482.0,116977.0,129107.86666666668,55.0,69.0,62.0,48.1,63.0,93.0,0.0,0.0,0.0,14.42,58.0,10.02,0.0,0.0,61.3,0.0,0.0,1.0,0.0,11.2,0.0,0.0,0.0,0.0,0.0,0.0,1.0,-0.9748595108374125,0.22282040779479959,-0.4344371874948622,-0.9007021317403184
108860,108615.0,116491.0,116684.0,112694.0,113364.0,121974.0,135068.0,109382.0,116908.0,115757.42857142857,127996.93333333332,48.0,66.0,57.0,43.8,70.0,100.0,0.0,0.0,0.0,14.12,42.0,10.37,0.0,0.0,61.3,0.0,0.0,0.0,1.0,11.16,1.0,0.0,0.0,0.0,0.0,0.0,0.0,-0.9708824104813836,0.23955655912092708,-0.46516249913190355,-0.8852253099642835
116554,108860.0,108615.0,116491.0,127718.0,125686.0,127892.0,140323.0,106009.0,109382.0,115209.71428571428,126781.26666666666,45.0,57.0,51.0,34.0,58.0,78.0,0.0,0.0,0.0,14.19,26.0,10.79,0.0,0.0,56.7,0.0,0.0,0.0,0.0,11.12,0.0,1.0,0.0,0.0,0.0,0.0,0.0,-0.9666180104000972,0.2562218218071163,-0.4953372552325659,-0.8687007560596848
117978,116554.0,108860.0,108615.0,120224.0,125460.0,124821.0,145236.0,117592.0,106009.0,113614.85714285714,125985.5,44.0,59.0,51.5,33.2,55.0,75.0,0.0,0.0,0.0,12.81,19.0,10.77,0.0,0.0,53.2,0.0,0.0,0.0,0.0,11.07,0.0,0.0,1.0,0.0,0.0,0.0,0.0,-0.9620675724981452,0.27281126433401914,-0.5249257416559593,-0.8511480281049478
119030,117978.0,116554.0,108860.0,107876.0,123448.0,125294.0,143808.0,118154.0,117592.0,113294.0,125415.83333333331,43.0,58.0,50.5,33.4,58.0,81.0,0.0,0.0,0.0,15.04,23.0,10.25,0.0,0.0,51.0,0.0,0.0,0.0,0.0,11.03,0.0,0.0,0.0,1.0,0.0,0.0,0.0,-0.957232443323312,0.28931997761869527,-0.5538929381563792,-0.8325879011014353
119322,119030.0,117978.0,116554.0,116684.0,124414.0,137319.0,149657.0,118973.0,118154.0,114887.42857142857,124706.06666666668,48.0,66.0,57.0,33.9,50.0,71.0,0.0,0.0,0.0,15.33,0.0,10.74,0.0,0.0,53.0,0.0,0.0,0.0,0.0,10.99,0.0,0.0,0.0,0.0,1.0,0.0,0.0,-0.9521140536681102,0.3057430764672831,-0.5822045598324479,-0.8130423423846421
118577,119322.0,119030.0,117978.0,116491.0,126270.0,136445.0,149992.0,118566.0,118973.0,115264.28571428572,123842.26666666666,50.0,71.0,60.5,40.0,58.0,86.0,0.0,0.0,0.0,15.04,0.0,10.72,0.0,0.0,56.0,0.0,0.0,1.0,0.0,10.95,0.0,0.0,0.0,0.0,0.0,1.0,0.0,-0.9467139181463862,0.3220757010206104,-0.6098270977059321,-0.7925344856241648
109688,118577.0,119322.0,119030.0,108615.0,117152.0,120398.0,129828.0,121383.0,118566.0,115562.28571428572,123001.23333333334,52.0,73.0,62.5,40.3,57.0,84.0,0.0,0.0,0.0,15.18,3.0,10.7,0.0,0.0,60.0,0.0,0.0,1.0,0.0,10.9,0.0,0.0,0.0,0.0,0.0,0.0,1.0,-0.9410336347451197,0.3383130181923076,-0.636727858382198,-0.7710886034432227
108899,109688.0,118577.0,119322.0,108860.0,112694.0,113364.0,121974.0,110022.0,121383.0,115715.57142857143,121668.93333333332,57.0,79.0,68.0,44.4,54.0,87.0,0.0,0.0,0.0,14.43,1.0,10.68,0.0,3.0,63.7,1.0,0.0,0.0,0.0,10.86,1.0,0.0,0.0,0.0,0.0,0.0,0.0,-0.9350748843515574,0.3544502230989869,-0.6628750027453377,-0.7487300786901568
123563,108899.0,109688.0,118577.0,116554.0,127718.0,125686.0,127892.0,106653.0,110022.0,115721.14285714286,120299.16666666669,62.0,81.0,71.5,52.5,65.0,84.0,0.0,0.0,0.0,13.94,1.0,10.66,0.0,6.5,67.3,3.2,0.0,0.0,0.0,10.82,0.0,1.0,0.0,0.0,0.0,0.0,0.0,-0.9288394302558068,0.3704825404820963,-0.6882375836422284,-0.7254853743958638
129531,123563.0,108899.0,109688.0,117978.0,120224.0,125460.0,124821.0,118597.0,106653.0,116722.42857142857,120090.33333333331,59.0,75.0,67.0,51.3,65.0,83.0,0.0,0.0,0.0,13.91,7.0,10.62,0.0,2.0,68.8,3.8,0.0,0.0,0.0,10.78,0.0,0.0,1.0,0.0,0.0,0.0,0.0,-0.9223291176290545,0.3864052261209853,-0.7127855825108473,-0.7013820024527804
129630,129531.0,123563.0,108899.0,119030.0,107876.0,123448.0,125294.0,119347.0,118597.0,118372.85714285714,120342.23333333334,53.0,69.0,61.0,44.2,55.0,72.0,0.0,0.0,0.0,13.96,16.0,10.35,0.0,0.0,66.5,2.8,0.0,0.0,0.0,10.73,0.0,0.0,0.0,1.0,0.0,0.0,0.0,-0.9155458729775467,0.40221356823680365,-0.7364899449095569,-0.6764484910524361
124464,129630.0,129531.0,123563.0,119322.0,116684.0,124414.0,137319.0,120653.0,119347.0,119887.14285714286,120400.16666666669,46.0,62.0,54.0,35.4,53.0,79.0,0.0,0.0,0.0,14.21,17.0,10.54,0.0,0.0,60.7,0.7,0.0,0.0,0.0,10.69,0.0,0.0,0.0,0.0,1.0,0.0,0.0,-0.9084917035725082,0.41790288888678667,-0.7593226149052589,-0.6507143509201561
118586,124464.0,129630.0,129531.0,118577.0,116491.0,126270.0,136445.0,124318.0,120653.0,120621.71428571428,120388.26666666666,51.0,64.0,57.5,35.3,47.0,65.0,0.0,0.0,0.0,13.73,19.0,10.24,0.0,0.0,57.5,0.0,0.0,1.0,0.0,10.65,0.0,0.0,0.0,0.0,0.0,1.0,0.0,-0.9011686968561569,0.4334685453485363,-0.7812565682797488,-0.6242100403868479
109032,118586.0,124464.0,129630.0,109688.0,108615.0,117152.0,120398.0,124624.0,124318.0,120623.0,120164.66666666669,45.0,57.0,51.0,27.4,48.0,78.0,0.0,0.0,0.0,14.05,39.0,10.41,0.0,0.0,54.2,0.0,0.0,1.0,0.0,10.61,0.0,0.0,0.0,0.0,0.0,0.0,1.0,-0.8935790198239952,0.4489059314938798,-0.8022658445149573,-0.5969669293392242
107391,109032.0,118586.0,124464.0,108899.0,108860.0,112694.0,113364.0,120491.0,124624.0,120529.28571428572,119221.76666666666,46.0,61.0,53.5,34.1,62.0,93.0,0.0,0.0,0.0,13.2,28.0,10.22,0.0,0.0,54.0,0.0,0.0,0.0,0.0,10.57,1.0,0.0,0.0,0.0,0.0,0.0,0.0,-0.8857249183835637,0.4642104791518923,-0.8223255775192096,-0.5690172620911411
119401,107391.0,109032.0,118586.0,123563.0,116554.0,127718.0,125686.0,110558.0,120491.0,120313.85714285714,118253.3,52.0,63.0,57.5,48.8,81.0,95.0,0.01,0.0,0.0,8.41,67.0,7.45,0.0,0.0,54.0,0.0,0.0,0.0,0.0,10.53,0.0,1.0,0.0,0.0,0.0,0.0,0.0,-0.8776087166898392,0.4793776594606945,-0.8414120250581577,-0.5403941192199728
121090,119401.0,107391.0,109032.0,129531.0,117978.0,120224.0,125460.0,120772.0,110558.0,119719.28571428572,118220.06666666668,58.0,76.0,67.0,52.9,74.0,100.0,0.0,0.0,0.0,12.17,79.0,9.0,0.0,2.0,59.3,0.7,0.0,0.0,0.0,10.49,0.0,0.0,1.0,0.0,0.0,0.0,0.0,-0.8692328164574792,0.49440298420761813,-0.8595025968555411,-0.5111313784132033
124290,121090.0,119401.0,107391.0,129630.0,119030.0,107876.0,123448.0,119303.0,120772.0,118513.42857142857,118477.6,61.0,81.0,71.0,54.6,66.0,95.0,0.0,0.0,0.0,12.06,75.0,9.12,0.0,6.0,65.2,2.7,0.0,0.0,0.0,10.45,0.0,0.0,0.0,1.0,0.0,0.0,0.0,-0.8605996962501181,0.5092820071573356,-0.876575881330507,-0.4812636743715911
128965,124290.0,121090.0,119401.0,124464.0,119322.0,116684.0,124414.0,122581.0,119303.0,117750.57142857143,118431.06666666668,57.0,79.0,68.0,49.1,51.0,74.0,0.0,0.0,0.0,10.03,48.0,6.78,0.0,3.0,68.7,3.7,0.0,0.0,0.0,10.4,0.0,0.0,0.0,0.0,1.0,0.0,0.0,-0.8517119107469189,0.5240103253675756,-0.8926116709398649,-0.45082635781633507
128037,128965.0,124290.0,121090.0,118586.0,118577.0,116491.0,126270.0,124118.0,122581.0,118393.57142857143,118547.9,47.0,60.0,53.5,35.2,50.0,63.0,0.0,0.0,0.0,12.66,4.0,9.99,0.0,0.0,64.2,3.0,0.0,1.0,0.0,10.37,0.0,0.0,0.0,0.0,0.0,1.0,0.0,-0.8425720899866032,0.5385835804920232,-0.9075909860952637,-0.4198554536487849
108516,128037.0,128965.0,124290.0,109032.0,109688.0,108615.0,117152.0,122528.0,124118.0,119743.71428571428,118700.86666666668,41.0,54.0,47.5,25.6,48.0,68.0,0.0,0.0,0.0,12.78,11.0,9.89,2.5,0.0,56.3,1.0,0.8,1.0,0.0,10.33,0.0,0.0,0.0,0.0,0.0,0.0,1.0,-0.8331829385891785,0.5529974600700271,-0.9214960976269942,-0.3883876183121974
111893,108516.0,128037.0,128965.0,107391.0,108899.0,108860.0,112694.0,111305.0,122528.0,119670.0,118170.93333333332,44.0,58.0,51.0,38.4,70.0,90.0,0.0,0.0,0.0,11.24,69.0,8.37,0.0,0.0,50.7,0.0,0.8,0.0,0.0,10.29,1.0,0.0,0.0,0.0,0.0,0.0,0.0,-0.8235472349556007,0.5672476988027229,-0.9343105477678197,-0.3564600964060307
120112,111893.0,108516.0,128037.0,119401.0,123563.0,116554.0,127718.0,112550.0,111305.0,120313.14285714286,117691.7,54.0,73.0,63.5,52.5,78.0,96.0,0.0,0.0,0.0,11.16,25.0,9.7,0.0,0.0,54.0,0.0,0.8,0.0,0.0,10.25,0.0,1.0,0.0,0.0,0.0,0.0,0.0,-0.8136678304455991,0.5813300798152042,-0.9460191696320084,-0.32411067660409654
121638,120112.0,111893.0,108516.0,121090.0,129531.0,117978.0,120224.0,120662.0,112550.0,120414.71428571428,117790.36666666668,64.0,80.0,72.0,56.9,66.0,87.0,0.0,0.0,0.0,11.34,20.0,9.49,0.0,7.0,62.2,2.3,0.0,0.0,0.0,10.21,0.0,0.0,1.0,0.0,0.0,0.0,0.0,-0.8035476485339116,0.5952404359043674,-0.9566081051665098,-0.29137764692875745
129572,121638.0,120112.0,111893.0,124290.0,129630.0,119030.0,107876.0,120787.0,120662.0,120493.0,118088.5,54.0,73.0,63.5,51.3,66.0,94.0,0.0,0.0,0.0,11.13,39.0,9.29,0.0,0.0,66.3,2.3,0.0,0.0,0.0,10.18,0.0,0.0,0.0,1.0,0.0,0.0,0.0,-0.7931896839451843,0.6089746507720486,-0.9660648215530205,-0.25829974943412287
128061,129572.0,121638.0,120112.0,128965.0,124464.0,119322.0,116684.0,121050.0,120787.0,121247.57142857143,118150.3,50.0,69.0,59.5,37.5,54.0,86.0,0.0,0.0,0.0,11.8,5.0,9.67,0.0,0.0,65.0,2.3,0.0,0.0,0.0,10.14,0.0,0.0,0.0,0.0,1.0,0.0,0.0,-0.7825970017677834,0.6225286602431057,-0.9743781260415392,-0.22491613435184774
119146,128061.0,129572.0,121638.0,128037.0,118586.0,118577.0,116491.0,123230.0,121050.0,121118.42857142857,118411.53333333334,43.0,54.0,48.5,23.5,40.0,52.0,0.0,0.0,0.0,11.99,7.0,9.66,1.5,0.0,57.2,0.0,0.5,1.0,0.0,10.1,0.0,0.0,0.0,0.0,0.0,1.0,0.0,-0.7717727365467836,0.6358984534680745,-0.9815381791978468,-0.19126631375382222
109447,119146.0,128061.0,129572.0,108516.0,109032.0,109688.0,108615.0,122144.0,123230.0,119848.28571428572,118787.2,45.0,58.0,51.5,34.9,63.0,87.0,0.08,0.0,0.0,5.57,89.0,3.03,0.0,0.0,53.2,0.0,0.5,1.0,0.0,10.07,0.0,0.0,0.0,0.0,0.0,0.0,1.0,-0.7607200913564104,0.6490800741100398,-0.9875365065492301,-0.15739011478661072
109482,109447.0,119146.0,128061.0,111893.0,107391.0,108899.0,108860.0,112613.0,122144.0,119981.28571428572,118545.96666666666,55.0,68.0,61.5,49.9,72.0,94.0,0.1,0.0,0.0,10.4,44.0,9.47,0.0,0.0,53.8,0.0,0.5,0.0,1.0,10.03,1.0,0.0,0.0,0.0,0.0,0.0,0.0,-0.7494423368521954,0.6620696215153815,-0.9923660086146721,-0.12332763253295889
118800,109482.0,109447.0,119146.0,120112.0,119401.0,123563.0,116554.0,113688.0,112613.0,119636.85714285714,118312.33333333331,41.0,59.0,50.0,30.8,49.0,68.0,0.0,0.0,0.0,11.01,6.0,9.59,0.0,0.0,54.3,0.0,0.0,0.0,0.0,10.0,0.0,1.0,0.0,0.0,0.0,0.0,0.0,-0.7379428103031386,0.6748632518680403,-0.9960209693076331,-0.08911918255618792
120409,118800.0,109482.0,109447.0,121638.0,121090.0,129531.0,117978.0,125943.0,113688.0,119449.42857142857,118651.83333333331,37.0,50.0,43.5,19.5,42.0,58.0,0.0,0.0,0.0,11.43,3.0,9.56,6.5,0.0,51.7,0.0,2.2,0.0,0.0,9.96,0.0,0.0,1.0,0.0,0.0,0.0,0.0,-0.7262249146041543,0.6874571793269664,-0.9984970627014779,-0.054805253183622435
124244,120409.0,118800.0,109482.0,129572.0,124290.0,129630.0,119030.0,124777.0,125943.0,119273.85714285714,119036.8,37.0,47.0,42.0,21.7,47.0,68.0,0.0,0.0,0.0,9.15,82.0,6.71,8.0,0.0,45.2,0.0,4.8,0.0,0.0,9.93,0.0,0.0,0.0,1.0,0.0,0.0,0.0,-0.7142921172691032,0.699847677146407,-0.9997913581495419,-0.020426457585556834
126011,124244.0,120409.0,118800.0,128061.0,128965.0,124464.0,119322.0,124974.0,124777.0,118512.71428571428,119293.13333333332,41.0,58.0,49.5,26.6,45.0,62.0,0.0,0.0,0.0,9.84,59.0,8.32,0.5,0.0,45.0,0.0,5.0,0.0,0.0,9.89,0.0,0.0,0.0,0.0,1.0,0.0,0.0,-0.7021479494046978,0.7120310787787131,-0.9999023237537765,0.01397651429355571
123587,126011.0,124244.0,120409.0,119146.0,128037.0,118586.0,118577.0,122839.0,124974.0,118219.85714285714,119560.9,45.0,62.0,53.5,25.4,37.0,54.0,0.0,0.0,0.0,10.83,0.0,9.4,0.0,0.0,48.3,0.0,2.8,1.0,0.0,9.86,0.0,0.0,0.0,0.0,0.0,1.0,0.0,-0.6897960046655887,0.7240037789593305,-0.9988298281778684,0.04836294389478229
113482,123587.0,126011.0,124244.0,109447.0,108516.0,109032.0,109688.0,120947.0,122839.0,118854.28571428572,119712.8,44.0,63.0,53.5,26.1,37.0,50.0,0.0,0.0,0.0,10.42,55.0,9.0,0.0,0.0,52.2,0.0,0.2,1.0,0.0,9.83,0.0,0.0,0.0,0.0,0.0,0.0,1.0,-0.6772399381909491,0.7357622347736527,-0.996575140802686,0.08269213223823901
111310,113482.0,123587.0,126011.0,109482.0,111893.0,107391.0,108899.0,112159.0,120947.0,119430.71428571428,119518.13333333332,49.0,66.0,57.5,35.6,49.0,59.0,0.0,0.0,0.0,10.33,44.0,9.32,0.0,0.0,54.8,0.0,0.0,0.0,0.0,9.8,1.0,0.0,0.0,0.0,0.0,0.0,0.0,-0.6644834655228552,0.7473029667054296,-0.9931409302238695,0.11692344809347308
121498,111310.0,113482.0,123587.0,118800.0,120112.0,119401.0,123563.0,111852.0,112159.0,119691.85714285714,119275.9,47.0,60.0,53.5,33.2,51.0,74.0,0.0,0.0,0.0,8.86,62.0,7.35,0.0,0.0,54.8,0.0,0.0,0.0,0.0,9.77,0.0,1.0,0.0,0.0,0.0,0.0,0.0,-0.6515303615068021,0.75862255966641,-0.9885312610933433,0.15101637606963153
121355,121498.0,111310.0,113482.0,120409.0,121638.0,121090.0,129531.0,125357.0,111852.0,120077.28571428572,119669.56666666668,53.0,60.0,56.5,38.3,58.0,75.0,0.0,0.0,0.0,7.33,55.0,7.42,0.0,0.0,55.8,0.0,0.0,0.0,0.0,9.74,0.0,0.0,1.0,0.0,0.0,0.0,0.0,-0.6383844591746642,0.7697176640069211,-0.9827515893084885,0.1849305645685428
121871,121355.0,121498.0,111310.0,124244.0,129572.0,124290.0,129630.0,128957.0,125357.0,120212.42857142857,120084.76666666666,37.0,54.0,45.5,44.9,91.0,97.0,1.57,0.0,0.0,1.39,100.0,0.0,4.5,0.0,51.8,0.0,1.5,0.0,0.0,9.71,0.0,0.0,0.0,1.0,0.0,0.0,0.0,-0.6250496486104377,0.7805849965070866,-0.9758087555546684,0.2186258735439368
124692,121871.0,121355.0,121498.0,126011.0,128061.0,128965.0,124464.0,123065.0,128957.0,119873.42857142857,120028.36666666668,37.0,40.0,38.5,35.3,90.0,100.0,0.53,0.0,0.0,2.9,100.0,0.7,11.5,0.0,46.8,0.0,5.3,0.0,0.0,9.68,0.0,0.0,0.0,0.0,1.0,0.0,0.0,-0.6115298757991053,0.7912213413483807,-0.9677109772087535,0.25206242201026163
128644,124692.0,121871.0,121355.0,123587.0,119146.0,128037.0,118586.0,110921.0,123065.0,119685.0,119867.06666666668,37.0,49.0,43.0,35.3,77.0,96.0,0.02,0.0,0.0,8.62,66.0,9.16,7.0,0.0,42.3,0.0,7.7,1.0,0.0,9.65,0.0,0.0,0.0,0.0,0.0,1.0,0.0,-0.5978291414589552,0.801623551065242,-0.9584678386132249,0.28520063524489725
117929,128644.0,124692.0,121871.0,113482.0,109447.0,108516.0,109032.0,117390.0,110921.0,120407.42857142857,119834.2,44.0,53.0,48.5,34.1,63.0,73.0,0.0,0.0,0.0,7.57,56.0,8.41,1.5,0.0,43.3,0.0,6.7,1.0,0.0,9.62,0.0,0.0,0.0,0.0,0.0,0.0,1.0,-0.5839514998576998,0.8117885474764613,-0.9480902797323661,0.31800129162788576
114571,117929.0,128644.0,124692.0,111310.0,109482.0,111893.0,107391.0,118177.0,117390.0,121042.71428571428,119616.36666666668,41.0,54.0,47.5,34.5,69.0,83.0,0.0,0.0,0.0,9.67,49.0,9.0,2.5,0.0,46.3,0.0,3.7,0.0,0.0,9.59,1.0,0.0,0.0,0.0,0.0,0.0,0.0,-0.5699010576127624,0.8217133225960589,-0.936590583203982,0.3504255690637097
124130,114571.0,117929.0,128644.0,121498.0,118800.0,120112.0,119401.0,116888.0,118177.0,121508.57142857143,119482.53333333334,46.0,58.0,52.0,43.0,74.0,96.0,0.19,0.0,0.0,5.53,56.0,5.77,0.0,0.0,49.3,0.0,1.3,0.0,0.0,9.57,0.0,1.0,0.0,0.0,0.0,0.0,0.0,-0.5556819724760489,0.8313949395234058,-0.9239823598019431,0.3824350909302552
123516,124130.0,114571.0,117929.0,121355.0,120409.0,121638.0,121090.0,125960.0,116888.0,121884.57142857143,119985.8,43.0,52.0,47.5,32.7,68.0,81.0,0.0,0.0,0.0,9.32,65.0,8.96,2.5,0.0,49.0,0.0,1.7,0.0,0.0,9.54,0.0,0.0,1.0,0.0,0.0,0.0,0.0,-0.5412984521036173,0.8408305333122887,-0.9102805323268018,0.41399197150045597
121979,123516.0,124130.0,114571.0,121871.0,124244.0,129572.0,124290.0,133727.0,125960.0,122193.28571428572,120523.3,42.0,49.0,45.5,39.7,84.0,97.0,0.86,0.0,0.0,1.53,84.0,0.96,4.5,0.0,48.3,0.0,2.3,0.0,1.0,9.52,0.0,0.0,0.0,1.0,0.0,0.0,0.0,-0.5267547528105542,0.8500173118187018,-0.895501317943504,0.44505886078298396
114144,121979.0,123516.0,124130.0,124692.0,126011.0,128061.0,128965.0,137367.0,133727.0,122208.71428571428,120609.23333333334,34.0,47.0,40.5,30.3,71.0,88.0,0.0,0.0,0.0,6.03,29.0,5.0,9.5,0.0,44.5,0.0,5.5,0.0,0.0,9.5,0.0,0.0,0.0,0.0,1.0,0.0,0.0,-0.5120551783114646,0.8589525565270845,-0.8796622089871292,0.47559898872882833
120273,114144.0,121979.0,123516.0,128644.0,123587.0,119146.0,128037.0,132457.0,137367.0,120701.85714285714,120377.7,30.0,39.0,34.5,19.2,57.0,69.0,0.0,0.0,0.0,9.23,13.0,8.55,15.5,0.0,40.2,0.0,9.8,1.0,0.0,9.48,0.0,0.0,0.0,0.0,0.0,1.0,0.0,-0.4972040784469378,0.8676336233547726,-0.8627819522593745,0.5055762087514626
121119,120273.0,114144.0,121979.0,117929.0,113482.0,109447.0,108516.0,129712.0,132457.0,119506.0,120243.8,27.0,38.0,32.5,15.8,55.0,72.0,0.0,0.0,0.0,8.77,30.0,8.95,17.5,0.0,35.8,0.0,14.2,1.0,0.0,9.46,0.0,0.0,0.0,0.0,0.0,0.0,1.0,-0.4822058478963526,0.8760579434344281,-0.8448805268402667,0.5349550405091192
126075,121119.0,120273.0,114144.0,114571.0,111310.0,109482.0,111893.0,116476.0,129712.0,119961.71428571428,119982.26666666666,29.0,39.0,34.0,18.9,59.0,70.0,0.0,0.0,0.0,8.83,11.0,8.87,16.0,0.0,33.7,0.0,16.3,0.0,0.0,9.44,1.0,0.0,0.0,0.0,0.0,0.0,0.0,-0.46706492487743034,0.8842230238742036,-0.8259791204413984,0.5637007118984807
137747,126075.0,121119.0,120273.0,124130.0,121498.0,118800.0,120112.0,116813.0,116476.0,121605.14285714286,119916.86666666668,32.0,42.0,37.0,22.6,64.0,78.0,0.0,0.0,0.0,8.41,11.0,8.86,13.0,0.0,34.5,0.0,15.5,0.0,0.0,9.42,0.0,1.0,0.0,0.0,0.0,0.0,0.0,-0.451785789832884,0.8921264484954345,-0.8061001043286312,0.5917792002101544
137545,137747.0,126075.0,121119.0,123516.0,121355.0,120409.0,121638.0,125930.0,116813.0,123550.42857142857,120891.23333333334,30.0,42.0,36.0,20.8,63.0,89.0,0.01,0.0,0.0,6.39,61.0,5.46,14.0,0.0,35.7,0.0,14.3,0.0,0.0,9.4,0.0,0.0,1.0,0.0,0.0,0.0,0.0,-0.4363729641045924,0.8997658785476209,-0.7852670068439961,0.6191572723971441
138431,137545.0,137747.0,126075.0,121979.0,121871.0,124244.0,129572.0,130322.0,125930.0,125554.57142857143,121746.3,31.0,40.0,35.5,26.0,68.0,88.0,0.09,0.0,0.0,7.74,64.0,7.09,14.5,0.0,36.2,0.0,13.8,0.0,0.0,9.38,0.0,0.0,0.0,1.0,0.0,0.0,0.0,-0.42083100859565564,0.9071390534005044,-0.7635044855580851,0.6458025244087264
138124,138431.0,137545.0,137747.0,114144.0,124692.0,126011.0,128061.0,132923.0,130322.0,127904.85714285714,122356.93333333332,30.0,34.0,32.0,16.2,56.0,63.0,0.0,0.0,0.0,5.89,63.0,6.43,18.0,0.0,34.5,0.0,15.5,0.0,0.0,9.36,0.0,0.0,0.0,0.0,1.0,0.0,0.0,-0.4051645224207563,0.9142437912130223,-0.7408382980859317,0.6716834195431209
141124,138124.0,138431.0,137545.0,120273.0,128644.0,123587.0,119146.0,135960.0,132923.0,131330.57142857142,122906.46666666666,31.0,41.0,36.0,20.0,58.0,66.0,0.0,0.0,0.0,8.96,48.0,8.79,14.0,0.0,34.5,0.0,15.5,1.0,0.0,9.35,0.0,0.0,0.0,0.0,0.0,1.0,0.0,-0.3893781415452015,0.9210779895789526,-0.717295271600886,0.6967693257736101
129748,141124.0,138124.0,138431.0,121119.0,117929.0,113482.0,109447.0,129946.0,135960.0,134309.2857142857,123291.53333333334,38.0,55.0,46.5,26.8,55.0,71.0,0.0,0.0,0.0,7.85,64.0,8.1,3.5,0.0,38.2,0.0,11.8,1.0,0.0,9.33,0.0,0.0,0.0,0.0,0.0,0.0,1.0,-0.37347653741307074,0.9276396261490467,-0.6929032710826029,0.7210305520038863
121900,129748.0,141124.0,138124.0,126075.0,114571.0,111310.0,109482.0,118195.0,129946.0,135542.0,123347.76666666666,44.0,51.0,47.5,37.5,85.0,100.0,0.18,0.0,0.0,3.36,78.0,2.79,2.5,0.0,43.3,0.0,6.7,0.0,0.0,9.32,1.0,0.0,0.0,0.0,0.0,0.0,0.0,-0.3574644155648614,0.9339267592294762,-0.6676911663366994,0.7444383832097441
130896,121900.0,129748.0,141124.0,137747.0,124130.0,121498.0,118800.0,116724.0,118195.0,134945.57142857142,123439.56666666668,44.0,50.0,47.0,45.3,96.0,99.0,0.26,0.0,0.0,2.21,100.0,0.16,3.0,0.0,47.0,0.0,3.0,0.0,0.0,9.31,0.0,1.0,0.0,0.0,0.0,0.0,0.0,-0.34134651424503615,0.9399375283564133,-0.641688797825113,0.7669651144255266
130606,130896.0,121900.0,129748.0,137545.0,123516.0,121355.0,120409.0,130480.0,116724.0,133966.85714285713,124154.53333333334,41.0,60.0,50.5,53.5,94.0,100.0,0.85,0.0,0.0,1.45,100.0,0.0,0.0,0.0,48.3,0.0,1.8,0.0,0.0,9.29,0.0,0.0,1.0,0.0,0.0,0.0,0.0,-0.3251276029999093,0.9456701548465688,-0.6149269413476359,0.7885840835350667
128740,130606.0,130896.0,121900.0,138431.0,121979.0,121871.0,124244.0,132472.0,130480.0,132975.57142857142,124858.66666666669,29.0,41.0,35.0,19.6,55.0,78.0,0.0,0.0,0.0,7.57,23.0,7.83,15.0,0.0,44.2,0.0,6.0,0.0,0.0,9.28,0.0,0.0,0.0,1.0,0.0,0.0,0.0,-0.30881248126625377,0.9511229423235357,-0.587437271616382,0.8092697028283593
134495,128740.0,130606.0,130896.0,138124.0,114144.0,124692.0,126011.0,131986.0,132472.0,131591.14285714287,125190.0,27.0,33.0,30.0,12.5,52.0,61.0,0.0,0.0,0.0,9.0,3.0,8.81,20.0,0.0,38.5,0.0,11.7,0.0,0.0,9.27,0.0,0.0,0.0,0.0,1.0,0.0,0.0,-0.29240597695107734,0.9562942772197719,-0.5592523247663436,0.828997489286572
141748,134495.0,128740.0,130606.0,141124.0,120273.0,128644.0,123587.0,135106.0,131986.0,131072.7142857143,125659.53333333334,26.0,34.0,30.0,12.5,54.0,70.0,0.0,0.0,0.0,9.02,7.0,8.8,20.0,0.0,31.7,0.0,18.3,1.0,0.0,9.27,0.0,0.0,0.0,0.0,0.0,1.0,0.0,-0.27591294500296043,0.9611826292540837,-0.5304054598463659,0.8477440935595867
133949,141748.0,134495.0,128740.0,129748.0,121119.0,117929.0,113482.0,130201.0,135106.0,131161.85714285713,126243.0,28.0,41.0,34.5,20.2,66.0,82.0,0.06,0.0,0.0,5.85,95.0,5.03,15.5,0.0,31.5,0.0,18.5,1.0,0.0,9.26,0.0,0.0,0.0,0.0,0.0,0.0,1.0,-0.2593382659754056,0.9657865518844574,-0.5009308193361626,0.8654873276017395
130348,133949.0,141748.0,134495.0,121900.0,126075.0,114571.0,111310.0,117621.0,130201.0,131762.0,126507.6,38.0,52.0,45.0,39.6,95.0,99.0,0.91,0.0,0.0,1.61,100.0,0.0,5.0,0.0,36.5,0.0,13.5,0.0,0.0,9.25,1.0,0.0,0.0,0.0,0.0,0.0,0.0,-0.2426868445825954,0.9701046827361175,-0.4708632887360563,0.8822061909330864
135279,130348.0,133949.0,141748.0,130896.0,137747.0,124130.0,121498.0,116845.0,117621.0,132968.85714285713,126732.96666666666,49.0,59.0,54.0,45.9,84.0,97.0,0.02,0.0,0.0,7.12,68.0,6.97,0.0,0.0,44.5,0.0,6.8,0.0,0.0,9.25,0.0,1.0,0.0,0.0,0.0,0.0,0.0,-0.22596360824801906,0.974135744004672,-0.4402384552773285,0.8978808954950716
128108,135279.0,130348.0,133949.0,130606.0,137545.0,123516.0,121355.0,126652.0,116845.0,133595.0,127459.53333333334,42.0,53.0,47.5,37.1,80.0,96.0,0.32,0.0,0.0,8.46,38.0,8.66,2.5,0.0,48.8,0.0,2.5,0.0,0.0,9.25,0.0,0.0,1.0,0.0,0.0,0.0,0.0,-0.20917350564635637,0.9778785428342386,-0.40909256580197667,0.9124928890712274
128037,128108.0,135279.0,130348.0,128740.0,138431.0,121979.0,121871.0,130034.0,126652.0,133238.14285714287,128019.46666666666,37.0,45.0,41.0,30.7,71.0,95.0,0.05,0.0,0.0,8.22,70.0,7.77,9.0,0.0,47.5,0.0,3.8,0.0,0.0,9.24,0.0,0.0,0.0,1.0,0.0,0.0,0.0,-0.19232150523909483,0.9813319716704275,-0.3774624838618108,0.9260248772451376
130968,128037.0,128108.0,135279.0,134495.0,138124.0,114144.0,124692.0,133889.0,130034.0,133137.7142857143,128237.43333333332,33.0,37.0,35.0,28.0,80.0,89.0,0.04,0.0,0.0,2.15,100.0,0.09,15.0,0.0,41.2,0.0,8.8,0.0,0.0,9.24,0.0,0.0,0.0,0.0,1.0,0.0,0.0,-0.17541259380427843,0.9844950085880858,-0.345385646087603,0.9384608438697104
136595,130968.0,128037.0,128108.0,141748.0,141124.0,120273.0,128644.0,133332.0,133889.0,132633.85714285713,128557.86666666668,19.0,33.0,26.0,19.8,74.0,92.0,0.15,1.8,2.0,8.27,71.0,7.0,24.0,0.0,34.0,0.0,16.0,1.0,0.0,9.24,0.0,0.0,0.0,0.0,0.0,1.0,0.0,-0.15845177496083632,0.9873667175937016,-0.3129000178799537,0.949786070023521
134936,136595.0,130968.0,128037.0,133949.0,129748.0,121119.0,117929.0,134648.0,133332.0,131897.7142857143,129048.66666666669,13.0,21.0,17.0,4.7,60.0,73.0,0.0,0.0,1.2,9.32,8.0,8.9,33.0,0.0,26.0,0.0,24.0,1.0,0.0,9.24,0.0,0.0,0.0,0.0,0.0,0.0,1.0,-0.14144406768794202,0.9899462489023779,-0.2800440484743445,0.9599871514317777
143149,134936.0,136595.0,130968.0,130348.0,121900.0,126075.0,114571.0,123547.0,134648.0,132038.7142857143,129390.13333333332,13.0,31.0,22.0,2.8,60.0,70.0,0.0,0.0,1.2,9.14,33.0,8.79,28.0,0.0,21.7,0.0,28.3,0.0,0.0,9.25,1.0,0.0,0.0,0.0,0.0,0.0,0.0,-0.12439450483979998,0.9922328391893008,-0.2468566254334839,0.9690520143313219
152903,143149.0,134936.0,136595.0,135279.0,130896.0,137747.0,124130.0,116465.0,123547.0,133867.42857142858,129873.63333333332,28.0,39.0,33.5,23.8,80.0,87.0,0.1,1.0,1.2,5.87,77.0,5.07,16.5,0.0,24.2,0.0,25.8,0.0,0.0,9.25,0.0,1.0,0.0,0.0,0.0,0.0,0.0,-0.10730813165636247,0.9942258118156161,-0.21337702862092797,0.9769699297608415
141132,152903.0,143149.0,134936.0,128108.0,130606.0,137545.0,123516.0,113544.0,116465.0,136385.14285714287,131039.43333333332,28.0,35.0,31.5,21.9,80.0,92.0,0.0,0.0,1.2,5.94,57.0,6.67,18.5,0.0,29.0,0.0,21.0,0.0,1.0,9.25,0.0,0.0,1.0,0.0,0.0,0.0,0.0,-0.09019000427034513,0.9959245770286599,-0.179644883710313,0.9837315262594303
128612,141132.0,152903.0,143149.0,128037.0,128740.0,138431.0,121979.0,122987.0,113544.0,138245.7142857143,131924.8,24.0,36.0,30.0,15.2,71.0,79.0,0.0,0.0,1.2,9.1,14.0,8.95,20.0,0.0,31.7,0.0,18.3,0.0,0.0,9.26,0.0,0.0,0.0,1.0,0.0,0.0,0.0,-0.07304518821104743,0.9973286321364752,-0.14570011528535065,0.9893288009584253
139228,128612.0,141132.0,152903.0,130968.0,134495.0,138124.0,114144.0,124121.0,122987.0,138327.85714285713,132074.2,26.0,44.0,35.0,19.4,78.0,90.0,0.0,0.0,1.2,8.12,61.0,8.66,15.0,0.0,32.2,0.0,17.8,0.0,0.0,9.27,0.0,0.0,0.0,0.0,1.0,0.0,0.0,-0.05587875690537313,0.9984375616565666,-0.11158289958600157,0.9937551290534204
136806,139228.0,128612.0,141132.0,136595.0,141748.0,141124.0,120273.0,123326.0,124121.0,139507.85714285713,132597.93333333332,40.0,54.0,47.0,37.8,96.0,100.0,0.56,0.0,0.0,2.37,100.0,1.79,3.0,0.0,37.3,0.0,12.7,1.0,0.0,9.27,0.0,0.0,0.0,0.0,0.0,1.0,0.0,-0.03869579017652689,0.9992510374388481,-0.07733361695682096,0.9970052716452285
124302,136806.0,139228.0,128612.0,134936.0,133949.0,129748.0,121119.0,120162.0,123326.0,139538.0,133092.16666666666,50.0,60.0,55.0,46.9,93.0,100.0,0.16,0.0,0.0,5.55,99.0,5.0,0.0,0.0,45.7,0.0,6.0,1.0,0.0,9.28,0.0,0.0,0.0,0.0,0.0,0.0,1.0,-0.021501372740813793,0.999768818762748,-0.04299280405372191,0.9990753819405211
116804,124302.0,136806.0,139228.0,143149.0,130348.0,121900.0,126075.0,117117.0,120162.0,138018.85714285713,133430.76666666666,49.0,58.0,53.5,44.9,77.0,97.0,0.37,0.0,0.0,7.96,46.0,8.44,0.0,0.0,51.8,0.0,1.0,0.0,0.0,9.29,1.0,0.0,0.0,0.0,0.0,0.0,0.0,-0.004300592702981974,0.9999907524084426,-0.008601105865714402,0.9999630098048061
123031,116804.0,124302.0,136806.0,152903.0,135279.0,130896.0,137747.0,117793.0,117117.0,134255.2857142857,133315.13333333333,44.0,53.0,48.5,36.3,77.0,93.0,0.4,0.0,0.0,8.44,43.0,8.52,1.5,0.0,52.3,0.0,0.5,0.0,0.0,9.3,0.0,1.0,0.0,0.0,0.0,0.0,0.0,0.012901459949419653,0.9999167727021953,0.02580077239154065,0.9996671046623471
123079,123031.0,116804.0,124302.0,141132.0,128108.0,130606.0,137545.0,116590.0,117793.0,129987.85714285714,133378.86666666667,39.0,51.0,45.0,39.2,81.0,99.0,0.0,0.0,0.0,6.16,49.0,5.13,5.0,0.0,49.0,0.0,2.2,0.0,1.0,9.31,0.0,0.0,1.0,0.0,0.0,0.0,0.0,0.017201575418260506,0.9998520419557735,0.03439806061360801,0.9994082116062598
