lag_0,lag_1,lag_2,lag_3,lag_7,lag_14,lag_21,lag_28,lag_365,lag_366,rolling_7,rolling_30,hdd_fc,cdd_fc,dew_point_fc,solar_rad_fc
135759,124168.0,131905.0,134843.0,131981.0,155134.0,143877.0,139469.0,136354.0,119601.0,127535.28571428572,134890.4,3.5,0.0,40.1,3.33
133483,135759.0,124168.0,131905.0,129502.0,150697.0,140211.0,138082.0,136364.0,136354.0,128075.0,134663.2,4.0,0.0,44.8,1.38
122924,133483.0,135759.0,124168.0,119817.0,137208.0,126146.0,129152.0,136034.0,136364.0,128643.71428571428,134407.23333333334,11.5,0.0,24.1,7.13
123997,122924.0,133483.0,135759.0,120531.0,128731.0,124792.0,127945.0,124696.0,136034.0,129087.57142857143,133855.73333333334,11.5,0.0,26.2,7.14
138154,123997.0,122924.0,133483.0,134843.0,134395.0,142334.0,136920.0,123149.0,124696.0,129582.71428571428,133386.23333333334,9.5,0.0,24.7,6.85
136907,138154.0,123997.0,122924.0,131905.0,129477.0,145643.0,133868.0,142770.0,123149.0,130055.71428571428,133686.3,15.0,0.0,21.1,7.91
140076,136907.0,138154.0,123997.0,124168.0,119684.0,146073.0,140390.0,138751.0,142770.0,130770.28571428572,133985.03333333333,21.5,0.0,10.9,9.57
144582,140076.0,136907.0,138154.0,135759.0,131981.0,155134.0,143877.0,137410.0,138751.0,133042.85714285713,134090.23333333334,6.0,0.0,34.7,4.54
137402,144582.0,140076.0,136907.0,133483.0,129502.0,150697.0,140211.0,143223.0,137410.0,134303.2857142857,134447.36666666667,0.0,0.0,50.3,7.32
119972,137402.0,144582.0,140076.0,122924.0,119817.0,137208.0,126146.0,147813.0,143223.0,134863.14285714287,134347.76666666666,0.0,0.0,48.5,8.59
116201,119972.0,137402.0,144582.0,123997.0,120531.0,128731.0,124792.0,137066.0,147813.0,134441.42857142858,133550.93333333332,8.5,0.0,35.3,2.82
132956,116201.0,119972.0,137402.0,138154.0,134843.0,134395.0,142334.0,134196.0,137066.0,133327.7142857143,132750.6,7.5,0.0,36.8,3.19
134513,132956.0,116201.0,119972.0,136907.0,131905.0,129477.0,145643.0,148361.0,134196.0,132585.14285714287,132977.6,4.5,0.0,36.3,8.2
132082,134513.0,132956.0,116201.0,140076.0,124168.0,119684.0,146073.0,146343.0,148361.0,132243.14285714287,133301.63333333333,9.0,0.0,31.5,7.83
134558,132082.0,134513.0,132956.0,144582.0,135759.0,131981.0,155134.0,144923.0,146343.0,131101.14285714287,132959.9,23.0,0.0,5.9,10.5
144695,134558.0,132082.0,134513.0,137402.0,133483.0,129502.0,150697.0,145991.0,144923.0,129669.14285714286,132590.4,21.5,0.0,11.7,3.08
137365,144695.0,134558.0,132082.0,119972.0,122924.0,119817.0,137208.0,143529.0,145991.0,130711.0,132544.46666666667,15.0,0.0,26.4,6.79
126410,137365.0,144695.0,134558.0,116201.0,123997.0,120531.0,128731.0,132279.0,143529.0,133195.7142857143,131952.16666666666,24.5,0.0,6.2,10.89
142280,126410.0,137365.0,144695.0,132956.0,138154.0,134843.0,134395.0,133912.0,132279.0,134654.14285714287,131142.6,23.5,0.0,8.0,10.5
148015,142280.0,126410.0,137365.0,134513.0,136907.0,131905.0,129477.0,159311.0,133912.0,135986.14285714287,131311.66666666666,18.5,0.0,16.5,10.73
143862,148015.0,142280.0,126410.0,132082.0,140076.0,124168.0,119684.0,159198.0,159311.0,137915.0,131954.46666666667,10.0,0.0,18.5,8.04
139314,143862.0,148015.0,142280.0,134558.0,144582.0,135759.0,131981.0,148575.0,159198.0,139597.85714285713,132270.03333333333,6.0,0.0,27.0,10.61
135154,139314.0,143862.0,148015.0,144695.0,137402.0,133483.0,129502.0,139935.0,148575.0,140277.2857142857,132597.93333333332,5.5,0.0,39.3,0.94
126400,135154.0,139314.0,143862.0,137365.0,119972.0,122924.0,119817.0,141638.0,139935.0,138914.2857142857,133113.6,8.0,0.0,31.4,7.73
122177,126400.0,135154.0,139314.0,126410.0,116201.0,123997.0,120531.0,134276.0,141638.0,137347.85714285713,132927.56666666668,9.0,0.0,27.7,5.6
136627,122177.0,126400.0,135154.0,142280.0,132956.0,138154.0,134843.0,127404.0,134276.0,136743.14285714287,132683.4,10.0,0.0,25.4,6.11
136552,136627.0,122177.0,126400.0,148015.0,134513.0,136907.0,131905.0,145347.0,127404.0,135935.57142857142,133243.73333333334,14.0,0.0,19.7,11.55
138459,136552.0,136627.0,122177.0,143862.0,132082.0,140076.0,124168.0,146703.0,145347.0,134298.0,133777.76666666666,18.5,0.0,18.4,10.61
140924,138459.0,136552.0,136627.0,139314.0,134558.0,144582.0,135759.0,153858.0,146703.0,133526.14285714287,133898.3,11.5,0.0,30.8,5.77
137659,140924.0,138459.0,136552.0,135154.0,144695.0,137402.0,133483.0,166578.0,153858.0,133756.14285714287,134198.93333333332,10.0,0.0,34.8,3.43
125498,137659.0,140924.0,138459.0,126400.0,137365.0,119972.0,122924.0,163256.0,166578.0,134114.0,134648.63333333333,10.0,0.0,31.8,6.28
122930,125498.0,137659.0,140924.0,122177.0,126410.0,116201.0,123997.0,145804.0,163256.0,133985.14285714287,134306.6,3.0,0.0,34.6,11.33
133021,122930.0,125498.0,137659.0,136627.0,142280.0,132956.0,138154.0,131390.0,145804.0,134092.7142857143,133954.83333333334,0.0,0.0,42.2,4.53
132023,133021.0,122930.0,125498.0,136552.0,148015.0,134513.0,136907.0,137369.0,131390.0,133577.57142857142,134291.4,3.0,0.0,30.8,3.42
133837,132023.0,133021.0,122930.0,138459.0,143862.0,132082.0,140076.0,132731.0,137369.0,132930.57142857142,134558.93333333332,12.0,0.0,37.1,2.64
136492,133837.0,132023.0,133021.0,140924.0,139314.0,134558.0,144582.0,134941.0,132731.0,132270.2857142857,134415.03333333333,5.5,0.0,34.1,5.57
135744,136492.0,133837.0,132023.0,137659.0,135154.0,144695.0,137402.0,137591.0,134941.0,131637.14285714287,134401.2,14.5,0.0,17.6,9.73
127588,135744.0,136492.0,133837.0,125498.0,126400.0,137365.0,119972.0,136194.0,137591.0,131363.57142857142,134256.8,12.5,0.0,28.5,8.13
124149,127588.0,135744.0,136492.0,122930.0,122177.0,126410.0,116201.0,133854.0,136194.0,131662.14285714287,133690.33333333334,5.5,0.0,38.1,2.45
135691,124149.0,127588.0,135744.0,133021.0,136627.0,142280.0,132956.0,132123.0,133854.0,131836.2857142857,133248.56666666668,4.5,0.0,42.0,2.4
133740,135691.0,124149.0,127588.0,132023.0,136552.0,148015.0,134513.0,143162.0,132123.0,132217.7142857143,133772.53333333333,8.5,0.0,27.3,11.29
133541,133740.0,135691.0,124149.0,133837.0,138459.0,143862.0,132082.0,147267.0,143162.0,132463.0,134357.16666666666,9.5,0.0,37.0,1.74
136077,133541.0,133740.0,135691.0,136492.0,140924.0,139314.0,134558.0,141368.0,147267.0,132420.7142857143,134376.66666666666,21.0,0.0,12.7,14.48
139289,136077.0,133541.0,133740.0,135744.0,137659.0,135154.0,144695.0,139781.0,141368.0,132361.42857142858,134428.8,27.5,0.0,6.3,14.59
134595,139289.0,136077.0,133541.0,127588.0,125498.0,126400.0,137365.0,134017.0,139781.0,132867.85714285713,134669.03333333333,13.0,0.0,23.8,8.2
126028,134595.0,139289.0,136077.0,124149.0,122930.0,122177.0,126410.0,122681.0,134017.0,133868.85714285713,134670.26666666666,5.5,0.0,27.6,14.32
125814,126028.0,134595.0,139289.0,135691.0,133021.0,136627.0,142280.0,124444.0,122681.0,134137.2857142857,134048.03333333333,7.5,0.0,35.2,2.84
134632,125814.0,126028.0,134595.0,133740.0,132023.0,136552.0,148015.0,132375.0,124444.0,132726.2857142857,133663.0,10.0,0.0,26.8,14.95
131988,134632.0,125814.0,126028.0,133541.0,133837.0,138459.0,143862.0,143375.0,132375.0,132853.7142857143,133937.06666666668,19.5,0.0,15.0,12.39
138646,131988.0,134632.0,125814.0,136077.0,136492.0,140924.0,139314.0,146783.0,143375.0,132631.85714285713,133594.0,22.5,0.0,8.3,15.92
141414,138646.0,131988.0,134632.0,139289.0,135744.0,137659.0,135154.0,137778.0,146783.0,132998.85714285713,133281.7,10.0,0.0,15.7,16.04
125920,141414.0,138646.0,131988.0,134595.0,127588.0,125498.0,126400.0,134984.0,137778.0,133302.42857142858,133200.1,2.5,0.0,20.3,16.1
119214,125920.0,141414.0,138646.0,126028.0,124149.0,122930.0,122177.0,125888.0,134984.0,132063.14285714287,132753.63333333333,0.0,0.0,29.3,15.17
129724,119214.0,125920.0,141414.0,125814.0,135691.0,133021.0,136627.0,123497.0,125888.0,131089.7142857143,132222.3,0.5,0.0,40.6,4.77
130168,129724.0,119214.0,125920.0,134632.0,133740.0,132023.0,136552.0,139220.0,123497.0,131648.2857142857,132333.1,4.5,0.0,42.7,3.83
131364,130168.0,129724.0,119214.0,131988.0,133541.0,133837.0,138459.0,143977.0,139220.0,131010.57142857143,132599.46666666667,13.0,0.0,26.6,14.26
133929,131364.0,130168.0,129724.0,138646.0,136077.0,136492.0,140924.0,146740.0,143977.0,130921.42857142857,132424.03333333333,14.5,0.0,11.6,16.15
138016,133929.0,131364.0,130168.0,141414.0,139289.0,135744.0,137659.0,143568.0,146740.0,130247.57142857143,132336.6,20.0,0.0,10.3,14.63
129490,138016.0,133929.0,131364.0,125920.0,134595.0,127588.0,125498.0,144308.0,143568.0,129762.14285714286,132321.83333333334,15.5,0.0,15.2,17.07
126062,129490.0,138016.0,133929.0,119214.0,126028.0,124149.0,122930.0,131932.0,144308.0,130272.14285714286,131940.7,1.0,0.0,31.2,16.31
131611,126062.0,129490.0,138016.0,129724.0,125814.0,135691.0,133021.0,127285.0,131932.0,131250.42857142858,131554.13333333333,0.0,0.0,45.2,10.17
128988,131611.0,126062.0,129490.0,130168.0,134632.0,133740.0,132023.0,141496.0,127285.0,131520.0,131757.9,0.0,0.0,31.4,16.91
128251,128988.0,131611.0,126062.0,131364.0,131988.0,133541.0,133837.0,145819.0,141496.0,131351.42857142858,131959.83333333334,5.0,0.0,28.5,17.93
129517,128251.0,128988.0,131611.0,133929.0,138646.0,136077.0,136492.0,151133.0,145819.0,130906.71428571428,131800.83333333334,9.0,0.0,35.3,6.23
132096,129517.0,128251.0,128988.0,138016.0,141414.0,139289.0,135744.0,150928.0,151133.0,130276.42857142857,131717.3,8.0,0.0,21.0,18.24
122125,132096.0,129517.0,128251.0,129490.0,125920.0,134595.0,127588.0,144237.0,150928.0,129430.71428571428,131659.26666666666,3.0,0.0,21.8,17.78
113235,122125.0,132096.0,129517.0,126062.0,119214.0,126028.0,124149.0,127330.0,144237.0,128378.57142857143,131180.36666666667,0.0,0.0,31.0,18.53
126959,113235.0,122125.0,132096.0,131611.0,129724.0,125814.0,135691.0,122703.0,127330.0,126546.14285714286,130430.06666666668,0.0,0.0,43.1,5.75
125748,126959.0,113235.0,122125.0,128988.0,130168.0,134632.0,133740.0,134548.0,122703.0,125881.57142857143,130409.1,0.0,0.0,34.7,15.35
124617,125748.0,126959.0,113235.0,128251.0,131364.0,131988.0,133541.0,137516.0,134548.0,125418.71428571428,130462.4,3.5,0.0,35.9,6.4
128016,124617.0,125748.0,126959.0,129517.0,133929.0,138646.0,136077.0,137522.0,137516.0,124899.57142857143,130093.26666666666,0.0,0.0,43.0,10.23
126067,128016.0,124617.0,125748.0,132096.0,138016.0,141414.0,139289.0,132981.0,137522.0,124685.14285714286,129902.46666666666,0.0,0.0,25.6,18.91
114037,126067.0,128016.0,124617.0,122125.0,129490.0,125920.0,134595.0,130524.0,132981.0,123823.85714285714,129653.33333333331,3.0,0.0,26.4,19.45
112339,114037.0,126067.0,128016.0,113235.0,126062.0,119214.0,126028.0,118295.0,130524.0,122668.42857142857,128918.66666666669,11.0,0.0,22.7,17.67
125963,112339.0,114037.0,126067.0,126959.0,131611.0,129724.0,125814.0,120153.0,118295.0,122540.42857142857,128020.33333333331,2.5,0.0,38.7,8.64
123622,125963.0,112339.0,114037.0,125748.0,128988.0,130168.0,134632.0,134932.0,120153.0,122398.14285714286,127732.6,2.5,0.0,31.8,18.87
120106,123622.0,125963.0,112339.0,124617.0,128251.0,131364.0,131988.0,133841.0,134932.0,122094.42857142857,127652.4,3.5,0.0,41.9,9.62
121029,120106.0,123622.0,125963.0,128016.0,129517.0,133929.0,138646.0,132471.0,133841.0,121450.0,127462.13333333332,0.0,0.0,51.1,9.24
117898,121029.0,120106.0,123622.0,126067.0,132096.0,138016.0,141414.0,133776.0,132471.0,120451.85714285714,127008.7,0.0,0.0,26.0,19.46
108006,117898.0,121029.0,120106.0,114037.0,122125.0,129490.0,125920.0,133807.0,133776.0,119284.85714285714,126539.03333333334,11.0,0.0,19.7,14.98
110110,108006.0,117898.0,121029.0,112339.0,113235.0,126062.0,119214.0,123832.0,133807.0,118423.28571428572,125517.7,11.5,0.0,32.5,2.27
122419,110110.0,108006.0,117898.0,125963.0,126959.0,131611.0,129724.0,117964.0,123832.0,118104.85714285714,124474.23333333334,4.5,0.0,33.5,20.01
115575,122419.0,110110.0,108006.0,123622.0,125748.0,128988.0,130168.0,129783.0,117964.0,117598.57142857143,124357.53333333334,7.5,0.0,34.3,5.83
116769,115575.0,122419.0,110110.0,120106.0,124617.0,128251.0,131364.0,131720.0,129783.0,116449.0,124236.23333333334,1.0,0.0,35.6,21.57
112983,116769.0,115575.0,122419.0,121029.0,128016.0,129517.0,133929.0,132901.0,131720.0,115972.28571428572,123804.4,0.0,0.0,38.6,20.31
109059,112983.0,116769.0,115575.0,117898.0,126067.0,132096.0,138016.0,131634.0,132901.0,114822.85714285714,123231.56666666668,1.0,0.0,38.4,3.95
106277,109059.0,112983.0,116769.0,108006.0,114037.0,122125.0,129490.0,129664.0,131634.0,113560.14285714286,122488.06666666668,4.5,0.0,45.1,4.82
106911,106277.0,109059.0,112983.0,110110.0,112339.0,113235.0,126062.0,115078.0,129664.0,113313.14285714286,121566.33333333331,3.5,0.0,42.6,13.5
111212,106911.0,106277.0,109059.0,122419.0,125963.0,126959.0,131611.0,115241.0,115078.0,112856.14285714286,120529.5,5.0,0.0,36.9,7.55
111690,111212.0,106911.0,106277.0,115575.0,123622.0,125748.0,128988.0,131674.0,115241.0,111255.14285714286,119920.23333333334,3.0,0.0,30.2,19.39
109617,111690.0,111212.0,106911.0,116769.0,120106.0,124617.0,128251.0,131047.0,131674.0,110700.14285714286,119441.16666666669,2.0,0.0,28.5,18.82
109109,109617.0,111690.0,111212.0,112983.0,121029.0,128016.0,129517.0,128648.0,131047.0,109678.42857142857,118708.03333333334,1.5,0.0,39.7,5.35
109396,109109.0,109617.0,111690.0,109059.0,117898.0,126067.0,132096.0,126966.0,128648.0,109125.0,118045.4,0.0,0.0,41.5,8.91
103204,109396.0,109109.0,109617.0,106277.0,108006.0,114037.0,122125.0,130603.0,126966.0,109173.14285714286,117416.9,0.0,0.0,45.0,14.34
101605,103204.0,109396.0,109109.0,106911.0,110110.0,112339.0,113235.0,117035.0,130603.0,108734.14285714286,116539.8,0.0,0.0,38.1,23.46
105411,101605.0,103204.0,109396.0,111212.0,122419.0,125963.0,126959.0,112880.0,117035.0,107976.14285714286,115523.43333333332,0.0,0.0,34.9,20.72
104373,105411.0,101605.0,103204.0,111690.0,115575.0,123622.0,125748.0,128595.0,112880.0,107147.42857142857,114966.3,0.0,0.0,47.0,17.88
105413,104373.0,105411.0,101605.0,109617.0,116769.0,120106.0,124617.0,127521.0,128595.0,106102.14285714286,114670.9,0.0,0.0,41.1,10.22
106910,105413.0,104373.0,105411.0,109109.0,112983.0,121029.0,128016.0,125957.0,127521.0,105501.57142857143,113952.7,7.0,0.0,26.3,15.31
108499,106910.0,105413.0,104373.0,109396.0,109059.0,117898.0,126067.0,128312.0,125957.0,105187.42857142857,113324.76666666666,3.0,0.0,22.9,21.88
103586,108499.0,106910.0,105413.0,103204.0,106277.0,108006.0,114037.0,127562.0,128312.0,105059.28571428572,112787.5,0.0,0.0,37.6,16.33
100836,103586.0,108499.0,106910.0,101605.0,106911.0,110110.0,112339.0,118357.0,127562.0,105113.85714285714,111973.16666666669,0.0,0.0,54.1,3.82
108641,100836.0,103586.0,108499.0,105411.0,111212.0,122419.0,125963.0,116481.0,118357.0,105004.0,111132.13333333332,0.0,0.0,32.2,20.79
105963,108641.0,100836.0,103586.0,104373.0,111690.0,115575.0,123622.0,127795.0,116481.0,105465.42857142857,110952.26666666666,2.0,0.0,26.3,20.21
106648,105963.0,108641.0,100836.0,105413.0,109617.0,116769.0,120106.0,125906.0,127795.0,105692.57142857143,110739.73333333334,6.0,0.0,22.0,22.77
107893,106648.0,105963.0,108641.0,106910.0,109109.0,112983.0,121029.0,120257.0,125906.0,105869.0,110095.9,6.5,0.0,26.3,18.87
109478,107893.0,106648.0,105963.0,108499.0,109396.0,109059.0,117898.0,126494.0,120257.0,106009.42857142857,109571.6,6.5,0.0,36.6,8.19
106391,109478.0,107893.0,106648.0,103586.0,103204.0,106277.0,108006.0,125896.0,126494.0,106149.28571428572,109217.33333333331,0.0,0.0,31.8,24.12
102400,106391.0,109478.0,107893.0,100836.0,101605.0,106911.0,110110.0,115263.0,125896.0,106550.0,108729.4,0.0,0.0,33.8,13.49
106144,102400.0,106391.0,109478.0,108641.0,105411.0,111212.0,122419.0,108480.0,115263.0,106773.42857142857,108212.8,0.0,0.0,38.6,14.2
107374,106144.0,102400.0,106391.0,105963.0,104373.0,111690.0,115575.0,123212.0,108480.0,106416.71428571428,108150.73333333334,6.5,0.0,18.3,20.46
109181,107374.0,106144.0,102400.0,106648.0,105413.0,109617.0,116769.0,125324.0,123212.0,106618.28571428572,108059.53333333334,4.0,0.0,27.0,15.28
109799,109181.0,107374.0,106144.0,107893.0,106910.0,109109.0,112983.0,125452.0,125324.0,106980.14285714286,107618.26666666666,4.5,0.0,42.3,5.4
110868,109799.0,109181.0,107374.0,109478.0,108499.0,109396.0,109059.0,121982.0,125452.0,107252.42857142857,107425.73333333334,0.0,0.0,39.8,20.54
101933,110868.0,109799.0,109181.0,106391.0,103586.0,103204.0,106277.0,123036.0,121982.0,107451.0,107229.03333333334,3.5,0.0,41.2,5.54
104175,101933.0,110868.0,109799.0,102400.0,100836.0,101605.0,106911.0,110330.0,123036.0,106814.14285714286,106860.7,5.5,0.0,36.9,5.18
110360,104175.0,101933.0,110868.0,106144.0,108641.0,105411.0,111212.0,109986.0,110330.0,107067.71428571428,106697.9,0.0,0.0,36.5,24.23
106833,110360.0,104175.0,101933.0,107374.0,105963.0,104373.0,111690.0,122788.0,109986.0,107670.0,106834.0,0.0,0.0,42.6,9.58
108896,106833.0,110360.0,104175.0,109181.0,106648.0,105413.0,109617.0,124142.0,122788.0,107592.71428571428,106831.4,0.0,0.0,51.8,9.67
109556,108896.0,106833.0,110360.0,109799.0,107893.0,106910.0,109109.0,124392.0,124142.0,107552.0,106754.2,0.0,0.0,53.4,15.93
107240,109556.0,108896.0,106833.0,110868.0,109478.0,108499.0,109396.0,125825.0,124392.0,107517.28571428572,106683.06666666668,0.0,0.0,42.3,26.25
101092,107240.0,109556.0,108896.0,101933.0,106391.0,103586.0,103204.0,124402.0,125825.0,106999.0,106603.83333333331,0.0,2.0,50.5,21.61
101934,101092.0,107240.0,109556.0,104175.0,102400.0,100836.0,101605.0,113412.0,124402.0,106878.85714285714,106336.6,0.0,0.0,43.8,20.78
106922,101934.0,101092.0,107240.0,110360.0,106144.0,108641.0,105411.0,112693.0,113412.0,106558.71428571428,106087.86666666668,0.0,0.0,32.2,25.59
104493,106922.0,101934.0,101092.0,106833.0,107374.0,105963.0,104373.0,124527.0,112693.0,106067.57142857143,106211.8,1.5,0.0,40.5,7.82
106901,104493.0,106922.0,101934.0,108896.0,109181.0,106648.0,105413.0,125335.0,124527.0,105733.28571428572,106308.06666666668,0.0,0.0,34.9,23.53
105000,106901.0,104493.0,106922.0,109556.0,109799.0,107893.0,106910.0,125344.0,125335.0,105448.28571428572,106357.73333333334,3.5,0.0,37.9,8.67
107045,105000.0,106901.0,104493.0,107240.0,110868.0,109478.0,108499.0,123486.0,125344.0,104797.42857142857,106378.63333333332,9.0,0.0,22.3,25.61
105448,107045.0,105000.0,106901.0,101092.0,101933.0,106391.0,103586.0,127630.0,123486.0,104769.57142857143,106433.03333333334,0.0,0.0,29.8,24.8
101273,105448.0,107045.0,105000.0,101934.0,104175.0,102400.0,100836.0,114199.0,127630.0,105391.85714285714,106384.3,0.0,0.0,40.9,18.33
106548,101273.0,105448.0,107045.0,106922.0,110360.0,106144.0,108641.0,112482.0,114199.0,105297.42857142857,106143.43333333332,0.0,0.0,28.4,27.27
106020,106548.0,101273.0,105448.0,104493.0,106833.0,107374.0,105963.0,127578.0,112482.0,105244.0,106242.16666666669,0.0,0.0,28.6,25.99
105496,106020.0,106548.0,101273.0,106901.0,108896.0,109181.0,106648.0,127299.0,127578.0,105462.14285714286,106414.96666666666,0.0,0.0,38.7,27.16
104813,105496.0,106020.0,106548.0,105000.0,109556.0,109799.0,107893.0,125446.0,127299.0,105261.42857142857,106310.13333333332,0.0,7.0,57.7,22.11
112782,104813.0,105496.0,106020.0,107045.0,107240.0,110868.0,109478.0,126102.0,125446.0,105234.71428571428,106271.8,0.0,3.0,53.9,26.28
109350,112782.0,104813.0,105496.0,105448.0,101092.0,101933.0,106391.0,131001.0,126102.0,106054.28571428572,106476.26666666666,0.0,0.0,47.6,25.03
101478,109350.0,112782.0,104813.0,101273.0,101934.0,104175.0,102400.0,115861.0,131001.0,106611.71428571428,106524.83333333331,0.0,0.0,48.0,20.24
106351,101478.0,109350.0,112782.0,106548.0,106922.0,110360.0,106144.0,118365.0,115861.0,106641.0,106258.16666666669,0.0,0.0,39.5,24.83
104990,106351.0,101478.0,109350.0,106020.0,104493.0,106833.0,107374.0,152580.0,118365.0,106612.85714285714,106256.83333333331,0.0,0.0,38.2,27.33
104160,104990.0,106351.0,101478.0,105496.0,106901.0,108896.0,109181.0,133705.0,152580.0,106465.71428571428,106343.16666666669,0.0,0.0,44.9,29.55
104754,104160.0,104990.0,106351.0,104813.0,105000.0,109556.0,109799.0,131494.0,133705.0,106274.85714285714,106277.03333333334,0.0,0.5,55.2,21.52
109076,104754.0,104160.0,104990.0,112782.0,107045.0,107240.0,110868.0,133209.0,131494.0,106266.42857142857,106189.7,0.0,0.0,59.0,9.37
105665,109076.0,104754.0,104160.0,109350.0,105448.0,101092.0,101933.0,135155.0,133209.0,105737.0,106186.2,0.0,0.0,46.7,25.96
98759,105665.0,109076.0,104754.0,101478.0,101273.0,101934.0,104175.0,115120.0,135155.0,105210.57142857143,106048.4,0.0,0.0,55.0,14.9
102478,98759.0,105665.0,109076.0,106351.0,106548.0,106922.0,110360.0,124725.0,115120.0,104822.14285714286,105644.76666666666,0.0,3.0,59.4,23.26
111744,102478.0,98759.0,105665.0,104990.0,106020.0,104493.0,106833.0,130806.0,124725.0,104268.85714285714,105662.93333333332,0.0,4.5,61.1,18.18
114887,111744.0,102478.0,98759.0,104160.0,105496.0,106901.0,108896.0,142568.0,130806.0,105233.71428571428,105915.23333333334,0.0,5.0,64.3,15.88
119979,114887.0,111744.0,102478.0,104754.0,104813.0,105000.0,109556.0,138576.0,142568.0,106766.14285714286,106066.13333333332,0.0,9.0,68.2,15.86
127358,119979.0,114887.0,111744.0,109076.0,112782.0,107045.0,107240.0,132614.0,138576.0,108941.14285714286,106504.33333333331,0.0,9.0,58.7,26.85
120443,127358.0,119979.0,114887.0,105665.0,109350.0,105448.0,101092.0,143687.0,132614.0,111552.85714285714,107119.73333333334,0.0,0.0,40.7,29.56
105733,120443.0,127358.0,119979.0,98759.0,101478.0,101273.0,101934.0,130607.0,143687.0,113664.0,107482.63333333332,0.0,0.0,40.4,23.23
108395,105733.0,120443.0,127358.0,102478.0,106351.0,106548.0,106922.0,132932.0,130607.0,114660.28571428572,107432.4,0.0,0.5,47.7,18.45
111306,108395.0,105733.0,120443.0,111744.0,104990.0,106020.0,104493.0,136132.0,132932.0,115505.57142857143,107675.83333333331,0.0,4.5,62.1,19.35
124072,111306.0,108395.0,105733.0,114887.0,104160.0,105496.0,106901.0,130630.0,136132.0,115443.0,107988.23333333334,0.0,10.0,62.8,27.11
135911,124072.0,111306.0,108395.0,119979.0,104754.0,104813.0,105000.0,145649.0,130630.0,116755.14285714286,108559.9,0.0,9.0,67.9,7.72
138728,135911.0,124072.0,111306.0,127358.0,109076.0,112782.0,107045.0,163065.0,145649.0,119031.14285714286,109607.16666666669,0.0,13.0,64.7,23.44
137443,138728.0,135911.0,124072.0,120443.0,105665.0,109350.0,105448.0,155590.0,163065.0,120655.42857142857,110668.06666666668,0.0,4.5,49.9,27.17
117827,137443.0,138728.0,135911.0,105733.0,98759.0,101478.0,101273.0,135629.0,155590.0,123084.0,111749.5,0.0,4.0,49.9,29.7
126037,117827.0,137443.0,138728.0,108395.0,102478.0,106351.0,106548.0,126640.0,135629.0,124811.71428571428,112108.9,0.0,11.0,57.3,28.84
141241,126037.0,117827.0,137443.0,111306.0,111744.0,104990.0,106020.0,139108.0,126640.0,127332.0,112795.2,0.0,12.5,65.7,24.89
151018,141241.0,126037.0,117827.0,124072.0,114887.0,104160.0,105496.0,142714.0,139108.0,131608.42857142858,114127.46666666666,0.0,12.0,69.9,11.04
149906,151018.0,141241.0,126037.0,135911.0,119979.0,104754.0,104813.0,138851.0,142714.0,135457.85714285713,115609.8,0.0,12.0,57.8,28.39
146423,149906.0,151018.0,141241.0,138728.0,127358.0,109076.0,112782.0,133742.0,138851.0,137457.14285714287,117072.66666666669,0.0,2.0,46.3,29.83
120480,146423.0,149906.0,151018.0,137443.0,120443.0,105665.0,109350.0,132404.0,133742.0,138556.42857142858,118436.9,0.0,0.0,47.3,29.06
109258,120480.0,146423.0,149906.0,117827.0,105733.0,98759.0,101478.0,126902.0,132404.0,136133.14285714287,118959.13333333332,0.0,2.0,53.6,24.7
121816,109258.0,120480.0,146423.0,126037.0,108395.0,102478.0,106351.0,136393.0,126902.0,134909.0,118841.66666666669,0.0,4.0,53.8,28.93
124252,121816.0,109258.0,120480.0,141241.0,111306.0,111744.0,104990.0,158268.0,136393.0,134306.0,119257.2,0.0,4.0,58.3,27.49
127685,124252.0,121816.0,109258.0,151018.0,124072.0,114887.0,104160.0,157077.0,158268.0,131879.0,120016.33333333331,0.0,6.0,64.8,14.58
134290,127685.0,124252.0,121816.0,149906.0,135911.0,119979.0,104754.0,150630.0,157077.0,128545.71428571428,120727.46666666666,0.0,9.0,65.7,19.3
140428,134290.0,127685.0,124252.0,146423.0,138728.0,127358.0,109076.0,156815.0,150630.0,126314.85714285714,121704.13333333332,0.0,13.0,67.5,22.83
139405,140428.0,134290.0,127685.0,120480.0,137443.0,120443.0,105665.0,152143.0,156815.0,125458.42857142857,122913.06666666668,0.0,14.0,67.5,25.21
143250,139405.0,140428.0,134290.0,109258.0,117827.0,105733.0,98759.0,132495.0,152143.0,128162.0,124068.1,0.0,16.0,68.6,25.81
169030,143250.0,139405.0,140428.0,121816.0,126037.0,108395.0,102478.0,137106.0,132495.0,133018.0,125207.23333333334,0.0,15.5,68.2,24.31
171255,169030.0,143250.0,139405.0,124252.0,141241.0,111306.0,111744.0,166482.0,137106.0,139762.85714285713,127319.4,0.0,15.0,62.0,25.84
167586,171255.0,169030.0,143250.0,127685.0,151018.0,124072.0,114887.0,178863.0,166482.0,146477.57142857142,129735.93333333332,0.0,14.5,57.0,22.7
157504,167586.0,171255.0,169030.0,134290.0,149906.0,135911.0,119979.0,184472.0,178863.0,152177.7142857143,131906.2,0.0,13.0,56.4,24.91
157836,157504.0,167586.0,171255.0,140428.0,146423.0,138728.0,127358.0,190510.0,184472.0,155494.0,133431.53333333333,0.0,11.0,64.9,11.43
147406,157836.0,157504.0,167586.0,139405.0,120480.0,137443.0,120443.0,190202.0,190510.0,157980.85714285713,134863.16666666666,0.0,15.0,69.3,22.12
156108,147406.0,157836.0,157504.0,143250.0,109258.0,117827.0,105733.0,179742.0,190202.0,159123.85714285713,135777.4,0.0,11.0,65.4,23.56
166276,156108.0,147406.0,157836.0,169030.0,121816.0,126037.0,108395.0,161779.0,179742.0,160960.7142857143,136735.73333333334,0.0,8.5,63.9,19.09
154125,166276.0,156108.0,147406.0,171255.0,124252.0,141241.0,111306.0,172828.0,161779.0,160567.2857142857,138263.5,0.0,8.5,66.2,23.08
152004,154125.0,166276.0,156108.0,167586.0,127685.0,151018.0,124072.0,184540.0,172828.0,158120.14285714287,139876.56666666668,0.0,15.0,66.0,24.25
163768,152004.0,154125.0,166276.0,157504.0,134290.0,149906.0,135911.0,191174.0,184540.0,155894.14285714287,141330.2,0.0,15.5,67.9,21.11
166411,163768.0,152004.0,154125.0,157836.0,140428.0,146423.0,138728.0,173293.0,191174.0,156789.0,143078.93333333332,0.0,12.5,67.1,22.99
145710,166411.0,163768.0,152004.0,147406.0,139405.0,120480.0,137443.0,184981.0,173293.0,158014.0,144490.23333333334,0.0,17.0,67.0,27.48
155847,145710.0,166411.0,163768.0,156108.0,143250.0,109258.0,117827.0,181680.0,184981.0,157771.7142857143,144816.86666666667,0.0,18.0,65.4,25.84
176113,155847.0,145710.0,166411.0,166276.0,169030.0,121816.0,126037.0,169715.0,181680.0,157734.42857142858,145387.5,0.0,12.0,69.5,17.58
167938,176113.0,155847.0,145710.0,154125.0,171255.0,124252.0,141241.0,172271.0,169715.0,159139.7142857143,146676.5,0.0,14.0,72.9,13.99
175949,167938.0,176113.0,155847.0,152004.0,167586.0,127685.0,151018.0,182587.0,172271.0,161113.0,148346.86666666667,0.0,17.0,71.5,26.14
180313,175949.0,167938.0,176113.0,163768.0,157504.0,134290.0,149906.0,195836.0,182587.0,164533.7142857143,150010.6,0.0,10.0,72.4,4.99
168873,180313.0,175949.0,167938.0,166411.0,157836.0,140428.0,146423.0,192374.0,195836.0,166897.2857142857,151313.0,0.0,12.5,72.5,14.58
161294,168873.0,180313.0,175949.0,145710.0,147406.0,139405.0,120480.0,189586.0,192374.0,167249.0,151908.16666666666,0.0,14.0,64.2,25.68
157805,161294.0,168873.0,180313.0,155847.0,156108.0,143250.0,109258.0,168975.0,189586.0,169475.2857142857,152287.76666666666,0.0,13.0,64.4,25.17
176295,157805.0,161294.0,168873.0,176113.0,166276.0,169030.0,121816.0,177278.0,168975.0,169755.0,152667.16666666666,0.0,12.5,62.5,24.25
170243,176295.0,157805.0,161294.0,167938.0,154125.0,171255.0,124252.0,189142.0,177278.0,169781.0,154527.66666666666,0.0,11.0,66.2,21.0
164706,170243.0,176295.0,157805.0,175949.0,152004.0,167586.0,127685.0,200849.0,189142.0,170110.2857142857,156560.5,0.0,8.5,62.4,21.58
153193,164706.0,170243.0,176295.0,180313.0,163768.0,157504.0,134290.0,219115.0,200849.0,168504.14285714287,157990.16666666666,0.0,11.5,68.3,14.88
159279,153193.0,164706.0,170243.0,168873.0,166411.0,157836.0,140428.0,198383.0,219115.0,164629.85714285713,158954.86666666667,0.0,16.5,66.6,28.1
164104,159279.0,153193.0,164706.0,161294.0,145710.0,147406.0,139405.0,201920.0,198383.0,163259.2857142857,160008.0,0.0,20.5,70.0,25.38
177705,164104.0,159279.0,153193.0,157805.0,155847.0,156108.0,143250.0,214771.0,201920.0,163660.7142857143,161001.8,0.0,22.0,69.8,23.11
206726,177705.0,164104.0,159279.0,176295.0,176113.0,166276.0,169030.0,220298.0,214771.0,166503.57142857142,162244.36666666667,0.0,19.0,66.4,26.33
197281,206726.0,177705.0,164104.0,170243.0,167938.0,154125.0,171255.0,218830.0,220298.0,170850.85714285713,164488.4,0.0,17.0,72.7,22.18
199626,197281.0,206726.0,177705.0,164706.0,175949.0,152004.0,167586.0,178801.0,218830.0,174713.42857142858,166289.43333333332,0.0,14.5,73.3,17.34
189744,199626.0,197281.0,206726.0,153193.0,180313.0,163768.0,157504.0,174985.0,178801.0,179702.0,167309.3,0.0,11.0,71.4,10.08
174543,189744.0,199626.0,197281.0,159279.0,168873.0,166411.0,157836.0,177454.0,174985.0,184923.57142857145,167925.6,0.0,15.0,70.6,22.47
168864,174543.0,189744.0,199626.0,164104.0,161294.0,145710.0,147406.0,180046.0,177454.0,187104.14285714287,168157.5,0.0,19.5,66.1,25.28
178655,168864.0,174543.0,189744.0,177705.0,157805.0,155847.0,156108.0,169518.0,180046.0,187784.14285714287,168536.16666666666,0.0,19.5,63.5,27.14
201034,178655.0,168864.0,174543.0,206726.0,176295.0,176113.0,166276.0,177709.0,169518.0,187919.85714285716,169230.13333333333,0.0,21.5,70.0,21.39
208612,201034.0,178655.0,168864.0,197281.0,170243.0,167938.0,154125.0,208617.0,177709.0,187106.7142857143,171017.73333333334,0.0,18.5,68.9,24.78
200098,208612.0,201034.0,178655.0,199626.0,164706.0,175949.0,152004.0,217177.0,208617.0,188725.42857142855,172767.86666666667,0.0,18.0,66.6,18.57
196658,200098.0,208612.0,201034.0,189744.0,153193.0,180313.0,163768.0,200904.0,217177.0,188792.85714285716,173895.26666666666,0.0,11.0,68.9,11.48
174916,196658.0,200098.0,208612.0,174543.0,159279.0,168873.0,166411.0,189107.0,200904.0,189780.57142857145,175313.03333333333,0.0,14.5,66.4,23.07
166262,174916.0,196658.0,200098.0,168864.0,164104.0,161294.0,145710.0,185439.0,189107.0,189833.85714285716,176076.76666666666,0.0,18.0,74.0,12.51
178006,166262.0,174916.0,196658.0,178655.0,177705.0,157805.0,155847.0,175506.0,185439.0,189462.14285714287,176159.9,0.0,14.0,68.1,24.62
192243,178006.0,166262.0,174916.0,201034.0,206726.0,176295.0,176113.0,171092.0,175506.0,189369.42857142855,176546.4,0.0,9.5,70.9,8.83
173030,192243.0,178006.0,166262.0,208612.0,197281.0,170243.0,167938.0,180987.0,171092.0,188113.57142857145,178097.5,0.0,14.5,65.5,25.19
175850,173030.0,192243.0,178006.0,200098.0,199626.0,164706.0,175949.0,183041.0,180987.0,183030.42857142855,178670.26666666666,0.0,11.5,64.4,16.02
165168,175850.0,173030.0,192243.0,196658.0,189744.0,153193.0,180313.0,184904.0,183041.0,179566.42857142858,178661.5,0.0,8.5,67.1,17.33
156931,165168.0,175850.0,173030.0,174916.0,174543.0,159279.0,168873.0,180273.0,184904.0,175067.85714285713,178569.16666666666,0.0,10.5,69.5,17.94
149407,156931.0,165168.0,175850.0,166262.0,168864.0,164104.0,161294.0,173232.0,180273.0,172498.57142857142,177935.23333333334,0.0,14.5,70.9,21.8
158993,149407.0,156931.0,165168.0,178006.0,178655.0,177705.0,157805.0,150390.0,173232.0,170090.7142857143,176905.03333333333,0.0,19.0,72.3,23.14
192624,158993.0,149407.0,156931.0,192243.0,201034.0,206726.0,176295.0,143910.0,150390.0,167374.57142857142,176575.7,0.0,18.0,73.7,21.26
196654,192624.0,158993.0,149407.0,173030.0,208612.0,197281.0,170243.0,173637.0,143910.0,167429.0,177620.03333333333,0.0,16.0,74.5,19.53
194976,196654.0,192624.0,158993.0,175850.0,200098.0,199626.0,164706.0,180280.0,173637.0,170803.85714285713,178915.0,0.0,10.5,70.5,9.39
176561,194976.0,196654.0,192624.0,165168.0,196658.0,189744.0,153193.0,180655.0,180280.0,173536.14285714287,179537.7,0.0,14.5,66.9,22.07
173737,176561.0,194976.0,196654.0,156931.0,174916.0,174543.0,159279.0,176305.0,180655.0,175163.7142857143,179748.3,0.0,12.5,63.3,17.22
149644,173737.0,176561.0,194976.0,149407.0,166262.0,168864.0,164104.0,171237.0,176305.0,177564.57142857142,180049.33333333334,0.0,4.5,64.0,7.11
132458,149644.0,173737.0,176561.0,158993.0,178006.0,178655.0,177705.0,170360.0,171237.0,177598.42857142858,179931.03333333333,0.0,7.5,63.6,21.61
146349,132458.0,149644.0,173737.0,192624.0,192243.0,201034.0,206726.0,179439.0,170360.0,173807.7142857143,179037.0,0.0,7.5,62.7,22.49
151335,146349.0,132458.0,149644.0,196654.0,173030.0,208612.0,197281.0,198538.0,179439.0,167197.0,178445.16666666666,0.0,5.5,64.4,12.61
148208,151335.0,146349.0,132458.0,194976.0,175850.0,200098.0,199626.0,195864.0,198538.0,160722.85714285713,177566.16666666666,0.0,6.0,58.6,25.29
143655,148208.0,151335.0,146349.0,176561.0,165168.0,196658.0,189744.0,202881.0,195864.0,154041.7142857143,175615.56666666668,0.0,10.5,63.8,21.76
155925,143655.0,148208.0,151335.0,173737.0,156931.0,174916.0,174543.0,201112.0,202881.0,149340.85714285713,173828.03333333333,0.0,15.5,69.0,19.93
159428,155925.0,143655.0,148208.0,149644.0,149407.0,166262.0,168864.0,166673.0,201112.0,146796.2857142857,172371.33333333334,0.0,15.0,70.3,19.68
161737,159428.0,155925.0,143655.0,132458.0,158993.0,178006.0,178655.0,137008.0,166673.0,148194.0,171360.8,0.0,17.5,71.3,20.39
187477,161737.0,159428.0,155925.0,146349.0,192624.0,192243.0,201034.0,131680.0,137008.0,152376.7142857143,170933.93333333332,0.0,15.0,67.7,21.29
186000,187477.0,161737.0,159428.0,151335.0,196654.0,173030.0,208612.0,142416.0,131680.0,158252.14285714287,171554.36666666667,0.0,7.0,52.6,23.69
152877,186000.0,187477.0,161737.0,148208.0,194976.0,175850.0,200098.0,144355.0,142416.0,163204.2857142857,171799.2,0.0,13.0,64.6,20.75
169235,152877.0,186000.0,187477.0,143655.0,176561.0,165168.0,196658.0,154019.0,144355.0,163871.2857142857,170193.96666666667,0.0,13.0,67.3,19.95
169728,169235.0,152877.0,186000.0,155925.0,173737.0,156931.0,174916.0,155919.0,154019.0,167525.57142857142,168881.4,0.0,11.5,72.0,7.77
157366,169728.0,169235.0,152877.0,159428.0,149644.0,149407.0,166262.0,162992.0,155919.0,169497.42857142858,167869.06666666668,0.0,8.0,56.0,20.53
136586,157366.0,169728.0,169235.0,161737.0,132458.0,158993.0,178006.0,147902.0,162992.0,169202.85714285713,166559.33333333334,0.0,5.0,57.0,14.59
142345,136586.0,157366.0,169728.0,187477.0,146349.0,192624.0,192243.0,135953.0,147902.0,165609.85714285713,165281.66666666666,0.0,6.5,64.4,14.34
148628,142345.0,136586.0,157366.0,186000.0,151335.0,196654.0,173030.0,145653.0,135953.0,159162.42857142858,164484.43333333332,0.0,9.0,70.0,7.09
159644,148628.0,142345.0,136586.0,152877.0,148208.0,194976.0,175850.0,165032.0,145653.0,153823.57142857142,163505.16666666666,0.0,12.5,68.7,19.11
165090,159644.0,148628.0,142345.0,169235.0,143655.0,176561.0,165168.0,178071.0,165032.0,154790.2857142857,162418.53333333333,0.0,12.0,64.7,21.54
164625,165090.0,159644.0,148628.0,169728.0,155925.0,173737.0,156931.0,156467.0,178071.0,154198.14285714287,162153.86666666667,0.0,7.5,55.0,21.94
135671,164625.0,165090.0,159644.0,157366.0,159428.0,149644.0,149407.0,141617.0,156467.0,153469.14285714287,161779.7,0.0,9.0,58.3,19.39
134051,135671.0,164625.0,165090.0,136586.0,161737.0,132458.0,158993.0,123258.0,141617.0,150369.85714285713,160796.46666666667,0.0,7.5,62.8,21.09
139862,134051.0,135671.0,164625.0,142345.0,187477.0,146349.0,192624.0,128175.0,123258.0,150007.7142857143,160033.8,0.0,11.0,65.6,20.67
160943,139862.0,134051.0,135671.0,148628.0,186000.0,151335.0,196654.0,150285.0,128175.0,149653.0,159715.63333333333,0.0,10.0,68.5,11.45
163131,160943.0,139862.0,134051.0,159644.0,152877.0,148208.0,194976.0,156309.0,150285.0,151412.2857142857,159780.63333333333,0.0,12.5,72.7,8.58
173525,163131.0,160943.0,139862.0,165090.0,169235.0,143655.0,176561.0,175087.0,156309.0,151910.42857142858,158797.53333333333,0.0,5.0,62.4,16.04
156396,173525.0,163131.0,160943.0,164625.0,169728.0,155925.0,173737.0,175320.0,175087.0,153115.42857142858,158026.56666666668,0.0,2.5,55.1,15.07
123692,156396.0,173525.0,163131.0,135671.0,157366.0,159428.0,149644.0,140284.0,175320.0,151939.85714285713,156740.56666666668,0.0,2.5,61.9,10.61
125168,123692.0,156396.0,173525.0,134051.0,136586.0,161737.0,132458.0,131628.0,140284.0,150228.57142857142,154978.26666666666,0.0,2.0,55.6,20.33
140333,125168.0,123692.0,156396.0,139862.0,142345.0,187477.0,146349.0,142795.0,131628.0,148959.57142857142,153359.3,0.0,0.0,46.1,21.6
120318,140333.0,125168.0,123692.0,160943.0,148628.0,186000.0,151335.0,158631.0,142795.0,149026.85714285713,153048.93333333332,0.0,0.0,53.9,20.4
122745,120318.0,140333.0,125168.0,163131.0,159644.0,152877.0,148208.0,146321.0,158631.0,143223.2857142857,152644.26666666666,0.0,4.5,61.1,10.36
132433,122745.0,120318.0,140333.0,173525.0,165090.0,169235.0,143655.0,137217.0,146321.0,137453.85714285713,151857.46666666667,0.0,0.0,51.2,13.77
126466,132433.0,122745.0,120318.0,156396.0,164625.0,169728.0,155925.0,129578.0,137217.0,131583.57142857142,151227.4,0.0,0.0,35.0,21.33
104631,126466.0,132433.0,122745.0,123692.0,135671.0,157366.0,159428.0,134240.0,129578.0,127307.85714285714,150502.66666666666,0.0,0.0,36.8,19.59
102087,104631.0,126466.0,132433.0,125168.0,134051.0,136586.0,161737.0,132112.0,134240.0,124584.85714285714,149201.86666666667,0.0,0.0,40.6,20.76
113299,102087.0,104631.0,126466.0,140333.0,139862.0,142345.0,187477.0,144358.0,132112.0,121287.57142857143,147407.26666666666,0.0,0.0,41.0,20.57
115339,113299.0,102087.0,104631.0,120318.0,160943.0,148628.0,186000.0,177502.0,144358.0,117425.57142857143,145869.63333333333,0.0,3.0,49.1,19.62
122567,115339.0,113299.0,102087.0,122745.0,163131.0,159644.0,152877.0,158095.0,177502.0,116714.28571428572,144323.03333333333,0.0,3.5,55.4,12.5
126418,122567.0,115339.0,113299.0,132433.0,173525.0,165090.0,169235.0,147724.0,158095.0,116688.85714285714,142159.36666666667,0.0,4.5,59.0,16.78
130336,126418.0,122567.0,115339.0,126466.0,156396.0,164625.0,169728.0,152827.0,147724.0,115829.57142857143,140173.3,0.0,4.5,62.0,11.29
121738,130336.0,126418.0,122567.0,104631.0,123692.0,135671.0,157366.0,142426.0,152827.0,116382.42857142857,139421.93333333332,0.0,8.0,66.0,12.23
128592,121738.0,130336.0,126418.0,102087.0,125168.0,134051.0,136586.0,140615.0,142426.0,118826.28571428572,137838.7,0.0,8.0,66.8,11.7
143996,128592.0,121738.0,130336.0,113299.0,140333.0,139862.0,142345.0,141173.0,140615.0,122612.71428571428,136467.5,0.0,5.5,66.9,7.07
144392,143996.0,128592.0,121738.0,115339.0,120318.0,160943.0,148628.0,138386.0,141173.0,126998.0,136021.83333333334,0.0,0.5,56.3,15.72
130746,144392.0,143996.0,128592.0,122567.0,122745.0,163131.0,159644.0,149338.0,138386.0,131148.42857142858,136282.03333333333,0.0,1.0,50.4,15.3
124448,130746.0,144392.0,143996.0,126418.0,132433.0,173525.0,165090.0,175819.0,149338.0,132316.85714285713,135895.4,0.0,0.0,50.1,9.12
119364,124448.0,130746.0,144392.0,130336.0,126466.0,156396.0,164625.0,136374.0,175819.0,132035.42857142858,135089.4,0.0,0.0,44.4,17.84
106734,119364.0,124448.0,130746.0,121738.0,104631.0,123692.0,135671.0,127648.0,136374.0,130468.0,133746.73333333334,0.0,0.0,48.2,14.04
105318,106734.0,119364.0,124448.0,128592.0,102087.0,125168.0,134051.0,111215.0,127648.0,128324.57142857143,131801.53333333333,0.0,0.0,51.4,14.91
117408,105318.0,106734.0,119364.0,143996.0,113299.0,140333.0,139862.0,115438.0,111215.0,124999.71428571428,129824.63333333332,0.0,0.0,51.5,17.02
118881,117408.0,105318.0,106734.0,144392.0,115339.0,120318.0,160943.0,140154.0,115438.0,121201.42857142857,129215.86666666668,0.0,2.0,50.8,14.7
121276,118881.0,117408.0,105318.0,130746.0,122567.0,122745.0,163131.0,128499.0,140154.0,117557.0,128710.2,0.0,0.0,40.8,17.08
115797,121276.0,118881.0,117408.0,124448.0,126418.0,132433.0,173525.0,124031.0,128499.0,116204.14285714286,128090.66666666669,0.0,0.0,44.9,15.33
115621,115797.0,121276.0,118881.0,119364.0,130336.0,126466.0,156396.0,124796.0,124031.0,114968.28571428572,126585.8,0.0,0.0,54.5,15.15
109591,115621.0,115797.0,121276.0,106734.0,121738.0,104631.0,123692.0,123347.0,124796.0,114433.57142857143,125002.13333333332,0.0,0.0,54.1,7.51
109203,109591.0,115621.0,115797.0,105318.0,128592.0,102087.0,125168.0,112699.0,123347.0,114841.71428571428,122871.0,0.0,0.0,51.6,2.74
115034,109203.0,109591.0,115621.0,117408.0,143996.0,113299.0,140333.0,111027.0,112699.0,115396.71428571428,121297.9,0.0,0.0,54.2,2.79
117329,115034.0,109203.0,109591.0,118881.0,144392.0,115339.0,120318.0,124046.0,111027.0,115057.57142857143,121009.3,0.0,0.0,46.7,16.04
116042,117329.0,115034.0,109203.0,121276.0,130746.0,122567.0,122745.0,124453.0,124046.0,114835.85714285714,120748.0,0.0,0.0,54.2,15.42
118942,116042.0,117329.0,115034.0,115797.0,124448.0,126418.0,132433.0,127824.0,124453.0,114088.14285714286,119938.3,0.0,0.0,53.8,1.73
119472,118942.0,116042.0,117329.0,115621.0,119364.0,130336.0,126466.0,124308.0,127824.0,114537.42857142857,119892.43333333332,0.0,0.0,40.1,15.95
106085,119472.0,118942.0,116042.0,109591.0,106734.0,121738.0,104631.0,123510.0,124308.0,115087.57142857143,119783.33333333331,0.0,0.0,44.8,12.69
104650,106085.0,119472.0,118942.0,109203.0,105318.0,128592.0,102087.0,112395.0,123510.0,114586.71428571428,118905.06666666668,0.0,0.0,51.9,9.72
116323,104650.0,106085.0,119472.0,115034.0,117408.0,143996.0,113299.0,112976.0,112395.0,113936.28571428572,118177.86666666668,0.0,0.0,58.9,9.22
120125,116323.0,104650.0,106085.0,117329.0,118881.0,144392.0,115339.0,125350.0,112976.0,114120.42857142857,118567.6,0.0,0.0,61.4,6.93
122147,120125.0,116323.0,104650.0,116042.0,121276.0,130746.0,122567.0,127288.0,125350.0,114519.85714285714,119168.86666666668,0.0,1.0,63.1,6.25
125364,122147.0,120125.0,116323.0,118942.0,115797.0,124448.0,126418.0,126354.0,127288.0,115392.0,119463.8,0.0,1.0,62.0,6.4
123335,125364.0,122147.0,120125.0,119472.0,115621.0,119364.0,130336.0,125188.0,126354.0,116309.42857142857,119797.96666666666,0.0,0.0,54.5,6.69
110835,123335.0,125364.0,122147.0,106085.0,109591.0,106734.0,121738.0,125217.0,125188.0,116861.28571428572,119823.56666666668,1.0,0.0,37.4,6.8
105630,110835.0,123335.0,125364.0,104650.0,109203.0,105318.0,128592.0,113463.0,125217.0,117539.85714285714,119304.13333333332,0.0,0.0,52.8,3.73
118637,105630.0,110835.0,123335.0,116323.0,115034.0,117408.0,143996.0,115405.0,113463.0,117679.85714285714,118480.6,0.0,0.0,49.5,9.55
117580,118637.0,105630.0,110835.0,120125.0,117329.0,118881.0,144392.0,125913.0,115405.0,118010.42857142857,118377.23333333334,0.0,0.0,50.5,3.45
118593,117580.0,118637.0,105630.0,122147.0,116042.0,121276.0,130746.0,126989.0,125913.0,117646.85714285714,118010.16666666669,0.0,0.0,48.6,1.11
120202,118593.0,117580.0,118637.0,125364.0,118942.0,115797.0,124448.0,129033.0,126989.0,117139.14285714286,117163.4,8.0,0.0,38.0,2.36
122224,120202.0,118593.0,117580.0,123335.0,119472.0,115621.0,119364.0,133604.0,129033.0,116401.71428571428,116357.06666666668,11.0,0.0,30.1,13.28
112805,122224.0,120202.0,118593.0,110835.0,106085.0,109591.0,106734.0,125014.0,133604.0,116243.0,116073.0,1.0,0.0,42.2,5.96
114855,112805.0,122224.0,120202.0,105630.0,104650.0,109203.0,105318.0,114591.0,125014.0,116524.42857142857,115684.9,9.0,0.0,24.3,11.42
123419,114855.0,112805.0,122224.0,118637.0,116323.0,115034.0,117408.0,117766.0,114591.0,117842.28571428572,115534.6,3.5,0.0,29.4,8.56
122065,123419.0,114855.0,112805.0,117580.0,120125.0,117329.0,118881.0,127118.0,117766.0,118525.42857142857,116090.76666666666,0.0,0.0,39.6,12.2
120534,122065.0,123419.0,114855.0,118593.0,122147.0,116042.0,121276.0,127372.0,127118.0,119166.14285714286,116649.0,0.0,0.0,46.0,11.78
118616,120534.0,122065.0,123419.0,120202.0,125364.0,118942.0,115797.0,127199.0,127372.0,119443.42857142857,116753.2,0.0,0.0,49.2,11.07
117652,118616.0,120534.0,122065.0,122224.0,123335.0,119472.0,115621.0,128255.0,127199.0,119216.85714285714,116744.36666666668,0.0,0.0,47.7,11.78
108576,117652.0,118616.0,120534.0,112805.0,110835.0,106085.0,109591.0,131662.0,128255.0,118563.71428571428,116623.56666666668,0.0,0.5,48.6,11.76
107166,108576.0,117652.0,118616.0,114855.0,105630.0,104650.0,109203.0,123213.0,131662.0,117959.57142857143,116382.86666666668,0.0,0.0,49.7,11.55
119150,107166.0,108576.0,117652.0,123419.0,118637.0,116323.0,115034.0,118125.0,123213.0,116861.14285714286,116101.03333333334,0.0,2.0,56.4,9.95
121202,119150.0,107166.0,108576.0,122065.0,117580.0,120125.0,117329.0,126543.0,118125.0,116251.28571428572,116419.66666666669,0.0,3.0,62.4,3.2
122832,121202.0,119150.0,107166.0,120534.0,118593.0,122147.0,116042.0,133748.0,126543.0,116128.0,116819.63333333332,0.0,0.0,52.0,1.76
121526,122832.0,121202.0,119150.0,118616.0,120202.0,125364.0,118942.0,142020.0,133748.0,116456.28571428572,117079.56666666668,1.5,0.0,45.0,2.2
119467,121526.0,122832.0,121202.0,117652.0,122224.0,123335.0,119472.0,138742.0,142020.0,116872.0,117219.46666666666,3.0,0.0,34.7,11.19
109822,119467.0,121526.0,122832.0,108576.0,112805.0,110835.0,106085.0,133823.0,138742.0,117131.28571428572,117333.63333333332,0.0,0.0,42.1,6.17
109321,109822.0,119467.0,121526.0,107166.0,114855.0,105630.0,104650.0,125179.0,133823.0,117309.28571428572,117029.63333333332,0.5,0.0,31.4,10.86
118680,109321.0,109822.0,119467.0,119150.0,123419.0,118637.0,116323.0,125216.0,125179.0,117617.14285714286,116691.26666666666,7.0,0.0,28.9,5.7
122273,118680.0,109321.0,109822.0,121202.0,122065.0,117580.0,120125.0,136383.0,125216.0,117550.0,117111.1,17.0,0.0,16.3,10.89
128163,122273.0,118680.0,109321.0,122832.0,120534.0,118593.0,122147.0,133618.0,136383.0,117703.0,117698.53333333334,11.0,0.0,24.1,8.93
126776,128163.0,122273.0,118680.0,121526.0,118616.0,120202.0,125364.0,134216.0,133618.0,118464.57142857143,118093.2,0.0,0.0,36.7,10.22
120227,126776.0,128163.0,122273.0,119467.0,117652.0,122224.0,123335.0,132941.0,134216.0,119214.57142857143,118314.9,0.0,0.0,39.0,9.38
108928,120227.0,126776.0,128163.0,109822.0,108576.0,112805.0,110835.0,132644.0,132941.0,119323.14285714286,118250.9,0.0,0.0,38.2,2.46
109824,108928.0,120227.0,126776.0,109321.0,107166.0,114855.0,105630.0,122927.0,132644.0,119195.42857142857,117703.03333333334,0.0,0.0,41.6,6.46
119483,109824.0,108928.0,120227.0,118680.0,119150.0,123419.0,118637.0,122128.0,122927.0,119267.28571428572,117252.66666666669,5.5,0.0,30.2,7.77
121288,119483.0,109824.0,108928.0,122273.0,121202.0,122065.0,117580.0,132542.0,122128.0,119382.0,117540.93333333332,0.0,0.0,38.3,5.89
119281,121288.0,119483.0,109824.0,128163.0,122832.0,120534.0,118593.0,130426.0,132542.0,119241.28571428572,118062.86666666668,0.0,0.0,51.6,4.53
109892,119281.0,121288.0,119483.0,126776.0,121526.0,118616.0,120202.0,128403.0,130426.0,117972.42857142857,118084.33333333331,0.0,0.0,44.0,8.22
112019,109892.0,119281.0,121288.0,120227.0,119467.0,117652.0,122224.0,115759.0,128403.0,115560.42857142857,117828.06666666668,0.0,0.0,37.1,7.21
108414,112019.0,109892.0,119281.0,108928.0,109822.0,108576.0,112805.0,126365.0,115759.0,114387.85714285714,117608.93333333332,2.5,0.0,32.7,9.59
108279,108414.0,112019.0,109892.0,109824.0,109321.0,107166.0,114855.0,122415.0,126365.0,114314.42857142857,117216.0,0.0,0.0,50.3,0.79
121164,108279.0,108414.0,112019.0,119483.0,118680.0,119150.0,123419.0,127480.0,122415.0,114093.71428571428,116751.16666666669,0.5,0.0,41.8,5.8
120096,121164.0,108279.0,108414.0,121288.0,122273.0,121202.0,122065.0,141752.0,127480.0,114333.85714285714,117029.8,10.5,0.0,26.5,5.95
125808,120096.0,121164.0,108279.0,119281.0,128163.0,122832.0,120534.0,142575.0,141752.0,114163.57142857143,117204.5,7.5,0.0,25.8,9.35
125099,125808.0,120096.0,121164.0,109892.0,126776.0,121526.0,118616.0,141162.0,142575.0,115096.0,117284.13333333332,2.0,0.0,36.4,4.33
123623,125099.0,125808.0,120096.0,112019.0,120227.0,119467.0,117652.0,139469.0,141162.0,117268.42857142857,117385.26666666666,7.0,0.0,36.9,2.62
116918,123623.0,125099.0,125808.0,108414.0,108928.0,109822.0,108576.0,138082.0,139469.0,118926.14285714286,117488.23333333334,13.5,0.0,21.8,8.72
117329,116918.0,123623.0,125099.0,108279.0,109824.0,109321.0,107166.0,129152.0,138082.0,120141.0,117431.63333333332,14.0,0.0,22.9,7.65
129894,117329.0,116918.0,123623.0,121164.0,119483.0,118680.0,119150.0,127945.0,129152.0,121433.85714285714,117420.86666666668,17.0,0.0,20.5,7.87
133566,129894.0,117329.0,116918.0,120096.0,121288.0,122273.0,121202.0,136920.0,127945.0,122681.0,118131.46666666666,15.5,0.0,24.9,4.72
133914,133566.0,129894.0,117329.0,125808.0,119281.0,128163.0,122832.0,133868.0,136920.0,124605.28571428572,119011.46666666666,7.5,0.0,31.3,8.25
128387,133914.0,133566.0,129894.0,125099.0,109892.0,126776.0,121526.0,140390.0,133868.0,125763.28571428572,119503.6,2.0,0.0,34.4,8.31
125083,128387.0,133914.0,133566.0,123623.0,112019.0,120227.0,119467.0,143877.0,140390.0,126233.0,119743.1,0.0,0.0,44.7,2.32
115626,125083.0,128387.0,133914.0,116918.0,108414.0,108928.0,109822.0,140211.0,143877.0,126441.57142857143,119818.13333333332,0.0,0.0,43.7,7.36
111408,115626.0,125083.0,128387.0,117329.0,108279.0,109824.0,109321.0,126146.0,140211.0,126257.0,119621.46666666666,9.0,0.0,33.2,1.61
127287,111408.0,115626.0,125083.0,129894.0,121164.0,119483.0,118680.0,124792.0,126146.0,125411.14285714286,119352.83333333331,15.5,0.0,18.9,8.25
131009,127287.0,111408.0,115626.0,133566.0,120096.0,121288.0,122273.0,142334.0,124792.0,125038.71428571428,119935.0,22.5,0.0,17.1,2.84
137711,131009.0,127287.0,111408.0,133914.0,125808.0,119281.0,128163.0,145643.0,142334.0,124673.42857142857,120657.93333333332,21.5,0.0,21.9,3.54
137467,137711.0,131009.0,127287.0,128387.0,125099.0,109892.0,126776.0,146073.0,145643.0,125215.85714285714,121292.3,22.0,0.0,16.4,8.36
139444,137467.0,137711.0,131009.0,125083.0,123623.0,112019.0,120227.0,155134.0,146073.0,126513.0,121798.76666666666,24.0,0.0,15.7,7.64
130836,139444.0,137467.0,137711.0,115626.0,116918.0,108414.0,108928.0,150697.0,155134.0,128564.57142857143,122174.8,14.5,0.0,25.5,4.0
125645,130836.0,139444.0,137467.0,111408.0,117329.0,108279.0,109824.0,137208.0,150697.0,130737.42857142857,122310.13333333332,8.5,0.0,32.4,5.9
130958,125645.0,130836.0,139444.0,127287.0,129894.0,121164.0,119483.0,128731.0,137208.0,132771.2857142857,122490.73333333334,8.0,0.0,30.1,8.02
129218,130958.0,125645.0,130836.0,131009.0,133566.0,120096.0,121288.0,134395.0,128731.0,133295.7142857143,123225.06666666668,9.5,0.0,28.1,8.31
128292,129218.0,130958.0,125645.0,137711.0,133914.0,125808.0,119281.0,129477.0,134395.0,133039.85714285713,123871.53333333334,0.0,0.0,45.9,4.25
121602,128292.0,129218.0,130958.0,137467.0,128387.0,125099.0,109892.0,119684.0,129477.0,131694.2857142857,124165.16666666669,5.0,0.0,44.5,0.91
113711,121602.0,128292.0,129218.0,139444.0,125083.0,123623.0,112019.0,131981.0,119684.0,129427.85714285714,124175.63333333332,22.0,0.0,12.8,8.9
123588,113711.0,121602.0,128292.0,130836.0,115626.0,116918.0,108414.0,129502.0,131981.0,125751.71428571428,123989.96666666666,19.5,0.0,18.5,8.61
122776,123588.0,113711.0,121602.0,125645.0,111408.0,117329.0,108279.0,119817.0,129502.0,124716.28571428572,124446.5,7.5,0.0,32.8,5.31
126574,122776.0,123588.0,113711.0,130958.0,127287.0,129894.0,121164.0,120531.0,119817.0,124306.42857142857,124805.06666666668,13.5,0.0,19.3,8.06
128663,126574.0,122776.0,123588.0,129218.0,131009.0,133566.0,120096.0,134843.0,120531.0,123680.14285714286,125410.4,14.5,0.0,21.2,6.69
130838,128663.0,126574.0,122776.0,128292.0,137711.0,133914.0,125808.0,131905.0,134843.0,123600.85714285714,126089.86666666668,8.0,0.0,34.3,2.68
125533,130838.0,128663.0,126574.0,121602.0,137467.0,128387.0,125099.0,124168.0,131905.0,123964.57142857143,126412.33333333331,13.5,0.0,27.2,5.44
119140,125533.0,130838.0,128663.0,113711.0,139444.0,125083.0,123623.0,135759.0,124168.0,124526.14285714286,126593.56666666668,6.5,0.0,35.9,7.2
117017,119140.0,125533.0,130838.0,123588.0,130836.0,115626.0,116918.0,133483.0,135759.0,125301.71428571428,126371.3,14.0,0.0,31.4,1.36
120616,117017.0,119140.0,125533.0,122776.0,125645.0,111408.0,117329.0,122924.0,133483.0,124363.0,126101.9,11.0,0.0,32.3,6.29
128719,120616.0,117017.0,119140.0,126574.0,130958.0,127287.0,129894.0,123997.0,122924.0,124054.42857142857,126001.66666666669,11.0,0.0,29.7,4.68
128968,128719.0,120616.0,117017.0,128663.0,129218.0,131009.0,133566.0,138154.0,123997.0,124360.85714285714,126395.03333333334,12.5,0.0,25.6,8.54
129542,128968.0,128719.0,120616.0,130838.0,128292.0,137711.0,133914.0,136907.0,138154.0,124404.42857142857,126783.0,14.5,0.0,21.2,9.28
130964,129542.0,128968.0,128719.0,125533.0,121602.0,137467.0,128387.0,140076.0,136907.0,124219.28571428572,126771.26666666666,18.0,0.0,20.4,8.93
132855,130964.0,129542.0,128968.0,119140.0,113711.0,139444.0,125083.0,144582.0,140076.0,124995.14285714286,126684.53333333334,19.5,0.0,14.0,7.62
125392,132855.0,130964.0,129542.0,117017.0,123588.0,130836.0,115626.0,137402.0,144582.0,126954.42857142857,126649.23333333334,15.0,0.0,21.0,9.37
121856,125392.0,132855.0,130964.0,120616.0,122776.0,125645.0,111408.0,119972.0,137402.0,128150.85714285714,126549.4,17.5,0.0,21.9,3.87
133886,121856.0,125392.0,132855.0,128719.0,126574.0,130958.0,127287.0,116201.0,119972.0,128328.0,126441.83333333331,11.5,0.0,24.4,9.6
130237,133886.0,121856.0,125392.0,128968.0,128663.0,129218.0,131009.0,132956.0,116201.0,129066.14285714286,127050.5,11.0,0.0,25.8,7.16
128863,130237.0,133886.0,121856.0,129542.0,130838.0,128292.0,137711.0,134513.0,132956.0,129247.42857142857,127678.13333333332,6.0,0.0,31.6,7.14
126268,128863.0,130237.0,133886.0,130964.0,125533.0,121602.0,137467.0,132082.0,134513.0,129150.42857142857,127730.66666666669,8.0,0.0,35.0,3.81
127490,126268.0,128863.0,130237.0,132855.0,119140.0,113711.0,139444.0,134558.0,132082.0,128479.57142857143,127572.63333333332,8.0,0.0,37.0,3.75
118102,127490.0,126268.0,128863.0,125392.0,117017.0,123588.0,130836.0,144695.0,134558.0,127713.14285714286,127231.93333333332,10.5,0.0,24.9,9.46
117057,118102.0,127490.0,126268.0,121856.0,120616.0,122776.0,125645.0,137365.0,144695.0,126671.71428571428,126586.43333333332,9.0,0.0,27.6,9.52
122824,117057.0,118102.0,127490.0,133886.0,128719.0,126574.0,130958.0,126410.0,137365.0,125986.14285714286,125840.2,11.0,0.0,23.7,6.89
129324,122824.0,117057.0,118102.0,130237.0,128968.0,128663.0,129218.0,142280.0,126410.0,124405.85714285714,125573.13333333332,16.5,0.0,18.6,9.3
131120,129324.0,122824.0,117057.0,128863.0,129542.0,130838.0,128292.0,148015.0,142280.0,124275.42857142857,125695.76666666666,16.0,0.0,18.5,8.87
132003,131120.0,129324.0,122824.0,126268.0,130964.0,125533.0,121602.0,143862.0,148015.0,124597.85714285714,125701.16666666669,9.5,0.0,23.8,8.82
128305,132003.0,131120.0,129324.0,127490.0,132855.0,119140.0,113711.0,139314.0,143862.0,125417.14285714286,125794.0,20.0,0.0,10.1,8.82
125923,128305.0,132003.0,131120.0,118102.0,125392.0,117017.0,123588.0,135154.0,139314.0,125533.57142857143,125794.43333333332,23.0,0.0,6.8,11.03
128382,125923.0,128305.0,132003.0,117057.0,121856.0,120616.0,122776.0,126400.0,135154.0,126650.85714285714,125938.46666666666,20.0,0.0,13.9,9.14
136576,128382.0,125923.0,128305.0,122824.0,133886.0,128719.0,126574.0,122177.0,126400.0,128268.71428571428,126427.5,17.5,0.0,23.1,2.4
135932,136576.0,128382.0,125923.0,129324.0,130237.0,128968.0,128663.0,136627.0,122177.0,130233.28571428572,126860.43333333332,16.0,0.0,25.7,7.94
134036,135932.0,136576.0,128382.0,131120.0,128863.0,129542.0,130838.0,136552.0,136627.0,131177.2857142857,127298.96666666666,23.0,0.0,12.1,10.93
138145,134036.0,135932.0,136576.0,132003.0,126268.0,130964.0,125533.0,138459.0,136552.0,131593.85714285713,127547.7,30.5,0.0,0.6,12.19
146437,138145.0,134036.0,135932.0,128305.0,127490.0,132855.0,119140.0,140924.0,138459.0,132471.2857142857,127863.76666666666,25.5,0.0,3.3,12.33
136292,146437.0,138145.0,134036.0,125923.0,118102.0,125392.0,117017.0,137659.0,140924.0,135061.57142857142,128383.73333333334,27.0,0.0,9.2,5.3
135216,136292.0,146437.0,138145.0,128382.0,117057.0,121856.0,120616.0,125498.0,137659.0,136542.85714285713,128742.36666666668,22.0,0.0,25.1,1.66
140057,135216.0,136292.0,146437.0,136576.0,122824.0,133886.0,128719.0,122930.0,125498.0,137519.14285714287,129278.23333333334,18.5,0.0,27.0,3.06
137952,140057.0,135216.0,136292.0,135932.0,129324.0,130237.0,128968.0,133021.0,122930.0,138016.42857142858,130046.23333333334,17.0,0.0,23.6,6.5
138779,137952.0,140057.0,135216.0,134036.0,131120.0,128863.0,129542.0,132023.0,133021.0,138305.0,130624.1,13.0,0.0,22.8,13.02
135223,138779.0,137952.0,140057.0,138145.0,132003.0,126268.0,130964.0,133837.0,132023.0,138982.57142857142,130959.43333333332,8.0,0.0,29.7,10.05
130750,135223.0,138779.0,137952.0,146437.0,128305.0,127490.0,132855.0,136492.0,133837.0,138565.14285714287,131167.93333333332,11.0,0.0,22.0,12.97
122034,130750.0,135223.0,138779.0,136292.0,125923.0,118102.0,125392.0,135744.0,136492.0,136324.14285714287,131208.2,18.0,0.0,24.9,3.03
125601,122034.0,130750.0,135223.0,135216.0,128382.0,117057.0,121856.0,127588.0,135744.0,134287.2857142857,130910.53333333334,27.0,0.0,9.9,13.87
141172,125601.0,122034.0,130750.0,140057.0,136576.0,122824.0,133886.0,124149.0,127588.0,132913.7142857143,130668.73333333334,20.0,0.0,20.4,4.59
140180,141172.0,125601.0,122034.0,137952.0,135932.0,129324.0,130237.0,135691.0,124149.0,133073.0,131194.73333333334,19.5,0.0,16.3,13.3
138469,140180.0,141172.0,125601.0,138779.0,134036.0,131120.0,128863.0,133740.0,135691.0,133391.2857142857,131805.53333333333,20.5,0.0,20.4,12.74
139773,138469.0,140180.0,141172.0,135223.0,138145.0,132003.0,126268.0,133541.0,133740.0,133347.0,131958.3,25.0,0.0,11.4,11.44
140363,139773.0,138469.0,140180.0,130750.0,146437.0,128305.0,127490.0,136077.0,133541.0,133997.0,132276.16666666666,22.5,0.0,14.4,7.24
132183,140363.0,139773.0,138469.0,122034.0,136292.0,125923.0,118102.0,139289.0,136077.0,135370.2857142857,132659.5,17.5,0.0,25.0,7.07
126416,132183.0,140363.0,139773.0,125601.0,135216.0,128382.0,117057.0,134595.0,139289.0,136820.14285714287,132856.66666666666,16.5,0.0,25.7,3.73
130360,126416.0,132183.0,140363.0,141172.0,140057.0,136576.0,122824.0,126028.0,134595.0,136936.57142857142,132820.86666666667,7.5,0.0,35.3,11.43
129738,130360.0,126416.0,132183.0,140180.0,137952.0,135932.0,129324.0,125814.0,126028.0,135392.0,133229.46666666667,22.0,0.0,12.6,13.96
135983,129738.0,130360.0,126416.0,138469.0,138779.0,134036.0,131120.0,134632.0,125814.0,133900.2857142857,133652.16666666666,23.0,0.0,18.3,2.96
140048,135983.0,129738.0,130360.0,139773.0,135223.0,138145.0,132003.0,131988.0,134632.0,133545.14285714287,134090.8,19.5,0.0,26.1,3.72
138927,140048.0,135983.0,129738.0,140363.0,130750.0,146437.0,128305.0,138646.0,131988.0,133584.42857142858,134448.26666666666,19.5,0.0,19.9,10.56
128536,138927.0,140048.0,135983.0,132183.0,122034.0,136292.0,125923.0,141414.0,138646.0,133379.2857142857,134708.5,19.5,0.0,14.9,16.51
126574,128536.0,138927.0,140048.0,126416.0,125601.0,135216.0,128382.0,125920.0,141414.0,132858.2857142857,134592.93333333332,14.5,0.0,26.3,3.62
136545,126574.0,128536.0,138927.0,130360.0,141172.0,140057.0,136576.0,119214.0,125920.0,132880.85714285713,134535.23333333334,9.5,0.0,29.8,7.6
131994,136545.0,126574.0,128536.0,129738.0,140180.0,137952.0,135932.0,129724.0,119214.0,133764.42857142858,134889.3,3.5,0.0,31.7,15.55
126791,131994.0,136545.0,126574.0,135983.0,138469.0,138779.0,134036.0,130168.0,129724.0,134086.7142857143,135009.7,5.0,0.0,25.7,16.74
125507,126791.0,131994.0,136545.0,140048.0,139773.0,135223.0,138145.0,131364.0,130168.0,132773.57142857142,134683.53333333333,11.0,0.0,22.8,16.35
126063,125507.0,126791.0,131994.0,138927.0,140363.0,130750.0,146437.0,133929.0,131364.0,130696.28571428572,134336.03333333333,6.0,0.0,39.3,4.34
118029,126063.0,125507.0,126791.0,128536.0,132183.0,122034.0,136292.0,138016.0,133929.0,128858.57142857143,134070.26666666666,7.0,0.0,34.8,4.37
116302,118029.0,126063.0,125507.0,126574.0,126416.0,125601.0,135216.0,129490.0,138016.0,127357.57142857143,133399.73333333334,10.0,0.0,34.8,4.91
127058,116302.0,118029.0,126063.0,136545.0,130360.0,141172.0,140057.0,126062.0,129490.0,125890.14285714286,132395.23333333334,23.0,0.0,6.2,18.03
135634,127058.0,116302.0,118029.0,131994.0,129738.0,140180.0,137952.0,131611.0,126062.0,124534.85714285714,132087.43333333332,8.0,0.0,20.9,17.43
128236,135634.0,127058.0,116302.0,126791.0,135983.0,138469.0,138779.0,128988.0,131611.0,125054.85714285714,132101.36666666667,14.0,0.0,20.9,12.43
128077,128236.0,135634.0,127058.0,125507.0,140048.0,139773.0,135223.0,128251.0,128988.0,125261.28571428572,131707.33333333334,20.0,0.0,7.4,18.71
133762,128077.0,128236.0,135634.0,126063.0,138927.0,140363.0,130750.0,129517.0,128251.0,125628.42857142857,131378.16666666666,18.5,0.0,13.8,12.18
124363,133762.0,128077.0,128236.0,118029.0,128536.0,132183.0,122034.0,132096.0,129517.0,126728.28571428572,131210.93333333332,15.0,0.0,15.3,16.94
121035,124363.0,133762.0,128077.0,116302.0,126574.0,126416.0,125601.0,122125.0,132096.0,127633.14285714286,130848.93333333332,15.5,0.0,14.3,19.12
130321,121035.0,124363.0,133762.0,127058.0,136545.0,130360.0,141172.0,113235.0,122125.0,128309.28571428572,130525.1,0.0,0.0,27.9,18.37
122402,130321.0,121035.0,124363.0,135634.0,131994.0,129738.0,140180.0,126959.0,113235.0,128775.42857142857,130801.33333333331,2.5,0.0,33.1,18.67
120607,122402.0,130321.0,121035.0,128236.0,126791.0,135983.0,138469.0,125748.0,126959.0,126885.14285714286,130694.7,0.0,0.0,41.2,17.79
118569,120607.0,122402.0,130321.0,128077.0,125507.0,140048.0,139773.0,124617.0,125748.0,125795.28571428572,130009.2,0.0,0.0,37.2,17.74
115813,118569.0,120607.0,122402.0,133762.0,126063.0,138927.0,140363.0,128016.0,124617.0,124437.0,129288.83333333331,7.5,0.0,16.4,19.92
110810,115813.0,118569.0,120607.0,124363.0,118029.0,128536.0,132183.0,126067.0,128016.0,121872.85714285714,128533.63333333332,7.5,0.0,17.9,16.88
106228,110810.0,115813.0,118569.0,121035.0,116302.0,126574.0,126416.0,114037.0,126067.0,119936.71428571428,127568.2,18.5,0.0,4.0,20.69
130016,106228.0,110810.0,115813.0,130321.0,127058.0,136545.0,130360.0,112339.0,114037.0,117821.42857142857,126430.36666666668,17.0,0.0,16.1,9.0
132268,130016.0,106228.0,110810.0,122402.0,135634.0,131994.0,129738.0,125963.0,112339.0,117777.85714285714,126358.13333333332,9.5,0.0,33.3,10.07
127813,132268.0,130016.0,106228.0,120607.0,128236.0,126791.0,135983.0,123622.0,125963.0,119187.28571428572,126553.2,6.0,0.0,41.0,2.22
125791,127813.0,132268.0,130016.0,118569.0,128077.0,125507.0,140048.0,120106.0,123622.0,120216.71428571428,126468.3,13.0,0.0,14.4,20.23
126141,125791.0,127813.0,132268.0,115813.0,133762.0,126063.0,138927.0,121029.0,120106.0,121248.42857142857,126336.73333333334,4.0,0.0,23.8,21.28
114326,126141.0,125791.0,127813.0,110810.0,124363.0,118029.0,128536.0,117898.0,121029.0,122723.85714285714,126008.66666666669,0.0,0.0,30.1,21.51
108863,114326.0,126141.0,125791.0,106228.0,121035.0,116302.0,126574.0,108006.0,117898.0,123226.14285714286,125151.26666666666,0.0,0.0,34.1,21.49
118163,108863.0,114326.0,126141.0,130016.0,130321.0,127058.0,136545.0,110110.0,108006.0,123602.57142857143,124149.13333333332,0.0,0.0,41.5,20.47
117592,118163.0,108863.0,114326.0,132268.0,122402.0,135634.0,131994.0,122419.0,110110.0,121909.28571428572,123803.36666666668,0.0,0.0,46.4,5.43
119037,117592.0,118163.0,108863.0,127813.0,120607.0,128236.0,126791.0,115575.0,122419.0,119812.71428571428,123503.96666666666,0.0,0.0,52.0,16.21
117259,119037.0,117592.0,118163.0,125791.0,118569.0,128077.0,125507.0,116769.0,115575.0,118559.0,122920.36666666668,0.0,2.0,51.4,14.31
116519,117259.0,119037.0,117592.0,126141.0,115813.0,133762.0,126063.0,112983.0,116769.0,117340.14285714286,122429.2,0.0,0.0,41.3,17.68
104347,116519.0,117259.0,119037.0,114326.0,110810.0,124363.0,118029.0,109059.0,112983.0,115965.57142857143,122086.8,0.0,0.0,50.5,3.57
105956,104347.0,116519.0,117259.0,108863.0,106228.0,121035.0,116302.0,106277.0,109059.0,114540.0,121381.46666666666,0.0,0.0,27.8,21.22
114360,105956.0,104347.0,116519.0,118163.0,130016.0,130321.0,127058.0,106911.0,106277.0,114124.71428571428,120711.23333333334,0.0,0.0,34.6,22.77
114118,114360.0,105956.0,104347.0,117592.0,132268.0,122402.0,135634.0,111212.0,106911.0,113581.42857142857,120588.93333333332,0.0,0.0,48.9,9.6
114786,114118.0,114360.0,105956.0,119037.0,127813.0,120607.0,128236.0,111690.0,111212.0,113085.14285714286,120516.13333333332,2.0,0.0,34.1,11.08
116292,114786.0,114118.0,114360.0,117259.0,125791.0,118569.0,128077.0,109617.0,111690.0,112477.85714285714,120107.06666666668,16.5,0.0,13.7,15.26
120447,116292.0,114786.0,114118.0,116519.0,126141.0,115813.0,133762.0,109109.0,109617.0,112339.71428571428,119462.33333333331,7.5,0.0,18.4,24.13
111331,120447.0,116292.0,114786.0,104347.0,114326.0,110810.0,124363.0,109396.0,109109.0,112900.85714285714,119202.7,0.0,0.0,30.7,19.54
104967,111331.0,120447.0,116292.0,105956.0,108863.0,106228.0,121035.0,103204.0,109396.0,113898.57142857143,118644.5,0.0,0.0,29.4,24.04
114036,104967.0,111331.0,120447.0,114360.0,118163.0,130016.0,130321.0,101605.0,103204.0,113757.28571428572,117684.66666666669,0.0,0.0,28.9,24.55
113346,114036.0,104967.0,111331.0,114118.0,117592.0,132268.0,122402.0,105411.0,101605.0,113711.0,117340.43333333332,0.0,0.0,38.2,20.92
113367,113346.0,114036.0,104967.0,114786.0,119037.0,127813.0,120607.0,104373.0,105411.0,113600.71428571428,117084.13333333332,0.0,0.0,42.6,23.45
113231,113367.0,113346.0,114036.0,116292.0,117259.0,125791.0,118569.0,105413.0,104373.0,113398.0,116519.0,0.0,0.0,44.5,12.21
113740,113231.0,113367.0,113346.0,120447.0,116519.0,126141.0,115813.0,106910.0,105413.0,112960.71428571428,116213.3,0.0,0.0,50.1,16.39
105504,113740.0,113231.0,113367.0,111331.0,104347.0,114326.0,110810.0,108499.0,106910.0,112002.57142857143,115984.4,0.0,0.0,52.6,4.14
105602,105504.0,113740.0,113231.0,104967.0,105956.0,108863.0,106228.0,103586.0,108499.0,111170.14285714286,115548.9,2.0,0.0,42.5,4.24
117678,105602.0,105504.0,113740.0,114036.0,114360.0,118163.0,130016.0,100836.0,103586.0,111260.85714285714,115208.53333333334,0.0,0.0,41.8,20.55
115146,117678.0,105602.0,105504.0,113346.0,114118.0,117592.0,132268.0,108641.0,100836.0,111781.14285714286,115437.46666666666,0.0,0.0,47.0,17.22
114547,115146.0,117678.0,105602.0,113367.0,114786.0,119037.0,127813.0,105963.0,108641.0,112038.28571428572,115734.73333333334,0.0,0.0,50.2,4.22
116273,114547.0,115146.0,117678.0,113231.0,116292.0,117259.0,125791.0,106648.0,105963.0,112206.85714285714,115219.1,3.0,0.0,37.0,17.77
115586,116273.0,114547.0,115146.0,113740.0,120447.0,116519.0,126141.0,107893.0,106648.0,112641.42857142857,114685.93333333332,0.5,0.0,37.6,12.41
106596,115586.0,116273.0,114547.0,105504.0,111331.0,104347.0,114326.0,109478.0,107893.0,112905.14285714286,114278.36666666668,0.0,0.0,39.6,16.05
103432,106596.0,115586.0,116273.0,105602.0,104967.0,105956.0,108863.0,106391.0,109478.0,113061.14285714286,113638.53333333334,0.0,0.0,43.0,18.46
113034,103432.0,106596.0,115586.0,117678.0,114036.0,114360.0,118163.0,102400.0,106391.0,112751.14285714286,112881.56666666668,0.0,0.0,43.6,23.82
113496,113034.0,103432.0,106596.0,115146.0,113346.0,114118.0,117592.0,106144.0,102400.0,112087.71428571428,112838.5,0.0,0.0,40.1,17.85
113972,113496.0,113034.0,103432.0,114547.0,113367.0,114786.0,119037.0,107374.0,106144.0,111852.0,112992.93333333332,8.0,0.0,20.6,17.51
117557,113972.0,113496.0,113034.0,116273.0,113231.0,116292.0,117259.0,109181.0,107374.0,111769.85714285714,112853.23333333334,0.0,0.0,26.9,26.23
114808,117557.0,113972.0,113496.0,115586.0,113740.0,120447.0,116519.0,109799.0,109181.0,111953.28571428572,112852.06666666668,0.0,0.0,35.7,24.58
103866,114808.0,117557.0,113972.0,106596.0,105504.0,111331.0,104347.0,110868.0,109799.0,111842.14285714286,112711.1,0.0,0.0,44.5,10.41
103336,103866.0,114808.0,117557.0,103432.0,105602.0,104967.0,105956.0,101933.0,110868.0,111452.14285714286,112264.66666666669,0.0,0.0,28.0,27.48
113175,103336.0,103866.0,114808.0,113034.0,117678.0,114036.0,114360.0,104175.0,101933.0,111438.42857142857,111825.23333333334,0.0,0.0,32.5,23.16
113664,113175.0,103336.0,103866.0,113496.0,115146.0,113346.0,114118.0,110360.0,104175.0,111458.57142857143,112119.5,0.0,3.5,52.5,21.5
116211,113664.0,113175.0,103336.0,113972.0,114547.0,113367.0,114786.0,106833.0,110360.0,111482.57142857143,112376.43333333332,0.0,2.0,59.2,8.83
119535,116211.0,113664.0,113175.0,117557.0,116273.0,113231.0,116292.0,108896.0,106833.0,111802.42857142857,112438.13333333332,0.0,0.0,43.6,21.83
115848,119535.0,116211.0,113664.0,114808.0,115586.0,113740.0,120447.0,109556.0,108896.0,112085.0,112618.7,0.0,0.0,31.3,27.73
103765,115848.0,119535.0,116211.0,103866.0,106596.0,105504.0,111331.0,107240.0,109556.0,112233.57142857143,112654.1,0.0,4.0,44.2,21.77
104744,103765.0,115848.0,119535.0,103336.0,103432.0,105602.0,104967.0,101092.0,107240.0,112219.14285714286,112236.53333333334,0.0,0.0,50.0,7.15
116045,104744.0,103765.0,115848.0,113175.0,113034.0,117678.0,114036.0,101934.0,101092.0,112420.28571428572,111713.1,0.0,0.0,54.6,15.22
115824,116045.0,104744.0,103765.0,113664.0,113496.0,115146.0,113346.0,106922.0,101934.0,112830.28571428572,111870.23333333334,0.0,0.0,52.2,6.15
115496,115824.0,116045.0,104744.0,116211.0,113972.0,114547.0,113367.0,104493.0,106922.0,113138.85714285714,112232.13333333332,0.0,0.0,38.8,26.57
112628,115496.0,115824.0,116045.0,119535.0,117557.0,116273.0,113231.0,106901.0,104493.0,113036.71428571428,112280.8,0.0,0.0,39.0,23.22
111869,112628.0,115496.0,115824.0,115848.0,114808.0,115586.0,113740.0,105000.0,106901.0,112050.0,112256.86666666668,0.0,0.0,43.1,12.25
104435,111869.0,112628.0,115496.0,103765.0,103866.0,106596.0,105504.0,107045.0,105000.0,111481.57142857143,112206.93333333332,0.0,0.0,41.5,18.15
101730,104435.0,111869.0,112628.0,104744.0,103336.0,103432.0,105602.0,105448.0,107045.0,111577.28571428572,111913.73333333334,0.0,0.0,44.1,12.51
113642,101730.0,104435.0,111869.0,116045.0,113175.0,113034.0,117678.0,101273.0,105448.0,111146.71428571428,111513.4,0.0,0.0,37.3,20.95
112533,113642.0,101730.0,104435.0,115824.0,113664.0,113496.0,115146.0,106548.0,101273.0,110803.42857142857,111784.66666666669,0.0,0.0,36.3,27.86
112466,112533.0,113642.0,101730.0,115496.0,116211.0,113972.0,114547.0,106020.0,106548.0,110333.28571428572,112015.7,0.0,0.0,36.7,26.41
112234,112466.0,112533.0,113642.0,112628.0,119535.0,117557.0,116273.0,105496.0,106020.0,109900.42857142857,111841.96666666666,0.0,0.0,40.1,26.69
114713,112234.0,112466.0,112533.0,111869.0,115848.0,114808.0,115586.0,104813.0,105496.0,109844.14285714286,111744.9,0.0,2.0,42.9,25.86
106969,114713.0,112234.0,112466.0,104435.0,103765.0,103866.0,106596.0,112782.0,104813.0,110250.42857142857,111750.43333333332,0.0,2.0,44.8,21.23
106379,106969.0,114713.0,112234.0,101730.0,104744.0,103336.0,103432.0,109350.0,112782.0,110612.42857142857,111440.3,0.0,2.0,46.9,25.62
119562,106379.0,106969.0,114713.0,113642.0,116045.0,113175.0,113034.0,101478.0,109350.0,111276.57142857143,111133.4,0.0,6.0,46.4,24.8
125449,119562.0,106379.0,106969.0,112533.0,115824.0,113664.0,113496.0,106351.0,101478.0,112122.28571428572,111565.6,0.0,10.5,50.2,28.56
135636,125449.0,119562.0,106379.0,112466.0,115496.0,116211.0,113972.0,104990.0,106351.0,113967.42857142857,112299.5,0.0,2.5,47.1,28.03
127285,135636.0,125449.0,119562.0,112234.0,112628.0,119535.0,117557.0,104160.0,104990.0,117277.42857142857,113052.9,0.0,3.5,50.4,27.95
125978,127285.0,135636.0,125449.0,114713.0,111869.0,115848.0,114808.0,104754.0,104160.0,119427.57142857143,113512.53333333334,0.0,12.0,56.4,19.43
131007,125978.0,127285.0,135636.0,106969.0,104435.0,103765.0,103866.0,109076.0,104754.0,121036.85714285714,113912.73333333334,0.0,13.0,60.8,22.07
143933,131007.0,125978.0,127285.0,106379.0,101730.0,104744.0,103336.0,105665.0,109076.0,124470.85714285714,114361.06666666668,0.0,0.0,45.1,18.94
128641,143933.0,131007.0,125978.0,119562.0,113642.0,116045.0,113175.0,98759.0,105665.0,129835.71428571428,115331.9,0.0,0.5,50.9,24.41
124219,128641.0,143933.0,131007.0,125449.0,112533.0,115824.0,113664.0,102478.0,98759.0,131132.7142857143,116157.73333333334,0.0,10.5,63.9,23.4
143580,124219.0,128641.0,143933.0,135636.0,112466.0,115496.0,116211.0,111744.0,102478.0,130957.0,116853.83333333331,0.0,8.0,55.7,29.29
144678,143580.0,124219.0,128641.0,127285.0,112234.0,112628.0,119535.0,114887.0,111744.0,132091.85714285713,117867.33333333331,0.0,0.0,45.4,13.99
121714,144678.0,143580.0,124219.0,125978.0,114713.0,111869.0,115848.0,119979.0,114887.0,134576.57142857142,118901.13333333332,1.0,0.0,45.5,5.71
105407,121714.0,144678.0,143580.0,131007.0,106969.0,104435.0,103765.0,127358.0,119979.0,133967.42857142858,119084.56666666668,1.0,0.0,46.8,4.65
104357,105407.0,121714.0,144678.0,143933.0,106379.0,101730.0,104744.0,120443.0,127358.0,130310.28571428572,118613.63333333332,0.0,0.0,48.2,15.04
104281,104357.0,105407.0,121714.0,128641.0,119562.0,113642.0,116045.0,105733.0,120443.0,124656.57142857143,118230.6,0.0,1.5,52.5,20.8
118089,104281.0,104357.0,105407.0,124219.0,125449.0,112533.0,115824.0,108395.0,105733.0,121176.57142857143,118247.8,0.0,3.5,56.2,19.52
122150,118089.0,104281.0,104357.0,143580.0,135636.0,112466.0,115496.0,111306.0,108395.0,120300.85714285714,118692.63333333332,0.0,2.0,61.5,12.66
125374,122150.0,118089.0,104281.0,144678.0,127285.0,112234.0,112628.0,124072.0,111306.0,117239.42857142857,118896.13333333332,0.0,5.5,65.3,15.28
134942,125374.0,122150.0,118089.0,121714.0,125978.0,114713.0,111869.0,135911.0,124072.0,114481.71428571428,119214.46666666666,0.0,12.5,64.3,27.29
139282,134942.0,125374.0,122150.0,105407.0,131007.0,106969.0,104435.0,138728.0,135911.0,116371.42857142857,119862.66666666669,0.0,19.0,65.5,25.86
157383,139282.0,134942.0,125374.0,104357.0,143933.0,106379.0,101730.0,137443.0,138728.0,121210.71428571428,120751.13333333332,0.0,18.5,69.9,22.3
182078,157383.0,139282.0,134942.0,104281.0,128641.0,119562.0,113642.0,117827.0,137443.0,128785.85714285714,122268.26666666666,0.0,16.0,72.9,19.36
183066,182078.0,157383.0,139282.0,118089.0,124219.0,125449.0,112533.0,126037.0,117827.0,139899.7142857143,124856.36666666668,0.0,16.0,71.5,24.09
185200,183066.0,182078.0,157383.0,122150.0,143580.0,135636.0,112466.0,141241.0,126037.0,149182.14285714287,127567.56666666668,0.0,9.5,59.2,25.37
164490,185200.0,183066.0,182078.0,125374.0,144678.0,127285.0,112234.0,151018.0,141241.0,158189.2857142857,129952.83333333331,0.0,0.5,53.8,11.24
133401,164490.0,185200.0,183066.0,134942.0,121714.0,125978.0,114713.0,149906.0,151018.0,163777.2857142857,131684.73333333334,0.0,0.5,58.9,14.13
118807,133401.0,164490.0,185200.0,139282.0,105407.0,131007.0,106969.0,146423.0,149906.0,163557.14285714287,132382.56666666668,0.0,4.0,58.5,18.9
117076,118807.0,133401.0,164490.0,157383.0,104357.0,143933.0,106379.0,120480.0,146423.0,160632.14285714287,132601.66666666666,0.0,3.5,61.7,16.06
134552,117076.0,118807.0,133401.0,182078.0,104281.0,128641.0,119562.0,109258.0,120480.0,154874.0,132680.43333333332,0.0,8.0,59.9,24.62
142937,134552.0,117076.0,118807.0,183066.0,118089.0,124219.0,125449.0,121816.0,109258.0,148084.57142857142,133599.86666666667,0.0,4.5,49.7,29.93
135297,142937.0,134552.0,117076.0,185200.0,122150.0,143580.0,135636.0,124252.0,121816.0,142351.85714285713,134818.46666666667,0.0,2.5,46.9,30.29
132504,135297.0,142937.0,134552.0,164490.0,125374.0,144678.0,127285.0,127685.0,124252.0,135222.85714285713,135342.96666666667,0.0,8.5,53.1,27.42
141117,132504.0,135297.0,142937.0,133401.0,134942.0,121714.0,125978.0,134290.0,127685.0,130653.42857142857,135578.13333333333,0.0,11.5,62.4,21.2
144873,141117.0,132504.0,135297.0,118807.0,139282.0,105407.0,131007.0,140428.0,134290.0,131755.7142857143,135760.83333333334,0.0,11.0,65.7,23.68
147051,144873.0,141117.0,132504.0,117076.0,157383.0,104357.0,143933.0,139405.0,140428.0,135479.42857142858,136347.1,0.0,15.5,71.1,22.52
180010,147051.0,144873.0,141117.0,134552.0,182078.0,104281.0,128641.0,143250.0,139405.0,139761.57142857142,137049.53333333333,0.0,3.5,64.4,9.87
155375,180010.0,147051.0,144873.0,142937.0,183066.0,118089.0,124219.0,169030.0,143250.0,146255.57142857142,138682.96666666667,0.0,0.5,47.8,26.35
129862,155375.0,180010.0,147051.0,135297.0,185200.0,122150.0,143580.0,171255.0,169030.0,148032.42857142858,139064.36666666667,0.0,4.0,53.1,28.69
133803,129862.0,155375.0,180010.0,132504.0,164490.0,125374.0,144678.0,167586.0,171255.0,147256.0,139105.06666666668,0.0,7.5,59.2,28.53
138370,133803.0,129862.0,155375.0,141117.0,133401.0,134942.0,121714.0,157504.0,167586.0,147441.57142857142,139424.53333333333,0.0,10.5,68.8,19.55
147001,138370.0,133803.0,129862.0,144873.0,118807.0,139282.0,105407.0,157836.0,157504.0,147049.14285714287,139250.86666666667,0.0,16.5,71.7,19.62
159179,147001.0,138370.0,133803.0,147051.0,117076.0,157383.0,104357.0,147406.0,157836.0,147353.14285714287,139328.3,0.0,19.0,71.6,24.68
194131,159179.0,147001.0,138370.0,180010.0,134552.0,182078.0,104281.0,156108.0,147406.0,149085.7142857143,140577.13333333333,0.0,21.5,73.1,25.12
206885,194131.0,159179.0,147001.0,155375.0,142937.0,183066.0,118089.0,166276.0,156108.0,151103.0,143534.6,0.0,20.5,70.8,24.37
212086,206885.0,194131.0,159179.0,129862.0,135297.0,185200.0,122150.0,154125.0,166276.0,158461.57142857142,146952.2,0.0,13.0,69.9,13.59
185946,212086.0,206885.0,194131.0,133803.0,132504.0,164490.0,125374.0,152004.0,154125.0,170207.85714285713,150545.7,0.0,5.5,68.4,11.53
161877,185946.0,212086.0,206885.0,138370.0,141117.0,133401.0,134942.0,163768.0,152004.0,177656.85714285713,152807.6,0.0,0.0,60.1,11.15
120541,161877.0,185946.0,212086.0,147001.0,144873.0,118807.0,139282.0,166411.0,163768.0,181015.0,154131.83333333334,0.0,4.5,60.6,23.67
118334,120541.0,161877.0,185946.0,159179.0,147051.0,117076.0,157383.0,145710.0,166411.0,177235.0,153970.73333333334,0.0,10.0,66.8,22.28
141039,118334.0,120541.0,161877.0,194131.0,180010.0,134552.0,182078.0,155847.0,145710.0,171400.0,153417.13333333333,0.0,16.5,69.4,24.7
178255,141039.0,118334.0,120541.0,206885.0,155375.0,142937.0,183066.0,176113.0,155847.0,163815.42857142858,153475.7,0.0,16.0,73.2,24.42
190084,178255.0,141039.0,118334.0,212086.0,129862.0,135297.0,185200.0,167938.0,176113.0,159725.42857142858,154171.43333333332,0.0,12.5,72.1,14.96
184239,190084.0,178255.0,141039.0,185946.0,133803.0,132504.0,164490.0,175949.0,167938.0,156582.2857142857,154438.3,0.0,12.5,70.1,17.21
172232,184239.0,190084.0,178255.0,161877.0,138370.0,141117.0,133401.0,180313.0,175949.0,156338.42857142858,154477.4,0.0,9.5,68.2,18.81
152105,172232.0,184239.0,190084.0,120541.0,147001.0,144873.0,118807.0,168873.0,180313.0,157817.7142857143,154045.13333333333,0.0,9.0,69.0,10.85
146754,152105.0,172232.0,184239.0,118334.0,159179.0,147051.0,117076.0,161294.0,168873.0,162326.85714285713,153632.3,0.0,14.0,73.7,13.92
176422,146754.0,152105.0,172232.0,141039.0,194131.0,180010.0,134552.0,157805.0,161294.0,166386.85714285713,154077.4,0.0,5.5,70.0,10.24
157758,176422.0,146754.0,152105.0,178255.0,206885.0,155375.0,142937.0,176295.0,157805.0,171441.57142857142,155997.9,0.0,13.0,71.4,20.1
169728,157758.0,176422.0,146754.0,190084.0,212086.0,129862.0,135297.0,170243.0,176295.0,168513.42857142858,157353.96666666667,0.0,16.5,71.7,23.07
183799,169728.0,157758.0,176422.0,184239.0,185946.0,133803.0,132504.0,164706.0,170243.0,165605.42857142858,158526.5,0.0,20.0,71.5,24.56
198095,183799.0,169728.0,157758.0,172232.0,161877.0,138370.0,141117.0,153193.0,164706.0,165542.57142857142,159888.56666666668,0.0,17.0,74.1,22.27
181974,198095.0,183799.0,169728.0,152105.0,120541.0,147001.0,144873.0,159279.0,153193.0,169237.2857142857,161981.83333333334,0.0,13.0,70.0,21.59
163541,181974.0,198095.0,183799.0,146754.0,118334.0,159179.0,147051.0,164104.0,159279.0,173504.2857142857,163630.83333333334,0.0,11.0,66.1,21.42
167678,163541.0,181974.0,198095.0,176422.0,141039.0,194131.0,180010.0,177705.0,164104.0,175902.42857142858,164378.3,0.0,14.5,68.7,25.12
178188,167678.0,163541.0,181974.0,157758.0,178255.0,206885.0,155375.0,206726.0,177705.0,174653.2857142857,165138.46666666667,0.0,10.0,67.3,20.53
172786,178188.0,167678.0,163541.0,169728.0,190084.0,212086.0,129862.0,197281.0,206726.0,177571.85714285713,166176.36666666667,0.0,9.0,59.6,23.94
157731,172786.0,178188.0,167678.0,183799.0,184239.0,185946.0,133803.0,199626.0,197281.0,178008.7142857143,165935.56666666668,0.0,10.0,57.9,24.76
153539,157731.0,172786.0,178188.0,198095.0,172232.0,161877.0,138370.0,189744.0,199626.0,174284.7142857143,166014.1,0.0,10.5,62.3,24.79
144541,153539.0,157731.0,172786.0,181974.0,152105.0,120541.0,147001.0,174543.0,189744.0,167919.57142857142,166803.33333333334,0.0,9.5,68.1,15.3
150491,144541.0,153539.0,157731.0,163541.0,146754.0,118334.0,159179.0,168864.0,174543.0,162572.0,167161.26666666666,0.0,15.0,66.7,24.38
181389,150491.0,144541.0,153539.0,167678.0,176422.0,141039.0,194131.0,178655.0,168864.0,160707.7142857143,167565.3,0.0,16.0,64.9,23.76
181143,181389.0,150491.0,144541.0,178188.0,157758.0,178255.0,206885.0,201034.0,178655.0,162666.42857142858,168711.56666666668,0.0,10.0,64.1,23.57
170345,181143.0,181389.0,150491.0,172786.0,169728.0,190084.0,212086.0,208612.0,201034.0,163088.57142857142,169443.7,0.0,8.0,68.4,13.47
164946,170345.0,181143.0,181389.0,157731.0,183799.0,184239.0,185946.0,200098.0,208612.0,162739.85714285713,168650.83333333334,0.0,9.5,61.1,25.87
157158,164946.0,170345.0,181143.0,153539.0,198095.0,172232.0,161877.0,196658.0,200098.0,163770.57142857142,167252.86666666667,0.0,3.5,53.4,26.48
129226,157158.0,164946.0,170345.0,144541.0,181974.0,152105.0,120541.0,174916.0,196658.0,164287.57142857142,165421.93333333332,0.0,6.5,60.8,18.15
132174,129226.0,157158.0,164946.0,150491.0,163541.0,146754.0,118334.0,166262.0,174916.0,162099.7142857143,163531.26666666666,0.0,6.5,58.5,24.6
145959,132174.0,129226.0,157158.0,181389.0,167678.0,176422.0,141039.0,178006.0,166262.0,159483.0,162541.16666666666,0.0,7.0,56.3,14.04
143955,145959.0,132174.0,129226.0,181143.0,178188.0,157758.0,178255.0,192243.0,178006.0,154421.57142857142,163388.43333333332,0.0,6.5,60.5,12.75
144567,143955.0,145959.0,132174.0,170345.0,172786.0,169728.0,190084.0,173030.0,192243.0,149109.0,164242.46666666667,0.0,10.0,63.0,13.11
149371,144567.0,143955.0,145959.0,164946.0,157731.0,183799.0,184239.0,175850.0,173030.0,145426.42857142858,164360.06666666668,0.0,14.0,63.8,23.0
163006,149371.0,144567.0,143955.0,157158.0,153539.0,198095.0,172232.0,165168.0,175850.0,143201.42857142858,163397.26666666666,0.0,15.0,63.7,20.57
154929,163006.0,149371.0,144567.0,129226.0,144541.0,181974.0,152105.0,156931.0,165168.0,144036.85714285713,162494.66666666666,0.0,6.5,63.9,10.55
139597,154929.0,163006.0,149371.0,132174.0,150491.0,163541.0,146754.0,149407.0,156931.0,147708.7142857143,161517.66666666666,0.0,10.0,68.0,15.4
158928,139597.0,154929.0,163006.0,145959.0,181389.0,167678.0,176422.0,158993.0,149407.0,148769.14285714287,160429.83333333334,0.0,12.5,71.8,14.93
171450,158928.0,139597.0,154929.0,143955.0,181143.0,178188.0,157758.0,192624.0,158993.0,150621.85714285713,160657.26666666666,0.0,16.0,74.3,21.43
187093,171450.0,158928.0,139597.0,144567.0,170345.0,172786.0,169728.0,196654.0,192624.0,154549.7142857143,161480.46666666667,0.0,18.5,72.1,23.94
195957,187093.0,171450.0,158928.0,149371.0,164946.0,157731.0,183799.0,194976.0,196654.0,160624.85714285713,161836.16666666666,0.0,21.0,72.3,23.53
202936,195957.0,187093.0,171450.0,163006.0,157158.0,153539.0,198095.0,176561.0,194976.0,167280.0,163109.46666666667,0.0,17.0,70.3,18.01
185433,202936.0,195957.0,187093.0,154929.0,129226.0,144541.0,181974.0,173737.0,176561.0,172984.2857142857,164216.4,0.0,11.5,57.7,24.12
153218,185433.0,202936.0,195957.0,139597.0,132174.0,150491.0,163541.0,149644.0,173737.0,177342.0,164270.86666666667,0.0,11.0,62.3,15.79
165007,153218.0,185433.0,202936.0,158928.0,145959.0,181389.0,167678.0,132458.0,149644.0,179287.85714285713,162774.96666666667,0.0,12.0,66.7,12.42
166593,165007.0,153218.0,185433.0,171450.0,143955.0,181143.0,178188.0,146349.0,132458.0,180156.2857142857,162209.4,0.0,13.5,72.0,11.31
177119,166593.0,165007.0,153218.0,187093.0,144567.0,170345.0,172786.0,151335.0,146349.0,179462.42857142858,162311.13333333333,0.0,15.0,72.0,16.44
186082,177119.0,166593.0,165007.0,195957.0,149371.0,164946.0,157731.0,148208.0,151335.0,178037.57142857142,162625.83333333334,0.0,13.5,69.3,9.52
175365,186082.0,177119.0,166593.0,202936.0,163006.0,157158.0,153539.0,143655.0,148208.0,176626.85714285713,162888.96666666667,0.0,12.5,72.2,12.77
162279,175365.0,186082.0,177119.0,185433.0,154929.0,129226.0,144541.0,155925.0,143655.0,172688.14285714287,162974.93333333332,0.0,8.0,72.0,2.5
151885,162279.0,175365.0,186082.0,153218.0,139597.0,132174.0,150491.0,159428.0,155925.0,169380.42857142858,163126.53333333333,0.0,12.0,71.3,14.34
168032,151885.0,162279.0,175365.0,165007.0,158928.0,145959.0,181389.0,161737.0,159428.0,169190.0,163071.4,0.0,15.5,69.4,23.55
181545,168032.0,151885.0,162279.0,166593.0,171450.0,143955.0,181143.0,187477.0,161737.0,169622.14285714287,163854.43333333332,0.0,16.5,69.3,21.51
189996,181545.0,168032.0,151885.0,177119.0,187093.0,144567.0,170345.0,186000.0,187477.0,171758.14285714287,164889.56666666668,0.0,19.5,73.3,21.4
202186,189996.0,181545.0,168032.0,186082.0,195957.0,149371.0,164946.0,152877.0,186000.0,173597.7142857143,165176.46666666667,0.0,19.0,73.9,20.2
201023,202186.0,189996.0,181545.0,175365.0,202936.0,163006.0,157158.0,169235.0,152877.0,175898.2857142857,165877.9,0.0,9.0,68.2,9.84
154176,201023.0,202186.0,189996.0,162279.0,185433.0,154929.0,129226.0,169728.0,169235.0,179563.7142857143,166900.5,0.0,6.5,66.3,7.16
136489,154176.0,201023.0,202186.0,151885.0,153218.0,139597.0,132174.0,157366.0,169728.0,178406.14285714287,166541.5,0.0,14.0,72.4,13.15
175220,136489.0,154176.0,201023.0,168032.0,165007.0,158928.0,145959.0,136586.0,157366.0,176206.7142857143,165852.53333333333,0.0,13.0,67.4,17.87
176635,175220.0,136489.0,154176.0,181545.0,166593.0,171450.0,143955.0,142345.0,136586.0,177233.57142857142,167385.66666666666,0.0,5.5,67.1,3.22
159108,176635.0,175220.0,136489.0,189996.0,177119.0,187093.0,144567.0,148628.0,142345.0,176532.14285714287,168867.7,0.0,4.0,54.6,22.68
135740,159108.0,176635.0,175220.0,202186.0,186082.0,195957.0,149371.0,159644.0,148628.0,172119.57142857142,169306.0,0.0,1.5,54.1,16.91
131258,135740.0,159108.0,176635.0,201023.0,175365.0,202936.0,163006.0,165090.0,159644.0,162627.2857142857,169032.16666666666,0.0,5.0,57.7,21.07
125285,131258.0,135740.0,159108.0,154176.0,162279.0,185433.0,154929.0,164625.0,165090.0,152660.85714285713,168588.53333333333,0.0,5.5,64.1,9.73
128107,125285.0,131258.0,135740.0,136489.0,151885.0,153218.0,139597.0,135671.0,164625.0,148533.57142857142,167785.66666666666,0.0,10.0,62.8,20.62
138924,128107.0,125285.0,131258.0,175220.0,168032.0,165007.0,158928.0,134051.0,135671.0,147336.14285714287,166622.36666666667,0.0,7.0,58.6,22.09
149054,138924.0,128107.0,125285.0,176635.0,181545.0,166593.0,171450.0,139862.0,134051.0,142151.0,166088.86666666667,0.0,11.0,66.0,16.73
163652,149054.0,138924.0,128107.0,159108.0,189996.0,177119.0,187093.0,160943.0,139862.0,138210.85714285713,166404.1,0.0,7.0,67.9,4.24
156434,163652.0,149054.0,138924.0,135740.0,202186.0,186082.0,195957.0,163131.0,160943.0,138860.0,166561.56666666668,0.0,3.5,54.8,21.63
139917,156434.0,163652.0,149054.0,131258.0,201023.0,175365.0,202936.0,173525.0,163131.0,141816.2857142857,166061.03333333333,0.0,3.0,53.9,19.48
127733,139917.0,156434.0,163652.0,125285.0,154176.0,162279.0,185433.0,156396.0,173525.0,143053.2857142857,164488.5,0.0,8.5,62.2,19.31
138482,127733.0,139917.0,156434.0,128107.0,136489.0,151885.0,153218.0,123692.0,156396.0,143403.0,162214.36666666667,0.0,10.0,66.2,17.37
170347,138482.0,127733.0,139917.0,138924.0,175220.0,168032.0,165007.0,125168.0,123692.0,144885.14285714287,160065.9,0.0,8.5,65.0,18.76
162684,170347.0,138482.0,127733.0,149054.0,176635.0,181545.0,166593.0,140333.0,125168.0,149374.14285714287,159563.03333333333,0.0,13.0,69.1,17.22
176961,162684.0,170347.0,138482.0,163652.0,159108.0,189996.0,177119.0,120318.0,140333.0,151321.2857142857,159878.56666666668,0.0,8.5,65.8,11.96
160157,176961.0,162684.0,170347.0,156434.0,135740.0,202186.0,186082.0,122745.0,120318.0,153222.57142857142,160277.03333333333,0.0,7.0,67.9,8.72
156474,160157.0,176961.0,162684.0,139917.0,131258.0,201023.0,175365.0,132433.0,122745.0,153754.42857142858,160062.5,0.0,11.5,67.6,13.96
149956,156474.0,160157.0,176961.0,127733.0,125285.0,154176.0,162279.0,126466.0,132433.0,156119.7142857143,159374.33333333334,0.0,5.0,57.0,20.31
134734,149956.0,156474.0,160157.0,138482.0,128107.0,136489.0,151885.0,104631.0,126466.0,159294.42857142858,158170.13333333333,0.0,4.0,58.7,15.42
143830,134734.0,149956.0,156474.0,170347.0,138924.0,175220.0,168032.0,102087.0,104631.0,158759.0,156815.76666666666,0.0,4.5,61.1,12.94
144080,143830.0,134734.0,149956.0,162684.0,149054.0,176635.0,181545.0,113299.0,102087.0,154970.85714285713,156200.8,0.0,10.5,69.4,12.89
161347,144080.0,143830.0,134734.0,176961.0,163652.0,159108.0,189996.0,115339.0,113299.0,152313.14285714287,155940.63333333333,0.0,6.5,68.5,13.5
163865,161347.0,144080.0,143830.0,160157.0,156434.0,135740.0,202186.0,122567.0,115339.0,150082.57142857142,155717.8,0.0,0.0,54.9,19.04
136329,163865.0,161347.0,144080.0,156474.0,139917.0,131258.0,201023.0,126418.0,122567.0,150612.2857142857,155128.46666666667,0.0,1.0,55.8,19.2
122402,136329.0,163865.0,161347.0,149956.0,127733.0,125285.0,154176.0,130336.0,126418.0,147734.42857142858,153339.56666666668,0.0,1.0,50.3,18.19
117189,122402.0,136329.0,163865.0,134734.0,138482.0,128107.0,136489.0,121738.0,130336.0,143798.14285714287,150680.1,0.0,5.0,51.5,18.14
133727,117189.0,122402.0,136329.0,143830.0,170347.0,138924.0,175220.0,128592.0,121738.0,141291.7142857143,147885.63333333333,0.0,1.0,59.3,7.97
136749,133727.0,117189.0,122402.0,144080.0,162684.0,149054.0,176635.0,143996.0,128592.0,139848.42857142858,147204.0,0.0,0.0,46.5,15.72
123112,136749.0,133727.0,117189.0,161347.0,176961.0,163652.0,159108.0,144392.0,143996.0,138801.14285714287,147212.66666666666,0.0,0.0,47.2,13.56
120583,123112.0,136749.0,133727.0,163865.0,160157.0,156434.0,135740.0,130746.0,144392.0,133339.0,145475.73333333334,0.0,0.0,46.5,18.27
118461,120583.0,123112.0,136749.0,136329.0,156474.0,139917.0,131258.0,124448.0,130746.0,127155.85714285714,143607.33333333334,0.0,0.5,51.6,17.53
113157,118461.0,120583.0,123112.0,122402.0,149956.0,127733.0,125285.0,119364.0,124448.0,124603.28571428572,142252.43333333332,0.0,4.0,58.4,16.65
120008,113157.0,118461.0,120583.0,117189.0,134734.0,138482.0,128107.0,106734.0,119364.0,123282.57142857143,141499.66666666666,0.0,2.5,64.5,4.87
138989,120008.0,113157.0,118461.0,133727.0,143830.0,170347.0,138924.0,105318.0,106734.0,123685.28571428572,141124.66666666666,0.0,0.0,58.1,7.38
126645,138989.0,120008.0,113157.0,136749.0,144080.0,162684.0,149054.0,117408.0,105318.0,124437.0,141581.46666666667,0.0,0.0,59.3,7.01
127627,126645.0,138989.0,120008.0,123112.0,161347.0,176961.0,163652.0,118881.0,117408.0,122993.57142857143,141532.73333333334,0.0,2.5,61.3,10.53
132754,127627.0,126645.0,138989.0,120583.0,163865.0,160157.0,156434.0,121276.0,118881.0,123638.57142857143,141156.16666666666,0.0,3.5,60.9,12.34
134616,132754.0,127627.0,126645.0,118461.0,136329.0,156474.0,139917.0,115797.0,121276.0,125377.28571428572,140612.83333333334,0.0,0.0,56.9,8.28
116687,134616.0,132754.0,127627.0,113157.0,122402.0,149956.0,127733.0,115621.0,115797.0,127685.14285714286,139644.96666666667,0.0,0.0,58.9,4.11
113337,116687.0,134616.0,132754.0,120008.0,117189.0,134734.0,138482.0,109591.0,115621.0,128189.42857142857,138320.06666666668,0.0,1.0,59.2,11.12
123650,113337.0,116687.0,134616.0,138989.0,133727.0,143830.0,170347.0,109203.0,109591.0,127236.42857142857,137434.06666666668,0.0,0.0,59.4,10.57
128455,123650.0,113337.0,116687.0,126645.0,136749.0,144080.0,162684.0,115034.0,109203.0,125045.14285714286,137297.96666666667,0.0,0.0,61.3,7.15
130421,128455.0,123650.0,113337.0,127627.0,123112.0,161347.0,176961.0,117329.0,115034.0,125303.71428571428,136963.73333333334,0.0,4.0,59.6,13.83
134765,130421.0,128455.0,123650.0,132754.0,120583.0,163865.0,160157.0,116042.0,117329.0,125702.85714285714,135632.86666666667,0.0,6.0,60.3,14.21
138700,134765.0,130421.0,128455.0,134616.0,118461.0,136329.0,156474.0,118942.0,116042.0,125990.14285714286,134702.23333333334,0.0,1.0,62.0,11.51
127522,138700.0,134765.0,130421.0,116687.0,113157.0,122402.0,149956.0,119472.0,118942.0,126573.57142857143,133426.86666666667,0.0,0.0,45.6,14.48
109050,127522.0,138700.0,134765.0,113337.0,120008.0,117189.0,134734.0,106085.0,119472.0,128121.42857142857,132339.03333333333,0.0,0.0,39.0,13.69
117306,109050.0,127522.0,138700.0,123650.0,138989.0,133727.0,143830.0,104650.0,106085.0,127509.0,130758.23333333334,0.0,0.0,40.6,14.94
118891,117306.0,109050.0,127522.0,128455.0,126645.0,136749.0,144080.0,116323.0,104650.0,126602.71428571428,129669.9,0.0,0.5,47.7,14.37
122707,118891.0,117306.0,109050.0,130421.0,127627.0,123112.0,161347.0,120125.0,116323.0,125236.42857142857,129141.8,0.0,1.0,53.1,14.04
126201,122707.0,118891.0,117306.0,134765.0,132754.0,120583.0,163865.0,122147.0,120125.0,124134.42857142857,128437.7,0.0,0.0,51.9,11.52
124472,126201.0,122707.0,118891.0,138700.0,134616.0,118461.0,136329.0,125364.0,122147.0,122911.0,127841.73333333334,0.0,0.0,44.3,8.2
108488,124472.0,126201.0,122707.0,127522.0,116687.0,113157.0,122402.0,123335.0,125364.0,120878.42857142857,126612.56666666668,0.0,0.0,44.4,10.97
105809,108488.0,124472.0,126201.0,109050.0,113337.0,120008.0,117189.0,110835.0,123335.0,118159.28571428572,124766.66666666669,0.0,0.0,60.7,8.39
124399,105809.0,108488.0,124472.0,117306.0,123650.0,138989.0,133727.0,105630.0,110835.0,117696.28571428572,123749.33333333331,0.0,0.0,57.4,3.79
122736,124399.0,105809.0,108488.0,118891.0,128455.0,126645.0,136749.0,118637.0,105630.0,118709.57142857143,123815.9,0.0,0.0,47.7,9.35
119791,122736.0,124399.0,105809.0,122707.0,130421.0,127627.0,123112.0,117580.0,118637.0,119258.85714285714,124000.8,0.0,0.0,44.7,12.21
118554,119791.0,122736.0,124399.0,126201.0,134765.0,132754.0,120583.0,118593.0,117580.0,118842.28571428572,123536.26666666666,0.0,0.0,45.1,5.72
117986,118554.0,119791.0,122736.0,124472.0,138700.0,134616.0,118461.0,120202.0,118593.0,117749.85714285714,122929.76666666666,0.0,0.0,55.3,8.76
111022,117986.0,118554.0,119791.0,108488.0,127522.0,116687.0,113157.0,122224.0,120202.0,116823.28571428572,122758.9,0.0,0.0,52.3,11.09
107613,111022.0,117986.0,118554.0,105809.0,109050.0,113337.0,120008.0,112805.0,122224.0,117185.28571428572,122440.2,0.0,0.0,41.0,12.76
116568,107613.0,111022.0,117986.0,124399.0,117306.0,123650.0,138989.0,114855.0,112805.0,117443.0,122078.6,1.5,0.0,38.4,5.48
118536,116568.0,107613.0,111022.0,122736.0,118891.0,128455.0,126645.0,123419.0,114855.0,116324.28571428572,122192.3,4.0,0.0,33.8,12.37
120557,118536.0,116568.0,107613.0,119791.0,122707.0,130421.0,127627.0,122065.0,123419.0,115724.28571428572,122143.23333333334,5.5,0.0,32.4,11.29
122026,120557.0,118536.0,116568.0,118554.0,126201.0,134765.0,132754.0,120534.0,122065.0,115833.71428571428,121528.83333333331,5.0,0.0,33.0,12.51
122425,122026.0,120557.0,118536.0,117986.0,124472.0,138700.0,134616.0,118616.0,120534.0,116329.71428571428,121374.86666666668,4.0,0.0,34.5,12.38
111253,122425.0,122026.0,120557.0,111022.0,108488.0,127522.0,116687.0,117652.0,118616.0,116963.85714285714,121201.46666666666,3.5,0.0,36.0,11.83
115399,111253.0,122425.0,122026.0,107613.0,105809.0,109050.0,113337.0,108576.0,117652.0,116996.85714285714,120484.76666666666,0.0,0.0,39.6,11.67
119783,115399.0,111253.0,122425.0,116568.0,124399.0,117306.0,123650.0,107166.0,108576.0,118109.14285714286,119844.2,0.0,0.0,45.7,11.33
121457,119783.0,115399.0,111253.0,118536.0,122736.0,118891.0,128455.0,119150.0,107166.0,118568.42857142857,119947.4,0.0,0.0,43.2,11.35
120398,121457.0,119783.0,115399.0,120557.0,119791.0,122707.0,130421.0,121202.0,119150.0,118985.71428571428,120218.06666666668,0.0,0.0,42.2,10.03
118862,120398.0,121457.0,119783.0,122026.0,118554.0,126201.0,134765.0,122832.0,121202.0,118963.0,120109.66666666669,0.0,0.0,54.0,3.99
122015,118862.0,120398.0,121457.0,122425.0,117986.0,124472.0,138700.0,121526.0,122832.0,118511.0,119789.9,0.0,0.0,40.8,8.06
111370,122015.0,118862.0,120398.0,111253.0,111022.0,108488.0,127522.0,119467.0,121526.0,118452.42857142857,119509.7,7.0,0.0,31.8,7.55
111389,111370.0,122015.0,118862.0,115399.0,107613.0,105809.0,109050.0,109822.0,119467.0,118469.14285714286,118729.86666666668,7.0,0.0,34.0,6.11
125413,111389.0,111370.0,122015.0,119783.0,116568.0,124399.0,117306.0,109321.0,109822.0,117896.28571428572,117819.5,7.5,0.0,28.3,10.47
126053,125413.0,111389.0,111370.0,121457.0,118536.0,122736.0,118891.0,118680.0,109321.0,118700.57142857143,117749.2,2.5,0.0,38.2,8.14
124707,126053.0,125413.0,111389.0,120398.0,120557.0,119791.0,122707.0,122273.0,118680.0,119357.14285714286,118315.96666666666,0.0,0.0,49.9,10.02
122628,124707.0,126053.0,125413.0,118862.0,122026.0,118554.0,126201.0,128163.0,122273.0,119972.71428571428,118562.66666666669,6.5,0.0,29.4,10.34
123628,122628.0,124707.0,126053.0,122015.0,122425.0,117986.0,124472.0,126776.0,128163.0,120510.71428571428,118687.23333333334,9.0,0.0,30.7,9.66
115831,123628.0,122628.0,124707.0,111370.0,111253.0,111022.0,108488.0,120227.0,126776.0,120741.14285714286,118717.93333333332,0.0,0.0,40.0,9.52
112537,115831.0,123628.0,122628.0,111389.0,115399.0,107613.0,105809.0,108928.0,120227.0,121378.42857142857,118372.26666666666,5.0,0.0,38.1,3.66
124473,112537.0,115831.0,123628.0,125413.0,119783.0,116568.0,124399.0,109824.0,108928.0,121542.42857142857,117974.43333333332,13.0,0.0,19.1,9.62
129289,124473.0,112537.0,115831.0,126053.0,121457.0,118536.0,122736.0,119483.0,109824.0,121408.14285714286,118507.26666666666,12.5,0.0,22.0,10.12
128530,129289.0,124473.0,112537.0,124707.0,120398.0,120557.0,119791.0,121288.0,119483.0,121870.42857142857,119289.93333333332,2.5,0.0,31.4,7.93
112937,128530.0,129289.0,124473.0,122628.0,118862.0,122026.0,118554.0,119281.0,121288.0,122416.57142857143,119427.63333333332,8.0,0.0,33.6,4.68
119173,112937.0,128530.0,129289.0,123628.0,122015.0,122425.0,117986.0,109892.0,119281.0,121032.14285714286,119101.0,13.5,0.0,20.2,9.24
119286,119173.0,112937.0,128530.0,115831.0,111370.0,111253.0,111022.0,112019.0,109892.0,120395.71428571428,119080.4,13.0,0.0,28.8,3.47
119589,119286.0,119173.0,112937.0,112537.0,111389.0,115399.0,107613.0,108414.0,112019.0,120889.28571428572,119104.8,11.0,0.0,26.8,8.49
130792,119589.0,119286.0,119173.0,124473.0,125413.0,119783.0,116568.0,108279.0,108414.0,121896.71428571428,119158.23333333334,14.0,0.0,26.3,4.78
133370,130792.0,119589.0,119286.0,129289.0,126053.0,121457.0,118536.0,121164.0,108279.0,122799.42857142857,119817.23333333334,5.5,0.0,30.2,8.72
129347,133370.0,130792.0,119589.0,128530.0,124707.0,120398.0,120557.0,120096.0,121164.0,123382.42857142857,120675.8,0.0,0.0,43.2,5.79
126233,129347.0,133370.0,130792.0,112937.0,122628.0,118862.0,122026.0,125808.0,120096.0,123499.14285714286,121101.76666666666,7.5,0.0,27.6,7.92
125159,126233.0,129347.0,133370.0,119173.0,123628.0,122015.0,122425.0,125099.0,125808.0,125398.57142857143,121358.33333333331,8.0,0.0,29.5,8.59
119139,125159.0,126233.0,129347.0,119286.0,115831.0,111370.0,111253.0,123623.0,125099.0,126253.71428571428,121511.73333333334,6.0,0.0,27.9,8.34
115555,119139.0,125159.0,126233.0,119589.0,112537.0,111389.0,115399.0,116918.0,123623.0,126232.71428571428,121415.5,0.0,0.0,48.7,5.64
125874,115555.0,119139.0,125159.0,130792.0,124473.0,125413.0,119783.0,117329.0,116918.0,125656.42857142857,121186.5,10.5,0.0,23.0,8.15
128524,125874.0,115555.0,119139.0,133370.0,129289.0,126053.0,121457.0,129894.0,117329.0,124953.85714285714,121673.86666666668,12.0,0.0,30.2,3.3
131138,128524.0,125874.0,115555.0,129347.0,128530.0,124707.0,120398.0,133566.0,129894.0,124261.57142857143,122111.36666666668,15.0,0.0,22.9,6.94
132700,131138.0,128524.0,125874.0,126233.0,112937.0,122628.0,118862.0,133914.0,133566.0,124517.42857142857,122489.86666666668,6.0,0.0,32.4,5.36
128072,132700.0,131138.0,128524.0,125159.0,119173.0,123628.0,122015.0,128387.0,133914.0,125441.28571428572,122864.63333333332,0.0,0.0,50.7,2.11
116338,128072.0,132700.0,131138.0,119139.0,119286.0,115831.0,111370.0,125083.0,128387.0,125857.42857142857,123120.43333333332,1.0,0.0,25.6,8.97
115082,116338.0,128072.0,132700.0,115555.0,119589.0,112537.0,111389.0,115626.0,125083.0,125457.28571428572,123036.3,3.5,0.0,24.5,7.97
125997,115082.0,116338.0,128072.0,125874.0,130792.0,124473.0,125413.0,111408.0,115626.0,125389.71428571428,122805.2,1.5,0.0,27.6,8.65
126500,125997.0,115082.0,116338.0,128524.0,133370.0,129289.0,126053.0,127287.0,111408.0,125407.28571428572,123292.76666666666,1.5,0.0,36.0,7.28
126642,126500.0,125997.0,115082.0,131138.0,129347.0,128530.0,124707.0,131009.0,127287.0,125118.14285714286,123796.46666666666,0.0,0.0,45.6,7.04
124172,126642.0,126500.0,125997.0,132700.0,126233.0,112937.0,122628.0,137711.0,131009.0,124475.85714285714,123837.43333333332,0.0,0.0,35.0,8.1
120573,124172.0,126642.0,126500.0,128072.0,125159.0,119173.0,123628.0,137467.0,137711.0,123257.57142857143,123774.73333333334,6.5,0.0,35.1,1.29
117721,120573.0,124172.0,126642.0,116338.0,119139.0,119286.0,115831.0,139444.0,137467.0,122186.28571428572,123636.93333333332,13.5,0.0,28.2,6.55
118663,117721.0,120573.0,124172.0,115082.0,115555.0,119589.0,112537.0,130836.0,139444.0,122383.85714285714,123473.36666666668,19.0,0.0,18.3,8.79
133775,118663.0,117721.0,120573.0,125997.0,125874.0,130792.0,124473.0,125645.0,130836.0,122895.42857142857,123307.86666666668,13.0,0.0,26.4,6.49
132331,133775.0,118663.0,117721.0,126500.0,128524.0,133370.0,129289.0,130958.0,125645.0,124006.57142857143,123906.0,10.0,0.0,29.7,7.85
128868,132331.0,133775.0,118663.0,126642.0,131138.0,129347.0,128530.0,129218.0,130958.0,124839.57142857143,124565.8,16.5,0.0,17.7,7.05
132307,128868.0,132331.0,133775.0,124172.0,132700.0,126233.0,112937.0,128292.0,129218.0,125157.57142857143,124712.3,15.0,0.0,29.3,7.38
124106,132307.0,128868.0,132331.0,120573.0,128072.0,125159.0,119173.0,121602.0,128292.0,126319.71428571428,124812.9,6.0,0.0,40.4,1.94
115095,124106.0,132307.0,128868.0,117721.0,116338.0,119139.0,119286.0,113711.0,121602.0,126824.42857142857,124665.43333333332,5.0,0.0,34.9,6.49
113618,115095.0,124106.0,132307.0,118663.0,115082.0,115555.0,119589.0,123588.0,113711.0,126449.28571428572,124737.36666666668,13.5,0.0,26.6,2.06
127916,113618.0,115095.0,124106.0,133775.0,125997.0,125874.0,130792.0,122776.0,123588.0,125728.57142857143,124552.2,8.5,0.0,36.4,4.27
125714,127916.0,113618.0,115095.0,132331.0,126500.0,128524.0,133370.0,126574.0,122776.0,124891.57142857143,124839.86666666668,7.5,0.0,39.1,3.16
125574,125714.0,127916.0,113618.0,128868.0,126642.0,131138.0,129347.0,128663.0,126574.0,123946.28571428572,125044.03333333334,4.0,0.0,42.5,2.77
123116,125574.0,125714.0,127916.0,132307.0,124172.0,132700.0,126233.0,130838.0,128663.0,123475.71428571428,124870.1,0.0,0.0,46.6,3.24
117546,123116.0,125574.0,125714.0,124106.0,120573.0,128072.0,125159.0,125533.0,130838.0,122162.71428571428,124528.3,0.0,0.0,49.3,1.66
111503,117546.0,123116.0,125574.0,115095.0,117721.0,116338.0,119139.0,119140.0,125533.0,121225.57142857143,124134.93333333332,2.0,0.0,45.5,2.22
112459,111503.0,117546.0,123116.0,113618.0,118663.0,115082.0,115555.0,117017.0,119140.0,120712.42857142857,123643.93333333332,20.5,0.0,13.4,1.35
134716,112459.0,111503.0,117546.0,127916.0,133775.0,125997.0,125874.0,120616.0,117017.0,120546.85714285714,123220.6,23.5,0.0,10.5,9.21
139254,134716.0,112459.0,111503.0,125714.0,132331.0,126500.0,128524.0,128719.0,120616.0,121518.28571428572,123739.83333333331,11.0,0.0,31.2,3.14
134358,139254.0,134716.0,112459.0,125574.0,128868.0,126642.0,131138.0,128968.0,128719.0,123452.57142857143,124529.8,12.5,0.0,23.8,8.49
132221,134358.0,139254.0,134716.0,123116.0,132307.0,124172.0,132700.0,129542.0,128968.0,124707.42857142857,124812.6,20.5,0.0,21.0,8.92
137445,132221.0,134358.0,139254.0,117546.0,124106.0,120573.0,128072.0,130964.0,129542.0,126008.14285714286,124935.83333333331,25.0,0.0,13.1,10.0
133150,137445.0,132221.0,134358.0,111503.0,115095.0,117721.0,116338.0,132855.0,130964.0,128850.85714285714,125146.06666666668,15.5,0.0,28.5,2.96
127534,133150.0,137445.0,132221.0,112459.0,113618.0,118663.0,115082.0,125392.0,132855.0,131943.2857142857,125161.06666666668,18.0,0.0,14.6,9.92
138829,127534.0,133150.0,137445.0,134716.0,127916.0,133775.0,125997.0,121856.0,125392.0,134096.85714285713,125143.13333333332,30.5,0.0,-1.6,10.0
148481,138829.0,127534.0,133150.0,139254.0,125714.0,132331.0,126500.0,133886.0,121856.0,134684.42857142858,125892.83333333331,20.0,0.0,12.9,8.77
142547,148481.0,138829.0,127534.0,134358.0,125574.0,128868.0,126642.0,130237.0,133886.0,136002.57142857142,127006.13333333332,9.0,0.0,25.7,8.22
133542,142547.0,148481.0,138829.0,132221.0,123116.0,132307.0,124172.0,128863.0,130237.0,137172.42857142858,127557.8,18.0,0.0,27.2,8.2
133409,133542.0,142547.0,148481.0,137445.0,117546.0,124106.0,120573.0,126268.0,128863.0,137361.14285714287,127792.53333333334,34.5,0.0,-5.5,9.95
140347,133409.0,133542.0,142547.0,133150.0,111503.0,115095.0,117721.0,127490.0,126268.0,136784.57142857142,128018.1,26.5,0.0,6.0,5.54
139718,140347.0,133409.0,133542.0,127534.0,112459.0,113618.0,118663.0,118102.0,127490.0,137812.7142857143,128557.26666666666,11.0,0.0,32.9,4.19
135330,139718.0,140347.0,133409.0,138829.0,134716.0,127916.0,133775.0,117057.0,118102.0,139553.2857142857,129195.43333333332,17.5,0.0,16.3,7.9
139668,135330.0,139718.0,140347.0,148481.0,139254.0,125714.0,132331.0,122824.0,117057.0,139053.42857142858,129782.4,11.5,0.0,25.3,6.84
135598,139668.0,135330.0,139718.0,142547.0,134358.0,125574.0,128868.0,129324.0,122824.0,137794.42857142858,130482.56666666668,16.0,0.0,23.9,6.04
137146,135598.0,139668.0,135330.0,133542.0,132221.0,123116.0,132307.0,131120.0,129324.0,136801.7142857143,130543.33333333331,32.0,0.0,0.2,9.56
149322,137146.0,135598.0,139668.0,133409.0,137445.0,117546.0,124106.0,132003.0,131120.0,137316.57142857142,130703.83333333331,29.0,0.0,3.5,11.24
139874,149322.0,137146.0,135598.0,140347.0,133150.0,111503.0,115095.0,128305.0,132003.0,139589.85714285713,131385.63333333333,19.5,0.0,8.8,9.38
132244,139874.0,149322.0,137146.0,139718.0,127534.0,112459.0,113618.0,125923.0,128305.0,139522.2857142857,131637.86666666667,19.0,0.0,21.5,7.56
140301,132244.0,139874.0,149322.0,135330.0,138829.0,134716.0,127916.0,128382.0,125923.0,138454.57142857142,131909.13333333333,15.0,0.0,24.6,8.0
137320,140301.0,132244.0,139874.0,139668.0,148481.0,139254.0,125714.0,136576.0,128382.0,139164.7142857143,132749.33333333334,26.0,0.0,5.7,11.72
144575,137320.0,140301.0,132244.0,135598.0,142547.0,134358.0,125574.0,135932.0,136576.0,138829.2857142857,133539.4,25.5,0.0,6.5,11.35
145739,144575.0,137320.0,140301.0,137146.0,133542.0,132221.0,123116.0,134036.0,135932.0,140111.7142857143,134094.7,19.5,0.0,20.8,4.06
142816,145739.0,144575.0,137320.0,149322.0,133409.0,137445.0,117546.0,138145.0,134036.0,141339.2857142857,134762.2,29.5,0.0,8.5,4.23
142200,142816.0,145739.0,144575.0,139874.0,140347.0,133150.0,111503.0,146437.0,138145.0,140409.85714285713,135336.93333333332,31.0,0.0,3.5,12.68
142253,142200.0,142816.0,145739.0,132244.0,139718.0,127534.0,112459.0,136292.0,146437.0,140742.14285714287,135973.06666666668,24.0,0.0,5.9,11.49
147344,142253.0,142200.0,142816.0,140301.0,135330.0,138829.0,134716.0,135216.0,136292.0,142172.0,136796.63333333333,20.5,0.0,13.5,12.62
142802,147344.0,142253.0,142200.0,137320.0,139668.0,148481.0,139254.0,140057.0,135216.0,143178.14285714287,137991.33333333334,10.5,0.0,29.1,9.85
137071,142802.0,147344.0,142253.0,144575.0,135598.0,142547.0,134358.0,137952.0,140057.0,143961.2857142857,139002.76666666666,3.0,0.0,41.1,2.11
133348,137071.0,142802.0,147344.0,145739.0,137146.0,133542.0,132221.0,138779.0,137952.0,142889.2857142857,139081.26666666666,8.5,0.0,36.8,1.94
135853,133348.0,137071.0,142802.0,142816.0,149322.0,133409.0,137445.0,135223.0,138779.0,141119.14285714287,138884.4,27.0,0.0,9.7,12.8
135098,135853.0,133348.0,137071.0,142200.0,139874.0,140347.0,133150.0,130750.0,135223.0,140124.42857142858,138934.23333333334,26.5,0.0,8.1,11.96
134794,135098.0,135853.0,133348.0,142253.0,132244.0,139718.0,127534.0,122034.0,130750.0,139109.85714285713,139030.13333333333,16.5,0.0,28.7,2.31
140534,134794.0,135098.0,135853.0,147344.0,140301.0,135330.0,138829.0,125601.0,122034.0,138044.2857142857,138941.76666666666,11.5,0.0,28.4,12.79
134807,140534.0,134794.0,135098.0,142802.0,137320.0,139668.0,148481.0,141172.0,125601.0,137071.42857142858,139187.9,12.5,0.0,23.0,13.19
134151,134807.0,140534.0,134794.0,137071.0,144575.0,135598.0,142547.0,140180.0,141172.0,135929.2857142857,139430.33333333334,4.5,0.0,29.5,12.8
129433,134151.0,134807.0,140534.0,133348.0,145739.0,137146.0,133542.0,138469.0,140180.0,135512.14285714287,139274.4,2.5,0.0,28.3,13.69
126087,129433.0,134151.0,134807.0,135853.0,142816.0,149322.0,133409.0,139773.0,138469.0,134952.85714285713,138639.46666666667,0.0,0.0,32.1,11.73
114792,126087.0,129433.0,134151.0,135098.0,142200.0,139874.0,140347.0,140363.0,139773.0,133557.7142857143,138090.8,16.5,0.0,23.9,3.22
123675,114792.0,126087.0,129433.0,134794.0,142253.0,132244.0,139718.0,132183.0,140363.0,130656.85714285714,137465.8,29.5,0.0,4.0,15.07
145185,123675.0,114792.0,126087.0,140534.0,147344.0,140301.0,135330.0,126416.0,132183.0,129068.42857142857,137141.33333333334,27.0,0.0,2.2,14.99
146849,145185.0,123675.0,114792.0,134807.0,142802.0,137320.0,139668.0,130360.0,126416.0,129732.85714285714,137302.6,11.5,0.0,23.6,12.25
137341,146849.0,145185.0,123675.0,134151.0,137071.0,144575.0,135598.0,129738.0,130360.0,131453.14285714287,137540.3,0.0,0.0,44.0,8.6
125473,137341.0,146849.0,145185.0,129433.0,133348.0,145739.0,137146.0,135983.0,129738.0,131908.85714285713,137607.33333333334,5.0,0.0,31.7,13.99
126067,125473.0,137341.0,146849.0,126087.0,135853.0,142816.0,149322.0,140048.0,135983.0,131343.14285714287,137134.16666666666,18.5,0.0,13.5,10.07
125608,126067.0,125473.0,137341.0,114792.0,135098.0,142200.0,139874.0,138927.0,140048.0,131340.2857142857,136816.46666666667,21.5,0.0,8.2,15.01
126100,125608.0,126067.0,125473.0,123675.0,134794.0,142253.0,132244.0,128536.0,138927.0,132885.42857142858,136431.86666666667,6.5,0.0,27.2,14.9
123351,126100.0,125608.0,126067.0,145185.0,140534.0,147344.0,140301.0,126574.0,128536.0,133231.85714285713,135657.8,1.0,0.0,42.6,5.98
126094,123351.0,126100.0,125608.0,146849.0,134807.0,142802.0,137320.0,136545.0,126574.0,130112.71428571428,135107.03333333333,0.0,0.0,46.9,10.6
122394,126094.0,123351.0,126100.0,137341.0,134151.0,137071.0,144575.0,131994.0,136545.0,127147.71428571428,134902.03333333333,18.0,0.0,13.3,6.36
132698,122394.0,126094.0,123351.0,125473.0,129433.0,133348.0,145739.0,126791.0,131994.0,125012.42857142857,134305.13333333333,16.5,0.0,26.8,5.47
135833,132698.0,122394.0,126094.0,126067.0,126087.0,135853.0,142816.0,125507.0,126791.0,126044.57142857143,134151.06666666668,19.5,0.0,14.2,13.02
127373,135833.0,132698.0,122394.0,125608.0,114792.0,135098.0,142200.0,126063.0,125507.0,127439.71428571428,133859.66666666666,12.0,0.0,18.4,16.76
121680,127373.0,135833.0,132698.0,126100.0,123675.0,134794.0,142253.0,118029.0,126063.0,127691.85714285714,133247.46666666667,19.0,0.0,11.5,17.24
135424,121680.0,127373.0,135833.0,123351.0,145185.0,140534.0,147344.0,116302.0,118029.0,127060.42857142857,132542.93333333332,10.5,0.0,26.7,8.03
133820,135424.0,121680.0,127373.0,126094.0,146849.0,134807.0,142802.0,127058.0,116302.0,128785.14285714286,132317.06666666668,4.0,0.0,31.1,16.47
126844,133820.0,135424.0,121680.0,122394.0,137341.0,134151.0,137071.0,135634.0,127058.0,129888.85714285714,132035.96666666667,14.0,0.0,21.3,17.46
128567,126844.0,133820.0,135424.0,132698.0,125473.0,129433.0,133348.0,128236.0,135634.0,130524.57142857143,131352.63333333333,21.0,0.0,10.1,18.19
134410,128567.0,126844.0,133820.0,135833.0,126067.0,126087.0,135853.0,128077.0,128236.0,129934.42857142857,130878.13333333332,11.0,0.0,22.3,12.11
120758,134410.0,128567.0,126844.0,127373.0,125608.0,114792.0,135098.0,133762.0,128077.0,129731.14285714286,130789.43333333332,0.0,0.0,48.5,8.57
113970,120758.0,134410.0,128567.0,121680.0,126100.0,123675.0,134794.0,124363.0,133762.0,128786.14285714286,130369.76666666666,0.0,0.0,54.0,11.78
121327,113970.0,120758.0,134410.0,135424.0,123351.0,145185.0,140534.0,121035.0,124363.0,127684.71428571428,129640.33333333331,5.5,0.0,24.2,17.63
122942,121327.0,113970.0,120758.0,133820.0,126094.0,146849.0,134807.0,130321.0,121035.0,125670.85714285714,129181.3,13.0,0.0,32.0,1.6
130529,122942.0,121327.0,113970.0,126844.0,122394.0,137341.0,134151.0,122402.0,130321.0,124116.85714285714,128786.23333333334,8.0,0.0,31.7,15.77
127333,130529.0,122942.0,121327.0,128567.0,132698.0,125473.0,129433.0,120607.0,122402.0,124643.28571428572,128452.73333333334,2.5,0.0,32.4,18.44
123577,127333.0,130529.0,122942.0,134410.0,135833.0,126067.0,126087.0,118569.0,120607.0,124467.0,128203.6,14.0,0.0,28.3,2.42
122876,123577.0,127333.0,130529.0,120758.0,127373.0,125608.0,114792.0,115813.0,118569.0,122919.42857142857,127851.13333333332,21.5,0.0,9.9,18.75
121006,122876.0,123577.0,127333.0,113970.0,121680.0,126100.0,123675.0,110810.0,115813.0,123222.0,127632.56666666668,5.5,0.0,27.5,19.17
128418,121006.0,122876.0,123577.0,121327.0,135424.0,123351.0,145185.0,106228.0,110810.0,124227.14285714286,127463.2,0.0,0.0,36.6,16.72
121734,128418.0,121006.0,122876.0,122942.0,133820.0,126094.0,146849.0,130016.0,106228.0,125240.14285714286,127917.4,0.0,0.0,41.3,19.34
119402,121734.0,128418.0,121006.0,130529.0,126844.0,122394.0,137341.0,132268.0,130016.0,125067.57142857143,127852.7,1.0,0.0,45.9,5.45
122410,119402.0,121734.0,128418.0,127333.0,128567.0,132698.0,125473.0,127813.0,132268.0,123478.0,126993.26666666666,0.0,0.0,50.2,18.67
119331,122410.0,119402.0,121734.0,123577.0,134410.0,135833.0,126067.0,125791.0,127813.0,122774.71428571428,126178.63333333332,0.0,0.0,51.7,12.93
110001,119331.0,122410.0,119402.0,122876.0,120758.0,127373.0,125608.0,126141.0,125791.0,122168.14285714286,125578.3,0.0,0.0,41.3,11.19
107618,110001.0,119331.0,122410.0,121006.0,113970.0,121680.0,126100.0,114326.0,126141.0,120328.85714285714,125062.56666666668,0.0,0.0,29.1,19.7
118396,107618.0,110001.0,119331.0,128418.0,121327.0,135424.0,123351.0,108863.0,114326.0,118416.28571428572,124447.6,0.0,0.0,23.4,19.86
118589,118396.0,107618.0,110001.0,121734.0,122942.0,133820.0,126094.0,118163.0,108863.0,116984.57142857143,124207.2,6.5,0.0,26.5,11.64
122808,118589.0,118396.0,107618.0,119402.0,130529.0,126844.0,122394.0,117592.0,118163.0,116535.28571428572,123956.83333333331,7.5,0.0,42.2,5.75
126310,122808.0,118589.0,118396.0,122410.0,127333.0,128567.0,132698.0,119037.0,117592.0,117021.85714285714,123938.73333333334,0.0,0.0,39.6,16.92
121464,126310.0,122808.0,118589.0,119331.0,123577.0,134410.0,135833.0,117259.0,119037.0,117579.0,123945.93333333332,2.5,0.0,35.2,13.8
111324,121464.0,126310.0,122808.0,110001.0,122876.0,120758.0,127373.0,116519.0,117259.0,117883.71428571428,123914.93333333332,13.0,0.0,24.2,13.19
113300,111324.0,121464.0,126310.0,107618.0,121006.0,113970.0,121680.0,104347.0,116519.0,118072.71428571428,123202.46666666666,22.0,0.0,3.5,19.04
135881,113300.0,111324.0,121464.0,118396.0,128418.0,121327.0,135424.0,105956.0,104347.0,118884.42857142857,122451.36666666668,19.0,0.0,10.2,21.1
137056,135881.0,113300.0,111324.0,118589.0,121734.0,122942.0,133820.0,114360.0,105956.0,121382.28571428572,122734.96666666666,12.0,0.0,19.4,12.42
131818,137056.0,135881.0,113300.0,122808.0,119402.0,130529.0,126844.0,114118.0,114360.0,124020.42857142857,123247.5,0.0,0.0,49.8,8.9
124378,131818.0,137056.0,135881.0,126310.0,122410.0,127333.0,128567.0,114786.0,114118.0,125307.57142857143,123127.3,0.0,0.0,41.1,12.72
120710,124378.0,131818.0,137056.0,121464.0,119331.0,123577.0,134410.0,116292.0,114786.0,125031.57142857143,122812.56666666668,4.0,0.0,26.4,23.15
111925,120710.0,124378.0,131818.0,111324.0,110001.0,122876.0,120758.0,120447.0,116292.0,124923.85714285714,122608.1,6.0,0.0,36.2,6.93
112753,111925.0,120710.0,124378.0,113300.0,107618.0,121006.0,113970.0,111331.0,120447.0,125009.71428571428,122053.36666666668,3.5,0.0,30.6,17.36
122503,112753.0,111925.0,120710.0,135881.0,118396.0,128418.0,121327.0,104967.0,111331.0,124931.57142857143,121331.46666666666,0.0,0.0,35.3,10.19
122367,122503.0,112753.0,111925.0,137056.0,118589.0,121734.0,122942.0,114036.0,104967.0,123020.42857142857,121389.63333333332,1.5,0.0,44.9,7.86
124394,122367.0,122503.0,112753.0,131818.0,122808.0,119402.0,130529.0,113346.0,114036.0,120922.0,121669.53333333334,0.5,0.0,45.4,3.56
125764,124394.0,122367.0,122503.0,124378.0,126310.0,122410.0,127333.0,113367.0,113346.0,119861.42857142857,121771.76666666666,0.0,0.0,41.3,22.74
119287,125764.0,124394.0,122367.0,120710.0,121464.0,119331.0,123577.0,113231.0,113367.0,120059.42857142857,121865.83333333331,0.0,0.0,39.4,19.4
109426,119287.0,125764.0,124394.0,111925.0,111324.0,110001.0,122876.0,113740.0,113231.0,119856.14285714286,121491.1,4.0,0.0,29.3,15.85
109935,109426.0,119287.0,125764.0,112753.0,113300.0,107618.0,121006.0,105504.0,113740.0,119499.14285714286,120894.2,0.0,0.0,32.7,23.9
120604,109935.0,109426.0,119287.0,122503.0,135881.0,118396.0,128418.0,105602.0,105504.0,119096.57142857143,120439.46666666666,0.0,0.0,44.6,17.92
120024,120604.0,109935.0,109426.0,122367.0,137056.0,118589.0,121734.0,117678.0,105602.0,118825.28571428572,120363.73333333334,0.0,0.0,47.5,19.57
119341,120024.0,120604.0,109935.0,124394.0,131818.0,122808.0,119402.0,115146.0,117678.0,118490.57142857143,120331.0,0.0,3.0,56.5,20.07
124219,119341.0,120024.0,120604.0,125764.0,124378.0,126310.0,122410.0,114547.0,115146.0,117768.71428571428,120028.43333333332,0.0,0.0,33.2,25.35
114675,124219.0,119341.0,120024.0,119287.0,120710.0,121464.0,119331.0,116273.0,114547.0,117548.0,120111.26666666666,0.0,0.0,41.5,14.62
106763,114675.0,124219.0,119341.0,109426.0,111925.0,111324.0,110001.0,115586.0,116273.0,116889.14285714286,119953.7,4.0,0.0,28.1,23.07
104143,106763.0,114675.0,124219.0,109935.0,112753.0,113300.0,107618.0,106596.0,115586.0,116508.71428571428,119432.13333333332,3.5,0.0,31.5,16.1
118648,104143.0,106763.0,114675.0,120604.0,122503.0,135881.0,118396.0,103432.0,106596.0,115681.28571428572,118925.86666666668,5.5,0.0,33.4,19.73
121388,118648.0,104143.0,106763.0,120024.0,122367.0,137056.0,118589.0,113034.0,103432.0,115401.85714285714,119214.1,0.0,0.0,29.5,26.15
118785,121388.0,118648.0,104143.0,119341.0,124394.0,131818.0,122808.0,113496.0,113034.0,115596.71428571428,119673.1,0.0,0.0,40.6,15.83
117962,118785.0,121388.0,118648.0,124219.0,125764.0,124378.0,126310.0,113972.0,113496.0,115517.28571428572,119686.06666666668,0.0,0.0,40.7,26.19
115266,117962.0,118785.0,121388.0,114675.0,119287.0,120710.0,121464.0,117557.0,113972.0,114623.42857142857,119665.16666666669,0.0,0.0,37.5,16.0
104963,115266.0,117962.0,118785.0,106763.0,109426.0,111925.0,111324.0,114808.0,117557.0,114707.85714285714,119413.76666666666,0.0,0.0,39.5,23.41
103141,104963.0,115266.0,117962.0,104143.0,109935.0,112753.0,113300.0,103866.0,114808.0,114450.71428571428,118702.2,0.0,0.0,36.2,22.63
116707,103141.0,104963.0,115266.0,118648.0,120604.0,122503.0,135881.0,103336.0,103866.0,114307.57142857143,118091.43333333332,0.0,0.0,50.4,6.47
117936,116707.0,103141.0,104963.0,121388.0,120024.0,122367.0,137056.0,113175.0,103336.0,114030.28571428572,118270.86666666668,0.5,0.0,33.3,21.2
117033,117936.0,116707.0,103141.0,118785.0,119341.0,124394.0,131818.0,113664.0,113175.0,113537.14285714286,118425.4,1.0,0.0,21.1,26.9
118417,117033.0,117936.0,116707.0,117962.0,124219.0,125764.0,124378.0,116211.0,113664.0,113286.85714285714,117797.13333333332,0.0,0.0,20.0,28.34
116328,118417.0,117033.0,117936.0,115266.0,114675.0,119287.0,120710.0,119535.0,116211.0,113351.85714285714,117175.83333333331,0.0,0.0,27.8,28.02
105598,116328.0,118417.0,117033.0,104963.0,106763.0,109426.0,111925.0,115848.0,119535.0,113503.57142857143,116659.5,0.0,0.0,38.7,25.49
103273,105598.0,116328.0,118417.0,103141.0,104143.0,109935.0,112753.0,103765.0,115848.0,113594.28571428572,116033.5,0.0,0.0,49.5,7.36
116909,103273.0,105598.0,116328.0,116707.0,118648.0,120604.0,122503.0,104744.0,103765.0,113613.14285714286,115452.26666666666,0.0,0.0,47.1,21.23
116246,116909.0,103273.0,105598.0,117936.0,121388.0,120024.0,122367.0,116045.0,104744.0,113642.0,115618.4,0.0,0.0,51.7,11.3
118020,116246.0,116909.0,103273.0,117033.0,118785.0,119341.0,124394.0,115824.0,116045.0,113400.57142857143,115734.83333333331,0.0,0.0,48.7,26.3
117381,118020.0,116246.0,116909.0,118417.0,117962.0,124219.0,125764.0,115496.0,115824.0,113541.57142857143,115585.4,0.0,0.0,51.0,3.87
117185,117381.0,118020.0,116246.0,116328.0,115266.0,114675.0,119287.0,112628.0,115496.0,113393.57142857143,115419.2,2.5,0.0,44.0,3.07
110153,117185.0,117381.0,118020.0,105598.0,104963.0,106763.0,109426.0,111869.0,112628.0,113516.0,115178.9,0.0,0.0,34.5,11.16
105750,110153.0,117185.0,117381.0,103273.0,103141.0,104143.0,109935.0,104435.0,111869.0,114166.71428571428,114658.53333333334,0.0,0.0,32.2,28.71
115489,105750.0,110153.0,117185.0,116909.0,116707.0,118648.0,120604.0,101730.0,104435.0,114520.57142857143,114207.3,0.0,0.0,31.5,27.51
115833,115489.0,105750.0,110153.0,116246.0,117936.0,121388.0,120024.0,113642.0,101730.0,114317.71428571428,114409.4,0.0,0.0,42.8,21.12
116769,115833.0,115489.0,105750.0,118020.0,117033.0,118785.0,119341.0,112533.0,113642.0,114258.71428571428,114606.0,0.0,1.5,55.1,14.13
120169,116769.0,115833.0,115489.0,117381.0,118417.0,117962.0,124219.0,112466.0,112533.0,114080.0,114478.16666666669,0.0,0.0,59.7,8.79
122073,120169.0,116769.0,115833.0,117185.0,116328.0,115266.0,114675.0,112234.0,112466.0,114478.28571428572,114483.0,0.0,1.0,61.4,10.55
113959,122073.0,120169.0,116769.0,110153.0,105598.0,104963.0,106763.0,114713.0,112234.0,115176.57142857143,114574.06666666668,0.0,3.0,61.1,19.65
113589,113959.0,122073.0,120169.0,105750.0,103273.0,103141.0,104143.0,106969.0,114713.0,115720.28571428572,114232.06666666668,0.0,3.0,62.8,19.65
132166,113589.0,113959.0,122073.0,115489.0,116909.0,116707.0,118648.0,106379.0,106969.0,116840.14285714286,114195.86666666668,0.0,2.0,47.4,26.18
125326,132166.0,113589.0,113959.0,115833.0,116246.0,117936.0,121388.0,119562.0,106379.0,119222.57142857143,115042.63333333332,0.0,0.0,43.7,27.2
121073,125326.0,132166.0,113589.0,116769.0,118020.0,117033.0,118785.0,125449.0,119562.0,120578.71428571428,115748.73333333334,0.0,0.0,54.0,12.34
120697,121073.0,125326.0,132166.0,120169.0,117381.0,118417.0,117962.0,135636.0,125449.0,121193.57142857143,115829.56666666668,0.0,0.0,58.2,19.71
121752,120697.0,121073.0,125326.0,122073.0,117185.0,116328.0,115266.0,127285.0,135636.0,121269.0,115806.53333333334,0.0,11.0,67.3,26.67
129498,121752.0,120697.0,121073.0,113959.0,110153.0,105598.0,104963.0,125978.0,127285.0,121223.14285714286,115905.43333333332,0.0,15.5,67.5,25.11
147492,129498.0,121752.0,120697.0,113589.0,105750.0,103273.0,103141.0,131007.0,125978.0,123443.0,116289.96666666666,0.0,2.0,48.0,26.89
137095,147492.0,129498.0,121752.0,132166.0,115489.0,116909.0,116707.0,143933.0,131007.0,128286.28571428572,117364.16666666669,0.0,0.0,50.7,16.88
125399,137095.0,147492.0,129498.0,125326.0,115833.0,116246.0,117936.0,128641.0,143933.0,128990.42857142857,118435.23333333334,0.0,0.0,48.1,23.25
121071,125399.0,137095.0,147492.0,121073.0,116769.0,118020.0,117033.0,124219.0,128641.0,129000.85714285714,119177.16666666669,0.0,0.0,53.1,24.36
121600,121071.0,125399.0,137095.0,120697.0,120169.0,117381.0,118417.0,143580.0,124219.0,129000.57142857143,119322.63333333332,0.0,7.5,64.0,12.82
133313,121600.0,121071.0,125399.0,121752.0,122073.0,117185.0,116328.0,144678.0,143580.0,129129.57142857143,119444.76666666666,0.0,3.5,63.4,18.22
122247,133313.0,121600.0,121071.0,129498.0,113959.0,110153.0,105598.0,121714.0,144678.0,130781.14285714286,119987.43333333332,0.0,3.0,56.0,23.54
116688,122247.0,133313.0,121600.0,147492.0,113589.0,105750.0,103273.0,105407.0,121714.0,129745.28571428572,120115.1,0.0,8.5,62.5,27.66
133272,116688.0,122247.0,133313.0,137095.0,132166.0,115489.0,116909.0,104357.0,105407.0,125344.71428571428,120127.1,0.0,14.0,64.7,27.5
175375,133272.0,116688.0,122247.0,125399.0,125326.0,115833.0,116246.0,104281.0,104357.0,124798.57142857143,121049.56666666668,0.0,1.0,58.2,22.3
138381,175375.0,133272.0,116688.0,121071.0,121073.0,116769.0,118020.0,118089.0,104281.0,131938.0,123452.96666666666,0.0,5.5,64.5,16.81
144168,138381.0,175375.0,133272.0,121600.0,120697.0,120169.0,117381.0,122150.0,118089.0,134410.85714285713,124168.7,0.0,4.0,61.8,21.09
140673,144168.0,138381.0,175375.0,133313.0,121752.0,122073.0,117185.0,125374.0,122150.0,137634.85714285713,125099.43333333332,0.0,5.5,54.1,28.35
127057,140673.0,144168.0,138381.0,122247.0,129498.0,113959.0,110153.0,134942.0,125374.0,138686.2857142857,125854.53333333334,0.0,2.0,46.7,29.35
119538,127057.0,140673.0,144168.0,116688.0,147492.0,113589.0,105750.0,139282.0,134942.0,139373.42857142858,126177.06666666668,0.0,6.5,50.1,28.14
137896,119538.0,127057.0,140673.0,133272.0,137095.0,132166.0,115489.0,157383.0,139282.0,139780.57142857142,126255.5,0.0,5.5,56.2,21.1
140917,137896.0,119538.0,127057.0,175375.0,125399.0,125326.0,115833.0,182078.0,157383.0,140441.14285714287,127180.26666666666,0.0,9.0,61.9,27.91
155202,140917.0,137896.0,119538.0,138381.0,121071.0,121073.0,116769.0,183066.0,182078.0,135518.57142857142,128352.5,0.0,8.0,62.3,23.77
158163,155202.0,140917.0,137896.0,144168.0,121600.0,120697.0,120169.0,185200.0,183066.0,137921.57142857142,129676.26666666666,0.0,5.0,51.4,27.1
143138,158163.0,155202.0,140917.0,140673.0,133313.0,121752.0,122073.0,164490.0,185200.0,139920.85714285713,131087.26666666666,0.0,5.0,54.3,15.4
129673,143138.0,158163.0,155202.0,127057.0,122247.0,129498.0,113959.0,133401.0,164490.0,140273.0,131966.23333333334,0.0,2.5,61.8,12.3
124392,129673.0,143138.0,158163.0,119538.0,116688.0,147492.0,113589.0,118807.0,133401.0,140646.7142857143,132283.03333333333,0.0,11.5,65.1,24.16
160107,124392.0,129673.0,143138.0,137896.0,133272.0,137095.0,132166.0,117076.0,118807.0,141340.14285714287,132360.33333333334,0.0,9.5,55.7,23.55
152013,160107.0,124392.0,129673.0,140917.0,175375.0,125399.0,125326.0,134552.0,117076.0,144513.14285714287,133898.6,0.0,9.5,58.9,27.08
154053,152013.0,160107.0,124392.0,155202.0,138381.0,121071.0,121073.0,142937.0,134552.0,146098.2857142857,135179.4,0.0,1.0,60.7,15.72
142516,154053.0,152013.0,160107.0,158163.0,144168.0,121600.0,120697.0,135297.0,142937.0,145934.14285714287,135908.96666666667,0.0,13.5,61.4,25.08
161751,142516.0,154053.0,152013.0,143138.0,140673.0,133313.0,121752.0,132504.0,135297.0,143698.85714285713,136481.96666666667,0.0,1.5,48.5,22.54
125441,161751.0,142516.0,154053.0,129673.0,127057.0,122247.0,129498.0,141117.0,132504.0,146357.85714285713,137837.9,0.0,0.0,39.2,27.82
109016,125441.0,161751.0,142516.0,124392.0,119538.0,116688.0,147492.0,144873.0,141117.0,145753.2857142857,137996.03333333333,0.0,2.5,44.0,27.91
126826,109016.0,125441.0,161751.0,160107.0,137896.0,133272.0,137095.0,147051.0,144873.0,143556.7142857143,137571.5,0.0,6.5,51.4,14.14
139512,126826.0,109016.0,125441.0,152013.0,140917.0,175375.0,125399.0,180010.0,147051.0,138802.2857142857,137482.43333333332,0.0,0.0,60.0,12.68
134420,139512.0,126826.0,109016.0,154053.0,155202.0,138381.0,121071.0,155375.0,180010.0,137016.42857142858,137216.43333333332,0.0,2.5,59.4,16.71
133783,134420.0,139512.0,126826.0,142516.0,158163.0,144168.0,121600.0,129862.0,155375.0,134211.7142857143,137127.26666666666,0.0,7.0,61.7,24.69
143764,133783.0,134420.0,139512.0,161751.0,143138.0,140673.0,133313.0,133803.0,129862.0,132964.14285714287,137406.73333333334,0.0,14.5,61.7,28.98
149562,143764.0,133783.0,134420.0,125441.0,129673.0,127057.0,122247.0,138370.0,133803.0,130394.57142857143,138163.16666666666,0.0,16.5,62.7,26.54
155264,149562.0,143764.0,133783.0,109016.0,124392.0,119538.0,116688.0,147001.0,138370.0,133840.42857142858,139095.23333333334,0.0,8.0,66.3,11.54
164152,155264.0,149562.0,143764.0,126826.0,160107.0,137896.0,133272.0,159179.0,147001.0,140447.2857142857,139826.93333333332,0.0,7.5,53.0,27.82
148109,164152.0,155264.0,149562.0,139512.0,152013.0,140917.0,175375.0,194131.0,159179.0,145779.57142857142,141223.76666666666,0.0,10.0,58.0,27.54
153946,148109.0,164152.0,155264.0,134420.0,154053.0,155202.0,138381.0,206885.0,194131.0,147007.7142857143,142271.13333333333,0.0,12.5,57.8,28.28
162912,153946.0,148109.0,164152.0,133783.0,142516.0,158163.0,144168.0,212086.0,206885.0,149797.14285714287,142960.26666666666,0.0,17.0,66.0,24.91
179043,162912.0,153946.0,148109.0,143764.0,161751.0,143138.0,140673.0,185946.0,212086.0,153958.42857142858,142544.83333333334,0.0,15.0,70.4,17.49
170430,179043.0,162912.0,153946.0,149562.0,125441.0,129673.0,127057.0,161877.0,185946.0,158998.2857142857,143900.23333333334,0.0,15.5,59.1,23.48
154052,170430.0,179043.0,162912.0,155264.0,109016.0,124392.0,119538.0,120541.0,161877.0,161979.42857142858,144775.63333333333,0.0,10.0,50.0,28.01
144918,154052.0,170430.0,179043.0,164152.0,126826.0,160107.0,137896.0,118334.0,120541.0,161806.2857142857,145221.6,0.0,13.5,61.9,19.15
166529,144918.0,154052.0,170430.0,148109.0,139512.0,152013.0,140917.0,141039.0,118334.0,159058.57142857142,145816.96666666667,0.0,13.0,65.8,23.62
177523,166529.0,144918.0,154052.0,153946.0,134420.0,154053.0,155202.0,178255.0,141039.0,161690.0,147383.33333333334,0.0,11.5,62.3,16.4
167089,177523.0,166529.0,144918.0,162912.0,133783.0,142516.0,158163.0,190084.0,178255.0,165058.14285714287,148704.23333333334,0.0,10.5,66.3,20.8
163633,167089.0,177523.0,166529.0,179043.0,143764.0,161751.0,143138.0,184239.0,190084.0,165654.85714285713,149576.63333333333,0.0,13.0,61.7,25.14
150168,163633.0,167089.0,177523.0,170430.0,149562.0,125441.0,129673.0,172232.0,184239.0,163453.42857142858,149857.66666666666,0.0,10.0,55.4,28.73
139373,150168.0,163633.0,167089.0,154052.0,155264.0,109016.0,124392.0,152105.0,172232.0,160558.85714285713,149591.16666666666,0.0,11.0,59.0,27.17
157769,139373.0,150168.0,163633.0,144918.0,164152.0,126826.0,160107.0,146754.0,152105.0,158461.85714285713,149465.66666666666,0.0,15.0,64.2,24.33
174348,157769.0,139373.0,150168.0,166529.0,148109.0,139512.0,152013.0,176422.0,146754.0,160297.7142857143,150402.2,0.0,17.5,63.8,24.64
184608,174348.0,157769.0,139373.0,177523.0,153946.0,134420.0,154053.0,157758.0,176422.0,161414.7142857143,152067.4,0.0,16.0,62.5,23.0
183502,184608.0,174348.0,157769.0,167089.0,162912.0,133783.0,142516.0,169728.0,157758.0,162426.85714285713,152884.1,0.0,14.5,59.2,23.25
171094,183502.0,184608.0,174348.0,163633.0,179043.0,143764.0,161751.0,183799.0,169728.0,164771.57142857142,153933.73333333334,0.0,10.5,67.7,19.22
158680,171094.0,183502.0,184608.0,150168.0,170430.0,149562.0,125441.0,198095.0,183799.0,165837.42857142858,154501.76666666666,0.0,12.0,68.5,20.37
159519,158680.0,171094.0,183502.0,139373.0,154052.0,155264.0,109016.0,181974.0,198095.0,167053.42857142858,155040.56666666668,0.0,10.0,71.9,14.04
184640,159519.0,158680.0,171094.0,157769.0,144918.0,164152.0,126826.0,163541.0,181974.0,169931.42857142858,154966.16666666666,0.0,16.5,66.6,25.84
190594,184640.0,159519.0,158680.0,174348.0,166529.0,148109.0,139512.0,167678.0,163541.0,173770.14285714287,156939.46666666667,0.0,21.5,68.2,25.19
204640,190594.0,184640.0,159519.0,184608.0,177523.0,153946.0,134420.0,178188.0,167678.0,176091.0,159658.73333333334,0.0,18.0,71.3,21.79
210299,204640.0,190594.0,184640.0,183502.0,167089.0,162912.0,133783.0,172786.0,178188.0,178952.7142857143,162252.53333333333,0.0,21.0,66.6,24.49
203448,210299.0,204640.0,190594.0,171094.0,163633.0,179043.0,143764.0,157731.0,172786.0,182780.85714285716,164612.1,0.0,21.5,66.2,27.19
190168,203448.0,210299.0,204640.0,158680.0,150168.0,170430.0,149562.0,153539.0,157731.0,187402.85714285716,166913.03333333333,0.0,22.0,64.8,24.93
194414,190168.0,203448.0,210299.0,159519.0,139373.0,154052.0,155264.0,144541.0,153539.0,191901.14285714287,168792.53333333333,0.0,14.5,71.9,15.01
211703,194414.0,190168.0,203448.0,184640.0,157769.0,144918.0,164152.0,150491.0,144541.0,196886.14285714287,170480.86666666667,0.0,11.0,59.4,21.54
179363,211703.0,194414.0,190168.0,190594.0,174348.0,166529.0,148109.0,181389.0,150491.0,200752.2857142857,172552.23333333334,0.0,12.5,61.4,22.09
174823,179363.0,211703.0,194414.0,204640.0,184608.0,177523.0,153946.0,181143.0,181389.0,199147.85714285716,173355.53333333333,0.0,15.0,71.6,21.0
193239,174823.0,179363.0,211703.0,210299.0,183502.0,167089.0,162912.0,170345.0,181143.0,194888.2857142857,173711.23333333334,0.0,13.5,65.7,13.33
185361,193239.0,174823.0,179363.0,203448.0,171094.0,163633.0,179043.0,164946.0,170345.0,192451.14285714287,175215.56666666668,0.0,15.0,59.6,25.29
165175,185361.0,193239.0,174823.0,190168.0,158680.0,150168.0,170430.0,157158.0,164946.0,189867.2857142857,176262.73333333334,0.0,13.5,62.4,20.46
160843,165175.0,185361.0,193239.0,194414.0,159519.0,139373.0,154052.0,129226.0,157158.0,186296.85714285716,176338.16666666666,0.0,7.5,66.2,12.52
165984,160843.0,165175.0,185361.0,211703.0,184640.0,157769.0,144918.0,132174.0,129226.0,181501.0,175731.5,0.0,16.0,66.4,23.77
184097,165984.0,160843.0,165175.0,179363.0,190594.0,174348.0,166529.0,145959.0,132174.0,174969.7142857143,175583.3,0.0,15.0,64.4,26.65
188058,184097.0,165984.0,160843.0,174823.0,204640.0,184608.0,177523.0,143955.0,145959.0,175646.0,176584.8,0.0,19.5,68.3,24.54
198706,188058.0,184097.0,165984.0,193239.0,210299.0,183502.0,167089.0,144567.0,143955.0,177536.7142857143,178022.8,0.0,18.5,68.8,16.98
194961,198706.0,188058.0,184097.0,185361.0,203448.0,171094.0,163633.0,149371.0,144567.0,178317.7142857143,179095.36666666667,0.0,19.5,71.0,21.94
186868,194961.0,198706.0,188058.0,165175.0,190168.0,158680.0,150168.0,163006.0,149371.0,179689.14285714287,179676.63333333333,0.0,19.0,72.1,20.7
190719,186868.0,194961.0,198706.0,160843.0,194414.0,159519.0,139373.0,154929.0,163006.0,182788.14285714287,180335.9333333333,0.0,21.0,71.5,22.9
213959,190719.0,186868.0,194961.0,165984.0,211703.0,184640.0,157769.0,139597.0,154929.0,187056.14285714287,181238.8,0.0,22.5,73.8,20.41
222979,213959.0,190719.0,186868.0,184097.0,179363.0,190594.0,174348.0,158928.0,139597.0,193909.7142857143,183365.16666666663,0.0,16.0,67.7,18.42
197816,222979.0,213959.0,190719.0,188058.0,174823.0,204640.0,184608.0,171450.0,158928.0,199464.2857142857,186152.03333333333,0.0,15.5,64.9,20.76
189338,197816.0,222979.0,213959.0,198706.0,193239.0,210299.0,183502.0,187093.0,171450.0,200858.2857142857,187486.9333333333,0.0,13.0,53.5,24.76
167983,189338.0,197816.0,222979.0,194961.0,185361.0,203448.0,171094.0,195957.0,187093.0,199520.0,187986.6,0.0,7.0,50.1,25.16
140266,167983.0,189338.0,197816.0,186868.0,165175.0,190168.0,158680.0,202936.0,195957.0,195666.0,187432.4333333333,0.0,9.0,54.5,22.35
138641,140266.0,167983.0,189338.0,190719.0,160843.0,194414.0,159519.0,185433.0,202936.0,189008.57142857145,185991.2333333333,0.0,10.5,57.4,21.79
157926,138641.0,140266.0,167983.0,213959.0,165984.0,211703.0,184640.0,153218.0,185433.0,181568.85714285716,184909.46666666667,0.0,9.5,57.8,23.5
157429,157926.0,138641.0,140266.0,222979.0,184097.0,179363.0,190594.0,165007.0,153218.0,173564.14285714287,184884.3333333333,0.0,7.0,57.5,15.27
153379,157429.0,157926.0,138641.0,197816.0,188058.0,174823.0,204640.0,166593.0,165007.0,164199.85714285713,184814.66666666663,0.0,9.5,55.0,22.27
155905,153379.0,157429.0,157926.0,189338.0,198706.0,193239.0,210299.0,177119.0,166593.0,157851.7142857143,183772.63333333333,0.0,14.5,57.8,21.47
164738,155905.0,153379.0,157429.0,167983.0,194961.0,185361.0,203448.0,186082.0,177119.0,153075.57142857142,182616.3333333333,0.0,17.0,63.4,21.21
163800,164738.0,155905.0,153379.0,140266.0,186868.0,165175.0,190168.0,175365.0,186082.0,152612.0,181286.26666666663,0.0,12.0,66.9,17.22
158274,163800.0,164738.0,155905.0,138641.0,190719.0,160843.0,194414.0,162279.0,175365.0,155974.0,179736.3,0.0,11.0,69.4,12.18
173383,158274.0,163800.0,164738.0,157926.0,213959.0,165984.0,211703.0,151885.0,162279.0,158778.7142857143,178230.5,0.0,14.0,67.3,21.36
177772,173383.0,158274.0,163800.0,157429.0,222979.0,184097.0,179363.0,168032.0,151885.0,160986.85714285713,177671.0,0.0,15.5,60.8,22.81
176396,177772.0,173383.0,158274.0,153379.0,197816.0,188058.0,174823.0,181545.0,168032.0,163893.0,177116.26666666666,0.0,16.5,60.6,23.06
179804,176396.0,177772.0,173383.0,155905.0,189338.0,198706.0,193239.0,189996.0,181545.0,167181.14285714287,175939.36666666667,0.0,15.5,67.3,18.84
183405,179804.0,176396.0,177772.0,164738.0,167983.0,194961.0,185361.0,202186.0,189996.0,170595.2857142857,175954.06666666668,0.0,17.0,65.9,21.17
168017,183405.0,179804.0,176396.0,163800.0,140266.0,186868.0,165175.0,201023.0,202186.0,173262.0,176240.13333333333,0.0,12.5,68.6,15.17
159404,168017.0,183405.0,179804.0,158274.0,138641.0,190719.0,160843.0,154176.0,201023.0,173864.42857142858,175399.4,0.0,15.0,70.5,19.17
185384,159404.0,168017.0,183405.0,173383.0,157926.0,213959.0,165984.0,136489.0,154176.0,174025.85714285713,174534.16666666666,0.0,16.0,70.9,19.48
190278,185384.0,159404.0,168017.0,177772.0,157429.0,222979.0,184097.0,175220.0,136489.0,175740.2857142857,175207.8,0.0,12.0,60.3,21.92
173537,190278.0,185384.0,159404.0,176396.0,153379.0,197816.0,188058.0,176635.0,175220.0,177526.85714285713,176188.96666666667,0.0,12.5,52.5,23.33
162975,173537.0,190278.0,185384.0,179804.0,155905.0,189338.0,198706.0,159108.0,176635.0,177118.42857142858,176440.73333333334,0.0,5.5,55.2,23.02
146970,162975.0,173537.0,190278.0,183405.0,164738.0,167983.0,194961.0,135740.0,159108.0,174714.2857142857,175736.66666666666,0.0,8.5,61.7,19.51
138975,146970.0,162975.0,173537.0,168017.0,163800.0,140266.0,186868.0,131258.0,135740.0,169509.2857142857,174367.06666666668,0.0,15.5,66.8,16.19
151378,138975.0,146970.0,162975.0,159404.0,158274.0,138641.0,190719.0,125285.0,131258.0,165360.42857142858,172376.03333333333,0.0,15.5,68.8,14.56
163790,151378.0,138975.0,146970.0,185384.0,173383.0,157926.0,213959.0,128107.0,125285.0,164213.85714285713,170923.26666666666,0.0,5.5,67.9,4.39
165915,163790.0,151378.0,138975.0,190278.0,177772.0,157429.0,222979.0,138924.0,128107.0,161129.0,170154.0,0.0,3.5,62.8,7.74
147130,165915.0,163790.0,151378.0,173537.0,176396.0,153379.0,197816.0,149054.0,138924.0,157648.57142857142,169327.2,0.0,6.5,60.9,13.02
145739,147130.0,165915.0,163790.0,162975.0,179804.0,155905.0,189338.0,163652.0,149054.0,153876.14285714287,167099.56666666668,0.0,6.0,58.0,22.1
145064,145739.0,147130.0,165915.0,146970.0,183405.0,164738.0,167983.0,156434.0,163652.0,151413.85714285713,164524.9,0.0,10.0,59.5,21.45
138750,145064.0,145739.0,147130.0,138975.0,168017.0,163800.0,140266.0,139917.0,156434.0,151141.57142857142,162766.5,0.0,6.5,63.4,6.3
138190,138750.0,145064.0,145739.0,151378.0,159404.0,158274.0,138641.0,127733.0,139917.0,151109.42857142858,161080.23333333334,0.0,9.5,68.3,14.15
162078,138190.0,138750.0,145064.0,163790.0,185384.0,173383.0,157926.0,138482.0,127733.0,149225.42857142858,160087.13333333333,0.0,10.0,67.2,12.47
168566,162078.0,138190.0,138750.0,165915.0,190278.0,177772.0,157429.0,170347.0,138482.0,148980.85714285713,160814.2,0.0,6.0,57.7,20.13
150871,168566.0,162078.0,138190.0,147130.0,173537.0,176396.0,153379.0,162684.0,170347.0,149359.57142857142,161811.7,0.0,3.0,52.4,21.45
141132,150871.0,168566.0,162078.0,145739.0,162975.0,179804.0,155905.0,176961.0,162684.0,149894.0,161576.53333333333,0.0,1.0,49.4,21.1
131992,141132.0,150871.0,168566.0,145064.0,146970.0,183405.0,164738.0,160157.0,176961.0,149235.85714285713,161033.3,0.0,5.0,57.8,18.5
126203,131992.0,141132.0,150871.0,138750.0,138975.0,168017.0,163800.0,156474.0,160157.0,147368.42857142858,160320.4,0.0,10.0,61.1,19.8
136914,126203.0,131992.0,141132.0,138190.0,151378.0,159404.0,158274.0,149956.0,156474.0,145576.0,159330.33333333334,0.0,11.5,62.8,17.26
159023,136914.0,126203.0,131992.0,162078.0,163790.0,185384.0,173383.0,134734.0,149956.0,145393.7142857143,158402.86666666667,0.0,8.0,60.3,16.74
153148,159023.0,136914.0,126203.0,168566.0,165915.0,190278.0,177772.0,143830.0,134734.0,144957.2857142857,158243.63333333333,0.0,6.0,59.7,18.78
149092,153148.0,159023.0,136914.0,150871.0,147130.0,173537.0,176396.0,144080.0,143830.0,142754.7142857143,158072.76666666666,0.0,1.0,58.0,6.37
144449,149092.0,153148.0,159023.0,141132.0,145739.0,162975.0,179804.0,161347.0,144080.0,142500.57142857142,157263.06666666668,0.0,0.0,39.0,20.07
117836,144449.0,149092.0,153148.0,131992.0,145064.0,146970.0,183405.0,163865.0,161347.0,142974.42857142858,156152.3,0.0,0.0,42.2,17.61
106856,117836.0,144449.0,149092.0,126203.0,138750.0,138975.0,168017.0,136329.0,163865.0,140952.14285714287,154200.3,0.0,0.5,52.8,9.51
110245,106856.0,117836.0,144449.0,136914.0,138190.0,151378.0,159404.0,122402.0,136329.0,138188.2857142857,151768.7,0.0,1.0,51.4,17.58
123806,110245.0,106856.0,117836.0,159023.0,162078.0,163790.0,185384.0,117189.0,122402.0,134378.42857142858,149330.03333333333,0.0,0.0,45.8,16.79
122666,123806.0,110245.0,106856.0,153148.0,168566.0,165915.0,190278.0,133727.0,117189.0,129347.42857142857,147856.33333333334,0.0,0.0,45.7,14.98
121113,122666.0,123806.0,110245.0,149092.0,150871.0,147130.0,173537.0,136749.0,133727.0,124992.85714285714,146631.73333333334,0.0,0.0,46.0,18.13
119435,121113.0,122666.0,123806.0,144449.0,141132.0,145739.0,162975.0,123112.0,136749.0,120995.85714285714,144489.36666666667,0.0,0.0,46.2,10.63
116138,119435.0,121113.0,122666.0,117836.0,131992.0,145064.0,146970.0,120583.0,123112.0,117422.42857142857,142127.93333333332,0.0,0.0,52.6,6.42
108767,116138.0,119435.0,121113.0,106856.0,126203.0,138750.0,138975.0,118461.0,120583.0,117179.85714285714,140214.63333333333,0.0,0.0,43.9,2.49
106977,108767.0,116138.0,119435.0,110245.0,136914.0,138190.0,151378.0,113157.0,118461.0,117452.85714285714,138407.7,0.0,0.0,40.1,3.39
119768,106977.0,108767.0,116138.0,123806.0,159023.0,162078.0,163790.0,120008.0,113157.0,116986.0,137074.6,0.0,0.0,48.0,3.28
122825,119768.0,106977.0,108767.0,122666.0,153148.0,168566.0,165915.0,138989.0,120008.0,116409.14285714286,136434.36666666667,0.0,0.0,54.2,5.08
119801,122825.0,119768.0,106977.0,121113.0,149092.0,150871.0,147130.0,126645.0,138989.0,116431.85714285714,135482.6,0.0,0.0,53.1,17.16
121185,119801.0,122825.0,119768.0,119435.0,144449.0,141132.0,145739.0,127627.0,126645.0,116244.42857142857,134016.3,0.0,2.0,53.5,16.0
123565,121185.0,119801.0,122825.0,116138.0,117836.0,131992.0,145064.0,132754.0,127627.0,116494.42857142857,132525.3,0.0,0.0,39.4,13.75
106905,123565.0,121185.0,119801.0,108767.0,106856.0,126203.0,138750.0,134616.0,132754.0,117555.42857142857,131739.8,0.0,0.0,39.0,16.6
104858,106905.0,123565.0,121185.0,106977.0,110245.0,136914.0,138190.0,116687.0,134616.0,117289.42857142857,130445.33333333331,0.0,0.0,42.1,15.15
114403,104858.0,106905.0,123565.0,119768.0,123806.0,159023.0,162078.0,113337.0,116687.0,116986.71428571428,129105.13333333332,0.0,0.0,47.9,16.19
119315,114403.0,104858.0,106905.0,122825.0,122666.0,153148.0,168566.0,123650.0,113337.0,116220.28571428572,128293.56666666668,0.0,0.0,48.6,16.08
120438,119315.0,114403.0,104858.0,119801.0,121113.0,149092.0,150871.0,128455.0,123650.0,115718.85714285714,127664.4,0.0,0.0,59.5,6.02
125333,120438.0,119315.0,114403.0,121185.0,119435.0,144449.0,141132.0,130421.0,128455.0,115809.85714285714,126276.4,0.0,0.0,48.5,12.43
118562,125333.0,120438.0,119315.0,123565.0,116138.0,117836.0,131992.0,134765.0,130421.0,116402.42857142857,124835.3,0.0,0.0,47.2,15.72
108069,118562.0,125333.0,120438.0,106905.0,108767.0,106856.0,126203.0,138700.0,134765.0,115687.71428571428,123758.33333333331,0.0,0.0,46.6,13.12
106318,108069.0,118562.0,125333.0,104858.0,106977.0,110245.0,136914.0,127522.0,138700.0,115854.0,122656.23333333334,0.0,0.0,51.4,9.74
119413,106318.0,108069.0,118562.0,114403.0,119768.0,123806.0,159023.0,109050.0,127522.0,116062.57142857143,121800.43333333332,0.0,0.0,37.1,14.92
117200,119413.0,106318.0,108069.0,119315.0,122825.0,122666.0,153148.0,117306.0,109050.0,116778.28571428572,121574.1,2.0,0.0,33.0,12.45
119012,117200.0,119413.0,106318.0,120438.0,119801.0,121113.0,149092.0,118891.0,117306.0,116476.14285714286,120916.96666666666,0.0,0.0,34.8,15.27
119482,119012.0,117200.0,119413.0,125333.0,121185.0,119435.0,144449.0,122707.0,118891.0,116272.42857142857,119583.26666666666,0.0,0.0,38.6,15.01
118483,119482.0,119012.0,117200.0,118562.0,123565.0,116138.0,117836.0,126201.0,122707.0,115436.57142857143,118461.06666666668,0.0,0.0,43.7,14.45
108405,118483.0,119482.0,119012.0,108069.0,106905.0,108767.0,106856.0,124472.0,126201.0,115425.28571428572,117440.76666666666,0.0,0.0,49.9,4.06
108050,108405.0,118483.0,119482.0,106318.0,104858.0,106977.0,110245.0,108488.0,124472.0,115473.28571428572,116239.3,0.0,0.0,55.6,3.34
120832,108050.0,108405.0,118483.0,119413.0,114403.0,119768.0,123806.0,105809.0,108488.0,115720.71428571428,115913.1,0.0,0.5,63.2,6.21
125770,120832.0,108050.0,108405.0,117200.0,119315.0,122825.0,122666.0,124399.0,105809.0,115923.42857142857,116378.96666666666,0.0,1.0,62.7,7.48
127535,125770.0,120832.0,108050.0,119012.0,120438.0,119801.0,121113.0,122736.0,124399.0,117147.71428571428,116896.46666666666,0.0,0.0,44.5,13.66
120506,127535.0,125770.0,120832.0,119482.0,125333.0,121185.0,119435.0,119791.0,122736.0,118365.28571428572,117020.76666666666,0.0,0.0,36.3,11.93
118282,120506.0,127535.0,125770.0,118483.0,118562.0,123565.0,116138.0,118554.0,119791.0,118511.57142857143,116948.76666666666,0.0,0.0,39.5,13.82
109029,118282.0,120506.0,127535.0,108405.0,108069.0,106905.0,108767.0,117986.0,118554.0,118482.85714285714,116854.4,0.0,0.0,40.3,13.63
107416,109029.0,118282.0,120506.0,108050.0,106318.0,104858.0,106977.0,111022.0,117986.0,118572.0,116507.53333333334,0.0,0.0,51.1,7.59
119039,107416.0,109029.0,118282.0,120832.0,119413.0,114403.0,119768.0,107613.0,111022.0,118481.42857142857,116216.8,0.0,0.0,56.9,5.84
122214,119039.0,107416.0,109029.0,125770.0,117200.0,119315.0,122825.0,116568.0,107613.0,118225.28571428572,116559.2,0.0,0.0,50.7,12.59
120546,122214.0,119039.0,107416.0,127535.0,119012.0,120438.0,119801.0,118536.0,116568.0,117717.28571428572,117067.1,0.0,0.0,48.3,12.51
120005,120546.0,122214.0,119039.0,120506.0,119482.0,125333.0,121185.0,120557.0,118536.0,116718.85714285714,117093.03333333334,0.0,0.0,53.4,10.74
121075,120005.0,120546.0,122214.0,118282.0,118483.0,118562.0,123565.0,122026.0,120557.0,116647.28571428572,116999.03333333334,0.0,5.0,59.9,10.43
115378,121075.0,120005.0,120546.0,109029.0,108405.0,108069.0,106905.0,122425.0,122026.0,117046.28571428572,117041.5,0.0,5.5,61.7,6.2
120723,115378.0,121075.0,120005.0,107416.0,108050.0,106318.0,104858.0,111253.0,122425.0,117953.28571428572,116847.93333333332,0.0,0.5,52.4,11.39
129388,120723.0,115378.0,121075.0,119039.0,120832.0,119413.0,114403.0,115399.0,111253.0,119854.28571428572,116753.2,0.0,0.0,30.8,12.02
118595,129388.0,120723.0,115378.0,122214.0,125770.0,117200.0,119315.0,119783.0,115399.0,121332.71428571428,117502.63333333332,3.5,0.0,33.0,11.79
120670,118595.0,129388.0,120723.0,120546.0,127535.0,119012.0,120438.0,121457.0,119783.0,120815.71428571428,117960.53333333334,0.0,0.0,46.6,11.13
120580,120670.0,118595.0,129388.0,120005.0,120506.0,119482.0,125333.0,120398.0,121457.0,120833.42857142857,118169.43333333332,0.0,0.0,58.2,2.15
122084,120580.0,120670.0,118595.0,121075.0,118282.0,118483.0,118562.0,118862.0,120398.0,120915.57142857143,118211.6,0.0,0.0,58.3,9.99
113611,122084.0,120580.0,120670.0,115378.0,109029.0,108405.0,108069.0,122015.0,118862.0,121059.71428571428,118266.46666666666,0.0,0.0,39.7,5.94
108614,113611.0,122084.0,120580.0,120723.0,107416.0,108050.0,106318.0,111370.0,122015.0,120807.28571428572,117875.73333333334,9.0,0.0,25.9,11.25
122342,108614.0,113611.0,122084.0,129388.0,119039.0,120832.0,119413.0,111389.0,111370.0,119077.42857142857,117544.13333333332,9.5,0.0,31.4,5.73
126704,122342.0,108614.0,113611.0,118595.0,122214.0,125770.0,117200.0,125413.0,111389.0,118070.85714285714,118019.9,5.5,0.0,37.9,7.49
125824,126704.0,122342.0,108614.0,120670.0,120546.0,127535.0,119012.0,126053.0,125413.0,119229.28571428572,118699.43333333332,8.5,0.0,26.3,9.01
127120,125824.0,126704.0,122342.0,120580.0,120005.0,120506.0,119482.0,124707.0,126053.0,119965.57142857143,118913.13333333332,11.0,0.0,23.0,10.4
127603,127120.0,125824.0,126704.0,122084.0,121075.0,118282.0,118483.0,122628.0,124707.0,120899.85714285714,119243.8,14.5,0.0,19.6,10.85
119887,127603.0,127120.0,125824.0,113611.0,115378.0,109029.0,108405.0,123628.0,122628.0,121688.28571428572,119530.16666666669,15.0,0.0,14.9,10.58
121080,119887.0,127603.0,127120.0,108614.0,120723.0,107416.0,108050.0,115831.0,123628.0,122584.85714285714,119543.66666666669,16.0,0.0,16.4,10.43
133852,121080.0,119887.0,127603.0,122342.0,129388.0,119039.0,120832.0,112537.0,115831.0,124365.71428571428,119630.23333333334,6.0,0.0,26.5,10.16
128798,133852.0,121080.0,119887.0,126704.0,118595.0,122214.0,125770.0,124473.0,112537.0,126010.0,120478.46666666666,1.5,0.0,28.7,10.04
124175,128798.0,133852.0,121080.0,125824.0,120670.0,120546.0,127535.0,129289.0,124473.0,126309.14285714286,121170.06666666668,3.0,0.0,35.9,9.64
111890,124175.0,128798.0,133852.0,127120.0,120580.0,120005.0,120506.0,128530.0,129289.0,126073.57142857143,121281.5,0.0,0.0,39.7,3.77
117118,111890.0,124175.0,128798.0,127603.0,122084.0,121075.0,118282.0,112937.0,128530.0,123897.85714285714,120818.83333333331,0.5,0.0,31.8,9.66
112375,117118.0,111890.0,124175.0,119887.0,113611.0,115378.0,109029.0,119173.0,112937.0,122400.0,120471.6,0.0,0.0,40.9,2.76
113056,112375.0,117118.0,111890.0,121080.0,108614.0,120723.0,107416.0,119286.0,119173.0,121326.85714285714,120200.56666666668,2.5,0.0,39.4,7.6
123523,113056.0,112375.0,117118.0,133852.0,122342.0,129388.0,119039.0,119589.0,119286.0,120180.57142857143,120026.36666666668,10.0,0.0,30.3,7.51
128130,123523.0,113056.0,112375.0,128798.0,126704.0,118595.0,122214.0,130792.0,119589.0,118705.0,120509.5,1.0,0.0,41.9,0.97
128004,128130.0,123523.0,113056.0,124175.0,125824.0,120670.0,120546.0,133370.0,130792.0,118609.57142857143,121199.96666666666,11.0,0.0,20.7,8.35
129814,128004.0,128130.0,123523.0,111890.0,127120.0,120580.0,120005.0,129347.0,133370.0,119156.57142857143,121498.8,10.5,0.0,25.9,9.32
130336,129814.0,128004.0,128130.0,117118.0,127603.0,122084.0,121075.0,126233.0,129347.0,121717.14285714286,121752.13333333332,0.0,0.0,44.5,1.35
118313,130336.0,129814.0,128004.0,112375.0,119887.0,113611.0,115378.0,125159.0,126233.0,123605.42857142857,122078.46666666666,8.5,0.0,25.8,9.08
116521,118313.0,130336.0,129814.0,113056.0,121080.0,108614.0,120723.0,119139.0,125159.0,124453.71428571428,122022.06666666668,8.0,0.0,26.9,8.55
129350,116521.0,118313.0,130336.0,123523.0,133852.0,122342.0,129388.0,115555.0,119139.0,124948.71428571428,121870.26666666666,0.0,0.0,45.0,1.01
129080,129350.0,116521.0,118313.0,128130.0,128798.0,126704.0,118595.0,125874.0,115555.0,125781.14285714286,122336.0,0.0,0.0,54.0,1.73
126511,129080.0,129350.0,116521.0,128004.0,124175.0,125824.0,120670.0,128524.0,125874.0,125916.85714285714,122614.56666666668,1.5,0.0,39.8,5.83
125365,126511.0,129080.0,129350.0,129814.0,111890.0,127120.0,120580.0,131138.0,128524.0,125703.57142857143,122518.66666666669,9.5,0.0,25.9,9.14
128232,125365.0,126511.0,129080.0,130336.0,117118.0,127603.0,122084.0,132700.0,131138.0,125068.0,122744.33333333331,14.5,0.0,22.8,8.85
123064,128232.0,125365.0,126511.0,118313.0,112375.0,119887.0,113611.0,128072.0,132700.0,124767.42857142857,122996.4,13.5,0.0,32.1,1.2
122660,123064.0,128232.0,125365.0,116521.0,113056.0,121080.0,108614.0,116338.0,128072.0,125446.14285714286,123079.2,17.0,0.0,28.0,7.49
135900,122660.0,123064.0,128232.0,129350.0,123523.0,133852.0,122342.0,115082.0,116338.0,126323.14285714286,123098.4,17.5,0.0,20.3,9.13
138164,135900.0,122660.0,123064.0,129080.0,128130.0,128798.0,126704.0,125997.0,115082.0,127258.85714285714,123841.36666666668,15.0,0.0,20.2,8.95
137623,138164.0,135900.0,122660.0,126511.0,128004.0,124175.0,125824.0,126500.0,125997.0,128556.57142857143,124826.36666666668,12.5,0.0,30.7,1.48
137442,137623.0,138164.0,135900.0,125365.0,129814.0,111890.0,127120.0,126642.0,126500.0,130144.0,125335.73333333334,9.0,0.0,38.5,1.55
133487,137442.0,137623.0,138164.0,128232.0,130336.0,117118.0,127603.0,124172.0,126642.0,131869.2857142857,125693.66666666669,10.0,0.0,28.6,8.08
122638,133487.0,137442.0,137623.0,123064.0,118313.0,112375.0,119887.0,120573.0,124172.0,132620.0,125949.1,14.0,0.0,21.9,7.03
122612,122638.0,133487.0,137442.0,122660.0,116521.0,113056.0,121080.0,117721.0,120573.0,132559.14285714287,125799.7,15.0,0.0,19.5,8.77
136653,122612.0,122638.0,133487.0,135900.0,129350.0,123523.0,133852.0,118663.0,117721.0,132552.2857142857,125633.33333333331,15.5,0.0,21.6,8.77
136279,136653.0,122612.0,122638.0,138164.0,129080.0,128130.0,128798.0,133775.0,118663.0,132659.85714285713,126192.2,16.5,0.0,23.0,8.62
136074,136279.0,136653.0,122612.0,137623.0,126511.0,128004.0,124175.0,132331.0,133775.0,132390.57142857142,126698.83333333331,9.0,0.0,34.4,2.02
133835,136074.0,136279.0,136653.0,137442.0,125365.0,129814.0,111890.0,128868.0,132331.0,132169.2857142857,126772.9,17.0,0.0,31.7,1.88
134353,133835.0,136074.0,136279.0,133487.0,128232.0,130336.0,117118.0,132307.0,128868.0,131654.0,126940.8,39.0,0.0,-11.3,8.69
145577,134353.0,133835.0,136074.0,122638.0,123064.0,118313.0,112375.0,124106.0,132307.0,131777.7142857143,127280.06666666668,29.0,0.0,0.3,8.95
137906,145577.0,134353.0,133835.0,122612.0,122660.0,116521.0,113056.0,115095.0,124106.0,135054.7142857143,128402.96666666666,26.5,0.0,3.9,8.79
140298,137906.0,145577.0,134353.0,136653.0,135900.0,129350.0,123523.0,113618.0,115095.0,137239.57142857142,129095.9,18.0,0.0,14.1,8.66
141967,140298.0,137906.0,145577.0,136279.0,138164.0,129080.0,128130.0,127916.0,113618.0,137760.2857142857,130026.66666666669,10.0,0.0,23.1,8.4
134018,141967.0,140298.0,137906.0,136074.0,137623.0,126511.0,128004.0,125714.0,127916.0,138572.85714285713,130990.36666666668,4.5,0.0,29.9,8.32
129523,134018.0,141967.0,140298.0,133835.0,137442.0,125365.0,129814.0,125574.0,125714.0,138279.14285714287,131340.2,0.0,0.0,36.0,8.18
124166,129523.0,134018.0,141967.0,134353.0,133487.0,128232.0,130336.0,123116.0,125574.0,137663.14285714287,131386.63333333333,0.0,0.0,47.4,1.6
117173,124166.0,129523.0,134018.0,145577.0,122638.0,123064.0,118313.0,117546.0,123116.0,136207.85714285713,131258.7,0.0,0.0,43.1,7.87
110714,117173.0,124166.0,129523.0,137906.0,122612.0,122660.0,116521.0,111503.0,117546.0,132150.14285714287,130837.33333333331,0.0,0.0,41.8,5.77
115759,110714.0,117173.0,124166.0,140298.0,136653.0,135900.0,129350.0,112459.0,111503.0,128265.57142857143,130183.26666666666,0.0,0.0,48.3,1.35
125253,115759.0,110714.0,117173.0,141967.0,136279.0,138164.0,129080.0,134716.0,112459.0,124760.0,130098.13333333332,0.0,0.0,54.3,6.63
122698,125253.0,115759.0,110714.0,134018.0,136074.0,137623.0,126511.0,139254.0,134716.0,122372.28571428572,130389.2,3.0,0.0,47.3,4.44
124238,122698.0,125253.0,115759.0,129523.0,133835.0,137442.0,125365.0,134358.0,139254.0,120755.14285714286,130167.46666666666,6.0,0.0,38.8,3.76
126034,124238.0,122698.0,125253.0,124166.0,134353.0,133487.0,128232.0,132221.0,134358.0,120000.14285714286,130006.06666666668,9.0,0.0,28.7,6.9
119605,126034.0,124238.0,122698.0,117173.0,145577.0,122638.0,123064.0,137445.0,132221.0,120267.0,129990.16666666669,13.0,0.0,25.2,8.87
119410,119605.0,126034.0,124238.0,110714.0,137906.0,122612.0,122660.0,133150.0,137445.0,120614.42857142857,129798.16666666669,9.5,0.0,29.6,7.94
129903,119410.0,119605.0,126034.0,115759.0,140298.0,136653.0,135900.0,127534.0,133150.0,121856.71428571428,129504.1,10.5,0.0,26.8,5.83
132382,129903.0,119410.0,119605.0,125253.0,141967.0,136279.0,138164.0,138829.0,127534.0,123877.28571428572,129732.06666666668,13.0,0.0,24.0,6.74
133149,132382.0,129903.0,119410.0,122698.0,134018.0,136074.0,137623.0,148481.0,138829.0,124895.71428571428,130056.13333333332,4.0,0.0,38.6,1.76
130978,133149.0,132382.0,129903.0,124238.0,129523.0,133835.0,137442.0,142547.0,148481.0,126388.71428571428,129964.43333333332,2.5,0.0,42.3,3.7
125833,130978.0,133149.0,132382.0,126034.0,124166.0,134353.0,133487.0,133542.0,142547.0,127351.57142857143,129724.9,15.5,0.0,19.8,2.15
124317,125833.0,130978.0,133149.0,119605.0,117173.0,145577.0,122638.0,133409.0,133542.0,127322.85714285714,129331.9,14.5,0.0,15.8,9.61
123983,124317.0,125833.0,130978.0,119410.0,110714.0,137906.0,122612.0,140347.0,133409.0,127996.0,128894.4,12.0,0.0,13.4,9.98
129779,123983.0,124317.0,125833.0,129903.0,115759.0,140298.0,136653.0,139718.0,140347.0,128649.28571428572,128577.6,9.0,0.0,22.1,5.49
132506,129779.0,123983.0,124317.0,132382.0,125253.0,141967.0,136279.0,135330.0,139718.0,128631.57142857143,128815.63333333332,2.5,0.0,36.9,7.33
127929,132506.0,129779.0,123983.0,133149.0,122698.0,134018.0,136074.0,139668.0,135330.0,128649.28571428572,129145.43333333332,8.0,0.0,36.9,1.37
129925,127929.0,132506.0,129779.0,130978.0,124238.0,129523.0,133835.0,135598.0,139668.0,127903.57142857143,128854.63333333332,5.5,0.0,35.6,6.3
128047,129925.0,127929.0,132506.0,125833.0,126034.0,124166.0,134353.0,137146.0,135598.0,127753.14285714286,128642.83333333331,10.5,0.0,26.3,7.62
121740,128047.0,129925.0,127929.0,124317.0,119605.0,117173.0,145577.0,149322.0,137146.0,128069.42857142857,128375.26666666666,11.0,0.0,28.2,5.48
120381,121740.0,128047.0,129925.0,123983.0,119410.0,110714.0,137906.0,139874.0,149322.0,127701.28571428572,127972.1,12.5,0.0,33.4,2.12
134041,120381.0,121740.0,128047.0,129779.0,129903.0,115759.0,140298.0,132244.0,139874.0,127186.71428571428,127506.36666666668,9.5,0.0,24.9,10.33
132393,134041.0,120381.0,121740.0,132506.0,132382.0,125253.0,141967.0,140301.0,132244.0,127795.57142857143,127121.83333333331,5.5,0.0,31.5,2.37
133865,132393.0,134041.0,120381.0,127929.0,133149.0,122698.0,134018.0,137320.0,140301.0,127779.42857142857,126938.06666666668,1.0,0.0,35.1,9.23
130359,133865.0,132393.0,134041.0,129925.0,130978.0,124238.0,129523.0,144575.0,137320.0,128627.42857142857,126723.63333333332,10.5,0.0,24.6,9.41
130038,130359.0,133865.0,132393.0,128047.0,125833.0,126034.0,124166.0,145739.0,144575.0,128689.42857142857,126336.7,6.0,0.0,27.0,10.39
118723,130038.0,130359.0,133865.0,121740.0,124317.0,119605.0,117173.0,142816.0,145739.0,128973.85714285714,126204.03333333334,2.5,0.0,33.4,4.84
115804,118723.0,130038.0,130359.0,120381.0,123983.0,119410.0,110714.0,142200.0,142816.0,128542.85714285714,125844.03333333334,1.0,0.0,38.1,9.57
125165,115804.0,118723.0,130038.0,134041.0,129779.0,129903.0,115759.0,142253.0,142200.0,127889.0,125565.3,9.5,0.0,26.8,4.15
130743,125165.0,115804.0,118723.0,132393.0,132506.0,132382.0,125253.0,147344.0,142253.0,126621.0,125831.7,18.0,0.0,14.9,11.61
135393,130743.0,125165.0,115804.0,133865.0,127929.0,133149.0,122698.0,142802.0,147344.0,126385.28571428572,126499.33333333331,15.5,0.0,15.3,11.67
135473,135393.0,130743.0,125165.0,130359.0,129925.0,130978.0,124238.0,137071.0,142802.0,126603.57142857143,127153.8,27.0,0.0,2.4,12.66
145270,135473.0,135393.0,130743.0,130038.0,128047.0,125833.0,126034.0,133348.0,137071.0,127334.14285714286,127494.46666666666,35.0,0.0,-10.8,12.76
147495,145270.0,135473.0,135393.0,118723.0,121740.0,124317.0,119605.0,135853.0,133348.0,129510.14285714286,128246.86666666668,12.0,0.0,17.9,9.58
129341,147495.0,145270.0,135473.0,115804.0,120381.0,123983.0,119410.0,135098.0,135853.0,133620.42857142858,129022.1,7.0,0.0,29.7,10.94
131645,129341.0,147495.0,145270.0,125165.0,134041.0,129779.0,129903.0,134794.0,135098.0,135554.2857142857,129132.33333333331,13.5,0.0,23.7,10.37
134177,131645.0,129341.0,147495.0,130743.0,132393.0,132506.0,132382.0,140534.0,134794.0,136480.0,129533.66666666669,4.0,0.0,32.6,12.1
128501,134177.0,131645.0,129341.0,135393.0,133865.0,127929.0,133149.0,134807.0,140534.0,136970.57142857142,130025.9,1.5,0.0,34.6,3.33
128685,128501.0,134177.0,131645.0,135473.0,130359.0,129925.0,130978.0,134151.0,134807.0,135986.0,129979.16666666669,0.0,0.0,40.6,12.88
122360,128685.0,128501.0,134177.0,145270.0,130038.0,128047.0,125833.0,129433.0,134151.0,135016.2857142857,129855.93333333332,9.0,0.0,23.1,13.62
116598,122360.0,128685.0,128501.0,147495.0,118723.0,121740.0,124317.0,126087.0,129433.0,131743.42857142858,129496.3,7.0,0.0,26.7,7.95
116261,116598.0,122360.0,128685.0,129341.0,115804.0,120381.0,123983.0,114792.0,126087.0,127329.57142857143,129016.96666666666,1.0,0.0,24.6,13.86
124713,116261.0,116598.0,122360.0,131645.0,125165.0,134041.0,129779.0,123675.0,114792.0,125461.0,128697.9,3.0,0.0,27.0,14.13
124168,124713.0,116261.0,116598.0,134177.0,130743.0,132393.0,132506.0,145185.0,123675.0,124470.71428571428,128711.1,0.0,0.0,37.6,12.62
122571,124168.0,124713.0,116261.0,128501.0,135393.0,133865.0,127929.0,146849.0,145185.0,123040.85714285714,128717.26666666666,0.0,0.0,45.4,8.19
120734,122571.0,124168.0,124713.0,128685.0,135473.0,130359.0,129925.0,137341.0,146849.0,122193.71428571428,128477.0,3.5,0.0,43.9,3.14
123029,120734.0,122571.0,124168.0,122360.0,145270.0,130038.0,128047.0,125473.0,137341.0,121057.85714285714,128084.6,15.0,0.0,16.9,15.05
118794,123029.0,120734.0,122571.0,116598.0,147495.0,118723.0,121740.0,126067.0,125473.0,121153.42857142857,127921.26666666666,6.5,0.0,29.8,8.5
114515,118794.0,123029.0,120734.0,116261.0,129341.0,115804.0,120381.0,125608.0,126067.0,121467.14285714286,127550.23333333334,0.0,0.0,39.7,7.92
115965,114515.0,118794.0,123029.0,124713.0,131645.0,125165.0,134041.0,126100.0,125608.0,121217.71428571428,127099.16666666669,6.5,0.0,35.0,5.65
125622,115965.0,114515.0,118794.0,124168.0,134177.0,130743.0,132393.0,123351.0,126100.0,119968.0,126906.66666666669,9.5,0.0,29.8,6.54
127740,125622.0,115965.0,114515.0,122571.0,128501.0,135393.0,133865.0,126094.0,123351.0,120175.71428571428,127081.36666666668,9.0,0.0,36.3,6.76
129068,127740.0,125622.0,115965.0,120734.0,128685.0,135473.0,130359.0,122394.0,126094.0,120914.14285714286,126871.33333333331,15.0,0.0,24.8,14.15
127964,129068.0,127740.0,125622.0,123029.0,122360.0,145270.0,130038.0,132698.0,122394.0,122104.71428571428,126760.5,22.0,0.0,15.0,6.39
128870,127964.0,129068.0,127740.0,118794.0,116598.0,147495.0,118723.0,135833.0,132698.0,122809.71428571428,126563.8,10.0,0.0,25.7,13.48
121861,128870.0,127964.0,129068.0,114515.0,116261.0,129341.0,115804.0,127373.0,135833.0,124249.14285714286,126514.16666666669,10.5,0.0,23.7,13.96
131002,121861.0,128870.0,127964.0,115965.0,124713.0,131645.0,125165.0,121680.0,127373.0,125298.57142857143,126241.6,15.0,0.0,32.1,1.93
136314,131002.0,121861.0,128870.0,125622.0,124168.0,134177.0,130743.0,135424.0,121680.0,127446.71428571428,126650.9,11.5,0.0,29.4,14.74
132040,136314.0,131002.0,121861.0,127740.0,122571.0,128501.0,135393.0,133820.0,135424.0,128974.14285714286,127334.56666666668,3.5,0.0,36.9,10.54
128799,132040.0,136314.0,131002.0,129068.0,120734.0,128685.0,135473.0,126844.0,133820.0,129588.42857142857,127563.73333333334,8.0,0.0,28.2,11.25
128658,128799.0,132040.0,136314.0,127964.0,123029.0,122360.0,145270.0,128567.0,126844.0,129550.0,127498.93333333332,8.5,0.0,36.3,5.78
119799,128658.0,128799.0,132040.0,128870.0,118794.0,116598.0,147495.0,134410.0,128567.0,129649.14285714286,127274.43333333332,4.5,0.0,29.9,14.31
115276,119799.0,128658.0,128799.0,121861.0,114515.0,116261.0,129341.0,120758.0,134410.0,128353.28571428572,126751.96666666666,4.0,0.0,27.0,15.18
125030,115276.0,119799.0,128658.0,131002.0,115965.0,124713.0,131645.0,113970.0,120758.0,127412.57142857143,125752.16666666669,10.0,0.0,21.2,17.68
128147,125030.0,115276.0,119799.0,136314.0,125622.0,124168.0,134177.0,121327.0,113970.0,126559.42857142857,125003.33333333331,10.5,0.0,21.6,17.49
130246,128147.0,125030.0,115276.0,132040.0,127740.0,122571.0,128501.0,122942.0,121327.0,125392.71428571428,124963.53333333334,8.0,0.0,26.5,15.52
127820,130246.0,128147.0,125030.0,128799.0,129068.0,120734.0,128685.0,130529.0,122942.0,125136.42857142857,124916.9,9.5,0.0,30.4,9.66
127940,127820.0,130246.0,128147.0,128658.0,127964.0,123029.0,122360.0,127333.0,130529.0,124996.57142857143,124705.0,10.0,0.0,33.5,8.02
119894,127940.0,127820.0,130246.0,119799.0,128870.0,118794.0,116598.0,123577.0,127333.0,124894.0,124686.3,9.0,0.0,27.0,15.02
112114,119894.0,127940.0,127820.0,115276.0,121861.0,114515.0,116261.0,122876.0,123577.0,124907.57142857143,124393.26666666666,8.5,0.0,37.6,2.41
129401,112114.0,119894.0,127940.0,125030.0,131002.0,115965.0,124713.0,121006.0,122876.0,124455.85714285714,124051.73333333334,14.5,0.0,28.7,4.95
134348,129401.0,112114.0,119894.0,128147.0,136314.0,125622.0,124168.0,128418.0,121006.0,125080.28571428572,124478.5,10.5,0.0,21.4,17.99
132305,134348.0,129401.0,112114.0,130246.0,132040.0,127740.0,122571.0,121734.0,128418.0,125966.14285714286,125081.4,3.5,0.0,22.4,18.44
127824,132305.0,134348.0,129401.0,127820.0,128799.0,129068.0,120734.0,119402.0,121734.0,126260.28571428572,125334.46666666666,0.0,0.0,34.9,12.04
121723,127824.0,132305.0,134348.0,127940.0,128658.0,127964.0,123029.0,122410.0,119402.0,126260.85714285714,125456.33333333331,2.0,0.0,30.3,18.29
111745,121723.0,127824.0,132305.0,119894.0,119799.0,128870.0,118794.0,119331.0,122410.0,125372.71428571428,125428.06666666668,15.5,0.0,13.3,20.44
115955,111745.0,121723.0,127824.0,112114.0,115276.0,121861.0,114515.0,110001.0,119331.0,124208.57142857143,125128.43333333332,9.0,0.0,20.2,21.1
126654,115955.0,111745.0,121723.0,129401.0,125030.0,131002.0,115965.0,107618.0,110001.0,124757.28571428572,124892.63333333332,0.0,0.0,25.0,21.03
122805,126654.0,115955.0,111745.0,134348.0,128147.0,136314.0,125622.0,118396.0,107618.0,124364.85714285714,125154.63333333332,0.0,0.0,34.6,16.76
120961,122805.0,126654.0,115955.0,132305.0,130246.0,132040.0,127740.0,118589.0,118396.0,122715.85714285714,125430.96666666666,0.0,0.0,47.8,8.8
121618,120961.0,122805.0,126654.0,127824.0,127820.0,128799.0,129068.0,122808.0,118589.0,121095.28571428572,125597.5,0.5,0.0,34.1,12.12
120547,121618.0,120961.0,122805.0,121723.0,127940.0,128658.0,127964.0,126310.0,122808.0,120208.71428571428,125464.03333333334,5.5,0.0,36.9,3.13
115772,120547.0,121618.0,120961.0,111745.0,119894.0,119799.0,128870.0,121464.0,126310.0,120040.71428571428,125224.26666666666,0.0,0.0,34.9,21.91
108253,115772.0,120547.0,121618.0,115955.0,112114.0,115276.0,121861.0,111324.0,121464.0,120616.0,124781.06666666668,0.0,0.0,33.2,16.72
119452,108253.0,115772.0,120547.0,126654.0,129401.0,125030.0,131002.0,113300.0,111324.0,119515.71428571428,124124.03333333334,3.0,0.0,34.0,10.72
121920,119452.0,108253.0,115772.0,122805.0,134348.0,128147.0,136314.0,135881.0,113300.0,118486.85714285714,123810.1,3.0,0.0,27.7,22.22
120932,121920.0,119452.0,108253.0,120961.0,132305.0,130246.0,132040.0,137056.0,135881.0,118360.42857142857,123812.06666666668,11.5,0.0,18.3,22.67
124644,120932.0,121920.0,119452.0,121618.0,127824.0,127820.0,128799.0,131818.0,137056.0,118356.28571428572,123476.4,2.5,0.0,33.6,11.76
123140,124644.0,120932.0,121920.0,120547.0,121723.0,127940.0,128658.0,124378.0,131818.0,118788.57142857143,123087.4,0.0,0.0,51.5,8.5
111631,123140.0,124644.0,120932.0,115772.0,111745.0,119894.0,119799.0,120710.0,124378.0,119159.0,122790.73333333334,4.5,0.0,23.7,23.73
108953,111631.0,123140.0,124644.0,108253.0,115955.0,112114.0,115276.0,111925.0,120710.0,118567.42857142857,122218.46666666666,1.0,0.0,33.3,22.8
120873,108953.0,111631.0,123140.0,119452.0,126654.0,129401.0,125030.0,112753.0,111925.0,118667.42857142857,121561.63333333332,0.0,0.0,50.0,19.77
119870,120873.0,108953.0,111631.0,121920.0,122805.0,134348.0,128147.0,122503.0,112753.0,118870.42857142857,121597.43333333332,0.0,0.0,48.8,6.09
121088,119870.0,120873.0,108953.0,120932.0,120961.0,132305.0,130246.0,122367.0,122503.0,118577.57142857143,121750.56666666668,0.0,0.0,55.6,15.69
119719,121088.0,119870.0,120873.0,124644.0,121618.0,127824.0,127820.0,124394.0,122367.0,118599.85714285714,121619.16666666669,0.0,0.0,27.8,9.23
115204,119719.0,121088.0,119870.0,123140.0,120547.0,121723.0,127940.0,125764.0,124394.0,117896.28571428572,121338.23333333334,4.5,0.0,23.7,21.12
108997,115204.0,119719.0,121088.0,111631.0,115772.0,111745.0,119894.0,119287.0,125764.0,116762.57142857143,120836.83333333331,1.5,0.0,30.2,24.07
105897,108997.0,115204.0,119719.0,108953.0,108253.0,115955.0,112114.0,109426.0,119287.0,116386.28571428572,120209.4,0.0,0.0,35.5,24.35
116583,105897.0,108997.0,115204.0,120873.0,119452.0,126654.0,129401.0,109935.0,109426.0,115949.71428571428,119474.63333333332,0.0,0.0,32.5,23.18
117194,116583.0,105897.0,108997.0,119870.0,121920.0,122805.0,134348.0,120604.0,109935.0,115336.85714285714,119364.26666666666,0.0,9.0,41.1,21.16
122341,117194.0,116583.0,105897.0,121088.0,120932.0,120961.0,132305.0,120024.0,120604.0,114954.57142857143,119533.6,0.0,13.5,47.2,24.13
133743,122341.0,117194.0,116583.0,119719.0,124644.0,121618.0,127824.0,119341.0,120024.0,115133.57142857143,119298.26666666666,0.0,15.5,48.3,23.31
140767,133743.0,122341.0,117194.0,115204.0,123140.0,120547.0,121723.0,124219.0,119341.0,117137.0,119278.1,0.0,2.0,58.9,16.68
122941,140767.0,133743.0,122341.0,108997.0,111631.0,115772.0,111745.0,114675.0,124219.0,120788.85714285714,119560.16666666669,0.0,0.0,57.2,15.43
113609,122941.0,140767.0,133743.0,105897.0,108953.0,108253.0,115955.0,106763.0,114675.0,122780.85714285714,119397.4,0.0,0.0,48.0,13.07
120738,113609.0,122941.0,140767.0,116583.0,120873.0,119452.0,126654.0,104143.0,106763.0,123882.57142857143,119126.93333333332,0.0,0.0,30.5,18.78
116766,120738.0,113609.0,122941.0,117194.0,119870.0,121920.0,122805.0,118648.0,104143.0,124476.14285714286,119426.7,0.0,0.0,31.5,21.6
117228,116766.0,120738.0,113609.0,122341.0,121088.0,120932.0,120961.0,121388.0,118648.0,124415.0,119453.73333333334,0.0,0.0,38.3,23.38
116594,117228.0,116766.0,120738.0,133743.0,119719.0,124644.0,121618.0,118785.0,121388.0,123684.57142857143,119139.53333333334,0.0,0.0,46.3,25.09
116193,116594.0,117228.0,116766.0,140767.0,115204.0,123140.0,120547.0,117962.0,118785.0,121234.71428571428,118932.5,0.0,0.0,52.9,19.28
108000,116193.0,116594.0,117228.0,122941.0,108997.0,111631.0,115772.0,115266.0,117962.0,117724.14285714286,118773.56666666668,0.0,0.0,49.4,14.99
106680,108000.0,116193.0,116594.0,113609.0,105897.0,108953.0,108253.0,104963.0,115266.0,115589.71428571428,118319.63333333332,0.0,0.0,34.7,22.39
115464,106680.0,108000.0,116193.0,120738.0,116583.0,120873.0,119452.0,103141.0,104963.0,114599.85714285714,117857.4,0.0,0.0,34.3,19.84
116571,115464.0,106680.0,108000.0,116766.0,117194.0,119870.0,121920.0,116707.0,103141.0,113846.42857142857,117847.13333333332,0.0,0.0,40.5,17.94
116469,116571.0,115464.0,106680.0,117228.0,122341.0,121088.0,120932.0,117936.0,116707.0,113818.57142857143,118124.4,0.0,0.0,46.0,14.29
117867,116469.0,116571.0,115464.0,116594.0,133743.0,119719.0,124644.0,117033.0,117936.0,113710.14285714286,118024.96666666666,0.0,0.0,42.2,9.66
117958,117867.0,116469.0,116571.0,116193.0,140767.0,115204.0,123140.0,118417.0,117033.0,113892.0,117889.86666666668,0.0,0.0,48.9,3.72
112265,117958.0,117867.0,116469.0,108000.0,122941.0,108997.0,111631.0,116328.0,118417.0,114144.14285714286,117790.73333333334,0.0,0.0,53.6,5.18
109877,112265.0,117958.0,117867.0,106680.0,113609.0,105897.0,108953.0,105598.0,116328.0,114753.42857142857,117378.1,0.0,0.0,41.2,21.97
116373,109877.0,112265.0,117958.0,115464.0,120738.0,116583.0,120873.0,103273.0,105598.0,115210.14285714286,116936.0,0.0,0.0,39.4,17.85
117408,116373.0,109877.0,112265.0,116571.0,116766.0,117194.0,119870.0,116909.0,103273.0,115340.0,117094.06666666668,0.0,0.0,38.6,17.15
117134,117408.0,116373.0,109877.0,116469.0,117228.0,122341.0,121088.0,116246.0,116909.0,115459.57142857143,117375.9,0.0,0.0,43.7,17.73
118783,117134.0,117408.0,116373.0,117867.0,116594.0,133743.0,119719.0,118020.0,116246.0,115554.57142857143,117251.26666666666,0.0,0.0,44.7,22.51
116116,118783.0,117134.0,117408.0,117958.0,116193.0,140767.0,115204.0,117381.0,118020.0,115685.42857142857,117215.03333333334,0.0,0.0,44.0,22.92
106884,116116.0,118783.0,117134.0,112265.0,108000.0,122941.0,108997.0,117185.0,117381.0,115422.28571428572,117049.3,0.0,1.0,46.0,26.38
106708,106884.0,116116.0,118783.0,109877.0,106680.0,113609.0,105897.0,110153.0,117185.0,114653.57142857143,116621.46666666666,0.0,2.5,50.1,26.44
123086,106708.0,106884.0,116116.0,116373.0,115464.0,120738.0,116583.0,105750.0,110153.0,114200.85714285714,116338.26666666666,0.0,0.0,39.2,23.09
117625,123086.0,106708.0,106884.0,117408.0,116571.0,116766.0,117194.0,115489.0,105750.0,115159.85714285714,116807.9,0.0,0.0,43.4,28.49
117570,117625.0,123086.0,106708.0,117134.0,116469.0,117228.0,122341.0,115833.0,115489.0,115190.85714285714,117198.83333333331,0.0,3.5,46.2,27.98
123681,117570.0,117625.0,123086.0,118783.0,117867.0,116594.0,133743.0,116769.0,115833.0,115253.14285714286,117231.73333333334,0.0,11.0,52.1,24.42
135997,123681.0,117570.0,117625.0,116116.0,117958.0,116193.0,140767.0,120169.0,116769.0,115952.85714285714,117447.96666666666,0.0,9.0,50.3,16.28
129143,135997.0,123681.0,117570.0,106884.0,112265.0,108000.0,122941.0,122073.0,120169.0,118793.0,117903.16666666669,0.0,1.5,40.1,28.25
113232,129143.0,135997.0,123681.0,106708.0,109877.0,106680.0,113609.0,113959.0,122073.0,121972.85714285714,117749.83333333331,0.0,0.0,36.0,29.53
123378,113232.0,129143.0,135997.0,123086.0,116373.0,115464.0,120738.0,113589.0,113959.0,122904.85714285714,116832.0,0.0,3.5,38.0,27.59
128952,123378.0,113232.0,129143.0,117625.0,117408.0,116571.0,116766.0,132166.0,113589.0,122946.57142857143,116846.56666666668,0.0,0.0,33.8,29.48
121160,128952.0,123378.0,113232.0,117570.0,117134.0,116469.0,117228.0,125326.0,132166.0,124564.71428571428,117358.0,0.0,0.0,35.1,29.59
114549,121160.0,128952.0,123378.0,123681.0,118783.0,117867.0,116594.0,121073.0,125326.0,125077.57142857143,117372.06666666668,0.0,0.0,48.5,23.36
116482,114549.0,121160.0,128952.0,135997.0,116116.0,117958.0,116193.0,120697.0,121073.0,123773.0,117298.16666666669,0.0,0.0,57.9,5.68
110684,116482.0,114549.0,121160.0,129143.0,106884.0,112265.0,108000.0,121752.0,120697.0,120985.14285714286,117273.3,0.0,0.0,51.1,19.37
107194,110684.0,116482.0,114549.0,113232.0,106708.0,109877.0,106680.0,129498.0,121752.0,118348.14285714286,117076.3,0.0,1.0,52.1,23.99
121819,107194.0,110684.0,116482.0,123378.0,123086.0,116373.0,115464.0,147492.0,129498.0,117485.57142857143,116776.33333333331,0.0,0.0,49.3,27.21
118631,121819.0,107194.0,110684.0,128952.0,117625.0,117408.0,116571.0,137095.0,147492.0,117262.85714285714,117236.96666666666,0.0,0.0,49.1,26.3
119115,118631.0,121819.0,107194.0,121160.0,117570.0,117134.0,116469.0,125399.0,137095.0,115788.42857142857,117635.33333333331,0.0,0.0,41.1,29.78
115600,119115.0,118631.0,121819.0,114549.0,123681.0,118783.0,117867.0,121071.0,125399.0,115496.28571428572,117757.03333333334,0.0,0.0,42.3,29.79
116326,115600.0,119115.0,118631.0,116482.0,135997.0,116116.0,117958.0,121600.0,121071.0,115646.42857142857,117724.66666666669,0.0,2.0,45.0,29.26
108601,116326.0,115600.0,119115.0,110684.0,129143.0,106884.0,112265.0,133313.0,121600.0,115624.14285714286,117719.9,0.0,4.0,46.6,28.95
107474,108601.0,116326.0,115600.0,107194.0,113232.0,106708.0,109877.0,122247.0,133313.0,115326.57142857143,117411.03333333334,0.0,4.0,49.1,28.96
114978,107474.0,108601.0,116326.0,121819.0,123378.0,123086.0,116373.0,116688.0,122247.0,115366.57142857143,117061.56666666668,0.0,0.0,49.4,29.83
120976,114978.0,107474.0,108601.0,118631.0,128952.0,117625.0,117408.0,133272.0,116688.0,114389.28571428572,117152.0,0.0,0.0,51.0,29.74
123000,120976.0,114978.0,107474.0,119115.0,121160.0,117570.0,117134.0,175375.0,133272.0,114724.28571428572,117521.96666666666,0.0,8.0,55.5,29.33
134730,123000.0,120976.0,114978.0,115600.0,114549.0,123681.0,118783.0,138381.0,175375.0,115279.28571428572,117742.86666666668,0.0,13.5,58.1,26.87
146225,134730.0,123000.0,120976.0,116326.0,116482.0,135997.0,116116.0,144168.0,138381.0,118012.14285714286,118320.26666666666,0.0,0.0,56.3,12.81
121764,146225.0,134730.0,123000.0,108601.0,110684.0,129143.0,106884.0,140673.0,144168.0,122283.42857142857,119289.96666666666,0.0,0.0,43.5,18.19
106737,121764.0,146225.0,134730.0,107474.0,107194.0,113232.0,106708.0,127057.0,140673.0,124163.85714285714,119389.33333333331,0.0,1.0,45.5,18.82
122591,106737.0,121764.0,146225.0,114978.0,121819.0,123378.0,123086.0,119538.0,127057.0,124058.57142857143,119076.7,0.0,4.5,46.8,25.39
126482,122591.0,106737.0,121764.0,120976.0,118631.0,128952.0,117625.0,137896.0,119538.0,125146.14285714286,119600.26666666666,0.0,0.0,41.1,29.42
122219,126482.0,122591.0,106737.0,123000.0,119115.0,121160.0,117570.0,140917.0,137896.0,125932.71428571428,120259.4,0.0,0.0,45.4,23.88
122396,122219.0,126482.0,122591.0,134730.0,115600.0,114549.0,123681.0,155202.0,140917.0,125821.14285714286,120230.5,0.0,0.0,49.1,22.12
122782,122396.0,122219.0,126482.0,146225.0,116326.0,116482.0,135997.0,158163.0,155202.0,124059.14285714286,120389.53333333334,0.0,3.0,51.1,25.57
116495,122782.0,122396.0,122219.0,121764.0,108601.0,110684.0,129143.0,143138.0,158163.0,120710.14285714286,120563.26666666666,0.0,8.0,57.7,22.23
123644,116495.0,122782.0,122396.0,106737.0,107474.0,107194.0,113232.0,129673.0,143138.0,119957.42857142857,120323.73333333334,0.0,7.0,62.5,15.54
143428,123644.0,116495.0,122782.0,122591.0,114978.0,121819.0,123378.0,124392.0,129673.0,122372.71428571428,119911.96666666666,0.0,6.0,54.7,25.64
139956,143428.0,123644.0,116495.0,126482.0,120976.0,118631.0,128952.0,160107.0,124392.0,125349.42857142857,120388.13333333332,0.0,4.5,56.0,17.28
138201,139956.0,143428.0,123644.0,122219.0,123000.0,119115.0,121160.0,152013.0,160107.0,127274.28571428572,121278.93333333332,0.0,4.0,53.2,21.83
135517,138201.0,139956.0,143428.0,122396.0,134730.0,115600.0,114549.0,154053.0,152013.0,129557.42857142857,121773.03333333334,0.0,6.0,57.4,16.62
136365,135517.0,138201.0,139956.0,122782.0,146225.0,116326.0,116482.0,142516.0,154053.0,131431.85714285713,121991.86666666668,0.0,4.5,52.6,26.06
120499,136365.0,135517.0,138201.0,116495.0,121764.0,108601.0,110684.0,161751.0,142516.0,133372.2857142857,122498.7,0.0,6.0,53.1,18.77
120873,120499.0,136365.0,135517.0,123644.0,106737.0,107474.0,107194.0,125441.0,161751.0,133944.2857142857,122697.03333333334,0.0,8.0,59.3,25.31
137633,120873.0,120499.0,136365.0,143428.0,122591.0,114978.0,121819.0,109016.0,125441.0,133548.42857142858,122843.4,0.0,6.0,57.2,20.88
138888,137633.0,120873.0,120499.0,139956.0,126482.0,120976.0,118631.0,126826.0,109016.0,132720.57142857142,123741.7,0.0,2.5,54.7,20.08
130314,138888.0,137633.0,120873.0,138201.0,122219.0,123000.0,119115.0,139512.0,126826.0,132568.0,124798.16666666669,0.0,1.0,55.2,9.95
126600,130314.0,138888.0,137633.0,135517.0,122396.0,134730.0,115600.0,134420.0,139512.0,131441.2857142857,125081.33333333331,0.0,3.0,63.9,9.84
131825,126600.0,130314.0,138888.0,136365.0,122782.0,146225.0,116326.0,133783.0,134420.0,130167.42857142857,125346.96666666666,0.0,8.5,67.9,17.35
132294,131825.0,126600.0,130314.0,120499.0,116495.0,121764.0,108601.0,143764.0,133783.0,129518.85714285714,125770.63333333332,0.0,13.0,68.2,23.71
141384,132294.0,131825.0,126600.0,120873.0,123644.0,106737.0,107474.0,149562.0,143764.0,131203.85714285713,126327.1,0.0,8.0,68.1,18.0
157188,141384.0,132294.0,131825.0,137633.0,143428.0,122591.0,114978.0,155264.0,149562.0,134134.0,127162.36666666668,0.0,7.5,67.4,14.18
152718,157188.0,141384.0,132294.0,138888.0,139956.0,126482.0,120976.0,164152.0,155264.0,136927.57142857142,128781.93333333332,0.0,9.0,65.5,20.8
153004,152718.0,157188.0,141384.0,130314.0,138201.0,122219.0,123000.0,148109.0,164152.0,138903.2857142857,130290.06666666668,0.0,8.5,60.3,22.09
151886,153004.0,152718.0,157188.0,126600.0,135517.0,122396.0,134730.0,153946.0,148109.0,142144.7142857143,131557.6,0.0,12.0,63.4,25.01
156264,151886.0,153004.0,152718.0,131825.0,136365.0,122782.0,146225.0,162912.0,153946.0,145757.0,132587.93333333332,0.0,10.5,61.5,25.53
139773,156264.0,151886.0,153004.0,132294.0,120499.0,116495.0,121764.0,179043.0,162912.0,149248.2857142857,133696.73333333334,0.0,14.0,69.7,18.9
148585,139773.0,156264.0,151886.0,141384.0,120873.0,123644.0,106737.0,170430.0,179043.0,150316.7142857143,133864.83333333334,0.0,15.5,71.8,20.46
173124,148585.0,139773.0,156264.0,157188.0,137633.0,143428.0,122591.0,154052.0,170430.0,151345.42857142858,133943.5,0.0,13.0,70.8,18.27
159388,173124.0,148585.0,139773.0,152718.0,138888.0,139956.0,126482.0,144918.0,154052.0,153622.0,135655.5,0.0,17.5,70.0,26.33
183313,159388.0,173124.0,148585.0,153004.0,130314.0,138201.0,122219.0,166529.0,144918.0,154574.85714285713,137410.53333333333,0.0,17.5,69.9,27.81
192213,183313.0,159388.0,173124.0,151886.0,126600.0,135517.0,122396.0,177523.0,166529.0,158904.7142857143,139434.6,0.0,15.5,71.6,21.37
186932,192213.0,183313.0,159388.0,156264.0,131825.0,136365.0,122782.0,167089.0,177523.0,164665.7142857143,141625.63333333333,0.0,17.0,72.1,20.04
172361,186932.0,192213.0,183313.0,139773.0,132294.0,120499.0,116495.0,163633.0,167089.0,169046.85714285713,143782.73333333334,0.0,12.0,70.4,10.07
165418,172361.0,186932.0,192213.0,148585.0,141384.0,120873.0,123644.0,150168.0,163633.0,173702.2857142857,145448.23333333334,0.0,12.5,68.0,20.26
177182,165418.0,172361.0,186932.0,173124.0,157188.0,137633.0,143428.0,139373.0,150168.0,176107.0,146869.43333333332,0.0,13.5,62.5,27.41
175241,177182.0,165418.0,172361.0,159388.0,152718.0,138888.0,139956.0,157769.0,139373.0,176686.7142857143,148892.33333333334,0.0,18.5,64.4,26.92
188026,175241.0,177182.0,165418.0,183313.0,153004.0,130314.0,138201.0,174348.0,157769.0,178951.42857142858,150612.23333333334,0.0,17.5,68.1,22.83
197353,188026.0,175241.0,177182.0,192213.0,151886.0,126600.0,135517.0,184608.0,174348.0,179624.7142857143,152098.83333333334,0.0,12.5,70.6,17.63
185355,197353.0,188026.0,175241.0,186932.0,156264.0,131825.0,136365.0,183502.0,184608.0,180359.0,154012.06666666668,0.0,14.5,72.4,19.57
172948,185355.0,197353.0,188026.0,172361.0,139773.0,132294.0,120499.0,171094.0,183502.0,180133.7142857143,155583.86666666667,0.0,11.0,72.8,6.51
168825,172948.0,185355.0,197353.0,165418.0,148585.0,141384.0,120873.0,158680.0,171094.0,180217.57142857145,156831.56666666668,0.0,16.0,70.1,25.66
189668,168825.0,172948.0,185355.0,177182.0,173124.0,157188.0,137633.0,159519.0,158680.0,180704.2857142857,157913.56666666668,0.0,13.5,70.2,22.89
184855,189668.0,168825.0,172948.0,175241.0,159388.0,152718.0,138888.0,184640.0,159519.0,182488.0,160219.2,0.0,11.0,67.8,16.66
171327,184855.0,189668.0,168825.0,188026.0,183313.0,153004.0,130314.0,190594.0,184640.0,183861.42857142855,162351.93333333332,0.0,15.0,66.6,24.31
173788,171327.0,184855.0,189668.0,197353.0,192213.0,151886.0,126600.0,204640.0,190594.0,181475.85714285716,163475.06666666668,0.0,12.5,69.5,21.76
176318,173788.0,171327.0,184855.0,185355.0,186932.0,156264.0,131825.0,210299.0,204640.0,178109.42857142858,164638.4,0.0,12.5,60.8,26.61
153460,176318.0,173788.0,171327.0,172948.0,172361.0,139773.0,132294.0,203448.0,210299.0,176818.42857142858,166171.86666666667,0.0,13.5,60.2,24.84
155587,153460.0,176318.0,173788.0,168825.0,165418.0,148585.0,141384.0,190168.0,203448.0,174034.42857142858,167067.2,0.0,14.5,63.6,23.3
177190,155587.0,153460.0,176318.0,189668.0,177182.0,173124.0,157188.0,194414.0,190168.0,172143.2857142857,167859.26666666666,0.0,12.0,69.1,18.25
177090,177190.0,155587.0,153460.0,184855.0,175241.0,159388.0,152718.0,211703.0,194414.0,170360.7142857143,169355.8,0.0,12.5,66.3,25.14
176680,177090.0,177190.0,155587.0,171327.0,188026.0,183313.0,153004.0,179363.0,211703.0,169251.42857142858,170546.0,0.0,18.5,71.8,22.82
199463,176680.0,177090.0,177190.0,173788.0,197353.0,192213.0,151886.0,174823.0,179363.0,170016.14285714287,171195.73333333334,0.0,18.5,70.8,25.17
200485,199463.0,176680.0,177090.0,176318.0,185355.0,186932.0,156264.0,193239.0,174823.0,173684.0,172753.9,0.0,14.5,69.8,22.03
184565,200485.0,199463.0,176680.0,153460.0,172948.0,172361.0,139773.0,185361.0,193239.0,177136.42857142858,174336.6,0.0,8.0,55.3,22.24
147065,184565.0,200485.0,199463.0,155587.0,168825.0,165418.0,148585.0,165175.0,185361.0,181580.0,175425.9,0.0,10.5,54.8,25.05
160528,147065.0,184565.0,200485.0,177190.0,189668.0,177182.0,173124.0,160843.0,165175.0,180362.57142857145,175119.26666666666,0.0,8.5,52.4,22.87
155070,160528.0,147065.0,184565.0,177090.0,184855.0,175241.0,159388.0,165984.0,160843.0,177982.2857142857,175811.1,0.0,7.5,52.2,22.06
149519,155070.0,160528.0,147065.0,176680.0,171327.0,188026.0,183313.0,184097.0,165984.0,174836.57142857142,176027.26666666666,0.0,8.0,57.1,21.07
149443,149519.0,155070.0,160528.0,199463.0,173788.0,197353.0,192213.0,188058.0,184097.0,170956.42857142858,175240.43333333332,0.0,9.0,62.4,16.27
152326,149443.0,149519.0,155070.0,200485.0,176318.0,185355.0,186932.0,198706.0,188058.0,163810.7142857143,174908.93333333332,0.0,14.0,61.4,22.69
148344,152326.0,149443.0,149519.0,184565.0,153460.0,172948.0,172361.0,194961.0,198706.0,156930.85714285713,173876.03333333333,0.0,13.0,59.9,22.65
148409,148344.0,152326.0,149443.0,147065.0,155587.0,168825.0,165418.0,186868.0,194961.0,151756.42857142858,172413.73333333334,0.0,9.5,70.3,14.18
170112,148409.0,148344.0,152326.0,160528.0,177190.0,189668.0,177182.0,190719.0,186868.0,151948.42857142858,171129.63333333333,0.0,10.0,65.5,17.55
161977,170112.0,148409.0,148344.0,155070.0,177090.0,184855.0,175241.0,213959.0,190719.0,153317.57142857142,171054.66666666666,0.0,12.5,58.3,24.25
160401,161977.0,170112.0,148409.0,149519.0,176680.0,171327.0,188026.0,222979.0,213959.0,154304.2857142857,170939.96666666667,0.0,10.5,66.1,8.81
161314,160401.0,161977.0,170112.0,149443.0,199463.0,173788.0,197353.0,197816.0,222979.0,155858.85714285713,170380.6,0.0,11.0,62.7,24.43
159595,161314.0,160401.0,161977.0,152326.0,200485.0,176318.0,185355.0,189338.0,197816.0,157554.7142857143,169916.36666666667,0.0,12.0,65.8,19.43
154660,159595.0,161314.0,160401.0,148344.0,184565.0,153460.0,172948.0,167983.0,189338.0,158593.14285714287,168968.66666666666,0.0,13.5,67.0,22.58
159493,154660.0,159595.0,161314.0,148409.0,147065.0,155587.0,168825.0,140266.0,167983.0,159495.42857142858,167545.56666666668,0.0,14.5,64.9,20.28
174733,159493.0,154660.0,159595.0,170112.0,160528.0,177190.0,189668.0,138641.0,140266.0,161078.85714285713,166683.5,0.0,10.0,69.3,14.17
171763,174733.0,159493.0,154660.0,161977.0,155070.0,177090.0,184855.0,157926.0,138641.0,161739.0,166743.0,0.0,10.5,68.8,17.1
167680,171763.0,174733.0,159493.0,160401.0,149519.0,176680.0,171327.0,157429.0,157926.0,163137.0,166840.93333333332,0.0,10.5,69.4,16.03
166180,167680.0,171763.0,174733.0,161314.0,149443.0,199463.0,173788.0,153379.0,157429.0,164176.85714285713,166108.0,0.0,7.5,63.3,21.75
158982,166180.0,167680.0,171763.0,159595.0,152326.0,200485.0,176318.0,155905.0,153379.0,164872.0,165485.5,0.0,5.5,53.6,20.64
131413,158982.0,166180.0,167680.0,154660.0,148344.0,184565.0,153460.0,164738.0,155905.0,164784.42857142858,165074.0,0.0,10.5,58.4,24.6
139489,131413.0,158982.0,166180.0,159493.0,148409.0,147065.0,155587.0,163800.0,164738.0,161463.42857142858,163661.5,0.0,15.5,65.2,19.86
173937,139489.0,131413.0,158982.0,174733.0,170112.0,160528.0,177190.0,158274.0,163800.0,158605.7142857143,162433.86666666667,0.0,8.0,55.9,23.59
156451,173937.0,139489.0,131413.0,171763.0,161977.0,155070.0,177090.0,173383.0,158274.0,158492.0,163116.43333333332,0.0,7.0,55.2,21.95
146265,156451.0,173937.0,139489.0,167680.0,160401.0,149519.0,176680.0,177772.0,173383.0,156304.57142857142,163145.23333333334,0.0,5.0,62.0,6.73
146167,146265.0,156451.0,173937.0,166180.0,161314.0,149443.0,199463.0,176396.0,177772.0,153245.2857142857,162114.4,0.0,8.5,68.5,11.79
153327,146167.0,146265.0,156451.0,158982.0,159595.0,152326.0,200485.0,179804.0,176396.0,150386.2857142857,161083.63333333333,0.0,13.5,68.0,19.73
151494,153327.0,146167.0,146265.0,131413.0,154660.0,148344.0,184565.0,183405.0,179804.0,149578.42857142858,160305.2,0.0,12.0,63.5,22.16
145212,151494.0,153327.0,146167.0,139489.0,159493.0,148409.0,147065.0,168017.0,183405.0,152447.14285714287,158706.23333333334,0.0,7.5,65.4,12.81
156228,145212.0,151494.0,153327.0,173937.0,174733.0,170112.0,160528.0,159404.0,168017.0,153264.7142857143,156863.8,0.0,9.0,66.2,15.25
156057,156228.0,145212.0,151494.0,156451.0,171763.0,161977.0,155070.0,185384.0,159404.0,150734.85714285713,155919.23333333334,0.0,10.5,64.8,18.54
161848,156057.0,156228.0,145212.0,146265.0,167680.0,160401.0,149519.0,190278.0,185384.0,150678.57142857142,156218.96666666667,0.0,5.5,52.3,23.63
141734,161848.0,156057.0,156228.0,146167.0,166180.0,161314.0,149443.0,173537.0,190278.0,152904.7142857143,156262.96666666667,0.0,3.5,51.1,23.69
133059,141734.0,161848.0,156057.0,153327.0,158982.0,159595.0,152326.0,162975.0,173537.0,152271.42857142858,155818.43333333332,0.0,5.5,56.7,22.82
126027,133059.0,141734.0,161848.0,151494.0,131413.0,154660.0,148344.0,146970.0,162975.0,149376.0,155269.76666666666,0.0,13.0,62.7,21.34
143874,126027.0,133059.0,141734.0,145212.0,139489.0,159493.0,148409.0,138975.0,146970.0,145737.85714285713,154489.23333333334,0.0,16.0,67.2,19.49
166274,143874.0,126027.0,133059.0,156228.0,173937.0,174733.0,170112.0,151378.0,138975.0,145546.7142857143,154207.5,0.0,18.5,70.4,20.38
199408,166274.0,143874.0,126027.0,156057.0,156451.0,171763.0,161977.0,163790.0,151378.0,146981.85714285713,154805.16666666666,0.0,20.0,69.4,21.79
210280,199408.0,166274.0,143874.0,161848.0,146265.0,167680.0,160401.0,165915.0,163790.0,153174.85714285713,156505.13333333333,0.0,19.5,68.7,17.84
211392,210280.0,199408.0,166274.0,141734.0,146167.0,166180.0,161314.0,147130.0,165915.0,160093.7142857143,157844.06666666668,0.0,15.5,71.5,15.74
194958,211392.0,210280.0,199408.0,133059.0,153327.0,158982.0,159595.0,145739.0,147130.0,170044.85714285713,159491.23333333334,0.0,12.0,70.4,10.79
176989,194958.0,211392.0,210280.0,126027.0,151494.0,131413.0,154660.0,145064.0,145739.0,178887.57142857142,160643.13333333333,0.0,8.0,68.7,7.24
158922,176989.0,194958.0,211392.0,143874.0,145212.0,139489.0,159493.0,138750.0,145064.0,186167.85714285716,161165.63333333333,0.0,10.5,68.0,16.24
174284,158922.0,176989.0,194958.0,166274.0,156228.0,173937.0,174733.0,138190.0,138750.0,188317.57142857145,161143.2,0.0,10.0,65.9,18.03
169231,174284.0,158922.0,176989.0,199408.0,156057.0,156451.0,171763.0,162078.0,138190.0,189461.85714285716,161797.33333333334,0.0,9.5,67.5,11.08
169923,169231.0,174284.0,158922.0,210280.0,161848.0,146265.0,167680.0,168566.0,162078.0,185150.85714285716,162121.93333333332,0.0,5.0,56.1,20.96
150451,169923.0,169231.0,174284.0,211392.0,141734.0,146167.0,166180.0,150871.0,168566.0,179385.57142857142,161961.6,0.0,0.0,49.9,18.51
129053,150451.0,169923.0,169231.0,194958.0,133059.0,153327.0,158982.0,141132.0,150871.0,170679.7142857143,161251.2,0.0,2.5,49.1,17.02
117733,129053.0,150451.0,169923.0,176989.0,126027.0,151494.0,131413.0,131992.0,141132.0,161264.7142857143,159963.63333333333,0.0,3.0,53.2,15.22
120128,117733.0,129053.0,150451.0,158922.0,143874.0,145212.0,139489.0,126203.0,131992.0,152799.57142857142,158348.73333333334,0.0,0.0,63.0,4.85
138006,120128.0,117733.0,129053.0,174284.0,166274.0,156228.0,173937.0,136914.0,126203.0,147257.57142857142,157053.6,0.0,0.0,52.6,20.08
129571,138006.0,120128.0,117733.0,169231.0,199408.0,156057.0,156451.0,159023.0,136914.0,142075.0,157273.36666666667,0.0,1.0,51.4,19.2
129008,129571.0,138006.0,120128.0,169923.0,210280.0,161848.0,146265.0,153148.0,159023.0,136409.2857142857,156942.76666666666,0.0,0.0,51.9,19.61
127832,129008.0,129571.0,138006.0,150451.0,211392.0,141734.0,146167.0,149092.0,153148.0,130564.28571428572,155445.13333333333,0.0,0.0,53.4,14.88
126415,127832.0,129008.0,129571.0,129053.0,194958.0,133059.0,153327.0,144449.0,149092.0,127333.0,154491.16666666666,0.0,0.0,54.9,3.84
112035,126415.0,127832.0,129008.0,117733.0,176989.0,126027.0,151494.0,117836.0,144449.0,126956.14285714286,153829.5,0.0,0.0,59.7,3.03
111536,112035.0,126415.0,127832.0,120128.0,158922.0,143874.0,145212.0,106856.0,117836.0,126142.14285714286,152691.76666666666,0.0,0.0,57.9,2.94
119464,111536.0,112035.0,126415.0,138006.0,174284.0,166274.0,156228.0,110245.0,106856.0,124914.71428571428,151298.73333333334,0.0,0.0,52.8,5.12
118941,119464.0,111536.0,112035.0,129571.0,169231.0,199408.0,156057.0,123806.0,110245.0,122265.85714285714,150231.06666666668,0.0,0.0,45.4,15.42
116517,118941.0,119464.0,111536.0,129008.0,169923.0,210280.0,161848.0,122666.0,123806.0,120747.28571428572,149355.36666666667,0.0,0.0,52.0,6.24
118210,116517.0,118941.0,119464.0,127832.0,150451.0,211392.0,141734.0,121113.0,122666.0,118962.85714285714,148031.66666666666,0.0,0.0,56.8,4.42
119674,118210.0,116517.0,118941.0,126415.0,129053.0,194958.0,133059.0,119435.0,121113.0,117588.28571428572,146770.1,0.0,0.0,56.5,11.6
110128,119674.0,118210.0,116517.0,112035.0,117733.0,176989.0,126027.0,116138.0,119435.0,116625.28571428572,145364.3,0.0,2.5,57.8,17.96
112569,110128.0,119674.0,118210.0,111536.0,120128.0,158922.0,143874.0,108767.0,116138.0,116352.85714285714,144310.76666666666,0.0,5.0,59.4,15.66
131147,112569.0,110128.0,119674.0,119464.0,138006.0,174284.0,166274.0,106977.0,108767.0,116500.42857142857,143627.76666666666,0.0,5.5,60.2,17.14
135387,131147.0,112569.0,110128.0,118941.0,129571.0,169231.0,199408.0,119768.0,106977.0,118169.42857142857,143798.43333333332,0.0,9.5,62.9,16.75
144405,135387.0,131147.0,112569.0,116517.0,129008.0,169923.0,210280.0,122825.0,119768.0,120518.85714285714,143515.53333333333,0.0,4.5,59.7,16.59
139260,144405.0,135387.0,131147.0,118210.0,127832.0,150451.0,211392.0,119801.0,122825.0,124502.85714285714,142786.56666666668,0.0,4.0,65.3,7.69
140078,139260.0,144405.0,135387.0,119674.0,126415.0,129053.0,194958.0,121185.0,119801.0,127510.0,140781.63333333333,0.0,0.0,59.3,5.99
121171,140078.0,139260.0,144405.0,110128.0,112035.0,117733.0,176989.0,123565.0,121185.0,130424.85714285714,138441.56666666668,0.0,0.0,41.1,14.68
105416,121171.0,140078.0,139260.0,112569.0,111536.0,120128.0,158922.0,106905.0,123565.0,132002.42857142858,135434.2,0.0,0.0,39.7,13.2
113692,105416.0,121171.0,140078.0,131147.0,119464.0,138006.0,174284.0,104858.0,106905.0,130980.57142857143,132449.46666666667,0.0,0.0,44.6,13.2
118024,113692.0,105416.0,121171.0,135387.0,118941.0,129571.0,169231.0,114403.0,104858.0,128487.0,130339.56666666668,0.0,0.0,46.2,16.46
119533,118024.0,113692.0,105416.0,144405.0,116517.0,129008.0,169923.0,119315.0,114403.0,126006.57142857143,128976.3,0.0,0.0,46.6,15.51
120482,119533.0,118024.0,113692.0,139260.0,118210.0,127832.0,150451.0,120438.0,119315.0,122453.42857142857,127151.26666666666,0.0,0.0,43.4,16.36
116908,120482.0,119533.0,118024.0,140078.0,119674.0,126415.0,129053.0,125333.0,120438.0,119770.85714285714,125526.3,0.0,0.0,45.9,1.79
109382,116908.0,120482.0,119533.0,121171.0,110128.0,112035.0,117733.0,118562.0,125333.0,116460.85714285714,123759.13333333332,0.0,0.0,43.1,13.4
106009,109382.0,116908.0,120482.0,105416.0,112569.0,111536.0,120128.0,108069.0,118562.0,114776.71428571428,122390.16666666669,0.0,0.0,45.1,13.56
117592,106009.0,109382.0,116908.0,113692.0,131147.0,119464.0,138006.0,106318.0,108069.0,114861.42857142857,121622.03333333334,0.0,0.0,46.5,12.31
118154,117592.0,106009.0,109382.0,118024.0,135387.0,118941.0,129571.0,119413.0,106318.0,115418.57142857143,121617.33333333331,0.0,0.0,47.3,10.86
118973,118154.0,117592.0,106009.0,119533.0,144405.0,116517.0,129008.0,117200.0,119413.0,115437.14285714286,121551.53333333334,0.0,0.0,47.9,13.61
118566,118973.0,118154.0,117592.0,120482.0,139260.0,118210.0,127832.0,119012.0,117200.0,115357.14285714286,120917.1,0.0,0.0,57.0,3.5
121383,118566.0,118973.0,118154.0,116908.0,140078.0,119674.0,126415.0,119482.0,119012.0,115083.42857142857,120550.26666666666,0.0,0.0,52.1,4.94
110022,121383.0,118566.0,118973.0,109382.0,121171.0,110128.0,112035.0,118483.0,119482.0,115722.71428571428,120296.1,0.0,0.0,39.2,9.61
106653,110022.0,121383.0,118566.0,106009.0,105416.0,112569.0,111536.0,108405.0,118483.0,115814.14285714286,119702.43333333332,0.0,0.0,39.9,14.26
118597,106653.0,110022.0,121383.0,117592.0,113692.0,131147.0,119464.0,108050.0,108405.0,115906.14285714286,119043.7,0.0,0.0,44.0,12.84
119347,118597.0,106653.0,110022.0,118154.0,118024.0,135387.0,118941.0,120832.0,108050.0,116049.71428571428,119262.43333333332,0.0,0.0,46.7,13.16
120653,119347.0,118597.0,106653.0,118973.0,119533.0,144405.0,116517.0,125770.0,120832.0,116220.14285714286,119522.8,0.0,2.5,50.8,13.41
124318,120653.0,119347.0,118597.0,118566.0,120482.0,139260.0,118210.0,127535.0,125770.0,116460.14285714286,119562.43333333332,0.0,3.5,53.3,8.15
124624,124318.0,120653.0,119347.0,121383.0,116908.0,140078.0,119674.0,120506.0,127535.0,117281.85714285714,119741.66666666669,0.0,6.5,59.1,12.28
120491,124624.0,124318.0,120653.0,110022.0,109382.0,121171.0,110128.0,118282.0,120506.0,117744.85714285714,120011.9,0.0,0.0,48.4,3.61
110558,120491.0,124624.0,124318.0,106653.0,106009.0,105416.0,112569.0,109029.0,118282.0,119240.42857142857,120087.93333333332,0.0,0.0,52.3,4.94
120772,110558.0,120491.0,124624.0,118597.0,117592.0,113692.0,131147.0,107416.0,109029.0,119798.28571428572,119784.06666666668,2.0,0.0,35.0,9.42
119303,120772.0,110558.0,120491.0,119347.0,118154.0,118024.0,135387.0,119039.0,107416.0,120109.0,120138.86666666668,6.0,0.0,33.2,8.07
122581,119303.0,120772.0,110558.0,120653.0,118973.0,119533.0,144405.0,122214.0,119039.0,120102.71428571428,120363.33333333331,8.5,0.0,28.1,12.7
124118,122581.0,119303.0,120772.0,124318.0,118566.0,120482.0,139260.0,120546.0,122214.0,120378.14285714286,120077.8,1.5,0.0,33.5,12.61
122528,124118.0,122581.0,119303.0,124624.0,121383.0,116908.0,140078.0,120005.0,120546.0,120349.57142857143,119702.16666666669,0.0,0.0,38.6,8.62
111305,122528.0,124118.0,122581.0,120491.0,110022.0,109382.0,121171.0,121075.0,120005.0,120050.14285714286,118972.93333333332,0.0,0.0,41.6,7.29
112550,111305.0,122528.0,124118.0,110558.0,106653.0,106009.0,105416.0,115378.0,121075.0,118737.85714285714,118041.1,0.0,0.0,37.5,10.96
120662,112550.0,111305.0,122528.0,120772.0,118597.0,117592.0,113692.0,120723.0,115378.0,119022.42857142857,117123.5,0.0,0.0,49.0,7.33
120787,120662.0,112550.0,111305.0,119303.0,119347.0,118154.0,118024.0,129388.0,120723.0,119006.71428571428,117106.53333333334,1.5,0.0,30.5,11.94
121050,120787.0,120662.0,112550.0,122581.0,120653.0,118973.0,119533.0,118595.0,129388.0,119218.71428571428,117618.9,0.5,0.0,41.5,4.81
123230,121050.0,120787.0,120662.0,124118.0,124318.0,118566.0,120482.0,120670.0,118595.0,119000.0,117864.16666666669,1.0,0.0,39.5,2.36
122144,123230.0,121050.0,120787.0,122528.0,124624.0,121383.0,116908.0,120580.0,120670.0,118873.14285714286,118037.7,1.5,0.0,34.9,9.76
112613,122144.0,123230.0,121050.0,111305.0,120491.0,110022.0,109382.0,122084.0,120580.0,118818.28571428572,118124.73333333334,10.0,0.0,27.6,10.51
113688,112613.0,122144.0,123230.0,112550.0,110558.0,106653.0,106009.0,113611.0,122084.0,119005.14285714286,117862.43333333332,8.0,0.0,28.4,10.38
125943,113688.0,112613.0,122144.0,120662.0,120772.0,118597.0,117592.0,108614.0,113611.0,119167.71428571428,117755.1,2.5,0.0,33.5,8.52
124777,125943.0,113688.0,112613.0,120787.0,119303.0,119347.0,118154.0,122342.0,108614.0,119922.14285714286,118307.13333333332,4.0,0.0,33.9,9.96
124974,124777.0,125943.0,113688.0,121050.0,122581.0,120653.0,118973.0,126704.0,122342.0,120492.14285714286,118932.73333333334,0.0,0.0,38.8,10.72
122839,124974.0,124777.0,125943.0,123230.0,124118.0,124318.0,118566.0,125824.0,126704.0,121052.71428571428,119178.8,0.0,0.0,45.8,8.97
120947,122839.0,124974.0,124777.0,122144.0,122528.0,124624.0,121383.0,127120.0,125824.0,120996.85714285714,119334.96666666666,0.0,0.0,39.2,8.75
112159,120947.0,122839.0,124974.0,112613.0,111305.0,120491.0,110022.0,127603.0,127120.0,120825.85714285714,119400.76666666666,2.5,0.0,29.4,10.44
111852,112159.0,120947.0,122839.0,113688.0,112550.0,110558.0,106653.0,119887.0,127603.0,120761.0,119187.2,8.5,0.0,22.8,10.69
125357,111852.0,112159.0,120947.0,125943.0,120662.0,120772.0,118597.0,121080.0,119887.0,120498.71428571428,118869.5,9.5,0.0,28.8,3.8
128957,125357.0,111852.0,112159.0,124777.0,120787.0,119303.0,119347.0,133852.0,121080.0,120415.0,119380.66666666669,0.0,0.0,46.9,7.73
123065,128957.0,125357.0,111852.0,124974.0,121050.0,122581.0,120653.0,128798.0,133852.0,121012.14285714286,120124.13333333332,2.0,0.0,35.7,9.96
110921,123065.0,128957.0,125357.0,122839.0,123230.0,124118.0,124318.0,124175.0,128798.0,120739.42857142857,120273.06666666668,8.0,0.0,28.0,9.72
117390,110921.0,123065.0,128957.0,120947.0,122144.0,122528.0,124624.0,111890.0,124175.0,119036.85714285714,119992.2,15.0,0.0,21.3,8.9
118177,117390.0,110921.0,123065.0,112159.0,112613.0,111305.0,120491.0,117118.0,111890.0,118528.71428571428,119883.43333333332,4.5,0.0,33.9,5.7
116888,118177.0,117390.0,110921.0,111852.0,113688.0,112550.0,110558.0,112375.0,117118.0,119388.42857142857,119678.73333333334,4.0,0.0,36.7,7.71
125960,116888.0,118177.0,117390.0,125357.0,125943.0,120662.0,120772.0,113056.0,112375.0,120107.85714285714,119420.86666666668,13.5,0.0,13.6,9.28
133727,125960.0,116888.0,118177.0,128957.0,124777.0,120787.0,119303.0,123523.0,113056.0,120194.0,119603.16666666669,17.5,0.0,14.6,9.31
137367,133727.0,125960.0,116888.0,123065.0,124974.0,121050.0,122581.0,128130.0,123523.0,120875.42857142857,120375.46666666666,7.5,0.0,23.8,9.51
132457,137367.0,133727.0,125960.0,110921.0,122839.0,123230.0,124118.0,128004.0,128130.0,122918.57142857143,120928.63333333332,3.0,0.0,35.9,3.58
129712,132457.0,137367.0,133727.0,117390.0,120947.0,122144.0,122528.0,129814.0,128004.0,125995.14285714286,121367.1,0.0,0.0,45.7,7.06
116476,129712.0,132457.0,137367.0,118177.0,112159.0,112613.0,111305.0,130336.0,129814.0,127755.42857142857,121604.8,0.0,0.0,46.6,1.16
116813,116476.0,129712.0,132457.0,116888.0,111852.0,113688.0,112550.0,118313.0,130336.0,127512.42857142857,121350.06666666668,2.0,0.0,38.1,6.81
125930,116813.0,116476.0,129712.0,125960.0,125357.0,125943.0,120662.0,116521.0,118313.0,127501.71428571428,121159.56666666668,9.5,0.0,28.2,6.23
130322,125930.0,116813.0,116476.0,133727.0,128957.0,124777.0,120787.0,129350.0,116521.0,127497.42857142857,121647.06666666668,12.0,0.0,24.6,6.06
132923,130322.0,125930.0,116813.0,137367.0,123065.0,124974.0,121050.0,129080.0,129350.0,127011.0,122239.46666666666,14.5,0.0,24.8,3.85
135960,132923.0,130322.0,125930.0,132457.0,110921.0,122839.0,123230.0,126511.0,129080.0,126376.14285714286,122648.16666666669,5.5,0.0,32.4,8.43
129946,135960.0,132923.0,130322.0,129712.0,117390.0,120947.0,122144.0,125365.0,126511.0,126876.57142857143,123153.93333333332,0.0,0.0,41.3,8.11
118195,129946.0,135960.0,132923.0,116476.0,118177.0,112159.0,112613.0,128232.0,125365.0,126910.0,123450.46666666666,0.0,0.0,51.7,3.18
116724,118195.0,129946.0,135960.0,116813.0,116888.0,111852.0,113688.0,123064.0,128232.0,127155.57142857143,123282.63333333332,6.0,0.0,33.5,6.87
130480,116724.0,118195.0,129946.0,125930.0,125960.0,125357.0,125943.0,122660.0,123064.0,127142.85714285714,123101.96666666666,10.0,0.0,24.3,8.99
132472,130480.0,116724.0,118195.0,130322.0,133727.0,128957.0,124777.0,135900.0,122660.0,127792.85714285714,123697.53333333334,8.5,0.0,24.4,8.83
131986,132472.0,130480.0,116724.0,132923.0,137367.0,123065.0,124974.0,138164.0,135900.0,128100.0,124323.66666666669,13.0,0.0,21.1,8.4
135106,131986.0,132472.0,130480.0,135960.0,132457.0,110921.0,122839.0,137623.0,138164.0,127966.14285714286,124525.1,2.5,0.0,29.2,8.64
130201,135106.0,131986.0,132472.0,129946.0,129712.0,117390.0,120947.0,137442.0,137623.0,127844.14285714286,124869.4,0.0,0.0,33.8,8.41
117621,130201.0,135106.0,131986.0,118195.0,116476.0,118177.0,112159.0,133487.0,137442.0,127880.57142857143,125043.63333333332,0.0,0.0,46.0,2.13
116845,117621.0,130201.0,135106.0,116724.0,116813.0,116888.0,111852.0,122638.0,133487.0,127798.57142857143,124869.7,0.0,0.0,47.8,2.21
126652,116845.0,117621.0,130201.0,130480.0,125930.0,125960.0,125357.0,122612.0,122638.0,127815.85714285714,124732.96666666666,12.0,0.0,23.7,8.34
130034,126652.0,116845.0,117621.0,132472.0,130322.0,133727.0,128957.0,136653.0,122612.0,127269.0,125216.06666666668,12.0,0.0,21.2,8.63
133889,130034.0,126652.0,116845.0,131986.0,132923.0,137367.0,123065.0,136279.0,136653.0,126920.71428571428,125822.13333333332,14.0,0.0,18.8,8.77
133332,133889.0,130034.0,126652.0,135106.0,135960.0,132457.0,110921.0,136074.0,136279.0,127192.57142857143,126106.53333333334,19.0,0.0,15.4,8.14
134648,133332.0,133889.0,130034.0,130201.0,129946.0,129712.0,117390.0,133835.0,136074.0,126939.14285714286,126252.36666666668,11.0,0.0,28.3,3.59
123547,134648.0,133332.0,133889.0,117621.0,118195.0,116476.0,118177.0,134353.0,133835.0,127574.42857142857,126638.46666666666,5.5,0.0,37.3,3.4
116465,123547.0,134648.0,133332.0,116845.0,116724.0,116813.0,116888.0,145577.0,134353.0,128421.0,127059.33333333331,4.0,0.0,39.3,5.61
113544,116465.0,123547.0,134648.0,126652.0,130480.0,125930.0,125960.0,137906.0,145577.0,128366.71428571428,127028.5,2.5,0.0,39.8,2.93
122987,113544.0,116465.0,123547.0,130034.0,132472.0,130322.0,133727.0,140298.0,137906.0,126494.14285714286,126874.06666666668,2.5,0.0,43.1,1.65
124121,122987.0,113544.0,116465.0,133889.0,131986.0,132923.0,137367.0,141967.0,140298.0,125487.42857142857,127077.36666666668,0.0,0.0,48.1,1.89
123326,124121.0,122987.0,113544.0,133332.0,135106.0,135960.0,132457.0,134018.0,141967.0,124092.0,127016.06666666668,0.0,0.0,43.7,6.78
120162,123326.0,124121.0,122987.0,134648.0,130201.0,129946.0,129712.0,129523.0,134018.0,122662.57142857143,126669.36666666668,7.5,0.0,32.0,4.78
117117,120162.0,123326.0,124121.0,123547.0,117621.0,118195.0,116476.0,124166.0,129523.0,120593.14285714286,126095.86666666668,9.0,0.0,27.4,4.99
117793,117117.0,120162.0,123326.0,116465.0,116845.0,116724.0,116813.0,117173.0,124166.0,119674.57142857143,125584.53333333334,9.0,0.0,30.6,4.78
116590,117793.0,117117.0,120162.0,113544.0,126652.0,130480.0,125930.0,110714.0,117173.0,119864.28571428572,125187.23333333334,14.5,0.0,23.5,8.97
131525,116590.0,117793.0,117117.0,122987.0,130034.0,132472.0,130322.0,115759.0,110714.0,120299.42857142857,125191.03333333334,11.5,0.0,26.7,8.23
131802,131525.0,116590.0,117793.0,124121.0,133889.0,131986.0,132923.0,125253.0,115759.0,121519.14285714286,125681.43333333332,13.5,0.0,23.6,6.36
132779,131802.0,131525.0,116590.0,123326.0,133332.0,135106.0,135960.0,122698.0,125253.0,122616.42857142857,125877.16666666669,18.5,0.0,16.2,9.22
136792,132779.0,131802.0,131525.0,120162.0,134648.0,130201.0,129946.0,124238.0,122698.0,123966.85714285714,125959.06666666668,15.5,0.0,26.3,2.97
129492,136792.0,132779.0,131802.0,117117.0,123547.0,117621.0,118195.0,126034.0,124238.0,126342.57142857143,126088.03333333334,14.0,0.0,32.3,2.43
126295,129492.0,136792.0,132779.0,117793.0,116465.0,116845.0,116724.0,119605.0,126034.0,128110.42857142857,125872.43333333332,9.5,0.0,25.8,9.3
133372,126295.0,129492.0,136792.0,116590.0,113544.0,126652.0,130480.0,119410.0,119605.0,129325.0,125750.73333333334,3.5,0.0,34.5,1.62
133803,133372.0,126295.0,129492.0,131525.0,122987.0,130034.0,132472.0,129903.0,119410.0,131722.42857142858,126256.63333333332,0.0,0.0,37.8,6.25
128884,133803.0,133372.0,126295.0,131802.0,124121.0,133889.0,131986.0,132382.0,129903.0,132047.85714285713,126825.93333333332,6.0,0.0,28.1,8.84
129251,128884.0,133803.0,133372.0,132779.0,123326.0,133332.0,135106.0,133149.0,132382.0,131631.0,126772.73333333334,5.0,0.0,32.1,8.7
127989,129251.0,128884.0,133803.0,136792.0,120162.0,134648.0,130201.0,130978.0,133149.0,131127.0,126665.36666666668,2.5,0.0,37.7,5.62
118200,127989.0,129251.0,128884.0,129492.0,117117.0,123547.0,117621.0,125833.0,130978.0,129869.42857142857,126532.13333333332,15.0,0.0,13.9,7.14
123617,118200.0,127989.0,129251.0,126295.0,117793.0,116465.0,116845.0,124317.0,125833.0,128256.28571428572,125968.6,24.0,0.0,8.1,8.12
139462,123617.0,118200.0,127989.0,133372.0,116590.0,113544.0,126652.0,123983.0,124317.0,127873.71428571428,125749.13333333332,23.0,0.0,21.9,1.2
147227,139462.0,123617.0,118200.0,133803.0,131525.0,122987.0,130034.0,129779.0,123983.0,128743.71428571428,126477.16666666669,29.5,0.0,4.2,10.59
145708,147227.0,139462.0,123617.0,128884.0,131802.0,124121.0,133889.0,132506.0,129779.0,130661.42857142857,127489.9,22.0,0.0,10.6,5.24
151482,145708.0,147227.0,139462.0,129251.0,132779.0,123326.0,133332.0,127929.0,132506.0,133064.85714285713,128125.1,21.0,0.0,19.5,3.86
147502,151482.0,145708.0,147227.0,127989.0,136792.0,120162.0,134648.0,129925.0,127929.0,136240.7142857143,128840.03333333334,28.0,0.0,5.5,10.16
144908,147502.0,151482.0,145708.0,118200.0,129492.0,117117.0,123547.0,128047.0,129925.0,139028.2857142857,129293.8,24.5,0.0,7.5,10.83
142814,144908.0,147502.0,151482.0,123617.0,126295.0,117793.0,116465.0,121740.0,128047.0,142843.7142857143,129679.66666666669,18.5,0.0,12.9,10.31
147514,142814.0,144908.0,147502.0,139462.0,133372.0,116590.0,113544.0,120381.0,121740.0,145586.14285714287,129951.86666666668,13.0,0.0,24.6,2.85
141187,147514.0,142814.0,144908.0,147227.0,133803.0,131525.0,122987.0,134041.0,120381.0,146736.42857142858,130750.76666666666,7.0,0.0,35.7,2.37
136245,141187.0,147514.0,142814.0,145708.0,128884.0,131802.0,124121.0,132393.0,134041.0,145873.57142857142,131574.83333333334,0.0,0.0,46.4,1.99
129309,136245.0,141187.0,147514.0,151482.0,129251.0,132779.0,123326.0,133865.0,132393.0,144521.7142857143,132331.53333333333,6.0,0.0,41.4,2.67
129946,129309.0,136245.0,141187.0,147502.0,127989.0,136792.0,120162.0,130359.0,133865.0,141354.14285714287,132542.26666666666,4.0,0.0,36.8,5.8
119818,129946.0,129309.0,136245.0,144908.0,118200.0,129492.0,117117.0,130038.0,130359.0,138846.14285714287,132736.43333333332,9.5,0.0,36.4,1.55
122603,119818.0,129946.0,129309.0,142814.0,123617.0,126295.0,117793.0,118723.0,130038.0,135261.85714285713,132619.5,12.0,0.0,29.2,6.78
135881,122603.0,119818.0,129946.0,147514.0,139462.0,133372.0,116590.0,115804.0,118723.0,132374.57142857142,132700.86666666667,13.5,0.0,24.1,8.17
137309,135881.0,122603.0,119818.0,141187.0,147227.0,133803.0,131525.0,125165.0,115804.0,130712.71428571428,133326.33333333334,13.0,0.0,28.4,4.51
137092,137309.0,135881.0,122603.0,136245.0,145708.0,128884.0,131802.0,130743.0,125165.0,130158.71428571428,133976.86666666667,8.5,0.0,30.4,8.41
133653,137092.0,137309.0,135881.0,129309.0,151482.0,129251.0,132779.0,135393.0,130743.0,130279.71428571428,134660.26666666666,8.0,0.0,34.1,2.38
132441,133653.0,137092.0,137309.0,129946.0,147502.0,127989.0,136792.0,135473.0,135393.0,130900.28571428572,134731.2,12.5,0.0,19.6,12.09
123515,132441.0,133653.0,137092.0,119818.0,144908.0,118200.0,129492.0,145270.0,135473.0,131256.7142857143,134752.5,11.5,0.0,20.1,12.45
121576,123515.0,132441.0,133653.0,122603.0,142814.0,123617.0,126295.0,147495.0,145270.0,131784.85714285713,134443.7,11.5,0.0,16.4,12.58
133529,121576.0,123515.0,132441.0,135881.0,147514.0,139462.0,133372.0,129341.0,147495.0,131638.14285714287,133936.5,14.5,0.0,15.7,12.62
135668,133529.0,121576.0,123515.0,137309.0,141187.0,147227.0,133803.0,131645.0,129341.0,131302.14285714287,134071.06666666668,9.5,0.0,21.2,12.6
132692,135668.0,133529.0,121576.0,137092.0,136245.0,145708.0,128884.0,134177.0,131645.0,131067.71428571428,134383.5,5.0,0.0,26.4,12.5
129478,132692.0,135668.0,133529.0,133653.0,129309.0,151482.0,129251.0,128501.0,134177.0,130439.14285714286,134360.83333333334,1.0,0.0,36.8,10.59
126725,129478.0,132692.0,135668.0,132441.0,129946.0,147502.0,127989.0,128685.0,128501.0,129842.71428571428,134216.66666666666,0.0,0.0,41.9,8.59
115762,126725.0,129478.0,132692.0,123515.0,119818.0,144908.0,118200.0,122360.0,128685.0,129026.14285714286,134144.7,0.5,0.0,35.5,6.33
114929,115762.0,126725.0,129478.0,121576.0,122603.0,142814.0,123617.0,116598.0,122360.0,127918.57142857143,133695.06666666668,7.5,0.0,30.3,11.84
127136,114929.0,115762.0,126725.0,133529.0,135881.0,147514.0,139462.0,116261.0,116598.0,126969.0,133259.73333333334,13.0,0.0,28.2,6.27
134103,127136.0,114929.0,115762.0,135668.0,137309.0,141187.0,147227.0,124713.0,116261.0,126055.71428571428,133557.6,16.5,0.0,16.3,14.94
138449,134103.0,127136.0,114929.0,132692.0,137092.0,136245.0,145708.0,124168.0,124713.0,125832.14285714286,133907.13333333333,17.0,0.0,17.4,12.79
138777,138449.0,134103.0,127136.0,129478.0,133653.0,129309.0,151482.0,122571.0,124168.0,126654.57142857143,133873.36666666667,10.5,0.0,20.0,14.93
133279,138777.0,138449.0,134103.0,126725.0,132441.0,129946.0,147502.0,120734.0,122571.0,127983.0,133591.7,18.5,0.0,21.5,11.99
129046,133279.0,138777.0,138449.0,115762.0,123515.0,119818.0,144908.0,123029.0,120734.0,128919.28571428572,133177.4,17.0,0.0,15.2,15.28
126553,129046.0,133279.0,138777.0,114929.0,121576.0,122603.0,142814.0,118794.0,123029.0,130817.0,132429.53333333333,14.0,0.0,14.0,15.62
128372,126553.0,129046.0,133279.0,127136.0,133529.0,135881.0,147514.0,114515.0,118794.0,132477.57142857142,131731.23333333334,17.0,0.0,11.5,15.67
136682,128372.0,126553.0,129046.0,134103.0,135668.0,137309.0,141187.0,115965.0,114515.0,132654.14285714287,131180.03333333333,13.5,0.0,21.7,11.52
136259,136682.0,128372.0,126553.0,138449.0,132692.0,137092.0,136245.0,125622.0,115965.0,133022.57142857142,130975.63333333332,10.0,0.0,28.0,13.41
132618,136259.0,136682.0,128372.0,138777.0,129478.0,133653.0,129309.0,127740.0,125622.0,132709.7142857143,130600.46666666666,5.5,0.0,37.1,5.95
128785,132618.0,136259.0,136682.0,133279.0,126725.0,132441.0,129946.0,129068.0,127740.0,131829.85714285713,130314.83333333331,14.0,0.0,19.4,13.59
120238,128785.0,132618.0,136259.0,129046.0,115762.0,123515.0,119818.0,127964.0,129068.0,131187.85714285713,130066.16666666669,18.0,0.0,13.4,16.49
124037,120238.0,128785.0,132618.0,126553.0,114929.0,121576.0,122603.0,128870.0,127964.0,129929.57142857143,129763.8,5.0,0.0,30.6,14.05
130249,124037.0,120238.0,128785.0,128372.0,127136.0,133529.0,135881.0,121861.0,128870.0,129570.14285714286,129566.83333333331,2.5,0.0,40.5,14.34
127050,130249.0,124037.0,120238.0,136682.0,134103.0,135668.0,137309.0,131002.0,121861.0,129838.28571428572,129914.53333333334,0.0,0.0,53.2,5.77
126789,127050.0,130249.0,124037.0,136259.0,138449.0,132692.0,137092.0,136314.0,131002.0,128462.28571428572,130062.76666666666,13.0,0.0,12.9,12.87
131221,126789.0,127050.0,130249.0,132618.0,138777.0,129478.0,133653.0,132040.0,136314.0,127109.42857142857,129759.7,11.0,0.0,19.6,16.76
130494,131221.0,126789.0,127050.0,128785.0,133279.0,126725.0,132441.0,128799.0,132040.0,126909.85714285714,129556.76666666666,1.5,0.0,41.4,2.22
120590,130494.0,131221.0,126789.0,120238.0,129046.0,115762.0,123515.0,128658.0,128799.0,127154.0,129336.83333333331,0.0,0.0,45.8,16.66
111074,120590.0,130494.0,131221.0,124037.0,126553.0,114929.0,121576.0,119799.0,128658.0,127204.28571428572,128901.4,0.0,0.0,43.0,12.69
122004,111074.0,120590.0,130494.0,130249.0,128372.0,127136.0,133529.0,115276.0,119799.0,125352.42857142857,128189.16666666669,4.5,0.0,42.1,2.06
127282,122004.0,111074.0,120590.0,127050.0,136682.0,134103.0,135668.0,125030.0,115276.0,124174.57142857143,128138.8,0.0,0.0,43.7,3.63
126572,127282.0,122004.0,111074.0,126789.0,136259.0,138449.0,132692.0,128147.0,125030.0,124207.71428571428,128329.0,1.0,0.0,42.5,6.41
125068,126572.0,127282.0,122004.0,131221.0,132618.0,138777.0,129478.0,130246.0,128147.0,124176.71428571428,128097.1,1.5,0.0,31.3,18.18
122908,125068.0,126572.0,127282.0,130494.0,128785.0,133279.0,126725.0,127820.0,130246.0,123297.71428571428,127743.76666666666,5.0,0.0,36.8,2.52
119558,122908.0,125068.0,126572.0,120590.0,120238.0,129046.0,115762.0,127940.0,127820.0,122214.0,127417.63333333332,6.0,0.0,34.9,10.2
111660,119558.0,122908.0,125068.0,111074.0,124037.0,126553.0,114929.0,119894.0,127940.0,122066.57142857143,127086.96666666666,6.5,0.0,18.2,17.86
128298,111660.0,119558.0,122908.0,122004.0,130249.0,128372.0,127136.0,112114.0,119894.0,122150.28571428572,126584.8,0.0,0.0,30.3,19.0
122829,128298.0,111660.0,119558.0,127282.0,127050.0,136682.0,134103.0,129401.0,112114.0,123049.42857142857,127002.66666666669,0.0,0.0,38.0,17.72
120078,122829.0,128298.0,111660.0,126572.0,126789.0,136259.0,138449.0,134348.0,129401.0,122413.28571428572,127266.0,0.0,0.0,41.1,18.77
119855,120078.0,122829.0,128298.0,125068.0,131221.0,132618.0,138777.0,132305.0,134348.0,121485.57142857143,127030.73333333334,0.0,0.0,44.5,12.97
119220,119855.0,120078.0,122829.0,122908.0,130494.0,128785.0,133279.0,127824.0,132305.0,120740.85714285714,126555.8,0.0,0.0,37.9,15.96
108979,119220.0,119855.0,120078.0,119558.0,120590.0,120238.0,129046.0,121723.0,127824.0,120214.0,125914.83333333331,0.0,0.0,35.6,17.31
107601,108979.0,119220.0,119855.0,111660.0,111074.0,124037.0,126553.0,111745.0,121723.0,118702.71428571428,124921.56666666668,5.5,0.0,23.0,14.49
120876,107601.0,108979.0,119220.0,128298.0,122004.0,130249.0,128372.0,115955.0,111745.0,118122.85714285714,124065.63333333332,8.0,0.0,20.8,15.74
125439,120876.0,107601.0,108979.0,122829.0,127282.0,127050.0,136682.0,126654.0,115955.0,117062.57142857143,123793.3,4.5,0.0,29.2,12.0
125095,125439.0,120876.0,107601.0,120078.0,126572.0,126789.0,136259.0,122805.0,126654.0,117435.42857142857,123756.16666666669,13.5,0.0,11.0,19.56
130067,125095.0,125439.0,120876.0,119855.0,125068.0,131221.0,132618.0,120961.0,122805.0,118152.14285714286,123646.93333333332,12.5,0.0,18.4,19.79
130301,130067.0,125095.0,125439.0,119220.0,122908.0,130494.0,128785.0,121618.0,120961.0,119611.0,123426.43333333332,7.5,0.0,38.5,1.22
121500,130301.0,130067.0,125095.0,108979.0,119558.0,120590.0,120238.0,120547.0,121618.0,121194.0,123227.83333333331,10.5,0.0,15.2,21.96
117889,121500.0,130301.0,130067.0,107601.0,111660.0,111074.0,124037.0,115772.0,120547.0,122982.71428571428,122857.23333333334,6.0,0.0,22.9,21.77
126694,117889.0,121500.0,130301.0,120876.0,128298.0,122004.0,130249.0,108253.0,115772.0,124452.42857142857,122494.03333333334,4.0,0.0,29.7,11.9
125305,126694.0,117889.0,121500.0,125439.0,122829.0,127282.0,127050.0,119452.0,108253.0,125283.57142857143,122709.23333333334,3.0,0.0,39.1,5.98
125707,125305.0,126694.0,117889.0,125095.0,120078.0,126572.0,126789.0,121920.0,119452.0,125264.42857142857,122751.5,2.5,0.0,45.2,4.36
125729,125707.0,125305.0,126694.0,130067.0,119855.0,125068.0,131221.0,120932.0,121920.0,125351.85714285714,122600.1,1.0,0.0,24.1,21.19
120355,125729.0,125707.0,125305.0,130301.0,119220.0,122908.0,130494.0,124644.0,120932.0,124732.14285714286,122556.06666666668,0.0,0.0,29.1,20.31
112331,120355.0,125729.0,125707.0,121500.0,108979.0,119558.0,120590.0,123140.0,124644.0,123311.28571428572,122341.6,0.0,0.0,36.5,20.31
107220,112331.0,120355.0,125729.0,117889.0,107601.0,111660.0,111074.0,111631.0,123140.0,122001.42857142857,121711.93333333332,0.0,0.0,39.6,6.92
120871,107220.0,112331.0,120355.0,126694.0,120876.0,128298.0,122004.0,108953.0,111631.0,120477.28571428572,120936.13333333332,2.5,0.0,42.4,3.05
125007,120871.0,107220.0,112331.0,125305.0,125439.0,122829.0,127282.0,120873.0,108953.0,119645.42857142857,120945.5,7.0,0.0,39.2,3.9
129954,125007.0,120871.0,107220.0,125707.0,125095.0,120078.0,126572.0,119870.0,120873.0,119602.85714285714,121409.93333333332,5.0,0.0,34.1,11.04
126600,129954.0,125007.0,120871.0,125729.0,130067.0,119855.0,125068.0,121088.0,119870.0,120209.57142857143,121674.93333333332,6.0,0.0,27.9,17.87
124447,126600.0,129954.0,125007.0,120355.0,130301.0,119220.0,122908.0,119719.0,121088.0,120334.0,121652.2,2.0,0.0,29.7,13.93
114228,124447.0,126600.0,129954.0,112331.0,121500.0,108979.0,119558.0,115204.0,119719.0,120918.57142857143,121581.36666666668,0.0,0.0,29.9,17.23
110062,114228.0,124447.0,126600.0,107220.0,117889.0,107601.0,111660.0,108997.0,115204.0,121189.57142857143,121220.03333333334,0.0,0.0,34.7,21.42
118910,110062.0,114228.0,124447.0,120871.0,126694.0,120876.0,128298.0,105897.0,108997.0,121595.57142857143,120791.83333333331,0.0,2.5,43.2,23.04
118395,118910.0,110062.0,114228.0,125007.0,125305.0,125439.0,122829.0,116583.0,105897.0,121315.42857142857,120770.23333333334,0.0,0.0,47.6,14.43
116601,118395.0,118910.0,110062.0,129954.0,125707.0,125095.0,120078.0,117194.0,116583.0,120370.85714285714,120994.73333333334,0.0,0.0,51.0,10.53
119467,116601.0,118395.0,118910.0,126600.0,125729.0,130067.0,119855.0,122341.0,117194.0,118463.28571428572,120604.83333333331,0.0,0.0,51.6,13.68
118513,119467.0,116601.0,118395.0,124447.0,120355.0,130301.0,119220.0,133743.0,122341.0,117444.28571428572,120492.76666666666,0.0,0.0,37.1,5.86
109372,118513.0,119467.0,116601.0,114228.0,112331.0,121500.0,108979.0,140767.0,133743.0,116596.57142857143,120440.6,0.0,0.0,38.8,20.06
106230,109372.0,118513.0,119467.0,110062.0,107220.0,117889.0,107601.0,122941.0,140767.0,115902.85714285714,120091.16666666669,0.0,5.0,49.1,21.25
120463,106230.0,109372.0,118513.0,118910.0,120871.0,126694.0,120876.0,113609.0,122941.0,115355.42857142857,119658.16666666669,0.0,0.0,37.2,25.51
117633,120463.0,106230.0,109372.0,118395.0,125007.0,125305.0,125439.0,120738.0,113609.0,115577.28571428572,120040.96666666666,0.0,0.0,41.5,13.55
117699,117633.0,120463.0,106230.0,116601.0,129954.0,125707.0,125095.0,116766.0,120738.0,115468.42857142857,120375.36666666668,2.5,0.0,42.4,6.93
120726,117699.0,117633.0,120463.0,119467.0,126600.0,125729.0,130067.0,117228.0,116766.0,115625.28571428572,120269.46666666666,0.0,0.0,40.7,20.01
117552,120726.0,117699.0,117633.0,118513.0,124447.0,120355.0,130301.0,116594.0,117228.0,115805.14285714286,120112.36666666668,0.0,0.0,41.7,19.69
107311,117552.0,120726.0,117699.0,109372.0,114228.0,112331.0,121500.0,116193.0,116594.0,115667.85714285714,119860.93333333332,2.0,0.0,27.5,15.89
106176,107311.0,117552.0,120726.0,106230.0,110062.0,107220.0,117889.0,108000.0,116193.0,115373.42857142857,119102.4,0.0,0.0,30.5,26.1
114826,106176.0,107311.0,117552.0,120463.0,118910.0,120871.0,126694.0,106680.0,108000.0,115365.71428571428,118298.23333333334,0.0,0.0,34.2,26.49
114220,114826.0,106176.0,107311.0,117633.0,118395.0,125007.0,125305.0,115464.0,106680.0,114560.42857142857,118075.76666666666,0.0,0.0,39.6,21.28
115397,114220.0,114826.0,106176.0,117699.0,116601.0,129954.0,125707.0,116571.0,115464.0,114072.85714285714,117953.46666666666,0.0,0.0,28.7,24.49
114582,115397.0,114220.0,114826.0,120726.0,119467.0,126600.0,125729.0,116469.0,116571.0,113744.0,117576.9,0.0,0.0,34.6,23.52
113958,114582.0,115397.0,114220.0,117552.0,118513.0,124447.0,120355.0,117867.0,116469.0,112866.28571428572,117219.46666666666,0.0,0.0,34.6,21.35
105435,113958.0,114582.0,115397.0,107311.0,109372.0,114228.0,112331.0,117958.0,117867.0,112352.85714285714,116827.83333333331,0.0,0.5,51.4,24.43
105353,105435.0,113958.0,114582.0,106176.0,106230.0,110062.0,107220.0,112265.0,117958.0,112084.85714285714,116151.36666666668,0.0,10.0,61.3,22.89
127381,105353.0,105435.0,113958.0,114826.0,120463.0,118910.0,120871.0,109877.0,112265.0,111967.28571428572,115651.3,0.0,0.0,53.1,18.76
118586,127381.0,105353.0,105435.0,114220.0,117633.0,118395.0,125007.0,116373.0,109877.0,113760.85714285714,116152.96666666666,0.0,1.5,51.7,21.5
119518,118586.0,127381.0,105353.0,115397.0,117699.0,116601.0,129954.0,117408.0,116373.0,114384.57142857143,116531.83333333331,0.0,1.0,51.1,23.22
121813,119518.0,118586.0,127381.0,114582.0,120726.0,119467.0,126600.0,117134.0,117408.0,114973.28571428572,116486.73333333334,0.0,0.0,46.4,20.15
116646,121813.0,119518.0,118586.0,113958.0,117552.0,118513.0,124447.0,118783.0,117134.0,116006.28571428572,116380.26666666666,0.0,0.0,45.3,16.11
106231,116646.0,121813.0,119518.0,105435.0,107311.0,109372.0,114228.0,116116.0,118783.0,116390.28571428572,115936.66666666669,0.0,0.0,47.2,4.69
107601,106231.0,116646.0,121813.0,105353.0,106176.0,106230.0,110062.0,106884.0,116116.0,116504.0,115257.7,0.0,0.0,57.9,11.67
120093,107601.0,106231.0,116646.0,127381.0,114826.0,120463.0,118910.0,106708.0,106884.0,116825.14285714286,114696.16666666669,0.0,4.5,50.1,27.94
123916,120093.0,107601.0,106231.0,118586.0,114220.0,117633.0,118395.0,123086.0,106708.0,115784.0,114891.66666666669,0.0,9.5,57.5,23.68
135931,123916.0,120093.0,107601.0,119518.0,115397.0,117699.0,116601.0,117625.0,123086.0,116545.42857142857,115353.46666666666,0.0,0.0,48.3,17.01
126567,135931.0,123916.0,120093.0,121813.0,114582.0,120726.0,119467.0,117570.0,117625.0,118890.14285714286,115920.83333333331,0.0,0.0,45.4,5.71
118080,126567.0,135931.0,123916.0,116646.0,113958.0,117552.0,118513.0,123681.0,117570.0,119569.28571428572,116193.23333333334,0.0,0.0,42.8,23.08
105208,118080.0,126567.0,135931.0,106231.0,105435.0,107311.0,109372.0,135997.0,123681.0,119774.14285714286,116242.53333333334,0.0,0.0,44.4,11.82
105238,105208.0,118080.0,126567.0,107601.0,105353.0,106176.0,106230.0,129143.0,135997.0,119628.0,115767.23333333334,0.0,0.0,47.8,19.03
116599,105238.0,105208.0,118080.0,120093.0,127381.0,114826.0,120463.0,113232.0,129143.0,119290.42857142857,115324.73333333334,0.0,0.0,55.0,17.58
120146,116599.0,105238.0,105208.0,123916.0,118586.0,114220.0,117633.0,123378.0,113232.0,118791.28571428572,115565.63333333332,0.0,0.0,56.7,11.28
120976,120146.0,116599.0,105238.0,135931.0,119518.0,115397.0,117699.0,128952.0,123378.0,118252.71428571428,116029.5,0.0,0.0,57.3,7.78
120608,120976.0,120146.0,116599.0,126567.0,121813.0,114582.0,120726.0,121160.0,128952.0,116116.28571428572,116046.6,0.0,0.0,54.8,17.46
120128,120608.0,120976.0,120146.0,118080.0,116646.0,113958.0,117552.0,114549.0,121160.0,115265.0,116145.76666666666,0.0,0.0,54.4,15.96
110332,120128.0,120608.0,120976.0,105208.0,106231.0,105435.0,107311.0,116482.0,114549.0,115557.57142857143,116226.73333333334,0.0,0.5,55.2,17.01
109853,110332.0,120128.0,120608.0,105238.0,107601.0,105353.0,106176.0,110684.0,116482.0,116289.57142857143,115880.26666666666,0.0,0.0,55.2,25.34
122257,109853.0,110332.0,120128.0,116599.0,120093.0,127381.0,114826.0,107194.0,110684.0,116948.85714285714,115623.63333333332,0.0,5.5,60.3,27.71
131765,122257.0,109853.0,110332.0,120146.0,123916.0,118586.0,114220.0,121819.0,107194.0,117757.14285714286,116121.83333333331,0.0,10.5,61.7,27.86
142724,131765.0,122257.0,109853.0,120976.0,135931.0,119518.0,115397.0,118631.0,121819.0,119417.0,116974.8,0.0,8.0,64.1,15.64
146380,142724.0,131765.0,122257.0,120608.0,126567.0,121813.0,114582.0,119115.0,118631.0,122523.85714285714,117904.73333333334,0.0,11.0,54.7,29.02
146863,146380.0,142724.0,131765.0,120128.0,118080.0,116646.0,113958.0,115600.0,119115.0,126205.57142857143,118976.73333333334,0.0,8.5,53.8,27.76
128941,146863.0,146380.0,142724.0,110332.0,105208.0,106231.0,105435.0,116326.0,115600.0,130024.85714285714,120025.6,0.0,8.5,63.5,24.7
129499,128941.0,146863.0,146380.0,109853.0,105238.0,107601.0,105353.0,108601.0,116326.0,132683.2857142857,120504.23333333334,0.0,4.5,64.9,10.75
131790,129499.0,128941.0,146863.0,122257.0,116599.0,120093.0,127381.0,107474.0,108601.0,135489.85714285713,121022.26666666666,0.0,7.0,59.1,28.29
145299,131790.0,129499.0,128941.0,131765.0,120146.0,123916.0,118586.0,114978.0,107474.0,136851.7142857143,121900.76666666666,0.0,3.0,55.4,26.28
138253,145299.0,131790.0,129499.0,142724.0,120976.0,135931.0,119518.0,120976.0,114978.0,138785.14285714287,123232.3,0.0,0.0,50.9,23.64
129147,138253.0,145299.0,131790.0,146380.0,120608.0,126567.0,121813.0,123000.0,120976.0,138146.42857142858,123594.7,0.0,2.0,42.8,25.65
128329,129147.0,138253.0,145299.0,146863.0,120128.0,118080.0,116646.0,134730.0,123000.0,135684.57142857142,123946.73333333334,0.0,6.5,45.5,29.67
124462,128329.0,129147.0,138253.0,128941.0,110332.0,105208.0,106231.0,146225.0,134730.0,133036.85714285713,124240.43333333332,0.0,9.0,52.4,24.98
129455,124462.0,128329.0,129147.0,129499.0,109853.0,105238.0,107601.0,121764.0,146225.0,132397.0,124328.73333333334,0.0,14.0,59.8,27.09
157104,129455.0,124462.0,128329.0,131790.0,122257.0,116599.0,120093.0,106737.0,121764.0,132390.7142857143,124755.7,0.0,7.0,61.1,27.8
156095,157104.0,129455.0,124462.0,145299.0,131765.0,120146.0,123916.0,122591.0,106737.0,136007.0,126451.46666666666,0.0,7.0,63.7,17.14
155169,156095.0,157104.0,129455.0,138253.0,142724.0,120976.0,135931.0,126482.0,122591.0,137549.2857142857,128067.93333333332,0.0,9.5,68.5,18.4
164580,155169.0,156095.0,157104.0,129147.0,146380.0,120608.0,126567.0,122219.0,126482.0,139965.85714285713,129237.13333333332,0.0,9.0,57.5,19.85
155967,164580.0,155169.0,156095.0,128329.0,146863.0,120128.0,118080.0,122396.0,122219.0,145027.7142857143,130592.6,0.0,4.5,50.7,21.68
132181,155967.0,164580.0,155169.0,124462.0,128941.0,110332.0,105208.0,122782.0,122396.0,148976.0,131260.46666666667,0.0,4.5,52.9,20.22
130033,132181.0,155967.0,164580.0,129455.0,129499.0,109853.0,105238.0,116495.0,122782.0,150078.7142857143,131447.6,0.0,3.5,49.3,19.79
139579,130033.0,132181.0,155967.0,157104.0,131790.0,122257.0,116599.0,123644.0,116495.0,150161.2857142857,131846.03333333333,0.0,1.0,53.6,19.36
137507,139579.0,130033.0,132181.0,156095.0,145299.0,131765.0,120146.0,143428.0,123644.0,147657.7142857143,132991.73333333334,0.0,3.5,55.2,19.31
139481,137507.0,139579.0,130033.0,155169.0,138253.0,142724.0,120976.0,139956.0,143428.0,145002.2857142857,134067.36666666667,0.0,9.5,58.0,27.17
151014,139481.0,137507.0,139579.0,164580.0,129147.0,146380.0,120608.0,138201.0,139956.0,142761.14285714287,134830.1,0.0,10.0,65.4,18.98
159899,151014.0,139481.0,137507.0,155967.0,128329.0,146863.0,120128.0,135517.0,138201.0,140823.14285714287,135859.03333333333,0.0,7.5,55.1,28.39
137519,159899.0,151014.0,139481.0,132181.0,124462.0,128941.0,110332.0,136365.0,135517.0,141384.85714285713,137156.46666666667,0.0,5.5,51.7,29.29
126847,137519.0,159899.0,151014.0,130033.0,129455.0,129499.0,109853.0,120499.0,136365.0,142147.42857142858,137720.16666666666,0.0,9.0,62.8,25.84
156036,126847.0,137519.0,159899.0,139579.0,157104.0,131790.0,122257.0,120873.0,120499.0,141692.2857142857,137944.13333333333,0.0,13.5,65.6,27.83
172070,156036.0,126847.0,137519.0,137507.0,156095.0,145299.0,131765.0,137633.0,120873.0,144043.2857142857,139467.6,0.0,15.5,63.2,25.79
170946,172070.0,156036.0,126847.0,139481.0,155169.0,138253.0,142724.0,138888.0,137633.0,148980.85714285713,141541.5,0.0,16.5,64.1,27.87
184117,170946.0,172070.0,156036.0,151014.0,164580.0,129147.0,146380.0,130314.0,138888.0,153475.85714285713,143164.46666666667,0.0,20.0,66.3,23.85
195991,184117.0,170946.0,172070.0,159899.0,155967.0,128329.0,146863.0,126600.0,130314.0,158204.85714285713,144909.53333333333,0.0,19.0,70.6,21.69
181513,195991.0,184117.0,170946.0,137519.0,132181.0,124462.0,128941.0,131825.0,126600.0,163360.85714285713,146685.1,0.0,17.5,67.7,20.71
181459,181513.0,195991.0,184117.0,126847.0,130033.0,129455.0,129499.0,132294.0,131825.0,169645.7142857143,147856.2,0.0,11.0,58.4,24.36
176674,181459.0,181513.0,195991.0,156036.0,139579.0,157104.0,131790.0,141384.0,132294.0,177447.42857142858,149009.4,0.0,14.5,53.0,29.1
172647,176674.0,181459.0,181513.0,172070.0,137507.0,156095.0,145299.0,157188.0,141384.0,180395.7142857143,150600.5,0.0,16.5,62.9,25.24
187697,172647.0,176674.0,181459.0,170946.0,139481.0,155169.0,138253.0,152718.0,157188.0,180478.14285714287,152038.76666666666,0.0,10.5,60.9,26.45
172540,187697.0,172647.0,176674.0,184117.0,151014.0,164580.0,129147.0,153004.0,152718.0,182871.14285714287,153902.33333333334,0.0,6.5,47.7,29.6
145789,172540.0,187697.0,172647.0,195991.0,159899.0,155967.0,128329.0,151886.0,153004.0,181217.2857142857,154810.36666666667,0.0,7.5,65.4,17.77
142824,145789.0,172540.0,187697.0,181513.0,137519.0,132181.0,124462.0,156264.0,151886.0,174045.57142857142,155061.56666666668,0.0,12.5,73.0,17.54
159288,142824.0,145789.0,172540.0,181459.0,126847.0,130033.0,129455.0,139773.0,156264.0,168518.57142857142,155517.46666666667,0.0,7.5,55.7,25.87
151971,159288.0,142824.0,145789.0,176674.0,156036.0,139579.0,157104.0,148585.0,139773.0,165351.2857142857,156549.43333333332,0.0,11.0,54.1,28.72
153121,151971.0,159288.0,142824.0,172647.0,172070.0,137507.0,156095.0,173124.0,148585.0,161822.2857142857,157466.4,0.0,11.0,55.7,28.4
153074,153121.0,151971.0,159288.0,187697.0,170946.0,139481.0,155169.0,159388.0,173124.0,159032.85714285713,158255.26666666666,0.0,14.5,64.7,22.76
148986,153074.0,153121.0,151971.0,172540.0,184117.0,151014.0,164580.0,183313.0,159388.0,154086.7142857143,158120.93333333332,0.0,17.0,73.2,19.19
179003,148986.0,153074.0,153121.0,145789.0,195991.0,159899.0,155967.0,192213.0,183313.0,150721.85714285713,157883.96666666667,0.0,17.5,73.7,22.4
174587,179003.0,148986.0,153074.0,142824.0,181513.0,137519.0,132181.0,186932.0,192213.0,155466.7142857143,158678.43333333332,0.0,21.0,70.6,22.61
179856,174587.0,179003.0,148986.0,159288.0,181459.0,126847.0,130033.0,172361.0,186932.0,160004.2857142857,159012.0,0.0,21.0,71.3,24.99
204801,179856.0,174587.0,179003.0,151971.0,176674.0,156036.0,139579.0,165418.0,172361.0,162942.57142857142,159808.3,0.0,17.0,73.5,23.69
204212,204801.0,179856.0,174587.0,153121.0,172647.0,172070.0,137507.0,177182.0,165418.0,170489.7142857143,162228.96666666667,0.0,19.5,73.7,23.78
207772,204212.0,204801.0,179856.0,153074.0,187697.0,170946.0,139481.0,175241.0,177182.0,177788.42857142858,164701.6,0.0,17.0,67.9,26.06
197069,207772.0,204212.0,204801.0,148986.0,172540.0,184117.0,151014.0,188026.0,175241.0,185602.42857142855,166974.7,0.0,13.0,68.9,16.65
188001,197069.0,207772.0,204212.0,179003.0,145789.0,195991.0,159899.0,197353.0,188026.0,192471.42857142855,168960.1,0.0,14.5,71.1,19.92
174380,188001.0,197069.0,207772.0,174587.0,142824.0,181513.0,137519.0,185355.0,197353.0,193756.85714285716,170577.43333333332,0.0,17.5,71.3,25.15
177664,174380.0,188001.0,197069.0,179856.0,159288.0,181459.0,126847.0,172948.0,185355.0,193727.2857142857,171356.3,0.0,17.0,71.5,23.82
203823,177664.0,174380.0,188001.0,204801.0,151971.0,176674.0,156036.0,168825.0,172948.0,193414.14285714287,171948.46666666667,0.0,21.0,70.2,24.01
214127,203823.0,177664.0,174380.0,204212.0,153121.0,172647.0,172070.0,189668.0,168825.0,193274.42857142855,174158.6,0.0,16.0,73.0,21.71
204545,214127.0,203823.0,177664.0,207772.0,153074.0,187697.0,170946.0,184855.0,189668.0,194690.85714285716,177067.93333333332,0.0,14.0,65.5,19.89
189710,204545.0,214127.0,203823.0,197069.0,148986.0,172540.0,184117.0,171327.0,184855.0,194229.85714285716,178684.9,0.0,10.0,56.9,27.45
168652,189710.0,204545.0,214127.0,188001.0,179003.0,145789.0,195991.0,173788.0,171327.0,193178.57142857145,179272.9,0.0,12.0,63.4,16.5
158502,168652.0,189710.0,204545.0,174380.0,174587.0,142824.0,181513.0,176318.0,173788.0,190414.42857142855,179196.43333333332,0.0,15.5,64.6,25.92
166582,158502.0,168652.0,189710.0,177664.0,179856.0,159288.0,181459.0,153460.0,176318.0,188146.14285714287,178342.6,0.0,12.5,68.6,13.74
185179,166582.0,158502.0,168652.0,203823.0,204801.0,151971.0,176674.0,155587.0,153460.0,186563.0,177362.3,0.0,11.0,69.7,16.95
178638,185179.0,166582.0,158502.0,214127.0,204212.0,153121.0,172647.0,177190.0,155587.0,183899.57142857145,177484.5,0.0,12.0,70.6,12.73
179604,178638.0,185179.0,166582.0,204545.0,207772.0,153074.0,187697.0,177090.0,177190.0,178829.7142857143,177390.46666666667,0.0,12.5,65.2,18.06
176626,179604.0,178638.0,185179.0,189710.0,197069.0,148986.0,172540.0,176680.0,177090.0,175266.7142857143,177488.13333333333,0.0,10.5,54.3,26.39
158078,176626.0,179604.0,178638.0,168652.0,188001.0,179003.0,145789.0,199463.0,176680.0,173397.57142857142,177620.76666666666,0.0,13.0,57.8,22.28
151956,158078.0,176626.0,179604.0,158502.0,174380.0,174587.0,142824.0,200485.0,199463.0,171887.0,176633.46666666667,0.0,14.5,60.2,20.5
153172,151956.0,158078.0,176626.0,166582.0,177664.0,179856.0,159288.0,184565.0,200485.0,170951.85714285713,175947.33333333334,0.0,11.0,68.3,17.68
176265,153172.0,151956.0,158078.0,185179.0,203823.0,204801.0,151971.0,147065.0,184565.0,169036.14285714287,176193.43333333332,0.0,16.5,69.4,23.18
186401,176265.0,153172.0,151956.0,178638.0,214127.0,204212.0,153121.0,160528.0,147065.0,167762.7142857143,177308.13333333333,0.0,16.0,71.6,15.49
193186,186401.0,176265.0,153172.0,179604.0,204545.0,207772.0,153074.0,155070.0,160528.0,168871.7142857143,178211.9,0.0,20.5,69.8,24.36
199184,193186.0,186401.0,176265.0,176626.0,189710.0,197069.0,148986.0,149519.0,155070.0,170812.0,179585.73333333334,0.0,18.0,72.5,18.53
205346,199184.0,193186.0,186401.0,158078.0,168652.0,188001.0,179003.0,149443.0,149519.0,174034.57142857142,181121.16666666663,0.0,18.0,73.3,21.52
185206,205346.0,199184.0,193186.0,151956.0,158502.0,174380.0,174587.0,152326.0,149443.0,180787.14285714287,182863.56666666668,0.0,12.0,72.0,13.36
167499,185206.0,205346.0,199184.0,153172.0,166582.0,177664.0,179856.0,148344.0,152326.0,185537.14285714287,184070.9,0.0,16.5,68.1,24.11
190114,167499.0,185206.0,205346.0,176265.0,185179.0,203823.0,204801.0,148409.0,148344.0,187583.85714285716,183687.4333333333,0.0,16.0,71.1,18.32
195634,190114.0,167499.0,185206.0,186401.0,178638.0,214127.0,204212.0,170112.0,148409.0,189562.2857142857,184205.0,0.0,3.0,65.3,9.79
157871,195634.0,190114.0,167499.0,193186.0,179604.0,204545.0,207772.0,161977.0,170112.0,190881.2857142857,184730.9333333333,0.0,2.5,65.5,6.63
145053,157871.0,195634.0,190114.0,199184.0,176626.0,189710.0,197069.0,160401.0,161977.0,185836.2857142857,183166.6,0.0,10.0,72.7,14.73
168798,145053.0,157871.0,195634.0,205346.0,158078.0,168652.0,188001.0,161314.0,160401.0,178103.2857142857,181194.63333333333,0.0,14.0,66.4,25.02
157538,168798.0,145053.0,157871.0,185206.0,151956.0,158502.0,174380.0,159595.0,161314.0,172882.14285714287,179895.5,0.0,9.5,58.4,22.05
146280,157538.0,168798.0,145053.0,167499.0,153172.0,166582.0,177664.0,154660.0,159595.0,168929.57142857142,178577.8,0.0,8.5,57.6,22.0
155444,146280.0,157538.0,168798.0,190114.0,176265.0,185179.0,203823.0,159493.0,154660.0,165898.2857142857,177187.1,0.0,7.5,57.5,22.09
152297,155444.0,146280.0,157538.0,195634.0,186401.0,178638.0,214127.0,174733.0,159493.0,160945.42857142858,176555.9,0.0,11.0,59.9,22.68
162930,152297.0,155444.0,146280.0,157871.0,193186.0,179604.0,204545.0,171763.0,174733.0,154754.42857142858,175710.33333333334,0.0,12.0,61.2,23.43
167985,162930.0,152297.0,155444.0,145053.0,199184.0,176626.0,189710.0,167680.0,171763.0,155477.14285714287,174347.23333333334,0.0,13.5,64.8,22.71
172256,167985.0,162930.0,152297.0,168798.0,205346.0,158078.0,168652.0,166180.0,167680.0,158753.14285714287,172809.16666666666,0.0,8.0,68.7,14.02
153441,172256.0,167985.0,162930.0,157538.0,185206.0,151956.0,158502.0,158982.0,166180.0,159247.14285714287,171732.86666666667,0.0,10.0,69.5,10.41
153602,153441.0,172256.0,167985.0,146280.0,167499.0,153172.0,166582.0,131413.0,158982.0,158661.85714285713,170523.9,0.0,11.0,68.5,17.22
168842,153602.0,153441.0,172256.0,155444.0,190114.0,176265.0,185179.0,139489.0,131413.0,159707.85714285713,170022.23333333334,0.0,1.5,51.2,23.98
139701,168842.0,153602.0,153441.0,152297.0,195634.0,186401.0,178638.0,173937.0,139489.0,161621.85714285713,170366.9,0.0,0.0,48.9,23.03
129605,139701.0,168842.0,153602.0,162930.0,157871.0,193186.0,179604.0,156451.0,173937.0,159822.42857142858,169470.86666666667,0.0,2.5,52.1,19.72
131399,129605.0,139701.0,168842.0,167985.0,145053.0,199184.0,176626.0,146265.0,156451.0,155061.7142857143,167618.4,0.0,6.0,55.2,23.74
138449,131399.0,129605.0,139701.0,172256.0,168798.0,205346.0,158078.0,146167.0,146265.0,149835.14285714287,166043.76666666666,0.0,9.0,57.4,22.72
136540,138449.0,131399.0,129605.0,153441.0,157538.0,185206.0,151956.0,153327.0,146167.0,145005.57142857142,164671.93333333332,0.0,11.5,60.0,21.72
143315,136540.0,138449.0,131399.0,153602.0,146280.0,167499.0,153172.0,151494.0,153327.0,142591.14285714287,163335.73333333334,0.0,12.0,62.5,20.88
163961,143315.0,136540.0,138449.0,168842.0,155444.0,190114.0,176265.0,145212.0,151494.0,141121.57142857142,162843.63333333333,0.0,11.5,64.4,22.67
167050,163961.0,143315.0,136540.0,139701.0,152297.0,195634.0,186401.0,156228.0,145212.0,140424.2857142857,163243.8,0.0,17.5,68.9,19.65
187044,167050.0,163961.0,143315.0,129605.0,162930.0,157871.0,193186.0,156057.0,156228.0,144331.2857142857,163706.4,0.0,11.0,63.5,13.99
168461,187044.0,167050.0,163961.0,131399.0,167985.0,145053.0,199184.0,161848.0,156057.0,152536.85714285713,164065.7,0.0,2.5,60.0,17.11
144337,168461.0,187044.0,167050.0,138449.0,172256.0,168798.0,205346.0,141734.0,161848.0,157831.42857142858,163467.7,0.0,7.0,64.7,13.05
137976,144337.0,168461.0,187044.0,136540.0,153441.0,157538.0,185206.0,133059.0,141734.0,158672.57142857142,161839.4,0.0,12.0,68.6,13.86
147525,137976.0,144337.0,168461.0,143315.0,153602.0,146280.0,167499.0,126027.0,133059.0,158877.7142857143,159799.13333333333,0.0,6.0,54.5,20.1
137338,147525.0,137976.0,144337.0,163961.0,168842.0,155444.0,190114.0,143874.0,126027.0,159479.14285714287,157871.76666666666,0.0,1.0,45.5,23.49
134126,137338.0,147525.0,137976.0,167050.0,139701.0,152297.0,195634.0,166274.0,143874.0,155675.85714285713,156276.16666666666,0.0,3.0,51.6,22.81
136235,134126.0,137338.0,147525.0,187044.0,129605.0,162930.0,157871.0,199408.0,166274.0,150972.42857142858,155163.73333333334,0.0,4.0,54.4,22.58
139231,136235.0,134126.0,137338.0,168461.0,131399.0,167985.0,145053.0,210280.0,199408.0,143714.0,153367.76666666666,0.0,5.5,60.2,16.34
143379,139231.0,136235.0,134126.0,144337.0,138449.0,172256.0,168798.0,211392.0,210280.0,139538.2857142857,151487.66666666666,0.0,2.5,62.0,11.7
131255,143379.0,139231.0,136235.0,137976.0,136540.0,153441.0,157538.0,194958.0,211392.0,139401.42857142858,151004.6,0.0,0.0,45.3,22.12
113001,131255.0,143379.0,139231.0,147525.0,143315.0,153602.0,146280.0,176989.0,194958.0,138441.2857142857,150544.66666666666,0.0,0.0,45.7,20.91
127783,113001.0,131255.0,143379.0,137338.0,163961.0,168842.0,155444.0,158922.0,176989.0,133509.2857142857,148684.76666666666,0.0,5.0,50.9,21.71
135667,127783.0,113001.0,131255.0,134126.0,167050.0,139701.0,152297.0,174284.0,158922.0,132144.2857142857,147692.93333333332,0.0,4.0,51.8,21.26
136531,135667.0,127783.0,113001.0,136235.0,187044.0,129605.0,162930.0,169231.0,174284.0,132364.42857142858,147339.16666666666,0.0,6.0,58.5,20.31
141943,136531.0,135667.0,127783.0,139231.0,168461.0,131399.0,167985.0,169923.0,169231.0,132406.7142857143,146708.73333333334,0.0,7.5,58.5,20.78
145330,141943.0,136531.0,135667.0,143379.0,144337.0,138449.0,172256.0,150451.0,169923.0,132794.14285714287,146363.6,0.0,9.0,60.9,19.84
140427,145330.0,141943.0,136531.0,131255.0,137976.0,136540.0,153441.0,129053.0,150451.0,133072.85714285713,145776.93333333332,0.0,6.5,58.6,19.49
135068,140427.0,145330.0,141943.0,113001.0,147525.0,143315.0,153602.0,117733.0,129053.0,134383.14285714287,144858.33333333334,0.0,3.5,56.0,19.55
140323,135068.0,140427.0,145330.0,127783.0,137338.0,163961.0,168842.0,120128.0,117733.0,137535.57142857142,143618.73333333334,0.0,7.0,59.2,18.2
145236,140323.0,135068.0,140427.0,135667.0,134126.0,167050.0,139701.0,138006.0,120128.0,139327.0,143181.46666666667,0.0,6.0,60.6,6.88
143808,145236.0,140323.0,135068.0,136531.0,136235.0,187044.0,129605.0,129571.0,138006.0,140694.0,142902.6,0.0,10.5,57.9,19.24
149657,143808.0,145236.0,140323.0,141943.0,139231.0,168461.0,131399.0,129008.0,129571.0,141733.57142857142,142068.13333333333,0.0,9.0,60.5,16.48
149992,149657.0,143808.0,145236.0,145330.0,143379.0,144337.0,138449.0,127832.0,129008.0,142835.57142857142,142400.0,0.0,6.0,55.3,18.04
129828,149992.0,149657.0,143808.0,140427.0,131255.0,137976.0,136540.0,126415.0,127832.0,143501.57142857142,143079.56666666668,0.0,2.5,53.3,17.51
121974,129828.0,149992.0,149657.0,135068.0,113001.0,147525.0,143315.0,112035.0,126415.0,141987.42857142858,143027.2,0.0,0.0,50.5,10.02
127892,121974.0,129828.0,149992.0,140323.0,127783.0,137338.0,163961.0,111536.0,112035.0,140116.85714285713,142478.03333333333,0.0,0.0,51.8,7.45
124821,127892.0,121974.0,129828.0,145236.0,135667.0,134126.0,167050.0,119464.0,111536.0,138341.0,142189.76666666666,0.0,0.0,54.5,5.36
125294,124821.0,127892.0,121974.0,143808.0,136531.0,136235.0,187044.0,118941.0,119464.0,135424.57142857142,141573.3,0.0,4.0,65.1,4.85
137319,125294.0,124821.0,127892.0,149657.0,141943.0,139231.0,168461.0,116517.0,118941.0,132779.7142857143,140284.4,0.0,3.5,62.4,6.67
136445,137319.0,125294.0,124821.0,149992.0,145330.0,143379.0,144337.0,118210.0,116517.0,131017.14285714286,139293.36666666667,0.0,0.0,59.5,3.67
120398,136445.0,137319.0,125294.0,129828.0,140427.0,131255.0,137976.0,119674.0,118210.0,129081.85714285714,137606.73333333334,0.0,0.0,58.0,3.79
113364,120398.0,136445.0,137319.0,121974.0,135068.0,113001.0,147525.0,110128.0,119674.0,127734.71428571428,136004.63333333333,0.0,1.0,55.7,14.55
125686,113364.0,120398.0,136445.0,127892.0,140323.0,127783.0,137338.0,112569.0,110128.0,126504.71428571428,134972.2,0.0,0.0,55.1,11.84
125460,125686.0,113364.0,120398.0,124821.0,145236.0,135667.0,134126.0,131147.0,112569.0,126189.57142857143,134562.53333333333,0.0,0.0,53.2,10.45
123448,125460.0,125686.0,113364.0,125294.0,143808.0,136531.0,136235.0,135387.0,131147.0,126280.85714285714,133827.03333333333,0.0,2.0,56.0,11.19
124414,123448.0,125460.0,125686.0,137319.0,149657.0,141943.0,139231.0,144405.0,135387.0,126017.14285714286,133364.03333333333,0.0,1.5,57.4,13.27
126270,124414.0,123448.0,125460.0,136445.0,149992.0,145330.0,143379.0,139260.0,144405.0,124173.57142857143,133040.3,0.0,3.0,53.3,16.84
117152,126270.0,124414.0,123448.0,120398.0,129828.0,140427.0,131255.0,140078.0,139260.0,122720.0,132708.13333333333,0.0,0.0,51.2,16.69
112694,117152.0,126270.0,124414.0,113364.0,121974.0,135068.0,113001.0,121171.0,140078.0,122256.28571428572,131972.16666666666,0.0,1.5,52.4,14.54
127718,112694.0,117152.0,126270.0,125686.0,127892.0,140323.0,127783.0,105416.0,121171.0,122160.57142857143,130949.33333333331,0.0,0.0,42.1,15.44
120224,127718.0,112694.0,117152.0,125460.0,124821.0,145236.0,135667.0,113692.0,105416.0,122450.85714285714,130831.43333333332,0.0,0.0,41.7,13.06
107876,120224.0,127718.0,112694.0,123448.0,125294.0,143808.0,136531.0,118024.0,113692.0,121702.85714285714,131072.2,0.0,0.0,37.0,16.09
116684,107876.0,120224.0,127718.0,124414.0,137319.0,149657.0,141943.0,119533.0,118024.0,119478.28571428572,130408.63333333332,0.0,0.0,40.1,16.51
116491,116684.0,107876.0,120224.0,126270.0,136445.0,149992.0,145330.0,120482.0,119533.0,118374.0,129775.86666666668,0.0,0.0,41.8,16.39
108615,116491.0,116684.0,107876.0,117152.0,120398.0,129828.0,140427.0,116908.0,120482.0,116977.0,129107.86666666668,0.0,0.0,48.1,14.42
108860,108615.0,116491.0,116684.0,112694.0,113364.0,121974.0,135068.0,109382.0,116908.0,115757.42857142857,127996.93333333332,0.0,0.0,43.8,14.12
116554,108860.0,108615.0,116491.0,127718.0,125686.0,127892.0,140323.0,106009.0,109382.0,115209.71428571428,126781.26666666666,0.0,0.0,34.0,14.19
117978,116554.0,108860.0,108615.0,120224.0,125460.0,124821.0,145236.0,117592.0,106009.0,113614.85714285714,125985.5,0.0,0.0,33.2,12.81
119030,117978.0,116554.0,108860.0,107876.0,123448.0,125294.0,143808.0,118154.0,117592.0,113294.0,125415.83333333331,0.0,0.0,33.4,15.04
119322,119030.0,117978.0,116554.0,116684.0,124414.0,137319.0,149657.0,118973.0,118154.0,114887.42857142857,124706.06666666668,0.0,0.0,33.9,15.33
118577,119322.0,119030.0,117978.0,116491.0,126270.0,136445.0,149992.0,118566.0,118973.0,115264.28571428572,123842.26666666666,0.0,0.0,40.0,15.04
109688,118577.0,119322.0,119030.0,108615.0,117152.0,120398.0,129828.0,121383.0,118566.0,115562.28571428572,123001.23333333334,0.0,0.0,40.3,15.18
108899,109688.0,118577.0,119322.0,108860.0,112694.0,113364.0,121974.0,110022.0,121383.0,115715.57142857143,121668.93333333332,0.0,3.0,44.4,14.43
123563,108899.0,109688.0,118577.0,116554.0,127718.0,125686.0,127892.0,106653.0,110022.0,115721.14285714286,120299.16666666669,0.0,6.5,52.5,13.94
129531,123563.0,108899.0,109688.0,117978.0,120224.0,125460.0,124821.0,118597.0,106653.0,116722.42857142857,120090.33333333331,0.0,2.0,51.3,13.91
129630,129531.0,123563.0,108899.0,119030.0,107876.0,123448.0,125294.0,119347.0,118597.0,118372.85714285714,120342.23333333334,0.0,0.0,44.2,13.96
124464,129630.0,129531.0,123563.0,119322.0,116684.0,124414.0,137319.0,120653.0,119347.0,119887.14285714286,120400.16666666669,0.0,0.0,35.4,14.21
118586,124464.0,129630.0,129531.0,118577.0,116491.0,126270.0,136445.0,124318.0,120653.0,120621.71428571428,120388.26666666666,0.0,0.0,35.3,13.73
109032,118586.0,124464.0,129630.0,109688.0,108615.0,117152.0,120398.0,124624.0,124318.0,120623.0,120164.66666666669,0.0,0.0,27.4,14.05
107391,109032.0,118586.0,124464.0,108899.0,108860.0,112694.0,113364.0,120491.0,124624.0,120529.28571428572,119221.76666666666,0.0,0.0,34.1,13.2
119401,107391.0,109032.0,118586.0,123563.0,116554.0,127718.0,125686.0,110558.0,120491.0,120313.85714285714,118253.3,0.0,0.0,48.8,8.41
121090,119401.0,107391.0,109032.0,129531.0,117978.0,120224.0,125460.0,120772.0,110558.0,119719.28571428572,118220.06666666668,0.0,2.0,52.9,12.17
124290,121090.0,119401.0,107391.0,129630.0,119030.0,107876.0,123448.0,119303.0,120772.0,118513.42857142857,118477.6,0.0,6.0,54.6,12.06
128965,124290.0,121090.0,119401.0,124464.0,119322.0,116684.0,124414.0,122581.0,119303.0,117750.57142857143,118431.06666666668,0.0,3.0,49.1,10.03
128037,128965.0,124290.0,121090.0,118586.0,118577.0,116491.0,126270.0,124118.0,122581.0,118393.57142857143,118547.9,0.0,0.0,35.2,12.66
108516,128037.0,128965.0,124290.0,109032.0,109688.0,108615.0,117152.0,122528.0,124118.0,119743.71428571428,118700.86666666668,2.5,0.0,25.6,12.78
111893,108516.0,128037.0,128965.0,107391.0,108899.0,108860.0,112694.0,111305.0,122528.0,119670.0,118170.93333333332,0.0,0.0,38.4,11.24
120112,111893.0,108516.0,128037.0,119401.0,123563.0,116554.0,127718.0,112550.0,111305.0,120313.14285714286,117691.7,0.0,0.0,52.5,11.16
121638,120112.0,111893.0,108516.0,121090.0,129531.0,117978.0,120224.0,120662.0,112550.0,120414.71428571428,117790.36666666668,0.0,7.0,56.9,11.34
129572,121638.0,120112.0,111893.0,124290.0,129630.0,119030.0,107876.0,120787.0,120662.0,120493.0,118088.5,0.0,0.0,51.3,11.13
128061,129572.0,121638.0,120112.0,128965.0,124464.0,119322.0,116684.0,121050.0,120787.0,121247.57142857143,118150.3,0.0,0.0,37.5,11.8
119146,128061.0,129572.0,121638.0,128037.0,118586.0,118577.0,116491.0,123230.0,121050.0,121118.42857142857,118411.53333333334,1.5,0.0,23.5,11.99
109447,119146.0,128061.0,129572.0,108516.0,109032.0,109688.0,108615.0,122144.0,123230.0,119848.28571428572,118787.2,0.0,0.0,34.9,5.57
109482,109447.0,119146.0,128061.0,111893.0,107391.0,108899.0,108860.0,112613.0,122144.0,119981.28571428572,118545.96666666666,0.0,0.0,49.9,10.4
118800,109482.0,109447.0,119146.0,120112.0,119401.0,123563.0,116554.0,113688.0,112613.0,119636.85714285714,118312.33333333331,0.0,0.0,30.8,11.01
120409,118800.0,109482.0,109447.0,121638.0,121090.0,129531.0,117978.0,125943.0,113688.0,119449.42857142857,118651.83333333331,6.5,0.0,19.5,11.43
124244,120409.0,118800.0,109482.0,129572.0,124290.0,129630.0,119030.0,124777.0,125943.0,119273.85714285714,119036.8,8.0,0.0,21.7,9.15
126011,124244.0,120409.0,118800.0,128061.0,128965.0,124464.0,119322.0,124974.0,124777.0,118512.71428571428,119293.13333333332,0.5,0.0,26.6,9.84
123587,126011.0,124244.0,120409.0,119146.0,128037.0,118586.0,118577.0,122839.0,124974.0,118219.85714285714,119560.9,0.0,0.0,25.4,10.83
113482,123587.0,126011.0,124244.0,109447.0,108516.0,109032.0,109688.0,120947.0,122839.0,118854.28571428572,119712.8,0.0,0.0,26.1,10.42
111310,113482.0,123587.0,126011.0,109482.0,111893.0,107391.0,108899.0,112159.0,120947.0,119430.71428571428,119518.13333333332,0.0,0.0,35.6,10.33
121498,111310.0,113482.0,123587.0,118800.0,120112.0,119401.0,123563.0,111852.0,112159.0,119691.85714285714,119275.9,0.0,0.0,33.2,8.86
121355,121498.0,111310.0,113482.0,120409.0,121638.0,121090.0,129531.0,125357.0,111852.0,120077.28571428572,119669.56666666668,0.0,0.0,38.3,7.33
121871,121355.0,121498.0,111310.0,124244.0,129572.0,124290.0,129630.0,128957.0,125357.0,120212.42857142857,120084.76666666666,4.5,0.0,44.9,1.39
124692,121871.0,121355.0,121498.0,126011.0,128061.0,128965.0,124464.0,123065.0,128957.0,119873.42857142857,120028.36666666668,11.5,0.0,35.3,2.9
128644,124692.0,121871.0,121355.0,123587.0,119146.0,128037.0,118586.0,110921.0,123065.0,119685.0,119867.06666666668,7.0,0.0,35.3,8.62
117929,128644.0,124692.0,121871.0,113482.0,109447.0,108516.0,109032.0,117390.0,110921.0,120407.42857142857,119834.2,1.5,0.0,34.1,7.57
114571,117929.0,128644.0,124692.0,111310.0,109482.0,111893.0,107391.0,118177.0,117390.0,121042.71428571428,119616.36666666668,2.5,0.0,34.5,9.67
124130,114571.0,117929.0,128644.0,121498.0,118800.0,120112.0,119401.0,116888.0,118177.0,121508.57142857143,119482.53333333334,0.0,0.0,43.0,5.53
123516,124130.0,114571.0,117929.0,121355.0,120409.0,121638.0,121090.0,125960.0,116888.0,121884.57142857143,119985.8,2.5,0.0,32.7,9.32
121979,123516.0,124130.0,114571.0,121871.0,124244.0,129572.0,124290.0,133727.0,125960.0,122193.28571428572,120523.3,4.5,0.0,39.7,1.53
114144,121979.0,123516.0,124130.0,124692.0,126011.0,128061.0,128965.0,137367.0,133727.0,122208.71428571428,120609.23333333334,9.5,0.0,30.3,6.03
120273,114144.0,121979.0,123516.0,128644.0,123587.0,119146.0,128037.0,132457.0,137367.0,120701.85714285714,120377.7,15.5,0.0,19.2,9.23
121119,120273.0,114144.0,121979.0,117929.0,113482.0,109447.0,108516.0,129712.0,132457.0,119506.0,120243.8,17.5,0.0,15.8,8.77
126075,121119.0,120273.0,114144.0,114571.0,111310.0,109482.0,111893.0,116476.0,129712.0,119961.71428571428,119982.26666666666,16.0,0.0,18.9,8.83
137747,126075.0,121119.0,120273.0,124130.0,121498.0,118800.0,120112.0,116813.0,116476.0,121605.14285714286,119916.86666666668,13.0,0.0,22.6,8.41
137545,137747.0,126075.0,121119.0,123516.0,121355.0,120409.0,121638.0,125930.0,116813.0,123550.42857142857,120891.23333333334,14.0,0.0,20.8,6.39
138431,137545.0,137747.0,126075.0,121979.0,121871.0,124244.0,129572.0,130322.0,125930.0,125554.57142857143,121746.3,14.5,0.0,26.0,7.74
138124,138431.0,137545.0,137747.0,114144.0,124692.0,126011.0,128061.0,132923.0,130322.0,127904.85714285714,122356.93333333332,18.0,0.0,16.2,5.89
141124,138124.0,138431.0,137545.0,120273.0,128644.0,123587.0,119146.0,135960.0,132923.0,131330.57142857142,122906.46666666666,14.0,0.0,20.0,8.96
129748,141124.0,138124.0,138431.0,121119.0,117929.0,113482.0,109447.0,129946.0,135960.0,134309.2857142857,123291.53333333334,3.5,0.0,26.8,7.85
121900,129748.0,141124.0,138124.0,126075.0,114571.0,111310.0,109482.0,118195.0,129946.0,135542.0,123347.76666666666,2.5,0.0,37.5,3.36
130896,121900.0,129748.0,141124.0,137747.0,124130.0,121498.0,118800.0,116724.0,118195.0,134945.57142857142,123439.56666666668,3.0,0.0,45.3,2.21
130606,130896.0,121900.0,129748.0,137545.0,123516.0,121355.0,120409.0,130480.0,116724.0,133966.85714285713,124154.53333333334,0.0,0.0,53.5,1.45
128740,130606.0,130896.0,121900.0,138431.0,121979.0,121871.0,124244.0,132472.0,130480.0,132975.57142857142,124858.66666666669,15.0,0.0,19.6,7.57
134495,128740.0,130606.0,130896.0,138124.0,114144.0,124692.0,126011.0,131986.0,132472.0,131591.14285714287,125190.0,20.0,0.0,12.5,9.0
141748,134495.0,128740.0,130606.0,141124.0,120273.0,128644.0,123587.0,135106.0,131986.0,131072.7142857143,125659.53333333334,20.0,0.0,12.5,9.02
133949,141748.0,134495.0,128740.0,129748.0,121119.0,117929.0,113482.0,130201.0,135106.0,131161.85714285713,126243.0,15.5,0.0,20.2,5.85
130348,133949.0,141748.0,134495.0,121900.0,126075.0,114571.0,111310.0,117621.0,130201.0,131762.0,126507.6,5.0,0.0,39.6,1.61
135279,130348.0,133949.0,141748.0,130896.0,137747.0,124130.0,121498.0,116845.0,117621.0,132968.85714285713,126732.96666666666,0.0,0.0,45.9,7.12
128108,135279.0,130348.0,133949.0,130606.0,137545.0,123516.0,121355.0,126652.0,116845.0,133595.0,127459.53333333334,2.5,0.0,37.1,8.46
128037,128108.0,135279.0,130348.0,128740.0,138431.0,121979.0,121871.0,130034.0,126652.0,133238.14285714287,128019.46666666666,9.0,0.0,30.7,8.22
130968,128037.0,128108.0,135279.0,134495.0,138124.0,114144.0,124692.0,133889.0,130034.0,133137.7142857143,128237.43333333332,15.0,0.0,28.0,2.15
136595,130968.0,128037.0,128108.0,141748.0,141124.0,120273.0,128644.0,133332.0,133889.0,132633.85714285713,128557.86666666668,24.0,0.0,19.8,8.27
134936,136595.0,130968.0,128037.0,133949.0,129748.0,121119.0,117929.0,134648.0,133332.0,131897.7142857143,129048.66666666669,33.0,0.0,4.7,9.32
143149,134936.0,136595.0,130968.0,130348.0,121900.0,126075.0,114571.0,123547.0,134648.0,132038.7142857143,129390.13333333332,28.0,0.0,2.8,9.14
152903,143149.0,134936.0,136595.0,135279.0,130896.0,137747.0,124130.0,116465.0,123547.0,133867.42857142858,129873.63333333332,16.5,0.0,23.8,5.87
141132,152903.0,143149.0,134936.0,128108.0,130606.0,137545.0,123516.0,113544.0,116465.0,136385.14285714287,131039.43333333332,18.5,0.0,21.9,5.94
128612,141132.0,152903.0,143149.0,128037.0,128740.0,138431.0,121979.0,122987.0,113544.0,138245.7142857143,131924.8,20.0,0.0,15.2,9.1
139228,128612.0,141132.0,152903.0,130968.0,134495.0,138124.0,114144.0,124121.0,122987.0,138327.85714285713,132074.2,15.0,0.0,19.4,8.12
136806,139228.0,128612.0,141132.0,136595.0,141748.0,141124.0,120273.0,123326.0,124121.0,139507.85714285713,132597.93333333332,3.0,0.0,37.8,2.37
124302,136806.0,139228.0,128612.0,134936.0,133949.0,129748.0,121119.0,120162.0,123326.0,139538.0,133092.16666666666,0.0,0.0,46.9,5.55
116804,124302.0,136806.0,139228.0,143149.0,130348.0,121900.0,126075.0,117117.0,120162.0,138018.85714285713,133430.76666666666,0.0,0.0,44.9,7.96
123031,116804.0,124302.0,136806.0,152903.0,135279.0,130896.0,137747.0,117793.0,117117.0,134255.2857142857,133315.13333333333,1.5,0.0,36.3,8.44
123079,123031.0,116804.0,124302.0,141132.0,128108.0,130606.0,137545.0,116590.0,117793.0,129987.85714285714,133378.86666666667,5.0,0.0,39.2,6.16
