period,value,target,lag_1,lag_2,lag_3,lag_7,lag_14,lag_21,lag_28,lag_365,lag_366,rolling_7,rolling_30
2020-01-02,135759,133483.0,124168.0,131905.0,134843.0,131981.0,155134.0,143877.0,139469.0,136354.0,119601.0,127535.28571428571,134890.4
2020-01-03,133483,122924.0,135759.0,124168.0,131905.0,129502.0,150697.0,140211.0,138082.0,136364.0,136354.0,128075.0,134663.2
2020-01-04,122924,123997.0,133483.0,135759.0,124168.0,119817.0,137208.0,126146.0,129152.0,136034.0,136364.0,128643.71428571429,134407.23333333334
2020-01-05,123997,138154.0,122924.0,133483.0,135759.0,120531.0,128731.0,124792.0,127945.0,124696.0,136034.0,129087.57142857143,133855.73333333334
2020-01-06,138154,136907.0,123997.0,122924.0,133483.0,134843.0,134395.0,142334.0,136920.0,123149.0,124696.0,129582.71428571429,133386.23333333334
2020-01-07,136907,140076.0,138154.0,123997.0,122924.0,131905.0,129477.0,145643.0,133868.0,142770.0,123149.0,130055.71428571429,133686.3
2020-01-08,140076,144582.0,136907.0,138154.0,123997.0,124168.0,119684.0,146073.0,140390.0,138751.0,142770.0,130770.28571428571,133985.03333333333
2020-01-09,144582,137402.0,140076.0,136907.0,138154.0,135759.0,131981.0,155134.0,143877.0,137410.0,138751.0,133042.85714285713,134090.23333333334
2020-01-10,137402,119972.0,144582.0,140076.0,136907.0,133483.0,129502.0,150697.0,140211.0,143223.0,137410.0,134303.2857142857,134447.36666666667
2020-01-11,119972,116201.0,137402.0,144582.0,140076.0,122924.0,119817.0,137208.0,126146.0,147813.0,143223.0,134863.14285714287,134347.76666666666
2020-01-12,116201,132956.0,119972.0,137402.0,144582.0,123997.0,120531.0,128731.0,124792.0,137066.0,147813.0,134441.42857142858,133550.93333333332
2020-01-13,132956,134513.0,116201.0,119972.0,137402.0,138154.0,134843.0,134395.0,142334.0,134196.0,137066.0,133327.7142857143,132750.6
2020-01-14,134513,132082.0,132956.0,116201.0,119972.0,136907.0,131905.0,129477.0,145643.0,148361.0,134196.0,132585.14285714287,132977.6
2020-01-15,132082,134558.0,134513.0,132956.0,116201.0,140076.0,124168.0,119684.0,146073.0,146343.0,148361.0,132243.14285714287,133301.63333333333
2020-01-16,134558,144695.0,132082.0,134513.0,132956.0,144582.0,135759.0,131981.0,155134.0,144923.0,146343.0,131101.14285714287,132959.9
2020-01-17,144695,137365.0,134558.0,132082.0,134513.0,137402.0,133483.0,129502.0,150697.0,145991.0,144923.0,129669.14285714286,132590.4
2020-01-18,137365,126410.0,144695.0,134558.0,132082.0,119972.0,122924.0,119817.0,137208.0,143529.0,145991.0,130711.0,132544.46666666667
2020-01-19,126410,142280.0,137365.0,144695.0,134558.0,116201.0,123997.0,120531.0,128731.0,132279.0,143529.0,133195.7142857143,131952.16666666666
2020-01-20,142280,148015.0,126410.0,137365.0,144695.0,132956.0,138154.0,134843.0,134395.0,133912.0,132279.0,134654.14285714287,131142.6
2020-01-21,148015,143862.0,142280.0,126410.0,137365.0,134513.0,136907.0,131905.0,129477.0,159311.0,133912.0,135986.14285714287,131311.66666666666
2020-01-22,143862,139314.0,148015.0,142280.0,126410.0,132082.0,140076.0,124168.0,119684.0,159198.0,159311.0,137915.0,131954.46666666667
2020-01-23,139314,135154.0,143862.0,148015.0,142280.0,134558.0,144582.0,135759.0,131981.0,148575.0,159198.0,139597.85714285713,132270.03333333333
2020-01-24,135154,126400.0,139314.0,143862.0,148015.0,144695.0,137402.0,133483.0,129502.0,139935.0,148575.0,140277.2857142857,132597.93333333332
2020-01-25,126400,122177.0,135154.0,139314.0,143862.0,137365.0,119972.0,122924.0,119817.0,141638.0,139935.0,138914.2857142857,133113.6
2020-01-26,122177,136627.0,126400.0,135154.0,139314.0,126410.0,116201.0,123997.0,120531.0,134276.0,141638.0,137347.85714285713,132927.56666666668
2020-01-27,136627,136552.0,122177.0,126400.0,135154.0,142280.0,132956.0,138154.0,134843.0,127404.0,134276.0,136743.14285714287,132683.4
2020-01-28,136552,138459.0,136627.0,122177.0,126400.0,148015.0,134513.0,136907.0,131905.0,145347.0,127404.0,135935.57142857142,133243.73333333334
2020-01-29,138459,140924.0,136552.0,136627.0,122177.0,143862.0,132082.0,140076.0,124168.0,146703.0,145347.0,134298.0,133777.76666666666
2020-01-30,140924,137659.0,138459.0,136552.0,136627.0,139314.0,134558.0,144582.0,135759.0,153858.0,146703.0,133526.14285714287,133898.3
2020-01-31,137659,125498.0,140924.0,138459.0,136552.0,135154.0,144695.0,137402.0,133483.0,166578.0,153858.0,133756.14285714287,134198.93333333332
2020-02-01,125498,122930.0,137659.0,140924.0,138459.0,126400.0,137365.0,119972.0,122924.0,163256.0,166578.0,134114.0,134648.63333333333
2020-02-02,122930,133021.0,125498.0,137659.0,140924.0,122177.0,126410.0,116201.0,123997.0,145804.0,163256.0,133985.14285714287,134306.6
2020-02-03,133021,132023.0,122930.0,125498.0,137659.0,136627.0,142280.0,132956.0,138154.0,131390.0,145804.0,134092.7142857143,133954.83333333334
2020-02-04,132023,133837.0,133021.0,122930.0,125498.0,136552.0,148015.0,134513.0,136907.0,137369.0,131390.0,133577.57142857142,134291.4
2020-02-05,133837,136492.0,132023.0,133021.0,122930.0,138459.0,143862.0,132082.0,140076.0,132731.0,137369.0,132930.57142857142,134558.93333333332
2020-02-06,136492,135744.0,133837.0,132023.0,133021.0,140924.0,139314.0,134558.0,144582.0,134941.0,132731.0,132270.2857142857,134415.03333333333
2020-02-07,135744,127588.0,136492.0,133837.0,132023.0,137659.0,135154.0,144695.0,137402.0,137591.0,134941.0,131637.14285714287,134401.2
2020-02-08,127588,124149.0,135744.0,136492.0,133837.0,125498.0,126400.0,137365.0,119972.0,136194.0,137591.0,131363.57142857142,134256.8
2020-02-09,124149,135691.0,127588.0,135744.0,136492.0,122930.0,122177.0,126410.0,116201.0,133854.0,136194.0,131662.14285714287,133690.33333333334
2020-02-10,135691,133740.0,124149.0,127588.0,135744.0,133021.0,136627.0,142280.0,132956.0,132123.0,133854.0,131836.2857142857,133248.56666666668
2020-02-11,133740,133541.0,135691.0,124149.0,127588.0,132023.0,136552.0,148015.0,134513.0,143162.0,132123.0,132217.7142857143,133772.53333333333
2020-02-12,133541,136077.0,133740.0,135691.0,124149.0,133837.0,138459.0,143862.0,132082.0,147267.0,143162.0,132463.0,134357.16666666666
2020-02-13,136077,139289.0,133541.0,133740.0,135691.0,136492.0,140924.0,139314.0,134558.0,141368.0,147267.0,132420.7142857143,134376.66666666666
2020-02-14,139289,134595.0,136077.0,133541.0,133740.0,135744.0,137659.0,135154.0,144695.0,139781.0,141368.0,132361.42857142858,134428.8
2020-02-15,134595,126028.0,139289.0,136077.0,133541.0,127588.0,125498.0,126400.0,137365.0,134017.0,139781.0,132867.85714285713,134669.03333333333
2020-02-16,126028,125814.0,134595.0,139289.0,136077.0,124149.0,122930.0,122177.0,126410.0,122681.0,134017.0,133868.85714285713,134670.26666666666
2020-02-17,125814,134632.0,126028.0,134595.0,139289.0,135691.0,133021.0,136627.0,142280.0,124444.0,122681.0,134137.2857142857,134048.03333333333
2020-02-18,134632,131988.0,125814.0,126028.0,134595.0,133740.0,132023.0,136552.0,148015.0,132375.0,124444.0,132726.2857142857,133663.0
2020-02-19,131988,138646.0,134632.0,125814.0,126028.0,133541.0,133837.0,138459.0,143862.0,143375.0,132375.0,132853.7142857143,133937.06666666668
2020-02-20,138646,141414.0,131988.0,134632.0,125814.0,136077.0,136492.0,140924.0,139314.0,146783.0,143375.0,132631.85714285713,133594.0
2020-02-21,141414,125920.0,138646.0,131988.0,134632.0,139289.0,135744.0,137659.0,135154.0,137778.0,146783.0,132998.85714285713,133281.7
2020-02-22,125920,119214.0,141414.0,138646.0,131988.0,134595.0,127588.0,125498.0,126400.0,134984.0,137778.0,133302.42857142858,133200.1
2020-02-23,119214,129724.0,125920.0,141414.0,138646.0,126028.0,124149.0,122930.0,122177.0,125888.0,134984.0,132063.14285714287,132753.63333333333
2020-02-24,129724,130168.0,119214.0,125920.0,141414.0,125814.0,135691.0,133021.0,136627.0,123497.0,125888.0,131089.7142857143,132222.3
2020-02-25,130168,131364.0,129724.0,119214.0,125920.0,134632.0,133740.0,132023.0,136552.0,139220.0,123497.0,131648.2857142857,132333.1
2020-02-26,131364,133929.0,130168.0,129724.0,119214.0,131988.0,133541.0,133837.0,138459.0,143977.0,139220.0,131010.57142857143,132599.46666666667
2020-02-27,133929,138016.0,131364.0,130168.0,129724.0,138646.0,136077.0,136492.0,140924.0,146740.0,143977.0,130921.42857142857,132424.03333333333
2020-02-28,138016,129490.0,133929.0,131364.0,130168.0,141414.0,139289.0,135744.0,137659.0,143568.0,146740.0,130247.57142857143,132336.6
2020-02-29,129490,126062.0,138016.0,133929.0,131364.0,125920.0,134595.0,127588.0,125498.0,144308.0,143568.0,129762.14285714286,132321.83333333334
2020-03-01,126062,131611.0,129490.0,138016.0,133929.0,119214.0,126028.0,124149.0,122930.0,131932.0,144308.0,130272.14285714286,131940.7
2020-03-02,131611,128988.0,126062.0,129490.0,138016.0,129724.0,125814.0,135691.0,133021.0,127285.0,131932.0,131250.42857142858,131554.13333333333
2020-03-03,128988,128251.0,131611.0,126062.0,129490.0,130168.0,134632.0,133740.0,132023.0,141496.0,127285.0,131520.0,131757.9
2020-03-04,128251,129517.0,128988.0,131611.0,126062.0,131364.0,131988.0,133541.0,133837.0,145819.0,141496.0,131351.42857142858,131959.83333333334
2020-03-05,129517,132096.0,128251.0,128988.0,131611.0,133929.0,138646.0,136077.0,136492.0,151133.0,145819.0,130906.71428571429,131800.83333333334
2020-03-06,132096,122125.0,129517.0,128251.0,128988.0,138016.0,141414.0,139289.0,135744.0,150928.0,151133.0,130276.42857142857,131717.3
2020-03-07,122125,113235.0,132096.0,129517.0,128251.0,129490.0,125920.0,134595.0,127588.0,144237.0,150928.0,129430.71428571429,131659.26666666666
2020-03-08,113235,126959.0,122125.0,132096.0,129517.0,126062.0,119214.0,126028.0,124149.0,127330.0,144237.0,128378.57142857143,131180.36666666667
2020-03-09,126959,125748.0,113235.0,122125.0,132096.0,131611.0,129724.0,125814.0,135691.0,122703.0,127330.0,126546.14285714286,130430.06666666667
2020-03-10,125748,124617.0,126959.0,113235.0,122125.0,128988.0,130168.0,134632.0,133740.0,134548.0,122703.0,125881.57142857143,130409.1
2020-03-11,124617,128016.0,125748.0,126959.0,113235.0,128251.0,131364.0,131988.0,133541.0,137516.0,134548.0,125418.71428571429,130462.4
2020-03-12,128016,126067.0,124617.0,125748.0,126959.0,129517.0,133929.0,138646.0,136077.0,137522.0,137516.0,124899.57142857143,130093.26666666666
2020-03-13,126067,114037.0,128016.0,124617.0,125748.0,132096.0,138016.0,141414.0,139289.0,132981.0,137522.0,124685.14285714286,129902.46666666666
2020-03-14,114037,112339.0,126067.0,128016.0,124617.0,122125.0,129490.0,125920.0,134595.0,130524.0,132981.0,123823.85714285714,129653.33333333333
2020-03-15,112339,125963.0,114037.0,126067.0,128016.0,113235.0,126062.0,119214.0,126028.0,118295.0,130524.0,122668.42857142857,128918.66666666667
2020-03-16,125963,123622.0,112339.0,114037.0,126067.0,126959.0,131611.0,129724.0,125814.0,120153.0,118295.0,122540.42857142857,128020.33333333333
2020-03-17,123622,120106.0,125963.0,112339.0,114037.0,125748.0,128988.0,130168.0,134632.0,134932.0,120153.0,122398.14285714286,127732.6
2020-03-18,120106,121029.0,123622.0,125963.0,112339.0,124617.0,128251.0,131364.0,131988.0,133841.0,134932.0,122094.42857142857,127652.4
2020-03-19,121029,117898.0,120106.0,123622.0,125963.0,128016.0,129517.0,133929.0,138646.0,132471.0,133841.0,121450.0,127462.13333333333
2020-03-20,117898,108006.0,121029.0,120106.0,123622.0,126067.0,132096.0,138016.0,141414.0,133776.0,132471.0,120451.85714285714,127008.7
2020-03-21,108006,110110.0,117898.0,121029.0,120106.0,114037.0,122125.0,129490.0,125920.0,133807.0,133776.0,119284.85714285714,126539.03333333334
2020-03-22,110110,122419.0,108006.0,117898.0,121029.0,112339.0,113235.0,126062.0,119214.0,123832.0,133807.0,118423.28571428571,125517.7
2020-03-23,122419,115575.0,110110.0,108006.0,117898.0,125963.0,126959.0,131611.0,129724.0,117964.0,123832.0,118104.85714285714,124474.23333333334
2020-03-24,115575,116769.0,122419.0,110110.0,108006.0,123622.0,125748.0,128988.0,130168.0,129783.0,117964.0,117598.57142857143,124357.53333333334
2020-03-25,116769,112983.0,115575.0,122419.0,110110.0,120106.0,124617.0,128251.0,131364.0,131720.0,129783.0,116449.0,124236.23333333334
2020-03-26,112983,109059.0,116769.0,115575.0,122419.0,121029.0,128016.0,129517.0,133929.0,132901.0,131720.0,115972.28571428571,123804.4
2020-03-27,109059,106277.0,112983.0,116769.0,115575.0,117898.0,126067.0,132096.0,138016.0,131634.0,132901.0,114822.85714285714,123231.56666666667
2020-03-28,106277,106911.0,109059.0,112983.0,116769.0,108006.0,114037.0,122125.0,129490.0,129664.0,131634.0,113560.14285714286,122488.06666666667
2020-03-29,106911,111212.0,106277.0,109059.0,112983.0,110110.0,112339.0,113235.0,126062.0,115078.0,129664.0,113313.14285714286,121566.33333333333
2020-03-30,111212,111690.0,106911.0,106277.0,109059.0,122419.0,125963.0,126959.0,131611.0,115241.0,115078.0,112856.14285714286,120529.5
2020-03-31,111690,109617.0,111212.0,106911.0,106277.0,115575.0,123622.0,125748.0,128988.0,131674.0,115241.0,111255.14285714286,119920.23333333334
2020-04-01,109617,109109.0,111690.0,111212.0,106911.0,116769.0,120106.0,124617.0,128251.0,131047.0,131674.0,110700.14285714286,119441.16666666667
2020-04-02,109109,109396.0,109617.0,111690.0,111212.0,112983.0,121029.0,128016.0,129517.0,128648.0,131047.0,109678.42857142857,118708.03333333334
2020-04-03,109396,103204.0,109109.0,109617.0,111690.0,109059.0,117898.0,126067.0,132096.0,126966.0,128648.0,109125.0,118045.4
2020-04-04,103204,101605.0,109396.0,109109.0,109617.0,106277.0,108006.0,114037.0,122125.0,130603.0,126966.0,109173.14285714286,117416.9
2020-04-05,101605,105411.0,103204.0,109396.0,109109.0,106911.0,110110.0,112339.0,113235.0,117035.0,130603.0,108734.14285714286,116539.8
2020-04-06,105411,104373.0,101605.0,103204.0,109396.0,111212.0,122419.0,125963.0,126959.0,112880.0,117035.0,107976.14285714286,115523.43333333333
2020-04-07,104373,105413.0,105411.0,101605.0,103204.0,111690.0,115575.0,123622.0,125748.0,128595.0,112880.0,107147.42857142857,114966.3
2020-04-08,105413,106910.0,104373.0,105411.0,101605.0,109617.0,116769.0,120106.0,124617.0,127521.0,128595.0,106102.14285714286,114670.9
2020-04-09,106910,108499.0,105413.0,104373.0,105411.0,109109.0,112983.0,121029.0,128016.0,125957.0,127521.0,105501.57142857143,113952.7
2020-04-10,108499,103586.0,106910.0,105413.0,104373.0,109396.0,109059.0,117898.0,126067.0,128312.0,125957.0,105187.42857142857,113324.76666666666
2020-04-11,103586,100836.0,108499.0,106910.0,105413.0,103204.0,106277.0,108006.0,114037.0,127562.0,128312.0,105059.28571428571,112787.5
2020-04-12,100836,108641.0,103586.0,108499.0,106910.0,101605.0,106911.0,110110.0,112339.0,118357.0,127562.0,105113.85714285714,111973.16666666667
2020-04-13,108641,105963.0,100836.0,103586.0,108499.0,105411.0,111212.0,122419.0,125963.0,116481.0,118357.0,105004.0,111132.13333333333
2020-04-14,105963,106648.0,108641.0,100836.0,103586.0,104373.0,111690.0,115575.0,123622.0,127795.0,116481.0,105465.42857142857,110952.26666666666
2020-04-15,106648,107893.0,105963.0,108641.0,100836.0,105413.0,109617.0,116769.0,120106.0,125906.0,127795.0,105692.57142857143,110739.73333333334
2020-04-16,107893,109478.0,106648.0,105963.0,108641.0,106910.0,109109.0,112983.0,121029.0,120257.0,125906.0,105869.0,110095.9
2020-04-17,109478,106391.0,107893.0,106648.0,105963.0,108499.0,109396.0,109059.0,117898.0,126494.0,120257.0,106009.42857142857,109571.6
2020-04-18,106391,102400.0,109478.0,107893.0,106648.0,103586.0,103204.0,106277.0,108006.0,125896.0,126494.0,106149.28571428571,109217.33333333333
2020-04-19,102400,106144.0,106391.0,109478.0,107893.0,100836.0,101605.0,106911.0,110110.0,115263.0,125896.0,106550.0,108729.4
2020-04-20,106144,107374.0,102400.0,106391.0,109478.0,108641.0,105411.0,111212.0,122419.0,108480.0,115263.0,106773.42857142857,108212.8
2020-04-21,107374,109181.0,106144.0,102400.0,106391.0,105963.0,104373.0,111690.0,115575.0,123212.0,108480.0,106416.71428571429,108150.73333333334
2020-04-22,109181,109799.0,107374.0,106144.0,102400.0,106648.0,105413.0,109617.0,116769.0,125324.0,123212.0,106618.28571428571,108059.53333333334
2020-04-23,109799,110868.0,109181.0,107374.0,106144.0,107893.0,106910.0,109109.0,112983.0,125452.0,125324.0,106980.14285714286,107618.26666666666
2020-04-24,110868,101933.0,109799.0,109181.0,107374.0,109478.0,108499.0,109396.0,109059.0,121982.0,125452.0,107252.42857142857,107425.73333333334
2020-04-25,101933,104175.0,110868.0,109799.0,109181.0,106391.0,103586.0,103204.0,106277.0,123036.0,121982.0,107451.0,107229.03333333334
2020-04-26,104175,110360.0,101933.0,110868.0,109799.0,102400.0,100836.0,101605.0,106911.0,110330.0,123036.0,106814.14285714286,106860.7
2020-04-27,110360,106833.0,104175.0,101933.0,110868.0,106144.0,108641.0,105411.0,111212.0,109986.0,110330.0,107067.71428571429,106697.9
2020-04-28,106833,108896.0,110360.0,104175.0,101933.0,107374.0,105963.0,104373.0,111690.0,122788.0,109986.0,107670.0,106834.0
2020-04-29,108896,109556.0,106833.0,110360.0,104175.0,109181.0,106648.0,105413.0,109617.0,124142.0,122788.0,107592.71428571429,106831.4
2020-04-30,109556,107240.0,108896.0,106833.0,110360.0,109799.0,107893.0,106910.0,109109.0,124392.0,124142.0,107552.0,106754.2
2020-05-01,107240,101092.0,109556.0,108896.0,106833.0,110868.0,109478.0,108499.0,109396.0,125825.0,124392.0,107517.28571428571,106683.06666666667
2020-05-02,101092,101934.0,107240.0,109556.0,108896.0,101933.0,106391.0,103586.0,103204.0,124402.0,125825.0,106999.0,106603.83333333333
2020-05-03,101934,106922.0,101092.0,107240.0,109556.0,104175.0,102400.0,100836.0,101605.0,113412.0,124402.0,106878.85714285714,106336.6
2020-05-04,106922,104493.0,101934.0,101092.0,107240.0,110360.0,106144.0,108641.0,105411.0,112693.0,113412.0,106558.71428571429,106087.86666666667
2020-05-05,104493,106901.0,106922.0,101934.0,101092.0,106833.0,107374.0,105963.0,104373.0,124527.0,112693.0,106067.57142857143,106211.8
2020-05-06,106901,105000.0,104493.0,106922.0,101934.0,108896.0,109181.0,106648.0,105413.0,125335.0,124527.0,105733.28571428571,106308.06666666667
2020-05-07,105000,107045.0,106901.0,104493.0,106922.0,109556.0,109799.0,107893.0,106910.0,125344.0,125335.0,105448.28571428571,106357.73333333334
2020-05-08,107045,105448.0,105000.0,106901.0,104493.0,107240.0,110868.0,109478.0,108499.0,123486.0,125344.0,104797.42857142857,106378.63333333333
2020-05-09,105448,101273.0,107045.0,105000.0,106901.0,101092.0,101933.0,106391.0,103586.0,127630.0,123486.0,104769.57142857143,106433.03333333334
2020-05-10,101273,106548.0,105448.0,107045.0,105000.0,101934.0,104175.0,102400.0,100836.0,114199.0,127630.0,105391.85714285714,106384.3
2020-05-11,106548,106020.0,101273.0,105448.0,107045.0,106922.0,110360.0,106144.0,108641.0,112482.0,114199.0,105297.42857142857,106143.43333333333
2020-05-12,106020,105496.0,106548.0,101273.0,105448.0,104493.0,106833.0,107374.0,105963.0,127578.0,112482.0,105244.0,106242.16666666667
2020-05-13,105496,104813.0,106020.0,106548.0,101273.0,106901.0,108896.0,109181.0,106648.0,127299.0,127578.0,105462.14285714286,106414.96666666666
2020-05-14,104813,112782.0,105496.0,106020.0,106548.0,105000.0,109556.0,109799.0,107893.0,125446.0,127299.0,105261.42857142857,106310.13333333333
2020-05-15,112782,109350.0,104813.0,105496.0,106020.0,107045.0,107240.0,110868.0,109478.0,126102.0,125446.0,105234.71428571429,106271.8
2020-05-16,109350,101478.0,112782.0,104813.0,105496.0,105448.0,101092.0,101933.0,106391.0,131001.0,126102.0,106054.28571428571,106476.26666666666
2020-05-17,101478,106351.0,109350.0,112782.0,104813.0,101273.0,101934.0,104175.0,102400.0,115861.0,131001.0,106611.71428571429,106524.83333333333
2020-05-18,106351,104990.0,101478.0,109350.0,112782.0,106548.0,106922.0,110360.0,106144.0,118365.0,115861.0,106641.0,106258.16666666667
2020-05-19,104990,104160.0,106351.0,101478.0,109350.0,106020.0,104493.0,106833.0,107374.0,152580.0,118365.0,106612.85714285714,106256.83333333333
2020-05-20,104160,104754.0,104990.0,106351.0,101478.0,105496.0,106901.0,108896.0,109181.0,133705.0,152580.0,106465.71428571429,106343.16666666667
2020-05-21,104754,109076.0,104160.0,104990.0,106351.0,104813.0,105000.0,109556.0,109799.0,131494.0,133705.0,106274.85714285714,106277.03333333334
2020-05-22,109076,105665.0,104754.0,104160.0,104990.0,112782.0,107045.0,107240.0,110868.0,133209.0,131494.0,106266.42857142857,106189.7
2020-05-23,105665,98759.0,109076.0,104754.0,104160.0,109350.0,105448.0,101092.0,101933.0,135155.0,133209.0,105737.0,106186.2
2020-05-24,98759,102478.0,105665.0,109076.0,104754.0,101478.0,101273.0,101934.0,104175.0,115120.0,135155.0,105210.57142857143,106048.4
2020-05-25,102478,111744.0,98759.0,105665.0,109076.0,106351.0,106548.0,106922.0,110360.0,124725.0,115120.0,104822.14285714286,105644.76666666666
2020-05-26,111744,114887.0,102478.0,98759.0,105665.0,104990.0,106020.0,104493.0,106833.0,130806.0,124725.0,104268.85714285714,105662.93333333333
2020-05-27,114887,119979.0,111744.0,102478.0,98759.0,104160.0,105496.0,106901.0,108896.0,142568.0,130806.0,105233.71428571429,105915.23333333334
2020-05-28,119979,127358.0,114887.0,111744.0,102478.0,104754.0,104813.0,105000.0,109556.0,138576.0,142568.0,106766.14285714286,106066.13333333333
2020-05-29,127358,120443.0,119979.0,114887.0,111744.0,109076.0,112782.0,107045.0,107240.0,132614.0,138576.0,108941.14285714286,106504.33333333333
2020-05-30,120443,105733.0,127358.0,119979.0,114887.0,105665.0,109350.0,105448.0,101092.0,143687.0,132614.0,111552.85714285714,107119.73333333334
2020-05-31,105733,108395.0,120443.0,127358.0,119979.0,98759.0,101478.0,101273.0,101934.0,130607.0,143687.0,113664.0,107482.63333333333
2020-06-01,108395,111306.0,105733.0,120443.0,127358.0,102478.0,106351.0,106548.0,106922.0,132932.0,130607.0,114660.28571428571,107432.4
2020-06-02,111306,124072.0,108395.0,105733.0,120443.0,111744.0,104990.0,106020.0,104493.0,136132.0,132932.0,115505.57142857143,107675.83333333333
2020-06-03,124072,135911.0,111306.0,108395.0,105733.0,114887.0,104160.0,105496.0,106901.0,130630.0,136132.0,115443.0,107988.23333333334
2020-06-04,135911,138728.0,124072.0,111306.0,108395.0,119979.0,104754.0,104813.0,105000.0,145649.0,130630.0,116755.14285714286,108559.9
2020-06-05,138728,137443.0,135911.0,124072.0,111306.0,127358.0,109076.0,112782.0,107045.0,163065.0,145649.0,119031.14285714286,109607.16666666667
2020-06-06,137443,117827.0,138728.0,135911.0,124072.0,120443.0,105665.0,109350.0,105448.0,155590.0,163065.0,120655.42857142857,110668.06666666667
2020-06-07,117827,126037.0,137443.0,138728.0,135911.0,105733.0,98759.0,101478.0,101273.0,135629.0,155590.0,123084.0,111749.5
2020-06-08,126037,141241.0,117827.0,137443.0,138728.0,108395.0,102478.0,106351.0,106548.0,126640.0,135629.0,124811.71428571429,112108.9
2020-06-09,141241,151018.0,126037.0,117827.0,137443.0,111306.0,111744.0,104990.0,106020.0,139108.0,126640.0,127332.0,112795.2
2020-06-10,151018,149906.0,141241.0,126037.0,117827.0,124072.0,114887.0,104160.0,105496.0,142714.0,139108.0,131608.42857142858,114127.46666666666
2020-06-11,149906,146423.0,151018.0,141241.0,126037.0,135911.0,119979.0,104754.0,104813.0,138851.0,142714.0,135457.85714285713,115609.8
2020-06-12,146423,120480.0,149906.0,151018.0,141241.0,138728.0,127358.0,109076.0,112782.0,133742.0,138851.0,137457.14285714287,117072.66666666667
2020-06-13,120480,109258.0,146423.0,149906.0,151018.0,137443.0,120443.0,105665.0,109350.0,132404.0,133742.0,138556.42857142858,118436.9
2020-06-14,109258,121816.0,120480.0,146423.0,149906.0,117827.0,105733.0,98759.0,101478.0,126902.0,132404.0,136133.14285714287,118959.13333333333
2020-06-15,121816,124252.0,109258.0,120480.0,146423.0,126037.0,108395.0,102478.0,106351.0,136393.0,126902.0,134909.0,118841.66666666667
2020-06-16,124252,127685.0,121816.0,109258.0,120480.0,141241.0,111306.0,111744.0,104990.0,158268.0,136393.0,134306.0,119257.2
2020-06-17,127685,134290.0,124252.0,121816.0,109258.0,151018.0,124072.0,114887.0,104160.0,157077.0,158268.0,131879.0,120016.33333333333
2020-06-18,134290,140428.0,127685.0,124252.0,121816.0,149906.0,135911.0,119979.0,104754.0,150630.0,157077.0,128545.71428571429,120727.46666666666
2020-06-19,140428,139405.0,134290.0,127685.0,124252.0,146423.0,138728.0,127358.0,109076.0,156815.0,150630.0,126314.85714285714,121704.13333333333
2020-06-20,139405,143250.0,140428.0,134290.0,127685.0,120480.0,137443.0,120443.0,105665.0,152143.0,156815.0,125458.42857142857,122913.06666666667
2020-06-21,143250,169030.0,139405.0,140428.0,134290.0,109258.0,117827.0,105733.0,98759.0,132495.0,152143.0,128162.0,124068.1
2020-06-22,169030,171255.0,143250.0,139405.0,140428.0,121816.0,126037.0,108395.0,102478.0,137106.0,132495.0,133018.0,125207.23333333334
2020-06-23,171255,167586.0,169030.0,143250.0,139405.0,124252.0,141241.0,111306.0,111744.0,166482.0,137106.0,139762.85714285713,127319.4
2020-06-24,167586,157504.0,171255.0,169030.0,143250.0,127685.0,151018.0,124072.0,114887.0,178863.0,166482.0,146477.57142857142,129735.93333333333
2020-06-25,157504,157836.0,167586.0,171255.0,169030.0,134290.0,149906.0,135911.0,119979.0,184472.0,178863.0,152177.7142857143,131906.2
2020-06-26,157836,147406.0,157504.0,167586.0,171255.0,140428.0,146423.0,138728.0,127358.0,190510.0,184472.0,155494.0,133431.53333333333
2020-06-27,147406,156108.0,157836.0,157504.0,167586.0,139405.0,120480.0,137443.0,120443.0,190202.0,190510.0,157980.85714285713,134863.16666666666
2020-06-28,156108,166276.0,147406.0,157836.0,157504.0,143250.0,109258.0,117827.0,105733.0,179742.0,190202.0,159123.85714285713,135777.4
2020-06-29,166276,154125.0,156108.0,147406.0,157836.0,169030.0,121816.0,126037.0,108395.0,161779.0,179742.0,160960.7142857143,136735.73333333334
2020-06-30,154125,152004.0,166276.0,156108.0,147406.0,171255.0,124252.0,141241.0,111306.0,172828.0,161779.0,160567.2857142857,138263.5
2020-07-01,152004,163768.0,154125.0,166276.0,156108.0,167586.0,127685.0,151018.0,124072.0,184540.0,172828.0,158120.14285714287,139876.56666666668
2020-07-02,163768,166411.0,152004.0,154125.0,166276.0,157504.0,134290.0,149906.0,135911.0,191174.0,184540.0,155894.14285714287,141330.2
2020-07-03,166411,145710.0,163768.0,152004.0,154125.0,157836.0,140428.0,146423.0,138728.0,173293.0,191174.0,156789.0,143078.93333333332
2020-07-04,145710,155847.0,166411.0,163768.0,152004.0,147406.0,139405.0,120480.0,137443.0,184981.0,173293.0,158014.0,144490.23333333334
2020-07-05,155847,176113.0,145710.0,166411.0,163768.0,156108.0,143250.0,109258.0,117827.0,181680.0,184981.0,157771.7142857143,144816.86666666667
2020-07-06,176113,167938.0,155847.0,145710.0,166411.0,166276.0,169030.0,121816.0,126037.0,169715.0,181680.0,157734.42857142858,145387.5
2020-07-07,167938,175949.0,176113.0,155847.0,145710.0,154125.0,171255.0,124252.0,141241.0,172271.0,169715.0,159139.7142857143,146676.5
2020-07-08,175949,180313.0,167938.0,176113.0,155847.0,152004.0,167586.0,127685.0,151018.0,182587.0,172271.0,161113.0,148346.86666666667
2020-07-09,180313,168873.0,175949.0,167938.0,176113.0,163768.0,157504.0,134290.0,149906.0,195836.0,182587.0,164533.7142857143,150010.6
2020-07-10,168873,161294.0,180313.0,175949.0,167938.0,166411.0,157836.0,140428.0,146423.0,192374.0,195836.0,166897.2857142857,151313.0
2020-07-11,161294,157805.0,168873.0,180313.0,175949.0,145710.0,147406.0,139405.0,120480.0,189586.0,192374.0,167249.0,151908.16666666666
2020-07-12,157805,176295.0,161294.0,168873.0,180313.0,155847.0,156108.0,143250.0,109258.0,168975.0,189586.0,169475.2857142857,152287.76666666666
2020-07-13,176295,170243.0,157805.0,161294.0,168873.0,176113.0,166276.0,169030.0,121816.0,177278.0,168975.0,169755.0,152667.16666666666
2020-07-14,170243,164706.0,176295.0,157805.0,161294.0,167938.0,154125.0,171255.0,124252.0,189142.0,177278.0,169781.0,154527.66666666666
2020-07-15,164706,153193.0,170243.0,176295.0,157805.0,175949.0,152004.0,167586.0,127685.0,200849.0,189142.0,170110.2857142857,156560.5
2020-07-16,153193,159279.0,164706.0,170243.0,176295.0,180313.0,163768.0,157504.0,134290.0,219115.0,200849.0,168504.14285714287,157990.16666666666
2020-07-17,159279,164104.0,153193.0,164706.0,170243.0,168873.0,166411.0,157836.0,140428.0,198383.0,219115.0,164629.85714285713,158954.86666666667
2020-07-18,164104,177705.0,159279.0,153193.0,164706.0,161294.0,145710.0,147406.0,139405.0,201920.0,198383.0,163259.2857142857,160008.0
2020-07-19,177705,206726.0,164104.0,159279.0,153193.0,157805.0,155847.0,156108.0,143250.0,214771.0,201920.0,163660.7142857143,161001.8
2020-07-20,206726,197281.0,177705.0,164104.0,159279.0,176295.0,176113.0,166276.0,169030.0,220298.0,214771.0,166503.57142857142,162244.36666666667
2020-07-21,197281,199626.0,206726.0,177705.0,164104.0,170243.0,167938.0,154125.0,171255.0,218830.0,220298.0,170850.85714285713,164488.4
2020-07-22,199626,189744.0,197281.0,206726.0,177705.0,164706.0,175949.0,152004.0,167586.0,178801.0,218830.0,174713.42857142858,166289.43333333332
2020-07-23,189744,174543.0,199626.0,197281.0,206726.0,153193.0,180313.0,163768.0,157504.0,174985.0,178801.0,179702.0,167309.3
2020-07-24,174543,168864.0,189744.0,199626.0,197281.0,159279.0,168873.0,166411.0,157836.0,177454.0,174985.0,184923.57142857142,167925.6
2020-07-25,168864,178655.0,174543.0,189744.0,199626.0,164104.0,161294.0,145710.0,147406.0,180046.0,177454.0,187104.14285714287,168157.5
2020-07-26,178655,201034.0,168864.0,174543.0,189744.0,177705.0,157805.0,155847.0,156108.0,169518.0,180046.0,187784.14285714287,168536.16666666666
2020-07-27,201034,208612.0,178655.0,168864.0,174543.0,206726.0,176295.0,176113.0,166276.0,177709.0,169518.0,187919.85714285713,169230.13333333333
2020-07-28,208612,200098.0,201034.0,178655.0,168864.0,197281.0,170243.0,167938.0,154125.0,208617.0,177709.0,187106.7142857143,171017.73333333334
2020-07-29,200098,196658.0,208612.0,201034.0,178655.0,199626.0,164706.0,175949.0,152004.0,217177.0,208617.0,188725.42857142858,172767.86666666667
2020-07-30,196658,174916.0,200098.0,208612.0,201034.0,189744.0,153193.0,180313.0,163768.0,200904.0,217177.0,188792.85714285713,173895.26666666666
2020-07-31,174916,166262.0,196658.0,200098.0,208612.0,174543.0,159279.0,168873.0,166411.0,189107.0,200904.0,189780.57142857142,175313.03333333333
2020-08-01,166262,178006.0,174916.0,196658.0,200098.0,168864.0,164104.0,161294.0,145710.0,185439.0,189107.0,189833.85714285713,176076.76666666666
2020-08-02,178006,192243.0,166262.0,174916.0,196658.0,178655.0,177705.0,157805.0,155847.0,175506.0,185439.0,189462.14285714287,176159.9
2020-08-03,192243,173030.0,178006.0,166262.0,174916.0,201034.0,206726.0,176295.0,176113.0,171092.0,175506.0,189369.42857142858,176546.4
2020-08-04,173030,175850.0,192243.0,178006.0,166262.0,208612.0,197281.0,170243.0,167938.0,180987.0,171092.0,188113.57142857142,178097.5
2020-08-05,175850,165168.0,173030.0,192243.0,178006.0,200098.0,199626.0,164706.0,175949.0,183041.0,180987.0,183030.42857142858,178670.26666666666
2020-08-06,165168,156931.0,175850.0,173030.0,192243.0,196658.0,189744.0,153193.0,180313.0,184904.0,183041.0,179566.42857142858,178661.5
2020-08-07,156931,149407.0,165168.0,175850.0,173030.0,174916.0,174543.0,159279.0,168873.0,180273.0,184904.0,175067.85714285713,178569.16666666666
2020-08-08,149407,158993.0,156931.0,165168.0,175850.0,166262.0,168864.0,164104.0,161294.0,173232.0,180273.0,172498.57142857142,177935.23333333334
2020-08-09,158993,192624.0,149407.0,156931.0,165168.0,178006.0,178655.0,177705.0,157805.0,150390.0,173232.0,170090.7142857143,176905.03333333333
2020-08-10,192624,196654.0,158993.0,149407.0,156931.0,192243.0,201034.0,206726.0,176295.0,143910.0,150390.0,167374.57142857142,176575.7
2020-08-11,196654,194976.0,192624.0,158993.0,149407.0,173030.0,208612.0,197281.0,170243.0,173637.0,143910.0,167429.0,177620.03333333333
2020-08-12,194976,176561.0,196654.0,192624.0,158993.0,175850.0,200098.0,199626.0,164706.0,180280.0,173637.0,170803.85714285713,178915.0
2020-08-13,176561,173737.0,194976.0,196654.0,192624.0,165168.0,196658.0,189744.0,153193.0,180655.0,180280.0,173536.14285714287,179537.7
2020-08-14,173737,149644.0,176561.0,194976.0,196654.0,156931.0,174916.0,174543.0,159279.0,176305.0,180655.0,175163.7142857143,179748.3
2020-08-15,149644,132458.0,173737.0,176561.0,194976.0,149407.0,166262.0,168864.0,164104.0,171237.0,176305.0,177564.57142857142,180049.33333333334
2020-08-16,132458,146349.0,149644.0,173737.0,176561.0,158993.0,178006.0,178655.0,177705.0,170360.0,171237.0,177598.42857142858,179931.03333333333
2020-08-17,146349,151335.0,132458.0,149644.0,173737.0,192624.0,192243.0,201034.0,206726.0,179439.0,170360.0,173807.7142857143,179037.0
2020-08-18,151335,148208.0,146349.0,132458.0,149644.0,196654.0,173030.0,208612.0,197281.0,198538.0,179439.0,167197.0,178445.16666666666
2020-08-19,148208,143655.0,151335.0,146349.0,132458.0,194976.0,175850.0,200098.0,199626.0,195864.0,198538.0,160722.85714285713,177566.16666666666
2020-08-20,143655,155925.0,148208.0,151335.0,146349.0,176561.0,165168.0,196658.0,189744.0,202881.0,195864.0,154041.7142857143,175615.56666666668
2020-08-21,155925,159428.0,143655.0,148208.0,151335.0,173737.0,156931.0,174916.0,174543.0,201112.0,202881.0,149340.85714285713,173828.03333333333
2020-08-22,159428,161737.0,155925.0,143655.0,148208.0,149644.0,149407.0,166262.0,168864.0,166673.0,201112.0,146796.2857142857,172371.33333333334
2020-08-23,161737,187477.0,159428.0,155925.0,143655.0,132458.0,158993.0,178006.0,178655.0,137008.0,166673.0,148194.0,171360.8
2020-08-24,187477,186000.0,161737.0,159428.0,155925.0,146349.0,192624.0,192243.0,201034.0,131680.0,137008.0,152376.7142857143,170933.93333333332
2020-08-25,186000,152877.0,187477.0,161737.0,159428.0,151335.0,196654.0,173030.0,208612.0,142416.0,131680.0,158252.14285714287,171554.36666666667
2020-08-26,152877,169235.0,186000.0,187477.0,161737.0,148208.0,194976.0,175850.0,200098.0,144355.0,142416.0,163204.2857142857,171799.2
2020-08-27,169235,169728.0,152877.0,186000.0,187477.0,143655.0,176561.0,165168.0,196658.0,154019.0,144355.0,163871.2857142857,170193.96666666667
2020-08-28,169728,157366.0,169235.0,152877.0,186000.0,155925.0,173737.0,156931.0,174916.0,155919.0,154019.0,167525.57142857142,168881.4
2020-08-29,157366,136586.0,169728.0,169235.0,152877.0,159428.0,149644.0,149407.0,166262.0,162992.0,155919.0,169497.42857142858,167869.06666666668
2020-08-30,136586,142345.0,157366.0,169728.0,169235.0,161737.0,132458.0,158993.0,178006.0,147902.0,162992.0,169202.85714285713,166559.33333333334
2020-08-31,142345,148628.0,136586.0,157366.0,169728.0,187477.0,146349.0,192624.0,192243.0,135953.0,147902.0,165609.85714285713,165281.66666666666
2020-09-01,148628,159644.0,142345.0,136586.0,157366.0,186000.0,151335.0,196654.0,173030.0,145653.0,135953.0,159162.42857142858,164484.43333333332
2020-09-02,159644,165090.0,148628.0,142345.0,136586.0,152877.0,148208.0,194976.0,175850.0,165032.0,145653.0,153823.57142857142,163505.16666666666
2020-09-03,165090,164625.0,159644.0,148628.0,142345.0,169235.0,143655.0,176561.0,165168.0,178071.0,165032.0,154790.2857142857,162418.53333333333
2020-09-04,164625,135671.0,165090.0,159644.0,148628.0,169728.0,155925.0,173737.0,156931.0,156467.0,178071.0,154198.14285714287,162153.86666666667
2020-09-05,135671,134051.0,164625.0,165090.0,159644.0,157366.0,159428.0,149644.0,149407.0,141617.0,156467.0,153469.14285714287,161779.7
2020-09-06,134051,139862.0,135671.0,164625.0,165090.0,136586.0,161737.0,132458.0,158993.0,123258.0,141617.0,150369.85714285713,160796.46666666667
2020-09-07,139862,160943.0,134051.0,135671.0,164625.0,142345.0,187477.0,146349.0,192624.0,128175.0,123258.0,150007.7142857143,160033.8
2020-09-08,160943,163131.0,139862.0,134051.0,135671.0,148628.0,186000.0,151335.0,196654.0,150285.0,128175.0,149653.0,159715.63333333333
2020-09-09,163131,173525.0,160943.0,139862.0,134051.0,159644.0,152877.0,148208.0,194976.0,156309.0,150285.0,151412.2857142857,159780.63333333333
2020-09-10,173525,156396.0,163131.0,160943.0,139862.0,165090.0,169235.0,143655.0,176561.0,175087.0,156309.0,151910.42857142858,158797.53333333333
2020-09-11,156396,123692.0,173525.0,163131.0,160943.0,164625.0,169728.0,155925.0,173737.0,175320.0,175087.0,153115.42857142858,158026.56666666668
2020-09-12,123692,125168.0,156396.0,173525.0,163131.0,135671.0,157366.0,159428.0,149644.0,140284.0,175320.0,151939.85714285713,156740.56666666668
2020-09-13,125168,140333.0,123692.0,156396.0,173525.0,134051.0,136586.0,161737.0,132458.0,131628.0,140284.0,150228.57142857142,154978.26666666666
2020-09-14,140333,120318.0,125168.0,123692.0,156396.0,139862.0,142345.0,187477.0,146349.0,142795.0,131628.0,148959.57142857142,153359.3
2020-09-15,120318,122745.0,140333.0,125168.0,123692.0,160943.0,148628.0,186000.0,151335.0,158631.0,142795.0,149026.85714285713,153048.93333333332
2020-09-16,122745,132433.0,120318.0,140333.0,125168.0,163131.0,159644.0,152877.0,148208.0,146321.0,158631.0,143223.2857142857,152644.26666666666
2020-09-17,132433,126466.0,122745.0,120318.0,140333.0,173525.0,165090.0,169235.0,143655.0,137217.0,146321.0,137453.85714285713,151857.46666666667
2020-09-18,126466,104631.0,132433.0,122745.0,120318.0,156396.0,164625.0,169728.0,155925.0,129578.0,137217.0,131583.57142857142,151227.4
2020-09-19,104631,102087.0,126466.0,132433.0,122745.0,123692.0,135671.0,157366.0,159428.0,134240.0,129578.0,127307.85714285714,150502.66666666666
2020-09-20,102087,113299.0,104631.0,126466.0,132433.0,125168.0,134051.0,136586.0,161737.0,132112.0,134240.0,124584.85714285714,149201.86666666667
2020-09-21,113299,115339.0,102087.0,104631.0,126466.0,140333.0,139862.0,142345.0,187477.0,144358.0,132112.0,121287.57142857143,147407.26666666666
2020-09-22,115339,122567.0,113299.0,102087.0,104631.0,120318.0,160943.0,148628.0,186000.0,177502.0,144358.0,117425.57142857143,145869.63333333333
2020-09-23,122567,126418.0,115339.0,113299.0,102087.0,122745.0,163131.0,159644.0,152877.0,158095.0,177502.0,116714.28571428571,144323.03333333333
2020-09-24,126418,130336.0,122567.0,115339.0,113299.0,132433.0,173525.0,165090.0,169235.0,147724.0,158095.0,116688.85714285714,142159.36666666667
2020-09-25,130336,121738.0,126418.0,122567.0,115339.0,126466.0,156396.0,164625.0,169728.0,152827.0,147724.0,115829.57142857143,140173.3
2020-09-26,121738,128592.0,130336.0,126418.0,122567.0,104631.0,123692.0,135671.0,157366.0,142426.0,152827.0,116382.42857142857,139421.93333333332
2020-09-27,128592,143996.0,121738.0,130336.0,126418.0,102087.0,125168.0,134051.0,136586.0,140615.0,142426.0,118826.28571428571,137838.7
2020-09-28,143996,144392.0,128592.0,121738.0,130336.0,113299.0,140333.0,139862.0,142345.0,141173.0,140615.0,122612.71428571429,136467.5
2020-09-29,144392,130746.0,143996.0,128592.0,121738.0,115339.0,120318.0,160943.0,148628.0,138386.0,141173.0,126998.0,136021.83333333334
2020-09-30,130746,124448.0,144392.0,143996.0,128592.0,122567.0,122745.0,163131.0,159644.0,149338.0,138386.0,131148.42857142858,136282.03333333333
2020-10-01,124448,119364.0,130746.0,144392.0,143996.0,126418.0,132433.0,173525.0,165090.0,175819.0,149338.0,132316.85714285713,135895.4
2020-10-02,119364,106734.0,124448.0,130746.0,144392.0,130336.0,126466.0,156396.0,164625.0,136374.0,175819.0,132035.42857142858,135089.4
2020-10-03,106734,105318.0,119364.0,124448.0,130746.0,121738.0,104631.0,123692.0,135671.0,127648.0,136374.0,130468.0,133746.73333333334
2020-10-04,105318,117408.0,106734.0,119364.0,124448.0,128592.0,102087.0,125168.0,134051.0,111215.0,127648.0,128324.57142857143,131801.53333333333
2020-10-05,117408,118881.0,105318.0,106734.0,119364.0,143996.0,113299.0,140333.0,139862.0,115438.0,111215.0,124999.71428571429,129824.63333333333
2020-10-06,118881,121276.0,117408.0,105318.0,106734.0,144392.0,115339.0,120318.0,160943.0,140154.0,115438.0,121201.42857142857,129215.86666666667
2020-10-07,121276,115797.0,118881.0,117408.0,105318.0,130746.0,122567.0,122745.0,163131.0,128499.0,140154.0,117557.0,128710.2
2020-10-08,115797,115621.0,121276.0,118881.0,117408.0,124448.0,126418.0,132433.0,173525.0,124031.0,128499.0,116204.14285714286,128090.66666666667
2020-10-09,115621,109591.0,115797.0,121276.0,118881.0,119364.0,130336.0,126466.0,156396.0,124796.0,124031.0,114968.28571428571,126585.8
2020-10-10,109591,109203.0,115621.0,115797.0,121276.0,106734.0,121738.0,104631.0,123692.0,123347.0,124796.0,114433.57142857143,125002.13333333333
2020-10-11,109203,115034.0,109591.0,115621.0,115797.0,105318.0,128592.0,102087.0,125168.0,112699.0,123347.0,114841.71428571429,122871.0
2020-10-12,115034,117329.0,109203.0,109591.0,115621.0,117408.0,143996.0,113299.0,140333.0,111027.0,112699.0,115396.71428571429,121297.9
2020-10-13,117329,116042.0,115034.0,109203.0,109591.0,118881.0,144392.0,115339.0,120318.0,124046.0,111027.0,115057.57142857143,121009.3
2020-10-14,116042,118942.0,117329.0,115034.0,109203.0,121276.0,130746.0,122567.0,122745.0,124453.0,124046.0,114835.85714285714,120748.0
2020-10-15,118942,119472.0,116042.0,117329.0,115034.0,115797.0,124448.0,126418.0,132433.0,127824.0,124453.0,114088.14285714286,119938.3
2020-10-16,119472,106085.0,118942.0,116042.0,117329.0,115621.0,119364.0,130336.0,126466.0,124308.0,127824.0,114537.42857142857,119892.43333333333
2020-10-17,106085,104650.0,119472.0,118942.0,116042.0,109591.0,106734.0,121738.0,104631.0,123510.0,124308.0,115087.57142857143,119783.33333333333
2020-10-18,104650,116323.0,106085.0,119472.0,118942.0,109203.0,105318.0,128592.0,102087.0,112395.0,123510.0,114586.71428571429,118905.06666666667
2020-10-19,116323,120125.0,104650.0,106085.0,119472.0,115034.0,117408.0,143996.0,113299.0,112976.0,112395.0,113936.28571428571,118177.86666666667
2020-10-20,120125,122147.0,116323.0,104650.0,106085.0,117329.0,118881.0,144392.0,115339.0,125350.0,112976.0,114120.42857142857,118567.6
2020-10-21,122147,125364.0,120125.0,116323.0,104650.0,116042.0,121276.0,130746.0,122567.0,127288.0,125350.0,114519.85714285714,119168.86666666667
2020-10-22,125364,123335.0,122147.0,120125.0,116323.0,118942.0,115797.0,124448.0,126418.0,126354.0,127288.0,115392.0,119463.8
2020-10-23,123335,110835.0,125364.0,122147.0,120125.0,119472.0,115621.0,119364.0,130336.0,125188.0,126354.0,116309.42857142857,119797.96666666666
2020-10-24,110835,105630.0,123335.0,125364.0,122147.0,106085.0,109591.0,106734.0,121738.0,125217.0,125188.0,116861.28571428571,119823.56666666667
2020-10-25,105630,118637.0,110835.0,123335.0,125364.0,104650.0,109203.0,105318.0,128592.0,113463.0,125217.0,117539.85714285714,119304.13333333333
2020-10-26,118637,117580.0,105630.0,110835.0,123335.0,116323.0,115034.0,117408.0,143996.0,115405.0,113463.0,117679.85714285714,118480.6
2020-10-27,117580,118593.0,118637.0,105630.0,110835.0,120125.0,117329.0,118881.0,144392.0,125913.0,115405.0,118010.42857142857,118377.23333333334
2020-10-28,118593,120202.0,117580.0,118637.0,105630.0,122147.0,116042.0,121276.0,130746.0,126989.0,125913.0,117646.85714285714,118010.16666666667
2020-10-29,120202,122224.0,118593.0,117580.0,118637.0,125364.0,118942.0,115797.0,124448.0,129033.0,126989.0,117139.14285714286,117163.4
2020-10-30,122224,112805.0,120202.0,118593.0,117580.0,123335.0,119472.0,115621.0,119364.0,133604.0,129033.0,116401.71428571429,116357.06666666667
2020-10-31,112805,114855.0,122224.0,120202.0,118593.0,110835.0,106085.0,109591.0,106734.0,125014.0,133604.0,116243.0,116073.0
2020-11-01,114855,123419.0,112805.0,122224.0,120202.0,105630.0,104650.0,109203.0,105318.0,114591.0,125014.0,116524.42857142857,115684.9
2020-11-02,123419,122065.0,114855.0,112805.0,122224.0,118637.0,116323.0,115034.0,117408.0,117766.0,114591.0,117842.28571428571,115534.6
2020-11-03,122065,120534.0,123419.0,114855.0,112805.0,117580.0,120125.0,117329.0,118881.0,127118.0,117766.0,118525.42857142857,116090.76666666666
2020-11-04,120534,118616.0,122065.0,123419.0,114855.0,118593.0,122147.0,116042.0,121276.0,127372.0,127118.0,119166.14285714286,116649.0
2020-11-05,118616,117652.0,120534.0,122065.0,123419.0,120202.0,125364.0,118942.0,115797.0,127199.0,127372.0,119443.42857142857,116753.2
2020-11-06,117652,108576.0,118616.0,120534.0,122065.0,122224.0,123335.0,119472.0,115621.0,128255.0,127199.0,119216.85714285714,116744.36666666667
2020-11-07,108576,107166.0,117652.0,118616.0,120534.0,112805.0,110835.0,106085.0,109591.0,131662.0,128255.0,118563.71428571429,116623.56666666667
2020-11-08,107166,119150.0,108576.0,117652.0,118616.0,114855.0,105630.0,104650.0,109203.0,123213.0,131662.0,117959.57142857143,116382.86666666667
2020-11-09,119150,121202.0,107166.0,108576.0,117652.0,123419.0,118637.0,116323.0,115034.0,118125.0,123213.0,116861.14285714286,116101.03333333334
2020-11-10,121202,122832.0,119150.0,107166.0,108576.0,122065.0,117580.0,120125.0,117329.0,126543.0,118125.0,116251.28571428571,116419.66666666667
2020-11-11,122832,121526.0,121202.0,119150.0,107166.0,120534.0,118593.0,122147.0,116042.0,133748.0,126543.0,116128.0,116819.63333333333
2020-11-12,121526,119467.0,122832.0,121202.0,119150.0,118616.0,120202.0,125364.0,118942.0,142020.0,133748.0,116456.28571428571,117079.56666666667
2020-11-13,119467,109822.0,121526.0,122832.0,121202.0,117652.0,122224.0,123335.0,119472.0,138742.0,142020.0,116872.0,117219.46666666666
2020-11-14,109822,109321.0,119467.0,121526.0,122832.0,108576.0,112805.0,110835.0,106085.0,133823.0,138742.0,117131.28571428571,117333.63333333333
2020-11-15,109321,118680.0,109822.0,119467.0,121526.0,107166.0,114855.0,105630.0,104650.0,125179.0,133823.0,117309.28571428571,117029.63333333333
2020-11-16,118680,122273.0,109321.0,109822.0,119467.0,119150.0,123419.0,118637.0,116323.0,125216.0,125179.0,117617.14285714286,116691.26666666666
2020-11-17,122273,128163.0,118680.0,109321.0,109822.0,121202.0,122065.0,117580.0,120125.0,136383.0,125216.0,117550.0,117111.1
2020-11-18,128163,126776.0,122273.0,118680.0,109321.0,122832.0,120534.0,118593.0,122147.0,133618.0,136383.0,117703.0,117698.53333333334
2020-11-19,126776,120227.0,128163.0,122273.0,118680.0,121526.0,118616.0,120202.0,125364.0,134216.0,133618.0,118464.57142857143,118093.2
2020-11-20,120227,108928.0,126776.0,128163.0,122273.0,119467.0,117652.0,122224.0,123335.0,132941.0,134216.0,119214.57142857143,118314.9
2020-11-21,108928,109824.0,120227.0,126776.0,128163.0,109822.0,108576.0,112805.0,110835.0,132644.0,132941.0,119323.14285714286,118250.9
2020-11-22,109824,119483.0,108928.0,120227.0,126776.0,109321.0,107166.0,114855.0,105630.0,122927.0,132644.0,119195.42857142857,117703.03333333334
2020-11-23,119483,121288.0,109824.0,108928.0,120227.0,118680.0,119150.0,123419.0,118637.0,122128.0,122927.0,119267.28571428571,117252.66666666667
2020-11-24,121288,119281.0,119483.0,109824.0,108928.0,122273.0,121202.0,122065.0,117580.0,132542.0,122128.0,119382.0,117540.93333333333
2020-11-25,119281,109892.0,121288.0,119483.0,109824.0,128163.0,122832.0,120534.0,118593.0,130426.0,132542.0,119241.28571428571,118062.86666666667
2020-11-26,109892,112019.0,119281.0,121288.0,119483.0,126776.0,121526.0,118616.0,120202.0,128403.0,130426.0,117972.42857142857,118084.33333333333
2020-11-27,112019,108414.0,109892.0,119281.0,121288.0,120227.0,119467.0,117652.0,122224.0,115759.0,128403.0,115560.42857142857,117828.06666666667
2020-11-28,108414,108279.0,112019.0,109892.0,119281.0,108928.0,109822.0,108576.0,112805.0,126365.0,115759.0,114387.85714285714,117608.93333333333
2020-11-29,108279,121164.0,108414.0,112019.0,109892.0,109824.0,109321.0,107166.0,114855.0,122415.0,126365.0,114314.42857142857,117216.0
2020-11-30,121164,120096.0,108279.0,108414.0,112019.0,119483.0,118680.0,119150.0,123419.0,127480.0,122415.0,114093.71428571429,116751.16666666667
2020-12-01,120096,125808.0,121164.0,108279.0,108414.0,121288.0,122273.0,121202.0,122065.0,141752.0,127480.0,114333.85714285714,117029.8
2020-12-02,125808,125099.0,120096.0,121164.0,108279.0,119281.0,128163.0,122832.0,120534.0,142575.0,141752.0,114163.57142857143,117204.5
2020-12-03,125099,123623.0,125808.0,120096.0,121164.0,109892.0,126776.0,121526.0,118616.0,141162.0,142575.0,115096.0,117284.13333333333
2020-12-04,123623,116918.0,125099.0,125808.0,120096.0,112019.0,120227.0,119467.0,117652.0,139469.0,141162.0,117268.42857142857,117385.26666666666
2020-12-05,116918,117329.0,123623.0,125099.0,125808.0,108414.0,108928.0,109822.0,108576.0,138082.0,139469.0,118926.14285714286,117488.23333333334
2020-12-06,117329,129894.0,116918.0,123623.0,125099.0,108279.0,109824.0,109321.0,107166.0,129152.0,138082.0,120141.0,117431.63333333333
2020-12-07,129894,133566.0,117329.0,116918.0,123623.0,121164.0,119483.0,118680.0,119150.0,127945.0,129152.0,121433.85714285714,117420.86666666667
2020-12-08,133566,133914.0,129894.0,117329.0,116918.0,120096.0,121288.0,122273.0,121202.0,136920.0,127945.0,122681.0,118131.46666666666
2020-12-09,133914,128387.0,133566.0,129894.0,117329.0,125808.0,119281.0,128163.0,122832.0,133868.0,136920.0,124605.28571428571,119011.46666666666
2020-12-10,128387,125083.0,133914.0,133566.0,129894.0,125099.0,109892.0,126776.0,121526.0,140390.0,133868.0,125763.28571428571,119503.6
2020-12-11,125083,115626.0,128387.0,133914.0,133566.0,123623.0,112019.0,120227.0,119467.0,143877.0,140390.0,126233.0,119743.1
2020-12-12,115626,111408.0,125083.0,128387.0,133914.0,116918.0,108414.0,108928.0,109822.0,140211.0,143877.0,126441.57142857143,119818.13333333333
2020-12-13,111408,127287.0,115626.0,125083.0,128387.0,117329.0,108279.0,109824.0,109321.0,126146.0,140211.0,126257.0,119621.46666666666
2020-12-14,127287,131009.0,111408.0,115626.0,125083.0,129894.0,121164.0,119483.0,118680.0,124792.0,126146.0,125411.14285714286,119352.83333333333
2020-12-15,131009,137711.0,127287.0,111408.0,115626.0,133566.0,120096.0,121288.0,122273.0,142334.0,124792.0,125038.71428571429,119935.0
2020-12-16,137711,137467.0,131009.0,127287.0,111408.0,133914.0,125808.0,119281.0,128163.0,145643.0,142334.0,124673.42857142857,120657.93333333333
2020-12-17,137467,139444.0,137711.0,131009.0,127287.0,128387.0,125099.0,109892.0,126776.0,146073.0,145643.0,125215.85714285714,121292.3
2020-12-18,139444,130836.0,137467.0,137711.0,131009.0,125083.0,123623.0,112019.0,120227.0,155134.0,146073.0,126513.0,121798.76666666666
2020-12-19,130836,125645.0,139444.0,137467.0,137711.0,115626.0,116918.0,108414.0,108928.0,150697.0,155134.0,128564.57142857143,122174.8
2020-12-20,125645,130958.0,130836.0,139444.0,137467.0,111408.0,117329.0,108279.0,109824.0,137208.0,150697.0,130737.42857142857,122310.13333333333
2020-12-21,130958,129218.0,125645.0,130836.0,139444.0,127287.0,129894.0,121164.0,119483.0,128731.0,137208.0,132771.2857142857,122490.73333333334
2020-12-22,129218,128292.0,130958.0,125645.0,130836.0,131009.0,133566.0,120096.0,121288.0,134395.0,128731.0,133295.7142857143,123225.06666666667
2020-12-23,128292,121602.0,129218.0,130958.0,125645.0,137711.0,133914.0,125808.0,119281.0,129477.0,134395.0,133039.85714285713,123871.53333333334
2020-12-24,121602,113711.0,128292.0,129218.0,130958.0,137467.0,128387.0,125099.0,109892.0,119684.0,129477.0,131694.2857142857,124165.16666666667
2020-12-25,113711,123588.0,121602.0,128292.0,129218.0,139444.0,125083.0,123623.0,112019.0,131981.0,119684.0,129427.85714285714,124175.63333333333
2020-12-26,123588,122776.0,113711.0,121602.0,128292.0,130836.0,115626.0,116918.0,108414.0,129502.0,131981.0,125751.71428571429,123989.96666666666
2020-12-27,122776,126574.0,123588.0,113711.0,121602.0,125645.0,111408.0,117329.0,108279.0,119817.0,129502.0,124716.28571428571,124446.5
2020-12-28,126574,128663.0,122776.0,123588.0,113711.0,130958.0,127287.0,129894.0,121164.0,120531.0,119817.0,124306.42857142857,124805.06666666667
2020-12-29,128663,130838.0,126574.0,122776.0,123588.0,129218.0,131009.0,133566.0,120096.0,134843.0,120531.0,123680.14285714286,125410.4
2020-12-30,130838,125533.0,128663.0,126574.0,122776.0,128292.0,137711.0,133914.0,125808.0,131905.0,134843.0,123600.85714285714,126089.86666666667
2020-12-31,125533,119140.0,130838.0,128663.0,126574.0,121602.0,137467.0,128387.0,125099.0,124168.0,131905.0,123964.57142857143,126412.33333333333
2021-01-01,119140,117017.0,125533.0,130838.0,128663.0,113711.0,139444.0,125083.0,123623.0,135759.0,124168.0,124526.14285714286,126593.56666666667
2021-01-02,117017,120616.0,119140.0,125533.0,130838.0,123588.0,130836.0,115626.0,116918.0,133483.0,135759.0,125301.71428571429,126371.3
2021-01-03,120616,128719.0,117017.0,119140.0,125533.0,122776.0,125645.0,111408.0,117329.0,122924.0,133483.0,124363.0,126101.9
2021-01-04,128719,128968.0,120616.0,117017.0,119140.0,126574.0,130958.0,127287.0,129894.0,123997.0,122924.0,124054.42857142857,126001.66666666667
2021-01-05,128968,129542.0,128719.0,120616.0,117017.0,128663.0,129218.0,131009.0,133566.0,138154.0,123997.0,124360.85714285714,126395.03333333334
2021-01-06,129542,130964.0,128968.0,128719.0,120616.0,130838.0,128292.0,137711.0,133914.0,136907.0,138154.0,124404.42857142857,126783.0
2021-01-07,130964,132855.0,129542.0,128968.0,128719.0,125533.0,121602.0,137467.0,128387.0,140076.0,136907.0,124219.28571428571,126771.26666666666
2021-01-08,132855,125392.0,130964.0,129542.0,128968.0,119140.0,113711.0,139444.0,125083.0,144582.0,140076.0,124995.14285714286,126684.53333333334
2021-01-09,125392,121856.0,132855.0,130964.0,129542.0,117017.0,123588.0,130836.0,115626.0,137402.0,144582.0,126954.42857142857,126649.23333333334
2021-01-10,121856,133886.0,125392.0,132855.0,130964.0,120616.0,122776.0,125645.0,111408.0,119972.0,137402.0,128150.85714285714,126549.4
2021-01-11,133886,130237.0,121856.0,125392.0,132855.0,128719.0,126574.0,130958.0,127287.0,116201.0,119972.0,128328.0,126441.83333333333
2021-01-12,130237,128863.0,133886.0,121856.0,125392.0,128968.0,128663.0,129218.0,131009.0,132956.0,116201.0,129066.14285714286,127050.5
2021-01-13,128863,126268.0,130237.0,133886.0,121856.0,129542.0,130838.0,128292.0,137711.0,134513.0,132956.0,129247.42857142857,127678.13333333333
2021-01-14,126268,127490.0,128863.0,130237.0,133886.0,130964.0,125533.0,121602.0,137467.0,132082.0,134513.0,129150.42857142857,127730.66666666667
2021-01-15,127490,118102.0,126268.0,128863.0,130237.0,132855.0,119140.0,113711.0,139444.0,134558.0,132082.0,128479.57142857143,127572.63333333333
2021-01-16,118102,117057.0,127490.0,126268.0,128863.0,125392.0,117017.0,123588.0,130836.0,144695.0,134558.0,127713.14285714286,127231.93333333333
2021-01-17,117057,122824.0,118102.0,127490.0,126268.0,121856.0,120616.0,122776.0,125645.0,137365.0,144695.0,126671.71428571429,126586.43333333333
2021-01-18,122824,129324.0,117057.0,118102.0,127490.0,133886.0,128719.0,126574.0,130958.0,126410.0,137365.0,125986.14285714286,125840.2
2021-01-19,129324,131120.0,122824.0,117057.0,118102.0,130237.0,128968.0,128663.0,129218.0,142280.0,126410.0,124405.85714285714,125573.13333333333
2021-01-20,131120,132003.0,129324.0,122824.0,117057.0,128863.0,129542.0,130838.0,128292.0,148015.0,142280.0,124275.42857142857,125695.76666666666
2021-01-21,132003,128305.0,131120.0,129324.0,122824.0,126268.0,130964.0,125533.0,121602.0,143862.0,148015.0,124597.85714285714,125701.16666666667
2021-01-22,128305,125923.0,132003.0,131120.0,129324.0,127490.0,132855.0,119140.0,113711.0,139314.0,143862.0,125417.14285714286,125794.0
2021-01-23,125923,128382.0,128305.0,132003.0,131120.0,118102.0,125392.0,117017.0,123588.0,135154.0,139314.0,125533.57142857143,125794.43333333333
2021-01-24,128382,136576.0,125923.0,128305.0,132003.0,117057.0,121856.0,120616.0,122776.0,126400.0,135154.0,126650.85714285714,125938.46666666666
2021-01-25,136576,135932.0,128382.0,125923.0,128305.0,122824.0,133886.0,128719.0,126574.0,122177.0,126400.0,128268.71428571429,126427.5
2021-01-26,135932,134036.0,136576.0,128382.0,125923.0,129324.0,130237.0,128968.0,128663.0,136627.0,122177.0,130233.28571428571,126860.43333333333
2021-01-27,134036,138145.0,135932.0,136576.0,128382.0,131120.0,128863.0,129542.0,130838.0,136552.0,136627.0,131177.2857142857,127298.96666666666
2021-01-28,138145,146437.0,134036.0,135932.0,136576.0,132003.0,126268.0,130964.0,125533.0,138459.0,136552.0,131593.85714285713,127547.7
2021-01-29,146437,136292.0,138145.0,134036.0,135932.0,128305.0,127490.0,132855.0,119140.0,140924.0,138459.0,132471.2857142857,127863.76666666666
2021-01-30,136292,135216.0,146437.0,138145.0,134036.0,125923.0,118102.0,125392.0,117017.0,137659.0,140924.0,135061.57142857142,128383.73333333334
2021-01-31,135216,140057.0,136292.0,146437.0,138145.0,128382.0,117057.0,121856.0,120616.0,125498.0,137659.0,136542.85714285713,128742.36666666667
2021-02-01,140057,137952.0,135216.0,136292.0,146437.0,136576.0,122824.0,133886.0,128719.0,122930.0,125498.0,137519.14285714287,129278.23333333334
2021-02-02,137952,138779.0,140057.0,135216.0,136292.0,135932.0,129324.0,130237.0,128968.0,133021.0,122930.0,138016.42857142858,130046.23333333334
2021-02-03,138779,135223.0,137952.0,140057.0,135216.0,134036.0,131120.0,128863.0,129542.0,132023.0,133021.0,138305.0,130624.1
2021-02-04,135223,130750.0,138779.0,137952.0,140057.0,138145.0,132003.0,126268.0,130964.0,133837.0,132023.0,138982.57142857142,130959.43333333333
2021-02-05,130750,122034.0,135223.0,138779.0,137952.0,146437.0,128305.0,127490.0,132855.0,136492.0,133837.0,138565.14285714287,131167.93333333332
2021-02-06,122034,125601.0,130750.0,135223.0,138779.0,136292.0,125923.0,118102.0,125392.0,135744.0,136492.0,136324.14285714287,131208.2
2021-02-07,125601,141172.0,122034.0,130750.0,135223.0,135216.0,128382.0,117057.0,121856.0,127588.0,135744.0,134287.2857142857,130910.53333333334
2021-02-08,141172,140180.0,125601.0,122034.0,130750.0,140057.0,136576.0,122824.0,133886.0,124149.0,127588.0,132913.7142857143,130668.73333333334
2021-02-09,140180,138469.0,141172.0,125601.0,122034.0,137952.0,135932.0,129324.0,130237.0,135691.0,124149.0,133073.0,131194.73333333334
2021-02-10,138469,139773.0,140180.0,141172.0,125601.0,138779.0,134036.0,131120.0,128863.0,133740.0,135691.0,133391.2857142857,131805.53333333333
2021-02-11,139773,140363.0,138469.0,140180.0,141172.0,135223.0,138145.0,132003.0,126268.0,133541.0,133740.0,133347.0,131958.3
2021-02-12,140363,132183.0,139773.0,138469.0,140180.0,130750.0,146437.0,128305.0,127490.0,136077.0,133541.0,133997.0,132276.16666666666
2021-02-13,132183,126416.0,140363.0,139773.0,138469.0,122034.0,136292.0,125923.0,118102.0,139289.0,136077.0,135370.2857142857,132659.5
2021-02-14,126416,130360.0,132183.0,140363.0,139773.0,125601.0,135216.0,128382.0,117057.0,134595.0,139289.0,136820.14285714287,132856.66666666666
2021-02-15,130360,129738.0,126416.0,132183.0,140363.0,141172.0,140057.0,136576.0,122824.0,126028.0,134595.0,136936.57142857142,132820.86666666667
2021-02-16,129738,135983.0,130360.0,126416.0,132183.0,140180.0,137952.0,135932.0,129324.0,125814.0,126028.0,135392.0,133229.46666666667
2021-02-17,135983,140048.0,129738.0,130360.0,126416.0,138469.0,138779.0,134036.0,131120.0,134632.0,125814.0,133900.2857142857,133652.16666666666
2021-02-18,140048,138927.0,135983.0,129738.0,130360.0,139773.0,135223.0,138145.0,132003.0,131988.0,134632.0,133545.14285714287,134090.8
2021-02-19,138927,128536.0,140048.0,135983.0,129738.0,140363.0,130750.0,146437.0,128305.0,138646.0,131988.0,133584.42857142858,134448.26666666666
2021-02-20,128536,126574.0,138927.0,140048.0,135983.0,132183.0,122034.0,136292.0,125923.0,141414.0,138646.0,133379.2857142857,134708.5
2021-02-21,126574,136545.0,128536.0,138927.0,140048.0,126416.0,125601.0,135216.0,128382.0,125920.0,141414.0,132858.2857142857,134592.93333333332
2021-02-22,136545,131994.0,126574.0,128536.0,138927.0,130360.0,141172.0,140057.0,136576.0,119214.0,125920.0,132880.85714285713,134535.23333333334
2021-02-23,131994,126791.0,136545.0,126574.0,128536.0,129738.0,140180.0,137952.0,135932.0,129724.0,119214.0,133764.42857142858,134889.3
2021-02-24,126791,125507.0,131994.0,136545.0,126574.0,135983.0,138469.0,138779.0,134036.0,130168.0,129724.0,134086.7142857143,135009.7
2021-02-25,125507,126063.0,126791.0,131994.0,136545.0,140048.0,139773.0,135223.0,138145.0,131364.0,130168.0,132773.57142857142,134683.53333333333
2021-02-26,126063,118029.0,125507.0,126791.0,131994.0,138927.0,140363.0,130750.0,146437.0,133929.0,131364.0,130696.28571428571,134336.03333333333
2021-02-27,118029,116302.0,126063.0,125507.0,126791.0,128536.0,132183.0,122034.0,136292.0,138016.0,133929.0,128858.57142857143,134070.26666666666
2021-02-28,116302,127058.0,118029.0,126063.0,125507.0,126574.0,126416.0,125601.0,135216.0,129490.0,138016.0,127357.57142857143,133399.73333333334
2021-03-01,127058,135634.0,116302.0,118029.0,126063.0,136545.0,130360.0,141172.0,140057.0,126062.0,129490.0,125890.14285714286,132395.23333333334
2021-03-02,135634,128236.0,127058.0,116302.0,118029.0,131994.0,129738.0,140180.0,137952.0,131611.0,126062.0,124534.85714285714,132087.43333333332
2021-03-03,128236,128077.0,135634.0,127058.0,116302.0,126791.0,135983.0,138469.0,138779.0,128988.0,131611.0,125054.85714285714,132101.36666666667
2021-03-04,128077,133762.0,128236.0,135634.0,127058.0,125507.0,140048.0,139773.0,135223.0,128251.0,128988.0,125261.28571428571,131707.33333333334
2021-03-05,133762,124363.0,128077.0,128236.0,135634.0,126063.0,138927.0,140363.0,130750.0,129517.0,128251.0,125628.42857142857,131378.16666666666
2021-03-06,124363,121035.0,133762.0,128077.0,128236.0,118029.0,128536.0,132183.0,122034.0,132096.0,129517.0,126728.28571428571,131210.93333333332
2021-03-07,121035,130321.0,124363.0,133762.0,128077.0,116302.0,126574.0,126416.0,125601.0,122125.0,132096.0,127633.14285714286,130848.93333333333
2021-03-08,130321,122402.0,121035.0,124363.0,133762.0,127058.0,136545.0,130360.0,141172.0,113235.0,122125.0,128309.28571428571,130525.1
2021-03-09,122402,120607.0,130321.0,121035.0,124363.0,135634.0,131994.0,129738.0,140180.0,126959.0,113235.0,128775.42857142857,130801.33333333333
2021-03-10,120607,118569.0,122402.0,130321.0,121035.0,128236.0,126791.0,135983.0,138469.0,125748.0,126959.0,126885.14285714286,130694.7
2021-03-11,118569,115813.0,120607.0,122402.0,130321.0,128077.0,125507.0,140048.0,139773.0,124617.0,125748.0,125795.28571428571,130009.2
2021-03-12,115813,110810.0,118569.0,120607.0,122402.0,133762.0,126063.0,138927.0,140363.0,128016.0,124617.0,124437.0,129288.83333333333
2021-03-13,110810,106228.0,115813.0,118569.0,120607.0,124363.0,118029.0,128536.0,132183.0,126067.0,128016.0,121872.85714285714,128533.63333333333
2021-03-14,106228,130016.0,110810.0,115813.0,118569.0,121035.0,116302.0,126574.0,126416.0,114037.0,126067.0,119936.71428571429,127568.2
2021-03-15,130016,132268.0,106228.0,110810.0,115813.0,130321.0,127058.0,136545.0,130360.0,112339.0,114037.0,117821.42857142857,126430.36666666667
2021-03-16,132268,127813.0,130016.0,106228.0,110810.0,122402.0,135634.0,131994.0,129738.0,125963.0,112339.0,117777.85714285714,126358.13333333333
2021-03-17,127813,125791.0,132268.0,130016.0,106228.0,120607.0,128236.0,126791.0,135983.0,123622.0,125963.0,119187.28571428571,126553.2
2021-03-18,125791,126141.0,127813.0,132268.0,130016.0,118569.0,128077.0,125507.0,140048.0,120106.0,123622.0,120216.71428571429,126468.3
2021-03-19,126141,114326.0,125791.0,127813.0,132268.0,115813.0,133762.0,126063.0,138927.0,121029.0,120106.0,121248.42857142857,126336.73333333334
2021-03-20,114326,108863.0,126141.0,125791.0,127813.0,110810.0,124363.0,118029.0,128536.0,117898.0,121029.0,122723.85714285714,126008.66666666667
2021-03-21,108863,118163.0,114326.0,126141.0,125791.0,106228.0,121035.0,116302.0,126574.0,108006.0,117898.0,123226.14285714286,125151.26666666666
2021-03-22,118163,117592.0,108863.0,114326.0,126141.0,130016.0,130321.0,127058.0,136545.0,110110.0,108006.0,123602.57142857143,124149.13333333333
2021-03-23,117592,119037.0,118163.0,108863.0,114326.0,132268.0,122402.0,135634.0,131994.0,122419.0,110110.0,121909.28571428571,123803.36666666667
2021-03-24,119037,117259.0,117592.0,118163.0,108863.0,127813.0,120607.0,128236.0,126791.0,115575.0,122419.0,119812.71428571429,123503.96666666666
2021-03-25,117259,116519.0,119037.0,117592.0,118163.0,125791.0,118569.0,128077.0,125507.0,116769.0,115575.0,118559.0,122920.36666666667
2021-03-26,116519,104347.0,117259.0,119037.0,117592.0,126141.0,115813.0,133762.0,126063.0,112983.0,116769.0,117340.14285714286,122429.2
2021-03-27,104347,105956.0,116519.0,117259.0,119037.0,114326.0,110810.0,124363.0,118029.0,109059.0,112983.0,115965.57142857143,122086.8
2021-03-28,105956,114360.0,104347.0,116519.0,117259.0,108863.0,106228.0,121035.0,116302.0,106277.0,109059.0,114540.0,121381.46666666666
2021-03-29,114360,114118.0,105956.0,104347.0,116519.0,118163.0,130016.0,130321.0,127058.0,106911.0,106277.0,114124.71428571429,120711.23333333334
2021-03-30,114118,114786.0,114360.0,105956.0,104347.0,117592.0,132268.0,122402.0,135634.0,111212.0,106911.0,113581.42857142857,120588.93333333333
2021-03-31,114786,116292.0,114118.0,114360.0,105956.0,119037.0,127813.0,120607.0,128236.0,111690.0,111212.0,113085.14285714286,120516.13333333333
2021-04-01,116292,120447.0,114786.0,114118.0,114360.0,117259.0,125791.0,118569.0,128077.0,109617.0,111690.0,112477.85714285714,120107.06666666667
2021-04-02,120447,111331.0,116292.0,114786.0,114118.0,116519.0,126141.0,115813.0,133762.0,109109.0,109617.0,112339.71428571429,119462.33333333333
2021-04-03,111331,104967.0,120447.0,116292.0,114786.0,104347.0,114326.0,110810.0,124363.0,109396.0,109109.0,112900.85714285714,119202.7
2021-04-04,104967,114036.0,111331.0,120447.0,116292.0,105956.0,108863.0,106228.0,121035.0,103204.0,109396.0,113898.57142857143,118644.5
2021-04-05,114036,113346.0,104967.0,111331.0,120447.0,114360.0,118163.0,130016.0,130321.0,101605.0,103204.0,113757.28571428571,117684.66666666667
2021-04-06,113346,113367.0,114036.0,104967.0,111331.0,114118.0,117592.0,132268.0,122402.0,105411.0,101605.0,113711.0,117340.43333333333
2021-04-07,113367,113231.0,113346.0,114036.0,104967.0,114786.0,119037.0,127813.0,120607.0,104373.0,105411.0,113600.71428571429,117084.13333333333
2021-04-08,113231,113740.0,113367.0,113346.0,114036.0,116292.0,117259.0,125791.0,118569.0,105413.0,104373.0,113398.0,116519.0
2021-04-09,113740,105504.0,113231.0,113367.0,113346.0,120447.0,116519.0,126141.0,115813.0,106910.0,105413.0,112960.71428571429,116213.3
2021-04-10,105504,105602.0,113740.0,113231.0,113367.0,111331.0,104347.0,114326.0,110810.0,108499.0,106910.0,112002.57142857143,115984.4
2021-04-11,105602,117678.0,105504.0,113740.0,113231.0,104967.0,105956.0,108863.0,106228.0,103586.0,108499.0,111170.14285714286,115548.9
2021-04-12,117678,115146.0,105602.0,105504.0,113740.0,114036.0,114360.0,118163.0,130016.0,100836.0,103586.0,111260.85714285714,115208.53333333334
2021-04-13,115146,114547.0,117678.0,105602.0,105504.0,113346.0,114118.0,117592.0,132268.0,108641.0,100836.0,111781.14285714286,115437.46666666666
2021-04-14,114547,116273.0,115146.0,117678.0,105602.0,113367.0,114786.0,119037.0,127813.0,105963.0,108641.0,112038.28571428571,115734.73333333334
2021-04-15,116273,115586.0,114547.0,115146.0,117678.0,113231.0,116292.0,117259.0,125791.0,106648.0,105963.0,112206.85714285714,115219.1
2021-04-16,115586,106596.0,116273.0,114547.0,115146.0,113740.0,120447.0,116519.0,126141.0,107893.0,106648.0,112641.42857142857,114685.93333333333
2021-04-17,106596,103432.0,115586.0,116273.0,114547.0,105504.0,111331.0,104347.0,114326.0,109478.0,107893.0,112905.14285714286,114278.36666666667
2021-04-18,103432,113034.0,106596.0,115586.0,116273.0,105602.0,104967.0,105956.0,108863.0,106391.0,109478.0,113061.14285714286,113638.53333333334
2021-04-19,113034,113496.0,103432.0,106596.0,115586.0,117678.0,114036.0,114360.0,118163.0,102400.0,106391.0,112751.14285714286,112881.56666666667
2021-04-20,113496,113972.0,113034.0,103432.0,106596.0,115146.0,113346.0,114118.0,117592.0,106144.0,102400.0,112087.71428571429,112838.5
2021-04-21,113972,117557.0,113496.0,113034.0,103432.0,114547.0,113367.0,114786.0,119037.0,107374.0,106144.0,111852.0,112992.93333333333
2021-04-22,117557,114808.0,113972.0,113496.0,113034.0,116273.0,113231.0,116292.0,117259.0,109181.0,107374.0,111769.85714285714,112853.23333333334
2021-04-23,114808,103866.0,117557.0,113972.0,113496.0,115586.0,113740.0,120447.0,116519.0,109799.0,109181.0,111953.28571428571,112852.06666666667
2021-04-24,103866,103336.0,114808.0,117557.0,113972.0,106596.0,105504.0,111331.0,104347.0,110868.0,109799.0,111842.14285714286,112711.1
2021-04-25,103336,113175.0,103866.0,114808.0,117557.0,103432.0,105602.0,104967.0,105956.0,101933.0,110868.0,111452.14285714286,112264.66666666667
2021-04-26,113175,113664.0,103336.0,103866.0,114808.0,113034.0,117678.0,114036.0,114360.0,104175.0,101933.0,111438.42857142857,111825.23333333334
2021-04-27,113664,116211.0,113175.0,103336.0,103866.0,113496.0,115146.0,113346.0,114118.0,110360.0,104175.0,111458.57142857143,112119.5
2021-04-28,116211,119535.0,113664.0,113175.0,103336.0,113972.0,114547.0,113367.0,114786.0,106833.0,110360.0,111482.57142857143,112376.43333333333
2021-04-29,119535,115848.0,116211.0,113664.0,113175.0,117557.0,116273.0,113231.0,116292.0,108896.0,106833.0,111802.42857142857,112438.13333333333
2021-04-30,115848,103765.0,119535.0,116211.0,113664.0,114808.0,115586.0,113740.0,120447.0,109556.0,108896.0,112085.0,112618.7
2021-05-01,103765,104744.0,115848.0,119535.0,116211.0,103866.0,106596.0,105504.0,111331.0,107240.0,109556.0,112233.57142857143,112654.1
2021-05-02,104744,116045.0,103765.0,115848.0,119535.0,103336.0,103432.0,105602.0,104967.0,101092.0,107240.0,112219.14285714286,112236.53333333334
2021-05-03,116045,115824.0,104744.0,103765.0,115848.0,113175.0,113034.0,117678.0,114036.0,101934.0,101092.0,112420.28571428571,111713.1
2021-05-04,115824,115496.0,116045.0,104744.0,103765.0,113664.0,113496.0,115146.0,113346.0,106922.0,101934.0,112830.28571428571,111870.23333333334
2021-05-05,115496,112628.0,115824.0,116045.0,104744.0,116211.0,113972.0,114547.0,113367.0,104493.0,106922.0,113138.85714285714,112232.13333333333
2021-05-06,112628,111869.0,115496.0,115824.0,116045.0,119535.0,117557.0,116273.0,113231.0,106901.0,104493.0,113036.71428571429,112280.8
2021-05-07,111869,104435.0,112628.0,115496.0,115824.0,115848.0,114808.0,115586.0,113740.0,105000.0,106901.0,112050.0,112256.86666666667
2021-05-08,104435,101730.0,111869.0,112628.0,115496.0,103765.0,103866.0,106596.0,105504.0,107045.0,105000.0,111481.57142857143,112206.93333333333
2021-05-09,101730,113642.0,104435.0,111869.0,112628.0,104744.0,103336.0,103432.0,105602.0,105448.0,107045.0,111577.28571428571,111913.73333333334
2021-05-10,113642,112533.0,101730.0,104435.0,111869.0,116045.0,113175.0,113034.0,117678.0,101273.0,105448.0,111146.71428571429,111513.4
2021-05-11,112533,112466.0,113642.0,101730.0,104435.0,115824.0,113664.0,113496.0,115146.0,106548.0,101273.0,110803.42857142857,111784.66666666667
2021-05-12,112466,112234.0,112533.0,113642.0,101730.0,115496.0,116211.0,113972.0,114547.0,106020.0,106548.0,110333.28571428571,112015.7
2021-05-13,112234,114713.0,112466.0,112533.0,113642.0,112628.0,119535.0,117557.0,116273.0,105496.0,106020.0,109900.42857142857,111841.96666666666
2021-05-14,114713,106969.0,112234.0,112466.0,112533.0,111869.0,115848.0,114808.0,115586.0,104813.0,105496.0,109844.14285714286,111744.9
2021-05-15,106969,106379.0,114713.0,112234.0,112466.0,104435.0,103765.0,103866.0,106596.0,112782.0,104813.0,110250.42857142857,111750.43333333333
2021-05-16,106379,119562.0,106969.0,114713.0,112234.0,101730.0,104744.0,103336.0,103432.0,109350.0,112782.0,110612.42857142857,111440.3
2021-05-17,119562,125449.0,106379.0,106969.0,114713.0,113642.0,116045.0,113175.0,113034.0,101478.0,109350.0,111276.57142857143,111133.4
2021-05-18,125449,135636.0,119562.0,106379.0,106969.0,112533.0,115824.0,113664.0,113496.0,106351.0,101478.0,112122.28571428571,111565.6
2021-05-19,135636,127285.0,125449.0,119562.0,106379.0,112466.0,115496.0,116211.0,113972.0,104990.0,106351.0,113967.42857142857,112299.5
2021-05-20,127285,125978.0,135636.0,125449.0,119562.0,112234.0,112628.0,119535.0,117557.0,104160.0,104990.0,117277.42857142857,113052.9
2021-05-21,125978,131007.0,127285.0,135636.0,125449.0,114713.0,111869.0,115848.0,114808.0,104754.0,104160.0,119427.57142857143,113512.53333333334
2021-05-22,131007,143933.0,125978.0,127285.0,135636.0,106969.0,104435.0,103765.0,103866.0,109076.0,104754.0,121036.85714285714,113912.73333333334
2021-05-23,143933,128641.0,131007.0,125978.0,127285.0,106379.0,101730.0,104744.0,103336.0,105665.0,109076.0,124470.85714285714,114361.06666666667
2021-05-24,128641,124219.0,143933.0,131007.0,125978.0,119562.0,113642.0,116045.0,113175.0,98759.0,105665.0,129835.71428571429,115331.9
2021-05-25,124219,143580.0,128641.0,143933.0,131007.0,125449.0,112533.0,115824.0,113664.0,102478.0,98759.0,131132.7142857143,116157.73333333334
2021-05-26,143580,144678.0,124219.0,128641.0,143933.0,135636.0,112466.0,115496.0,116211.0,111744.0,102478.0,130957.0,116853.83333333333
2021-05-27,144678,121714.0,143580.0,124219.0,128641.0,127285.0,112234.0,112628.0,119535.0,114887.0,111744.0,132091.85714285713,117867.33333333333
2021-05-28,121714,105407.0,144678.0,143580.0,124219.0,125978.0,114713.0,111869.0,115848.0,119979.0,114887.0,134576.57142857142,118901.13333333333
2021-05-29,105407,104357.0,121714.0,144678.0,143580.0,131007.0,106969.0,104435.0,103765.0,127358.0,119979.0,133967.42857142858,119084.56666666667
2021-05-30,104357,104281.0,105407.0,121714.0,144678.0,143933.0,106379.0,101730.0,104744.0,120443.0,127358.0,130310.28571428571,118613.63333333333
2021-05-31,104281,118089.0,104357.0,105407.0,121714.0,128641.0,119562.0,113642.0,116045.0,105733.0,120443.0,124656.57142857143,118230.6
2021-06-01,118089,122150.0,104281.0,104357.0,105407.0,124219.0,125449.0,112533.0,115824.0,108395.0,105733.0,121176.57142857143,118247.8
2021-06-02,122150,125374.0,118089.0,104281.0,104357.0,143580.0,135636.0,112466.0,115496.0,111306.0,108395.0,120300.85714285714,118692.63333333333
2021-06-03,125374,134942.0,122150.0,118089.0,104281.0,144678.0,127285.0,112234.0,112628.0,124072.0,111306.0,117239.42857142857,118896.13333333333
2021-06-04,134942,139282.0,125374.0,122150.0,118089.0,121714.0,125978.0,114713.0,111869.0,135911.0,124072.0,114481.71428571429,119214.46666666666
2021-06-05,139282,157383.0,134942.0,125374.0,122150.0,105407.0,131007.0,106969.0,104435.0,138728.0,135911.0,116371.42857142857,119862.66666666667
2021-06-06,157383,182078.0,139282.0,134942.0,125374.0,104357.0,143933.0,106379.0,101730.0,137443.0,138728.0,121210.71428571429,120751.13333333333
2021-06-07,182078,183066.0,157383.0,139282.0,134942.0,104281.0,128641.0,119562.0,113642.0,117827.0,137443.0,128785.85714285714,122268.26666666666
2021-06-08,183066,185200.0,182078.0,157383.0,139282.0,118089.0,124219.0,125449.0,112533.0,126037.0,117827.0,139899.7142857143,124856.36666666667
2021-06-09,185200,164490.0,183066.0,182078.0,157383.0,122150.0,143580.0,135636.0,112466.0,141241.0,126037.0,149182.14285714287,127567.56666666667
2021-06-10,164490,133401.0,185200.0,183066.0,182078.0,125374.0,144678.0,127285.0,112234.0,151018.0,141241.0,158189.2857142857,129952.83333333333
2021-06-11,133401,118807.0,164490.0,185200.0,183066.0,134942.0,121714.0,125978.0,114713.0,149906.0,151018.0,163777.2857142857,131684.73333333334
2021-06-12,118807,117076.0,133401.0,164490.0,185200.0,139282.0,105407.0,131007.0,106969.0,146423.0,149906.0,163557.14285714287,132382.56666666668
2021-06-13,117076,134552.0,118807.0,133401.0,164490.0,157383.0,104357.0,143933.0,106379.0,120480.0,146423.0,160632.14285714287,132601.66666666666
2021-06-14,134552,142937.0,117076.0,118807.0,133401.0,182078.0,104281.0,128641.0,119562.0,109258.0,120480.0,154874.0,132680.43333333332
2021-06-15,142937,135297.0,134552.0,117076.0,118807.0,183066.0,118089.0,124219.0,125449.0,121816.0,109258.0,148084.57142857142,133599.86666666667
2021-06-16,135297,132504.0,142937.0,134552.0,117076.0,185200.0,122150.0,143580.0,135636.0,124252.0,121816.0,142351.85714285713,134818.46666666667
2021-06-17,132504,141117.0,135297.0,142937.0,134552.0,164490.0,125374.0,144678.0,127285.0,127685.0,124252.0,135222.85714285713,135342.96666666667
2021-06-18,141117,144873.0,132504.0,135297.0,142937.0,133401.0,134942.0,121714.0,125978.0,134290.0,127685.0,130653.42857142857,135578.13333333333
2021-06-19,144873,147051.0,141117.0,132504.0,135297.0,118807.0,139282.0,105407.0,131007.0,140428.0,134290.0,131755.7142857143,135760.83333333334
2021-06-20,147051,180010.0,144873.0,141117.0,132504.0,117076.0,157383.0,104357.0,143933.0,139405.0,140428.0,135479.42857142858,136347.1
2021-06-21,180010,155375.0,147051.0,144873.0,141117.0,134552.0,182078.0,104281.0,128641.0,143250.0,139405.0,139761.57142857142,137049.53333333333
2021-06-22,155375,129862.0,180010.0,147051.0,144873.0,142937.0,183066.0,118089.0,124219.0,169030.0,143250.0,146255.57142857142,138682.96666666667
2021-06-23,129862,133803.0,155375.0,180010.0,147051.0,135297.0,185200.0,122150.0,143580.0,171255.0,169030.0,148032.42857142858,139064.36666666667
2021-06-24,133803,138370.0,129862.0,155375.0,180010.0,132504.0,164490.0,125374.0,144678.0,167586.0,171255.0,147256.0,139105.06666666668
2021-06-25,138370,147001.0,133803.0,129862.0,155375.0,141117.0,133401.0,134942.0,121714.0,157504.0,167586.0,147441.57142857142,139424.53333333333
2021-06-26,147001,159179.0,138370.0,133803.0,129862.0,144873.0,118807.0,139282.0,105407.0,157836.0,157504.0,147049.14285714287,139250.86666666667
2021-06-27,159179,194131.0,147001.0,138370.0,133803.0,147051.0,117076.0,157383.0,104357.0,147406.0,157836.0,147353.14285714287,139328.3
2021-06-28,194131,206885.0,159179.0,147001.0,138370.0,180010.0,134552.0,182078.0,104281.0,156108.0,147406.0,149085.7142857143,140577.13333333333
2021-06-29,206885,212086.0,194131.0,159179.0,147001.0,155375.0,142937.0,183066.0,118089.0,166276.0,156108.0,151103.0,143534.6
2021-06-30,212086,185946.0,206885.0,194131.0,159179.0,129862.0,135297.0,185200.0,122150.0,154125.0,166276.0,158461.57142857142,146952.2
2021-07-01,185946,161877.0,212086.0,206885.0,194131.0,133803.0,132504.0,164490.0,125374.0,152004.0,154125.0,170207.85714285713,150545.7
2021-07-02,161877,120541.0,185946.0,212086.0,206885.0,138370.0,141117.0,133401.0,134942.0,163768.0,152004.0,177656.85714285713,152807.6
2021-07-03,120541,118334.0,161877.0,185946.0,212086.0,147001.0,144873.0,118807.0,139282.0,166411.0,163768.0,181015.0,154131.83333333334
2021-07-04,118334,141039.0,120541.0,161877.0,185946.0,159179.0,147051.0,117076.0,157383.0,145710.0,166411.0,177235.0,153970.73333333334
2021-07-05,141039,178255.0,118334.0,120541.0,161877.0,194131.0,180010.0,134552.0,182078.0,155847.0,145710.0,171400.0,153417.13333333333
2021-07-06,178255,190084.0,141039.0,118334.0,120541.0,206885.0,155375.0,142937.0,183066.0,176113.0,155847.0,163815.42857142858,153475.7
2021-07-07,190084,184239.0,178255.0,141039.0,118334.0,212086.0,129862.0,135297.0,185200.0,167938.0,176113.0,159725.42857142858,154171.43333333332
2021-07-08,184239,172232.0,190084.0,178255.0,141039.0,185946.0,133803.0,132504.0,164490.0,175949.0,167938.0,156582.2857142857,154438.3
2021-07-09,172232,152105.0,184239.0,190084.0,178255.0,161877.0,138370.0,141117.0,133401.0,180313.0,175949.0,156338.42857142858,154477.4
2021-07-10,152105,146754.0,172232.0,184239.0,190084.0,120541.0,147001.0,144873.0,118807.0,168873.0,180313.0,157817.7142857143,154045.13333333333
2021-07-11,146754,176422.0,152105.0,172232.0,184239.0,118334.0,159179.0,147051.0,117076.0,161294.0,168873.0,162326.85714285713,153632.3
2021-07-12,176422,157758.0,146754.0,152105.0,172232.0,141039.0,194131.0,180010.0,134552.0,157805.0,161294.0,166386.85714285713,154077.4
2021-07-13,157758,169728.0,176422.0,146754.0,152105.0,178255.0,206885.0,155375.0,142937.0,176295.0,157805.0,171441.57142857142,155997.9
2021-07-14,169728,183799.0,157758.0,176422.0,146754.0,190084.0,212086.0,129862.0,135297.0,170243.0,176295.0,168513.42857142858,157353.96666666667
2021-07-15,183799,198095.0,169728.0,157758.0,176422.0,184239.0,185946.0,133803.0,132504.0,164706.0,170243.0,165605.42857142858,158526.5
2021-07-16,198095,181974.0,183799.0,169728.0,157758.0,172232.0,161877.0,138370.0,141117.0,153193.0,164706.0,165542.57142857142,159888.56666666668
2021-07-17,181974,163541.0,198095.0,183799.0,169728.0,152105.0,120541.0,147001.0,144873.0,159279.0,153193.0,169237.2857142857,161981.83333333334
2021-07-18,163541,167678.0,181974.0,198095.0,183799.0,146754.0,118334.0,159179.0,147051.0,164104.0,159279.0,173504.2857142857,163630.83333333334
2021-07-19,167678,178188.0,163541.0,181974.0,198095.0,176422.0,141039.0,194131.0,180010.0,177705.0,164104.0,175902.42857142858,164378.3
2021-07-20,178188,172786.0,167678.0,163541.0,181974.0,157758.0,178255.0,206885.0,155375.0,206726.0,177705.0,174653.2857142857,165138.46666666667
2021-07-21,172786,157731.0,178188.0,167678.0,163541.0,169728.0,190084.0,212086.0,129862.0,197281.0,206726.0,177571.85714285713,166176.36666666667
2021-07-22,157731,153539.0,172786.0,178188.0,167678.0,183799.0,184239.0,185946.0,133803.0,199626.0,197281.0,178008.7142857143,165935.56666666668
2021-07-23,153539,144541.0,157731.0,172786.0,178188.0,198095.0,172232.0,161877.0,138370.0,189744.0,199626.0,174284.7142857143,166014.1
2021-07-24,144541,150491.0,153539.0,157731.0,172786.0,181974.0,152105.0,120541.0,147001.0,174543.0,189744.0,167919.57142857142,166803.33333333334
2021-07-25,150491,181389.0,144541.0,153539.0,157731.0,163541.0,146754.0,118334.0,159179.0,168864.0,174543.0,162572.0,167161.26666666666
2021-07-26,181389,181143.0,150491.0,144541.0,153539.0,167678.0,176422.0,141039.0,194131.0,178655.0,168864.0,160707.7142857143,167565.3
2021-07-27,181143,170345.0,181389.0,150491.0,144541.0,178188.0,157758.0,178255.0,206885.0,201034.0,178655.0,162666.42857142858,168711.56666666668
2021-07-28,170345,164946.0,181143.0,181389.0,150491.0,172786.0,169728.0,190084.0,212086.0,208612.0,201034.0,163088.57142857142,169443.7
2021-07-29,164946,157158.0,170345.0,181143.0,181389.0,157731.0,183799.0,184239.0,185946.0,200098.0,208612.0,162739.85714285713,168650.83333333334
2021-07-30,157158,129226.0,164946.0,170345.0,181143.0,153539.0,198095.0,172232.0,161877.0,196658.0,200098.0,163770.57142857142,167252.86666666667
2021-07-31,129226,132174.0,157158.0,164946.0,170345.0,144541.0,181974.0,152105.0,120541.0,174916.0,196658.0,164287.57142857142,165421.93333333332
2021-08-01,132174,145959.0,129226.0,157158.0,164946.0,150491.0,163541.0,146754.0,118334.0,166262.0,174916.0,162099.7142857143,163531.26666666666
2021-08-02,145959,143955.0,132174.0,129226.0,157158.0,181389.0,167678.0,176422.0,141039.0,178006.0,166262.0,159483.0,162541.16666666666
2021-08-03,143955,144567.0,145959.0,132174.0,129226.0,181143.0,178188.0,157758.0,178255.0,192243.0,178006.0,154421.57142857142,163388.43333333332
2021-08-04,144567,149371.0,143955.0,145959.0,132174.0,170345.0,172786.0,169728.0,190084.0,173030.0,192243.0,149109.0,164242.46666666667
2021-08-05,149371,163006.0,144567.0,143955.0,145959.0,164946.0,157731.0,183799.0,184239.0,175850.0,173030.0,145426.42857142858,164360.06666666668
2021-08-06,163006,154929.0,149371.0,144567.0,143955.0,157158.0,153539.0,198095.0,172232.0,165168.0,175850.0,143201.42857142858,163397.26666666666
2021-08-07,154929,139597.0,163006.0,149371.0,144567.0,129226.0,144541.0,181974.0,152105.0,156931.0,165168.0,144036.85714285713,162494.66666666666
2021-08-08,139597,158928.0,154929.0,163006.0,149371.0,132174.0,150491.0,163541.0,146754.0,149407.0,156931.0,147708.7142857143,161517.66666666666
2021-08-09,158928,171450.0,139597.0,154929.0,163006.0,145959.0,181389.0,167678.0,176422.0,158993.0,149407.0,148769.14285714287,160429.83333333334
2021-08-10,171450,187093.0,158928.0,139597.0,154929.0,143955.0,181143.0,178188.0,157758.0,192624.0,158993.0,150621.85714285713,160657.26666666666
2021-08-11,187093,195957.0,171450.0,158928.0,139597.0,144567.0,170345.0,172786.0,169728.0,196654.0,192624.0,154549.7142857143,161480.46666666667
2021-08-12,195957,202936.0,187093.0,171450.0,158928.0,149371.0,164946.0,157731.0,183799.0,194976.0,196654.0,160624.85714285713,161836.16666666666
2021-08-13,202936,185433.0,195957.0,187093.0,171450.0,163006.0,157158.0,153539.0,198095.0,176561.0,194976.0,167280.0,163109.46666666667
2021-08-14,185433,153218.0,202936.0,195957.0,187093.0,154929.0,129226.0,144541.0,181974.0,173737.0,176561.0,172984.2857142857,164216.4
2021-08-15,153218,165007.0,185433.0,202936.0,195957.0,139597.0,132174.0,150491.0,163541.0,149644.0,173737.0,177342.0,164270.86666666667
2021-08-16,165007,166593.0,153218.0,185433.0,202936.0,158928.0,145959.0,181389.0,167678.0,132458.0,149644.0,179287.85714285713,162774.96666666667
2021-08-17,166593,177119.0,165007.0,153218.0,185433.0,171450.0,143955.0,181143.0,178188.0,146349.0,132458.0,180156.2857142857,162209.4
2021-08-18,177119,186082.0,166593.0,165007.0,153218.0,187093.0,144567.0,170345.0,172786.0,151335.0,146349.0,179462.42857142858,162311.13333333333
2021-08-19,186082,175365.0,177119.0,166593.0,165007.0,195957.0,149371.0,164946.0,157731.0,148208.0,151335.0,178037.57142857142,162625.83333333334
2021-08-20,175365,162279.0,186082.0,177119.0,166593.0,202936.0,163006.0,157158.0,153539.0,143655.0,148208.0,176626.85714285713,162888.96666666667
2021-08-21,162279,151885.0,175365.0,186082.0,177119.0,185433.0,154929.0,129226.0,144541.0,155925.0,143655.0,172688.14285714287,162974.93333333332
2021-08-22,151885,168032.0,162279.0,175365.0,186082.0,153218.0,139597.0,132174.0,150491.0,159428.0,155925.0,169380.42857142858,163126.53333333333
2021-08-23,168032,181545.0,151885.0,162279.0,175365.0,165007.0,158928.0,145959.0,181389.0,161737.0,159428.0,169190.0,163071.4
2021-08-24,181545,189996.0,168032.0,151885.0,162279.0,166593.0,171450.0,143955.0,181143.0,187477.0,161737.0,169622.14285714287,163854.43333333332
2021-08-25,189996,202186.0,181545.0,168032.0,151885.0,177119.0,187093.0,144567.0,170345.0,186000.0,187477.0,171758.14285714287,164889.56666666668
2021-08-26,202186,201023.0,189996.0,181545.0,168032.0,186082.0,195957.0,149371.0,164946.0,152877.0,186000.0,173597.7142857143,165176.46666666667
2021-08-27,201023,154176.0,202186.0,189996.0,181545.0,175365.0,202936.0,163006.0,157158.0,169235.0,152877.0,175898.2857142857,165877.9
2021-08-28,154176,136489.0,201023.0,202186.0,189996.0,162279.0,185433.0,154929.0,129226.0,169728.0,169235.0,179563.7142857143,166900.5
2021-08-29,136489,175220.0,154176.0,201023.0,202186.0,151885.0,153218.0,139597.0,132174.0,157366.0,169728.0,178406.14285714287,166541.5
2021-08-30,175220,176635.0,136489.0,154176.0,201023.0,168032.0,165007.0,158928.0,145959.0,136586.0,157366.0,176206.7142857143,165852.53333333333
2021-08-31,176635,159108.0,175220.0,136489.0,154176.0,181545.0,166593.0,171450.0,143955.0,142345.0,136586.0,177233.57142857142,167385.66666666666
2021-09-01,159108,135740.0,176635.0,175220.0,136489.0,189996.0,177119.0,187093.0,144567.0,148628.0,142345.0,176532.14285714287,168867.7
2021-09-02,135740,131258.0,159108.0,176635.0,175220.0,202186.0,186082.0,195957.0,149371.0,159644.0,148628.0,172119.57142857142,169306.0
2021-09-03,131258,125285.0,135740.0,159108.0,176635.0,201023.0,175365.0,202936.0,163006.0,165090.0,159644.0,162627.2857142857,169032.16666666666
2021-09-04,125285,128107.0,131258.0,135740.0,159108.0,154176.0,162279.0,185433.0,154929.0,164625.0,165090.0,152660.85714285713,168588.53333333333
2021-09-05,128107,138924.0,125285.0,131258.0,135740.0,136489.0,151885.0,153218.0,139597.0,135671.0,164625.0,148533.57142857142,167785.66666666666
2021-09-06,138924,149054.0,128107.0,125285.0,131258.0,175220.0,168032.0,165007.0,158928.0,134051.0,135671.0,147336.14285714287,166622.36666666667
2021-09-07,149054,163652.0,138924.0,128107.0,125285.0,176635.0,181545.0,166593.0,171450.0,139862.0,134051.0,142151.0,166088.86666666667
2021-09-08,163652,156434.0,149054.0,138924.0,128107.0,159108.0,189996.0,177119.0,187093.0,160943.0,139862.0,138210.85714285713,166404.1
2021-09-09,156434,139917.0,163652.0,149054.0,138924.0,135740.0,202186.0,186082.0,195957.0,163131.0,160943.0,138860.0,166561.56666666668
2021-09-10,139917,127733.0,156434.0,163652.0,149054.0,131258.0,201023.0,175365.0,202936.0,173525.0,163131.0,141816.2857142857,166061.03333333333
2021-09-11,127733,138482.0,139917.0,156434.0,163652.0,125285.0,154176.0,162279.0,185433.0,156396.0,173525.0,143053.2857142857,164488.5
2021-09-12,138482,170347.0,127733.0,139917.0,156434.0,128107.0,136489.0,151885.0,153218.0,123692.0,156396.0,143403.0,162214.36666666667
2021-09-13,170347,162684.0,138482.0,127733.0,139917.0,138924.0,175220.0,168032.0,165007.0,125168.0,123692.0,144885.14285714287,160065.9
2021-09-14,162684,176961.0,170347.0,138482.0,127733.0,149054.0,176635.0,181545.0,166593.0,140333.0,125168.0,149374.14285714287,159563.03333333333
2021-09-15,176961,160157.0,162684.0,170347.0,138482.0,163652.0,159108.0,189996.0,177119.0,120318.0,140333.0,151321.2857142857,159878.56666666668
2021-09-16,160157,156474.0,176961.0,162684.0,170347.0,156434.0,135740.0,202186.0,186082.0,122745.0,120318.0,153222.57142857142,160277.03333333333
2021-09-17,156474,149956.0,160157.0,176961.0,162684.0,139917.0,131258.0,201023.0,175365.0,132433.0,122745.0,153754.42857142858,160062.5
2021-09-18,149956,134734.0,156474.0,160157.0,176961.0,127733.0,125285.0,154176.0,162279.0,126466.0,132433.0,156119.7142857143,159374.33333333334
2021-09-19,134734,143830.0,149956.0,156474.0,160157.0,138482.0,128107.0,136489.0,151885.0,104631.0,126466.0,159294.42857142858,158170.13333333333
2021-09-20,143830,144080.0,134734.0,149956.0,156474.0,170347.0,138924.0,175220.0,168032.0,102087.0,104631.0,158759.0,156815.76666666666
2021-09-21,144080,161347.0,143830.0,134734.0,149956.0,162684.0,149054.0,176635.0,181545.0,113299.0,102087.0,154970.85714285713,156200.8
2021-09-22,161347,163865.0,144080.0,143830.0,134734.0,176961.0,163652.0,159108.0,189996.0,115339.0,113299.0,152313.14285714287,155940.63333333333
2021-09-23,163865,136329.0,161347.0,144080.0,143830.0,160157.0,156434.0,135740.0,202186.0,122567.0,115339.0,150082.57142857142,155717.8
2021-09-24,136329,122402.0,163865.0,161347.0,144080.0,156474.0,139917.0,131258.0,201023.0,126418.0,122567.0,150612.2857142857,155128.46666666667
2021-09-25,122402,117189.0,136329.0,163865.0,161347.0,149956.0,127733.0,125285.0,154176.0,130336.0,126418.0,147734.42857142858,153339.56666666668
2021-09-26,117189,133727.0,122402.0,136329.0,163865.0,134734.0,138482.0,128107.0,136489.0,121738.0,130336.0,143798.14285714287,150680.1
2021-09-27,133727,136749.0,117189.0,122402.0,136329.0,143830.0,170347.0,138924.0,175220.0,128592.0,121738.0,141291.7142857143,147885.63333333333
2021-09-28,136749,123112.0,133727.0,117189.0,122402.0,144080.0,162684.0,149054.0,176635.0,143996.0,128592.0,139848.42857142858,147204.0
2021-09-29,123112,120583.0,136749.0,133727.0,117189.0,161347.0,176961.0,163652.0,159108.0,144392.0,143996.0,138801.14285714287,147212.66666666666
2021-09-30,120583,118461.0,123112.0,136749.0,133727.0,163865.0,160157.0,156434.0,135740.0,130746.0,144392.0,133339.0,145475.73333333334
2021-10-01,118461,113157.0,120583.0,123112.0,136749.0,136329.0,156474.0,139917.0,131258.0,124448.0,130746.0,127155.85714285714,143607.33333333334
2021-10-02,113157,120008.0,118461.0,120583.0,123112.0,122402.0,149956.0,127733.0,125285.0,119364.0,124448.0,124603.28571428571,142252.43333333332
2021-10-03,120008,138989.0,113157.0,118461.0,120583.0,117189.0,134734.0,138482.0,128107.0,106734.0,119364.0,123282.57142857143,141499.66666666666
2021-10-04,138989,126645.0,120008.0,113157.0,118461.0,133727.0,143830.0,170347.0,138924.0,105318.0,106734.0,123685.28571428571,141124.66666666666
2021-10-05,126645,127627.0,138989.0,120008.0,113157.0,136749.0,144080.0,162684.0,149054.0,117408.0,105318.0,124437.0,141581.46666666667
2021-10-06,127627,132754.0,126645.0,138989.0,120008.0,123112.0,161347.0,176961.0,163652.0,118881.0,117408.0,122993.57142857143,141532.73333333334
2021-10-07,132754,134616.0,127627.0,126645.0,138989.0,120583.0,163865.0,160157.0,156434.0,121276.0,118881.0,123638.57142857143,141156.16666666666
2021-10-08,134616,116687.0,132754.0,127627.0,126645.0,118461.0,136329.0,156474.0,139917.0,115797.0,121276.0,125377.28571428571,140612.83333333334
2021-10-09,116687,113337.0,134616.0,132754.0,127627.0,113157.0,122402.0,149956.0,127733.0,115621.0,115797.0,127685.14285714286,139644.96666666667
2021-10-10,113337,123650.0,116687.0,134616.0,132754.0,120008.0,117189.0,134734.0,138482.0,109591.0,115621.0,128189.42857142857,138320.06666666668
2021-10-11,123650,128455.0,113337.0,116687.0,134616.0,138989.0,133727.0,143830.0,170347.0,109203.0,109591.0,127236.42857142857,137434.06666666668
2021-10-12,128455,130421.0,123650.0,113337.0,116687.0,126645.0,136749.0,144080.0,162684.0,115034.0,109203.0,125045.14285714286,137297.96666666667
2021-10-13,130421,134765.0,128455.0,123650.0,113337.0,127627.0,123112.0,161347.0,176961.0,117329.0,115034.0,125303.71428571429,136963.73333333334
2021-10-14,134765,138700.0,130421.0,128455.0,123650.0,132754.0,120583.0,163865.0,160157.0,116042.0,117329.0,125702.85714285714,135632.86666666667
2021-10-15,138700,127522.0,134765.0,130421.0,128455.0,134616.0,118461.0,136329.0,156474.0,118942.0,116042.0,125990.14285714286,134702.23333333334
2021-10-16,127522,109050.0,138700.0,134765.0,130421.0,116687.0,113157.0,122402.0,149956.0,119472.0,118942.0,126573.57142857143,133426.86666666667
2021-10-17,109050,117306.0,127522.0,138700.0,134765.0,113337.0,120008.0,117189.0,134734.0,106085.0,119472.0,128121.42857142857,132339.03333333333
2021-10-18,117306,118891.0,109050.0,127522.0,138700.0,123650.0,138989.0,133727.0,143830.0,104650.0,106085.0,127509.0,130758.23333333334
2021-10-19,118891,122707.0,117306.0,109050.0,127522.0,128455.0,126645.0,136749.0,144080.0,116323.0,104650.0,126602.71428571429,129669.9
2021-10-20,122707,126201.0,118891.0,117306.0,109050.0,130421.0,127627.0,123112.0,161347.0,120125.0,116323.0,125236.42857142857,129141.8
2021-10-21,126201,124472.0,122707.0,118891.0,117306.0,134765.0,132754.0,120583.0,163865.0,122147.0,120125.0,124134.42857142857,128437.7
2021-10-22,124472,108488.0,126201.0,122707.0,118891.0,138700.0,134616.0,118461.0,136329.0,125364.0,122147.0,122911.0,127841.73333333334
2021-10-23,108488,105809.0,124472.0,126201.0,122707.0,127522.0,116687.0,113157.0,122402.0,123335.0,125364.0,120878.42857142857,126612.56666666667
2021-10-24,105809,124399.0,108488.0,124472.0,126201.0,109050.0,113337.0,120008.0,117189.0,110835.0,123335.0,118159.28571428571,124766.66666666667
2021-10-25,124399,122736.0,105809.0,108488.0,124472.0,117306.0,123650.0,138989.0,133727.0,105630.0,110835.0,117696.28571428571,123749.33333333333
2021-10-26,122736,119791.0,124399.0,105809.0,108488.0,118891.0,128455.0,126645.0,136749.0,118637.0,105630.0,118709.57142857143,123815.9
2021-10-27,119791,118554.0,122736.0,124399.0,105809.0,122707.0,130421.0,127627.0,123112.0,117580.0,118637.0,119258.85714285714,124000.8
2021-10-28,118554,117986.0,119791.0,122736.0,124399.0,126201.0,134765.0,132754.0,120583.0,118593.0,117580.0,118842.28571428571,123536.26666666666
2021-10-29,117986,111022.0,118554.0,119791.0,122736.0,124472.0,138700.0,134616.0,118461.0,120202.0,118593.0,117749.85714285714,122929.76666666666
2021-10-30,111022,107613.0,117986.0,118554.0,119791.0,108488.0,127522.0,116687.0,113157.0,122224.0,120202.0,116823.28571428571,122758.9
2021-10-31,107613,116568.0,111022.0,117986.0,118554.0,105809.0,109050.0,113337.0,120008.0,112805.0,122224.0,117185.28571428571,122440.2
2021-11-01,116568,118536.0,107613.0,111022.0,117986.0,124399.0,117306.0,123650.0,138989.0,114855.0,112805.0,117443.0,122078.6
2021-11-02,118536,120557.0,116568.0,107613.0,111022.0,122736.0,118891.0,128455.0,126645.0,123419.0,114855.0,116324.28571428571,122192.3
2021-11-03,120557,122026.0,118536.0,116568.0,107613.0,119791.0,122707.0,130421.0,127627.0,122065.0,123419.0,115724.28571428571,122143.23333333334
2021-11-04,122026,122425.0,120557.0,118536.0,116568.0,118554.0,126201.0,134765.0,132754.0,120534.0,122065.0,115833.71428571429,121528.83333333333
2021-11-05,122425,111253.0,122026.0,120557.0,118536.0,117986.0,124472.0,138700.0,134616.0,118616.0,120534.0,116329.71428571429,121374.86666666667
2021-11-06,111253,115399.0,122425.0,122026.0,120557.0,111022.0,108488.0,127522.0,116687.0,117652.0,118616.0,116963.85714285714,121201.46666666666
2021-11-07,115399,119783.0,111253.0,122425.0,122026.0,107613.0,105809.0,109050.0,113337.0,108576.0,117652.0,116996.85714285714,120484.76666666666
2021-11-08,119783,121457.0,115399.0,111253.0,122425.0,116568.0,124399.0,117306.0,123650.0,107166.0,108576.0,118109.14285714286,119844.2
2021-11-09,121457,120398.0,119783.0,115399.0,111253.0,118536.0,122736.0,118891.0,128455.0,119150.0,107166.0,118568.42857142857,119947.4
2021-11-10,120398,118862.0,121457.0,119783.0,115399.0,120557.0,119791.0,122707.0,130421.0,121202.0,119150.0,118985.71428571429,120218.06666666667
2021-11-11,118862,122015.0,120398.0,121457.0,119783.0,122026.0,118554.0,126201.0,134765.0,122832.0,121202.0,118963.0,120109.66666666667
2021-11-12,122015,111370.0,118862.0,120398.0,121457.0,122425.0,117986.0,124472.0,138700.0,121526.0,122832.0,118511.0,119789.9
2021-11-13,111370,111389.0,122015.0,118862.0,120398.0,111253.0,111022.0,108488.0,127522.0,119467.0,121526.0,118452.42857142857,119509.7
2021-11-14,111389,125413.0,111370.0,122015.0,118862.0,115399.0,107613.0,105809.0,109050.0,109822.0,119467.0,118469.14285714286,118729.86666666667
2021-11-15,125413,126053.0,111389.0,111370.0,122015.0,119783.0,116568.0,124399.0,117306.0,109321.0,109822.0,117896.28571428571,117819.5
2021-11-16,126053,124707.0,125413.0,111389.0,111370.0,121457.0,118536.0,122736.0,118891.0,118680.0,109321.0,118700.57142857143,117749.2
2021-11-17,124707,122628.0,126053.0,125413.0,111389.0,120398.0,120557.0,119791.0,122707.0,122273.0,118680.0,119357.14285714286,118315.96666666666
2021-11-18,122628,123628.0,124707.0,126053.0,125413.0,118862.0,122026.0,118554.0,126201.0,128163.0,122273.0,119972.71428571429,118562.66666666667
2021-11-19,123628,115831.0,122628.0,124707.0,126053.0,122015.0,122425.0,117986.0,124472.0,126776.0,128163.0,120510.71428571429,118687.23333333334
2021-11-20,115831,112537.0,123628.0,122628.0,124707.0,111370.0,111253.0,111022.0,108488.0,120227.0,126776.0,120741.14285714286,118717.93333333333
2021-11-21,112537,124473.0,115831.0,123628.0,122628.0,111389.0,115399.0,107613.0,105809.0,108928.0,120227.0,121378.42857142857,118372.26666666666
2021-11-22,124473,129289.0,112537.0,115831.0,123628.0,125413.0,119783.0,116568.0,124399.0,109824.0,108928.0,121542.42857142857,117974.43333333333
2021-11-23,129289,128530.0,124473.0,112537.0,115831.0,126053.0,121457.0,118536.0,122736.0,119483.0,109824.0,121408.14285714286,118507.26666666666
2021-11-24,128530,112937.0,129289.0,124473.0,112537.0,124707.0,120398.0,120557.0,119791.0,121288.0,119483.0,121870.42857142857,119289.93333333333
2021-11-25,112937,119173.0,128530.0,129289.0,124473.0,122628.0,118862.0,122026.0,118554.0,119281.0,121288.0,122416.57142857143,119427.63333333333
2021-11-26,119173,119286.0,112937.0,128530.0,129289.0,123628.0,122015.0,122425.0,117986.0,109892.0,119281.0,121032.14285714286,119101.0
2021-11-27,119286,119589.0,119173.0,112937.0,128530.0,115831.0,111370.0,111253.0,111022.0,112019.0,109892.0,120395.71428571429,119080.4
2021-11-28,119589,130792.0,119286.0,119173.0,112937.0,112537.0,111389.0,115399.0,107613.0,108414.0,112019.0,120889.28571428571,119104.8
2021-11-29,130792,133370.0,119589.0,119286.0,119173.0,124473.0,125413.0,119783.0,116568.0,108279.0,108414.0,121896.71428571429,119158.23333333334
2021-11-30,133370,129347.0,130792.0,119589.0,119286.0,129289.0,126053.0,121457.0,118536.0,121164.0,108279.0,122799.42857142857,119817.23333333334
2021-12-01,129347,126233.0,133370.0,130792.0,119589.0,128530.0,124707.0,120398.0,120557.0,120096.0,121164.0,123382.42857142857,120675.8
2021-12-02,126233,125159.0,129347.0,133370.0,130792.0,112937.0,122628.0,118862.0,122026.0,125808.0,120096.0,123499.14285714286,121101.76666666666
2021-12-03,125159,119139.0,126233.0,129347.0,133370.0,119173.0,123628.0,122015.0,122425.0,125099.0,125808.0,125398.57142857143,121358.33333333333
2021-12-04,119139,115555.0,125159.0,126233.0,129347.0,119286.0,115831.0,111370.0,111253.0,123623.0,125099.0,126253.71428571429,121511.73333333334
2021-12-05,115555,125874.0,119139.0,125159.0,126233.0,119589.0,112537.0,111389.0,115399.0,116918.0,123623.0,126232.71428571429,121415.5
2021-12-06,125874,128524.0,115555.0,119139.0,125159.0,130792.0,124473.0,125413.0,119783.0,117329.0,116918.0,125656.42857142857,121186.5
2021-12-07,128524,131138.0,125874.0,115555.0,119139.0,133370.0,129289.0,126053.0,121457.0,129894.0,117329.0,124953.85714285714,121673.86666666667
2021-12-08,131138,132700.0,128524.0,125874.0,115555.0,129347.0,128530.0,124707.0,120398.0,133566.0,129894.0,124261.57142857143,122111.36666666667
2021-12-09,132700,128072.0,131138.0,128524.0,125874.0,126233.0,112937.0,122628.0,118862.0,133914.0,133566.0,124517.42857142857,122489.86666666667
2021-12-10,128072,116338.0,132700.0,131138.0,128524.0,125159.0,119173.0,123628.0,122015.0,128387.0,133914.0,125441.28571428571,122864.63333333333
2021-12-11,116338,115082.0,128072.0,132700.0,131138.0,119139.0,119286.0,115831.0,111370.0,125083.0,128387.0,125857.42857142857,123120.43333333333
2021-12-12,115082,125997.0,116338.0,128072.0,132700.0,115555.0,119589.0,112537.0,111389.0,115626.0,125083.0,125457.28571428571,123036.3
2021-12-13,125997,126500.0,115082.0,116338.0,128072.0,125874.0,130792.0,124473.0,125413.0,111408.0,115626.0,125389.71428571429,122805.2
2021-12-14,126500,126642.0,125997.0,115082.0,116338.0,128524.0,133370.0,129289.0,126053.0,127287.0,111408.0,125407.28571428571,123292.76666666666
2021-12-15,126642,124172.0,126500.0,125997.0,115082.0,131138.0,129347.0,128530.0,124707.0,131009.0,127287.0,125118.14285714286,123796.46666666666
2021-12-16,124172,120573.0,126642.0,126500.0,125997.0,132700.0,126233.0,112937.0,122628.0,137711.0,131009.0,124475.85714285714,123837.43333333333
2021-12-17,120573,117721.0,124172.0,126642.0,126500.0,128072.0,125159.0,119173.0,123628.0,137467.0,137711.0,123257.57142857143,123774.73333333334
2021-12-18,117721,118663.0,120573.0,124172.0,126642.0,116338.0,119139.0,119286.0,115831.0,139444.0,137467.0,122186.28571428571,123636.93333333333
2021-12-19,118663,133775.0,117721.0,120573.0,124172.0,115082.0,115555.0,119589.0,112537.0,130836.0,139444.0,122383.85714285714,123473.36666666667
2021-12-20,133775,132331.0,118663.0,117721.0,120573.0,125997.0,125874.0,130792.0,124473.0,125645.0,130836.0,122895.42857142857,123307.86666666667
2021-12-21,132331,128868.0,133775.0,118663.0,117721.0,126500.0,128524.0,133370.0,129289.0,130958.0,125645.0,124006.57142857143,123906.0
2021-12-22,128868,132307.0,132331.0,133775.0,118663.0,126642.0,131138.0,129347.0,128530.0,129218.0,130958.0,124839.57142857143,124565.8
2021-12-23,132307,124106.0,128868.0,132331.0,133775.0,124172.0,132700.0,126233.0,112937.0,128292.0,129218.0,125157.57142857143,124712.3
2021-12-24,124106,115095.0,132307.0,128868.0,132331.0,120573.0,128072.0,125159.0,119173.0,121602.0,128292.0,126319.71428571429,124812.9
2021-12-25,115095,113618.0,124106.0,132307.0,128868.0,117721.0,116338.0,119139.0,119286.0,113711.0,121602.0,126824.42857142857,124665.43333333333
2021-12-26,113618,127916.0,115095.0,124106.0,132307.0,118663.0,115082.0,115555.0,119589.0,123588.0,113711.0,126449.28571428571,124737.36666666667
2021-12-27,127916,125714.0,113618.0,115095.0,124106.0,133775.0,125997.0,125874.0,130792.0,122776.0,123588.0,125728.57142857143,124552.2
2021-12-28,125714,125574.0,127916.0,113618.0,115095.0,132331.0,126500.0,128524.0,133370.0,126574.0,122776.0,124891.57142857143,124839.86666666667
2021-12-29,125574,123116.0,125714.0,127916.0,113618.0,128868.0,126642.0,131138.0,129347.0,128663.0,126574.0,123946.28571428571,125044.03333333334
2021-12-30,123116,117546.0,125574.0,125714.0,127916.0,132307.0,124172.0,132700.0,126233.0,130838.0,128663.0,123475.71428571429,124870.1
2021-12-31,117546,111503.0,123116.0,125574.0,125714.0,124106.0,120573.0,128072.0,125159.0,125533.0,130838.0,122162.71428571429,124528.3
2022-01-01,111503,112459.0,117546.0,123116.0,125574.0,115095.0,117721.0,116338.0,119139.0,119140.0,125533.0,121225.57142857143,124134.93333333333
2022-01-02,112459,134716.0,111503.0,117546.0,123116.0,113618.0,118663.0,115082.0,115555.0,117017.0,119140.0,120712.42857142857,123643.93333333333
2022-01-03,134716,139254.0,112459.0,111503.0,117546.0,127916.0,133775.0,125997.0,125874.0,120616.0,117017.0,120546.85714285714,123220.6
2022-01-04,139254,134358.0,134716.0,112459.0,111503.0,125714.0,132331.0,126500.0,128524.0,128719.0,120616.0,121518.28571428571,123739.83333333333
2022-01-05,134358,132221.0,139254.0,134716.0,112459.0,125574.0,128868.0,126642.0,131138.0,128968.0,128719.0,123452.57142857143,124529.8
2022-01-06,132221,137445.0,134358.0,139254.0,134716.0,123116.0,132307.0,124172.0,132700.0,129542.0,128968.0,124707.42857142857,124812.6
2022-01-07,137445,133150.0,132221.0,134358.0,139254.0,117546.0,124106.0,120573.0,128072.0,130964.0,129542.0,126008.14285714286,124935.83333333333
2022-01-08,133150,127534.0,137445.0,132221.0,134358.0,111503.0,115095.0,117721.0,116338.0,132855.0,130964.0,128850.85714285714,125146.06666666667
2022-01-09,127534,138829.0,133150.0,137445.0,132221.0,112459.0,113618.0,118663.0,115082.0,125392.0,132855.0,131943.2857142857,125161.06666666667
2022-01-10,138829,148481.0,127534.0,133150.0,137445.0,134716.0,127916.0,133775.0,125997.0,121856.0,125392.0,134096.85714285713,125143.13333333333
2022-01-11,148481,142547.0,138829.0,127534.0,133150.0,139254.0,125714.0,132331.0,126500.0,133886.0,121856.0,134684.42857142858,125892.83333333333
2022-01-12,142547,133542.0,148481.0,138829.0,127534.0,134358.0,125574.0,128868.0,126642.0,130237.0,133886.0,136002.57142857142,127006.13333333333
2022-01-13,133542,133409.0,142547.0,148481.0,138829.0,132221.0,123116.0,132307.0,124172.0,128863.0,130237.0,137172.42857142858,127557.8
2022-01-14,133409,140347.0,133542.0,142547.0,148481.0,137445.0,117546.0,124106.0,120573.0,126268.0,128863.0,137361.14285714287,127792.53333333334
2022-01-15,140347,139718.0,133409.0,133542.0,142547.0,133150.0,111503.0,115095.0,117721.0,127490.0,126268.0,136784.57142857142,128018.1
2022-01-16,139718,135330.0,140347.0,133409.0,133542.0,127534.0,112459.0,113618.0,118663.0,118102.0,127490.0,137812.7142857143,128557.26666666666
2022-01-17,135330,139668.0,139718.0,140347.0,133409.0,138829.0,134716.0,127916.0,133775.0,117057.0,118102.0,139553.2857142857,129195.43333333333
2022-01-18,139668,135598.0,135330.0,139718.0,140347.0,148481.0,139254.0,125714.0,132331.0,122824.0,117057.0,139053.42857142858,129782.4
2022-01-19,135598,137146.0,139668.0,135330.0,139718.0,142547.0,134358.0,125574.0,128868.0,129324.0,122824.0,137794.42857142858,130482.56666666667
2022-01-20,137146,149322.0,135598.0,139668.0,135330.0,133542.0,132221.0,123116.0,132307.0,131120.0,129324.0,136801.7142857143,130543.33333333333
2022-01-21,149322,139874.0,137146.0,135598.0,139668.0,133409.0,137445.0,117546.0,124106.0,132003.0,131120.0,137316.57142857142,130703.83333333333
2022-01-22,139874,132244.0,149322.0,137146.0,135598.0,140347.0,133150.0,111503.0,115095.0,128305.0,132003.0,139589.85714285713,131385.63333333333
2022-01-23,132244,140301.0,139874.0,149322.0,137146.0,139718.0,127534.0,112459.0,113618.0,125923.0,128305.0,139522.2857142857,131637.86666666667
2022-01-24,140301,137320.0,132244.0,139874.0,149322.0,135330.0,138829.0,134716.0,127916.0,128382.0,125923.0,138454.57142857142,131909.13333333333
2022-01-25,137320,144575.0,140301.0,132244.0,139874.0,139668.0,148481.0,139254.0,125714.0,136576.0,128382.0,139164.7142857143,132749.33333333334
2022-01-26,144575,145739.0,137320.0,140301.0,132244.0,135598.0,142547.0,134358.0,125574.0,135932.0,136576.0,138829.2857142857,133539.4
2022-01-27,145739,142816.0,144575.0,137320.0,140301.0,137146.0,133542.0,132221.0,123116.0,134036.0,135932.0,140111.7142857143,134094.7
2022-01-28,142816,142200.0,145739.0,144575.0,137320.0,149322.0,133409.0,137445.0,117546.0,138145.0,134036.0,141339.2857142857,134762.2
2022-01-29,142200,142253.0,142816.0,145739.0,144575.0,139874.0,140347.0,133150.0,111503.0,146437.0,138145.0,140409.85714285713,135336.93333333332
2022-01-30,142253,147344.0,142200.0,142816.0,145739.0,132244.0,139718.0,127534.0,112459.0,136292.0,146437.0,140742.14285714287,135973.06666666668
2022-01-31,147344,142802.0,142253.0,142200.0,142816.0,140301.0,135330.0,138829.0,134716.0,135216.0,136292.0,142172.0,136796.63333333333
2022-02-01,142802,137071.0,147344.0,142253.0,142200.0,137320.0,139668.0,148481.0,139254.0,140057.0,135216.0,143178.14285714287,137991.33333333334
2022-02-02,137071,133348.0,142802.0,147344.0,142253.0,144575.0,135598.0,142547.0,134358.0,137952.0,140057.0,143961.2857142857,139002.76666666666
2022-02-03,133348,135853.0,137071.0,142802.0,147344.0,145739.0,137146.0,133542.0,132221.0,138779.0,137952.0,142889.2857142857,139081.26666666666
2022-02-04,135853,135098.0,133348.0,137071.0,142802.0,142816.0,149322.0,133409.0,137445.0,135223.0,138779.0,141119.14285714287,138884.4
2022-02-05,135098,134794.0,135853.0,133348.0,137071.0,142200.0,139874.0,140347.0,133150.0,130750.0,135223.0,140124.42857142858,138934.23333333334
2022-02-06,134794,140534.0,135098.0,135853.0,133348.0,142253.0,132244.0,139718.0,127534.0,122034.0,130750.0,139109.85714285713,139030.13333333333
2022-02-07,140534,134807.0,134794.0,135098.0,135853.0,147344.0,140301.0,135330.0,138829.0,125601.0,122034.0,138044.2857142857,138941.76666666666
2022-02-08,134807,134151.0,140534.0,134794.0,135098.0,142802.0,137320.0,139668.0,148481.0,141172.0,125601.0,137071.42857142858,139187.9
2022-02-09,134151,129433.0,134807.0,140534.0,134794.0,137071.0,144575.0,135598.0,142547.0,140180.0,141172.0,135929.2857142857,139430.33333333334
2022-02-10,129433,126087.0,134151.0,134807.0,140534.0,133348.0,145739.0,137146.0,133542.0,138469.0,140180.0,135512.14285714287,139274.4
2022-02-11,126087,114792.0,129433.0,134151.0,134807.0,135853.0,142816.0,149322.0,133409.0,139773.0,138469.0,134952.85714285713,138639.46666666667
2022-02-12,114792,123675.0,126087.0,129433.0,134151.0,135098.0,142200.0,139874.0,140347.0,140363.0,139773.0,133557.7142857143,138090.8
2022-02-13,123675,145185.0,114792.0,126087.0,129433.0,134794.0,142253.0,132244.0,139718.0,132183.0,140363.0,130656.85714285714,137465.8
2022-02-14,145185,146849.0,123675.0,114792.0,126087.0,140534.0,147344.0,140301.0,135330.0,126416.0,132183.0,129068.42857142857,137141.33333333334
2022-02-15,146849,137341.0,145185.0,123675.0,114792.0,134807.0,142802.0,137320.0,139668.0,130360.0,126416.0,129732.85714285714,137302.6
2022-02-16,137341,125473.0,146849.0,145185.0,123675.0,134151.0,137071.0,144575.0,135598.0,129738.0,130360.0,131453.14285714287,137540.3
2022-02-17,125473,126067.0,137341.0,146849.0,145185.0,129433.0,133348.0,145739.0,137146.0,135983.0,129738.0,131908.85714285713,137607.33333333334
2022-02-18,126067,125608.0,125473.0,137341.0,146849.0,126087.0,135853.0,142816.0,149322.0,140048.0,135983.0,131343.14285714287,137134.16666666666
2022-02-19,125608,126100.0,126067.0,125473.0,137341.0,114792.0,135098.0,142200.0,139874.0,138927.0,140048.0,131340.2857142857,136816.46666666667
2022-02-20,126100,123351.0,125608.0,126067.0,125473.0,123675.0,134794.0,142253.0,132244.0,128536.0,138927.0,132885.42857142858,136431.86666666667
2022-02-21,123351,126094.0,126100.0,125608.0,126067.0,145185.0,140534.0,147344.0,140301.0,126574.0,128536.0,133231.85714285713,135657.8
2022-02-22,126094,122394.0,123351.0,126100.0,125608.0,146849.0,134807.0,142802.0,137320.0,136545.0,126574.0,130112.71428571429,135107.03333333333
2022-02-23,122394,132698.0,126094.0,123351.0,126100.0,137341.0,134151.0,137071.0,144575.0,131994.0,136545.0,127147.71428571429,134902.03333333333
2022-02-24,132698,135833.0,122394.0,126094.0,123351.0,125473.0,129433.0,133348.0,145739.0,126791.0,131994.0,125012.42857142857,134305.13333333333
2022-02-25,135833,127373.0,132698.0,122394.0,126094.0,126067.0,126087.0,135853.0,142816.0,125507.0,126791.0,126044.57142857143,134151.06666666668
2022-02-26,127373,121680.0,135833.0,132698.0,122394.0,125608.0,114792.0,135098.0,142200.0,126063.0,125507.0,127439.71428571429,133859.66666666666
2022-02-27,121680,135424.0,127373.0,135833.0,132698.0,126100.0,123675.0,134794.0,142253.0,118029.0,126063.0,127691.85714285714,133247.46666666667
2022-02-28,135424,133820.0,121680.0,127373.0,135833.0,123351.0,145185.0,140534.0,147344.0,116302.0,118029.0,127060.42857142857,132542.93333333332
2022-03-01,133820,126844.0,135424.0,121680.0,127373.0,126094.0,146849.0,134807.0,142802.0,127058.0,116302.0,128785.14285714286,132317.06666666668
2022-03-02,126844,128567.0,133820.0,135424.0,121680.0,122394.0,137341.0,134151.0,137071.0,135634.0,127058.0,129888.85714285714,132035.96666666667
2022-03-03,128567,134410.0,126844.0,133820.0,135424.0,132698.0,125473.0,129433.0,133348.0,128236.0,135634.0,130524.57142857143,131352.63333333333
2022-03-04,134410,120758.0,128567.0,126844.0,133820.0,135833.0,126067.0,126087.0,135853.0,128077.0,128236.0,129934.42857142857,130878.13333333333
2022-03-05,120758,113970.0,134410.0,128567.0,126844.0,127373.0,125608.0,114792.0,135098.0,133762.0,128077.0,129731.14285714286,130789.43333333333
2022-03-06,113970,121327.0,120758.0,134410.0,128567.0,121680.0,126100.0,123675.0,134794.0,124363.0,133762.0,128786.14285714286,130369.76666666666
2022-03-07,121327,122942.0,113970.0,120758.0,134410.0,135424.0,123351.0,145185.0,140534.0,121035.0,124363.0,127684.71428571429,129640.33333333333
2022-03-08,122942,130529.0,121327.0,113970.0,120758.0,133820.0,126094.0,146849.0,134807.0,130321.0,121035.0,125670.85714285714,129181.3
2022-03-09,130529,127333.0,122942.0,121327.0,113970.0,126844.0,122394.0,137341.0,134151.0,122402.0,130321.0,124116.85714285714,128786.23333333334
2022-03-10,127333,123577.0,130529.0,122942.0,121327.0,128567.0,132698.0,125473.0,129433.0,120607.0,122402.0,124643.28571428571,128452.73333333334
2022-03-11,123577,122876.0,127333.0,130529.0,122942.0,134410.0,135833.0,126067.0,126087.0,118569.0,120607.0,124467.0,128203.6
2022-03-12,122876,121006.0,123577.0,127333.0,130529.0,120758.0,127373.0,125608.0,114792.0,115813.0,118569.0,122919.42857142857,127851.13333333333
2022-03-13,121006,128418.0,122876.0,123577.0,127333.0,113970.0,121680.0,126100.0,123675.0,110810.0,115813.0,123222.0,127632.56666666667
2022-03-14,128418,121734.0,121006.0,122876.0,123577.0,121327.0,135424.0,123351.0,145185.0,106228.0,110810.0,124227.14285714286,127463.2
2022-03-15,121734,119402.0,128418.0,121006.0,122876.0,122942.0,133820.0,126094.0,146849.0,130016.0,106228.0,125240.14285714286,127917.4
2022-03-16,119402,122410.0,121734.0,128418.0,121006.0,130529.0,126844.0,122394.0,137341.0,132268.0,130016.0,125067.57142857143,127852.7
2022-03-17,122410,119331.0,119402.0,121734.0,128418.0,127333.0,128567.0,132698.0,125473.0,127813.0,132268.0,123478.0,126993.26666666666
2022-03-18,119331,110001.0,122410.0,119402.0,121734.0,123577.0,134410.0,135833.0,126067.0,125791.0,127813.0,122774.71428571429,126178.63333333333
2022-03-19,110001,107618.0,119331.0,122410.0,119402.0,122876.0,120758.0,127373.0,125608.0,126141.0,125791.0,122168.14285714286,125578.3
2022-03-20,107618,118396.0,110001.0,119331.0,122410.0,121006.0,113970.0,121680.0,126100.0,114326.0,126141.0,120328.85714285714,125062.56666666667
2022-03-21,118396,118589.0,107618.0,110001.0,119331.0,128418.0,121327.0,135424.0,123351.0,108863.0,114326.0,118416.28571428571,124447.6
2022-03-22,118589,122808.0,118396.0,107618.0,110001.0,121734.0,122942.0,133820.0,126094.0,118163.0,108863.0,116984.57142857143,124207.2
2022-03-23,122808,126310.0,118589.0,118396.0,107618.0,119402.0,130529.0,126844.0,122394.0,117592.0,118163.0,116535.28571428571,123956.83333333333
2022-03-24,126310,121464.0,122808.0,118589.0,118396.0,122410.0,127333.0,128567.0,132698.0,119037.0,117592.0,117021.85714285714,123938.73333333334
2022-03-25,121464,111324.0,126310.0,122808.0,118589.0,119331.0,123577.0,134410.0,135833.0,117259.0,119037.0,117579.0,123945.93333333333
2022-03-26,111324,113300.0,121464.0,126310.0,122808.0,110001.0,122876.0,120758.0,127373.0,116519.0,117259.0,117883.71428571429,123914.93333333333
2022-03-27,113300,135881.0,111324.0,121464.0,126310.0,107618.0,121006.0,113970.0,121680.0,104347.0,116519.0,118072.71428571429,123202.46666666666
2022-03-28,135881,137056.0,113300.0,111324.0,121464.0,118396.0,128418.0,121327.0,135424.0,105956.0,104347.0,118884.42857142857,122451.36666666667
2022-03-29,137056,131818.0,135881.0,113300.0,111324.0,118589.0,121734.0,122942.0,133820.0,114360.0,105956.0,121382.28571428571,122734.96666666666
2022-03-30,131818,124378.0,137056.0,135881.0,113300.0,122808.0,119402.0,130529.0,126844.0,114118.0,114360.0,124020.42857142857,123247.5
2022-03-31,124378,120710.0,131818.0,137056.0,135881.0,126310.0,122410.0,127333.0,128567.0,114786.0,114118.0,125307.57142857143,123127.3
2022-04-01,120710,111925.0,124378.0,131818.0,137056.0,121464.0,119331.0,123577.0,134410.0,116292.0,114786.0,125031.57142857143,122812.56666666667
2022-04-02,111925,112753.0,120710.0,124378.0,131818.0,111324.0,110001.0,122876.0,120758.0,120447.0,116292.0,124923.85714285714,122608.1
2022-04-03,112753,122503.0,111925.0,120710.0,124378.0,113300.0,107618.0,121006.0,113970.0,111331.0,120447.0,125009.71428571429,122053.36666666667
2022-04-04,122503,122367.0,112753.0,111925.0,120710.0,135881.0,118396.0,128418.0,121327.0,104967.0,111331.0,124931.57142857143,121331.46666666666
2022-04-05,122367,124394.0,122503.0,112753.0,111925.0,137056.0,118589.0,121734.0,122942.0,114036.0,104967.0,123020.42857142857,121389.63333333333
2022-04-06,124394,125764.0,122367.0,122503.0,112753.0,131818.0,122808.0,119402.0,130529.0,113346.0,114036.0,120922.0,121669.53333333334
2022-04-07,125764,119287.0,124394.0,122367.0,122503.0,124378.0,126310.0,122410.0,127333.0,113367.0,113346.0,119861.42857142857,121771.76666666666
2022-04-08,119287,109426.0,125764.0,124394.0,122367.0,120710.0,121464.0,119331.0,123577.0,113231.0,113367.0,120059.42857142857,121865.83333333333
2022-04-09,109426,109935.0,119287.0,125764.0,124394.0,111925.0,111324.0,110001.0,122876.0,113740.0,113231.0,119856.14285714286,121491.1
2022-04-10,109935,120604.0,109426.0,119287.0,125764.0,112753.0,113300.0,107618.0,121006.0,105504.0,113740.0,119499.14285714286,120894.2
2022-04-11,120604,120024.0,109935.0,109426.0,119287.0,122503.0,135881.0,118396.0,128418.0,105602.0,105504.0,119096.57142857143,120439.46666666666
2022-04-12,120024,119341.0,120604.0,109935.0,109426.0,122367.0,137056.0,118589.0,121734.0,117678.0,105602.0,118825.28571428571,120363.73333333334
2022-04-13,119341,124219.0,120024.0,120604.0,109935.0,124394.0,131818.0,122808.0,119402.0,115146.0,117678.0,118490.57142857143,120331.0
2022-04-14,124219,114675.0,119341.0,120024.0,120604.0,125764.0,124378.0,126310.0,122410.0,114547.0,115146.0,117768.71428571429,120028.43333333333
2022-04-15,114675,106763.0,124219.0,119341.0,120024.0,119287.0,120710.0,121464.0,119331.0,116273.0,114547.0,117548.0,120111.26666666666
2022-04-16,106763,104143.0,114675.0,124219.0,119341.0,109426.0,111925.0,111324.0,110001.0,115586.0,116273.0,116889.14285714286,119953.7
2022-04-17,104143,118648.0,106763.0,114675.0,124219.0,109935.0,112753.0,113300.0,107618.0,106596.0,115586.0,116508.71428571429,119432.13333333333
2022-04-18,118648,121388.0,104143.0,106763.0,114675.0,120604.0,122503.0,135881.0,118396.0,103432.0,106596.0,115681.28571428571,118925.86666666667
2022-04-19,121388,118785.0,118648.0,104143.0,106763.0,120024.0,122367.0,137056.0,118589.0,113034.0,103432.0,115401.85714285714,119214.1
2022-04-20,118785,117962.0,121388.0,118648.0,104143.0,119341.0,124394.0,131818.0,122808.0,113496.0,113034.0,115596.71428571429,119673.1
2022-04-21,117962,115266.0,118785.0,121388.0,118648.0,124219.0,125764.0,124378.0,126310.0,113972.0,113496.0,115517.28571428571,119686.06666666667
2022-04-22,115266,104963.0,117962.0,118785.0,121388.0,114675.0,119287.0,120710.0,121464.0,117557.0,113972.0,114623.42857142857,119665.16666666667
2022-04-23,104963,103141.0,115266.0,117962.0,118785.0,106763.0,109426.0,111925.0,111324.0,114808.0,117557.0,114707.85714285714,119413.76666666666
2022-04-24,103141,116707.0,104963.0,115266.0,117962.0,104143.0,109935.0,112753.0,113300.0,103866.0,114808.0,114450.71428571429,118702.2
2022-04-25,116707,117936.0,103141.0,104963.0,115266.0,118648.0,120604.0,122503.0,135881.0,103336.0,103866.0,114307.57142857143,118091.43333333333
2022-04-26,117936,117033.0,116707.0,103141.0,104963.0,121388.0,120024.0,122367.0,137056.0,113175.0,103336.0,114030.28571428571,118270.86666666667
2022-04-27,117033,118417.0,117936.0,116707.0,103141.0,118785.0,119341.0,124394.0,131818.0,113664.0,113175.0,113537.14285714286,118425.4
2022-04-28,118417,116328.0,117033.0,117936.0,116707.0,117962.0,124219.0,125764.0,124378.0,116211.0,113664.0,113286.85714285714,117797.13333333333
2022-04-29,116328,105598.0,118417.0,117033.0,117936.0,115266.0,114675.0,119287.0,120710.0,119535.0,116211.0,113351.85714285714,117175.83333333333
2022-04-30,105598,103273.0,116328.0,118417.0,117033.0,104963.0,106763.0,109426.0,111925.0,115848.0,119535.0,113503.57142857143,116659.5
2022-05-01,103273,116909.0,105598.0,116328.0,118417.0,103141.0,104143.0,109935.0,112753.0,103765.0,115848.0,113594.28571428571,116033.5
2022-05-02,116909,116246.0,103273.0,105598.0,116328.0,116707.0,118648.0,120604.0,122503.0,104744.0,103765.0,113613.14285714286,115452.26666666666
2022-05-03,116246,118020.0,116909.0,103273.0,105598.0,117936.0,121388.0,120024.0,122367.0,116045.0,104744.0,113642.0,115618.4
2022-05-04,118020,117381.0,116246.0,116909.0,103273.0,117033.0,118785.0,119341.0,124394.0,115824.0,116045.0,113400.57142857143,115734.83333333333
2022-05-05,117381,117185.0,118020.0,116246.0,116909.0,118417.0,117962.0,124219.0,125764.0,115496.0,115824.0,113541.57142857143,115585.4
2022-05-06,117185,110153.0,117381.0,118020.0,116246.0,116328.0,115266.0,114675.0,119287.0,112628.0,115496.0,113393.57142857143,115419.2
2022-05-07,110153,105750.0,117185.0,117381.0,118020.0,105598.0,104963.0,106763.0,109426.0,111869.0,112628.0,113516.0,115178.9
2022-05-08,105750,115489.0,110153.0,117185.0,117381.0,103273.0,103141.0,104143.0,109935.0,104435.0,111869.0,114166.71428571429,114658.53333333334
2022-05-09,115489,115833.0,105750.0,110153.0,117185.0,116909.0,116707.0,118648.0,120604.0,101730.0,104435.0,114520.57142857143,114207.3
2022-05-10,115833,116769.0,115489.0,105750.0,110153.0,116246.0,117936.0,121388.0,120024.0,113642.0,101730.0,114317.71428571429,114409.4
2022-05-11,116769,120169.0,115833.0,115489.0,105750.0,118020.0,117033.0,118785.0,119341.0,112533.0,113642.0,114258.71428571429,114606.0
2022-05-12,120169,122073.0,116769.0,115833.0,115489.0,117381.0,118417.0,117962.0,124219.0,112466.0,112533.0,114080.0,114478.16666666667
2022-05-13,122073,113959.0,120169.0,116769.0,115833.0,117185.0,116328.0,115266.0,114675.0,112234.0,112466.0,114478.28571428571,114483.0
2022-05-14,113959,113589.0,122073.0,120169.0,116769.0,110153.0,105598.0,104963.0,106763.0,114713.0,112234.0,115176.57142857143,114574.06666666667
2022-05-15,113589,132166.0,113959.0,122073.0,120169.0,105750.0,103273.0,103141.0,104143.0,106969.0,114713.0,115720.28571428571,114232.06666666667
2022-05-16,132166,125326.0,113589.0,113959.0,122073.0,115489.0,116909.0,116707.0,118648.0,106379.0,106969.0,116840.14285714286,114195.86666666667
2022-05-17,125326,121073.0,132166.0,113589.0,113959.0,115833.0,116246.0,117936.0,121388.0,119562.0,106379.0,119222.57142857143,115042.63333333333
2022-05-18,121073,120697.0,125326.0,132166.0,113589.0,116769.0,118020.0,117033.0,118785.0,125449.0,119562.0,120578.71428571429,115748.73333333334
2022-05-19,120697,121752.0,121073.0,125326.0,132166.0,120169.0,117381.0,118417.0,117962.0,135636.0,125449.0,121193.57142857143,115829.56666666667
2022-05-20,121752,129498.0,120697.0,121073.0,125326.0,122073.0,117185.0,116328.0,115266.0,127285.0,135636.0,121269.0,115806.53333333334
2022-05-21,129498,147492.0,121752.0,120697.0,121073.0,113959.0,110153.0,105598.0,104963.0,125978.0,127285.0,121223.14285714286,115905.43333333333
2022-05-22,147492,137095.0,129498.0,121752.0,120697.0,113589.0,105750.0,103273.0,103141.0,131007.0,125978.0,123443.0,116289.96666666666
2022-05-23,137095,125399.0,147492.0,129498.0,121752.0,132166.0,115489.0,116909.0,116707.0,143933.0,131007.0,128286.28571428571,117364.16666666667
2022-05-24,125399,121071.0,137095.0,147492.0,129498.0,125326.0,115833.0,116246.0,117936.0,128641.0,143933.0,128990.42857142857,118435.23333333334
2022-05-25,121071,121600.0,125399.0,137095.0,147492.0,121073.0,116769.0,118020.0,117033.0,124219.0,128641.0,129000.85714285714,119177.16666666667
2022-05-26,121600,133313.0,121071.0,125399.0,137095.0,120697.0,120169.0,117381.0,118417.0,143580.0,124219.0,129000.57142857143,119322.63333333333
2022-05-27,133313,122247.0,121600.0,121071.0,125399.0,121752.0,122073.0,117185.0,116328.0,144678.0,143580.0,129129.57142857143,119444.76666666666
2022-05-28,122247,116688.0,133313.0,121600.0,121071.0,129498.0,113959.0,110153.0,105598.0,121714.0,144678.0,130781.14285714286,119987.43333333333
2022-05-29,116688,133272.0,122247.0,133313.0,121600.0,147492.0,113589.0,105750.0,103273.0,105407.0,121714.0,129745.28571428571,120115.1
2022-05-30,133272,175375.0,116688.0,122247.0,133313.0,137095.0,132166.0,115489.0,116909.0,104357.0,105407.0,125344.71428571429,120127.1
2022-05-31,175375,138381.0,133272.0,116688.0,122247.0,125399.0,125326.0,115833.0,116246.0,104281.0,104357.0,124798.57142857143,121049.56666666667
2022-06-01,138381,144168.0,175375.0,133272.0,116688.0,121071.0,121073.0,116769.0,118020.0,118089.0,104281.0,131938.0,123452.96666666666
2022-06-02,144168,140673.0,138381.0,175375.0,133272.0,121600.0,120697.0,120169.0,117381.0,122150.0,118089.0,134410.85714285713,124168.7
2022-06-03,140673,127057.0,144168.0,138381.0,175375.0,133313.0,121752.0,122073.0,117185.0,125374.0,122150.0,137634.85714285713,125099.43333333333
2022-06-04,127057,119538.0,140673.0,144168.0,138381.0,122247.0,129498.0,113959.0,110153.0,134942.0,125374.0,138686.2857142857,125854.53333333334
2022-06-05,119538,137896.0,127057.0,140673.0,144168.0,116688.0,147492.0,113589.0,105750.0,139282.0,134942.0,139373.42857142858,126177.06666666667
2022-06-06,137896,140917.0,119538.0,127057.0,140673.0,133272.0,137095.0,132166.0,115489.0,157383.0,139282.0,139780.57142857142,126255.5
2022-06-07,140917,155202.0,137896.0,119538.0,127057.0,175375.0,125399.0,125326.0,115833.0,182078.0,157383.0,140441.14285714287,127180.26666666666
2022-06-08,155202,158163.0,140917.0,137896.0,119538.0,138381.0,121071.0,121073.0,116769.0,183066.0,182078.0,135518.57142857142,128352.5
2022-06-09,158163,143138.0,155202.0,140917.0,137896.0,144168.0,121600.0,120697.0,120169.0,185200.0,183066.0,137921.57142857142,129676.26666666666
2022-06-10,143138,129673.0,158163.0,155202.0,140917.0,140673.0,133313.0,121752.0,122073.0,164490.0,185200.0,139920.85714285713,131087.26666666666
2022-06-11,129673,124392.0,143138.0,158163.0,155202.0,127057.0,122247.0,129498.0,113959.0,133401.0,164490.0,140273.0,131966.23333333334
2022-06-12,124392,160107.0,129673.0,143138.0,158163.0,119538.0,116688.0,147492.0,113589.0,118807.0,133401.0,140646.7142857143,132283.03333333333
2022-06-13,160107,152013.0,124392.0,129673.0,143138.0,137896.0,133272.0,137095.0,132166.0,117076.0,118807.0,141340.14285714287,132360.33333333334
2022-06-14,152013,154053.0,160107.0,124392.0,129673.0,140917.0,175375.0,125399.0,125326.0,134552.0,117076.0,144513.14285714287,133898.6
2022-06-15,154053,142516.0,152013.0,160107.0,124392.0,155202.0,138381.0,121071.0,121073.0,142937.0,134552.0,146098.2857142857,135179.4
2022-06-16,142516,161751.0,154053.0,152013.0,160107.0,158163.0,144168.0,121600.0,120697.0,135297.0,142937.0,145934.14285714287,135908.96666666667
2022-06-17,161751,125441.0,142516.0,154053.0,152013.0,143138.0,140673.0,133313.0,121752.0,132504.0,135297.0,143698.85714285713,136481.96666666667
2022-06-18,125441,109016.0,161751.0,142516.0,154053.0,129673.0,127057.0,122247.0,129498.0,141117.0,132504.0,146357.85714285713,137837.9
2022-06-19,109016,126826.0,125441.0,161751.0,142516.0,124392.0,119538.0,116688.0,147492.0,144873.0,141117.0,145753.2857142857,137996.03333333333
2022-06-20,126826,139512.0,109016.0,125441.0,161751.0,160107.0,137896.0,133272.0,137095.0,147051.0,144873.0,143556.7142857143,137571.5
2022-06-21,139512,134420.0,126826.0,109016.0,125441.0,152013.0,140917.0,175375.0,125399.0,180010.0,147051.0,138802.2857142857,137482.43333333332
2022-06-22,134420,133783.0,139512.0,126826.0,109016.0,154053.0,155202.0,138381.0,121071.0,155375.0,180010.0,137016.42857142858,137216.43333333332
2022-06-23,133783,143764.0,134420.0,139512.0,126826.0,142516.0,158163.0,144168.0,121600.0,129862.0,155375.0,134211.7142857143,137127.26666666666
2022-06-24,143764,149562.0,133783.0,134420.0,139512.0,161751.0,143138.0,140673.0,133313.0,133803.0,129862.0,132964.14285714287,137406.73333333334
2022-06-25,149562,155264.0,143764.0,133783.0,134420.0,125441.0,129673.0,127057.0,122247.0,138370.0,133803.0,130394.57142857143,138163.16666666666
2022-06-26,155264,164152.0,149562.0,143764.0,133783.0,109016.0,124392.0,119538.0,116688.0,147001.0,138370.0,133840.42857142858,139095.23333333334
2022-06-27,164152,148109.0,155264.0,149562.0,143764.0,126826.0,160107.0,137896.0,133272.0,159179.0,147001.0,140447.2857142857,139826.93333333332
2022-06-28,148109,153946.0,164152.0,155264.0,149562.0,139512.0,152013.0,140917.0,175375.0,194131.0,159179.0,145779.57142857142,141223.76666666666
2022-06-29,153946,162912.0,148109.0,164152.0,155264.0,134420.0,154053.0,155202.0,138381.0,206885.0,194131.0,147007.7142857143,142271.13333333333
2022-06-30,162912,179043.0,153946.0,148109.0,164152.0,133783.0,142516.0,158163.0,144168.0,212086.0,206885.0,149797.14285714287,142960.26666666666
2022-07-01,179043,170430.0,162912.0,153946.0,148109.0,143764.0,161751.0,143138.0,140673.0,185946.0,212086.0,153958.42857142858,142544.83333333334
2022-07-02,170430,154052.0,179043.0,162912.0,153946.0,149562.0,125441.0,129673.0,127057.0,161877.0,185946.0,158998.2857142857,143900.23333333334
2022-07-03,154052,144918.0,170430.0,179043.0,162912.0,155264.0,109016.0,124392.0,119538.0,120541.0,161877.0,161979.42857142858,144775.63333333333
2022-07-04,144918,166529.0,154052.0,170430.0,179043.0,164152.0,126826.0,160107.0,137896.0,118334.0,120541.0,161806.2857142857,145221.6
2022-07-05,166529,177523.0,144918.0,154052.0,170430.0,148109.0,139512.0,152013.0,140917.0,141039.0,118334.0,159058.57142857142,145816.96666666667
2022-07-06,177523,167089.0,166529.0,144918.0,154052.0,153946.0,134420.0,154053.0,155202.0,178255.0,141039.0,161690.0,147383.33333333334
2022-07-07,167089,163633.0,177523.0,166529.0,144918.0,162912.0,133783.0,142516.0,158163.0,190084.0,178255.0,165058.14285714287,148704.23333333334
2022-07-08,163633,150168.0,167089.0,177523.0,166529.0,179043.0,143764.0,161751.0,143138.0,184239.0,190084.0,165654.85714285713,149576.63333333333
2022-07-09,150168,139373.0,163633.0,167089.0,177523.0,170430.0,149562.0,125441.0,129673.0,172232.0,184239.0,163453.42857142858,149857.66666666666
2022-07-10,139373,157769.0,150168.0,163633.0,167089.0,154052.0,155264.0,109016.0,124392.0,152105.0,172232.0,160558.85714285713,149591.16666666666
2022-07-11,157769,174348.0,139373.0,150168.0,163633.0,144918.0,164152.0,126826.0,160107.0,146754.0,152105.0,158461.85714285713,149465.66666666666
2022-07-12,174348,184608.0,157769.0,139373.0,150168.0,166529.0,148109.0,139512.0,152013.0,176422.0,146754.0,160297.7142857143,150402.2
2022-07-13,184608,183502.0,174348.0,157769.0,139373.0,177523.0,153946.0,134420.0,154053.0,157758.0,176422.0,161414.7142857143,152067.4
2022-07-14,183502,171094.0,184608.0,174348.0,157769.0,167089.0,162912.0,133783.0,142516.0,169728.0,157758.0,162426.85714285713,152884.1
2022-07-15,171094,158680.0,183502.0,184608.0,174348.0,163633.0,179043.0,143764.0,161751.0,183799.0,169728.0,164771.57142857142,153933.73333333334
2022-07-16,158680,159519.0,171094.0,183502.0,184608.0,150168.0,170430.0,149562.0,125441.0,198095.0,183799.0,165837.42857142858,154501.76666666666
2022-07-17,159519,184640.0,158680.0,171094.0,183502.0,139373.0,154052.0,155264.0,109016.0,181974.0,198095.0,167053.42857142858,155040.56666666668
2022-07-18,184640,190594.0,159519.0,158680.0,171094.0,157769.0,144918.0,164152.0,126826.0,163541.0,181974.0,169931.42857142858,154966.16666666666
2022-07-19,190594,204640.0,184640.0,159519.0,158680.0,174348.0,166529.0,148109.0,139512.0,167678.0,163541.0,173770.14285714287,156939.46666666667
2022-07-20,204640,210299.0,190594.0,184640.0,159519.0,184608.0,177523.0,153946.0,134420.0,178188.0,167678.0,176091.0,159658.73333333334
2022-07-21,210299,203448.0,204640.0,190594.0,184640.0,183502.0,167089.0,162912.0,133783.0,172786.0,178188.0,178952.7142857143,162252.53333333333
2022-07-22,203448,190168.0,210299.0,204640.0,190594.0,171094.0,163633.0,179043.0,143764.0,157731.0,172786.0,182780.85714285713,164612.1
2022-07-23,190168,194414.0,203448.0,210299.0,204640.0,158680.0,150168.0,170430.0,149562.0,153539.0,157731.0,187402.85714285713,166913.03333333333
2022-07-24,194414,211703.0,190168.0,203448.0,210299.0,159519.0,139373.0,154052.0,155264.0,144541.0,153539.0,191901.14285714287,168792.53333333333
2022-07-25,211703,179363.0,194414.0,190168.0,203448.0,184640.0,157769.0,144918.0,164152.0,150491.0,144541.0,196886.14285714287,170480.86666666667
2022-07-26,179363,174823.0,211703.0,194414.0,190168.0,190594.0,174348.0,166529.0,148109.0,181389.0,150491.0,200752.2857142857,172552.23333333334
2022-07-27,174823,193239.0,179363.0,211703.0,194414.0,204640.0,184608.0,177523.0,153946.0,181143.0,181389.0,199147.85714285713,173355.53333333333
2022-07-28,193239,185361.0,174823.0,179363.0,211703.0,210299.0,183502.0,167089.0,162912.0,170345.0,181143.0,194888.2857142857,173711.23333333334
2022-07-29,185361,165175.0,193239.0,174823.0,179363.0,203448.0,171094.0,163633.0,179043.0,164946.0,170345.0,192451.14285714287,175215.56666666668
2022-07-30,165175,160843.0,185361.0,193239.0,174823.0,190168.0,158680.0,150168.0,170430.0,157158.0,164946.0,189867.2857142857,176262.73333333334
2022-07-31,160843,165984.0,165175.0,185361.0,193239.0,194414.0,159519.0,139373.0,154052.0,129226.0,157158.0,186296.85714285713,176338.16666666666
2022-08-01,165984,184097.0,160843.0,165175.0,185361.0,211703.0,184640.0,157769.0,144918.0,132174.0,129226.0,181501.0,175731.5
2022-08-02,184097,188058.0,165984.0,160843.0,165175.0,179363.0,190594.0,174348.0,166529.0,145959.0,132174.0,174969.7142857143,175583.3
2022-08-03,188058,198706.0,184097.0,165984.0,160843.0,174823.0,204640.0,184608.0,177523.0,143955.0,145959.0,175646.0,176584.8
2022-08-04,198706,194961.0,188058.0,184097.0,165984.0,193239.0,210299.0,183502.0,167089.0,144567.0,143955.0,177536.7142857143,178022.8
2022-08-05,194961,186868.0,198706.0,188058.0,184097.0,185361.0,203448.0,171094.0,163633.0,149371.0,144567.0,178317.7142857143,179095.36666666667
2022-08-06,186868,190719.0,194961.0,198706.0,188058.0,165175.0,190168.0,158680.0,150168.0,163006.0,149371.0,179689.14285714287,179676.63333333333
2022-08-07,190719,213959.0,186868.0,194961.0,198706.0,160843.0,194414.0,159519.0,139373.0,154929.0,163006.0,182788.14285714287,180335.93333333332
2022-08-08,213959,222979.0,190719.0,186868.0,194961.0,165984.0,211703.0,184640.0,157769.0,139597.0,154929.0,187056.14285714287,181238.8
2022-08-09,222979,197816.0,213959.0,190719.0,186868.0,184097.0,179363.0,190594.0,174348.0,158928.0,139597.0,193909.7142857143,183365.16666666666
2022-08-10,197816,189338.0,222979.0,213959.0,190719.0,188058.0,174823.0,204640.0,184608.0,171450.0,158928.0,199464.2857142857,186152.03333333333
2022-08-11,189338,167983.0,197816.0,222979.0,213959.0,198706.0,193239.0,210299.0,183502.0,187093.0,171450.0,200858.2857142857,187486.93333333332
2022-08-12,167983,140266.0,189338.0,197816.0,222979.0,194961.0,185361.0,203448.0,171094.0,195957.0,187093.0,199520.0,187986.6
2022-08-13,140266,138641.0,167983.0,189338.0,197816.0,186868.0,165175.0,190168.0,158680.0,202936.0,195957.0,195666.0,187432.43333333332
2022-08-14,138641,157926.0,140266.0,167983.0,189338.0,190719.0,160843.0,194414.0,159519.0,185433.0,202936.0,189008.57142857142,185991.23333333334
2022-08-15,157926,157429.0,138641.0,140266.0,167983.0,213959.0,165984.0,211703.0,184640.0,153218.0,185433.0,181568.85714285713,184909.46666666667
2022-08-16,157429,153379.0,157926.0,138641.0,140266.0,222979.0,184097.0,179363.0,190594.0,165007.0,153218.0,173564.14285714287,184884.33333333334
2022-08-17,153379,155905.0,157429.0,157926.0,138641.0,197816.0,188058.0,174823.0,204640.0,166593.0,165007.0,164199.85714285713,184814.66666666666
2022-08-18,155905,164738.0,153379.0,157429.0,157926.0,189338.0,198706.0,193239.0,210299.0,177119.0,166593.0,157851.7142857143,183772.63333333333
2022-08-19,164738,163800.0,155905.0,153379.0,157429.0,167983.0,194961.0,185361.0,203448.0,186082.0,177119.0,153075.57142857142,182616.33333333334
2022-08-20,163800,158274.0,164738.0,155905.0,153379.0,140266.0,186868.0,165175.0,190168.0,175365.0,186082.0,152612.0,181286.26666666666
2022-08-21,158274,173383.0,163800.0,164738.0,155905.0,138641.0,190719.0,160843.0,194414.0,162279.0,175365.0,155974.0,179736.3
2022-08-22,173383,177772.0,158274.0,163800.0,164738.0,157926.0,213959.0,165984.0,211703.0,151885.0,162279.0,158778.7142857143,178230.5
2022-08-23,177772,176396.0,173383.0,158274.0,163800.0,157429.0,222979.0,184097.0,179363.0,168032.0,151885.0,160986.85714285713,177671.0
2022-08-24,176396,179804.0,177772.0,173383.0,158274.0,153379.0,197816.0,188058.0,174823.0,181545.0,168032.0,163893.0,177116.26666666666
2022-08-25,179804,183405.0,176396.0,177772.0,173383.0,155905.0,189338.0,198706.0,193239.0,189996.0,181545.0,167181.14285714287,175939.36666666667
2022-08-26,183405,168017.0,179804.0,176396.0,177772.0,164738.0,167983.0,194961.0,185361.0,202186.0,189996.0,170595.2857142857,175954.06666666668
2022-08-27,168017,159404.0,183405.0,179804.0,176396.0,163800.0,140266.0,186868.0,165175.0,201023.0,202186.0,173262.0,176240.13333333333
2022-08-28,159404,185384.0,168017.0,183405.0,179804.0,158274.0,138641.0,190719.0,160843.0,154176.0,201023.0,173864.42857142858,175399.4
2022-08-29,185384,190278.0,159404.0,168017.0,183405.0,173383.0,157926.0,213959.0,165984.0,136489.0,154176.0,174025.85714285713,174534.16666666666
2022-08-30,190278,173537.0,185384.0,159404.0,168017.0,177772.0,157429.0,222979.0,184097.0,175220.0,136489.0,175740.2857142857,175207.8
2022-08-31,173537,162975.0,190278.0,185384.0,159404.0,176396.0,153379.0,197816.0,188058.0,176635.0,175220.0,177526.85714285713,176188.96666666667
2022-09-01,162975,146970.0,173537.0,190278.0,185384.0,179804.0,155905.0,189338.0,198706.0,159108.0,176635.0,177118.42857142858,176440.73333333334
2022-09-02,146970,138975.0,162975.0,173537.0,190278.0,183405.0,164738.0,167983.0,194961.0,135740.0,159108.0,174714.2857142857,175736.66666666666
2022-09-03,138975,151378.0,146970.0,162975.0,173537.0,168017.0,163800.0,140266.0,186868.0,131258.0,135740.0,169509.2857142857,174367.06666666668
2022-09-04,151378,163790.0,138975.0,146970.0,162975.0,159404.0,158274.0,138641.0,190719.0,125285.0,131258.0,165360.42857142858,172376.03333333333
2022-09-05,163790,165915.0,151378.0,138975.0,146970.0,185384.0,173383.0,157926.0,213959.0,128107.0,125285.0,164213.85714285713,170923.26666666666
2022-09-06,165915,147130.0,163790.0,151378.0,138975.0,190278.0,177772.0,157429.0,222979.0,138924.0,128107.0,161129.0,170154.0
2022-09-07,147130,145739.0,165915.0,163790.0,151378.0,173537.0,176396.0,153379.0,197816.0,149054.0,138924.0,157648.57142857142,169327.2
2022-09-08,145739,145064.0,147130.0,165915.0,163790.0,162975.0,179804.0,155905.0,189338.0,163652.0,149054.0,153876.14285714287,167099.56666666668
2022-09-09,145064,138750.0,145739.0,147130.0,165915.0,146970.0,183405.0,164738.0,167983.0,156434.0,163652.0,151413.85714285713,164524.9
2022-09-10,138750,138190.0,145064.0,145739.0,147130.0,138975.0,168017.0,163800.0,140266.0,139917.0,156434.0,151141.57142857142,162766.5
2022-09-11,138190,162078.0,138750.0,145064.0,145739.0,151378.0,159404.0,158274.0,138641.0,127733.0,139917.0,151109.42857142858,161080.23333333334
2022-09-12,162078,168566.0,138190.0,138750.0,145064.0,163790.0,185384.0,173383.0,157926.0,138482.0,127733.0,149225.42857142858,160087.13333333333
2022-09-13,168566,150871.0,162078.0,138190.0,138750.0,165915.0,190278.0,177772.0,157429.0,170347.0,138482.0,148980.85714285713,160814.2
2022-09-14,150871,141132.0,168566.0,162078.0,138190.0,147130.0,173537.0,176396.0,153379.0,162684.0,170347.0,149359.57142857142,161811.7
2022-09-15,141132,131992.0,150871.0,168566.0,162078.0,145739.0,162975.0,179804.0,155905.0,176961.0,162684.0,149894.0,161576.53333333333
2022-09-16,131992,126203.0,141132.0,150871.0,168566.0,145064.0,146970.0,183405.0,164738.0,160157.0,176961.0,149235.85714285713,161033.3
2022-09-17,126203,136914.0,131992.0,141132.0,150871.0,138750.0,138975.0,168017.0,163800.0,156474.0,160157.0,147368.42857142858,160320.4
2022-09-18,136914,159023.0,126203.0,131992.0,141132.0,138190.0,151378.0,159404.0,158274.0,149956.0,156474.0,145576.0,159330.33333333334
2022-09-19,159023,153148.0,136914.0,126203.0,131992.0,162078.0,163790.0,185384.0,173383.0,134734.0,149956.0,145393.7142857143,158402.86666666667
2022-09-20,153148,149092.0,159023.0,136914.0,126203.0,168566.0,165915.0,190278.0,177772.0,143830.0,134734.0,144957.2857142857,158243.63333333333
2022-09-21,149092,144449.0,153148.0,159023.0,136914.0,150871.0,147130.0,173537.0,176396.0,144080.0,143830.0,142754.7142857143,158072.76666666666
2022-09-22,144449,117836.0,149092.0,153148.0,159023.0,141132.0,145739.0,162975.0,179804.0,161347.0,144080.0,142500.57142857142,157263.06666666668
2022-09-23,117836,106856.0,144449.0,149092.0,153148.0,131992.0,145064.0,146970.0,183405.0,163865.0,161347.0,142974.42857142858,156152.3
2022-09-24,106856,110245.0,117836.0,144449.0,149092.0,126203.0,138750.0,138975.0,168017.0,136329.0,163865.0,140952.14285714287,154200.3
2022-09-25,110245,123806.0,106856.0,117836.0,144449.0,136914.0,138190.0,151378.0,159404.0,122402.0,136329.0,138188.2857142857,151768.7
2022-09-26,123806,122666.0,110245.0,106856.0,117836.0,159023.0,162078.0,163790.0,185384.0,117189.0,122402.0,134378.42857142858,149330.03333333333
2022-09-27,122666,121113.0,123806.0,110245.0,106856.0,153148.0,168566.0,165915.0,190278.0,133727.0,117189.0,129347.42857142857,147856.33333333334
2022-09-28,121113,119435.0,122666.0,123806.0,110245.0,149092.0,150871.0,147130.0,173537.0,136749.0,133727.0,124992.85714285714,146631.73333333334
2022-09-29,119435,116138.0,121113.0,122666.0,123806.0,144449.0,141132.0,145739.0,162975.0,123112.0,136749.0,120995.85714285714,144489.36666666667
2022-09-30,116138,108767.0,119435.0,121113.0,122666.0,117836.0,131992.0,145064.0,146970.0,120583.0,123112.0,117422.42857142857,142127.93333333332
2022-10-01,108767,106977.0,116138.0,119435.0,121113.0,106856.0,126203.0,138750.0,138975.0,118461.0,120583.0,117179.85714285714,140214.63333333333
2022-10-02,106977,119768.0,108767.0,116138.0,119435.0,110245.0,136914.0,138190.0,151378.0,113157.0,118461.0,117452.85714285714,138407.7
2022-10-03,119768,122825.0,106977.0,108767.0,116138.0,123806.0,159023.0,162078.0,163790.0,120008.0,113157.0,116986.0,137074.6
2022-10-04,122825,119801.0,119768.0,106977.0,108767.0,122666.0,153148.0,168566.0,165915.0,138989.0,120008.0,116409.14285714286,136434.36666666667
2022-10-05,119801,121185.0,122825.0,119768.0,106977.0,121113.0,149092.0,150871.0,147130.0,126645.0,138989.0,116431.85714285714,135482.6
2022-10-06,121185,123565.0,119801.0,122825.0,119768.0,119435.0,144449.0,141132.0,145739.0,127627.0,126645.0,116244.42857142857,134016.3
2022-10-07,123565,106905.0,121185.0,119801.0,122825.0,116138.0,117836.0,131992.0,145064.0,132754.0,127627.0,116494.42857142857,132525.3
2022-10-08,106905,104858.0,123565.0,121185.0,119801.0,108767.0,106856.0,126203.0,138750.0,134616.0,132754.0,117555.42857142857,131739.8
2022-10-09,104858,114403.0,106905.0,123565.0,121185.0,106977.0,110245.0,136914.0,138190.0,116687.0,134616.0,117289.42857142857,130445.33333333333
2022-10-10,114403,119315.0,104858.0,106905.0,123565.0,119768.0,123806.0,159023.0,162078.0,113337.0,116687.0,116986.71428571429,129105.13333333333
2022-10-11,119315,120438.0,114403.0,104858.0,106905.0,122825.0,122666.0,153148.0,168566.0,123650.0,113337.0,116220.28571428571,128293.56666666667
2022-10-12,120438,125333.0,119315.0,114403.0,104858.0,119801.0,121113.0,149092.0,150871.0,128455.0,123650.0,115718.85714285714,127664.4
2022-10-13,125333,118562.0,120438.0,119315.0,114403.0,121185.0,119435.0,144449.0,141132.0,130421.0,128455.0,115809.85714285714,126276.4
2022-10-14,118562,108069.0,125333.0,120438.0,119315.0,123565.0,116138.0,117836.0,131992.0,134765.0,130421.0,116402.42857142857,124835.3
2022-10-15,108069,106318.0,118562.0,125333.0,120438.0,106905.0,108767.0,106856.0,126203.0,138700.0,134765.0,115687.71428571429,123758.33333333333
2022-10-16,106318,119413.0,108069.0,118562.0,125333.0,104858.0,106977.0,110245.0,136914.0,127522.0,138700.0,115854.0,122656.23333333334
2022-10-17,119413,117200.0,106318.0,108069.0,118562.0,114403.0,119768.0,123806.0,159023.0,109050.0,127522.0,116062.57142857143,121800.43333333333
2022-10-18,117200,119012.0,119413.0,106318.0,108069.0,119315.0,122825.0,122666.0,153148.0,117306.0,109050.0,116778.28571428571,121574.1
2022-10-19,119012,119482.0,117200.0,119413.0,106318.0,120438.0,119801.0,121113.0,149092.0,118891.0,117306.0,116476.14285714286,120916.96666666666
2022-10-20,119482,118483.0,119012.0,117200.0,119413.0,125333.0,121185.0,119435.0,144449.0,122707.0,118891.0,116272.42857142857,119583.26666666666
2022-10-21,118483,108405.0,119482.0,119012.0,117200.0,118562.0,123565.0,116138.0,117836.0,126201.0,122707.0,115436.57142857143,118461.06666666667
2022-10-22,108405,108050.0,118483.0,119482.0,119012.0,108069.0,106905.0,108767.0,106856.0,124472.0,126201.0,115425.28571428571,117440.76666666666
2022-10-23,108050,120832.0,108405.0,118483.0,119482.0,106318.0,104858.0,106977.0,110245.0,108488.0,124472.0,115473.28571428571,116239.3
2022-10-24,120832,125770.0,108050.0,108405.0,118483.0,119413.0,114403.0,119768.0,123806.0,105809.0,108488.0,115720.71428571429,115913.1
2022-10-25,125770,127535.0,120832.0,108050.0,108405.0,117200.0,119315.0,122825.0,122666.0,124399.0,105809.0,115923.42857142857,116378.96666666666
2022-10-26,127535,120506.0,125770.0,120832.0,108050.0,119012.0,120438.0,119801.0,121113.0,122736.0,124399.0,117147.71428571429,116896.46666666666
2022-10-27,120506,118282.0,127535.0,125770.0,120832.0,119482.0,125333.0,121185.0,119435.0,119791.0,122736.0,118365.28571428571,117020.76666666666
2022-10-28,118282,109029.0,120506.0,127535.0,125770.0,118483.0,118562.0,123565.0,116138.0,118554.0,119791.0,118511.57142857143,116948.76666666666
2022-10-29,109029,107416.0,118282.0,120506.0,127535.0,108405.0,108069.0,106905.0,108767.0,117986.0,118554.0,118482.85714285714,116854.4
2022-10-30,107416,119039.0,109029.0,118282.0,120506.0,108050.0,106318.0,104858.0,106977.0,111022.0,117986.0,118572.0,116507.53333333334
2022-10-31,119039,122214.0,107416.0,109029.0,118282.0,120832.0,119413.0,114403.0,119768.0,107613.0,111022.0,118481.42857142857,116216.8
2022-11-01,122214,120546.0,119039.0,107416.0,109029.0,125770.0,117200.0,119315.0,122825.0,116568.0,107613.0,118225.28571428571,116559.2
2022-11-02,120546,120005.0,122214.0,119039.0,107416.0,127535.0,119012.0,120438.0,119801.0,118536.0,116568.0,117717.28571428571,117067.1
2022-11-03,120005,121075.0,120546.0,122214.0,119039.0,120506.0,119482.0,125333.0,121185.0,120557.0,118536.0,116718.85714285714,117093.03333333334
2022-11-04,121075,115378.0,120005.0,120546.0,122214.0,118282.0,118483.0,118562.0,123565.0,122026.0,120557.0,116647.28571428571,116999.03333333334
2022-11-05,115378,120723.0,121075.0,120005.0,120546.0,109029.0,108405.0,108069.0,106905.0,122425.0,122026.0,117046.28571428571,117041.5
2022-11-06,120723,129388.0,115378.0,121075.0,120005.0,107416.0,108050.0,106318.0,104858.0,111253.0,122425.0,117953.28571428571,116847.93333333333
2022-11-07,129388,118595.0,120723.0,115378.0,121075.0,119039.0,120832.0,119413.0,114403.0,115399.0,111253.0,119854.28571428571,116753.2
2022-11-08,118595,120670.0,129388.0,120723.0,115378.0,122214.0,125770.0,117200.0,119315.0,119783.0,115399.0,121332.71428571429,117502.63333333333
2022-11-09,120670,120580.0,118595.0,129388.0,120723.0,120546.0,127535.0,119012.0,120438.0,121457.0,119783.0,120815.71428571429,117960.53333333334
2022-11-10,120580,122084.0,120670.0,118595.0,129388.0,120005.0,120506.0,119482.0,125333.0,120398.0,121457.0,120833.42857142857,118169.43333333333
2022-11-11,122084,113611.0,120580.0,120670.0,118595.0,121075.0,118282.0,118483.0,118562.0,118862.0,120398.0,120915.57142857143,118211.6
2022-11-12,113611,108614.0,122084.0,120580.0,120670.0,115378.0,109029.0,108405.0,108069.0,122015.0,118862.0,121059.71428571429,118266.46666666666
2022-11-13,108614,122342.0,113611.0,122084.0,120580.0,120723.0,107416.0,108050.0,106318.0,111370.0,122015.0,120807.28571428571,117875.73333333334
2022-11-14,122342,126704.0,108614.0,113611.0,122084.0,129388.0,119039.0,120832.0,119413.0,111389.0,111370.0,119077.42857142857,117544.13333333333
2022-11-15,126704,125824.0,122342.0,108614.0,113611.0,118595.0,122214.0,125770.0,117200.0,125413.0,111389.0,118070.85714285714,118019.9
2022-11-16,125824,127120.0,126704.0,122342.0,108614.0,120670.0,120546.0,127535.0,119012.0,126053.0,125413.0,119229.28571428571,118699.43333333333
2022-11-17,127120,127603.0,125824.0,126704.0,122342.0,120580.0,120005.0,120506.0,119482.0,124707.0,126053.0,119965.57142857143,118913.13333333333
2022-11-18,127603,119887.0,127120.0,125824.0,126704.0,122084.0,121075.0,118282.0,118483.0,122628.0,124707.0,120899.85714285714,119243.8
2022-11-19,119887,121080.0,127603.0,127120.0,125824.0,113611.0,115378.0,109029.0,108405.0,123628.0,122628.0,121688.28571428571,119530.16666666667
2022-11-20,121080,133852.0,119887.0,127603.0,127120.0,108614.0,120723.0,107416.0,108050.0,115831.0,123628.0,122584.85714285714,119543.66666666667
2022-11-21,133852,128798.0,121080.0,119887.0,127603.0,122342.0,129388.0,119039.0,120832.0,112537.0,115831.0,124365.71428571429,119630.23333333334
2022-11-22,128798,124175.0,133852.0,121080.0,119887.0,126704.0,118595.0,122214.0,125770.0,124473.0,112537.0,126010.0,120478.46666666666
2022-11-23,124175,111890.0,128798.0,133852.0,121080.0,125824.0,120670.0,120546.0,127535.0,129289.0,124473.0,126309.14285714286,121170.06666666667
2022-11-24,111890,117118.0,124175.0,128798.0,133852.0,127120.0,120580.0,120005.0,120506.0,128530.0,129289.0,126073.57142857143,121281.5
2022-11-25,117118,112375.0,111890.0,124175.0,128798.0,127603.0,122084.0,121075.0,118282.0,112937.0,128530.0,123897.85714285714,120818.83333333333
2022-11-26,112375,113056.0,117118.0,111890.0,124175.0,119887.0,113611.0,115378.0,109029.0,119173.0,112937.0,122400.0,120471.6
2022-11-27,113056,123523.0,112375.0,117118.0,111890.0,121080.0,108614.0,120723.0,107416.0,119286.0,119173.0,121326.85714285714,120200.56666666667
2022-11-28,123523,128130.0,113056.0,112375.0,117118.0,133852.0,122342.0,129388.0,119039.0,119589.0,119286.0,120180.57142857143,120026.36666666667
2022-11-29,128130,128004.0,123523.0,113056.0,112375.0,128798.0,126704.0,118595.0,122214.0,130792.0,119589.0,118705.0,120509.5
2022-11-30,128004,129814.0,128130.0,123523.0,113056.0,124175.0,125824.0,120670.0,120546.0,133370.0,130792.0,118609.57142857143,121199.96666666666
2022-12-01,129814,130336.0,128004.0,128130.0,123523.0,111890.0,127120.0,120580.0,120005.0,129347.0,133370.0,119156.57142857143,121498.8
2022-12-02,130336,118313.0,129814.0,128004.0,128130.0,117118.0,127603.0,122084.0,121075.0,126233.0,129347.0,121717.14285714286,121752.13333333333
2022-12-03,118313,116521.0,130336.0,129814.0,128004.0,112375.0,119887.0,113611.0,115378.0,125159.0,126233.0,123605.42857142857,122078.46666666666
2022-12-04,116521,129350.0,118313.0,130336.0,129814.0,113056.0,121080.0,108614.0,120723.0,119139.0,125159.0,124453.71428571429,122022.06666666667
2022-12-05,129350,129080.0,116521.0,118313.0,130336.0,123523.0,133852.0,122342.0,129388.0,115555.0,119139.0,124948.71428571429,121870.26666666666
2022-12-06,129080,126511.0,129350.0,116521.0,118313.0,128130.0,128798.0,126704.0,118595.0,125874.0,115555.0,125781.14285714286,122336.0
2022-12-07,126511,125365.0,129080.0,129350.0,116521.0,128004.0,124175.0,125824.0,120670.0,128524.0,125874.0,125916.85714285714,122614.56666666667
2022-12-08,125365,128232.0,126511.0,129080.0,129350.0,129814.0,111890.0,127120.0,120580.0,131138.0,128524.0,125703.57142857143,122518.66666666667
2022-12-09,128232,123064.0,125365.0,126511.0,129080.0,130336.0,117118.0,127603.0,122084.0,132700.0,131138.0,125068.0,122744.33333333333
2022-12-10,123064,122660.0,128232.0,125365.0,126511.0,118313.0,112375.0,119887.0,113611.0,128072.0,132700.0,124767.42857142857,122996.4
2022-12-11,122660,135900.0,123064.0,128232.0,125365.0,116521.0,113056.0,121080.0,108614.0,116338.0,128072.0,125446.14285714286,123079.2
2022-12-12,135900,138164.0,122660.0,123064.0,128232.0,129350.0,123523.0,133852.0,122342.0,115082.0,116338.0,126323.14285714286,123098.4
2022-12-13,138164,137623.0,135900.0,122660.0,123064.0,129080.0,128130.0,128798.0,126704.0,125997.0,115082.0,127258.85714285714,123841.36666666667
2022-12-14,137623,137442.0,138164.0,135900.0,122660.0,126511.0,128004.0,124175.0,125824.0,126500.0,125997.0,128556.57142857143,124826.36666666667
2022-12-15,137442,133487.0,137623.0,138164.0,135900.0,125365.0,129814.0,111890.0,127120.0,126642.0,126500.0,130144.0,125335.73333333334
2022-12-16,133487,122638.0,137442.0,137623.0,138164.0,128232.0,130336.0,117118.0,127603.0,124172.0,126642.0,131869.2857142857,125693.66666666667
2022-12-17,122638,122612.0,133487.0,137442.0,137623.0,123064.0,118313.0,112375.0,119887.0,120573.0,124172.0,132620.0,125949.1
2022-12-18,122612,136653.0,122638.0,133487.0,137442.0,122660.0,116521.0,113056.0,121080.0,117721.0,120573.0,132559.14285714287,125799.7
2022-12-19,136653,136279.0,122612.0,122638.0,133487.0,135900.0,129350.0,123523.0,133852.0,118663.0,117721.0,132552.2857142857,125633.33333333333
2022-12-20,136279,136074.0,136653.0,122612.0,122638.0,138164.0,129080.0,128130.0,128798.0,133775.0,118663.0,132659.85714285713,126192.2
2022-12-21,136074,133835.0,136279.0,136653.0,122612.0,137623.0,126511.0,128004.0,124175.0,132331.0,133775.0,132390.57142857142,126698.83333333333
2022-12-22,133835,134353.0,136074.0,136279.0,136653.0,137442.0,125365.0,129814.0,111890.0,128868.0,132331.0,132169.2857142857,126772.9
2022-12-23,134353,145577.0,133835.0,136074.0,136279.0,133487.0,128232.0,130336.0,117118.0,132307.0,128868.0,131654.0,126940.8
2022-12-24,145577,137906.0,134353.0,133835.0,136074.0,122638.0,123064.0,118313.0,112375.0,124106.0,132307.0,131777.7142857143,127280.06666666667
2022-12-25,137906,140298.0,145577.0,134353.0,133835.0,122612.0,122660.0,116521.0,113056.0,115095.0,124106.0,135054.7142857143,128402.96666666666
2022-12-26,140298,141967.0,137906.0,145577.0,134353.0,136653.0,135900.0,129350.0,123523.0,113618.0,115095.0,137239.57142857142,129095.9
2022-12-27,141967,134018.0,140298.0,137906.0,145577.0,136279.0,138164.0,129080.0,128130.0,127916.0,113618.0,137760.2857142857,130026.66666666667
2022-12-28,134018,129523.0,141967.0,140298.0,137906.0,136074.0,137623.0,126511.0,128004.0,125714.0,127916.0,138572.85714285713,130990.36666666667
2022-12-29,129523,124166.0,134018.0,141967.0,140298.0,133835.0,137442.0,125365.0,129814.0,125574.0,125714.0,138279.14285714287,131340.2
2022-12-30,124166,117173.0,129523.0,134018.0,141967.0,134353.0,133487.0,128232.0,130336.0,123116.0,125574.0,137663.14285714287,131386.63333333333
2022-12-31,117173,110714.0,124166.0,129523.0,134018.0,145577.0,122638.0,123064.0,118313.0,117546.0,123116.0,136207.85714285713,131258.7
2023-01-01,110714,115759.0,117173.0,124166.0,129523.0,137906.0,122612.0,122660.0,116521.0,111503.0,117546.0,132150.14285714287,130837.33333333333
2023-01-02,115759,125253.0,110714.0,117173.0,124166.0,140298.0,136653.0,135900.0,129350.0,112459.0,111503.0,128265.57142857143,130183.26666666666
2023-01-03,125253,122698.0,115759.0,110714.0,117173.0,141967.0,136279.0,138164.0,129080.0,134716.0,112459.0,124760.0,130098.13333333333
2023-01-04,122698,124238.0,125253.0,115759.0,110714.0,134018.0,136074.0,137623.0,126511.0,139254.0,134716.0,122372.28571428571,130389.2
2023-01-05,124238,126034.0,122698.0,125253.0,115759.0,129523.0,133835.0,137442.0,125365.0,134358.0,139254.0,120755.14285714286,130167.46666666666
2023-01-06,126034,119605.0,124238.0,122698.0,125253.0,124166.0,134353.0,133487.0,128232.0,132221.0,134358.0,120000.14285714286,130006.06666666667
2023-01-07,119605,119410.0,126034.0,124238.0,122698.0,117173.0,145577.0,122638.0,123064.0,137445.0,132221.0,120267.0,129990.16666666667
2023-01-08,119410,129903.0,119605.0,126034.0,124238.0,110714.0,137906.0,122612.0,122660.0,133150.0,137445.0,120614.42857142857,129798.16666666667
2023-01-09,129903,132382.0,119410.0,119605.0,126034.0,115759.0,140298.0,136653.0,135900.0,127534.0,133150.0,121856.71428571429,129504.1
2023-01-10,132382,133149.0,129903.0,119410.0,119605.0,125253.0,141967.0,136279.0,138164.0,138829.0,127534.0,123877.28571428571,129732.06666666667
2023-01-11,133149,130978.0,132382.0,129903.0,119410.0,122698.0,134018.0,136074.0,137623.0,148481.0,138829.0,124895.71428571429,130056.13333333333
2023-01-12,130978,125833.0,133149.0,132382.0,129903.0,124238.0,129523.0,133835.0,137442.0,142547.0,148481.0,126388.71428571429,129964.43333333333
2023-01-13,125833,124317.0,130978.0,133149.0,132382.0,126034.0,124166.0,134353.0,133487.0,133542.0,142547.0,127351.57142857143,129724.9
2023-01-14,124317,123983.0,125833.0,130978.0,133149.0,119605.0,117173.0,145577.0,122638.0,133409.0,133542.0,127322.85714285714,129331.9
2023-01-15,123983,129779.0,124317.0,125833.0,130978.0,119410.0,110714.0,137906.0,122612.0,140347.0,133409.0,127996.0,128894.4
2023-01-16,129779,132506.0,123983.0,124317.0,125833.0,129903.0,115759.0,140298.0,136653.0,139718.0,140347.0,128649.28571428571,128577.6
2023-01-17,132506,127929.0,129779.0,123983.0,124317.0,132382.0,125253.0,141967.0,136279.0,135330.0,139718.0,128631.57142857143,128815.63333333333
2023-01-18,127929,129925.0,132506.0,129779.0,123983.0,133149.0,122698.0,134018.0,136074.0,139668.0,135330.0,128649.28571428571,129145.43333333333
2023-01-19,129925,128047.0,127929.0,132506.0,129779.0,130978.0,124238.0,129523.0,133835.0,135598.0,139668.0,127903.57142857143,128854.63333333333
2023-01-20,128047,121740.0,129925.0,127929.0,132506.0,125833.0,126034.0,124166.0,134353.0,137146.0,135598.0,127753.14285714286,128642.83333333333
2023-01-21,121740,120381.0,128047.0,129925.0,127929.0,124317.0,119605.0,117173.0,145577.0,149322.0,137146.0,128069.42857142857,128375.26666666666
2023-01-22,120381,134041.0,121740.0,128047.0,129925.0,123983.0,119410.0,110714.0,137906.0,139874.0,149322.0,127701.28571428571,127972.1
2023-01-23,134041,132393.0,120381.0,121740.0,128047.0,129779.0,129903.0,115759.0,140298.0,132244.0,139874.0,127186.71428571429,127506.36666666667
2023-01-24,132393,133865.0,134041.0,120381.0,121740.0,132506.0,132382.0,125253.0,141967.0,140301.0,132244.0,127795.57142857143,127121.83333333333
2023-01-25,133865,130359.0,132393.0,134041.0,120381.0,127929.0,133149.0,122698.0,134018.0,137320.0,140301.0,127779.42857142857,126938.06666666667
2023-01-26,130359,130038.0,133865.0,132393.0,134041.0,129925.0,130978.0,124238.0,129523.0,144575.0,137320.0,128627.42857142857,126723.63333333333
2023-01-27,130038,118723.0,130359.0,133865.0,132393.0,128047.0,125833.0,126034.0,124166.0,145739.0,144575.0,128689.42857142857,126336.7
2023-01-28,118723,115804.0,130038.0,130359.0,133865.0,121740.0,124317.0,119605.0,117173.0,142816.0,145739.0,128973.85714285714,126204.03333333334
2023-01-29,115804,125165.0,118723.0,130038.0,130359.0,120381.0,123983.0,119410.0,110714.0,142200.0,142816.0,128542.85714285714,125844.03333333334
2023-01-30,125165,130743.0,115804.0,118723.0,130038.0,134041.0,129779.0,129903.0,115759.0,142253.0,142200.0,127889.0,125565.3
2023-01-31,130743,135393.0,125165.0,115804.0,118723.0,132393.0,132506.0,132382.0,125253.0,147344.0,142253.0,126621.0,125831.7
2023-02-01,135393,135473.0,130743.0,125165.0,115804.0,133865.0,127929.0,133149.0,122698.0,142802.0,147344.0,126385.28571428571,126499.33333333333
2023-02-02,135473,145270.0,135393.0,130743.0,125165.0,130359.0,129925.0,130978.0,124238.0,137071.0,142802.0,126603.57142857143,127153.8
2023-02-03,145270,147495.0,135473.0,135393.0,130743.0,130038.0,128047.0,125833.0,126034.0,133348.0,137071.0,127334.14285714286,127494.46666666666
2023-02-04,147495,129341.0,145270.0,135473.0,135393.0,118723.0,121740.0,124317.0,119605.0,135853.0,133348.0,129510.14285714286,128246.86666666667
2023-02-05,129341,131645.0,147495.0,145270.0,135473.0,115804.0,120381.0,123983.0,119410.0,135098.0,135853.0,133620.42857142858,129022.1
2023-02-06,131645,134177.0,129341.0,147495.0,145270.0,125165.0,134041.0,129779.0,129903.0,134794.0,135098.0,135554.2857142857,129132.33333333333
2023-02-07,134177,128501.0,131645.0,129341.0,147495.0,130743.0,132393.0,132506.0,132382.0,140534.0,134794.0,136480.0,129533.66666666667
2023-02-08,128501,128685.0,134177.0,131645.0,129341.0,135393.0,133865.0,127929.0,133149.0,134807.0,140534.0,136970.57142857142,130025.9
2023-02-09,128685,122360.0,128501.0,134177.0,131645.0,135473.0,130359.0,129925.0,130978.0,134151.0,134807.0,135986.0,129979.16666666667
2023-02-10,122360,116598.0,128685.0,128501.0,134177.0,145270.0,130038.0,128047.0,125833.0,129433.0,134151.0,135016.2857142857,129855.93333333333
2023-02-11,116598,116261.0,122360.0,128685.0,128501.0,147495.0,118723.0,121740.0,124317.0,126087.0,129433.0,131743.42857142858,129496.3
2023-02-12,116261,124713.0,116598.0,122360.0,128685.0,129341.0,115804.0,120381.0,123983.0,114792.0,126087.0,127329.57142857143,129016.96666666666
2023-02-13,124713,124168.0,116261.0,116598.0,122360.0,131645.0,125165.0,134041.0,129779.0,123675.0,114792.0,125461.0,128697.9
2023-02-14,124168,122571.0,124713.0,116261.0,116598.0,134177.0,130743.0,132393.0,132506.0,145185.0,123675.0,124470.71428571429,128711.1
2023-02-15,122571,120734.0,124168.0,124713.0,116261.0,128501.0,135393.0,133865.0,127929.0,146849.0,145185.0,123040.85714285714,128717.26666666666
2023-02-16,120734,123029.0,122571.0,124168.0,124713.0,128685.0,135473.0,130359.0,129925.0,137341.0,146849.0,122193.71428571429,128477.0
2023-02-17,123029,118794.0,120734.0,122571.0,124168.0,122360.0,145270.0,130038.0,128047.0,125473.0,137341.0,121057.85714285714,128084.6
2023-02-18,118794,114515.0,123029.0,120734.0,122571.0,116598.0,147495.0,118723.0,121740.0,126067.0,125473.0,121153.42857142857,127921.26666666666
2023-02-19,114515,115965.0,118794.0,123029.0,120734.0,116261.0,129341.0,115804.0,120381.0,125608.0,126067.0,121467.14285714286,127550.23333333334
2023-02-20,115965,125622.0,114515.0,118794.0,123029.0,124713.0,131645.0,125165.0,134041.0,126100.0,125608.0,121217.71428571429,127099.16666666667
2023-02-21,125622,127740.0,115965.0,114515.0,118794.0,124168.0,134177.0,130743.0,132393.0,123351.0,126100.0,119968.0,126906.66666666667
2023-02-22,127740,129068.0,125622.0,115965.0,114515.0,122571.0,128501.0,135393.0,133865.0,126094.0,123351.0,120175.71428571429,127081.36666666667
2023-02-23,129068,127964.0,127740.0,125622.0,115965.0,120734.0,128685.0,135473.0,130359.0,122394.0,126094.0,120914.14285714286,126871.33333333333
2023-02-24,127964,128870.0,129068.0,127740.0,125622.0,123029.0,122360.0,145270.0,130038.0,132698.0,122394.0,122104.71428571429,126760.5
2023-02-25,128870,121861.0,127964.0,129068.0,127740.0,118794.0,116598.0,147495.0,118723.0,135833.0,132698.0,122809.71428571429,126563.8
2023-02-26,121861,131002.0,128870.0,127964.0,129068.0,114515.0,116261.0,129341.0,115804.0,127373.0,135833.0,124249.14285714286,126514.16666666667
2023-02-27,131002,136314.0,121861.0,128870.0,127964.0,115965.0,124713.0,131645.0,125165.0,121680.0,127373.0,125298.57142857143,126241.6
2023-02-28,136314,132040.0,131002.0,121861.0,128870.0,125622.0,124168.0,134177.0,130743.0,135424.0,121680.0,127446.71428571429,126650.9
2023-03-01,132040,128799.0,136314.0,131002.0,121861.0,127740.0,122571.0,128501.0,135393.0,133820.0,135424.0,128974.14285714286,127334.56666666667
2023-03-02,128799,128658.0,132040.0,136314.0,131002.0,129068.0,120734.0,128685.0,135473.0,126844.0,133820.0,129588.42857142857,127563.73333333334
2023-03-03,128658,119799.0,128799.0,132040.0,136314.0,127964.0,123029.0,122360.0,145270.0,128567.0,126844.0,129550.0,127498.93333333333
2023-03-04,119799,115276.0,128658.0,128799.0,132040.0,128870.0,118794.0,116598.0,147495.0,134410.0,128567.0,129649.14285714286,127274.43333333333
2023-03-05,115276,125030.0,119799.0,128658.0,128799.0,121861.0,114515.0,116261.0,129341.0,120758.0,134410.0,128353.28571428571,126751.96666666666
2023-03-06,125030,128147.0,115276.0,119799.0,128658.0,131002.0,115965.0,124713.0,131645.0,113970.0,120758.0,127412.57142857143,125752.16666666667
2023-03-07,128147,130246.0,125030.0,115276.0,119799.0,136314.0,125622.0,124168.0,134177.0,121327.0,113970.0,126559.42857142857,125003.33333333333
2023-03-08,130246,127820.0,128147.0,125030.0,115276.0,132040.0,127740.0,122571.0,128501.0,122942.0,121327.0,125392.71428571429,124963.53333333334
2023-03-09,127820,127940.0,130246.0,128147.0,125030.0,128799.0,129068.0,120734.0,128685.0,130529.0,122942.0,125136.42857142857,124916.9
2023-03-10,127940,119894.0,127820.0,130246.0,128147.0,128658.0,127964.0,123029.0,122360.0,127333.0,130529.0,124996.57142857143,124705.0
2023-03-11,119894,112114.0,127940.0,127820.0,130246.0,119799.0,128870.0,118794.0,116598.0,123577.0,127333.0,124894.0,124686.3
2023-03-12,112114,129401.0,119894.0,127940.0,127820.0,115276.0,121861.0,114515.0,116261.0,122876.0,123577.0,124907.57142857143,124393.26666666666
2023-03-13,129401,134348.0,112114.0,119894.0,127940.0,125030.0,131002.0,115965.0,124713.0,121006.0,122876.0,124455.85714285714,124051.73333333334
2023-03-14,134348,132305.0,129401.0,112114.0,119894.0,128147.0,136314.0,125622.0,124168.0,128418.0,121006.0,125080.28571428571,124478.5
2023-03-15,132305,127824.0,134348.0,129401.0,112114.0,130246.0,132040.0,127740.0,122571.0,121734.0,128418.0,125966.14285714286,125081.4
2023-03-16,127824,121723.0,132305.0,134348.0,129401.0,127820.0,128799.0,129068.0,120734.0,119402.0,121734.0,126260.28571428571,125334.46666666666
2023-03-17,121723,111745.0,127824.0,132305.0,134348.0,127940.0,128658.0,127964.0,123029.0,122410.0,119402.0,126260.85714285714,125456.33333333333
2023-03-18,111745,115955.0,121723.0,127824.0,132305.0,119894.0,119799.0,128870.0,118794.0,119331.0,122410.0,125372.71428571429,125428.06666666667
2023-03-19,115955,126654.0,111745.0,121723.0,127824.0,112114.0,115276.0,121861.0,114515.0,110001.0,119331.0,124208.57142857143,125128.43333333333
2023-03-20,126654,122805.0,115955.0,111745.0,121723.0,129401.0,125030.0,131002.0,115965.0,107618.0,110001.0,124757.28571428571,124892.63333333333
2023-03-21,122805,120961.0,126654.0,115955.0,111745.0,134348.0,128147.0,136314.0,125622.0,118396.0,107618.0,124364.85714285714,125154.63333333333
2023-03-22,120961,121618.0,122805.0,126654.0,115955.0,132305.0,130246.0,132040.0,127740.0,118589.0,118396.0,122715.85714285714,125430.96666666666
2023-03-23,121618,120547.0,120961.0,122805.0,126654.0,127824.0,127820.0,128799.0,129068.0,122808.0,118589.0,121095.28571428571,125597.5
2023-03-24,120547,115772.0,121618.0,120961.0,122805.0,121723.0,127940.0,128658.0,127964.0,126310.0,122808.0,120208.71428571429,125464.03333333334
2023-03-25,115772,108253.0,120547.0,121618.0,120961.0,111745.0,119894.0,119799.0,128870.0,121464.0,126310.0,120040.71428571429,125224.26666666666
2023-03-26,108253,119452.0,115772.0,120547.0,121618.0,115955.0,112114.0,115276.0,121861.0,111324.0,121464.0,120616.0,124781.06666666667
2023-03-27,119452,121920.0,108253.0,115772.0,120547.0,126654.0,129401.0,125030.0,131002.0,113300.0,111324.0,119515.71428571429,124124.03333333334
2023-03-28,121920,120932.0,119452.0,108253.0,115772.0,122805.0,134348.0,128147.0,136314.0,135881.0,113300.0,118486.85714285714,123810.1
2023-03-29,120932,124644.0,121920.0,119452.0,108253.0,120961.0,132305.0,130246.0,132040.0,137056.0,135881.0,118360.42857142857,123812.06666666667
2023-03-30,124644,123140.0,120932.0,121920.0,119452.0,121618.0,127824.0,127820.0,128799.0,131818.0,137056.0,118356.28571428571,123476.4
2023-03-31,123140,111631.0,124644.0,120932.0,121920.0,120547.0,121723.0,127940.0,128658.0,124378.0,131818.0,118788.57142857143,123087.4
2023-04-01,111631,108953.0,123140.0,124644.0,120932.0,115772.0,111745.0,119894.0,119799.0,120710.0,124378.0,119159.0,122790.73333333334
2023-04-02,108953,120873.0,111631.0,123140.0,124644.0,108253.0,115955.0,112114.0,115276.0,111925.0,120710.0,118567.42857142857,122218.46666666666
2023-04-03,120873,119870.0,108953.0,111631.0,123140.0,119452.0,126654.0,129401.0,125030.0,112753.0,111925.0,118667.42857142857,121561.63333333333
2023-04-04,119870,121088.0,120873.0,108953.0,111631.0,121920.0,122805.0,134348.0,128147.0,122503.0,112753.0,118870.42857142857,121597.43333333333
2023-04-05,121088,119719.0,119870.0,120873.0,108953.0,120932.0,120961.0,132305.0,130246.0,122367.0,122503.0,118577.57142857143,121750.56666666667
2023-04-06,119719,115204.0,121088.0,119870.0,120873.0,124644.0,121618.0,127824.0,127820.0,124394.0,122367.0,118599.85714285714,121619.16666666667
2023-04-07,115204,108997.0,119719.0,121088.0,119870.0,123140.0,120547.0,121723.0,127940.0,125764.0,124394.0,117896.28571428571,121338.23333333334
2023-04-08,108997,105897.0,115204.0,119719.0,121088.0,111631.0,115772.0,111745.0,119894.0,119287.0,125764.0,116762.57142857143,120836.83333333333
2023-04-09,105897,116583.0,108997.0,115204.0,119719.0,108953.0,108253.0,115955.0,112114.0,109426.0,119287.0,116386.28571428571,120209.4
2023-04-10,116583,117194.0,105897.0,108997.0,115204.0,120873.0,119452.0,126654.0,129401.0,109935.0,109426.0,115949.71428571429,119474.63333333333
2023-04-11,117194,122341.0,116583.0,105897.0,108997.0,119870.0,121920.0,122805.0,134348.0,120604.0,109935.0,115336.85714285714,119364.26666666666
2023-04-12,122341,133743.0,117194.0,116583.0,105897.0,121088.0,120932.0,120961.0,132305.0,120024.0,120604.0,114954.57142857143,119533.6
2023-04-13,133743,140767.0,122341.0,117194.0,116583.0,119719.0,124644.0,121618.0,127824.0,119341.0,120024.0,115133.57142857143,119298.26666666666
2023-04-14,140767,122941.0,133743.0,122341.0,117194.0,115204.0,123140.0,120547.0,121723.0,124219.0,119341.0,117137.0,119278.1
2023-04-15,122941,113609.0,140767.0,133743.0,122341.0,108997.0,111631.0,115772.0,111745.0,114675.0,124219.0,120788.85714285714,119560.16666666667
2023-04-16,113609,120738.0,122941.0,140767.0,133743.0,105897.0,108953.0,108253.0,115955.0,106763.0,114675.0,122780.85714285714,119397.4
2023-04-17,120738,116766.0,113609.0,122941.0,140767.0,116583.0,120873.0,119452.0,126654.0,104143.0,106763.0,123882.57142857143,119126.93333333333
2023-04-18,116766,117228.0,120738.0,113609.0,122941.0,117194.0,119870.0,121920.0,122805.0,118648.0,104143.0,124476.14285714286,119426.7
2023-04-19,117228,116594.0,116766.0,120738.0,113609.0,122341.0,121088.0,120932.0,120961.0,121388.0,118648.0,124415.0,119453.73333333334
2023-04-20,116594,116193.0,117228.0,116766.0,120738.0,133743.0,119719.0,124644.0,121618.0,118785.0,121388.0,123684.57142857143,119139.53333333334
2023-04-21,116193,108000.0,116594.0,117228.0,116766.0,140767.0,115204.0,123140.0,120547.0,117962.0,118785.0,121234.71428571429,118932.5
2023-04-22,108000,106680.0,116193.0,116594.0,117228.0,122941.0,108997.0,111631.0,115772.0,115266.0,117962.0,117724.14285714286,118773.56666666667
2023-04-23,106680,115464.0,108000.0,116193.0,116594.0,113609.0,105897.0,108953.0,108253.0,104963.0,115266.0,115589.71428571429,118319.63333333333
2023-04-24,115464,116571.0,106680.0,108000.0,116193.0,120738.0,116583.0,120873.0,119452.0,103141.0,104963.0,114599.85714285714,117857.4
2023-04-25,116571,116469.0,115464.0,106680.0,108000.0,116766.0,117194.0,119870.0,121920.0,116707.0,103141.0,113846.42857142857,117847.13333333333
2023-04-26,116469,117867.0,116571.0,115464.0,106680.0,117228.0,122341.0,121088.0,120932.0,117936.0,116707.0,113818.57142857143,118124.4
2023-04-27,117867,117958.0,116469.0,116571.0,115464.0,116594.0,133743.0,119719.0,124644.0,117033.0,117936.0,113710.14285714286,118024.96666666666
2023-04-28,117958,112265.0,117867.0,116469.0,116571.0,116193.0,140767.0,115204.0,123140.0,118417.0,117033.0,113892.0,117889.86666666667
2023-04-29,112265,109877.0,117958.0,117867.0,116469.0,108000.0,122941.0,108997.0,111631.0,116328.0,118417.0,114144.14285714286,117790.73333333334
2023-04-30,109877,116373.0,112265.0,117958.0,117867.0,106680.0,113609.0,105897.0,108953.0,105598.0,116328.0,114753.42857142857,117378.1
2023-05-01,116373,117408.0,109877.0,112265.0,117958.0,115464.0,120738.0,116583.0,120873.0,103273.0,105598.0,115210.14285714286,116936.0
2023-05-02,117408,117134.0,116373.0,109877.0,112265.0,116571.0,116766.0,117194.0,119870.0,116909.0,103273.0,115340.0,117094.06666666667
2023-05-03,117134,118783.0,117408.0,116373.0,109877.0,116469.0,117228.0,122341.0,121088.0,116246.0,116909.0,115459.57142857143,117375.9
2023-05-04,118783,116116.0,117134.0,117408.0,116373.0,117867.0,116594.0,133743.0,119719.0,118020.0,116246.0,115554.57142857143,117251.26666666666
2023-05-05,116116,106884.0,118783.0,117134.0,117408.0,117958.0,116193.0,140767.0,115204.0,117381.0,118020.0,115685.42857142857,117215.03333333334
2023-05-06,106884,106708.0,116116.0,118783.0,117134.0,112265.0,108000.0,122941.0,108997.0,117185.0,117381.0,115422.28571428571,117049.3
2023-05-07,106708,123086.0,106884.0,116116.0,118783.0,109877.0,106680.0,113609.0,105897.0,110153.0,117185.0,114653.57142857143,116621.46666666666
2023-05-08,123086,117625.0,106708.0,106884.0,116116.0,116373.0,115464.0,120738.0,116583.0,105750.0,110153.0,114200.85714285714,116338.26666666666
2023-05-09,117625,117570.0,123086.0,106708.0,106884.0,117408.0,116571.0,116766.0,117194.0,115489.0,105750.0,115159.85714285714,116807.9
2023-05-10,117570,123681.0,117625.0,123086.0,106708.0,117134.0,116469.0,117228.0,122341.0,115833.0,115489.0,115190.85714285714,117198.83333333333
2023-05-11,123681,135997.0,117570.0,117625.0,123086.0,118783.0,117867.0,116594.0,133743.0,116769.0,115833.0,115253.14285714286,117231.73333333334
2023-05-12,135997,129143.0,123681.0,117570.0,117625.0,116116.0,117958.0,116193.0,140767.0,120169.0,116769.0,115952.85714285714,117447.96666666666
2023-05-13,129143,113232.0,135997.0,123681.0,117570.0,106884.0,112265.0,108000.0,122941.0,122073.0,120169.0,118793.0,117903.16666666667
2023-05-14,113232,123378.0,129143.0,135997.0,123681.0,106708.0,109877.0,106680.0,113609.0,113959.0,122073.0,121972.85714285714,117749.83333333333
2023-05-15,123378,128952.0,113232.0,129143.0,135997.0,123086.0,116373.0,115464.0,120738.0,113589.0,113959.0,122904.85714285714,116832.0
2023-05-16,128952,121160.0,123378.0,113232.0,129143.0,117625.0,117408.0,116571.0,116766.0,132166.0,113589.0,122946.57142857143,116846.56666666667
2023-05-17,121160,114549.0,128952.0,123378.0,113232.0,117570.0,117134.0,116469.0,117228.0,125326.0,132166.0,124564.71428571429,117358.0
2023-05-18,114549,116482.0,121160.0,128952.0,123378.0,123681.0,118783.0,117867.0,116594.0,121073.0,125326.0,125077.57142857143,117372.06666666667
2023-05-19,116482,110684.0,114549.0,121160.0,128952.0,135997.0,116116.0,117958.0,116193.0,120697.0,121073.0,123773.0,117298.16666666667
2023-05-20,110684,107194.0,116482.0,114549.0,121160.0,129143.0,106884.0,112265.0,108000.0,121752.0,120697.0,120985.14285714286,117273.3
2023-05-21,107194,121819.0,110684.0,116482.0,114549.0,113232.0,106708.0,109877.0,106680.0,129498.0,121752.0,118348.14285714286,117076.3
2023-05-22,121819,118631.0,107194.0,110684.0,116482.0,123378.0,123086.0,116373.0,115464.0,147492.0,129498.0,117485.57142857143,116776.33333333333
2023-05-23,118631,119115.0,121819.0,107194.0,110684.0,128952.0,117625.0,117408.0,116571.0,137095.0,147492.0,117262.85714285714,117236.96666666666
2023-05-24,119115,115600.0,118631.0,121819.0,107194.0,121160.0,117570.0,117134.0,116469.0,125399.0,137095.0,115788.42857142857,117635.33333333333
2023-05-25,115600,116326.0,119115.0,118631.0,121819.0,114549.0,123681.0,118783.0,117867.0,121071.0,125399.0,115496.28571428571,117757.03333333334
2023-05-26,116326,108601.0,115600.0,119115.0,118631.0,116482.0,135997.0,116116.0,117958.0,121600.0,121071.0,115646.42857142857,117724.66666666667
2023-05-27,108601,107474.0,116326.0,115600.0,119115.0,110684.0,129143.0,106884.0,112265.0,133313.0,121600.0,115624.14285714286,117719.9
2023-05-28,107474,114978.0,108601.0,116326.0,115600.0,107194.0,113232.0,106708.0,109877.0,122247.0,133313.0,115326.57142857143,117411.03333333334
2023-05-29,114978,120976.0,107474.0,108601.0,116326.0,121819.0,123378.0,123086.0,116373.0,116688.0,122247.0,115366.57142857143,117061.56666666667
2023-05-30,120976,123000.0,114978.0,107474.0,108601.0,118631.0,128952.0,117625.0,117408.0,133272.0,116688.0,114389.28571428571,117152.0
2023-05-31,123000,134730.0,120976.0,114978.0,107474.0,119115.0,121160.0,117570.0,117134.0,175375.0,133272.0,114724.28571428571,117521.96666666666
2023-06-01,134730,146225.0,123000.0,120976.0,114978.0,115600.0,114549.0,123681.0,118783.0,138381.0,175375.0,115279.28571428571,117742.86666666667
2023-06-02,146225,121764.0,134730.0,123000.0,120976.0,116326.0,116482.0,135997.0,116116.0,144168.0,138381.0,118012.14285714286,118320.26666666666
2023-06-03,121764,106737.0,146225.0,134730.0,123000.0,108601.0,110684.0,129143.0,106884.0,140673.0,144168.0,122283.42857142857,119289.96666666666
2023-06-04,106737,122591.0,121764.0,146225.0,134730.0,107474.0,107194.0,113232.0,106708.0,127057.0,140673.0,124163.85714285714,119389.33333333333
2023-06-05,122591,126482.0,106737.0,121764.0,146225.0,114978.0,121819.0,123378.0,123086.0,119538.0,127057.0,124058.57142857143,119076.7
2023-06-06,126482,122219.0,122591.0,106737.0,121764.0,120976.0,118631.0,128952.0,117625.0,137896.0,119538.0,125146.14285714286,119600.26666666666
2023-06-07,122219,122396.0,126482.0,122591.0,106737.0,123000.0,119115.0,121160.0,117570.0,140917.0,137896.0,125932.71428571429,120259.4
2023-06-08,122396,122782.0,122219.0,126482.0,122591.0,134730.0,115600.0,114549.0,123681.0,155202.0,140917.0,125821.14285714286,120230.5
2023-06-09,122782,116495.0,122396.0,122219.0,126482.0,146225.0,116326.0,116482.0,135997.0,158163.0,155202.0,124059.14285714286,120389.53333333334
2023-06-10,116495,123644.0,122782.0,122396.0,122219.0,121764.0,108601.0,110684.0,129143.0,143138.0,158163.0,120710.14285714286,120563.26666666666
2023-06-11,123644,143428.0,116495.0,122782.0,122396.0,106737.0,107474.0,107194.0,113232.0,129673.0,143138.0,119957.42857142857,120323.73333333334
2023-06-12,143428,139956.0,123644.0,116495.0,122782.0,122591.0,114978.0,121819.0,123378.0,124392.0,129673.0,122372.71428571429,119911.96666666666
2023-06-13,139956,138201.0,143428.0,123644.0,116495.0,126482.0,120976.0,118631.0,128952.0,160107.0,124392.0,125349.42857142857,120388.13333333333
2023-06-14,138201,135517.0,139956.0,143428.0,123644.0,122219.0,123000.0,119115.0,121160.0,152013.0,160107.0,127274.28571428571,121278.93333333333
2023-06-15,135517,136365.0,138201.0,139956.0,143428.0,122396.0,134730.0,115600.0,114549.0,154053.0,152013.0,129557.42857142857,121773.03333333334
2023-06-16,136365,120499.0,135517.0,138201.0,139956.0,122782.0,146225.0,116326.0,116482.0,142516.0,154053.0,131431.85714285713,121991.86666666667
2023-06-17,120499,120873.0,136365.0,135517.0,138201.0,116495.0,121764.0,108601.0,110684.0,161751.0,142516.0,133372.2857142857,122498.7
2023-06-18,120873,137633.0,120499.0,136365.0,135517.0,123644.0,106737.0,107474.0,107194.0,125441.0,161751.0,133944.2857142857,122697.03333333334
2023-06-19,137633,138888.0,120873.0,120499.0,136365.0,143428.0,122591.0,114978.0,121819.0,109016.0,125441.0,133548.42857142858,122843.4
2023-06-20,138888,130314.0,137633.0,120873.0,120499.0,139956.0,126482.0,120976.0,118631.0,126826.0,109016.0,132720.57142857142,123741.7
2023-06-21,130314,126600.0,138888.0,137633.0,120873.0,138201.0,122219.0,123000.0,119115.0,139512.0,126826.0,132568.0,124798.16666666667
2023-06-22,126600,131825.0,130314.0,138888.0,137633.0,135517.0,122396.0,134730.0,115600.0,134420.0,139512.0,131441.2857142857,125081.33333333333
2023-06-23,131825,132294.0,126600.0,130314.0,138888.0,136365.0,122782.0,146225.0,116326.0,133783.0,134420.0,130167.42857142857,125346.96666666666
2023-06-24,132294,141384.0,131825.0,126600.0,130314.0,120499.0,116495.0,121764.0,108601.0,143764.0,133783.0,129518.85714285714,125770.63333333333
2023-06-25,141384,157188.0,132294.0,131825.0,126600.0,120873.0,123644.0,106737.0,107474.0,149562.0,143764.0,131203.85714285713,126327.1
2023-06-26,157188,152718.0,141384.0,132294.0,131825.0,137633.0,143428.0,122591.0,114978.0,155264.0,149562.0,134134.0,127162.36666666667
2023-06-27,152718,153004.0,157188.0,141384.0,132294.0,138888.0,139956.0,126482.0,120976.0,164152.0,155264.0,136927.57142857142,128781.93333333333
2023-06-28,153004,151886.0,152718.0,157188.0,141384.0,130314.0,138201.0,122219.0,123000.0,148109.0,164152.0,138903.2857142857,130290.06666666667
2023-06-29,151886,156264.0,153004.0,152718.0,157188.0,126600.0,135517.0,122396.0,134730.0,153946.0,148109.0,142144.7142857143,131557.6
2023-06-30,156264,139773.0,151886.0,153004.0,152718.0,131825.0,136365.0,122782.0,146225.0,162912.0,153946.0,145757.0,132587.93333333332
2023-07-01,139773,148585.0,156264.0,151886.0,153004.0,132294.0,120499.0,116495.0,121764.0,179043.0,162912.0,149248.2857142857,133696.73333333334
2023-07-02,148585,173124.0,139773.0,156264.0,151886.0,141384.0,120873.0,123644.0,106737.0,170430.0,179043.0,150316.7142857143,133864.83333333334
2023-07-03,173124,159388.0,148585.0,139773.0,156264.0,157188.0,137633.0,143428.0,122591.0,154052.0,170430.0,151345.42857142858,133943.5
2023-07-04,159388,183313.0,173124.0,148585.0,139773.0,152718.0,138888.0,139956.0,126482.0,144918.0,154052.0,153622.0,135655.5
2023-07-05,183313,192213.0,159388.0,173124.0,148585.0,153004.0,130314.0,138201.0,122219.0,166529.0,144918.0,154574.85714285713,137410.53333333333
2023-07-06,192213,186932.0,183313.0,159388.0,173124.0,151886.0,126600.0,135517.0,122396.0,177523.0,166529.0,158904.7142857143,139434.6
2023-07-07,186932,172361.0,192213.0,183313.0,159388.0,156264.0,131825.0,136365.0,122782.0,167089.0,177523.0,164665.7142857143,141625.63333333333
2023-07-08,172361,165418.0,186932.0,192213.0,183313.0,139773.0,132294.0,120499.0,116495.0,163633.0,167089.0,169046.85714285713,143782.73333333334
2023-07-09,165418,177182.0,172361.0,186932.0,192213.0,148585.0,141384.0,120873.0,123644.0,150168.0,163633.0,173702.2857142857,145448.23333333334
2023-07-10,177182,175241.0,165418.0,172361.0,186932.0,173124.0,157188.0,137633.0,143428.0,139373.0,150168.0,176107.0,146869.43333333332
2023-07-11,175241,188026.0,177182.0,165418.0,172361.0,159388.0,152718.0,138888.0,139956.0,157769.0,139373.0,176686.7142857143,148892.33333333334
2023-07-12,188026,197353.0,175241.0,177182.0,165418.0,183313.0,153004.0,130314.0,138201.0,174348.0,157769.0,178951.42857142858,150612.23333333334
2023-07-13,197353,185355.0,188026.0,175241.0,177182.0,192213.0,151886.0,126600.0,135517.0,184608.0,174348.0,179624.7142857143,152098.83333333334
2023-07-14,185355,172948.0,197353.0,188026.0,175241.0,186932.0,156264.0,131825.0,136365.0,183502.0,184608.0,180359.0,154012.06666666668
2023-07-15,172948,168825.0,185355.0,197353.0,188026.0,172361.0,139773.0,132294.0,120499.0,171094.0,183502.0,180133.7142857143,155583.86666666667
2023-07-16,168825,189668.0,172948.0,185355.0,197353.0,165418.0,148585.0,141384.0,120873.0,158680.0,171094.0,180217.57142857142,156831.56666666668
2023-07-17,189668,184855.0,168825.0,172948.0,185355.0,177182.0,173124.0,157188.0,137633.0,159519.0,158680.0,180704.2857142857,157913.56666666668
2023-07-18,184855,171327.0,189668.0,168825.0,172948.0,175241.0,159388.0,152718.0,138888.0,184640.0,159519.0,182488.0,160219.2
2023-07-19,171327,173788.0,184855.0,189668.0,168825.0,188026.0,183313.0,153004.0,130314.0,190594.0,184640.0,183861.42857142858,162351.93333333332
2023-07-20,173788,176318.0,171327.0,184855.0,189668.0,197353.0,192213.0,151886.0,126600.0,204640.0,190594.0,181475.85714285713,163475.06666666668
2023-07-21,176318,153460.0,173788.0,171327.0,184855.0,185355.0,186932.0,156264.0,131825.0,210299.0,204640.0,178109.42857142858,164638.4
2023-07-22,153460,155587.0,176318.0,173788.0,171327.0,172948.0,172361.0,139773.0,132294.0,203448.0,210299.0,176818.42857142858,166171.86666666667
2023-07-23,155587,177190.0,153460.0,176318.0,173788.0,168825.0,165418.0,148585.0,141384.0,190168.0,203448.0,174034.42857142858,167067.2
2023-07-24,177190,177090.0,155587.0,153460.0,176318.0,189668.0,177182.0,173124.0,157188.0,194414.0,190168.0,172143.2857142857,167859.26666666666
2023-07-25,177090,176680.0,177190.0,155587.0,153460.0,184855.0,175241.0,159388.0,152718.0,211703.0,194414.0,170360.7142857143,169355.8
2023-07-26,176680,199463.0,177090.0,177190.0,155587.0,171327.0,188026.0,183313.0,153004.0,179363.0,211703.0,169251.42857142858,170546.0
2023-07-27,199463,200485.0,176680.0,177090.0,177190.0,173788.0,197353.0,192213.0,151886.0,174823.0,179363.0,170016.14285714287,171195.73333333334
2023-07-28,200485,184565.0,199463.0,176680.0,177090.0,176318.0,185355.0,186932.0,156264.0,193239.0,174823.0,173684.0,172753.9
2023-07-29,184565,147065.0,200485.0,199463.0,176680.0,153460.0,172948.0,172361.0,139773.0,185361.0,193239.0,177136.42857142858,174336.6
2023-07-30,147065,160528.0,184565.0,200485.0,199463.0,155587.0,168825.0,165418.0,148585.0,165175.0,185361.0,181580.0,175425.9
2023-07-31,160528,155070.0,147065.0,184565.0,200485.0,177190.0,189668.0,177182.0,173124.0,160843.0,165175.0,180362.57142857142,175119.26666666666
2023-08-01,155070,149519.0,160528.0,147065.0,184565.0,177090.0,184855.0,175241.0,159388.0,165984.0,160843.0,177982.2857142857,175811.1
2023-08-02,149519,149443.0,155070.0,160528.0,147065.0,176680.0,171327.0,188026.0,183313.0,184097.0,165984.0,174836.57142857142,176027.26666666666
2023-08-03,149443,152326.0,149519.0,155070.0,160528.0,199463.0,173788.0,197353.0,192213.0,188058.0,184097.0,170956.42857142858,175240.43333333332
2023-08-04,152326,148344.0,149443.0,149519.0,155070.0,200485.0,176318.0,185355.0,186932.0,198706.0,188058.0,163810.7142857143,174908.93333333332
2023-08-05,148344,148409.0,152326.0,149443.0,149519.0,184565.0,153460.0,172948.0,172361.0,194961.0,198706.0,156930.85714285713,173876.03333333333
2023-08-06,148409,170112.0,148344.0,152326.0,149443.0,147065.0,155587.0,168825.0,165418.0,186868.0,194961.0,151756.42857142858,172413.73333333334
2023-08-07,170112,161977.0,148409.0,148344.0,152326.0,160528.0,177190.0,189668.0,177182.0,190719.0,186868.0,151948.42857142858,171129.63333333333
2023-08-08,161977,160401.0,170112.0,148409.0,148344.0,155070.0,177090.0,184855.0,175241.0,213959.0,190719.0,153317.57142857142,171054.66666666666
2023-08-09,160401,161314.0,161977.0,170112.0,148409.0,149519.0,176680.0,171327.0,188026.0,222979.0,213959.0,154304.2857142857,170939.96666666667
2023-08-10,161314,159595.0,160401.0,161977.0,170112.0,149443.0,199463.0,173788.0,197353.0,197816.0,222979.0,155858.85714285713,170380.6
2023-08-11,159595,154660.0,161314.0,160401.0,161977.0,152326.0,200485.0,176318.0,185355.0,189338.0,197816.0,157554.7142857143,169916.36666666667
2023-08-12,154660,159493.0,159595.0,161314.0,160401.0,148344.0,184565.0,153460.0,172948.0,167983.0,189338.0,158593.14285714287,168968.66666666666
2023-08-13,159493,174733.0,154660.0,159595.0,161314.0,148409.0,147065.0,155587.0,168825.0,140266.0,167983.0,159495.42857142858,167545.56666666668
2023-08-14,174733,171763.0,159493.0,154660.0,159595.0,170112.0,160528.0,177190.0,189668.0,138641.0,140266.0,161078.85714285713,166683.5
2023-08-15,171763,167680.0,174733.0,159493.0,154660.0,161977.0,155070.0,177090.0,184855.0,157926.0,138641.0,161739.0,166743.0
2023-08-16,167680,166180.0,171763.0,174733.0,159493.0,160401.0,149519.0,176680.0,171327.0,157429.0,157926.0,163137.0,166840.93333333332
2023-08-17,166180,158982.0,167680.0,171763.0,174733.0,161314.0,149443.0,199463.0,173788.0,153379.0,157429.0,164176.85714285713,166108.0
2023-08-18,158982,131413.0,166180.0,167680.0,171763.0,159595.0,152326.0,200485.0,176318.0,155905.0,153379.0,164872.0,165485.5
2023-08-19,131413,139489.0,158982.0,166180.0,167680.0,154660.0,148344.0,184565.0,153460.0,164738.0,155905.0,164784.42857142858,165074.0
2023-08-20,139489,173937.0,131413.0,158982.0,166180.0,159493.0,148409.0,147065.0,155587.0,163800.0,164738.0,161463.42857142858,163661.5
2023-08-21,173937,156451.0,139489.0,131413.0,158982.0,174733.0,170112.0,160528.0,177190.0,158274.0,163800.0,158605.7142857143,162433.86666666667
2023-08-22,156451,146265.0,173937.0,139489.0,131413.0,171763.0,161977.0,155070.0,177090.0,173383.0,158274.0,158492.0,163116.43333333332
2023-08-23,146265,146167.0,156451.0,173937.0,139489.0,167680.0,160401.0,149519.0,176680.0,177772.0,173383.0,156304.57142857142,163145.23333333334
2023-08-24,146167,153327.0,146265.0,156451.0,173937.0,166180.0,161314.0,149443.0,199463.0,176396.0,177772.0,153245.2857142857,162114.4
2023-08-25,153327,151494.0,146167.0,146265.0,156451.0,158982.0,159595.0,152326.0,200485.0,179804.0,176396.0,150386.2857142857,161083.63333333333
2023-08-26,151494,145212.0,153327.0,146167.0,146265.0,131413.0,154660.0,148344.0,184565.0,183405.0,179804.0,149578.42857142858,160305.2
2023-08-27,145212,156228.0,151494.0,153327.0,146167.0,139489.0,159493.0,148409.0,147065.0,168017.0,183405.0,152447.14285714287,158706.23333333334
2023-08-28,156228,156057.0,145212.0,151494.0,153327.0,173937.0,174733.0,170112.0,160528.0,159404.0,168017.0,153264.7142857143,156863.8
2023-08-29,156057,161848.0,156228.0,145212.0,151494.0,156451.0,171763.0,161977.0,155070.0,185384.0,159404.0,150734.85714285713,155919.23333333334
2023-08-30,161848,141734.0,156057.0,156228.0,145212.0,146265.0,167680.0,160401.0,149519.0,190278.0,185384.0,150678.57142857142,156218.96666666667
2023-08-31,141734,133059.0,161848.0,156057.0,156228.0,146167.0,166180.0,161314.0,149443.0,173537.0,190278.0,152904.7142857143,156262.96666666667
2023-09-01,133059,126027.0,141734.0,161848.0,156057.0,153327.0,158982.0,159595.0,152326.0,162975.0,173537.0,152271.42857142858,155818.43333333332
2023-09-02,126027,143874.0,133059.0,141734.0,161848.0,151494.0,131413.0,154660.0,148344.0,146970.0,162975.0,149376.0,155269.76666666666
2023-09-03,143874,166274.0,126027.0,133059.0,141734.0,145212.0,139489.0,159493.0,148409.0,138975.0,146970.0,145737.85714285713,154489.23333333334
2023-09-04,166274,199408.0,143874.0,126027.0,133059.0,156228.0,173937.0,174733.0,170112.0,151378.0,138975.0,145546.7142857143,154207.5
2023-09-05,199408,210280.0,166274.0,143874.0,126027.0,156057.0,156451.0,171763.0,161977.0,163790.0,151378.0,146981.85714285713,154805.16666666666
2023-09-06,210280,211392.0,199408.0,166274.0,143874.0,161848.0,146265.0,167680.0,160401.0,165915.0,163790.0,153174.85714285713,156505.13333333333
2023-09-07,211392,194958.0,210280.0,199408.0,166274.0,141734.0,146167.0,166180.0,161314.0,147130.0,165915.0,160093.7142857143,157844.06666666668
2023-09-08,194958,176989.0,211392.0,210280.0,199408.0,133059.0,153327.0,158982.0,159595.0,145739.0,147130.0,170044.85714285713,159491.23333333334
2023-09-09,176989,158922.0,194958.0,211392.0,210280.0,126027.0,151494.0,131413.0,154660.0,145064.0,145739.0,178887.57142857142,160643.13333333333
2023-09-10,158922,174284.0,176989.0,194958.0,211392.0,143874.0,145212.0,139489.0,159493.0,138750.0,145064.0,186167.85714285713,161165.63333333333
2023-09-11,174284,169231.0,158922.0,176989.0,194958.0,166274.0,156228.0,173937.0,174733.0,138190.0,138750.0,188317.57142857142,161143.2
2023-09-12,169231,169923.0,174284.0,158922.0,176989.0,199408.0,156057.0,156451.0,171763.0,162078.0,138190.0,189461.85714285713,161797.33333333334
2023-09-13,169923,150451.0,169231.0,174284.0,158922.0,210280.0,161848.0,146265.0,167680.0,168566.0,162078.0,185150.85714285713,162121.93333333332
2023-09-14,150451,129053.0,169923.0,169231.0,174284.0,211392.0,141734.0,146167.0,166180.0,150871.0,168566.0,179385.57142857142,161961.6
2023-09-15,129053,117733.0,150451.0,169923.0,169231.0,194958.0,133059.0,153327.0,158982.0,141132.0,150871.0,170679.7142857143,161251.2
2023-09-16,117733,120128.0,129053.0,150451.0,169923.0,176989.0,126027.0,151494.0,131413.0,131992.0,141132.0,161264.7142857143,159963.63333333333
2023-09-17,120128,138006.0,117733.0,129053.0,150451.0,158922.0,143874.0,145212.0,139489.0,126203.0,131992.0,152799.57142857142,158348.73333333334
2023-09-18,138006,129571.0,120128.0,117733.0,129053.0,174284.0,166274.0,156228.0,173937.0,136914.0,126203.0,147257.57142857142,157053.6
2023-09-19,129571,129008.0,138006.0,120128.0,117733.0,169231.0,199408.0,156057.0,156451.0,159023.0,136914.0,142075.0,157273.36666666667
2023-09-20,129008,127832.0,129571.0,138006.0,120128.0,169923.0,210280.0,161848.0,146265.0,153148.0,159023.0,136409.2857142857,156942.76666666666
2023-09-21,127832,126415.0,129008.0,129571.0,138006.0,150451.0,211392.0,141734.0,146167.0,149092.0,153148.0,130564.28571428571,155445.13333333333
2023-09-22,126415,112035.0,127832.0,129008.0,129571.0,129053.0,194958.0,133059.0,153327.0,144449.0,149092.0,127333.0,154491.16666666666
2023-09-23,112035,111536.0,126415.0,127832.0,129008.0,117733.0,176989.0,126027.0,151494.0,117836.0,144449.0,126956.14285714286,153829.5
2023-09-24,111536,119464.0,112035.0,126415.0,127832.0,120128.0,158922.0,143874.0,145212.0,106856.0,117836.0,126142.14285714286,152691.76666666666
2023-09-25,119464,118941.0,111536.0,112035.0,126415.0,138006.0,174284.0,166274.0,156228.0,110245.0,106856.0,124914.71428571429,151298.73333333334
2023-09-26,118941,116517.0,119464.0,111536.0,112035.0,129571.0,169231.0,199408.0,156057.0,123806.0,110245.0,122265.85714285714,150231.06666666668
2023-09-27,116517,118210.0,118941.0,119464.0,111536.0,129008.0,169923.0,210280.0,161848.0,122666.0,123806.0,120747.28571428571,149355.36666666667
2023-09-28,118210,119674.0,116517.0,118941.0,119464.0,127832.0,150451.0,211392.0,141734.0,121113.0,122666.0,118962.85714285714,148031.66666666666
2023-09-29,119674,110128.0,118210.0,116517.0,118941.0,126415.0,129053.0,194958.0,133059.0,119435.0,121113.0,117588.28571428571,146770.1
2023-09-30,110128,112569.0,119674.0,118210.0,116517.0,112035.0,117733.0,176989.0,126027.0,116138.0,119435.0,116625.28571428571,145364.3
2023-10-01,112569,131147.0,110128.0,119674.0,118210.0,111536.0,120128.0,158922.0,143874.0,108767.0,116138.0,116352.85714285714,144310.76666666666
2023-10-02,131147,135387.0,112569.0,110128.0,119674.0,119464.0,138006.0,174284.0,166274.0,106977.0,108767.0,116500.42857142857,143627.76666666666
2023-10-03,135387,144405.0,131147.0,112569.0,110128.0,118941.0,129571.0,169231.0,199408.0,119768.0,106977.0,118169.42857142857,143798.43333333332
2023-10-04,144405,139260.0,135387.0,131147.0,112569.0,116517.0,129008.0,169923.0,210280.0,122825.0,119768.0,120518.85714285714,143515.53333333333
2023-10-05,139260,140078.0,144405.0,135387.0,131147.0,118210.0,127832.0,150451.0,211392.0,119801.0,122825.0,124502.85714285714,142786.56666666668
2023-10-06,140078,121171.0,139260.0,144405.0,135387.0,119674.0,126415.0,129053.0,194958.0,121185.0,119801.0,127510.0,140781.63333333333
2023-10-07,121171,105416.0,140078.0,139260.0,144405.0,110128.0,112035.0,117733.0,176989.0,123565.0,121185.0,130424.85714285714,138441.56666666668
2023-10-08,105416,113692.0,121171.0,140078.0,139260.0,112569.0,111536.0,120128.0,158922.0,106905.0,123565.0,132002.42857142858,135434.2
2023-10-09,113692,118024.0,105416.0,121171.0,140078.0,131147.0,119464.0,138006.0,174284.0,104858.0,106905.0,130980.57142857143,132449.46666666667
2023-10-10,118024,119533.0,113692.0,105416.0,121171.0,135387.0,118941.0,129571.0,169231.0,114403.0,104858.0,128487.0,130339.56666666667
2023-10-11,119533,120482.0,118024.0,113692.0,105416.0,144405.0,116517.0,129008.0,169923.0,119315.0,114403.0,126006.57142857143,128976.3
2023-10-12,120482,116908.0,119533.0,118024.0,113692.0,139260.0,118210.0,127832.0,150451.0,120438.0,119315.0,122453.42857142857,127151.26666666666
2023-10-13,116908,109382.0,120482.0,119533.0,118024.0,140078.0,119674.0,126415.0,129053.0,125333.0,120438.0,119770.85714285714,125526.3
2023-10-14,109382,106009.0,116908.0,120482.0,119533.0,121171.0,110128.0,112035.0,117733.0,118562.0,125333.0,116460.85714285714,123759.13333333333
2023-10-15,106009,117592.0,109382.0,116908.0,120482.0,105416.0,112569.0,111536.0,120128.0,108069.0,118562.0,114776.71428571429,122390.16666666667
2023-10-16,117592,118154.0,106009.0,109382.0,116908.0,113692.0,131147.0,119464.0,138006.0,106318.0,108069.0,114861.42857142857,121622.03333333334
2023-10-17,118154,118973.0,117592.0,106009.0,109382.0,118024.0,135387.0,118941.0,129571.0,119413.0,106318.0,115418.57142857143,121617.33333333333
2023-10-18,118973,118566.0,118154.0,117592.0,106009.0,119533.0,144405.0,116517.0,129008.0,117200.0,119413.0,115437.14285714286,121551.53333333334
2023-10-19,118566,121383.0,118973.0,118154.0,117592.0,120482.0,139260.0,118210.0,127832.0,119012.0,117200.0,115357.14285714286,120917.1
2023-10-20,121383,110022.0,118566.0,118973.0,118154.0,116908.0,140078.0,119674.0,126415.0,119482.0,119012.0,115083.42857142857,120550.26666666666
2023-10-21,110022,106653.0,121383.0,118566.0,118973.0,109382.0,121171.0,110128.0,112035.0,118483.0,119482.0,115722.71428571429,120296.1
2023-10-22,106653,118597.0,110022.0,121383.0,118566.0,106009.0,105416.0,112569.0,111536.0,108405.0,118483.0,115814.14285714286,119702.43333333333
2023-10-23,118597,119347.0,106653.0,110022.0,121383.0,117592.0,113692.0,131147.0,119464.0,108050.0,108405.0,115906.14285714286,119043.7
2023-10-24,119347,120653.0,118597.0,106653.0,110022.0,118154.0,118024.0,135387.0,118941.0,120832.0,108050.0,116049.71428571429,119262.43333333333
2023-10-25,120653,124318.0,119347.0,118597.0,106653.0,118973.0,119533.0,144405.0,116517.0,125770.0,120832.0,116220.14285714286,119522.8
2023-10-26,124318,124624.0,120653.0,119347.0,118597.0,118566.0,120482.0,139260.0,118210.0,127535.0,125770.0,116460.14285714286,119562.43333333333
2023-10-27,124624,120491.0,124318.0,120653.0,119347.0,121383.0,116908.0,140078.0,119674.0,120506.0,127535.0,117281.85714285714,119741.66666666667
2023-10-28,120491,110558.0,124624.0,124318.0,120653.0,110022.0,109382.0,121171.0,110128.0,118282.0,120506.0,117744.85714285714,120011.9
2023-10-29,110558,120772.0,120491.0,124624.0,124318.0,106653.0,106009.0,105416.0,112569.0,109029.0,118282.0,119240.42857142857,120087.93333333333
2023-10-30,120772,119303.0,110558.0,120491.0,124624.0,118597.0,117592.0,113692.0,131147.0,107416.0,109029.0,119798.28571428571,119784.06666666667
2023-10-31,119303,122581.0,120772.0,110558.0,120491.0,119347.0,118154.0,118024.0,135387.0,119039.0,107416.0,120109.0,120138.86666666667
2023-11-01,122581,124118.0,119303.0,120772.0,110558.0,120653.0,118973.0,119533.0,144405.0,122214.0,119039.0,120102.71428571429,120363.33333333333
2023-11-02,124118,122528.0,122581.0,119303.0,120772.0,124318.0,118566.0,120482.0,139260.0,120546.0,122214.0,120378.14285714286,120077.8
2023-11-03,122528,111305.0,124118.0,122581.0,119303.0,124624.0,121383.0,116908.0,140078.0,120005.0,120546.0,120349.57142857143,119702.16666666667
2023-11-04,111305,112550.0,122528.0,124118.0,122581.0,120491.0,110022.0,109382.0,121171.0,121075.0,120005.0,120050.14285714286,118972.93333333333
2023-11-05,112550,120662.0,111305.0,122528.0,124118.0,110558.0,106653.0,106009.0,105416.0,115378.0,121075.0,118737.85714285714,118041.1
2023-11-06,120662,120787.0,112550.0,111305.0,122528.0,120772.0,118597.0,117592.0,113692.0,120723.0,115378.0,119022.42857142857,117123.5
2023-11-07,120787,121050.0,120662.0,112550.0,111305.0,119303.0,119347.0,118154.0,118024.0,129388.0,120723.0,119006.71428571429,117106.53333333334
2023-11-08,121050,123230.0,120787.0,120662.0,112550.0,122581.0,120653.0,118973.0,119533.0,118595.0,129388.0,119218.71428571429,117618.9
2023-11-09,123230,122144.0,121050.0,120787.0,120662.0,124118.0,124318.0,118566.0,120482.0,120670.0,118595.0,119000.0,117864.16666666667
2023-11-10,122144,112613.0,123230.0,121050.0,120787.0,122528.0,124624.0,121383.0,116908.0,120580.0,120670.0,118873.14285714286,118037.7
2023-11-11,112613,113688.0,122144.0,123230.0,121050.0,111305.0,120491.0,110022.0,109382.0,122084.0,120580.0,118818.28571428571,118124.73333333334
2023-11-12,113688,125943.0,112613.0,122144.0,123230.0,112550.0,110558.0,106653.0,106009.0,113611.0,122084.0,119005.14285714286,117862.43333333333
2023-11-13,125943,124777.0,113688.0,112613.0,122144.0,120662.0,120772.0,118597.0,117592.0,108614.0,113611.0,119167.71428571429,117755.1
2023-11-14,124777,124974.0,125943.0,113688.0,112613.0,120787.0,119303.0,119347.0,118154.0,122342.0,108614.0,119922.14285714286,118307.13333333333
2023-11-15,124974,122839.0,124777.0,125943.0,113688.0,121050.0,122581.0,120653.0,118973.0,126704.0,122342.0,120492.14285714286,118932.73333333334
2023-11-16,122839,120947.0,124974.0,124777.0,125943.0,123230.0,124118.0,124318.0,118566.0,125824.0,126704.0,121052.71428571429,119178.8
2023-11-17,120947,112159.0,122839.0,124974.0,124777.0,122144.0,122528.0,124624.0,121383.0,127120.0,125824.0,120996.85714285714,119334.96666666666
2023-11-18,112159,111852.0,120947.0,122839.0,124974.0,112613.0,111305.0,120491.0,110022.0,127603.0,127120.0,120825.85714285714,119400.76666666666
2023-11-19,111852,125357.0,112159.0,120947.0,122839.0,113688.0,112550.0,110558.0,106653.0,119887.0,127603.0,120761.0,119187.2
2023-11-20,125357,128957.0,111852.0,112159.0,120947.0,125943.0,120662.0,120772.0,118597.0,121080.0,119887.0,120498.71428571429,118869.5
2023-11-21,128957,123065.0,125357.0,111852.0,112159.0,124777.0,120787.0,119303.0,119347.0,133852.0,121080.0,120415.0,119380.66666666667
2023-11-22,123065,110921.0,128957.0,125357.0,111852.0,124974.0,121050.0,122581.0,120653.0,128798.0,133852.0,121012.14285714286,120124.13333333333
2023-11-23,110921,117390.0,123065.0,128957.0,125357.0,122839.0,123230.0,124118.0,124318.0,124175.0,128798.0,120739.42857142857,120273.06666666667
2023-11-24,117390,118177.0,110921.0,123065.0,128957.0,120947.0,122144.0,122528.0,124624.0,111890.0,124175.0,119036.85714285714,119992.2
2023-11-25,118177,116888.0,117390.0,110921.0,123065.0,112159.0,112613.0,111305.0,120491.0,117118.0,111890.0,118528.71428571429,119883.43333333333
2023-11-26,116888,125960.0,118177.0,117390.0,110921.0,111852.0,113688.0,112550.0,110558.0,112375.0,117118.0,119388.42857142857,119678.73333333334
2023-11-27,125960,133727.0,116888.0,118177.0,117390.0,125357.0,125943.0,120662.0,120772.0,113056.0,112375.0,120107.85714285714,119420.86666666667
2023-11-28,133727,137367.0,125960.0,116888.0,118177.0,128957.0,124777.0,120787.0,119303.0,123523.0,113056.0,120194.0,119603.16666666667
2023-11-29,137367,132457.0,133727.0,125960.0,116888.0,123065.0,124974.0,121050.0,122581.0,128130.0,123523.0,120875.42857142857,120375.46666666666
2023-11-30,132457,129712.0,137367.0,133727.0,125960.0,110921.0,122839.0,123230.0,124118.0,128004.0,128130.0,122918.57142857143,120928.63333333333
2023-12-01,129712,116476.0,132457.0,137367.0,133727.0,117390.0,120947.0,122144.0,122528.0,129814.0,128004.0,125995.14285714286,121367.1
2023-12-02,116476,116813.0,129712.0,132457.0,137367.0,118177.0,112159.0,112613.0,111305.0,130336.0,129814.0,127755.42857142857,121604.8
2023-12-03,116813,125930.0,116476.0,129712.0,132457.0,116888.0,111852.0,113688.0,112550.0,118313.0,130336.0,127512.42857142857,121350.06666666667
2023-12-04,125930,130322.0,116813.0,116476.0,129712.0,125960.0,125357.0,125943.0,120662.0,116521.0,118313.0,127501.71428571429,121159.56666666667
2023-12-05,130322,132923.0,125930.0,116813.0,116476.0,133727.0,128957.0,124777.0,120787.0,129350.0,116521.0,127497.42857142857,121647.06666666667
2023-12-06,132923,135960.0,130322.0,125930.0,116813.0,137367.0,123065.0,124974.0,121050.0,129080.0,129350.0,127011.0,122239.46666666666
2023-12-07,135960,129946.0,132923.0,130322.0,125930.0,132457.0,110921.0,122839.0,123230.0,126511.0,129080.0,126376.14285714286,122648.16666666667
2023-12-08,129946,118195.0,135960.0,132923.0,130322.0,129712.0,117390.0,120947.0,122144.0,125365.0,126511.0,126876.57142857143,123153.93333333333
2023-12-09,118195,116724.0,129946.0,135960.0,132923.0,116476.0,118177.0,112159.0,112613.0,128232.0,125365.0,126910.0,123450.46666666666
2023-12-10,116724,130480.0,118195.0,129946.0,135960.0,116813.0,116888.0,111852.0,113688.0,123064.0,128232.0,127155.57142857143,123282.63333333333
2023-12-11,130480,132472.0,116724.0,118195.0,129946.0,125930.0,125960.0,125357.0,125943.0,122660.0,123064.0,127142.85714285714,123101.96666666666
2023-12-12,132472,131986.0,130480.0,116724.0,118195.0,130322.0,133727.0,128957.0,124777.0,135900.0,122660.0,127792.85714285714,123697.53333333334
2023-12-13,131986,135106.0,132472.0,130480.0,116724.0,132923.0,137367.0,123065.0,124974.0,138164.0,135900.0,128100.0,124323.66666666667
2023-12-14,135106,130201.0,131986.0,132472.0,130480.0,135960.0,132457.0,110921.0,122839.0,137623.0,138164.0,127966.14285714286,124525.1
2023-12-15,130201,117621.0,135106.0,131986.0,132472.0,129946.0,129712.0,117390.0,120947.0,137442.0,137623.0,127844.14285714286,124869.4
2023-12-16,117621,116845.0,130201.0,135106.0,131986.0,118195.0,116476.0,118177.0,112159.0,133487.0,137442.0,127880.57142857143,125043.63333333333
2023-12-17,116845,126652.0,117621.0,130201.0,135106.0,116724.0,116813.0,116888.0,111852.0,122638.0,133487.0,127798.57142857143,124869.7
2023-12-18,126652,130034.0,116845.0,117621.0,130201.0,130480.0,125930.0,125960.0,125357.0,122612.0,122638.0,127815.85714285714,124732.96666666666
2023-12-19,130034,133889.0,126652.0,116845.0,117621.0,132472.0,130322.0,133727.0,128957.0,136653.0,122612.0,127269.0,125216.06666666667
2023-12-20,133889,133332.0,130034.0,126652.0,116845.0,131986.0,132923.0,137367.0,123065.0,136279.0,136653.0,126920.71428571429,125822.13333333333
2023-12-21,133332,134648.0,133889.0,130034.0,126652.0,135106.0,135960.0,132457.0,110921.0,136074.0,136279.0,127192.57142857143,126106.53333333334
2023-12-22,134648,123547.0,133332.0,133889.0,130034.0,130201.0,129946.0,129712.0,117390.0,133835.0,136074.0,126939.14285714286,126252.36666666667
2023-12-23,123547,116465.0,134648.0,133332.0,133889.0,117621.0,118195.0,116476.0,118177.0,134353.0,133835.0,127574.42857142857,126638.46666666666
2023-12-24,116465,113544.0,123547.0,134648.0,133332.0,116845.0,116724.0,116813.0,116888.0,145577.0,134353.0,128421.0,127059.33333333333
2023-12-25,113544,122987.0,116465.0,123547.0,134648.0,126652.0,130480.0,125930.0,125960.0,137906.0,145577.0,128366.71428571429,127028.5
2023-12-26,122987,124121.0,113544.0,116465.0,123547.0,130034.0,132472.0,130322.0,133727.0,140298.0,137906.0,126494.14285714286,126874.06666666667
2023-12-27,124121,123326.0,122987.0,113544.0,116465.0,133889.0,131986.0,132923.0,137367.0,141967.0,140298.0,125487.42857142857,127077.36666666667
2023-12-28,123326,120162.0,124121.0,122987.0,113544.0,133332.0,135106.0,135960.0,132457.0,134018.0,141967.0,124092.0,127016.06666666667
2023-12-29,120162,117117.0,123326.0,124121.0,122987.0,134648.0,130201.0,129946.0,129712.0,129523.0,134018.0,122662.57142857143,126669.36666666667
2023-12-30,117117,117793.0,120162.0,123326.0,124121.0,123547.0,117621.0,118195.0,116476.0,124166.0,129523.0,120593.14285714286,126095.86666666667
2023-12-31,117793,116590.0,117117.0,120162.0,123326.0,116465.0,116845.0,116724.0,116813.0,117173.0,124166.0,119674.57142857143,125584.53333333334
2024-01-01,116590,131525.0,117793.0,117117.0,120162.0,113544.0,126652.0,130480.0,125930.0,110714.0,117173.0,119864.28571428571,125187.23333333334
2024-01-02,131525,131802.0,116590.0,117793.0,117117.0,122987.0,130034.0,132472.0,130322.0,115759.0,110714.0,120299.42857142857,125191.03333333334
2024-01-03,131802,132779.0,131525.0,116590.0,117793.0,124121.0,133889.0,131986.0,132923.0,125253.0,115759.0,121519.14285714286,125681.43333333333
2024-01-04,132779,136792.0,131802.0,131525.0,116590.0,123326.0,133332.0,135106.0,135960.0,122698.0,125253.0,122616.42857142857,125877.16666666667
2024-01-05,136792,129492.0,132779.0,131802.0,131525.0,120162.0,134648.0,130201.0,129946.0,124238.0,122698.0,123966.85714285714,125959.06666666667
2024-01-06,129492,126295.0,136792.0,132779.0,131802.0,117117.0,123547.0,117621.0,118195.0,126034.0,124238.0,126342.57142857143,126088.03333333334
2024-01-07,126295,133372.0,129492.0,136792.0,132779.0,117793.0,116465.0,116845.0,116724.0,119605.0,126034.0,128110.42857142857,125872.43333333333
2024-01-08,133372,133803.0,126295.0,129492.0,136792.0,116590.0,113544.0,126652.0,130480.0,119410.0,119605.0,129325.0,125750.73333333334
2024-01-09,133803,128884.0,133372.0,126295.0,129492.0,131525.0,122987.0,130034.0,132472.0,129903.0,119410.0,131722.42857142858,126256.63333333333
2024-01-10,128884,129251.0,133803.0,133372.0,126295.0,131802.0,124121.0,133889.0,131986.0,132382.0,129903.0,132047.85714285713,126825.93333333333
2024-01-11,129251,127989.0,128884.0,133803.0,133372.0,132779.0,123326.0,133332.0,135106.0,133149.0,132382.0,131631.0,126772.73333333334
2024-01-12,127989,118200.0,129251.0,128884.0,133803.0,136792.0,120162.0,134648.0,130201.0,130978.0,133149.0,131127.0,126665.36666666667
2024-01-13,118200,123617.0,127989.0,129251.0,128884.0,129492.0,117117.0,123547.0,117621.0,125833.0,130978.0,129869.42857142857,126532.13333333333
2024-01-14,123617,139462.0,118200.0,127989.0,129251.0,126295.0,117793.0,116465.0,116845.0,124317.0,125833.0,128256.28571428571,125968.6
2024-01-15,139462,147227.0,123617.0,118200.0,127989.0,133372.0,116590.0,113544.0,126652.0,123983.0,124317.0,127873.71428571429,125749.13333333333
2024-01-16,147227,145708.0,139462.0,123617.0,118200.0,133803.0,131525.0,122987.0,130034.0,129779.0,123983.0,128743.71428571429,126477.16666666667
2024-01-17,145708,151482.0,147227.0,139462.0,123617.0,128884.0,131802.0,124121.0,133889.0,132506.0,129779.0,130661.42857142857,127489.9
2024-01-18,151482,147502.0,145708.0,147227.0,139462.0,129251.0,132779.0,123326.0,133332.0,127929.0,132506.0,133064.85714285713,128125.1
2024-01-19,147502,144908.0,151482.0,145708.0,147227.0,127989.0,136792.0,120162.0,134648.0,129925.0,127929.0,136240.7142857143,128840.03333333334
2024-01-20,144908,142814.0,147502.0,151482.0,145708.0,118200.0,129492.0,117117.0,123547.0,128047.0,129925.0,139028.2857142857,129293.8
2024-01-21,142814,147514.0,144908.0,147502.0,151482.0,123617.0,126295.0,117793.0,116465.0,121740.0,128047.0,142843.7142857143,129679.66666666667
2024-01-22,147514,141187.0,142814.0,144908.0,147502.0,139462.0,133372.0,116590.0,113544.0,120381.0,121740.0,145586.14285714287,129951.86666666667
2024-01-23,141187,136245.0,147514.0,142814.0,144908.0,147227.0,133803.0,131525.0,122987.0,134041.0,120381.0,146736.42857142858,130750.76666666666
2024-01-24,136245,129309.0,141187.0,147514.0,142814.0,145708.0,128884.0,131802.0,124121.0,132393.0,134041.0,145873.57142857142,131574.83333333334
2024-01-25,129309,129946.0,136245.0,141187.0,147514.0,151482.0,129251.0,132779.0,123326.0,133865.0,132393.0,144521.7142857143,132331.53333333333
2024-01-26,129946,119818.0,129309.0,136245.0,141187.0,147502.0,127989.0,136792.0,120162.0,130359.0,133865.0,141354.14285714287,132542.26666666666
2024-01-27,119818,122603.0,129946.0,129309.0,136245.0,144908.0,118200.0,129492.0,117117.0,130038.0,130359.0,138846.14285714287,132736.43333333332
2024-01-28,122603,135881.0,119818.0,129946.0,129309.0,142814.0,123617.0,126295.0,117793.0,118723.0,130038.0,135261.85714285713,132619.5
2024-01-29,135881,137309.0,122603.0,119818.0,129946.0,147514.0,139462.0,133372.0,116590.0,115804.0,118723.0,132374.57142857142,132700.86666666667
2024-01-30,137309,137092.0,135881.0,122603.0,119818.0,141187.0,147227.0,133803.0,131525.0,125165.0,115804.0,130712.71428571429,133326.33333333334
2024-01-31,137092,133653.0,137309.0,135881.0,122603.0,136245.0,145708.0,128884.0,131802.0,130743.0,125165.0,130158.71428571429,133976.86666666667
2024-02-01,133653,132441.0,137092.0,137309.0,135881.0,129309.0,151482.0,129251.0,132779.0,135393.0,130743.0,130279.71428571429,134660.26666666666
2024-02-02,132441,123515.0,133653.0,137092.0,137309.0,129946.0,147502.0,127989.0,136792.0,135473.0,135393.0,130900.28571428571,134731.2
2024-02-03,123515,121576.0,132441.0,133653.0,137092.0,119818.0,144908.0,118200.0,129492.0,145270.0,135473.0,131256.7142857143,134752.5
2024-02-04,121576,133529.0,123515.0,132441.0,133653.0,122603.0,142814.0,123617.0,126295.0,147495.0,145270.0,131784.85714285713,134443.7
2024-02-05,133529,135668.0,121576.0,123515.0,132441.0,135881.0,147514.0,139462.0,133372.0,129341.0,147495.0,131638.14285714287,133936.5
2024-02-06,135668,132692.0,133529.0,121576.0,123515.0,137309.0,141187.0,147227.0,133803.0,131645.0,129341.0,131302.14285714287,134071.06666666668
2024-02-07,132692,129478.0,135668.0,133529.0,121576.0,137092.0,136245.0,145708.0,128884.0,134177.0,131645.0,131067.71428571429,134383.5
2024-02-08,129478,126725.0,132692.0,135668.0,133529.0,133653.0,129309.0,151482.0,129251.0,128501.0,134177.0,130439.14285714286,134360.83333333334
2024-02-09,126725,115762.0,129478.0,132692.0,135668.0,132441.0,129946.0,147502.0,127989.0,128685.0,128501.0,129842.71428571429,134216.66666666666
2024-02-10,115762,114929.0,126725.0,129478.0,132692.0,123515.0,119818.0,144908.0,118200.0,122360.0,128685.0,129026.14285714286,134144.7
2024-02-11,114929,127136.0,115762.0,126725.0,129478.0,121576.0,122603.0,142814.0,123617.0,116598.0,122360.0,127918.57142857143,133695.06666666668
2024-02-12,127136,134103.0,114929.0,115762.0,126725.0,133529.0,135881.0,147514.0,139462.0,116261.0,116598.0,126969.0,133259.73333333334
2024-02-13,134103,138449.0,127136.0,114929.0,115762.0,135668.0,137309.0,141187.0,147227.0,124713.0,116261.0,126055.71428571429,133557.6
2024-02-14,138449,138777.0,134103.0,127136.0,114929.0,132692.0,137092.0,136245.0,145708.0,124168.0,124713.0,125832.14285714286,133907.13333333333
2024-02-15,138777,133279.0,138449.0,134103.0,127136.0,129478.0,133653.0,129309.0,151482.0,122571.0,124168.0,126654.57142857143,133873.36666666667
2024-02-16,133279,129046.0,138777.0,138449.0,134103.0,126725.0,132441.0,129946.0,147502.0,120734.0,122571.0,127983.0,133591.7
2024-02-17,129046,126553.0,133279.0,138777.0,138449.0,115762.0,123515.0,119818.0,144908.0,123029.0,120734.0,128919.28571428571,133177.4
2024-02-18,126553,128372.0,129046.0,133279.0,138777.0,114929.0,121576.0,122603.0,142814.0,118794.0,123029.0,130817.0,132429.53333333333
2024-02-19,128372,136682.0,126553.0,129046.0,133279.0,127136.0,133529.0,135881.0,147514.0,114515.0,118794.0,132477.57142857142,131731.23333333334
2024-02-20,136682,136259.0,128372.0,126553.0,129046.0,134103.0,135668.0,137309.0,141187.0,115965.0,114515.0,132654.14285714287,131180.03333333333
2024-02-21,136259,132618.0,136682.0,128372.0,126553.0,138449.0,132692.0,137092.0,136245.0,125622.0,115965.0,133022.57142857142,130975.63333333333
2024-02-22,132618,128785.0,136259.0,136682.0,128372.0,138777.0,129478.0,133653.0,129309.0,127740.0,125622.0,132709.7142857143,130600.46666666666
2024-02-23,128785,120238.0,132618.0,136259.0,136682.0,133279.0,126725.0,132441.0,129946.0,129068.0,127740.0,131829.85714285713,130314.83333333333
2024-02-24,120238,124037.0,128785.0,132618.0,136259.0,129046.0,115762.0,123515.0,119818.0,127964.0,129068.0,131187.85714285713,130066.16666666667
2024-02-25,124037,130249.0,120238.0,128785.0,132618.0,126553.0,114929.0,121576.0,122603.0,128870.0,127964.0,129929.57142857143,129763.8
2024-02-26,130249,127050.0,124037.0,120238.0,128785.0,128372.0,127136.0,133529.0,135881.0,121861.0,128870.0,129570.14285714286,129566.83333333333
2024-02-27,127050,126789.0,130249.0,124037.0,120238.0,136682.0,134103.0,135668.0,137309.0,131002.0,121861.0,129838.28571428571,129914.53333333334
2024-02-28,126789,131221.0,127050.0,130249.0,124037.0,136259.0,138449.0,132692.0,137092.0,136314.0,131002.0,128462.28571428571,130062.76666666666
2024-02-29,131221,130494.0,126789.0,127050.0,130249.0,132618.0,138777.0,129478.0,133653.0,132040.0,136314.0,127109.42857142857,129759.7
2024-03-01,130494,120590.0,131221.0,126789.0,127050.0,128785.0,133279.0,126725.0,132441.0,128799.0,132040.0,126909.85714285714,129556.76666666666
2024-03-02,120590,111074.0,130494.0,131221.0,126789.0,120238.0,129046.0,115762.0,123515.0,128658.0,128799.0,127154.0,129336.83333333333
2024-03-03,111074,122004.0,120590.0,130494.0,131221.0,124037.0,126553.0,114929.0,121576.0,119799.0,128658.0,127204.28571428571,128901.4
2024-03-04,122004,127282.0,111074.0,120590.0,130494.0,130249.0,128372.0,127136.0,133529.0,115276.0,119799.0,125352.42857142857,128189.16666666667
2024-03-05,127282,126572.0,122004.0,111074.0,120590.0,127050.0,136682.0,134103.0,135668.0,125030.0,115276.0,124174.57142857143,128138.8
2024-03-06,126572,125068.0,127282.0,122004.0,111074.0,126789.0,136259.0,138449.0,132692.0,128147.0,125030.0,124207.71428571429,128329.0
2024-03-07,125068,122908.0,126572.0,127282.0,122004.0,131221.0,132618.0,138777.0,129478.0,130246.0,128147.0,124176.71428571429,128097.1
2024-03-08,122908,119558.0,125068.0,126572.0,127282.0,130494.0,128785.0,133279.0,126725.0,127820.0,130246.0,123297.71428571429,127743.76666666666
2024-03-09,119558,111660.0,122908.0,125068.0,126572.0,120590.0,120238.0,129046.0,115762.0,127940.0,127820.0,122214.0,127417.63333333333
2024-03-10,111660,128298.0,119558.0,122908.0,125068.0,111074.0,124037.0,126553.0,114929.0,119894.0,127940.0,122066.57142857143,127086.96666666666
2024-03-11,128298,122829.0,111660.0,119558.0,122908.0,122004.0,130249.0,128372.0,127136.0,112114.0,119894.0,122150.28571428571,126584.8
2024-03-12,122829,120078.0,128298.0,111660.0,119558.0,127282.0,127050.0,136682.0,134103.0,129401.0,112114.0,123049.42857142857,127002.66666666667
2024-03-13,120078,119855.0,122829.0,128298.0,111660.0,126572.0,126789.0,136259.0,138449.0,134348.0,129401.0,122413.28571428571,127266.0
2024-03-14,119855,119220.0,120078.0,122829.0,128298.0,125068.0,131221.0,132618.0,138777.0,132305.0,134348.0,121485.57142857143,127030.73333333334
2024-03-15,119220,108979.0,119855.0,120078.0,122829.0,122908.0,130494.0,128785.0,133279.0,127824.0,132305.0,120740.85714285714,126555.8
2024-03-16,108979,107601.0,119220.0,119855.0,120078.0,119558.0,120590.0,120238.0,129046.0,121723.0,127824.0,120214.0,125914.83333333333
2024-03-17,107601,120876.0,108979.0,119220.0,119855.0,111660.0,111074.0,124037.0,126553.0,111745.0,121723.0,118702.71428571429,124921.56666666667
2024-03-18,120876,125439.0,107601.0,108979.0,119220.0,128298.0,122004.0,130249.0,128372.0,115955.0,111745.0,118122.85714285714,124065.63333333333
2024-03-19,125439,125095.0,120876.0,107601.0,108979.0,122829.0,127282.0,127050.0,136682.0,126654.0,115955.0,117062.57142857143,123793.3
2024-03-20,125095,130067.0,125439.0,120876.0,107601.0,120078.0,126572.0,126789.0,136259.0,122805.0,126654.0,117435.42857142857,123756.16666666667
2024-03-21,130067,130301.0,125095.0,125439.0,120876.0,119855.0,125068.0,131221.0,132618.0,120961.0,122805.0,118152.14285714286,123646.93333333333
2024-03-22,130301,121500.0,130067.0,125095.0,125439.0,119220.0,122908.0,130494.0,128785.0,121618.0,120961.0,119611.0,123426.43333333333
2024-03-23,121500,117889.0,130301.0,130067.0,125095.0,108979.0,119558.0,120590.0,120238.0,120547.0,121618.0,121194.0,123227.83333333333
2024-03-24,117889,126694.0,121500.0,130301.0,130067.0,107601.0,111660.0,111074.0,124037.0,115772.0,120547.0,122982.71428571429,122857.23333333334
2024-03-25,126694,125305.0,117889.0,121500.0,130301.0,120876.0,128298.0,122004.0,130249.0,108253.0,115772.0,124452.42857142857,122494.03333333334
2024-03-26,125305,125707.0,126694.0,117889.0,121500.0,125439.0,122829.0,127282.0,127050.0,119452.0,108253.0,125283.57142857143,122709.23333333334
2024-03-27,125707,125729.0,125305.0,126694.0,117889.0,125095.0,120078.0,126572.0,126789.0,121920.0,119452.0,125264.42857142857,122751.5
2024-03-28,125729,120355.0,125707.0,125305.0,126694.0,130067.0,119855.0,125068.0,131221.0,120932.0,121920.0,125351.85714285714,122600.1
2024-03-29,120355,112331.0,125729.0,125707.0,125305.0,130301.0,119220.0,122908.0,130494.0,124644.0,120932.0,124732.14285714286,122556.06666666667
2024-03-30,112331,107220.0,120355.0,125729.0,125707.0,121500.0,108979.0,119558.0,120590.0,123140.0,124644.0,123311.28571428571,122341.6
2024-03-31,107220,120871.0,112331.0,120355.0,125729.0,117889.0,107601.0,111660.0,111074.0,111631.0,123140.0,122001.42857142857,121711.93333333333
2024-04-01,120871,125007.0,107220.0,112331.0,120355.0,126694.0,120876.0,128298.0,122004.0,108953.0,111631.0,120477.28571428571,120936.13333333333
2024-04-02,125007,129954.0,120871.0,107220.0,112331.0,125305.0,125439.0,122829.0,127282.0,120873.0,108953.0,119645.42857142857,120945.5
2024-04-03,129954,126600.0,125007.0,120871.0,107220.0,125707.0,125095.0,120078.0,126572.0,119870.0,120873.0,119602.85714285714,121409.93333333333
2024-04-04,126600,124447.0,129954.0,125007.0,120871.0,125729.0,130067.0,119855.0,125068.0,121088.0,119870.0,120209.57142857143,121674.93333333333
2024-04-05,124447,114228.0,126600.0,129954.0,125007.0,120355.0,130301.0,119220.0,122908.0,119719.0,121088.0,120334.0,121652.2
2024-04-06,114228,110062.0,124447.0,126600.0,129954.0,112331.0,121500.0,108979.0,119558.0,115204.0,119719.0,120918.57142857143,121581.36666666667
2024-04-07,110062,118910.0,114228.0,124447.0,126600.0,107220.0,117889.0,107601.0,111660.0,108997.0,115204.0,121189.57142857143,121220.03333333334
2024-04-08,118910,118395.0,110062.0,114228.0,124447.0,120871.0,126694.0,120876.0,128298.0,105897.0,108997.0,121595.57142857143,120791.83333333333
2024-04-09,118395,116601.0,118910.0,110062.0,114228.0,125007.0,125305.0,125439.0,122829.0,116583.0,105897.0,121315.42857142857,120770.23333333334
2024-04-10,116601,119467.0,118395.0,118910.0,110062.0,129954.0,125707.0,125095.0,120078.0,117194.0,116583.0,120370.85714285714,120994.73333333334
2024-04-11,119467,118513.0,116601.0,118395.0,118910.0,126600.0,125729.0,130067.0,119855.0,122341.0,117194.0,118463.28571428571,120604.83333333333
2024-04-12,118513,109372.0,119467.0,116601.0,118395.0,124447.0,120355.0,130301.0,119220.0,133743.0,122341.0,117444.28571428571,120492.76666666666
2024-04-13,109372,106230.0,118513.0,119467.0,116601.0,114228.0,112331.0,121500.0,108979.0,140767.0,133743.0,116596.57142857143,120440.6
2024-04-14,106230,120463.0,109372.0,118513.0,119467.0,110062.0,107220.0,117889.0,107601.0,122941.0,140767.0,115902.85714285714,120091.16666666667
2024-04-15,120463,117633.0,106230.0,109372.0,118513.0,118910.0,120871.0,126694.0,120876.0,113609.0,122941.0,115355.42857142857,119658.16666666667
2024-04-16,117633,117699.0,120463.0,106230.0,109372.0,118395.0,125007.0,125305.0,125439.0,120738.0,113609.0,115577.28571428571,120040.96666666666
2024-04-17,117699,120726.0,117633.0,120463.0,106230.0,116601.0,129954.0,125707.0,125095.0,116766.0,120738.0,115468.42857142857,120375.36666666667
2024-04-18,120726,117552.0,117699.0,117633.0,120463.0,119467.0,126600.0,125729.0,130067.0,117228.0,116766.0,115625.28571428571,120269.46666666666
2024-04-19,117552,107311.0,120726.0,117699.0,117633.0,118513.0,124447.0,120355.0,130301.0,116594.0,117228.0,115805.14285714286,120112.36666666667
2024-04-20,107311,106176.0,117552.0,120726.0,117699.0,109372.0,114228.0,112331.0,121500.0,116193.0,116594.0,115667.85714285714,119860.93333333333
2024-04-21,106176,114826.0,107311.0,117552.0,120726.0,106230.0,110062.0,107220.0,117889.0,108000.0,116193.0,115373.42857142857,119102.4
2024-04-22,114826,114220.0,106176.0,107311.0,117552.0,120463.0,118910.0,120871.0,126694.0,106680.0,108000.0,115365.71428571429,118298.23333333334
2024-04-23,114220,115397.0,114826.0,106176.0,107311.0,117633.0,118395.0,125007.0,125305.0,115464.0,106680.0,114560.42857142857,118075.76666666666
2024-04-24,115397,114582.0,114220.0,114826.0,106176.0,117699.0,116601.0,129954.0,125707.0,116571.0,115464.0,114072.85714285714,117953.46666666666
2024-04-25,114582,113958.0,115397.0,114220.0,114826.0,120726.0,119467.0,126600.0,125729.0,116469.0,116571.0,113744.0,117576.9
2024-04-26,113958,105435.0,114582.0,115397.0,114220.0,117552.0,118513.0,124447.0,120355.0,117867.0,116469.0,112866.28571428571,117219.46666666666
2024-04-27,105435,105353.0,113958.0,114582.0,115397.0,107311.0,109372.0,114228.0,112331.0,117958.0,117867.0,112352.85714285714,116827.83333333333
2024-04-28,105353,127381.0,105435.0,113958.0,114582.0,106176.0,106230.0,110062.0,107220.0,112265.0,117958.0,112084.85714285714,116151.36666666667
2024-04-29,127381,118586.0,105353.0,105435.0,113958.0,114826.0,120463.0,118910.0,120871.0,109877.0,112265.0,111967.28571428571,115651.3
2024-04-30,118586,119518.0,127381.0,105353.0,105435.0,114220.0,117633.0,118395.0,125007.0,116373.0,109877.0,113760.85714285714,116152.96666666666
2024-05-01,119518,121813.0,118586.0,127381.0,105353.0,115397.0,117699.0,116601.0,129954.0,117408.0,116373.0,114384.57142857143,116531.83333333333
2024-05-02,121813,116646.0,119518.0,118586.0,127381.0,114582.0,120726.0,119467.0,126600.0,117134.0,117408.0,114973.28571428571,116486.73333333334
2024-05-03,116646,106231.0,121813.0,119518.0,118586.0,113958.0,117552.0,118513.0,124447.0,118783.0,117134.0,116006.28571428571,116380.26666666666
2024-05-04,106231,107601.0,116646.0,121813.0,119518.0,105435.0,107311.0,109372.0,114228.0,116116.0,118783.0,116390.28571428571,115936.66666666667
2024-05-05,107601,120093.0,106231.0,116646.0,121813.0,105353.0,106176.0,106230.0,110062.0,106884.0,116116.0,116504.0,115257.7
2024-05-06,120093,123916.0,107601.0,106231.0,116646.0,127381.0,114826.0,120463.0,118910.0,106708.0,106884.0,116825.14285714286,114696.16666666667
2024-05-07,123916,135931.0,120093.0,107601.0,106231.0,118586.0,114220.0,117633.0,118395.0,123086.0,106708.0,115784.0,114891.66666666667
2024-05-08,135931,126567.0,123916.0,120093.0,107601.0,119518.0,115397.0,117699.0,116601.0,117625.0,123086.0,116545.42857142857,115353.46666666666
2024-05-09,126567,118080.0,135931.0,123916.0,120093.0,121813.0,114582.0,120726.0,119467.0,117570.0,117625.0,118890.14285714286,115920.83333333333
2024-05-10,118080,105208.0,126567.0,135931.0,123916.0,116646.0,113958.0,117552.0,118513.0,123681.0,117570.0,119569.28571428571,116193.23333333334
2024-05-11,105208,105238.0,118080.0,126567.0,135931.0,106231.0,105435.0,107311.0,109372.0,135997.0,123681.0,119774.14285714286,116242.53333333334
2024-05-12,105238,116599.0,105208.0,118080.0,126567.0,107601.0,105353.0,106176.0,106230.0,129143.0,135997.0,119628.0,115767.23333333334
2024-05-13,116599,120146.0,105238.0,105208.0,118080.0,120093.0,127381.0,114826.0,120463.0,113232.0,129143.0,119290.42857142857,115324.73333333334
2024-05-14,120146,120976.0,116599.0,105238.0,105208.0,123916.0,118586.0,114220.0,117633.0,123378.0,113232.0,118791.28571428571,115565.63333333333
2024-05-15,120976,120608.0,120146.0,116599.0,105238.0,135931.0,119518.0,115397.0,117699.0,128952.0,123378.0,118252.71428571429,116029.5
2024-05-16,120608,120128.0,120976.0,120146.0,116599.0,126567.0,121813.0,114582.0,120726.0,121160.0,128952.0,116116.28571428571,116046.6
2024-05-17,120128,110332.0,120608.0,120976.0,120146.0,118080.0,116646.0,113958.0,117552.0,114549.0,121160.0,115265.0,116145.76666666666
2024-05-18,110332,109853.0,120128.0,120608.0,120976.0,105208.0,106231.0,105435.0,107311.0,116482.0,114549.0,115557.57142857143,116226.73333333334
2024-05-19,109853,122257.0,110332.0,120128.0,120608.0,105238.0,107601.0,105353.0,106176.0,110684.0,116482.0,116289.57142857143,115880.26666666666
2024-05-20,122257,131765.0,109853.0,110332.0,120128.0,116599.0,120093.0,127381.0,114826.0,107194.0,110684.0,116948.85714285714,115623.63333333333
2024-05-21,131765,142724.0,122257.0,109853.0,110332.0,120146.0,123916.0,118586.0,114220.0,121819.0,107194.0,117757.14285714286,116121.83333333333
2024-05-22,142724,146380.0,131765.0,122257.0,109853.0,120976.0,135931.0,119518.0,115397.0,118631.0,121819.0,119417.0,116974.8
2024-05-23,146380,146863.0,142724.0,131765.0,122257.0,120608.0,126567.0,121813.0,114582.0,119115.0,118631.0,122523.85714285714,117904.73333333334
2024-05-24,146863,128941.0,146380.0,142724.0,131765.0,120128.0,118080.0,116646.0,113958.0,115600.0,119115.0,126205.57142857143,118976.73333333334
2024-05-25,128941,129499.0,146863.0,146380.0,142724.0,110332.0,105208.0,106231.0,105435.0,116326.0,115600.0,130024.85714285714,120025.6
2024-05-26,129499,131790.0,128941.0,146863.0,146380.0,109853.0,105238.0,107601.0,105353.0,108601.0,116326.0,132683.2857142857,120504.23333333334
2024-05-27,131790,145299.0,129499.0,128941.0,146863.0,122257.0,116599.0,120093.0,127381.0,107474.0,108601.0,135489.85714285713,121022.26666666666
2024-05-28,145299,138253.0,131790.0,129499.0,128941.0,131765.0,120146.0,123916.0,118586.0,114978.0,107474.0,136851.7142857143,121900.76666666666
2024-05-29,138253,129147.0,145299.0,131790.0,129499.0,142724.0,120976.0,135931.0,119518.0,120976.0,114978.0,138785.14285714287,123232.3
2024-05-30,129147,128329.0,138253.0,145299.0,131790.0,146380.0,120608.0,126567.0,121813.0,123000.0,120976.0,138146.42857142858,123594.7
2024-05-31,128329,124462.0,129147.0,138253.0,145299.0,146863.0,120128.0,118080.0,116646.0,134730.0,123000.0,135684.57142857142,123946.73333333334
2024-06-01,124462,129455.0,128329.0,129147.0,138253.0,128941.0,110332.0,105208.0,106231.0,146225.0,134730.0,133036.85714285713,124240.43333333333
2024-06-02,129455,157104.0,124462.0,128329.0,129147.0,129499.0,109853.0,105238.0,107601.0,121764.0,146225.0,132397.0,124328.73333333334
2024-06-03,157104,156095.0,129455.0,124462.0,128329.0,131790.0,122257.0,116599.0,120093.0,106737.0,121764.0,132390.7142857143,124755.7
2024-06-04,156095,155169.0,157104.0,129455.0,124462.0,145299.0,131765.0,120146.0,123916.0,122591.0,106737.0,136007.0,126451.46666666666
2024-06-05,155169,164580.0,156095.0,157104.0,129455.0,138253.0,142724.0,120976.0,135931.0,126482.0,122591.0,137549.2857142857,128067.93333333333
2024-06-06,164580,155967.0,155169.0,156095.0,157104.0,129147.0,146380.0,120608.0,126567.0,122219.0,126482.0,139965.85714285713,129237.13333333333
2024-06-07,155967,132181.0,164580.0,155169.0,156095.0,128329.0,146863.0,120128.0,118080.0,122396.0,122219.0,145027.7142857143,130592.6
2024-06-08,132181,130033.0,155967.0,164580.0,155169.0,124462.0,128941.0,110332.0,105208.0,122782.0,122396.0,148976.0,131260.46666666667
2024-06-09,130033,139579.0,132181.0,155967.0,164580.0,129455.0,129499.0,109853.0,105238.0,116495.0,122782.0,150078.7142857143,131447.6
2024-06-10,139579,137507.0,130033.0,132181.0,155967.0,157104.0,131790.0,122257.0,116599.0,123644.0,116495.0,150161.2857142857,131846.03333333333
2024-06-11,137507,139481.0,139579.0,130033.0,132181.0,156095.0,145299.0,131765.0,120146.0,143428.0,123644.0,147657.7142857143,132991.73333333334
2024-06-12,139481,151014.0,137507.0,139579.0,130033.0,155169.0,138253.0,142724.0,120976.0,139956.0,143428.0,145002.2857142857,134067.36666666667
2024-06-13,151014,159899.0,139481.0,137507.0,139579.0,164580.0,129147.0,146380.0,120608.0,138201.0,139956.0,142761.14285714287,134830.1
2024-06-14,159899,137519.0,151014.0,139481.0,137507.0,155967.0,128329.0,146863.0,120128.0,135517.0,138201.0,140823.14285714287,135859.03333333333
2024-06-15,137519,126847.0,159899.0,151014.0,139481.0,132181.0,124462.0,128941.0,110332.0,136365.0,135517.0,141384.85714285713,137156.46666666667
2024-06-16,126847,156036.0,137519.0,159899.0,151014.0,130033.0,129455.0,129499.0,109853.0,120499.0,136365.0,142147.42857142858,137720.16666666666
2024-06-17,156036,172070.0,126847.0,137519.0,159899.0,139579.0,157104.0,131790.0,122257.0,120873.0,120499.0,141692.2857142857,137944.13333333333
2024-06-18,172070,170946.0,156036.0,126847.0,137519.0,137507.0,156095.0,145299.0,131765.0,137633.0,120873.0,144043.2857142857,139467.6
2024-06-19,170946,184117.0,172070.0,156036.0,126847.0,139481.0,155169.0,138253.0,142724.0,138888.0,137633.0,148980.85714285713,141541.5
2024-06-20,184117,195991.0,170946.0,172070.0,156036.0,151014.0,164580.0,129147.0,146380.0,130314.0,138888.0,153475.85714285713,143164.46666666667
2024-06-21,195991,181513.0,184117.0,170946.0,172070.0,159899.0,155967.0,128329.0,146863.0,126600.0,130314.0,158204.85714285713,144909.53333333333
2024-06-22,181513,181459.0,195991.0,184117.0,170946.0,137519.0,132181.0,124462.0,128941.0,131825.0,126600.0,163360.85714285713,146685.1
2024-06-23,181459,176674.0,181513.0,195991.0,184117.0,126847.0,130033.0,129455.0,129499.0,132294.0,131825.0,169645.7142857143,147856.2
2024-06-24,176674,172647.0,181459.0,181513.0,195991.0,156036.0,139579.0,157104.0,131790.0,141384.0,132294.0,177447.42857142858,149009.4
2024-06-25,172647,187697.0,176674.0,181459.0,181513.0,172070.0,137507.0,156095.0,145299.0,157188.0,141384.0,180395.7142857143,150600.5
2024-06-26,187697,172540.0,172647.0,176674.0,181459.0,170946.0,139481.0,155169.0,138253.0,152718.0,157188.0,180478.14285714287,152038.76666666666
2024-06-27,172540,145789.0,187697.0,172647.0,176674.0,184117.0,151014.0,164580.0,129147.0,153004.0,152718.0,182871.14285714287,153902.33333333334
2024-06-28,145789,142824.0,172540.0,187697.0,172647.0,195991.0,159899.0,155967.0,128329.0,151886.0,153004.0,181217.2857142857,154810.36666666667
2024-06-29,142824,159288.0,145789.0,172540.0,187697.0,181513.0,137519.0,132181.0,124462.0,156264.0,151886.0,174045.57142857142,155061.56666666668
2024-06-30,159288,151971.0,142824.0,145789.0,172540.0,181459.0,126847.0,130033.0,129455.0,139773.0,156264.0,168518.57142857142,155517.46666666667
2024-07-01,151971,153121.0,159288.0,142824.0,145789.0,176674.0,156036.0,139579.0,157104.0,148585.0,139773.0,165351.2857142857,156549.43333333332
2024-07-02,153121,153074.0,151971.0,159288.0,142824.0,172647.0,172070.0,137507.0,156095.0,173124.0,148585.0,161822.2857142857,157466.4
2024-07-03,153074,148986.0,153121.0,151971.0,159288.0,187697.0,170946.0,139481.0,155169.0,159388.0,173124.0,159032.85714285713,158255.26666666666
2024-07-04,148986,179003.0,153074.0,153121.0,151971.0,172540.0,184117.0,151014.0,164580.0,183313.0,159388.0,154086.7142857143,158120.93333333332
2024-07-05,179003,174587.0,148986.0,153074.0,153121.0,145789.0,195991.0,159899.0,155967.0,192213.0,183313.0,150721.85714285713,157883.96666666667
2024-07-06,174587,179856.0,179003.0,148986.0,153074.0,142824.0,181513.0,137519.0,132181.0,186932.0,192213.0,155466.7142857143,158678.43333333332
2024-07-07,179856,204801.0,174587.0,179003.0,148986.0,159288.0,181459.0,126847.0,130033.0,172361.0,186932.0,160004.2857142857,159012.0
2024-07-08,204801,204212.0,179856.0,174587.0,179003.0,151971.0,176674.0,156036.0,139579.0,165418.0,172361.0,162942.57142857142,159808.3
2024-07-09,204212,207772.0,204801.0,179856.0,174587.0,153121.0,172647.0,172070.0,137507.0,177182.0,165418.0,170489.7142857143,162228.96666666667
2024-07-10,207772,197069.0,204212.0,204801.0,179856.0,153074.0,187697.0,170946.0,139481.0,175241.0,177182.0,177788.42857142858,164701.6
2024-07-11,197069,188001.0,207772.0,204212.0,204801.0,148986.0,172540.0,184117.0,151014.0,188026.0,175241.0,185602.42857142858,166974.7
2024-07-12,188001,174380.0,197069.0,207772.0,204212.0,179003.0,145789.0,195991.0,159899.0,197353.0,188026.0,192471.42857142858,168960.1
2024-07-13,174380,177664.0,188001.0,197069.0,207772.0,174587.0,142824.0,181513.0,137519.0,185355.0,197353.0,193756.85714285713,170577.43333333332
2024-07-14,177664,203823.0,174380.0,188001.0,197069.0,179856.0,159288.0,181459.0,126847.0,172948.0,185355.0,193727.2857142857,171356.3
2024-07-15,203823,214127.0,177664.0,174380.0,188001.0,204801.0,151971.0,176674.0,156036.0,168825.0,172948.0,193414.14285714287,171948.46666666667
2024-07-16,214127,204545.0,203823.0,177664.0,174380.0,204212.0,153121.0,172647.0,172070.0,189668.0,168825.0,193274.42857142858,174158.6
2024-07-17,204545,189710.0,214127.0,203823.0,177664.0,207772.0,153074.0,187697.0,170946.0,184855.0,189668.0,194690.85714285713,177067.93333333332
2024-07-18,189710,168652.0,204545.0,214127.0,203823.0,197069.0,148986.0,172540.0,184117.0,171327.0,184855.0,194229.85714285713,178684.9
2024-07-19,168652,158502.0,189710.0,204545.0,214127.0,188001.0,179003.0,145789.0,195991.0,173788.0,171327.0,193178.57142857142,179272.9
2024-07-20,158502,166582.0,168652.0,189710.0,204545.0,174380.0,174587.0,142824.0,181513.0,176318.0,173788.0,190414.42857142858,179196.43333333332
2024-07-21,166582,185179.0,158502.0,168652.0,189710.0,177664.0,179856.0,159288.0,181459.0,153460.0,176318.0,188146.14285714287,178342.6
2024-07-22,185179,178638.0,166582.0,158502.0,168652.0,203823.0,204801.0,151971.0,176674.0,155587.0,153460.0,186563.0,177362.3
2024-07-23,178638,179604.0,185179.0,166582.0,158502.0,214127.0,204212.0,153121.0,172647.0,177190.0,155587.0,183899.57142857142,177484.5
2024-07-24,179604,176626.0,178638.0,185179.0,166582.0,204545.0,207772.0,153074.0,187697.0,177090.0,177190.0,178829.7142857143,177390.46666666667
2024-07-25,176626,158078.0,179604.0,178638.0,185179.0,189710.0,197069.0,148986.0,172540.0,176680.0,177090.0,175266.7142857143,177488.13333333333
2024-07-26,158078,151956.0,176626.0,179604.0,178638.0,168652.0,188001.0,179003.0,145789.0,199463.0,176680.0,173397.57142857142,177620.76666666666
2024-07-27,151956,153172.0,158078.0,176626.0,179604.0,158502.0,174380.0,174587.0,142824.0,200485.0,199463.0,171887.0,176633.46666666667
2024-07-28,153172,176265.0,151956.0,158078.0,176626.0,166582.0,177664.0,179856.0,159288.0,184565.0,200485.0,170951.85714285713,175947.33333333334
2024-07-29,176265,186401.0,153172.0,151956.0,158078.0,185179.0,203823.0,204801.0,151971.0,147065.0,184565.0,169036.14285714287,176193.43333333332
2024-07-30,186401,193186.0,176265.0,153172.0,151956.0,178638.0,214127.0,204212.0,153121.0,160528.0,147065.0,167762.7142857143,177308.13333333333
2024-07-31,193186,199184.0,186401.0,176265.0,153172.0,179604.0,204545.0,207772.0,153074.0,155070.0,160528.0,168871.7142857143,178211.9
2024-08-01,199184,205346.0,193186.0,186401.0,176265.0,176626.0,189710.0,197069.0,148986.0,149519.0,155070.0,170812.0,179585.73333333334
2024-08-02,205346,185206.0,199184.0,193186.0,186401.0,158078.0,168652.0,188001.0,179003.0,149443.0,149519.0,174034.57142857142,181121.16666666666
2024-08-03,185206,167499.0,205346.0,199184.0,193186.0,151956.0,158502.0,174380.0,174587.0,152326.0,149443.0,180787.14285714287,182863.56666666668
2024-08-04,167499,190114.0,185206.0,205346.0,199184.0,153172.0,166582.0,177664.0,179856.0,148344.0,152326.0,185537.14285714287,184070.9
2024-08-05,190114,195634.0,167499.0,185206.0,205346.0,176265.0,185179.0,203823.0,204801.0,148409.0,148344.0,187583.85714285713,183687.43333333332
2024-08-06,195634,157871.0,190114.0,167499.0,185206.0,186401.0,178638.0,214127.0,204212.0,170112.0,148409.0,189562.2857142857,184205.0
2024-08-07,157871,145053.0,195634.0,190114.0,167499.0,193186.0,179604.0,204545.0,207772.0,161977.0,170112.0,190881.2857142857,184730.93333333332
2024-08-08,145053,168798.0,157871.0,195634.0,190114.0,199184.0,176626.0,189710.0,197069.0,160401.0,161977.0,185836.2857142857,183166.6
2024-08-09,168798,157538.0,145053.0,157871.0,195634.0,205346.0,158078.0,168652.0,188001.0,161314.0,160401.0,178103.2857142857,181194.63333333333
2024-08-10,157538,146280.0,168798.0,145053.0,157871.0,185206.0,151956.0,158502.0,174380.0,159595.0,161314.0,172882.14285714287,179895.5
2024-08-11,146280,155444.0,157538.0,168798.0,145053.0,167499.0,153172.0,166582.0,177664.0,154660.0,159595.0,168929.57142857142,178577.8
2024-08-12,155444,152297.0,146280.0,157538.0,168798.0,190114.0,176265.0,185179.0,203823.0,159493.0,154660.0,165898.2857142857,177187.1
2024-08-13,152297,162930.0,155444.0,146280.0,157538.0,195634.0,186401.0,178638.0,214127.0,174733.0,159493.0,160945.42857142858,176555.9
2024-08-14,162930,167985.0,152297.0,155444.0,146280.0,157871.0,193186.0,179604.0,204545.0,171763.0,174733.0,154754.42857142858,175710.33333333334
2024-08-15,167985,172256.0,162930.0,152297.0,155444.0,145053.0,199184.0,176626.0,189710.0,167680.0,171763.0,155477.14285714287,174347.23333333334
2024-08-16,172256,153441.0,167985.0,162930.0,152297.0,168798.0,205346.0,158078.0,168652.0,166180.0,167680.0,158753.14285714287,172809.16666666666
2024-08-17,153441,153602.0,172256.0,167985.0,162930.0,157538.0,185206.0,151956.0,158502.0,158982.0,166180.0,159247.14285714287,171732.86666666667
2024-08-18,153602,168842.0,153441.0,172256.0,167985.0,146280.0,167499.0,153172.0,166582.0,131413.0,158982.0,158661.85714285713,170523.9
2024-08-19,168842,139701.0,153602.0,153441.0,172256.0,155444.0,190114.0,176265.0,185179.0,139489.0,131413.0,159707.85714285713,170022.23333333334
2024-08-20,139701,129605.0,168842.0,153602.0,153441.0,152297.0,195634.0,186401.0,178638.0,173937.0,139489.0,161621.85714285713,170366.9
2024-08-21,129605,131399.0,139701.0,168842.0,153602.0,162930.0,157871.0,193186.0,179604.0,156451.0,173937.0,159822.42857142858,169470.86666666667
2024-08-22,131399,138449.0,129605.0,139701.0,168842.0,167985.0,145053.0,199184.0,176626.0,146265.0,156451.0,155061.7142857143,167618.4
2024-08-23,138449,136540.0,131399.0,129605.0,139701.0,172256.0,168798.0,205346.0,158078.0,146167.0,146265.0,149835.14285714287,166043.76666666666
2024-08-24,136540,143315.0,138449.0,131399.0,129605.0,153441.0,157538.0,185206.0,151956.0,153327.0,146167.0,145005.57142857142,164671.93333333332
2024-08-25,143315,163961.0,136540.0,138449.0,131399.0,153602.0,146280.0,167499.0,153172.0,151494.0,153327.0,142591.14285714287,163335.73333333334
2024-08-26,163961,167050.0,143315.0,136540.0,138449.0,168842.0,155444.0,190114.0,176265.0,145212.0,151494.0,141121.57142857142,162843.63333333333
2024-08-27,167050,187044.0,163961.0,143315.0,136540.0,139701.0,152297.0,195634.0,186401.0,156228.0,145212.0,140424.2857142857,163243.8
2024-08-28,187044,168461.0,167050.0,163961.0,143315.0,129605.0,162930.0,157871.0,193186.0,156057.0,156228.0,144331.2857142857,163706.4
2024-08-29,168461,144337.0,187044.0,167050.0,163961.0,131399.0,167985.0,145053.0,199184.0,161848.0,156057.0,152536.85714285713,164065.7
2024-08-30,144337,137976.0,168461.0,187044.0,167050.0,138449.0,172256.0,168798.0,205346.0,141734.0,161848.0,157831.42857142858,163467.7
2024-08-31,137976,147525.0,144337.0,168461.0,187044.0,136540.0,153441.0,157538.0,185206.0,133059.0,141734.0,158672.57142857142,161839.4
2024-09-01,147525,137338.0,137976.0,144337.0,168461.0,143315.0,153602.0,146280.0,167499.0,126027.0,133059.0,158877.7142857143,159799.13333333333
2024-09-02,137338,134126.0,147525.0,137976.0,144337.0,163961.0,168842.0,155444.0,190114.0,143874.0,126027.0,159479.14285714287,157871.76666666666
2024-09-03,134126,136235.0,137338.0,147525.0,137976.0,167050.0,139701.0,152297.0,195634.0,166274.0,143874.0,155675.85714285713,156276.16666666666
2024-09-04,136235,139231.0,134126.0,137338.0,147525.0,187044.0,129605.0,162930.0,157871.0,199408.0,166274.0,150972.42857142858,155163.73333333334
2024-09-05,139231,143379.0,136235.0,134126.0,137338.0,168461.0,131399.0,167985.0,145053.0,210280.0,199408.0,143714.0,153367.76666666666
2024-09-06,143379,131255.0,139231.0,136235.0,134126.0,144337.0,138449.0,172256.0,168798.0,211392.0,210280.0,139538.2857142857,151487.66666666666
2024-09-07,131255,113001.0,143379.0,139231.0,136235.0,137976.0,136540.0,153441.0,157538.0,194958.0,211392.0,139401.42857142858,151004.6
2024-09-08,113001,127783.0,131255.0,143379.0,139231.0,147525.0,143315.0,153602.0,146280.0,176989.0,194958.0,138441.2857142857,150544.66666666666
2024-09-09,127783,135667.0,113001.0,131255.0,143379.0,137338.0,163961.0,168842.0,155444.0,158922.0,176989.0,133509.2857142857,148684.76666666666
2024-09-10,135667,136531.0,127783.0,113001.0,131255.0,134126.0,167050.0,139701.0,152297.0,174284.0,158922.0,132144.2857142857,147692.93333333332
2024-09-11,136531,141943.0,135667.0,127783.0,113001.0,136235.0,187044.0,129605.0,162930.0,169231.0,174284.0,132364.42857142858,147339.16666666666
2024-09-12,141943,145330.0,136531.0,135667.0,127783.0,139231.0,168461.0,131399.0,167985.0,169923.0,169231.0,132406.7142857143,146708.73333333334
2024-09-13,145330,140427.0,141943.0,136531.0,135667.0,143379.0,144337.0,138449.0,172256.0,150451.0,169923.0,132794.14285714287,146363.6
2024-09-14,140427,135068.0,145330.0,141943.0,136531.0,131255.0,137976.0,136540.0,153441.0,129053.0,150451.0,133072.85714285713,145776.93333333332
2024-09-15,135068,140323.0,140427.0,145330.0,141943.0,113001.0,147525.0,143315.0,153602.0,117733.0,129053.0,134383.14285714287,144858.33333333334
2024-09-16,140323,145236.0,135068.0,140427.0,145330.0,127783.0,137338.0,163961.0,168842.0,120128.0,117733.0,137535.57142857142,143618.73333333334
2024-09-17,145236,143808.0,140323.0,135068.0,140427.0,135667.0,134126.0,167050.0,139701.0,138006.0,120128.0,139327.0,143181.46666666667
2024-09-18,143808,149657.0,145236.0,140323.0,135068.0,136531.0,136235.0,187044.0,129605.0,129571.0,138006.0,140694.0,142902.6
2024-09-19,149657,149992.0,143808.0,145236.0,140323.0,141943.0,139231.0,168461.0,131399.0,129008.0,129571.0,141733.57142857142,142068.13333333333
2024-09-20,149992,129828.0,149657.0,143808.0,145236.0,145330.0,143379.0,144337.0,138449.0,127832.0,129008.0,142835.57142857142,142400.0
2024-09-21,129828,121974.0,149992.0,149657.0,143808.0,140427.0,131255.0,137976.0,136540.0,126415.0,127832.0,143501.57142857142,143079.56666666668
2024-09-22,121974,127892.0,129828.0,149992.0,149657.0,135068.0,113001.0,147525.0,143315.0,112035.0,126415.0,141987.42857142858,143027.2
2024-09-23,127892,124821.0,121974.0,129828.0,149992.0,140323.0,127783.0,137338.0,163961.0,111536.0,112035.0,140116.85714285713,142478.03333333333
2024-09-24,124821,125294.0,127892.0,121974.0,129828.0,145236.0,135667.0,134126.0,167050.0,119464.0,111536.0,138341.0,142189.76666666666
2024-09-25,125294,137319.0,124821.0,127892.0,121974.0,143808.0,136531.0,136235.0,187044.0,118941.0,119464.0,135424.57142857142,141573.3
2024-09-26,137319,136445.0,125294.0,124821.0,127892.0,149657.0,141943.0,139231.0,168461.0,116517.0,118941.0,132779.7142857143,140284.4
2024-09-27,136445,120398.0,137319.0,125294.0,124821.0,149992.0,145330.0,143379.0,144337.0,118210.0,116517.0,131017.14285714286,139293.36666666667
2024-09-28,120398,113364.0,136445.0,137319.0,125294.0,129828.0,140427.0,131255.0,137976.0,119674.0,118210.0,129081.85714285714,137606.73333333334
2024-09-29,113364,125686.0,120398.0,136445.0,137319.0,121974.0,135068.0,113001.0,147525.0,110128.0,119674.0,127734.71428571429,136004.63333333333
2024-09-30,125686,125460.0,113364.0,120398.0,136445.0,127892.0,140323.0,127783.0,137338.0,112569.0,110128.0,126504.71428571429,134972.2
2024-10-01,125460,123448.0,125686.0,113364.0,120398.0,124821.0,145236.0,135667.0,134126.0,131147.0,112569.0,126189.57142857143,134562.53333333333
2024-10-02,123448,124414.0,125460.0,125686.0,113364.0,125294.0,143808.0,136531.0,136235.0,135387.0,131147.0,126280.85714285714,133827.03333333333
2024-10-03,124414,126270.0,123448.0,125460.0,125686.0,137319.0,149657.0,141943.0,139231.0,144405.0,135387.0,126017.14285714286,133364.03333333333
2024-10-04,126270,117152.0,124414.0,123448.0,125460.0,136445.0,149992.0,145330.0,143379.0,139260.0,144405.0,124173.57142857143,133040.3
2024-10-05,117152,112694.0,126270.0,124414.0,123448.0,120398.0,129828.0,140427.0,131255.0,140078.0,139260.0,122720.0,132708.13333333333
2024-10-06,112694,127718.0,117152.0,126270.0,124414.0,113364.0,121974.0,135068.0,113001.0,121171.0,140078.0,122256.28571428571,131972.16666666666
2024-10-07,127718,120224.0,112694.0,117152.0,126270.0,125686.0,127892.0,140323.0,127783.0,105416.0,121171.0,122160.57142857143,130949.33333333333
2024-10-08,120224,107876.0,127718.0,112694.0,117152.0,125460.0,124821.0,145236.0,135667.0,113692.0,105416.0,122450.85714285714,130831.43333333333
2024-10-09,107876,116684.0,120224.0,127718.0,112694.0,123448.0,125294.0,143808.0,136531.0,118024.0,113692.0,121702.85714285714,131072.2
2024-10-10,116684,116491.0,107876.0,120224.0,127718.0,124414.0,137319.0,149657.0,141943.0,119533.0,118024.0,119478.28571428571,130408.63333333333
2024-10-11,116491,108615.0,116684.0,107876.0,120224.0,126270.0,136445.0,149992.0,145330.0,120482.0,119533.0,118374.0,129775.86666666667
2024-10-12,108615,108860.0,116491.0,116684.0,107876.0,117152.0,120398.0,129828.0,140427.0,116908.0,120482.0,116977.0,129107.86666666667
2024-10-13,108860,116554.0,108615.0,116491.0,116684.0,112694.0,113364.0,121974.0,135068.0,109382.0,116908.0,115757.42857142857,127996.93333333333
2024-10-14,116554,117978.0,108860.0,108615.0,116491.0,127718.0,125686.0,127892.0,140323.0,106009.0,109382.0,115209.71428571429,126781.26666666666
2024-10-15,117978,119030.0,116554.0,108860.0,108615.0,120224.0,125460.0,124821.0,145236.0,117592.0,106009.0,113614.85714285714,125985.5
2024-10-16,119030,119322.0,117978.0,116554.0,108860.0,107876.0,123448.0,125294.0,143808.0,118154.0,117592.0,113294.0,125415.83333333333
2024-10-17,119322,118577.0,119030.0,117978.0,116554.0,116684.0,124414.0,137319.0,149657.0,118973.0,118154.0,114887.42857142857,124706.06666666667
2024-10-18,118577,109688.0,119322.0,119030.0,117978.0,116491.0,126270.0,136445.0,149992.0,118566.0,118973.0,115264.28571428571,123842.26666666666
2024-10-19,109688,108899.0,118577.0,119322.0,119030.0,108615.0,117152.0,120398.0,129828.0,121383.0,118566.0,115562.28571428571,123001.23333333334
2024-10-20,108899,123563.0,109688.0,118577.0,119322.0,108860.0,112694.0,113364.0,121974.0,110022.0,121383.0,115715.57142857143,121668.93333333333
2024-10-21,123563,129531.0,108899.0,109688.0,118577.0,116554.0,127718.0,125686.0,127892.0,106653.0,110022.0,115721.14285714286,120299.16666666667
2024-10-22,129531,129630.0,123563.0,108899.0,109688.0,117978.0,120224.0,125460.0,124821.0,118597.0,106653.0,116722.42857142857,120090.33333333333
2024-10-23,129630,124464.0,129531.0,123563.0,108899.0,119030.0,107876.0,123448.0,125294.0,119347.0,118597.0,118372.85714285714,120342.23333333334
2024-10-24,124464,118586.0,129630.0,129531.0,123563.0,119322.0,116684.0,124414.0,137319.0,120653.0,119347.0,119887.14285714286,120400.16666666667
2024-10-25,118586,109032.0,124464.0,129630.0,129531.0,118577.0,116491.0,126270.0,136445.0,124318.0,120653.0,120621.71428571429,120388.26666666666
2024-10-26,109032,107391.0,118586.0,124464.0,129630.0,109688.0,108615.0,117152.0,120398.0,124624.0,124318.0,120623.0,120164.66666666667
2024-10-27,107391,119401.0,109032.0,118586.0,124464.0,108899.0,108860.0,112694.0,113364.0,120491.0,124624.0,120529.28571428571,119221.76666666666
2024-10-28,119401,121090.0,107391.0,109032.0,118586.0,123563.0,116554.0,127718.0,125686.0,110558.0,120491.0,120313.85714285714,118253.3
2024-10-29,121090,124290.0,119401.0,107391.0,109032.0,129531.0,117978.0,120224.0,125460.0,120772.0,110558.0,119719.28571428571,118220.06666666667
2024-10-30,124290,128965.0,121090.0,119401.0,107391.0,129630.0,119030.0,107876.0,123448.0,119303.0,120772.0,118513.42857142857,118477.6
2024-10-31,128965,128037.0,124290.0,121090.0,119401.0,124464.0,119322.0,116684.0,124414.0,122581.0,119303.0,117750.57142857143,118431.06666666667
2024-11-01,128037,108516.0,128965.0,124290.0,121090.0,118586.0,118577.0,116491.0,126270.0,124118.0,122581.0,118393.57142857143,118547.9
2024-11-02,108516,111893.0,128037.0,128965.0,124290.0,109032.0,109688.0,108615.0,117152.0,122528.0,124118.0,119743.71428571429,118700.86666666667
2024-11-03,111893,120112.0,108516.0,128037.0,128965.0,107391.0,108899.0,108860.0,112694.0,111305.0,122528.0,119670.0,118170.93333333333
2024-11-04,120112,121638.0,111893.0,108516.0,128037.0,119401.0,123563.0,116554.0,127718.0,112550.0,111305.0,120313.14285714286,117691.7
2024-11-05,121638,129572.0,120112.0,111893.0,108516.0,121090.0,129531.0,117978.0,120224.0,120662.0,112550.0,120414.71428571429,117790.36666666667
2024-11-06,129572,128061.0,121638.0,120112.0,111893.0,124290.0,129630.0,119030.0,107876.0,120787.0,120662.0,120493.0,118088.5
2024-11-07,128061,119146.0,129572.0,121638.0,120112.0,128965.0,124464.0,119322.0,116684.0,121050.0,120787.0,121247.57142857143,118150.3
2024-11-08,119146,109447.0,128061.0,129572.0,121638.0,128037.0,118586.0,118577.0,116491.0,123230.0,121050.0,121118.42857142857,118411.53333333334
2024-11-09,109447,109482.0,119146.0,128061.0,129572.0,108516.0,109032.0,109688.0,108615.0,122144.0,123230.0,119848.28571428571,118787.2
2024-11-10,109482,118800.0,109447.0,119146.0,128061.0,111893.0,107391.0,108899.0,108860.0,112613.0,122144.0,119981.28571428571,118545.96666666666
2024-11-11,118800,120409.0,109482.0,109447.0,119146.0,120112.0,119401.0,123563.0,116554.0,113688.0,112613.0,119636.85714285714,118312.33333333333
2024-11-12,120409,124244.0,118800.0,109482.0,109447.0,121638.0,121090.0,129531.0,117978.0,125943.0,113688.0,119449.42857142857,118651.83333333333
2024-11-13,124244,126011.0,120409.0,118800.0,109482.0,129572.0,124290.0,129630.0,119030.0,124777.0,125943.0,119273.85714285714,119036.8
2024-11-14,126011,123587.0,124244.0,120409.0,118800.0,128061.0,128965.0,124464.0,119322.0,124974.0,124777.0,118512.71428571429,119293.13333333333
2024-11-15,123587,113482.0,126011.0,124244.0,120409.0,119146.0,128037.0,118586.0,118577.0,122839.0,124974.0,118219.85714285714,119560.9
2024-11-16,113482,111310.0,123587.0,126011.0,124244.0,109447.0,108516.0,109032.0,109688.0,120947.0,122839.0,118854.28571428571,119712.8
2024-11-17,111310,121498.0,113482.0,123587.0,126011.0,109482.0,111893.0,107391.0,108899.0,112159.0,120947.0,119430.71428571429,119518.13333333333
2024-11-18,121498,121355.0,111310.0,113482.0,123587.0,118800.0,120112.0,119401.0,123563.0,111852.0,112159.0,119691.85714285714,119275.9
2024-11-19,121355,121871.0,121498.0,111310.0,113482.0,120409.0,121638.0,121090.0,129531.0,125357.0,111852.0,120077.28571428571,119669.56666666667
2024-11-20,121871,124692.0,121355.0,121498.0,111310.0,124244.0,129572.0,124290.0,129630.0,128957.0,125357.0,120212.42857142857,120084.76666666666
2024-11-21,124692,128644.0,121871.0,121355.0,121498.0,126011.0,128061.0,128965.0,124464.0,123065.0,128957.0,119873.42857142857,120028.36666666667
2024-11-22,128644,117929.0,124692.0,121871.0,121355.0,123587.0,119146.0,128037.0,118586.0,110921.0,123065.0,119685.0,119867.06666666667
2024-11-23,117929,114571.0,128644.0,124692.0,121871.0,113482.0,109447.0,108516.0,109032.0,117390.0,110921.0,120407.42857142857,119834.2
2024-11-24,114571,124130.0,117929.0,128644.0,124692.0,111310.0,109482.0,111893.0,107391.0,118177.0,117390.0,121042.71428571429,119616.36666666667
2024-11-25,124130,123516.0,114571.0,117929.0,128644.0,121498.0,118800.0,120112.0,119401.0,116888.0,118177.0,121508.57142857143,119482.53333333334
2024-11-26,123516,121979.0,124130.0,114571.0,117929.0,121355.0,120409.0,121638.0,121090.0,125960.0,116888.0,121884.57142857143,119985.8
2024-11-27,121979,114144.0,123516.0,124130.0,114571.0,121871.0,124244.0,129572.0,124290.0,133727.0,125960.0,122193.28571428571,120523.3
2024-11-28,114144,120273.0,121979.0,123516.0,124130.0,124692.0,126011.0,128061.0,128965.0,137367.0,133727.0,122208.71428571429,120609.23333333334
2024-11-29,120273,121119.0,114144.0,121979.0,123516.0,128644.0,123587.0,119146.0,128037.0,132457.0,137367.0,120701.85714285714,120377.7
2024-11-30,121119,126075.0,120273.0,114144.0,121979.0,117929.0,113482.0,109447.0,108516.0,129712.0,132457.0,119506.0,120243.8
2024-12-01,126075,137747.0,121119.0,120273.0,114144.0,114571.0,111310.0,109482.0,111893.0,116476.0,129712.0,119961.71428571429,119982.26666666666
2024-12-02,137747,137545.0,126075.0,121119.0,120273.0,124130.0,121498.0,118800.0,120112.0,116813.0,116476.0,121605.14285714286,119916.86666666667
2024-12-03,137545,138431.0,137747.0,126075.0,121119.0,123516.0,121355.0,120409.0,121638.0,125930.0,116813.0,123550.42857142857,120891.23333333334
2024-12-04,138431,138124.0,137545.0,137747.0,126075.0,121979.0,121871.0,124244.0,129572.0,130322.0,125930.0,125554.57142857143,121746.3
2024-12-05,138124,141124.0,138431.0,137545.0,137747.0,114144.0,124692.0,126011.0,128061.0,132923.0,130322.0,127904.85714285714,122356.93333333333
2024-12-06,141124,129748.0,138124.0,138431.0,137545.0,120273.0,128644.0,123587.0,119146.0,135960.0,132923.0,131330.57142857142,122906.46666666666
2024-12-07,129748,121900.0,141124.0,138124.0,138431.0,121119.0,117929.0,113482.0,109447.0,129946.0,135960.0,134309.2857142857,123291.53333333334
2024-12-08,121900,130896.0,129748.0,141124.0,138124.0,126075.0,114571.0,111310.0,109482.0,118195.0,129946.0,135542.0,123347.76666666666
2024-12-09,130896,130606.0,121900.0,129748.0,141124.0,137747.0,124130.0,121498.0,118800.0,116724.0,118195.0,134945.57142857142,123439.56666666667
2024-12-10,130606,128740.0,130896.0,121900.0,129748.0,137545.0,123516.0,121355.0,120409.0,130480.0,116724.0,133966.85714285713,124154.53333333334
2024-12-11,128740,134495.0,130606.0,130896.0,121900.0,138431.0,121979.0,121871.0,124244.0,132472.0,130480.0,132975.57142857142,124858.66666666667
2024-12-12,134495,141748.0,128740.0,130606.0,130896.0,138124.0,114144.0,124692.0,126011.0,131986.0,132472.0,131591.14285714287,125190.0
2024-12-13,141748,133949.0,134495.0,128740.0,130606.0,141124.0,120273.0,128644.0,123587.0,135106.0,131986.0,131072.7142857143,125659.53333333334
2024-12-14,133949,130348.0,141748.0,134495.0,128740.0,129748.0,121119.0,117929.0,113482.0,130201.0,135106.0,131161.85714285713,126243.0
2024-12-15,130348,135279.0,133949.0,141748.0,134495.0,121900.0,126075.0,114571.0,111310.0,117621.0,130201.0,131762.0,126507.6
2024-12-16,135279,128108.0,130348.0,133949.0,141748.0,130896.0,137747.0,124130.0,121498.0,116845.0,117621.0,132968.85714285713,126732.96666666666
2024-12-17,128108,128037.0,135279.0,130348.0,133949.0,130606.0,137545.0,123516.0,121355.0,126652.0,116845.0,133595.0,127459.53333333334
2024-12-18,128037,130968.0,128108.0,135279.0,130348.0,128740.0,138431.0,121979.0,121871.0,130034.0,126652.0,133238.14285714287,128019.46666666666
2024-12-19,130968,136595.0,128037.0,128108.0,135279.0,134495.0,138124.0,114144.0,124692.0,133889.0,130034.0,133137.7142857143,128237.43333333333
2024-12-20,136595,134936.0,130968.0,128037.0,128108.0,141748.0,141124.0,120273.0,128644.0,133332.0,133889.0,132633.85714285713,128557.86666666667
2024-12-21,134936,143149.0,136595.0,130968.0,128037.0,133949.0,129748.0,121119.0,117929.0,134648.0,133332.0,131897.7142857143,129048.66666666667
2024-12-22,143149,152903.0,134936.0,136595.0,130968.0,130348.0,121900.0,126075.0,114571.0,123547.0,134648.0,132038.7142857143,129390.13333333333
2024-12-23,152903,141132.0,143149.0,134936.0,136595.0,135279.0,130896.0,137747.0,124130.0,116465.0,123547.0,133867.42857142858,129873.63333333333
2024-12-24,141132,128612.0,152903.0,143149.0,134936.0,128108.0,130606.0,137545.0,123516.0,113544.0,116465.0,136385.14285714287,131039.43333333333
2024-12-25,128612,139228.0,141132.0,152903.0,143149.0,128037.0,128740.0,138431.0,121979.0,122987.0,113544.0,138245.7142857143,131924.8
2024-12-26,139228,136806.0,128612.0,141132.0,152903.0,130968.0,134495.0,138124.0,114144.0,124121.0,122987.0,138327.85714285713,132074.2
2024-12-27,136806,124302.0,139228.0,128612.0,141132.0,136595.0,141748.0,141124.0,120273.0,123326.0,124121.0,139507.85714285713,132597.93333333332
2024-12-28,124302,116804.0,136806.0,139228.0,128612.0,134936.0,133949.0,129748.0,121119.0,120162.0,123326.0,139538.0,133092.16666666666
2024-12-29,116804,123031.0,124302.0,136806.0,139228.0,143149.0,130348.0,121900.0,126075.0,117117.0,120162.0,138018.85714285713,133430.76666666666
2024-12-30,123031,123079.0,116804.0,124302.0,136806.0,152903.0,135279.0,130896.0,137747.0,117793.0,117117.0,134255.2857142857,133315.13333333333
2024-12-31,123079,116674.0,123031.0,116804.0,124302.0,141132.0,128108.0,130606.0,137545.0,116590.0,117793.0,129987.85714285714,133378.86666666667
2025-01-01,116674,132967.0,123079.0,123031.0,116804.0,128612.0,128037.0,128740.0,138431.0,131525.0,116590.0,127408.85714285714,133279.0
2025-01-02,132967,135929.0,116674.0,123079.0,123031.0,139228.0,130968.0,134495.0,138124.0,131802.0,131525.0,125703.42857142857,132576.56666666668
2025-01-03,135929,133674.0,132967.0,116674.0,123079.0,136806.0,136595.0,141748.0,141124.0,132779.0,131802.0,124809.0,132423.96666666667
2025-01-04,133674,134218.0,135929.0,132967.0,116674.0,124302.0,134936.0,133949.0,129748.0,136792.0,132779.0,124683.71428571429,132340.56666666668
2025-01-05,134218,147760.0,133674.0,135929.0,132967.0,116804.0,143149.0,130348.0,121900.0,129492.0,136792.0,126022.57142857143,132192.23333333334
2025-01-06,147760,152789.0,134218.0,133674.0,135929.0,123031.0,152903.0,135279.0,130896.0,126295.0,129492.0,128510.28571428571,131962.03333333333
2025-01-07,152789,154141.0,147760.0,134218.0,133674.0,123079.0,141132.0,128108.0,130606.0,133372.0,126295.0,132043.0,132562.43333333332
2025-01-08,154141,154399.0,152789.0,147760.0,134218.0,116674.0,128612.0,128037.0,128740.0,133803.0,133372.0,136287.2857142857,133592.06666666668
2025-01-09,154399,146594.0,154141.0,152789.0,147760.0,132967.0,139228.0,130968.0,134495.0,128884.0,133803.0,141639.7142857143,134366.9
2025-01-10,146594,135803.0,154399.0,154141.0,152789.0,135929.0,136806.0,136595.0,141748.0,129251.0,128884.0,144701.42857142858,135160.0
2025-01-11,135803,130447.0,146594.0,154399.0,154141.0,133674.0,124302.0,134936.0,133949.0,127989.0,129251.0,146225.0,135755.13333333333
2025-01-12,130447,140042.0,135803.0,146594.0,154399.0,134218.0,116804.0,143149.0,130348.0,118200.0,127989.0,146529.14285714287,135798.73333333334
2025-01-13,140042,144078.0,130447.0,135803.0,146594.0,147760.0,123031.0,152903.0,135279.0,123617.0,118200.0,145990.42857142858,135422.03333333333
2025-01-14,144078,134350.0,140042.0,130447.0,135803.0,152789.0,123079.0,141132.0,128108.0,139462.0,123617.0,144887.85714285713,135625.13333333333
2025-01-15,134350,148286.0,144078.0,140042.0,130447.0,154141.0,116674.0,128612.0,128037.0,147227.0,139462.0,143643.42857142858,136082.8
2025-01-16,148286,142209.0,134350.0,144078.0,140042.0,154399.0,132967.0,139228.0,130968.0,145708.0,147227.0,140816.14285714287,136051.83333333334
2025-01-17,142209,129376.0,148286.0,134350.0,144078.0,146594.0,135929.0,136806.0,136595.0,151482.0,145708.0,139942.85714285713,136724.43333333332
2025-01-18,129376,129237.0,142209.0,148286.0,134350.0,135803.0,133674.0,124302.0,134936.0,147502.0,151482.0,139316.42857142858,137196.83333333334
2025-01-19,129237,148957.0,129376.0,142209.0,148286.0,130447.0,134218.0,116804.0,143149.0,144908.0,147502.0,138398.2857142857,137143.76666666666
2025-01-20,148957,161703.0,129237.0,129376.0,142209.0,140042.0,147760.0,123031.0,152903.0,142814.0,144908.0,138225.42857142858,136898.5
2025-01-21,161703,163751.0,148957.0,129237.0,129376.0,144078.0,152789.0,123079.0,141132.0,147514.0,142814.0,139499.0,137365.86666666667
2025-01-22,163751,158474.0,161703.0,148957.0,129237.0,134350.0,154141.0,116674.0,128612.0,141187.0,147514.0,142016.85714285713,137984.33333333334
2025-01-23,158474,152191.0,163751.0,161703.0,148957.0,148286.0,154399.0,132967.0,139228.0,136245.0,141187.0,146217.0,138345.93333333332
2025-01-24,152191,140892.0,158474.0,163751.0,161703.0,142209.0,146594.0,135929.0,136806.0,129309.0,136245.0,147672.42857142858,138924.0
2025-01-25,140892,133314.0,152191.0,158474.0,163751.0,129376.0,135803.0,133674.0,124302.0,129946.0,129309.0,149098.42857142858,139709.96666666667
2025-01-26,133314,140952.0,140892.0,152191.0,158474.0,129237.0,130447.0,134218.0,116804.0,119818.0,129946.0,150743.57142857142,139765.43333333332
2025-01-27,140952,139044.0,133314.0,140892.0,152191.0,148957.0,140042.0,147760.0,123031.0,122603.0,119818.0,151326.0,139649.03333333333
2025-01-28,139044,134715.0,140952.0,133314.0,140892.0,161703.0,144078.0,152789.0,123079.0,135881.0,122603.0,150182.42857142858,140204.03333333333
2025-01-29,134715,142000.0,139044.0,140952.0,133314.0,163751.0,134350.0,154141.0,116674.0,137309.0,135881.0,146945.42857142858,140945.36666666667
2025-01-30,142000,135834.0,134715.0,139044.0,140952.0,158474.0,148286.0,154399.0,132967.0,137092.0,137309.0,142797.42857142858,141334.83333333334
2025-01-31,135834,127718.0,142000.0,134715.0,139044.0,152191.0,142209.0,146594.0,135929.0,133653.0,137092.0,140444.0,141965.53333333333
2025-02-01,127718,137918.0,135834.0,142000.0,134715.0,140892.0,129376.0,135803.0,133674.0,132441.0,133653.0,138107.2857142857,142604.2
2025-02-02,137918,138613.0,127718.0,135834.0,142000.0,133314.0,129237.0,130447.0,134218.0,123515.0,132441.0,136225.2857142857,142429.23333333334
2025-02-03,138613,134272.0,137918.0,127718.0,135834.0,140952.0,148957.0,140042.0,147760.0,121576.0,123515.0,136883.0,142495.53333333333
2025-02-04,134272,142456.0,138613.0,137918.0,127718.0,139044.0,161703.0,144078.0,152789.0,133529.0,121576.0,136548.85714285713,142660.16666666666
2025-02-05,142456,143000.0,134272.0,138613.0,137918.0,134715.0,163751.0,134350.0,154141.0,135668.0,133529.0,135867.14285714287,142661.96666666667
2025-02-06,143000,137067.0,142456.0,134272.0,138613.0,142000.0,158474.0,148286.0,154399.0,132692.0,135668.0,136973.0,142485.16666666666
2025-02-07,137067,134576.0,143000.0,142456.0,134272.0,135834.0,152191.0,142209.0,146594.0,129478.0,132692.0,137115.85714285713,142158.86666666667
2025-02-08,134576,133632.0,137067.0,143000.0,142456.0,127718.0,140892.0,129376.0,135803.0,126725.0,129478.0,137292.0,141589.73333333334
2025-02-09,133632,141563.0,134576.0,137067.0,143000.0,137918.0,133314.0,129237.0,130447.0,115762.0,126725.0,138271.7142857143,140928.96666666667
2025-02-10,141563,143792.0,133632.0,134576.0,137067.0,138613.0,140952.0,148957.0,140042.0,114929.0,115762.0,137659.42857142858,140496.9
2025-02-11,143792,143896.0,141563.0,133632.0,134576.0,134272.0,139044.0,161703.0,144078.0,127136.0,114929.0,138080.85714285713,140688.9
2025-02-12,143896,138821.0,143792.0,141563.0,133632.0,142456.0,134715.0,163751.0,134350.0,134103.0,127136.0,139440.85714285713,141133.73333333334
2025-02-13,138821,139145.0,143896.0,143792.0,141563.0,143000.0,142000.0,158474.0,148286.0,138449.0,134103.0,139646.57142857142,141262.2
2025-02-14,139145,133710.0,138821.0,143896.0,143792.0,137067.0,135834.0,152191.0,142209.0,138777.0,138449.0,139049.57142857142,141086.96666666667
2025-02-15,133710,128848.0,139145.0,138821.0,143896.0,134576.0,127718.0,140892.0,129376.0,133279.0,138777.0,139346.42857142858,141246.8
2025-02-16,128848,135372.0,133710.0,139145.0,138821.0,133632.0,137918.0,133314.0,129237.0,129046.0,133279.0,139222.7142857143,140760.93333333332
2025-02-17,135372,149301.0,128848.0,133710.0,139145.0,141563.0,138613.0,140952.0,148957.0,126553.0,129046.0,138539.2857142857,140315.56666666668
2025-02-18,149301,151311.0,135372.0,128848.0,133710.0,143792.0,134272.0,139044.0,161703.0,128372.0,126553.0,137654.85714285713,140515.43333333332
2025-02-19,151311,151112.0,149301.0,135372.0,128848.0,143896.0,142456.0,134715.0,163751.0,136682.0,128372.0,138441.85714285713,141184.23333333334
2025-02-20,151112,148799.0,151311.0,149301.0,135372.0,138821.0,143000.0,142000.0,158474.0,136259.0,136682.0,139501.14285714287,141262.7
2025-02-21,148799,135218.0,151112.0,151311.0,149301.0,139145.0,137067.0,135834.0,152191.0,132618.0,136259.0,141257.0,140909.66666666666
2025-02-22,135218,125821.0,148799.0,151112.0,151311.0,133710.0,134576.0,127718.0,140892.0,128785.0,132618.0,142636.14285714287,140411.26666666666
2025-02-23,125821,131554.0,135218.0,148799.0,151112.0,128848.0,133632.0,137918.0,133314.0,120238.0,128785.0,142851.57142857142,139636.06666666668
2025-02-24,131554,127889.0,125821.0,135218.0,148799.0,135372.0,141563.0,138613.0,140952.0,124037.0,120238.0,142419.14285714287,138757.06666666668
2025-02-25,127889,124760.0,131554.0,125821.0,135218.0,149301.0,143792.0,134272.0,139044.0,130249.0,124037.0,141873.7142857143,138445.8
2025-02-26,124760,126313.0,127889.0,131554.0,125821.0,151311.0,143896.0,142456.0,134715.0,127050.0,130249.0,138814.85714285713,138264.96666666667
2025-02-27,126313,124313.0,124760.0,127889.0,131554.0,151112.0,138821.0,143000.0,142000.0,126789.0,127050.0,135021.85714285713,137725.23333333334
2025-02-28,124313,116852.0,126313.0,124760.0,127889.0,148799.0,139145.0,137067.0,135834.0,131221.0,126789.0,131479.14285714287,137300.86666666667
2025-03-01,116852,128568.0,124313.0,126313.0,124760.0,135218.0,133710.0,134576.0,127718.0,130494.0,131221.0,127981.14285714286,136954.13333333333
2025-03-02,128568,139878.0,116852.0,124313.0,126313.0,125821.0,128848.0,133632.0,137918.0,120590.0,130494.0,125357.42857142857,136115.86666666667
2025-03-03,139878,133459.0,128568.0,116852.0,124313.0,131554.0,135372.0,141563.0,138613.0,111074.0,120590.0,125749.85714285714,135873.66666666666
2025-03-04,133459,129854.0,139878.0,128568.0,116852.0,127889.0,149301.0,143792.0,134272.0,122004.0,111074.0,126939.0,136279.0
2025-03-05,129854,126880.0,133459.0,139878.0,128568.0,124760.0,151311.0,143896.0,142456.0,127282.0,122004.0,127734.71428571429,136130.36666666667
2025-03-06,126880,129991.0,129854.0,133459.0,139878.0,126313.0,151112.0,138821.0,143000.0,126572.0,127282.0,128462.42857142857,135838.4
2025-03-07,129991,119641.0,126880.0,129854.0,133459.0,124313.0,148799.0,139145.0,137067.0,125068.0,126572.0,128543.42857142857,135592.0
2025-03-08,119641,114224.0,129991.0,126880.0,129854.0,116852.0,135218.0,133710.0,134576.0,122908.0,125068.0,129354.57142857143,135176.5
2025-03-09,114224,123219.0,119641.0,129991.0,126880.0,128568.0,125821.0,128848.0,133632.0,119558.0,122908.0,129753.0,134397.86666666667
2025-03-10,123219,121180.0,114224.0,119641.0,129991.0,139878.0,131554.0,135372.0,141563.0,111660.0,119558.0,127703.85714285714,133636.43333333332
2025-03-11,121180,122667.0,123219.0,114224.0,119641.0,133459.0,127889.0,149301.0,143792.0,128298.0,111660.0,125324.0,133257.86666666667
2025-03-12,122667,124345.0,121180.0,123219.0,114224.0,129854.0,124760.0,151311.0,143896.0,122829.0,128298.0,123569.85714285714,132842.8
2025-03-13,124345,123000.0,122667.0,121180.0,123219.0,126880.0,126313.0,151112.0,138821.0,120078.0,122829.0,122543.14285714286,132212.93333333332
2025-03-14,123000,116401.0,124345.0,122667.0,121180.0,129991.0,124313.0,148799.0,139145.0,119855.0,120078.0,122181.0,131564.7
2025-03-15,116401,113147.0,123000.0,124345.0,122667.0,119641.0,116852.0,135218.0,133710.0,119220.0,119855.0,121182.28571428571,130868.16666666667
2025-03-16,113147,123262.0,116401.0,123000.0,124345.0,114224.0,128568.0,125821.0,128848.0,108979.0,119220.0,120719.42857142857,130120.83333333333
2025-03-17,123262,123481.0,113147.0,116401.0,123000.0,123219.0,139878.0,131554.0,135372.0,107601.0,108979.0,120565.57142857143,129254.23333333334
2025-03-18,123481,120561.0,123262.0,113147.0,116401.0,121180.0,133459.0,127889.0,149301.0,120876.0,107601.0,120571.71428571429,128905.96666666666
2025-03-19,120561,123221.0,123481.0,123262.0,113147.0,122667.0,129854.0,124760.0,151311.0,125439.0,120876.0,120900.42857142857,128727.06666666667
2025-03-20,123221,122404.0,120561.0,123481.0,123262.0,124345.0,126880.0,126313.0,151112.0,125095.0,125439.0,120599.57142857143,128233.36666666667
2025-03-21,122404,112022.0,123221.0,120561.0,123481.0,123000.0,129991.0,124313.0,148799.0,130067.0,125095.0,120439.0,127364.03333333334
2025-03-22,112022,114056.0,122404.0,123221.0,120561.0,116401.0,119641.0,116852.0,135218.0,130301.0,130067.0,120353.85714285714,126400.46666666666
2025-03-23,114056,127893.0,112022.0,122404.0,123221.0,113147.0,114224.0,128568.0,125821.0,121500.0,130301.0,119728.28571428571,125097.46666666666
2025-03-24,127893,121515.0,114056.0,112022.0,122404.0,123262.0,123219.0,139878.0,131554.0,117889.0,121500.0,119858.14285714286,123939.36666666667
2025-03-25,121515,123497.0,127893.0,114056.0,112022.0,123481.0,121180.0,133459.0,127889.0,126694.0,117889.0,120519.71428571429,123695.2
2025-03-26,123497,124724.0,121515.0,127893.0,114056.0,120561.0,122667.0,129854.0,124760.0,125305.0,126694.0,120238.85714285714,123551.66666666667
2025-03-27,124724,121114.0,123497.0,121515.0,127893.0,123221.0,124345.0,126880.0,126313.0,125707.0,125305.0,120658.28571428571,123283.1
2025-03-28,121114,111190.0,124724.0,123497.0,121515.0,122404.0,123000.0,129991.0,124313.0,125729.0,125707.0,120873.0,123177.6
2025-03-29,111190,111937.0,121114.0,124724.0,123497.0,112022.0,116401.0,119641.0,116852.0,120355.0,125729.0,120688.71428571429,123056.06666666667
2025-03-30,111937,121348.0,111190.0,121114.0,124724.0,114056.0,113147.0,114224.0,128568.0,112331.0,120355.0,120569.85714285714,122551.96666666666
2025-03-31,121348,120568.0,111937.0,111190.0,121114.0,127893.0,123262.0,123219.0,139878.0,107220.0,112331.0,120267.14285714286,122139.43333333333
2025-04-01,120568,124319.0,121348.0,111937.0,111190.0,121515.0,123481.0,121180.0,133459.0,120871.0,107220.0,119332.14285714286,122289.3
2025-04-02,124319,124965.0,120568.0,121348.0,111937.0,123497.0,120561.0,122667.0,129854.0,125007.0,120871.0,119196.85714285714,122022.63333333333
2025-04-03,124965,120836.0,124319.0,120568.0,121348.0,124724.0,123221.0,124345.0,126880.0,129954.0,125007.0,119314.28571428571,121504.0
2025-04-04,120836,112385.0,124965.0,124319.0,120568.0,121114.0,122404.0,123000.0,129991.0,126600.0,129954.0,119348.71428571429,121220.86666666667
2025-04-05,112385,111365.0,120836.0,124965.0,124319.0,111190.0,112022.0,116401.0,119641.0,124447.0,126600.0,119309.0,120920.26666666666
2025-04-06,111365,126114.0,112385.0,120836.0,124965.0,111937.0,114056.0,113147.0,114224.0,114228.0,124447.0,119479.71428571429,120437.1
2025-04-07,126114,124593.0,111365.0,112385.0,120836.0,121348.0,127893.0,123262.0,123219.0,110062.0,114228.0,119398.0,119816.23333333334
2025-04-08,124593,126538.0,126114.0,111365.0,112385.0,120568.0,121515.0,123481.0,121180.0,118910.0,110062.0,120078.85714285714,120032.0
2025-04-09,126538,125031.0,124593.0,126114.0,111365.0,124319.0,123497.0,120561.0,122667.0,118395.0,118910.0,120653.85714285714,120377.63333333333
2025-04-10,125031,125921.0,126538.0,124593.0,126114.0,124965.0,124724.0,123221.0,124345.0,116601.0,118395.0,120970.85714285714,120488.26666666666
2025-04-11,125921,121060.0,125031.0,126538.0,124593.0,120836.0,121114.0,122404.0,123000.0,119467.0,116601.0,120980.28571428571,120616.63333333333
2025-04-12,121060,113135.0,125921.0,125031.0,126538.0,112385.0,111190.0,112022.0,116401.0,118513.0,119467.0,121706.71428571429,120725.1
2025-04-13,113135,119372.0,121060.0,125921.0,125031.0,111365.0,111937.0,114056.0,113147.0,109372.0,118513.0,122946.0,120615.6
2025-04-14,119372,118493.0,113135.0,121060.0,125921.0,126114.0,121348.0,127893.0,123262.0,106230.0,109372.0,123198.85714285714,120286.76666666666
2025-04-15,118493,120731.0,119372.0,113135.0,121060.0,124593.0,120568.0,121515.0,123481.0,120463.0,106230.0,122235.71428571429,120385.8
2025-04-16,120731,117844.0,118493.0,119372.0,113135.0,126538.0,124319.0,123497.0,120561.0,117633.0,120463.0,121364.28571428571,120564.0
2025-04-17,117844,112731.0,120731.0,118493.0,119372.0,125031.0,124965.0,124724.0,123221.0,117699.0,117633.0,120534.71428571429,120479.63333333333
2025-04-18,112731,110705.0,117844.0,120731.0,118493.0,125921.0,120836.0,121114.0,122404.0,120726.0,117699.0,119508.0,120291.73333333334
2025-04-19,110705,105506.0,112731.0,117844.0,120731.0,121060.0,112385.0,111190.0,112022.0,117552.0,120726.0,117623.71428571429,120030.73333333334
2025-04-20,105506,115936.0,110705.0,112731.0,117844.0,113135.0,111365.0,111937.0,114056.0,107311.0,117552.0,116144.42857142857,119613.53333333334
2025-04-21,115936,119855.0,105506.0,110705.0,112731.0,119372.0,126114.0,121348.0,127893.0,106176.0,107311.0,115054.57142857143,119050.26666666666
2025-04-22,119855,118275.0,115936.0,105506.0,110705.0,118493.0,124593.0,120568.0,121515.0,114826.0,106176.0,114563.71428571429,119180.73333333334
2025-04-23,118275,120123.0,119855.0,115936.0,105506.0,120731.0,126538.0,124319.0,123497.0,114220.0,114826.0,114758.28571428571,119374.03333333334
2025-04-24,120123,121004.0,118275.0,119855.0,115936.0,117844.0,125031.0,124965.0,124724.0,115397.0,114220.0,114407.42857142857,119053.43333333333
2025-04-25,121004,114466.0,120123.0,118275.0,119855.0,112731.0,125921.0,120836.0,121114.0,114582.0,115397.0,114733.0,119007.03333333334
2025-04-26,114466,104430.0,121004.0,120123.0,118275.0,110705.0,121060.0,112385.0,111190.0,113958.0,114582.0,115914.85714285714,118923.93333333333
2025-04-27,104430,116337.0,114466.0,121004.0,120123.0,105506.0,113135.0,111365.0,111937.0,105435.0,113958.0,116452.14285714286,118582.0
2025-04-28,116337,119517.0,104430.0,114466.0,121004.0,115936.0,119372.0,126114.0,121348.0,105353.0,105435.0,116298.42857142857,118025.86666666667
2025-04-29,119517,122936.0,116337.0,104430.0,114466.0,119855.0,118493.0,124593.0,120568.0,127381.0,105353.0,116355.71428571429,118197.43333333333
2025-04-30,122936,117885.0,119517.0,116337.0,104430.0,118275.0,120731.0,126538.0,124319.0,118586.0,127381.0,116307.42857142857,118450.1
2025-05-01,117885,126382.0,122936.0,119517.0,116337.0,120123.0,117844.0,125031.0,124965.0,119518.0,118586.0,116973.28571428571,118503.03333333334
2025-05-02,126382,124931.0,117885.0,122936.0,119517.0,121004.0,112731.0,125921.0,120836.0,121813.0,119518.0,116653.57142857143,118413.6
2025-05-03,124931,119015.0,126382.0,117885.0,122936.0,114466.0,110705.0,121060.0,112385.0,116646.0,121813.0,117421.85714285714,118482.36666666667
2025-05-04,119015,126087.0,124931.0,126382.0,117885.0,104430.0,105506.0,113135.0,111365.0,106231.0,116646.0,118916.85714285714,118481.23333333334
2025-05-05,126087,123091.0,119015.0,124931.0,126382.0,116337.0,115936.0,119372.0,126114.0,107601.0,106231.0,121000.42857142857,118420.53333333334
2025-05-06,123091,122733.0,126087.0,119015.0,124931.0,119517.0,119855.0,118493.0,124593.0,120093.0,107601.0,122393.28571428571,118877.26666666666
2025-05-07,122733,127167.0,123091.0,126087.0,119015.0,122936.0,118275.0,120731.0,126538.0,123916.0,120093.0,122903.85714285714,119268.13333333333
2025-05-08,127167,122058.0,122733.0,123091.0,126087.0,117885.0,120123.0,117844.0,125031.0,135931.0,123916.0,122874.85714285714,119155.43333333333
2025-05-09,122058,108490.0,127167.0,122733.0,123091.0,126382.0,121004.0,112731.0,125921.0,126567.0,135931.0,124200.85714285714,119241.23333333334
2025-05-10,108490,110675.0,122058.0,127167.0,122733.0,124931.0,114466.0,110705.0,121060.0,118080.0,126567.0,123583.14285714286,119091.9
2025-05-11,110675,122303.0,108490.0,122058.0,127167.0,119015.0,104430.0,105506.0,113135.0,105208.0,118080.0,121234.42857142857,118540.53333333334
2025-05-12,122303,126915.0,110675.0,108490.0,122058.0,126087.0,116337.0,115936.0,119372.0,105238.0,105208.0,120043.0,118032.33333333333
2025-05-13,126915,124548.0,122303.0,110675.0,108490.0,123091.0,119517.0,119855.0,118493.0,116599.0,105238.0,119502.42857142857,118073.76666666666
2025-05-14,124548,126488.0,126915.0,122303.0,110675.0,122733.0,122936.0,118275.0,120731.0,120146.0,116599.0,120048.71428571429,118533.1
2025-05-15,126488,128714.0,124548.0,126915.0,122303.0,127167.0,117885.0,120123.0,117844.0,120976.0,120146.0,120308.0,118705.63333333333
2025-05-16,128714,124344.0,126488.0,124548.0,126915.0,122058.0,126382.0,121004.0,112731.0,120608.0,120976.0,120211.0,118972.13333333333
2025-05-17,124344,115976.0,128714.0,126488.0,124548.0,108490.0,124931.0,114466.0,110705.0,120128.0,120608.0,121161.85714285714,119238.23333333334
2025-05-18,115976,121522.0,124344.0,128714.0,126488.0,110675.0,119015.0,104430.0,105506.0,110332.0,120128.0,123426.71428571429,119454.9
2025-05-19,121522,117473.0,115976.0,124344.0,128714.0,122303.0,126087.0,116337.0,115936.0,109853.0,110332.0,124184.0,119563.06666666667
2025-05-20,117473,118992.0,121522.0,115976.0,124344.0,126915.0,123091.0,119517.0,119855.0,122257.0,109853.0,124072.42857142857,119923.63333333333
2025-05-21,118992,118919.0,117473.0,121522.0,115976.0,124548.0,122733.0,122936.0,118275.0,131765.0,122257.0,122723.57142857143,120322.53333333334
2025-05-22,118919,116114.0,118992.0,117473.0,121522.0,126488.0,127167.0,117885.0,120123.0,142724.0,131765.0,121929.85714285714,120424.4
2025-05-23,116114,104717.0,118919.0,118992.0,117473.0,128714.0,122058.0,126382.0,121004.0,146380.0,142724.0,120848.57142857143,120393.2
2025-05-24,104717,102086.0,116114.0,118919.0,118992.0,124344.0,108490.0,124931.0,114466.0,146863.0,146380.0,119048.57142857143,120321.16666666667
2025-05-25,102086,106014.0,104717.0,116114.0,118919.0,115976.0,110675.0,119015.0,104430.0,128941.0,146863.0,116244.71428571429,119807.63333333333
2025-05-26,106014,121983.0,102086.0,104717.0,116114.0,121522.0,122303.0,126087.0,116337.0,129499.0,128941.0,114260.42857142857,119177.03333333334
2025-05-27,121983,120406.0,106014.0,102086.0,104717.0,117473.0,126915.0,123091.0,119517.0,131790.0,129499.0,112045.0,118895.3
2025-05-28,120406,120828.0,121983.0,106014.0,102086.0,118992.0,124548.0,122733.0,122936.0,145299.0,131790.0,112689.28571428571,119480.4
2025-05-29,120828,125112.0,120406.0,121983.0,106014.0,118919.0,126488.0,127167.0,117885.0,138253.0,145299.0,112891.28571428571,119616.03333333334
2025-05-30,125112,111781.0,120828.0,120406.0,121983.0,116114.0,128714.0,122058.0,126382.0,129147.0,138253.0,113164.0,119659.73333333334
2025-05-31,111781,105414.0,125112.0,120828.0,120406.0,104717.0,124344.0,108490.0,124931.0,128329.0,129147.0,114449.42857142857,119732.26666666666
2025-06-01,105414,118081.0,111781.0,125112.0,120828.0,102086.0,115976.0,110675.0,119015.0,124462.0,128329.0,115458.57142857143,119528.8
2025-06-02,118081,124438.0,105414.0,111781.0,125112.0,106014.0,121522.0,122303.0,126087.0,129455.0,124462.0,115934.0,118829.86666666667
2025-06-03,124438,135370.0,118081.0,105414.0,111781.0,121983.0,117473.0,126915.0,123091.0,157104.0,129455.0,117657.85714285714,118601.53333333334
2025-06-04,135370,155171.0,124438.0,118081.0,105414.0,120406.0,118992.0,124548.0,122733.0,156095.0,157104.0,118008.57142857143,118782.3
2025-06-05,155171,163674.0,135370.0,124438.0,118081.0,120828.0,118919.0,126488.0,127167.0,155169.0,156095.0,120146.28571428571,119091.73333333334
2025-06-06,163674,146003.0,155171.0,135370.0,124438.0,125112.0,116114.0,128714.0,122058.0,164580.0,155169.0,125052.42857142857,120161.06666666667
2025-06-07,146003,129797.0,163674.0,155171.0,135370.0,111781.0,104717.0,124344.0,108490.0,155967.0,164580.0,130561.28571428571,121525.76666666666
2025-06-08,129797,132373.0,146003.0,163674.0,155171.0,105414.0,102086.0,115976.0,110675.0,132181.0,155967.0,135450.14285714287,122153.63333333333
2025-06-09,132373,135361.0,129797.0,146003.0,163674.0,118081.0,106014.0,121522.0,122303.0,130033.0,132181.0,138933.42857142858,122411.6
2025-06-10,135361,145591.0,132373.0,129797.0,146003.0,124438.0,121983.0,117473.0,126915.0,139579.0,130033.0,140975.14285714287,123207.7
2025-06-11,145591,162527.0,135361.0,132373.0,129797.0,135370.0,120406.0,118992.0,124548.0,137507.0,139579.0,142535.57142857142,124030.56666666667
2025-06-12,162527,150301.0,145591.0,135361.0,132373.0,155171.0,120828.0,118919.0,126488.0,139481.0,137507.0,143995.7142857143,124806.83333333333
2025-06-13,150301,123122.0,162527.0,145591.0,135361.0,163674.0,125112.0,116114.0,128714.0,151014.0,139481.0,145046.57142857142,125993.9
2025-06-14,123122,112305.0,150301.0,162527.0,145591.0,146003.0,111781.0,104717.0,124344.0,159899.0,151014.0,143136.14285714287,126852.33333333333
2025-06-15,112305,125975.0,123122.0,150301.0,162527.0,129797.0,105414.0,102086.0,115976.0,137519.0,159899.0,139867.42857142858,126740.13333333333
2025-06-16,125975,129939.0,112305.0,123122.0,150301.0,132373.0,118081.0,106014.0,121522.0,126847.0,137519.0,137368.57142857142,126193.16666666667
2025-06-17,129939,145154.0,125975.0,112305.0,123122.0,135361.0,124438.0,121983.0,117473.0,156036.0,126847.0,136454.57142857142,126247.53333333334
2025-06-18,145154,164136.0,129939.0,125975.0,112305.0,145591.0,135370.0,120406.0,118992.0,172070.0,156036.0,135680.0,126712.96666666666
2025-06-19,164136,155298.0,145154.0,129939.0,125975.0,162527.0,155171.0,120828.0,118919.0,170946.0,172070.0,135617.57142857142,127500.7
2025-06-20,155298,154490.0,164136.0,145154.0,129939.0,150301.0,163674.0,125112.0,116114.0,184117.0,170946.0,135847.42857142858,129056.13333333333
2025-06-21,154490,166019.0,155298.0,164136.0,145154.0,123122.0,146003.0,111781.0,104717.0,195991.0,184117.0,136561.2857142857,130266.33333333333
2025-06-22,166019,212749.0,154490.0,155298.0,164136.0,112305.0,129797.0,105414.0,102086.0,181513.0,195991.0,141042.42857142858,131452.03333333333
2025-06-23,212749,225312.0,166019.0,154490.0,155298.0,125975.0,132373.0,118081.0,106014.0,181459.0,181513.0,148715.85714285713,133115.53333333333
2025-06-24,225312,229325.0,212749.0,166019.0,154490.0,129939.0,135361.0,124438.0,121983.0,176674.0,181459.0,161112.14285714287,136716.6
2025-06-25,229325,182257.0,225312.0,212749.0,166019.0,145154.0,145591.0,135370.0,120406.0,172647.0,176674.0,174736.85714285713,140824.13333333333
2025-06-26,182257,141689.0,229325.0,225312.0,212749.0,164136.0,162527.0,155171.0,120828.0,187697.0,172647.0,186761.2857142857,144934.5
2025-06-27,141689,142830.0,182257.0,229325.0,225312.0,155298.0,150301.0,163674.0,125112.0,172540.0,187697.0,189350.0,146943.63333333333
2025-06-28,142830,170642.0,141689.0,182257.0,229325.0,154490.0,123122.0,146003.0,111781.0,145789.0,172540.0,187405.85714285713,147653.06666666668
2025-06-29,170642,189393.0,142830.0,141689.0,182257.0,166019.0,112305.0,129797.0,105414.0,142824.0,145789.0,185740.14285714287,148386.46666666667
2025-06-30,189393,192891.0,170642.0,142830.0,141689.0,212749.0,125975.0,132373.0,118081.0,159288.0,142824.0,186400.57142857142,149904.13333333333
2025-07-01,192891,179985.0,189393.0,170642.0,142830.0,225312.0,129939.0,135361.0,124438.0,151971.0,159288.0,183064.0,152491.2
2025-07-02,179985,176397.0,192891.0,189393.0,170642.0,229325.0,145154.0,145591.0,135370.0,153121.0,151971.0,178432.42857142858,155407.1
2025-07-03,176397,145526.0,179985.0,192891.0,189393.0,182257.0,164136.0,162527.0,155171.0,153074.0,153121.0,171383.85714285713,157470.56666666668
2025-07-04,145526,148963.0,176397.0,179985.0,192891.0,141689.0,155298.0,150301.0,163674.0,148986.0,153074.0,170546.7142857143,159202.53333333333
2025-07-05,148963,161911.0,145526.0,176397.0,179985.0,142830.0,154490.0,123122.0,146003.0,179003.0,148986.0,171094.85714285713,159541.06666666668
2025-07-06,161911,194399.0,148963.0,145526.0,176397.0,170642.0,166019.0,112305.0,129797.0,174587.0,179003.0,171971.0,159334.13333333333
2025-07-07,194399,205336.0,161911.0,148963.0,145526.0,189393.0,212749.0,125975.0,132373.0,179856.0,174587.0,170723.7142857143,159275.36666666667
2025-07-08,205336,200050.0,194399.0,161911.0,148963.0,192891.0,225312.0,129939.0,135361.0,204801.0,179856.0,171438.85714285713,160888.56666666668
2025-07-09,200050,184139.0,205336.0,194399.0,161911.0,179985.0,229325.0,145154.0,145591.0,204212.0,204801.0,173216.7142857143,163406.53333333333
2025-07-10,184139,181568.0,200050.0,205336.0,194399.0,176397.0,182257.0,164136.0,162527.0,207772.0,204212.0,176083.14285714287,165662.43333333332
2025-07-11,181568,168248.0,184139.0,200050.0,205336.0,145526.0,141689.0,155298.0,150301.0,197069.0,207772.0,177189.14285714287,167288.36666666667
2025-07-12,168248,164300.0,181568.0,184139.0,200050.0,148963.0,142830.0,154490.0,123122.0,188001.0,197069.0,182338.0,168487.6
2025-07-13,164300,190918.0,168248.0,181568.0,184139.0,161911.0,170642.0,166019.0,112305.0,174380.0,188001.0,185093.0,168678.3
2025-07-14,190918,190418.0,164300.0,168248.0,181568.0,194399.0,189393.0,212749.0,125975.0,177664.0,174380.0,185434.2857142857,169144.93333333332
2025-07-15,190418,203650.0,190918.0,164300.0,168248.0,205336.0,192891.0,225312.0,129939.0,203823.0,177664.0,184937.0,171404.8
2025-07-16,203650,205418.0,190418.0,190918.0,164300.0,200050.0,179985.0,229325.0,145154.0,214127.0,203823.0,182805.85714285713,174008.56666666668
2025-07-17,205418,179961.0,203650.0,190418.0,190918.0,184139.0,176397.0,182257.0,164136.0,204545.0,214127.0,183320.14285714287,176597.73333333334
2025-07-18,179961,160063.0,205418.0,203650.0,190418.0,181568.0,145526.0,141689.0,155298.0,189710.0,204545.0,186360.0,179113.7
2025-07-19,160063,175740.0,179961.0,205418.0,203650.0,168248.0,148963.0,142830.0,154490.0,168652.0,189710.0,186130.42857142858,180273.93333333332
2025-07-20,175740,182756.0,160063.0,179961.0,205418.0,164300.0,161911.0,170642.0,166019.0,158502.0,168652.0,184961.14285714287,180138.16666666666
2025-07-21,182756,161494.0,175740.0,160063.0,179961.0,190918.0,194399.0,189393.0,212749.0,166582.0,158502.0,186595.42857142858,180819.56666666668
2025-07-22,161494,164089.0,182756.0,175740.0,160063.0,190418.0,205336.0,192891.0,225312.0,185179.0,166582.0,185429.42857142858,181761.76666666666
2025-07-23,164089,173495.0,161494.0,182756.0,175740.0,203650.0,200050.0,179985.0,229325.0,178638.0,185179.0,181297.42857142858,181610.93333333332
2025-07-24,173495,194196.0,164089.0,161494.0,182756.0,205418.0,184139.0,176397.0,182257.0,179604.0,178638.0,175645.85714285713,179988.93333333332
2025-07-25,194196,167192.0,173495.0,164089.0,161494.0,179961.0,181568.0,145526.0,141689.0,176626.0,179604.0,171085.42857142858,178261.7
2025-07-26,167192,164969.0,194196.0,173495.0,164089.0,160063.0,168248.0,148963.0,142830.0,158078.0,176626.0,173119.0,177090.73333333334
2025-07-27,164969,201676.0,167192.0,194196.0,173495.0,175740.0,164300.0,161911.0,170642.0,151956.0,158078.0,174137.42857142858,176588.56666666668
2025-07-28,201676,216156.0,164969.0,167192.0,194196.0,182756.0,190918.0,194399.0,189393.0,153172.0,151956.0,172598.7142857143,177364.56666666668
2025-07-29,216156,216358.0,201676.0,164969.0,167192.0,161494.0,190418.0,205336.0,192891.0,176265.0,153172.0,175301.57142857142,179326.1
2025-07-30,216358,198487.0,216156.0,201676.0,164969.0,164089.0,203650.0,200050.0,179985.0,186401.0,176265.0,183110.42857142858,180843.23333333334
2025-07-31,198487,150535.0,216358.0,216156.0,201676.0,173495.0,205418.0,184139.0,176397.0,193186.0,186401.0,190577.42857142858,181742.06666666668
2025-08-01,150535,136495.0,198487.0,216358.0,216156.0,194196.0,179961.0,181568.0,145526.0,199184.0,193186.0,194147.7142857143,181928.6
2025-08-02,136495,138291.0,150535.0,198487.0,216358.0,167192.0,160063.0,168248.0,148963.0,205346.0,199184.0,187910.42857142858,180946.93333333332
2025-08-03,138291,164044.0,136495.0,150535.0,198487.0,164969.0,175740.0,164300.0,161911.0,185206.0,205346.0,183525.14285714287,179616.86666666667
2025-08-04,164044,169645.0,138291.0,136495.0,150535.0,201676.0,182756.0,190918.0,194399.0,167499.0,185206.0,179714.0,179375.7
2025-08-05,169645,160350.0,164044.0,138291.0,136495.0,216156.0,161494.0,190418.0,205336.0,190114.0,167499.0,174338.0,179878.4
2025-08-06,160350,152453.0,169645.0,164044.0,138291.0,216358.0,164089.0,203650.0,200050.0,195634.0,190114.0,167693.57142857142,180136.2
2025-08-07,152453,146456.0,160350.0,169645.0,164044.0,198487.0,173495.0,205418.0,184139.0,157871.0,195634.0,159692.42857142858,179001.23333333334
2025-08-08,146456,138039.0,152453.0,160350.0,169645.0,150535.0,194196.0,179961.0,181568.0,145053.0,157871.0,153116.14285714287,177238.46666666667
2025-08-09,138039,146811.0,146456.0,152453.0,160350.0,136495.0,167192.0,160063.0,168248.0,168798.0,145053.0,152533.42857142858,175452.0
2025-08-10,146811,172005.0,138039.0,146456.0,152453.0,138291.0,164969.0,175740.0,164300.0,157538.0,168798.0,152754.0,173915.33333333334
2025-08-11,172005,181709.0,146811.0,138039.0,146456.0,164044.0,201676.0,182756.0,190918.0,146280.0,157538.0,153971.14285714287,172756.76666666666
2025-08-12,181709,190689.0,172005.0,146811.0,138039.0,169645.0,216156.0,161494.0,190418.0,155444.0,146280.0,155108.42857142858,172882.0
2025-08-13,190689,188160.0,181709.0,172005.0,146811.0,160350.0,216358.0,164089.0,203650.0,152297.0,155444.0,156831.85714285713,173462.3
2025-08-14,188160,181932.0,190689.0,181709.0,172005.0,152453.0,198487.0,173495.0,205418.0,162930.0,152297.0,161166.0,173454.66666666666
2025-08-15,181932,165908.0,188160.0,190689.0,181709.0,146456.0,150535.0,194196.0,179961.0,167985.0,162930.0,166267.0,173379.4
2025-08-16,165908,170673.0,181932.0,188160.0,190689.0,138039.0,136495.0,167192.0,160063.0,172256.0,167985.0,171335.0,172655.46666666667
2025-08-17,170673,155420.0,165908.0,181932.0,188160.0,146811.0,138291.0,164969.0,175740.0,153441.0,172256.0,175316.2857142857,171338.46666666667
2025-08-18,155420,141967.0,170673.0,165908.0,181932.0,172005.0,164044.0,201676.0,182756.0,153602.0,153441.0,178725.14285714287,171028.86666666667
2025-08-19,141967,138578.0,155420.0,170673.0,165908.0,181709.0,169645.0,216156.0,161494.0,168842.0,153602.0,176355.85714285713,170874.1
2025-08-20,138578,128147.0,141967.0,155420.0,170673.0,190689.0,160350.0,216358.0,164089.0,139701.0,168842.0,170678.42857142858,169748.33333333334
2025-08-21,128147,132676.0,138578.0,141967.0,155420.0,188160.0,152453.0,198487.0,173495.0,129605.0,139701.0,163234.0,168275.73333333334
2025-08-22,132676,130088.0,128147.0,138578.0,141967.0,181932.0,146456.0,150535.0,194196.0,131399.0,129605.0,154660.7142857143,167164.16666666666
2025-08-23,130088,136364.0,132676.0,128147.0,138578.0,165908.0,138039.0,136495.0,167192.0,138449.0,131399.0,147624.14285714287,166117.06666666668
2025-08-24,136364,158402.0,130088.0,132676.0,128147.0,170673.0,146811.0,138291.0,164969.0,136540.0,138449.0,142507.0,164670.16666666666
2025-08-25,158402,144938.0,136364.0,130088.0,132676.0,155420.0,172005.0,164044.0,201676.0,143315.0,136540.0,137605.7142857143,162742.43333333332
2025-08-26,144938,135947.0,158402.0,136364.0,130088.0,141967.0,181709.0,169645.0,216156.0,163961.0,143315.0,138031.7142857143,162449.43333333332
2025-08-27,135947,135014.0,144938.0,158402.0,136364.0,138578.0,190689.0,160350.0,216358.0,167050.0,163961.0,138456.14285714287,161781.73333333334
2025-08-28,135014,136709.0,135947.0,144938.0,158402.0,128147.0,188160.0,152453.0,198487.0,187044.0,167050.0,138080.2857142857,159590.76666666666
2025-08-29,136709,118579.0,135014.0,135947.0,144938.0,132676.0,181932.0,146456.0,150535.0,168461.0,187044.0,139061.2857142857,156886.03333333333
2025-08-30,118579,119654.0,136709.0,135014.0,135947.0,130088.0,165908.0,138039.0,136495.0,144337.0,168461.0,139637.42857142858,154231.06666666668
2025-08-31,119654,127022.0,118579.0,136709.0,135014.0,136364.0,170673.0,146811.0,138291.0,137976.0,144337.0,137993.2857142857,151567.46666666667
2025-09-01,127022,140528.0,119654.0,118579.0,136709.0,158402.0,155420.0,172005.0,164044.0,147525.0,137976.0,135606.14285714287,150538.1
2025-09-02,140528,141588.0,127022.0,119654.0,118579.0,144938.0,141967.0,181709.0,169645.0,137338.0,147525.0,131123.2857142857,150222.33333333334
2025-09-03,141588,146378.0,140528.0,127022.0,119654.0,135947.0,138578.0,190689.0,160350.0,134126.0,137338.0,130493.28571428571,150296.9
2025-09-04,146378,157341.0,141588.0,140528.0,127022.0,135014.0,128147.0,188160.0,152453.0,136235.0,134126.0,131299.14285714287,149548.36666666667
2025-09-05,157341,153368.0,146378.0,141588.0,140528.0,136709.0,132676.0,181932.0,146456.0,139231.0,136235.0,132922.57142857142,148772.8
2025-09-06,153368,126852.0,157341.0,146378.0,141588.0,118579.0,130088.0,165908.0,138039.0,143379.0,139231.0,135870.0,148672.5
2025-09-07,126852,130075.0,153368.0,157341.0,146378.0,119654.0,136364.0,170673.0,146811.0,131255.0,143379.0,140839.85714285713,148703.0
2025-09-08,130075,130618.0,126852.0,153368.0,157341.0,127022.0,158402.0,155420.0,172005.0,113001.0,131255.0,141868.14285714287,148049.53333333333
2025-09-09,130618,131314.0,130075.0,126852.0,153368.0,140528.0,144938.0,141967.0,181709.0,127783.0,113001.0,142304.2857142857,147784.06666666668
2025-09-10,131314,136355.0,130618.0,130075.0,126852.0,141588.0,135947.0,138578.0,190689.0,135667.0,127783.0,140888.57142857142,147244.3
2025-09-11,136355,138086.0,131314.0,130618.0,130075.0,146378.0,135014.0,128147.0,188160.0,136531.0,135667.0,139420.85714285713,145887.93333333332
2025-09-12,138086,130353.0,136355.0,131314.0,130618.0,157341.0,136709.0,132676.0,181932.0,141943.0,136531.0,137989.0,144376.13333333333
2025-09-13,130353,134186.0,138086.0,136355.0,131314.0,153368.0,118579.0,130088.0,165908.0,145330.0,141943.0,135238.2857142857,142622.7
2025-09-14,134186,149227.0,130353.0,138086.0,136355.0,126852.0,119654.0,136364.0,170673.0,140427.0,145330.0,131950.42857142858,140695.8
2025-09-15,149227,139506.0,134186.0,130353.0,138086.0,130075.0,127022.0,158402.0,155420.0,135068.0,140427.0,132998.14285714287,139104.26666666666
2025-09-16,139506,134686.0,149227.0,134186.0,130353.0,130618.0,140528.0,144938.0,141967.0,140323.0,135068.0,135734.14285714287,138548.23333333334
2025-09-17,134686,146153.0,139506.0,149227.0,134186.0,131314.0,141588.0,135947.0,138578.0,145236.0,140323.0,137003.85714285713,137509.33333333334
2025-09-18,146153,151519.0,134686.0,139506.0,149227.0,136355.0,146378.0,135014.0,128147.0,143808.0,145236.0,137485.57142857142,136818.2
2025-09-19,151519,124720.0,146153.0,134686.0,139506.0,138086.0,157341.0,136709.0,132676.0,149657.0,143808.0,138885.2857142857,136957.73333333334
2025-09-20,124720,116851.0,151519.0,146153.0,134686.0,130353.0,153368.0,118579.0,130088.0,149992.0,149657.0,140804.2857142857,137389.1
2025-09-21,116851,128815.0,124720.0,151519.0,146153.0,134186.0,126852.0,119654.0,136364.0,129828.0,149992.0,139999.57142857142,137274.86666666667
2025-09-22,128815,144190.0,116851.0,124720.0,151519.0,149227.0,130075.0,127022.0,158402.0,121974.0,129828.0,137523.14285714287,136747.36666666667
2025-09-23,144190,153504.0,128815.0,116851.0,124720.0,139506.0,130618.0,140528.0,144938.0,127892.0,121974.0,134607.14285714287,136704.93333333332
2025-09-24,153504,158607.0,144190.0,128815.0,116851.0,134686.0,131314.0,141588.0,135947.0,124821.0,127892.0,135276.2857142857,136965.8
2025-09-25,158607,154328.0,153504.0,144190.0,128815.0,146153.0,136355.0,146378.0,135014.0,125294.0,124821.0,137964.57142857142,136802.53333333333
2025-09-26,154328,138024.0,158607.0,153504.0,144190.0,151519.0,138086.0,157341.0,136709.0,137319.0,125294.0,139743.7142857143,137258.16666666666
2025-09-27,138024,140349.0,154328.0,158607.0,153504.0,124720.0,130353.0,153368.0,118579.0,136445.0,137319.0,140145.0,137870.86666666667
2025-09-28,140349,147648.0,138024.0,154328.0,158607.0,116851.0,134186.0,126852.0,119654.0,120398.0,136445.0,142045.57142857142,137971.2
2025-09-29,147648,144072.0,140349.0,138024.0,154328.0,128815.0,149227.0,130075.0,127022.0,113364.0,120398.0,145402.42857142858,138092.53333333333
2025-09-30,144072,127931.0,147648.0,140349.0,138024.0,144190.0,139506.0,130618.0,140528.0,125686.0,113364.0,148092.85714285713,139061.5
2025-10-01,127931,120144.0,144072.0,147648.0,140349.0,153504.0,134686.0,131314.0,141588.0,125460.0,125686.0,148076.0,139875.43333333332
2025-10-02,120144,122506.0,127931.0,144072.0,147648.0,158607.0,146153.0,136355.0,146378.0,123448.0,125460.0,144422.7142857143,139905.73333333334
2025-10-03,122506,120669.0,120144.0,127931.0,144072.0,154328.0,151519.0,138086.0,157341.0,124414.0,123448.0,138928.0,139226.26666666666
2025-10-04,120669,129731.0,122506.0,120144.0,127931.0,138024.0,124720.0,130353.0,153368.0,126270.0,124414.0,134382.0,138590.2
2025-10-05,129731,143928.0,120669.0,122506.0,120144.0,140349.0,116851.0,134186.0,126852.0,117152.0,126270.0,131902.7142857143,137733.23333333334
2025-10-06,143928,145460.0,129731.0,120669.0,122506.0,147648.0,128815.0,149227.0,130075.0,112694.0,117152.0,130385.85714285714,136812.9
2025-10-07,145460,136271.0,143928.0,129731.0,120669.0,144072.0,144190.0,139506.0,130618.0,127718.0,112694.0,129854.42857142857,136498.23333333334
2025-10-08,136271,117721.0,145460.0,143928.0,129731.0,127931.0,153504.0,134686.0,131314.0,120224.0,127718.0,130052.71428571429,137118.5
2025-10-09,117721,116258.0,136271.0,145460.0,143928.0,120144.0,158607.0,146153.0,136355.0,107876.0,120224.0,131244.14285714287,137325.03333333333
2025-10-10,116258,110784.0,117721.0,136271.0,145460.0,122506.0,154328.0,151519.0,138086.0,116684.0,107876.0,130898.0,136895.13333333333
2025-10-11,110784,109520.0,116258.0,117721.0,136271.0,120669.0,138024.0,124720.0,130353.0,116491.0,116684.0,130005.42857142857,136393.26666666666
2025-10-12,109520,118767.0,110784.0,116258.0,117721.0,129731.0,140349.0,116851.0,134186.0,108615.0,116491.0,128593.28571428571,135540.9
2025-10-13,118767,119948.0,109520.0,110784.0,116258.0,143928.0,147648.0,128815.0,149227.0,108860.0,108615.0,125706.0,134588.7
2025-10-14,119948,120028.0,118767.0,109520.0,110784.0,145460.0,144072.0,144190.0,139506.0,116554.0,108860.0,122111.57142857143,134202.5
2025-10-15,120028,117697.0,119948.0,118767.0,109520.0,136271.0,127931.0,153504.0,134686.0,117978.0,116554.0,118467.0,133727.9
2025-10-16,117697,118059.0,120028.0,119948.0,118767.0,117721.0,120144.0,158607.0,146153.0,119030.0,117978.0,116146.57142857143,132754.6
2025-10-17,118059,109150.0,117697.0,120028.0,119948.0,116258.0,122506.0,154328.0,151519.0,119322.0,119030.0,116143.14285714286,132027.63333333333
2025-10-18,109150,110897.0,118059.0,117697.0,120028.0,110784.0,120669.0,138024.0,124720.0,118577.0,119322.0,116400.42857142857,131473.4
2025-10-19,110897,121000.0,109150.0,118059.0,117697.0,109520.0,129731.0,140349.0,116851.0,109688.0,118577.0,116167.0,130239.96666666666
2025-10-20,121000,119524.0,110897.0,109150.0,118059.0,118767.0,143928.0,147648.0,128815.0,108899.0,109688.0,116363.71428571429,128885.9
2025-10-21,119524,119955.0,121000.0,110897.0,109150.0,119948.0,145460.0,144072.0,144190.0,123563.0,108899.0,116682.71428571429,128761.9
2025-10-22,119955,118878.0,119524.0,121000.0,110897.0,120028.0,136271.0,127931.0,153504.0,129531.0,123563.0,116622.14285714286,128851.0
2025-10-23,118878,118856.0,119955.0,119524.0,121000.0,117697.0,117721.0,120144.0,158607.0,129630.0,129531.0,116611.71428571429,128555.66666666667
2025-10-24,118856,110742.0,118878.0,119955.0,119524.0,118059.0,116258.0,122506.0,154328.0,124464.0,129630.0,116780.42857142857,127711.93333333333
2025-10-25,110742,108844.0,118856.0,118878.0,119955.0,109150.0,110784.0,120669.0,138024.0,118586.0,124464.0,116894.28571428571,126557.0
2025-10-26,108844,120473.0,110742.0,118856.0,118878.0,110897.0,109520.0,129731.0,140349.0,109032.0,118586.0,117121.71428571429,124961.5
2025-10-27,120473,123099.0,108844.0,110742.0,118856.0,121000.0,118767.0,143928.0,147648.0,107391.0,109032.0,116828.42857142857,123445.36666666667
2025-10-28,123099,122639.0,120473.0,108844.0,110742.0,119524.0,119948.0,145460.0,144072.0,119401.0,107391.0,116753.14285714286,122860.33333333333
2025-10-29,122639,125028.0,123099.0,120473.0,108844.0,119955.0,120028.0,136271.0,127931.0,121090.0,119401.0,117263.85714285714,122285.33333333333
2025-10-30,125028,120401.0,122639.0,123099.0,120473.0,118878.0,117697.0,117721.0,120144.0,124290.0,121090.0,117647.28571428571,121451.7
2025-10-31,120401,111251.0,125028.0,122639.0,123099.0,118856.0,118059.0,116258.0,122506.0,128965.0,124290.0,118525.85714285714,120816.9
2025-11-01,111251,113431.0,120401.0,125028.0,122639.0,110742.0,109150.0,110784.0,120669.0,128037.0,128965.0,118746.57142857143,120565.9
2025-11-02,113431,121026.0,111251.0,120401.0,125028.0,108844.0,110897.0,109520.0,129731.0,108516.0,128037.0,118819.28571428571,120269.46666666666
2025-11-03,121026,119954.0,113431.0,111251.0,120401.0,120473.0,121000.0,118767.0,143928.0,111893.0,108516.0,119474.57142857143,119966.96666666666
2025-11-04,119954,120814.0,121026.0,113431.0,111251.0,123099.0,119524.0,119948.0,145460.0,120112.0,111893.0,119553.57142857143,119978.86666666667
2025-11-05,120814,122511.0,119954.0,121026.0,113431.0,122639.0,119955.0,120028.0,136271.0,121638.0,120112.0,119104.28571428571,119652.96666666666
2025-11-06,122511,123738.0,120814.0,119954.0,121026.0,125028.0,118878.0,117697.0,117721.0,129572.0,121638.0,118843.57142857143,118882.5
2025-11-07,123738,110957.0,122511.0,120814.0,119954.0,120401.0,118856.0,118059.0,116258.0,128061.0,129572.0,118484.0,118117.53333333334
2025-11-08,110957,116922.0,123738.0,122511.0,120814.0,111251.0,110742.0,109150.0,110784.0,119146.0,128061.0,118960.71428571429,117699.76666666666
2025-11-09,116922,129424.0,110957.0,123738.0,122511.0,113431.0,108844.0,110897.0,109520.0,109447.0,119146.0,118918.71428571429,117474.3
2025-11-10,129424,135733.0,116922.0,110957.0,123738.0,121026.0,120473.0,121000.0,118767.0,109482.0,109447.0,119417.42857142857,117496.43333333333
2025-11-11,135733,134255.0,129424.0,116922.0,110957.0,119954.0,123099.0,119524.0,119948.0,118800.0,109482.0,120617.14285714286,118117.76666666666
2025-11-12,134255,129273.0,135733.0,129424.0,116922.0,120814.0,122639.0,119955.0,120028.0,120409.0,118800.0,122871.28571428571,118991.53333333334
2025-11-13,129273,127365.0,134255.0,135733.0,129424.0,122511.0,125028.0,118878.0,117697.0,124244.0,120409.0,124791.42857142857,119507.8
2025-11-14,127365,120929.0,129273.0,134255.0,135733.0,123738.0,120401.0,118856.0,118059.0,126011.0,124244.0,125757.42857142857,119818.63333333333
2025-11-15,120929,119138.0,127365.0,129273.0,134255.0,110957.0,111251.0,110742.0,109150.0,123587.0,126011.0,126275.57142857143,120063.2
2025-11-16,119138,133392.0,120929.0,127365.0,129273.0,116922.0,113431.0,108844.0,110897.0,113482.0,123587.0,127700.14285714286,120170.93333333333
2025-11-17,133392,130334.0,119138.0,120929.0,127365.0,129424.0,121026.0,120473.0,121000.0,111310.0,113482.0,128016.71428571429,120206.9
2025-11-18,130334,129408.0,133392.0,119138.0,120929.0,135733.0,119954.0,123099.0,119524.0,121498.0,111310.0,128583.57142857143,121014.96666666666
2025-11-19,129408,127938.0,130334.0,133392.0,119138.0,134255.0,120814.0,122639.0,119955.0,121355.0,121498.0,127812.28571428571,121662.86666666667
2025-11-20,127938,128613.0,129408.0,130334.0,133392.0,129273.0,122511.0,125028.0,118878.0,121871.0,121355.0,127119.85714285714,121943.13333333333
2025-11-21,128613,118120.0,127938.0,129408.0,130334.0,127365.0,123738.0,120401.0,118856.0,124692.0,121871.0,126929.14285714286,122223.6
2025-11-22,118120,122330.0,128613.0,127938.0,129408.0,120929.0,110957.0,111251.0,110742.0,128644.0,124692.0,127107.42857142857,122512.2
2025-11-23,122330,123527.0,118120.0,128613.0,127938.0,119138.0,116922.0,113431.0,108844.0,117929.0,128644.0,126706.14285714286,122486.93333333333
2025-11-24,123527,126502.0,122330.0,118120.0,128613.0,133392.0,129424.0,121026.0,120473.0,114571.0,117929.0,127162.14285714286,122602.73333333334
2025-11-25,126502,121644.0,123527.0,122330.0,118120.0,130334.0,135733.0,119954.0,123099.0,124130.0,114571.0,125752.85714285714,123028.9
2025-11-26,121644,116754.0,126502.0,123527.0,122330.0,129408.0,134255.0,120814.0,122639.0,123516.0,124130.0,125205.42857142857,123617.5
2025-11-27,116754,125040.0,121644.0,126502.0,123527.0,127938.0,129273.0,122511.0,125028.0,121979.0,123516.0,124096.28571428571,123656.53333333334
2025-11-28,125040,122564.0,116754.0,121644.0,126502.0,128613.0,127365.0,123738.0,120401.0,114144.0,121979.0,122498.57142857143,123445.03333333334
2025-11-29,122564,126267.0,125040.0,116754.0,121644.0,118120.0,120929.0,110957.0,111251.0,120273.0,114144.0,121988.14285714286,123525.06666666667
2025-11-30,126267,131393.0,122564.0,125040.0,116754.0,122330.0,119138.0,116922.0,113431.0,121119.0,120273.0,122623.0,123442.93333333333
2025-12-01,131393,140294.0,126267.0,122564.0,125040.0,123527.0,133392.0,129424.0,121026.0,126075.0,121119.0,123185.42857142857,123638.46666666666
2025-12-02,140294,136730.0,131393.0,126267.0,122564.0,126502.0,130334.0,135733.0,119954.0,137747.0,126075.0,124309.14285714286,124309.86666666667
2025-12-03,136730,140599.0,140294.0,131393.0,126267.0,121644.0,129408.0,134255.0,120814.0,137545.0,137747.0,126279.42857142857,125205.3
2025-12-04,140599,146177.0,136730.0,140294.0,131393.0,116754.0,127938.0,129273.0,122511.0,138431.0,137545.0,128434.57142857143,125728.76666666666
2025-12-05,146177,132959.0,140599.0,136730.0,140294.0,125040.0,128613.0,127365.0,123738.0,138124.0,138431.0,131841.0,126416.93333333333
2025-12-06,132959,129275.0,146177.0,140599.0,136730.0,122564.0,118120.0,120929.0,110957.0,141124.0,138124.0,134860.57142857142,127262.36666666667
2025-12-07,129275,142772.0,132959.0,146177.0,140599.0,126267.0,122330.0,119138.0,116922.0,129748.0,141124.0,136345.57142857142,127610.63333333333
2025-12-08,142772,149136.0,129275.0,132959.0,146177.0,131393.0,123527.0,133392.0,129424.0,121900.0,129748.0,136775.2857142857,127795.2
2025-12-09,149136,142042.0,142772.0,129275.0,132959.0,140294.0,126502.0,130334.0,135733.0,130896.0,121900.0,138400.85714285713,128855.7
2025-12-10,142042,143177.0,149136.0,142772.0,129275.0,136730.0,121644.0,129408.0,134255.0,130606.0,130896.0,139664.0,129929.5
2025-12-11,143177,147153.0,142042.0,149136.0,142772.0,140599.0,116754.0,127938.0,129273.0,128740.0,130606.0,140422.85714285713,130350.1
2025-12-12,147153,135805.0,143177.0,142042.0,149136.0,146177.0,125040.0,128613.0,127365.0,134495.0,128740.0,140791.14285714287,130598.23333333334
2025-12-13,135805,140259.0,147153.0,143177.0,142042.0,132959.0,122564.0,118120.0,120929.0,141748.0,134495.0,140930.57142857142,131028.16666666667
2025-12-14,140259,157271.0,135805.0,147153.0,143177.0,129275.0,126267.0,122330.0,119138.0,133949.0,141748.0,141337.14285714287,131245.9
2025-12-15,157271,152679.0,140259.0,135805.0,147153.0,142772.0,131393.0,123527.0,133392.0,130348.0,133949.0,142906.2857142857,131675.7
2025-12-16,152679,145427.0,157271.0,140259.0,135805.0,149136.0,140294.0,126502.0,130334.0,135279.0,130348.0,144977.57142857142,132887.1
2025-12-17,145427,136894.0,152679.0,157271.0,140259.0,142042.0,136730.0,121644.0,129408.0,128108.0,135279.0,145483.7142857143,134005.13333333333
2025-12-18,136894,133820.0,145427.0,152679.0,157271.0,143177.0,140599.0,116754.0,127938.0,128037.0,128108.0,145967.2857142857,134406.3
2025-12-19,133820,131087.0,136894.0,145427.0,152679.0,147153.0,146177.0,125040.0,128613.0,130968.0,128037.0,145069.7142857143,134624.96666666667
2025-12-20,131087,130807.0,133820.0,136894.0,145427.0,135805.0,132959.0,122564.0,118120.0,136595.0,130968.0,143165.0,134772.03333333333
2025-12-21,130807,139324.0,131087.0,133820.0,136894.0,140259.0,129275.0,126267.0,122330.0,134936.0,136595.0,142491.0,134877.0
2025-12-22,139324,139751.0,130807.0,131087.0,133820.0,157271.0,142772.0,131393.0,123527.0,143149.0,134936.0,141140.7142857143,134950.13333333333
2025-12-23,139751,129609.0,139324.0,130807.0,131087.0,152679.0,149136.0,140294.0,126502.0,152903.0,143149.0,138576.85714285713,135656.93333333332
2025-12-24,129609,125501.0,139751.0,139324.0,130807.0,145427.0,142042.0,136730.0,121644.0,141132.0,152903.0,136730.0,136237.63333333333
2025-12-25,125501,144675.0,129609.0,139751.0,139324.0,136894.0,143177.0,140599.0,116754.0,128612.0,141132.0,134470.2857142857,136440.36666666667
2025-12-26,144675,141672.0,125501.0,129609.0,139751.0,133820.0,147153.0,146177.0,125040.0,139228.0,128612.0,132842.7142857143,136407.0
2025-12-27,141672,139276.0,144675.0,125501.0,129609.0,131087.0,135805.0,132959.0,122564.0,136806.0,139228.0,134393.42857142858,137174.7
2025-12-28,139276,137425.0,141672.0,144675.0,125501.0,130807.0,140259.0,129275.0,126267.0,124302.0,136806.0,135905.57142857142,138005.3
2025-12-29,137425,145980.0,139276.0,141672.0,144675.0,139324.0,157271.0,142772.0,131393.0,116804.0,124302.0,137115.42857142858,138479.83333333334
2025-12-30,145980,143554.0,137425.0,139276.0,141672.0,139751.0,152679.0,149136.0,140294.0,123031.0,116804.0,136844.14285714287,138975.2
2025-12-31,143554,137185.0,145980.0,137425.0,139276.0,129609.0,145427.0,142042.0,136730.0,123079.0,123031.0,137734.0,139632.3
2026-01-01,137185,149586.0,143554.0,145980.0,137425.0,125501.0,136894.0,143177.0,140599.0,116674.0,123079.0,139726.14285714287,140037.66666666666
2026-01-02,149586,142054.0,137185.0,143554.0,145980.0,144675.0,133820.0,147153.0,146177.0,132967.0,116674.0,141395.2857142857,139934.03333333333
2026-01-03,142054,137177.0,149586.0,137185.0,143554.0,141672.0,131087.0,135805.0,132959.0,135929.0,132967.0,142096.85714285713,140362.56666666668
2026-01-04,137177,147156.0,142054.0,149586.0,137185.0,139276.0,130807.0,140259.0,129275.0,133674.0,135929.0,142151.42857142858,140411.06666666668
2026-01-05,147156,140715.0,137177.0,142054.0,149586.0,137425.0,139324.0,157271.0,142772.0,134218.0,133674.0,141851.57142857142,140111.06666666668
2026-01-06,140715,135476.0,147156.0,137177.0,142054.0,145980.0,139751.0,152679.0,149136.0,147760.0,134218.0,143241.7142857143,140584.3
2026-01-07,135476,131479.0,140715.0,147156.0,137177.0,143554.0,129609.0,145427.0,142042.0,152789.0,147760.0,142489.57142857142,140965.63333333333
2026-01-08,131479,131611.0,135476.0,140715.0,147156.0,137185.0,125501.0,136894.0,143177.0,154141.0,152789.0,141335.57142857142,140722.43333333332
2026-01-09,131611,124407.0,131479.0,135476.0,140715.0,149586.0,144675.0,133820.0,147153.0,154399.0,154141.0,140520.42857142858,140133.86666666667
2026-01-10,124407,123791.0,131611.0,131479.0,135476.0,142054.0,141672.0,131087.0,135805.0,146594.0,154399.0,137952.57142857142,139786.16666666666
2026-01-11,123791,139994.0,124407.0,131611.0,131479.0,137177.0,139276.0,130807.0,140259.0,135803.0,146594.0,135431.57142857142,139160.5
2026-01-12,139994,136382.0,123791.0,124407.0,131611.0,147156.0,137425.0,139324.0,157271.0,130447.0,135803.0,133519.2857142857,138381.76666666666
2026-01-13,136382,132625.0,139994.0,123791.0,124407.0,140715.0,145980.0,139751.0,152679.0,140042.0,130447.0,132496.14285714287,138521.4
2026-01-14,132625,136070.0,136382.0,139994.0,123791.0,135476.0,143554.0,129609.0,145427.0,144078.0,140042.0,131877.14285714287,138392.16666666666
2026-01-15,136070,147770.0,132625.0,136382.0,139994.0,131479.0,137185.0,125501.0,136894.0,134350.0,144078.0,131469.85714285713,137570.63333333333
2026-01-16,147770,135687.0,136070.0,132625.0,136382.0,131611.0,149586.0,144675.0,133820.0,148286.0,134350.0,132125.7142857143,137017.0
2026-01-17,135687,135378.0,147770.0,136070.0,132625.0,124407.0,142054.0,141672.0,131087.0,142209.0,148286.0,134434.14285714287,137095.1
2026-01-18,135378,144463.0,135687.0,147770.0,136070.0,123791.0,137177.0,139276.0,130807.0,129376.0,142209.0,136045.57142857142,137054.86666666667
2026-01-19,144463,159311.0,135378.0,135687.0,147770.0,139994.0,147156.0,137425.0,139324.0,129237.0,129376.0,137700.85714285713,137106.8
2026-01-20,159311,157163.0,144463.0,135378.0,135687.0,136382.0,140715.0,145980.0,139751.0,148957.0,129237.0,138339.2857142857,137552.66666666666
2026-01-21,157163,141357.0,159311.0,144463.0,135378.0,132625.0,135476.0,143554.0,129609.0,161703.0,148957.0,141614.85714285713,138502.8
2026-01-22,141357,147793.0,157163.0,159311.0,144463.0,136070.0,131479.0,137185.0,125501.0,163751.0,161703.0,145120.2857142857,139097.43333333332
2026-01-23,147793,157379.0,141357.0,157163.0,159311.0,147770.0,131611.0,149586.0,144675.0,158474.0,163751.0,145875.57142857142,139150.96666666667
2026-01-24,157379,158518.0,147793.0,141357.0,157163.0,135687.0,124407.0,142054.0,141672.0,152191.0,158474.0,145878.85714285713,139757.1
2026-01-25,158518,158536.0,157379.0,147793.0,141357.0,135378.0,123791.0,137177.0,139276.0,140892.0,152191.0,148977.7142857143,140819.7
2026-01-26,158536,164913.0,158518.0,157379.0,147793.0,144463.0,139994.0,147156.0,137425.0,133314.0,140892.0,152283.42857142858,141281.13333333333
2026-01-27,164913,165792.0,158536.0,158518.0,157379.0,159311.0,136382.0,140715.0,145980.0,140952.0,133314.0,154293.85714285713,141843.26666666666
2026-01-28,165792,167750.0,164913.0,158536.0,158518.0,157163.0,132625.0,135476.0,143554.0,139044.0,140952.0,155094.14285714287,142697.83333333334
2026-01-29,167750,171429.0,165792.0,164913.0,158536.0,141357.0,136070.0,131479.0,137185.0,134715.0,139044.0,156326.85714285713,143643.4
2026-01-30,171429,161344.0,167750.0,165792.0,164913.0,147793.0,147770.0,131611.0,149586.0,142000.0,134715.0,160097.2857142857,144369.06666666668
2026-01-31,161344,161808.0,171429.0,167750.0,165792.0,157379.0,135687.0,124407.0,142054.0,135834.0,142000.0,163473.85714285713,145298.23333333334
2026-02-01,161808,163670.0,161344.0,171429.0,167750.0,158518.0,135378.0,123791.0,137177.0,127718.0,135834.0,164040.2857142857,146103.53333333333
2026-02-02,163670,157397.0,161808.0,161344.0,171429.0,158536.0,144463.0,139994.0,147156.0,137918.0,127718.0,164510.2857142857,146510.93333333332
2026-02-03,157397,153467.0,163670.0,161808.0,161344.0,164913.0,159311.0,136382.0,140715.0,138613.0,137918.0,165243.7142857143,147231.46666666667
2026-02-04,153467,154649.0,157397.0,163670.0,161808.0,165792.0,157163.0,132625.0,135476.0,134272.0,138613.0,164170.0,147905.46666666667
2026-02-05,154649,153241.0,153467.0,157397.0,163670.0,167750.0,141357.0,136070.0,131479.0,142456.0,134272.0,162409.2857142857,148115.83333333334
2026-02-06,153241,158768.0,154649.0,153467.0,157397.0,171429.0,147793.0,147770.0,131611.0,143000.0,142456.0,160537.7142857143,148580.3
2026-02-07,158768,168789.0,153241.0,154649.0,153467.0,161344.0,157379.0,135687.0,124407.0,137067.0,143000.0,157939.42857142858,149172.46666666667
2026-02-08,168789,123602.0,158768.0,153241.0,154649.0,161808.0,158518.0,135378.0,123791.0,134576.0,137067.0,157571.42857142858,150082.1
2026-02-09,123602,157201.0,168789.0,158768.0,153241.0,163670.0,158536.0,144463.0,139994.0,133632.0,134576.0,158568.7142857143,151321.36666666667
2026-02-10,157201,148262.0,123602.0,168789.0,158768.0,157397.0,164913.0,159311.0,136382.0,141563.0,133632.0,152844.7142857143,151294.53333333333
2026-02-11,148262,148729.0,157201.0,123602.0,168789.0,153467.0,165792.0,157163.0,132625.0,143792.0,141563.0,152816.7142857143,152408.2
2026-02-12,148729,148302.0,148262.0,157201.0,123602.0,154649.0,167750.0,141357.0,136070.0,143896.0,143792.0,152073.14285714287,152683.8
2026-02-13,148302,133251.0,148729.0,148262.0,157201.0,153241.0,171429.0,147793.0,147770.0,138821.0,143896.0,151227.42857142858,153095.36666666667
2026-02-14,133251,130033.0,148302.0,148729.0,148262.0,158768.0,161344.0,157379.0,135687.0,139145.0,138821.0,150521.85714285713,153617.93333333332
2026-02-15,130033,138805.0,133251.0,148302.0,148729.0,168789.0,161808.0,158518.0,135378.0,133710.0,139145.0,146876.57142857142,153523.96666666667
2026-02-16,138805,139588.0,130033.0,133251.0,148302.0,123602.0,163670.0,158536.0,144463.0,128848.0,133710.0,141340.0,152932.73333333334
2026-02-17,139588,139028.0,138805.0,130033.0,133251.0,157201.0,157397.0,164913.0,159311.0,135372.0,128848.0,143511.85714285713,153036.66666666666
2026-02-18,139028,137720.0,139588.0,138805.0,130033.0,148262.0,153467.0,165792.0,157163.0,149301.0,135372.0,140995.7142857143,153177.0
2026-02-19,137720,141220.0,139028.0,139588.0,138805.0,148729.0,154649.0,167750.0,141357.0,151311.0,149301.0,139676.57142857142,152995.83333333334
2026-02-20,141220,127162.0,137720.0,139028.0,139588.0,148302.0,153241.0,171429.0,147793.0,151112.0,151311.0,138103.85714285713,152276.13333333333
2026-02-21,127162,134586.0,141220.0,137720.0,139028.0,133251.0,158768.0,161344.0,157379.0,148799.0,151112.0,137092.14285714287,151744.7
2026-02-22,134586,141934.0,127162.0,141220.0,137720.0,130033.0,168789.0,161808.0,158518.0,135218.0,148799.0,136222.2857142857,151271.53333333333
2026-02-23,141934,148110.0,134586.0,127162.0,141220.0,138805.0,123602.0,163670.0,158536.0,125821.0,135218.0,136872.7142857143,150831.3
2026-02-24,148110,144703.0,141934.0,134586.0,127162.0,139588.0,157201.0,157397.0,164913.0,131554.0,125821.0,137319.7142857143,150316.46666666667
2026-02-25,144703,138346.0,148110.0,141934.0,134586.0,139028.0,148262.0,153467.0,165792.0,127889.0,131554.0,138537.14285714287,149969.53333333333
2026-02-26,138346,137460.0,144703.0,148110.0,141934.0,137720.0,148729.0,154649.0,167750.0,124760.0,127889.0,139347.85714285713,149508.43333333332
2026-02-27,137460,124937.0,138346.0,144703.0,148110.0,141220.0,148302.0,153241.0,171429.0,126313.0,124760.0,139437.2857142857,148622.86666666667
2026-02-28,124937,126845.0,137460.0,138346.0,144703.0,127162.0,133251.0,158768.0,161344.0,124313.0,126313.0,138900.14285714287,147678.46666666667
2026-03-01,126845,145422.0,124937.0,137460.0,138346.0,134586.0,130033.0,168789.0,161808.0,116852.0,124313.0,138582.2857142857,146251.36666666667
2026-03-02,145422,146002.0,126845.0,124937.0,137460.0,141934.0,138805.0,123602.0,163670.0,128568.0,116852.0,137476.42857142858,144765.23333333334
2026-03-03,146002,136581.0,145422.0,126845.0,124937.0,148110.0,139588.0,157201.0,157397.0,139878.0,128568.0,137974.7142857143,144234.5
2026-03-04,136581,136793.0,146002.0,145422.0,126845.0,144703.0,139028.0,148262.0,153467.0,133459.0,139878.0,137673.57142857142,143707.63333333333
2026-03-05,136793,137316.0,136581.0,146002.0,145422.0,138346.0,137720.0,148729.0,154649.0,129854.0,133459.0,136513.2857142857,142804.66666666666
2026-03-06,137316,125526.0,136793.0,136581.0,146002.0,137460.0,141220.0,148302.0,153241.0,126880.0,129854.0,136291.42857142858,142117.86666666667
2026-03-07,125526,112106.0,137316.0,136793.0,136581.0,124937.0,127162.0,133251.0,158768.0,129991.0,126880.0,136270.85714285713,141579.5
2026-03-08,112106,122073.0,125526.0,137316.0,136793.0,126845.0,134586.0,130033.0,168789.0,119641.0,129991.0,136355.0,140608.73333333334
2026-03-09,122073,122828.0,112106.0,125526.0,137316.0,145422.0,141934.0,138805.0,123602.0,114224.0,119641.0,134249.42857142858,139237.56666666668
2026-03-10,122828,122202.0,122073.0,112106.0,125526.0,146002.0,148110.0,139588.0,157201.0,123219.0,114224.0,130913.85714285714,138014.4
2026-03-11,122202,127919.0,122828.0,122073.0,112106.0,136581.0,144703.0,139028.0,148262.0,121180.0,123219.0,127603.28571428571,136482.36666666667
2026-03-12,127919,131991.0,122202.0,122828.0,122073.0,136793.0,138346.0,137720.0,148729.0,122667.0,121180.0,125549.14285714286,136435.7
2026-03-13,131991,119391.0,127919.0,122202.0,122828.0,137316.0,137460.0,141220.0,148302.0,124345.0,122667.0,124281.42857142857,135459.63333333333
2026-03-14,119391,121555.0,131991.0,127919.0,122202.0,125526.0,124937.0,127162.0,133251.0,123000.0,124345.0,123520.71428571429,134917.26666666666
2026-03-15,121555,129247.0,119391.0,131991.0,127919.0,112106.0,126845.0,134586.0,130033.0,116401.0,123000.0,122644.28571428571,133939.33333333334
2026-03-16,129247,131201.0,121555.0,119391.0,131991.0,122073.0,145422.0,141934.0,138805.0,113147.0,116401.0,123994.14285714286,133047.76666666666
2026-03-17,131201,138916.0,129247.0,121555.0,119391.0,122828.0,146002.0,148110.0,139588.0,123262.0,113147.0,125019.0,132914.3
2026-03-18,138916,137028.0,131201.0,129247.0,121555.0,122202.0,136581.0,144703.0,139028.0,123481.0,123262.0,126215.14285714286,132953.23333333334
2026-03-19,137028,127087.0,138916.0,131201.0,129247.0,127919.0,136793.0,138346.0,137720.0,120561.0,123481.0,128602.85714285714,132956.93333333332
2026-03-20,127087,113880.0,137028.0,138916.0,131201.0,131991.0,137316.0,137460.0,141220.0,123221.0,120561.0,129904.14285714286,132871.6
2026-03-21,113880,113792.0,127087.0,137028.0,138916.0,119391.0,125526.0,124937.0,127162.0,122404.0,123221.0,129203.57142857143,132473.56666666668
2026-03-22,113792,129528.0,113880.0,127087.0,137028.0,121555.0,112106.0,126845.0,134586.0,112022.0,122404.0,128416.28571428571,131678.9
2026-03-23,129528,129564.0,113792.0,113880.0,127087.0,129247.0,122073.0,145422.0,141934.0,114056.0,112022.0,127307.28571428571,130764.63333333333
2026-03-24,129564,127128.0,129528.0,113792.0,113880.0,131201.0,122828.0,146002.0,148110.0,127893.0,114056.0,127347.42857142857,130843.5
2026-03-25,127128,123180.0,129564.0,129528.0,113792.0,138916.0,122202.0,136581.0,144703.0,121515.0,127893.0,127113.57142857143,130676.1
2026-03-26,123180,120795.0,127128.0,129564.0,129528.0,137028.0,127919.0,136793.0,138346.0,123497.0,121515.0,125429.57142857143,130182.56666666667
2026-03-27,120795,117416.0,123180.0,127128.0,129564.0,127087.0,131991.0,137316.0,137460.0,124724.0,123497.0,123451.28571428571,129351.56666666667
2026-03-28,117416,115385.0,120795.0,123180.0,127128.0,113880.0,119391.0,125526.0,124937.0,121114.0,124724.0,122552.42857142857,128554.63333333333
2026-03-29,115385,122280.0,117416.0,120795.0,123180.0,113792.0,121555.0,112106.0,126845.0,111190.0,121114.0,123057.57142857143,127856.96666666666
2026-03-30,122280,123870.0,115385.0,117416.0,120795.0,129528.0,129247.0,122073.0,145422.0,111937.0,111190.0,123285.14285714286,127121.13333333333
2026-03-31,123870,126663.0,122280.0,115385.0,117416.0,129564.0,131201.0,122828.0,146002.0,121348.0,111937.0,122249.71428571429,127032.56666666667
2026-04-01,126663,121797.0,123870.0,122280.0,115385.0,127128.0,138916.0,122202.0,136581.0,120568.0,121348.0,121436.28571428571,126933.4
2026-04-02,121797,118981.0,126663.0,123870.0,122280.0,123180.0,137028.0,127919.0,136793.0,124319.0,120568.0,121369.85714285714,126308.1
2026-04-03,118981,110951.0,121797.0,126663.0,123870.0,120795.0,127087.0,131991.0,137316.0,124965.0,124319.0,121172.28571428571,125501.26666666666
2026-04-04,110951,110954.0,118981.0,121797.0,126663.0,117416.0,113880.0,119391.0,125526.0,120836.0,124965.0,120913.14285714286,124914.6
2026-04-05,110954,119261.0,110951.0,118981.0,121797.0,115385.0,113792.0,121555.0,112106.0,112385.0,120836.0,119989.57142857143,124053.2
2026-04-06,119261,120267.0,110954.0,110951.0,118981.0,122280.0,129528.0,129247.0,122073.0,111365.0,112385.0,119356.57142857143,123174.46666666666
2026-04-07,120267,125623.0,119261.0,110954.0,110951.0,123870.0,129564.0,131201.0,122828.0,126114.0,111365.0,118925.28571428571,122965.63333333333
2026-04-08,125623,123174.0,120267.0,119261.0,110954.0,126663.0,127128.0,138916.0,122202.0,124593.0,126114.0,118410.57142857143,123237.66666666667
2026-04-09,123174,119401.0,125623.0,120267.0,119261.0,121797.0,123180.0,137028.0,127919.0,126538.0,124593.0,118262.0,123356.0
2026-04-10,119401,108568.0,123174.0,125623.0,120267.0,118981.0,120795.0,127087.0,131991.0,125031.0,126538.0,118458.71428571429,123367.53333333334
2026-04-11,108568,108137.0,119401.0,123174.0,125623.0,110951.0,117416.0,113880.0,119391.0,125921.0,125031.0,118518.71428571429,123274.16666666667
2026-04-12,108137,122943.0,108568.0,119401.0,123174.0,110954.0,115385.0,113792.0,121555.0,121060.0,125921.0,118178.28571428571,122629.13333333333
2026-04-13,122943,133683.0,108137.0,108568.0,119401.0,119261.0,122280.0,129528.0,129247.0,113135.0,121060.0,117775.85714285714,121834.0
2026-04-14,133683,146994.0,122943.0,108137.0,108568.0,120267.0,123870.0,129564.0,131201.0,119372.0,113135.0,118301.85714285714,121952.4
2026-04-15,146994,153386.0,133683.0,122943.0,108137.0,125623.0,126663.0,127128.0,138916.0,118493.0,119372.0,120218.42857142857,122356.66666666667
2026-04-16,153386,145543.0,146994.0,133683.0,122943.0,123174.0,121797.0,123180.0,137028.0,120731.0,118493.0,123271.42857142857,122948.23333333334
2026-04-17,145543,115755.0,153386.0,146994.0,133683.0,119401.0,118981.0,120795.0,127087.0,117844.0,120731.0,127587.42857142857,123687.73333333334
2026-04-18,115755,119796.0,145543.0,153386.0,146994.0,108568.0,110951.0,117416.0,113880.0,112731.0,117844.0,131322.0,123908.63333333333
2026-04-19,119796,120361.0,115755.0,145543.0,153386.0,108137.0,110954.0,115385.0,113792.0,110705.0,112731.0,132348.7142857143,123199.53333333334
2026-04-20,120361,121892.0,119796.0,115755.0,145543.0,122943.0,119261.0,122280.0,129528.0,105506.0,110705.0,134014.2857142857,122956.5
2026-04-21,121892,123398.0,120361.0,119796.0,115755.0,133683.0,120267.0,123870.0,129564.0,115936.0,105506.0,133645.42857142858,123172.53333333334
2026-04-22,123398,121580.0,121892.0,120361.0,119796.0,146994.0,125623.0,126663.0,127128.0,119855.0,115936.0,131961.0,123442.53333333334
2026-04-23,121580,117790.0,123398.0,121892.0,120361.0,153386.0,123174.0,121797.0,123180.0,118275.0,119855.0,128590.14285714286,123238.2
2026-04-24,117790,113575.0,121580.0,123398.0,121892.0,145543.0,119401.0,118981.0,120795.0,120123.0,118275.0,124046.42857142857,122972.06666666667
2026-04-25,113575,109962.0,117790.0,121580.0,123398.0,115755.0,108568.0,110951.0,117416.0,121004.0,120123.0,120081.71428571429,122660.8
2026-04-26,109962,118154.0,113575.0,117790.0,121580.0,119796.0,108137.0,110954.0,115385.0,114466.0,121004.0,119770.28571428571,122340.63333333333
2026-04-27,118154,118536.0,109962.0,113575.0,117790.0,120361.0,122943.0,119261.0,122280.0,104430.0,114466.0,118365.42857142857,121979.53333333334
2026-04-28,118536,117697.0,118154.0,109962.0,113575.0,121892.0,133683.0,120267.0,123870.0,116337.0,104430.0,118050.14285714286,122004.13333333333
2026-04-29,117697,119845.0,118536.0,118154.0,109962.0,123398.0,146994.0,125623.0,126663.0,119517.0,116337.0,117570.71428571429,122109.16666666667
2026-04-30,119845,116009.0,117697.0,118536.0,118154.0,121580.0,153386.0,123174.0,121797.0,122936.0,119517.0,116756.28571428571,121956.4
2026-05-01,116009,108112.0,119845.0,117697.0,118536.0,117790.0,145543.0,119401.0,118981.0,117885.0,122936.0,116508.42857142857,121822.23333333334
2026-05-02,108112,105987.0,116009.0,119845.0,117697.0,113575.0,115755.0,108568.0,110951.0,126382.0,117885.0,116254.0,121467.1
2026-05-03,105987,117329.0,108112.0,116009.0,119845.0,109962.0,119796.0,108137.0,110954.0,124931.0,126382.0,115473.57142857143,121010.93333333333
2026-05-04,117329,123395.0,105987.0,108112.0,116009.0,118154.0,120361.0,122943.0,119261.0,119015.0,124931.0,114905.71428571429,120577.8
2026-05-05,123395,124997.0,117329.0,105987.0,108112.0,118536.0,121892.0,133683.0,120267.0,126087.0,119015.0,114787.85714285714,120790.4
2026-05-06,124997,117300.0,123395.0,117329.0,105987.0,117697.0,123398.0,146994.0,125623.0,123091.0,126087.0,115482.0,121205.1
2026-05-07,117300,115723.0,124997.0,123395.0,117329.0,119845.0,121580.0,153386.0,123174.0,122733.0,123091.0,116524.85714285714,121396.3
2026-05-08,115723,109302.0,117300.0,124997.0,123395.0,116009.0,117790.0,145543.0,119401.0,127167.0,122733.0,116161.28571428571,121297.4
2026-05-09,109302,107724.0,115723.0,117300.0,124997.0,108112.0,113575.0,115755.0,108568.0,122058.0,127167.0,116120.42857142857,120967.4
2026-05-10,107724,116863.0,109302.0,115723.0,117300.0,105987.0,109962.0,119796.0,108137.0,108490.0,122058.0,116290.42857142857,120505.0
2026-05-11,116863,111986.0,107724.0,109302.0,115723.0,117329.0,118154.0,120361.0,122943.0,110675.0,108490.0,116538.57142857143,120115.76666666666
2026-05-12,111986,118261.0,116863.0,107724.0,109302.0,123395.0,118536.0,121892.0,133683.0,122303.0,110675.0,116472.0,120392.26666666666
2026-05-13,118261,117634.0,111986.0,116863.0,107724.0,124997.0,117697.0,123398.0,146994.0,126915.0,122303.0,114842.14285714286,120520.56666666667
2026-05-14,117634,115623.0,118261.0,111986.0,116863.0,117300.0,119845.0,121580.0,153386.0,124548.0,126915.0,113879.85714285714,120364.5
2026-05-15,115623,111517.0,117634.0,118261.0,111986.0,115723.0,116009.0,117790.0,145543.0,126488.0,124548.0,113927.57142857143,119829.53333333334
2026-05-16,111517,126112.0,115623.0,117634.0,118261.0,109302.0,108112.0,113575.0,115755.0,128714.0,126488.0,113913.28571428571,118783.83333333333
2026-05-17,126112,152363.0,111517.0,115623.0,117634.0,107724.0,105987.0,109962.0,119796.0,124344.0,128714.0,114229.71428571429,117388.2
2026-05-18,152363,177062.0,126112.0,111517.0,115623.0,116863.0,117329.0,118154.0,120361.0,115976.0,124344.0,116856.57142857143,116740.5
2026-05-19,177062,185679.0,152363.0,126112.0,111517.0,111986.0,123395.0,118536.0,121892.0,121522.0,115976.0,121928.0,117960.76666666666
2026-05-20,185679,137938.0,177062.0,152363.0,126112.0,118261.0,124997.0,117697.0,123398.0,117473.0,121522.0,131224.57142857142,119869.63333333333
2026-05-21,137938,119653.0,185679.0,177062.0,152363.0,117634.0,117300.0,119845.0,121580.0,118992.0,117473.0,140855.7142857143,122046.9
2026-05-22,119653,108661.0,137938.0,185679.0,177062.0,115623.0,115723.0,116009.0,117790.0,118919.0,118992.0,143756.2857142857,122581.76666666666
2026-05-23,108661,107077.0,119653.0,137938.0,185679.0,111517.0,109302.0,108112.0,113575.0,116114.0,118919.0,144332.0,122456.93333333333
2026-05-24,107077,112337.0,108661.0,119653.0,137938.0,126112.0,107724.0,105987.0,109962.0,104717.0,116114.0,143924.0,122026.3
2026-05-25,112337,129515.0,107077.0,108661.0,119653.0,152363.0,116863.0,117329.0,118154.0,102086.0,104717.0,141204.7142857143,121669.2
2026-05-26,129515,141882.0,112337.0,107077.0,108661.0,177062.0,111986.0,123395.0,118536.0,106014.0,102086.0,135486.7142857143,121627.93333333333
2026-05-27,141882,137328.0,129515.0,112337.0,107077.0,185679.0,118261.0,124997.0,117697.0,121983.0,106014.0,128694.28571428571,122279.7
2026-05-28,137328,128653.0,141882.0,129515.0,112337.0,137938.0,117634.0,117300.0,119845.0,120406.0,121983.0,122437.57142857143,123070.63333333333
2026-05-29,128653,110629.0,137328.0,141882.0,129515.0,119653.0,115623.0,115723.0,116009.0,120828.0,120406.0,122350.42857142857,123697.03333333334
2026-05-30,110629,109630.0,128653.0,137328.0,141882.0,108661.0,111517.0,109302.0,108112.0,125112.0,120828.0,123636.14285714286,124062.23333333334
2026-05-31,109630,123979.0,110629.0,128653.0,137328.0,107077.0,126112.0,107724.0,105987.0,111781.0,125112.0,123917.28571428571,123755.03333333334
2026-06-01,123979,124713.0,109630.0,110629.0,128653.0,112337.0,152363.0,116863.0,117329.0,105414.0,111781.0,124282.0,123542.4
2026-06-02,124713,135352.0,123979.0,109630.0,110629.0,129515.0,177062.0,111986.0,123395.0,118081.0,105414.0,125945.14285714286,124071.3
2026-06-03,135352,143970.0,124713.0,123979.0,109630.0,141882.0,185679.0,118261.0,124997.0,124438.0,118081.0,125259.14285714286,124695.5
2026-06-04,143970,156789.0,135352.0,124713.0,123979.0,137328.0,137938.0,117634.0,117300.0,135370.0,124438.0,124326.28571428571,125296.26666666666
2026-06-05,156789,157200.0,143970.0,135352.0,124713.0,128653.0,119653.0,115623.0,115723.0,155171.0,135370.0,125275.14285714286,125982.1
2026-06-06,157200,148783.0,156789.0,143970.0,135352.0,110629.0,108661.0,111517.0,109302.0,163674.0,155171.0,129294.57142857143,127041.83333333333
2026-06-07,148783,143172.0,157200.0,156789.0,143970.0,109630.0,107077.0,126112.0,107724.0,146003.0,163674.0,135947.57142857142,128371.83333333333
2026-06-08,143172,140591.0,148783.0,157200.0,156789.0,123979.0,112337.0,152363.0,116863.0,129797.0,146003.0,141540.85714285713,129473.83333333333
2026-06-09,140591,159098.0,143172.0,148783.0,157200.0,124713.0,129515.0,177062.0,111986.0,132373.0,129797.0,144282.7142857143,130602.83333333333
2026-06-10,159098,192922.0,140591.0,143172.0,148783.0,135352.0,141882.0,185679.0,118261.0,135361.0,132373.0,146551.0,131698.4
2026-06-11,192922,196568.0,159098.0,140591.0,143172.0,143970.0,137328.0,137938.0,117634.0,145591.0,135361.0,149943.2857142857,133106.23333333334
2026-06-12,196568,168074.0,192922.0,159098.0,140591.0,156789.0,128653.0,119653.0,115623.0,162527.0,145591.0,156936.42857142858,135804.1
2026-06-13,168074,165353.0,196568.0,192922.0,159098.0,157200.0,110629.0,108661.0,111517.0,150301.0,162527.0,162619.14285714287,138414.33333333334
2026-06-14,165353,157180.0,168074.0,196568.0,192922.0,148783.0,109630.0,107077.0,126112.0,123122.0,150301.0,164172.57142857142,140095.66666666666
2026-06-15,157180,140105.0,165353.0,168074.0,196568.0,143172.0,123979.0,112337.0,152363.0,112305.0,123122.0,166539.7142857143,141753.33333333334
2026-06-16,140105,146486.0,157180.0,165353.0,168074.0,140591.0,124713.0,129515.0,177062.0,125975.0,112305.0,168540.85714285713,143275.43333333332
2026-06-17,146486,162283.0,140105.0,157180.0,165353.0,159098.0,135352.0,141882.0,185679.0,129939.0,125975.0,168471.42857142858,143741.86666666667
2026-06-18,162283,150465.0,146486.0,140105.0,157180.0,192922.0,143970.0,137328.0,137938.0,145154.0,129939.0,166669.7142857143,143545.96666666667
2026-06-19,150465,136454.0,162283.0,146486.0,140105.0,196568.0,156789.0,128653.0,119653.0,164136.0,145154.0,162292.7142857143,143053.33333333334
2026-06-20,136454,139199.0,150465.0,162283.0,146486.0,168074.0,157200.0,110629.0,108661.0,155298.0,164136.0,155706.57142857142,141879.53333333333
2026-06-21,139199,154211.0,136454.0,150465.0,162283.0,165353.0,148783.0,109630.0,107077.0,154490.0,155298.0,151189.42857142858,141830.06666666668
2026-06-22,154211,150402.0,139199.0,136454.0,150465.0,157180.0,143172.0,123979.0,112337.0,166019.0,154490.0,147453.14285714287,142481.6
2026-06-23,150402,148706.0,154211.0,139199.0,136454.0,140105.0,140591.0,124713.0,129515.0,212749.0,166019.0,147029.0,143999.93333333332
2026-06-24,148706,154773.0,150402.0,154211.0,139199.0,146486.0,159098.0,135352.0,141882.0,225312.0,212749.0,148500.0,145444.1
2026-06-25,154773,160036.0,148706.0,150402.0,154211.0,162283.0,192922.0,143970.0,137328.0,229325.0,225312.0,148817.14285714287,146656.4
2026-06-26,160036,148136.0,154773.0,148706.0,150402.0,150465.0,196568.0,156789.0,128653.0,182257.0,229325.0,147744.2857142857,147498.33333333334
2026-06-27,148136,147783.0,160036.0,154773.0,148706.0,136454.0,168074.0,157200.0,110629.0,141689.0,182257.0,149111.57142857142,148103.46666666667
2026-06-28,147783,171418.0,148136.0,160036.0,154773.0,139199.0,165353.0,148783.0,109630.0,142830.0,141689.0,150780.42857142858,148463.73333333334
2026-06-29,171418,181370.0,147783.0,148136.0,160036.0,154211.0,157180.0,143172.0,123979.0,170642.0,142830.0,152006.7142857143,149101.4
2026-06-30,181370,196441.0,171418.0,147783.0,148136.0,150402.0,140105.0,140591.0,124713.0,189393.0,170642.0,154464.85714285713,151127.7
2026-07-01,196441,222168.0,181370.0,171418.0,147783.0,148706.0,146486.0,159098.0,135352.0,192891.0,189393.0,158888.85714285713,153519.03333333333
2026-07-02,222168,213418.0,196441.0,181370.0,171418.0,154773.0,162283.0,192922.0,143970.0,179985.0,192891.0,165708.14285714287,155934.43333333332
2026-07-03,213418,193459.0,222168.0,196441.0,181370.0,160036.0,150465.0,196568.0,156789.0,176397.0,179985.0,175336.0,159182.93333333332
2026-07-04,193459,175753.0,213418.0,222168.0,196441.0,148136.0,136454.0,168074.0,157200.0,145526.0,176397.0,182962.0,161785.13333333333
2026-07-05,175753,162008.0,193459.0,213418.0,222168.0,147783.0,139199.0,165353.0,148783.0,148963.0,145526.0,189436.7142857143,163434.76666666666
2026-07-06,162008,144005.0,175753.0,193459.0,213418.0,171418.0,154211.0,157180.0,143172.0,161911.0,148963.0,193432.42857142858,164066.9
2026-07-07,144005,156301.0,162008.0,175753.0,193459.0,181370.0,150402.0,140105.0,140591.0,194399.0,161911.0,192088.14285714287,164227.16666666666
2026-07-08,156301,170286.0,144005.0,162008.0,175753.0,196441.0,148706.0,146486.0,159098.0,205336.0,194399.0,186750.2857142857,164067.9
2026-07-09,170286,178647.0,156301.0,144005.0,162008.0,222168.0,154773.0,162283.0,192922.0,200050.0,205336.0,181016.0,164505.53333333333
2026-07-10,178647,158537.0,170286.0,156301.0,144005.0,213418.0,160036.0,150465.0,196568.0,184139.0,200050.0,173604.2857142857,165495.36666666667
2026-07-11,158537,149581.0,178647.0,170286.0,156301.0,193459.0,148136.0,136454.0,168074.0,181568.0,184139.0,168637.0,166147.0
2026-07-12,149581,169250.0,158537.0,178647.0,170286.0,175753.0,147783.0,139199.0,165353.0,168248.0,181568.0,163648.14285714287,165000.83333333334
2026-07-13,169250,184744.0,149581.0,158537.0,178647.0,162008.0,171418.0,154211.0,157180.0,164300.0,168248.0,159909.2857142857,163434.6
2026-07-14,184744,204187.0,169250.0,149581.0,158537.0,144005.0,181370.0,150402.0,140105.0,190918.0,164300.0,160943.85714285713,163473.8
2026-07-15,204187,186030.0,184744.0,169250.0,149581.0,156301.0,196441.0,148706.0,146486.0,190418.0,190918.0,166763.7142857143,164120.16666666666
2026-07-16,186030,175437.0,204187.0,184744.0,169250.0,170286.0,222168.0,154773.0,162283.0,203650.0,190418.0,173604.57142857142,165687.06666666668
2026-07-17,175437,159743.0,186030.0,204187.0,184744.0,178647.0,213418.0,160036.0,150465.0,205418.0,203650.0,175853.7142857143,167217.9
2026-07-18,159743,149697.0,175437.0,186030.0,204187.0,158537.0,193459.0,148136.0,136454.0,179961.0,205418.0,175395.14285714287,168182.93333333332
2026-07-19,149697,155155.0,159743.0,175437.0,186030.0,149581.0,175753.0,147783.0,139199.0,160063.0,179961.0,175567.42857142858,168098.26666666666
2026-07-20,155155,171529.0,149697.0,159743.0,175437.0,169250.0,162008.0,171418.0,154211.0,175740.0,160063.0,175584.0,168072.66666666666
2026-07-21,171529,176114.0,155155.0,149697.0,159743.0,184744.0,144005.0,181370.0,150402.0,182756.0,175740.0,173570.42857142858,168696.03333333333
